school_name,major_name,notice_title,source_relative_url,published_date,province,school_type,school_attribute,notice_id,snapshot_year,freshness_status,official_verification_required,state,data_nature
北方民族大学,电子科学与技术、电子信息,2021年北方民族大学“电子科学与技术”和“电子信息”..,/tiaoji/schooldetail/id/28535.shtml,2021-03-09,宁夏,民族类,"中央部委高校


丝绸之路大学联盟成员",B022-TJ-0001,2021,历史快照,True,待回源核验,用户提供的 2021 年调剂信息快照
上海船舶运输科学研究所,轮机工程、通信与信息系统..,上海船舶运输科学研究所2021年硕士研究生招生调剂信息,/tiaoji/schooldetail/id/29191.shtml,2021-03-08,上海,,,B022-TJ-0002,2021,历史快照,True,待回源核验,用户提供的 2021 年调剂信息快照
北华大学,基础数学、计算数学、概率..,北华大学数学与统计学院2021年硕士研究生招生预调剂信..,/tiaoji/schooldetail/id/29189.shtml,2021-03-08,吉林,综合,"（2012年）
（2014年
全国高校实践育人创新创业基地（2015年）
（2017年）
（2014年）",B022-TJ-0003,2021,历史快照,True,待回源核验,用户提供的 2021 年调剂信息快照
佛山科学技术学院,机械工程、光学工程、材料..,佛山科学技术学院2021年硕士研究生预调剂公告(一),/tiaoji/schooldetail/id/29187.shtml,2021-03-08,湖南,,,B022-TJ-0004,2021,历史快照,True,待回源核验,用户提供的 2021 年调剂信息快照
武汉轻工大学,机械工程、机械、农业工程..,武汉轻工大学机械工程学院2021硕士研究生预调剂通知,/tiaoji/schooldetail/id/29185.shtml,2021-03-08,湖北,理工,"国家粮食和物资储备局与湖北省人民政府共建高校（2018）
湖北省国内一流学科建设高校（2018）
第一批卓越农林人才教育培养计划（2014）",B022-TJ-0005,2021,历史快照,True,待回源核验,用户提供的 2021 年调剂信息快照
三峡大学,数学、物理学、应用统计,浙江科技学院理学院/曙光大数据学院接收2021级研究生..,/tiaoji/schooldetail/id/29183.shtml,2021-03-08,广东,综合,"国家水利部和湖北省共建大学（2009）
教育部第二批“卓越工程师教育培养计划”高校（2011）
中西部高校基础能力建设工程（二期）（2016）
湖北省“国内一流大学”建设高校（2018）",B022-TJ-0006,2021,历史快照,True,待回源核验,用户提供的 2021 年调剂信息快照
太原科技大学,光学工程、电子信息,2021年太原科技大学光学工程学科(含电子信息) 接收研..,/tiaoji/schooldetail/id/29181.shtml,2021-03-08,山西,理工,"全日制普通本科院校
国家（2016年）
教育部（2016年）
教育部实施高校（2018年）",B022-TJ-0007,2021,历史快照,True,待回源核验,用户提供的 2021 年调剂信息快照
湖南工业大学,电气工程,湖南工业大学电气与信息工程学院2021年研究生招生拟接..,/tiaoji/schooldetail/id/29179.shtml,2021-03-08,湖南,理工类,"国家工商行政管理总局与湖南省共建高校（2018年）
服务国家特殊需求博士人才培养项目（2013年）
湖南省2011计划（2014年）

湖南省国内一流学科建设高校（2018年）",B022-TJ-0008,2021,历史快照,True,待回源核验,用户提供的 2021 年调剂信息快照
西华师范大学,地理学,西华师范大学国土资源学院2021年地理学研究生预调剂信..,/tiaoji/schooldetail/id/29177.shtml,2021-03-08,四川,综合（师范）类,四川省属重点大学,B022-TJ-0009,2021,历史快照,True,待回源核验,用户提供的 2021 年调剂信息快照
合肥师范学院,教育硕士,合肥师范学院2021年教育硕士专业学位调剂信息,/tiaoji/schooldetail/id/29175.shtml,2021-03-08,安徽,师范,"（2014年）
安徽省（2014年）
“十三五”应用型本科产教融合工程实施高校
安徽省“三全育人”综合改革试点高校",B022-TJ-0010,2021,历史快照,True,待回源核验,用户提供的 2021 年调剂信息快照
冶金自动化研究设计院,控制科学与工程、电气工程,冶金自动化研究设计院2021年招收硕士研究生调剂信息,/tiaoji/schooldetail/id/29173.shtml,2021-03-08,北京,,,B022-TJ-0011,2021,历史快照,True,待回源核验,用户提供的 2021 年调剂信息快照
上海应用技术大学,生态学、风景园林、材料与..,2021年上海应用技术大学生态技术与工程学院考研调剂信..,/tiaoji/schooldetail/id/29169.shtml,2021-03-08,上海,理工,"应用技术大学（学院）联盟
卓越工程师教育培养计划
上海市
全国100所应用型示范本科高校建设单位
上海高水平地方应用型高校",B022-TJ-0012,2021,历史快照,True,待回源核验,用户提供的 2021 年调剂信息快照
青岛大学,电气工程及其自动化,青岛大学电气工程学科2021年研究生招生预调剂信息,/tiaoji/schooldetail/id/29167.shtml,2021-03-08,山东,综合类,"（2011年） 
（2012年）
（2013年）",B022-TJ-0013,2021,历史快照,True,待回源核验,用户提供的 2021 年调剂信息快照
中国运载火箭技术研究院,仪器科学与技术,中国运载火箭技术研究院第102研究所2021年硕士招生（..,/tiaoji/schooldetail/id/29165.shtml,2021-03-08,北京,,,B022-TJ-0014,2021,历史快照,True,待回源核验,用户提供的 2021 年调剂信息快照
广西大学,哲学、应用经济学、法学、..,2021年广西大学硕士研究生招生考试复试调剂公告,/tiaoji/schooldetail/id/29163.shtml,2021-03-08,广西,综合类,"（2017年）
（1999年）
 （2004年）  
（2011年）
（2012年）",B022-TJ-0015,2021,历史快照,True,待回源核验,用户提供的 2021 年调剂信息快照
北华大学,马克思主义基本原理、马克..,北华大学马克思主义学院2021年硕士研究生预调剂通知,/tiaoji/schooldetail/id/29161.shtml,2021-03-08,吉林,综合,"（2012年）
（2014年
全国高校实践育人创新创业基地（2015年）
（2017年）
（2014年）",B022-TJ-0016,2021,历史快照,True,待回源核验,用户提供的 2021 年调剂信息快照
河北工程大学,材料与化工,2021年河北工程大学材料与化工(专硕)调剂信息,/tiaoji/schooldetail/id/29159.shtml,2021-03-08,河北,理工,"省属重点骨干大学（2011年）
（2010年） 
（2016年） 
河北省国家一流大学建设二层次高校（2016年）
应急管理学院建设首批试点学校（2020年）",B022-TJ-0017,2021,历史快照,True,待回源核验,用户提供的 2021 年调剂信息快照
中科院宁波材料技术与工程研究所,有机合成、高分子合成方向,2021年宁波大学与中科院宁波材料所材料及化工类招收调..,/tiaoji/schooldetail/id/29157.shtml,2021-03-08,北京,,,B022-TJ-0018,2021,历史快照,True,待回源核验,用户提供的 2021 年调剂信息快照
中国水科院黑龙江水产研究所,水产养殖学、渔业资源学,2021年中国农业科学院黑龙江水产研究所水产考研调剂信..,/tiaoji/schooldetail/id/29155.shtml,2021-03-08,黑龙江,,,B022-TJ-0019,2021,历史快照,True,待回源核验,用户提供的 2021 年调剂信息快照
中国石油大学（北京）,石油与天然气工程,2021年中国石油大学(北京)石油与天然气工程考研调剂信..,/tiaoji/schooldetail/id/29153.shtml,2021-03-08,北京,理工,"（2017年）
（1997年）
（2006年）
（1960年）
（2011年）",B022-TJ-0020,2021,历史快照,True,待回源核验,用户提供的 2021 年调剂信息快照
华南师范大学,生物和医学相关专业,2021年华南师范大学生物和医学相关专业调剂信息,/tiaoji/schooldetail/id/29151.shtml,2021-03-08,广东,,,B022-TJ-0021,2021,历史快照,True,待回源核验,用户提供的 2021 年调剂信息快照
北京航空材料研究院,材料科学与工程、固体力学,北京航空材料研究院2021年接收硕士研究生调剂信息,/tiaoji/schooldetail/id/29149.shtml,2021-03-08,北京,,,B022-TJ-0022,2021,历史快照,True,待回源核验,用户提供的 2021 年调剂信息快照
华侨大学,计算机科学与技术、软件工..,2021年华侨大学计算机科学与技术、软件工程考研调剂信..,/tiaoji/schooldetail/id/29147.shtml,2021-03-08,福建,综合,"国家重点建设大学（1983年入选） 
（2003年入选） 
福建省高水平大学（2016年入选）
福建省“双一流”建设高校（2017年入选）",B022-TJ-0023,2021,历史快照,True,待回源核验,用户提供的 2021 年调剂信息快照
福建农林大学,作物遗传育种、生物学、农..,2021年福建农林大学植物免疫研究中心接收生物学、农学..,/tiaoji/schooldetail/id/29145.shtml,2021-03-08,福建,农林,"福建省重点建设高校（2003年）
农业部与福建省人民政府共建大学（2011）
国家林业局与福建省人民政府共建大学（2012）
福建省高水平大学建设高校（2014）
福建省一流大学建设高校（2018）",B022-TJ-0024,2021,历史快照,True,待回源核验,用户提供的 2021 年调剂信息快照
大连大学,生物学植物学,2021年大连大学生物学植物学招收调剂信息,/tiaoji/schooldetail/id/29143.shtml,2021-03-08,辽宁,综合类,"（2014）
（2005）
（2016）",B022-TJ-0025,2021,历史快照,True,待回源核验,用户提供的 2021 年调剂信息快照
长春大学,材料与化工,2021年长春大学材料与化工考研调剂信息,/tiaoji/schooldetail/id/29141.shtml,2021-03-08,吉林,综合,"省属综合性大学
全国深化创新创业教育改革示范高校（2017年）",B022-TJ-0026,2021,历史快照,True,待回源核验,用户提供的 2021 年调剂信息快照
重庆邮电大学,数学、物理、计算机、软件..,2021年重庆邮电大学数学、物理、计算机、自动化等相关..,/tiaoji/schooldetail/id/29139.shtml,2021-03-08,重庆,理工类,"（2012年） 
与共建高校（2006年）  
（2014年）
（2011年）",B022-TJ-0027,2021,历史快照,True,待回源核验,用户提供的 2021 年调剂信息快照
海南大学,林学、林业,2021年海南大学林学、林业考研调剂信息,/tiaoji/schooldetail/id/29137.shtml,2021-03-08,海南,综合类,"（2008年）
（2017年）
（2012年）
（2018年）
（2011年）",B022-TJ-0028,2021,历史快照,True,待回源核验,用户提供的 2021 年调剂信息快照
燕山大学,机械设计及理论、冶金机械..,燕山大学机械工程学院关于2021年硕士调剂咨询工作安排..,/tiaoji/schooldetail/id/29135.shtml,2021-03-08,河北,,河北省“双一流”建设高校,B022-TJ-0029,2021,历史快照,True,待回源核验,用户提供的 2021 年调剂信息快照
燕山大学,应用统计、数学、物理学、..,燕山大学理学院关于2021年硕士研究生调剂咨询工作的通..,/tiaoji/schooldetail/id/29133.shtml,2021-03-08,河北,,河北省“双一流”建设高校,B022-TJ-0030,2021,历史快照,True,待回源核验,用户提供的 2021 年调剂信息快照
广西艺术学院,,广西艺术学院2021年硕士研究生招生调剂复试问答(一),/tiaoji/schooldetail/id/29131.shtml,2021-03-08,广西,公立大学,艺术类,B022-TJ-0031,2021,历史快照,True,待回源核验,用户提供的 2021 年调剂信息快照
上海应用技术大学,安全工程、管理科学与工程..,2021年上海应用技术大学城市建设与安全工程学院研究生..,/tiaoji/schooldetail/id/29129.shtml,2021-03-08,上海,理工,"应用技术大学（学院）联盟
卓越工程师教育培养计划
上海市
全国100所应用型示范本科高校建设单位
上海高水平地方应用型高校",B022-TJ-0032,2021,历史快照,True,待回源核验,用户提供的 2021 年调剂信息快照
沈阳工业大学,化学工程与技术、环境科学..,沈阳工业大学环境与化学工程学院2021年研究生复试、调..,/tiaoji/schooldetail/id/29127.shtml,2021-03-08,辽宁,,,B022-TJ-0033,2021,历史快照,True,待回源核验,用户提供的 2021 年调剂信息快照
东北石油大学,马克思主义理论,东北石油大学马克思主义学院2021年硕士研究生调剂信息,/tiaoji/schooldetail/id/29125.shtml,2021-03-08,黑龙江,理工类,"（1978年）
（2010年）
实施高校（2011年）
实施高校 （2008年）
建设高校（2010年）",B022-TJ-0034,2021,历史快照,True,待回源核验,用户提供的 2021 年调剂信息快照
武汉工程大学,化学工程与技术、材料科学..,2021年武汉工程大学化学工程与技术、材料科学与工程调..,/tiaoji/schooldetail/id/29123.shtml,2021-03-08,湖北,理工,"高校（2011）
（2012）
（2018）
湖北省国内一流学科建设高校（2018）",B022-TJ-0035,2021,历史快照,True,待回源核验,用户提供的 2021 年调剂信息快照
西北大学,计算机科学与技术,2021年西北大学计算机科学与技术考研调剂信息,/tiaoji/schooldetail/id/29121.shtml,2021-03-08,陕西,,,B022-TJ-0036,2021,历史快照,True,待回源核验,用户提供的 2021 年调剂信息快照
赣南医学院,生物化学与分子生物学,2021年赣南医学院生物化学与分子生物学调剂信息,/tiaoji/schooldetail/id/29119.shtml,2021-03-08,江西,,,B022-TJ-0037,2021,历史快照,True,待回源核验,用户提供的 2021 年调剂信息快照
燕山大学,金融,2021年燕山大学金融专硕调剂信息,/tiaoji/schooldetail/id/29117.shtml,2021-03-08,河北,,河北省“双一流”建设高校,B022-TJ-0038,2021,历史快照,True,待回源核验,用户提供的 2021 年调剂信息快照
河北科技大学,土木水利、工程管理,2021年河北科技大学建筑工程学院土木水利、工程管理考..,/tiaoji/schooldetail/id/29115.shtml,2021-03-08,河北,理工,"（2011年）  
（2013年）
国防生",B022-TJ-0039,2021,历史快照,True,待回源核验,用户提供的 2021 年调剂信息快照
河北科技大学,土木工程,2021年河北科技大学建筑工程学院土木工程考研调剂信息,/tiaoji/schooldetail/id/29113.shtml,2021-03-08,河北,理工,"（2011年）  
（2013年）
国防生",B022-TJ-0040,2021,历史快照,True,待回源核验,用户提供的 2021 年调剂信息快照
广东海洋大学,海洋化学、边缘海地质学,2021年广东海洋大学化学与环境学院海洋化学、边缘海地..,/tiaoji/schooldetail/id/29111.shtml,2021-03-08,广东,农林类,,B022-TJ-0041,2021,历史快照,True,待回源核验,用户提供的 2021 年调剂信息快照
中国农业科学院,生物学/生态学/农学,2021年中国农业科学院培养硕士生物学/生态学/农学调剂..,/tiaoji/schooldetail/id/29109.shtml,2021-03-07,北京,,,B022-TJ-0042,2021,历史快照,True,待回源核验,用户提供的 2021 年调剂信息快照
中国地质大学（武汉）,材料,2021年中国地质大学（武汉）材料类专业（无机非金属优..,/tiaoji/schooldetail/id/29107.shtml,2021-03-07,湖北,,"全国重点大学

985平台",B022-TJ-0043,2021,历史快照,True,待回源核验,用户提供的 2021 年调剂信息快照
华东交通大学,有机化学,2021年华东交通大学有机化学研究生调剂信息,/tiaoji/schooldetail/id/29105.shtml,2021-03-07,江西,理工类,"省属重点本科高校
 
（2011年入选）
（2016年入选）",B022-TJ-0044,2021,历史快照,True,待回源核验,用户提供的 2021 年调剂信息快照
桂林理工大学,材料科学与工程,2021年桂林理工大学材料科学与工程专业矿物环境材料课..,/tiaoji/schooldetail/id/29103.shtml,2021-03-07,广西,理工类,,B022-TJ-0045,2021,历史快照,True,待回源核验,用户提供的 2021 年调剂信息快照
浙江科技学院,信息与通信工程,2021年浙江科技学院智能信号处理与通信算法课题组信息..,/tiaoji/schooldetail/id/29101.shtml,2021-03-07,浙江,理工类,"省属普通高校
（2010年）",B022-TJ-0046,2021,历史快照,True,待回源核验,用户提供的 2021 年调剂信息快照
广西师范大学,无机化学、物理化学、材料..,2021年广西师范大学无机化学、物理化学、材料化学及相..,/tiaoji/schooldetail/id/29099.shtml,2021-03-07,广西,"省部共建大学(综合性)


广西重点支持的国内同类一流大学",,B022-TJ-0047,2021,历史快照,True,待回源核验,用户提供的 2021 年调剂信息快照
陕西科技大学,环境科学与工程,2021年陕西科技大学环境科学与工程调剂信息,/tiaoji/schooldetail/id/29097.shtml,2021-03-07,陕西,理工,"（1998年）
（2011年）
（2011年）
 （2012年）
（2018年）",B022-TJ-0048,2021,历史快照,True,待回源核验,用户提供的 2021 年调剂信息快照
集美大学,微生物与药理学,2021年集美大学生物学考研调剂信息,/tiaoji/schooldetail/id/29095.shtml,2021-03-07,福建,综合,"福建省重点建设高校（2004）
交通运输部与福建省共建高校（2007）
福建省与厦门市共建高校（2012）
卓越工程师教育培养计划 （2013）
卓越农林人才教育培养计划（2014）",B022-TJ-0049,2021,历史快照,True,待回源核验,用户提供的 2021 年调剂信息快照
山西师范大学,化学、材料科学与工程,2021年山西师范大学化学、材料科学与工程考研调剂信息,/tiaoji/schooldetail/id/29093.shtml,2021-03-07,山西,师范类,"（2012-2015）
改革项目（2014）
山西省",B022-TJ-0050,2021,历史快照,True,待回源核验,用户提供的 2021 年调剂信息快照
湘潭大学,化学工程,2021年湘潭大学化学学院化学工程研究生调剂信息,/tiaoji/schooldetail/id/29091.shtml,2021-03-07,湖南,综合,湖南省国内一流大学建设高校,B022-TJ-0051,2021,历史快照,True,待回源核验,用户提供的 2021 年调剂信息快照
吉林师范大学,材料科学与工程,2021年吉林师范大学材料科学与工程考研调剂信息,/tiaoji/schooldetail/id/29089.shtml,2021-03-07,吉林,师范类,"（2004年入选）
（2014年入选）",B022-TJ-0052,2021,历史快照,True,待回源核验,用户提供的 2021 年调剂信息快照
吉林师范大学,物理学,2021年吉林师范大学物理学研究生调剂信息,/tiaoji/schooldetail/id/29087.shtml,2021-03-07,吉林,师范类,"（2004年入选）
（2014年入选）",B022-TJ-0053,2021,历史快照,True,待回源核验,用户提供的 2021 年调剂信息快照
浙江中医药大学,中药学,2021年浙江中医药大学中药学研究生调剂信息,/tiaoji/schooldetail/id/29085.shtml,2021-03-06,浙江,医药,"省属普通本科院校
浙江省人民政府、国家中医药管理局、教育部共建高校（2017年）
（2017年）
（2017年）",B022-TJ-0054,2021,历史快照,True,待回源核验,用户提供的 2021 年调剂信息快照
华东交通大学,化学与物理,2021年华东交通大学高分子化学与物理研究生调剂信息,/tiaoji/schooldetail/id/29083.shtml,2021-03-06,江西,理工类,"省属重点本科高校
 
（2011年入选）
（2016年入选）",B022-TJ-0055,2021,历史快照,True,待回源核验,用户提供的 2021 年调剂信息快照
天津科技大学,轻工技术与工程、 材料与..,2021年天津科技大学轻工技术与工程、 材料与化工考研..,/tiaoji/schooldetail/id/29081.shtml,2021-03-06,天津,,天津市,B022-TJ-0056,2021,历史快照,True,待回源核验,用户提供的 2021 年调剂信息快照
西南科技大学,化学、化学工程与技术，高..,2021年西南科技大学功能复合材料课题组化学、化学工程..,/tiaoji/schooldetail/id/29079.shtml,2021-03-06,四川,理工,"国家之一



教育部",B022-TJ-0057,2021,历史快照,True,待回源核验,用户提供的 2021 年调剂信息快照
长江大学,水利工程,2021年长江大学资源与环境学院水利工程考研调剂信息,/tiaoji/schooldetail/id/29077.shtml,2021-03-06,湖北,综合类,"省属重点本科高校
省部共建高校（2012年）
中西部高校基础能力建设工程（2012年）
卓越工程师教育培养计划（2012年）
卓越农林人才教育培养计划（2014年）",B022-TJ-0058,2021,历史快照,True,待回源核验,用户提供的 2021 年调剂信息快照
燕山大学,MBA,2021年燕山大学MBA研究生调剂信息,/tiaoji/schooldetail/id/29075.shtml,2021-03-06,河北,,河北省“双一流”建设高校,B022-TJ-0059,2021,历史快照,True,待回源核验,用户提供的 2021 年调剂信息快照
浙江工业大学,材料科学与工程、材料与化..,2021年浙江工业大学材料科学与工程、材料与化工调剂信..,/tiaoji/schooldetail/id/29073.shtml,2021-03-06,浙江,理工类,"（2013年）
（2009年）
（2010年）
（2014年）
（2015年）",B022-TJ-0060,2021,历史快照,True,待回源核验,用户提供的 2021 年调剂信息快照
西安交通大学,材料科学、生物医学工程,（校内调剂）2021年西安交通大学生命科学与技术学院材..,/tiaoji/schooldetail/id/29071.shtml,2021-03-06,陕西,公立大学,综合类,B022-TJ-0061,2021,历史快照,True,待回源核验,用户提供的 2021 年调剂信息快照
西安交通大学,力学、生物学、生物物理学,（校内调剂）2021年西安交通大学生命科学与技术学院力..,/tiaoji/schooldetail/id/29069.shtml,2021-03-06,陕西,公立大学,综合类,B022-TJ-0062,2021,历史快照,True,待回源核验,用户提供的 2021 年调剂信息快照
浙江理工大学,理论物理、凝聚态物理,2021年浙江理工大学物理系量子材料计算团队（理论物理..,/tiaoji/schooldetail/id/29067.shtml,2021-03-06,浙江,理工类,省属重点建设大学,B022-TJ-0063,2021,历史快照,True,待回源核验,用户提供的 2021 年调剂信息快照
吉林大学,应用化学、材料与化工,2021年吉林大学化学学院应用化学、材料与化工研究生调..,/tiaoji/schooldetail/id/29065.shtml,2021-03-06,吉林,综合,（世界一流大学A类建设高校）,B022-TJ-0064,2021,历史快照,True,待回源核验,用户提供的 2021 年调剂信息快照
云南师范大学,物理学、光学工程,2021年云南师范大学物理学、光学工程研究生调剂信息,/tiaoji/schooldetail/id/29063.shtml,2021-03-06,云南,师范类,"（和共建）
 
（2013年）
（2014年）",B022-TJ-0065,2021,历史快照,True,待回源核验,用户提供的 2021 年调剂信息快照
天津大学,轻工技术与工程、材料与化..,2021年天津大学轻工技术与工程、材料与化工研究生调剂..,/tiaoji/schooldetail/id/29061.shtml,2021-03-06,天津,,综合性,B022-TJ-0066,2021,历史快照,True,待回源核验,用户提供的 2021 年调剂信息快照
北京工商大学,高分子材料,2021年北京工商大学高分子材料考研调剂信息,/tiaoji/schooldetail/id/29059.shtml,2021-03-06,北京,财经,北京市重点建设大学,B022-TJ-0067,2021,历史快照,True,待回源核验,用户提供的 2021 年调剂信息快照
河南大学,物理学、电子科学与技术,2021年河南大学物理学、电子科学与技术研究生调剂信息,/tiaoji/schooldetail/id/29057.shtml,2021-03-06,河南,综合,"（2017年） 
（2016年）
（2008年）
（2012年） 
（2012年）",B022-TJ-0068,2021,历史快照,True,待回源核验,用户提供的 2021 年调剂信息快照
中原工学院,物理与材料,2021年中原工学院-理学院-低维量子物理与材料调剂信息,/tiaoji/schooldetail/id/29055.shtml,2021-03-06,河南,理工,,B022-TJ-0069,2021,历史快照,True,待回源核验,用户提供的 2021 年调剂信息快照
江西科技师范大学,成人教育学,江西科技师范大学成人教育学专业2021年接收调剂,/tiaoji/schooldetail/id/29053.shtml,2021-03-06,江西,,"省属重点本科高校
（2014） 
江西省 
江西省建设高校（2017）
省属重点大学",B022-TJ-0070,2021,历史快照,True,待回源核验,用户提供的 2021 年调剂信息快照
重庆三峡学院,土木水利,2021年重庆三峡学院土木工程学院土木水利考研调剂信息,/tiaoji/schooldetail/id/29051.shtml,2021-03-06,重庆,综合类,"全日制普通本科院校

（2014年）",B022-TJ-0071,2021,历史快照,True,待回源核验,用户提供的 2021 年调剂信息快照
北华大学,基础数学、计算数学、概率..,2021年北华大学数学与统计学院基础数学、计算数学、概..,/tiaoji/schooldetail/id/29049.shtml,2021-03-06,吉林,综合,"（2012年）
（2014年
全国高校实践育人创新创业基地（2015年）
（2017年）
（2014年）",B022-TJ-0072,2021,历史快照,True,待回源核验,用户提供的 2021 年调剂信息快照
西华师范大学,人文地理学、地图学与地理..,2021年西华师范大学国土资源学院人文地理学、地图学与..,/tiaoji/schooldetail/id/29047.shtml,2021-03-06,四川,综合（师范）类,四川省属重点大学,B022-TJ-0073,2021,历史快照,True,待回源核验,用户提供的 2021 年调剂信息快照
广州医科大学,肿瘤学、生物医学工程,广州医科大学2021年肿瘤学、生物医学工程考研调剂信息,/tiaoji/schooldetail/id/29045.shtml,2021-03-06,广东,,,B022-TJ-0074,2021,历史快照,True,待回源核验,用户提供的 2021 年调剂信息快照
中国人民解放军军事科学院,生物学、生物医学工程、基..,2021年军事科学院军事医学研究院生命组学研究所生物医..,/tiaoji/schooldetail/id/29043.shtml,2021-03-06,北京,,,B022-TJ-0075,2021,历史快照,True,待回源核验,用户提供的 2021 年调剂信息快照
湖北工业大学,食品科学与工程、农产品加..,2021年湖北工业大学食品科学与工程、农产品加工与贮藏..,/tiaoji/schooldetail/id/29041.shtml,2021-03-06,湖北,理工,"（2011年）
（2012年）
（2014年）
（2017年）",B022-TJ-0076,2021,历史快照,True,待回源核验,用户提供的 2021 年调剂信息快照
上海工程技术大学,材料、机械,2021年上海工程技术大学上市市先进激光制造协同创新中..,/tiaoji/schooldetail/id/29039.shtml,2021-03-06,上海,理工,"上海高水平地方应用型高校建设单位 
全国地方高校新工科建设牵头单位 
长三角高水平特色地方高校创新联盟",B022-TJ-0077,2021,历史快照,True,待回源核验,用户提供的 2021 年调剂信息快照
武汉科技大学,化学与化工学院 先进炭材..,2021年武汉科技大学化学与化工学院 先进炭材料工程研..,/tiaoji/schooldetail/id/29037.shtml,2021-03-06,湖北,理工,"全日制普通高等学校
（2013年）
国家（2016年）
湖北省“双一流”建设高校（2018年）
（2013年）",B022-TJ-0078,2021,历史快照,True,待回源核验,用户提供的 2021 年调剂信息快照
东北农业大学,化学工程与技术,东北农业大学化学工程与技术2021年考研调剂信息,/tiaoji/schooldetail/id/29035.shtml,2021-03-06,黑龙江,农林类,"（2017年入选）

（1996年入选）
（2013年入选）
（2014年入选）",B022-TJ-0079,2021,历史快照,True,待回源核验,用户提供的 2021 年调剂信息快照
湖南科技大学,数学,2021年湖南科技大学数学专业考研调剂信息,/tiaoji/schooldetail/id/29033.shtml,2021-03-06,湖南,综合类,,B022-TJ-0080,2021,历史快照,True,待回源核验,用户提供的 2021 年调剂信息快照
郑州轻工业大学,材料科学与工程,2021年郑州轻工业大学材料科学与工程考研调剂信息,/tiaoji/schooldetail/id/29031.shtml,2021-03-06,河南,,,B022-TJ-0081,2021,历史快照,True,待回源核验,用户提供的 2021 年调剂信息快照
北京理工大学,人工智能与博弈论方向计算..,2021年北京理工大学人工智能与博弈论方向计算机科学与..,/tiaoji/schooldetail/id/29029.shtml,2021-03-06,北京,理工,"（2017年）
（1959年）
（1995年）
（2000年）
（2008年）",B022-TJ-0082,2021,历史快照,True,待回源核验,用户提供的 2021 年调剂信息快照
山东省医学科学院,基础医学,2021年山东省医学科学院基础医学考研调剂信息,/tiaoji/schooldetail/id/29027.shtml,2021-03-06,山东,,,B022-TJ-0083,2021,历史快照,True,待回源核验,用户提供的 2021 年调剂信息快照
四川轻化工大学,土木工程、计算数学、计算..,2021年四川轻化工大学土木工程、计算数学、计算力学、..,/tiaoji/schooldetail/id/29025.shtml,2021-03-06,四川,,,B022-TJ-0084,2021,历史快照,True,待回源核验,用户提供的 2021 年调剂信息快照
东北农业大学,农业生物环境与能源工程,2021年东北农业大学农业生物环境与能源工程调剂信息,/tiaoji/schooldetail/id/29023.shtml,2021-03-05,黑龙江,农林类,"（2017年入选）

（1996年入选）
（2013年入选）
（2014年入选）",B022-TJ-0085,2021,历史快照,True,待回源核验,用户提供的 2021 年调剂信息快照
桂林电子科技大学,信息与通信工程,2021年桂林电子科技大学信息与通信学院光通信研究课题..,/tiaoji/schooldetail/id/29021.shtml,2021-03-05,广西,理工类,,B022-TJ-0086,2021,历史快照,True,待回源核验,用户提供的 2021 年调剂信息快照
太原科技大学,环境科学与工程（学硕）、..,2021年太原科技大学环境与安全学院研究生调剂信息,/tiaoji/schooldetail/id/29019.shtml,2021-03-05,山西,理工,"全日制普通本科院校
国家（2016年）
教育部（2016年）
教育部实施高校（2018年）",B022-TJ-0087,2021,历史快照,True,待回源核验,用户提供的 2021 年调剂信息快照
沈阳工程学院,能源动力专业（动力工程方..,2021年沈阳工程学院能源动力专业（动力工程方向）可能..,/tiaoji/schooldetail/id/29017.shtml,2021-03-05,辽宁,理工,辽宁省,B022-TJ-0088,2021,历史快照,True,待回源核验,用户提供的 2021 年调剂信息快照
武汉轻工大学,机械工程（学硕）、机械（..,2021年武汉轻工大学机械工程学院硕士研究生预调剂通知,/tiaoji/schooldetail/id/29015.shtml,2021-03-05,湖北,理工,"国家粮食和物资储备局与湖北省人民政府共建高校（2018）
湖北省国内一流学科建设高校（2018）
第一批卓越农林人才教育培养计划（2014）",B022-TJ-0089,2021,历史快照,True,待回源核验,用户提供的 2021 年调剂信息快照
武汉科技大学,材料科学与工程、材料学、..,2021年武汉科技大学材料与冶金学院材料科学与工程、材..,/tiaoji/schooldetail/id/29013.shtml,2021-03-05,湖北,理工,"全日制普通高等学校
（2013年）
国家（2016年）
湖北省“双一流”建设高校（2018年）
（2013年）",B022-TJ-0090,2021,历史快照,True,待回源核验,用户提供的 2021 年调剂信息快照
佛山科学技术学院,机械工程、电子信息、国际..,佛山科学技术学院2021年硕士研究生预调剂公告（一）,/tiaoji/schooldetail/id/29011.shtml,2021-03-05,湖南,,,B022-TJ-0091,2021,历史快照,True,待回源核验,用户提供的 2021 年调剂信息快照
哈尔滨工程大学,电子信息、水声工程、机械,2021年哈尔滨工程大学电子信息、水声工程、机械调剂信..,/tiaoji/schooldetail/id/29009.shtml,2021-03-05,黑龙江,理工类,"（2017年）
（1996年）
工业和信息化部、教育部、黑龙江省、哈尔滨市共建高校（2019年）
（2011年）",B022-TJ-0092,2021,历史快照,True,待回源核验,用户提供的 2021 年调剂信息快照
西安科技大学,化学工程与技术,2021年西安科技大学化学工程与技术研究生调剂信息,/tiaoji/schooldetail/id/29007.shtml,2021-03-05,陕西,理工类,"（2012年）
（2011年）",B022-TJ-0093,2021,历史快照,True,待回源核验,用户提供的 2021 年调剂信息快照
中南民族大学,物理化学,2020年中南民族大学物理化学研究生调剂信息,/tiaoji/schooldetail/id/29005.shtml,2021-03-05,湖北,综合类,"中华人民共和国国家民族事务委员会直属高校
（2015年） 
（2006年）
湖北省“国内一流大学建设高校”",B022-TJ-0094,2021,历史快照,True,待回源核验,用户提供的 2021 年调剂信息快照
北京第二外国语学院,金融学、产业经济学、国际..,北二外2021年拟接收调剂硕士研究生的说明,/tiaoji/schooldetail/id/29003.shtml,2021-03-05,北京,公办高校,语言,B022-TJ-0095,2021,历史快照,True,待回源核验,用户提供的 2021 年调剂信息快照
北京国家会计学院,会计、税务、金融、,北京国家会计学院2021年硕士研究生调剂信息预告,/tiaoji/schooldetail/id/29001.shtml,2021-03-05,北京,,,B022-TJ-0096,2021,历史快照,True,待回源核验,用户提供的 2021 年调剂信息快照
中共浙江省委党校,哲学、政治学、马克思主义..,中共浙江省委党校2021年硕士研究生招生调剂信息,/tiaoji/schooldetail/id/28999.shtml,2021-03-05,浙江,,,B022-TJ-0097,2021,历史快照,True,待回源核验,用户提供的 2021 年调剂信息快照
安徽医科大学,电子信息,2021年安徽医科大学生物医学工程学院电子信息招生调剂..,/tiaoji/schooldetail/id/28997.shtml,2021-03-05,安徽,医药,国家“”建设高校,B022-TJ-0098,2021,历史快照,True,待回源核验,用户提供的 2021 年调剂信息快照
山西农业大学,作物学、植物保护、畜牧学..,山西农业大学2021年硕士研究生招生预调剂公告,/tiaoji/schooldetail/id/28995.shtml,2021-03-05,山西,公办高校,农林,B022-TJ-0099,2021,历史快照,True,待回源核验,用户提供的 2021 年调剂信息快照
西南科技大学,工商管理,2021年西南科技大学工商管理研究生调剂信息,/tiaoji/schooldetail/id/28993.shtml,2021-03-05,四川,理工,"国家之一



教育部",B022-TJ-0100,2021,历史快照,True,待回源核验,用户提供的 2021 年调剂信息快照
山东师范大学,生态学,2021年山东师范大学生态学招生调剂信息,/tiaoji/schooldetail/id/28991.shtml,2021-03-05,山东,师范,"（1981年）
山东省首批重点建设应用基础型人才培养特色名校（2012年）
和共建高校（2014年）",B022-TJ-0101,2021,历史快照,True,待回源核验,用户提供的 2021 年调剂信息快照
长江大学,园林植物与观赏园艺,2021年长江大学园林植物与观赏园艺研究生调剂信息,/tiaoji/schooldetail/id/28989.shtml,2021-03-05,湖北,综合类,"省属重点本科高校
省部共建高校（2012年）
中西部高校基础能力建设工程（2012年）
卓越工程师教育培养计划（2012年）
卓越农林人才教育培养计划（2014年）",B022-TJ-0102,2021,历史快照,True,待回源核验,用户提供的 2021 年调剂信息快照
吉林大学,地质学,2021年吉林大学地质学研究生调剂信息,/tiaoji/schooldetail/id/28987.shtml,2021-03-05,吉林,综合,（世界一流大学A类建设高校）,B022-TJ-0103,2021,历史快照,True,待回源核验,用户提供的 2021 年调剂信息快照
吉林大学,物理化学,（校内调剂）2021年吉林大学理论化学研究所物理化学调..,/tiaoji/schooldetail/id/28985.shtml,2021-03-05,吉林,综合,（世界一流大学A类建设高校）,B022-TJ-0104,2021,历史快照,True,待回源核验,用户提供的 2021 年调剂信息快照
福建农林大学,生物、作物、林学、园艺、..,福建农林大学海峡联合研究院（HIST）接收2021年硕士调..,/tiaoji/schooldetail/id/28983.shtml,2021-03-05,福建,农林,"福建省重点建设高校（2003年）
农业部与福建省人民政府共建大学（2011）
国家林业局与福建省人民政府共建大学（2012）
福建省高水平大学建设高校（2014）
福建省一流大学建设高校（2018）",B022-TJ-0105,2021,历史快照,True,待回源核验,用户提供的 2021 年调剂信息快照
烟台大学,材料科学与工程、材料与化..,2021年烟台大学核装备与核工程学院硕士研究生招生预调..,/tiaoji/schooldetail/id/28981.shtml,2021-03-05,山东,综合类,"山东省属重点综合性大学



山东省地方立法研究服务基地",B022-TJ-0106,2021,历史快照,True,待回源核验,用户提供的 2021 年调剂信息快照
北京国家会计学院,会计、税务、金融,北京国家会计学院2021年硕士研究生调剂信息预告,/tiaoji/schooldetail/id/28979.shtml,2021-03-05,北京,,,B022-TJ-0107,2021,历史快照,True,待回源核验,用户提供的 2021 年调剂信息快照
北京第二外国语学院,金融学、产业经济学、国际..,北京第二外国语学院2021年拟接收调剂硕士研究生的说明,/tiaoji/schooldetail/id/28977.shtml,2021-03-05,北京,公办高校,语言,B022-TJ-0108,2021,历史快照,True,待回源核验,用户提供的 2021 年调剂信息快照
中共浙江省委党校,哲学、理论经济学、政治学..,中共浙江省委党校2021年硕士研究生招生调剂信息,/tiaoji/schooldetail/id/28975.shtml,2021-03-05,浙江,,,B022-TJ-0109,2021,历史快照,True,待回源核验,用户提供的 2021 年调剂信息快照
山西农业大学,作物学、畜牧学、兽医学、..,山西农业大学2021年硕士研究生招生预调剂公告,/tiaoji/schooldetail/id/28973.shtml,2021-03-05,山西,公办高校,农林,B022-TJ-0110,2021,历史快照,True,待回源核验,用户提供的 2021 年调剂信息快照
沈阳化工研究院,化学及相近专业,沈阳化工研究院2021年研究生调剂通知,/tiaoji/schooldetail/id/28971.shtml,2021-03-05,辽宁,,,B022-TJ-0111,2021,历史快照,True,待回源核验,用户提供的 2021 年调剂信息快照
中国空间技术研究院510所,电子科学与技术、制冷及低..,中国空间技术研究院510所2021年硕士研究生招生调剂需..,/tiaoji/schooldetail/id/28969.shtml,2021-03-05,甘肃,,,B022-TJ-0112,2021,历史快照,True,待回源核验,用户提供的 2021 年调剂信息快照
北京矿冶研究总院,机械设计及理论、材料学、..,北京矿冶研究总院2021年硕士研究生招生缺额调剂信息,/tiaoji/schooldetail/id/28967.shtml,2021-03-05,北京,,,B022-TJ-0113,2021,历史快照,True,待回源核验,用户提供的 2021 年调剂信息快照
河北医科大学,神经病学,2021年河北医科大学第二医院【神经病学实验室】考研调..,/tiaoji/schooldetail/id/28965.shtml,2021-03-05,河北,医学类,"省属重点本科高校

（2016年）",B022-TJ-0114,2021,历史快照,True,待回源核验,用户提供的 2021 年调剂信息快照
牡丹江医学院,生物化学与分子生物学、生..,2021年牡丹江医学院生物化学与分子生物学、生物医学工..,/tiaoji/schooldetail/id/28963.shtml,2021-03-05,黑龙江,,,B022-TJ-0115,2021,历史快照,True,待回源核验,用户提供的 2021 年调剂信息快照
常州大学,有化学、高分子、化工、材..,2021年常州大学有化学、高分子、化工、材料考研调剂信..,/tiaoji/schooldetail/id/28961.shtml,2021-03-05,江苏,理工类,省属重点本科高校,B022-TJ-0116,2021,历史快照,True,待回源核验,用户提供的 2021 年调剂信息快照
湘潭大学,应用化学,2021年湘潭大学化学学院应用化学(专硕)调剂信息,/tiaoji/schooldetail/id/28959.shtml,2021-03-05,湖南,综合,湖南省国内一流大学建设高校,B022-TJ-0117,2021,历史快照,True,待回源核验,用户提供的 2021 年调剂信息快照
兰州交通大学,机械、能源动力,2021年兰州交通大学机械、能源动力考研调剂信息,/tiaoji/schooldetail/id/28957.shtml,2021-03-05,甘肃,理工类,"省部共建高校 
（2012年入选）
原铁道部重点高校
（2011年入选）
甘肃省高水平大学建设高校",B022-TJ-0118,2021,历史快照,True,待回源核验,用户提供的 2021 年调剂信息快照
兰州交通大学,机械设计、车辆工程、工程..,2021年兰州交通大学机械设计、车辆工程、工程热物理、..,/tiaoji/schooldetail/id/28955.shtml,2021-03-05,甘肃,理工类,"省部共建高校 
（2012年入选）
原铁道部重点高校
（2011年入选）
甘肃省高水平大学建设高校",B022-TJ-0119,2021,历史快照,True,待回源核验,用户提供的 2021 年调剂信息快照
中国林业科学研究院,生态学,2021年中国林业科学研究院湿地研究所生态学考研调剂信..,/tiaoji/schooldetail/id/28953.shtml,2021-03-05,北京,,,B022-TJ-0120,2021,历史快照,True,待回源核验,用户提供的 2021 年调剂信息快照
渤海大学,高等教育学,2021年渤海大学高等教育学考研调剂信息,/tiaoji/schooldetail/id/28951.shtml,2021-03-05,辽宁,综合,辽宁省,B022-TJ-0121,2021,历史快照,True,待回源核验,用户提供的 2021 年调剂信息快照
武汉大学,化学与生物传感器方向,2021年武汉大学高等研究院化学、物理考研调剂信息,/tiaoji/schooldetail/id/28949.shtml,2021-03-05,湖北,,,B022-TJ-0122,2021,历史快照,True,待回源核验,用户提供的 2021 年调剂信息快照
青岛农业大学,植物保护―农药合成,2021年青岛农业大学植物保护―农药合成调剂信息,/tiaoji/schooldetail/id/28947.shtml,2021-03-05,山东,农林,"卓越农林人才教育培养计划（2014年）
山东特色名校工程（2012年）
山东省一流学科立项建设单位（2018年）",B022-TJ-0123,2021,历史快照,True,待回源核验,用户提供的 2021 年调剂信息快照
河南理工大学,计算机科学与技术、土木工..,2021年河南理工大学计算机科学与技术、土木工程、矿业..,/tiaoji/schooldetail/id/28945.shtml,2021-03-05,河南,理工类,"（2011年） 
（2011年）
（2012年） 
（2018年）",B022-TJ-0124,2021,历史快照,True,待回源核验,用户提供的 2021 年调剂信息快照
华南农业大学,林业工程,2021年华南农业大学林业工程考研调剂信息,/tiaoji/schooldetail/id/28943.shtml,2021-03-05,广东,农林类,"（1979年入选）
（广东省人民政府和共建）
（2014年10月入选）
 
（2015入选）",B022-TJ-0125,2021,历史快照,True,待回源核验,用户提供的 2021 年调剂信息快照
南昌大学,动力工程及工程热物理(制..,2021年南昌大学动力工程及工程热物理、能源动力考研调..,/tiaoji/schooldetail/id/28941.shtml,2021-03-05,江西,综合,"（2017年）
（1997年）
教育部、江西省人民政府省部共建高校（2004年）
教育部、江西省人民政府（2018年）
教育部高校（2010年）",B022-TJ-0126,2021,历史快照,True,待回源核验,用户提供的 2021 年调剂信息快照
上海电力学院,材料、电化学,2021年上海电力大学材料、电化学考研调剂信息,/tiaoji/schooldetail/id/28939.shtml,2021-03-05,上海,,,B022-TJ-0127,2021,历史快照,True,待回源核验,用户提供的 2021 年调剂信息快照
沈阳铸造研究所,材料加工工程,2021年沈阳铸造研究所硕士研究生(材料加工工程)调剂信..,/tiaoji/schooldetail/id/28937.shtml,2021-03-05,辽宁,,,B022-TJ-0128,2021,历史快照,True,待回源核验,用户提供的 2021 年调剂信息快照
中国建筑科学研究院,岩土工程、结构工程、供热..,中国建筑科学研究院2021年硕士研究生调剂意向信息,/tiaoji/schooldetail/id/28935.shtml,2021-03-05,北京,,,B022-TJ-0129,2021,历史快照,True,待回源核验,用户提供的 2021 年调剂信息快照
山东非金属材料研究所,材料学,山东非金属材料研究所(53所)2021年硕士招生预调剂公告,/tiaoji/schooldetail/id/28933.shtml,2021-03-05,山东,,,B022-TJ-0130,2021,历史快照,True,待回源核验,用户提供的 2021 年调剂信息快照
北京联合大学,工商管理学科,北京联合大学管理学院接受2021年工商管理学科研究生调..,/tiaoji/schooldetail/id/28931.shtml,2021-03-05,北京,"北京市属综合性大学
北京市首批高水平运动队试点院校
北京市重点建设的应用型人才培养基地",北京市,B022-TJ-0131,2021,历史快照,True,待回源核验,用户提供的 2021 年调剂信息快照
四川师范大学,,2021年四川师范大学硕士研究生招生（复试调剂等）咨询..,/tiaoji/schooldetail/id/28929.shtml,2021-03-05,四川,,师范类,B022-TJ-0132,2021,历史快照,True,待回源核验,用户提供的 2021 年调剂信息快照
湖南工业大学,电气工程,湖南工业大学电气与信息工程学院2021年研究生招生拟接..,/tiaoji/schooldetail/id/28927.shtml,2021-03-05,湖南,理工类,"国家工商行政管理总局与湖南省共建高校（2018年）
服务国家特殊需求博士人才培养项目（2013年）
湖南省2011计划（2014年）

湖南省国内一流学科建设高校（2018年）",B022-TJ-0133,2021,历史快照,True,待回源核验,用户提供的 2021 年调剂信息快照
海军工程大学,数学、机械工程、材料科学..,海军工程大学2021年军队硕士研究生招生预调剂公告,/tiaoji/schooldetail/id/28925.shtml,2021-03-05,湖北,,,B022-TJ-0134,2021,历史快照,True,待回源核验,用户提供的 2021 年调剂信息快照
陕西师范大学,生物学,2021年陕西师范大学生物学考研调剂信息,/tiaoji/schooldetail/id/28923.shtml,2021-03-05,陕西,师范（综合类）,,B022-TJ-0135,2021,历史快照,True,待回源核验,用户提供的 2021 年调剂信息快照
大连民族大学,生物医学工程,2021年大连民族大学生物医学工程考研调剂信息,/tiaoji/schooldetail/id/28921.shtml,2021-03-05,辽宁,民族,,B022-TJ-0136,2021,历史快照,True,待回源核验,用户提供的 2021 年调剂信息快照
湖南科技大学,材料与化工(专硕),2021年湖南科技大学材料与化工(专硕)调剂信息,/tiaoji/schooldetail/id/28919.shtml,2021-03-05,湖南,综合类,,B022-TJ-0137,2021,历史快照,True,待回源核验,用户提供的 2021 年调剂信息快照
天津职业技术师范大学,机械工程、机械制造及其自..,2021年天津职业技术师范大学机械工程、机械制造及其自..,/tiaoji/schooldetail/id/28917.shtml,2021-03-05,天津,师范类,,B022-TJ-0138,2021,历史快照,True,待回源核验,用户提供的 2021 年调剂信息快照
曲阜师范大学,,2021年曲阜师范大学物理工程学院应用物理考研调剂信息,/tiaoji/schooldetail/id/28915.shtml,2021-03-05,山东,师范类,（2012年）,B022-TJ-0139,2021,历史快照,True,待回源核验,用户提供的 2021 年调剂信息快照
太原理工大学,控制科学与工程、仪器科学..,2021年太原理工大学控制科学与工程、仪器科学与技术、..,/tiaoji/schooldetail/id/28913.shtml,2021-03-05,山西,公办大学,理工,B022-TJ-0140,2021,历史快照,True,待回源核验,用户提供的 2021 年调剂信息快照
聊城大学,材料科学与工程,2021年聊城大学材料科学与工程考研调剂信息,/tiaoji/schooldetail/id/28911.shtml,2021-03-05,山东,综合类,北极大学联盟,B022-TJ-0141,2021,历史快照,True,待回源核验,用户提供的 2021 年调剂信息快照
南京航空航天大学,石墨烯基柔性透明导电薄膜,2021年南京航空航天大学材料学院柔性透明电极课题组考..,/tiaoji/schooldetail/id/28909.shtml,2021-03-05,江苏,理工,"（2017年入选）

（2011年入选）
（2011年入选）",B022-TJ-0142,2021,历史快照,True,待回源核验,用户提供的 2021 年调剂信息快照
上海师范大学,生物学,2021年上海师范大学生物学考研调剂信息,/tiaoji/schooldetail/id/28907.shtml,2021-03-05,上海,师范（综合）,"上海市重点建设大学
教育部卓越教师培养计划实施院校
中国政府奖学金来华留学生接收院校 
高等学校学科创新引智计划（111计划）
上海市高水平地方高校（学科）建设试点单位",B022-TJ-0143,2021,历史快照,True,待回源核验,用户提供的 2021 年调剂信息快照
西南民族大学,有机化学、高分子化学与物..,2021年西南民族大学有机化学、高分子化学与物理、物理..,/tiaoji/schooldetail/id/28905.shtml,2021-03-05,四川,民族类,"（2012年）
（2014年）",B022-TJ-0144,2021,历史快照,True,待回源核验,用户提供的 2021 年调剂信息快照
重庆科技学院,力学、土木、机械,2021年重庆科技学院力学、土木、机械考研调剂信息,/tiaoji/schooldetail/id/28903.shtml,2021-03-05,重庆,理工类,"（2011年）
数据中国“”
全国副理事长单位",B022-TJ-0145,2021,历史快照,True,待回源核验,用户提供的 2021 年调剂信息快照
闽南师范大学,化学,2021年闽南师范大学化学考研调剂信息,/tiaoji/schooldetail/id/28901.shtml,2021-03-05,福建,师范类,"（2007年）
福建省一流学科建设高校（2018年）
教育部本科教学工作水平评估优秀高校（2008年）
推荐免试攻读硕士研究生“”资格高校（2010年）
福建省闽台高校联合培养人才项目试点高校（2011年）",B022-TJ-0146,2021,历史快照,True,待回源核验,用户提供的 2021 年调剂信息快照
青岛科技大学,生态学,2021年青岛科技大学生态学考研调剂信息,/tiaoji/schooldetail/id/28899.shtml,2021-03-05,山东,理工类,"高校（2011年）
“”应用基础型特色名校重点建设大学",B022-TJ-0147,2021,历史快照,True,待回源核验,用户提供的 2021 年调剂信息快照
河北科技师范学院,无机化学,2021年河北科技师范学院无机化学考研调剂信息,/tiaoji/schooldetail/id/28897.shtml,2021-03-05,河北,师范,"河北省首批转型发展试点院校
河北省创新创业教育示范高校",B022-TJ-0148,2021,历史快照,True,待回源核验,用户提供的 2021 年调剂信息快照
武汉轻工大学,化学工程与技术,2021年武汉轻工大学化学工程与技术考研调剂信息,/tiaoji/schooldetail/id/28895.shtml,2021-03-05,湖北,理工,"国家粮食和物资储备局与湖北省人民政府共建高校（2018）
湖北省国内一流学科建设高校（2018）
第一批卓越农林人才教育培养计划（2014）",B022-TJ-0149,2021,历史快照,True,待回源核验,用户提供的 2021 年调剂信息快照
南京林业大学,食品科学与工程、发酵工程..,2021年南京林业大学食品生物技术团队考研调剂信息,/tiaoji/schooldetail/id/28893.shtml,2021-03-05,江苏,农林,"（2000年） 
 
（2014年） 
（2010年） 
世界一流学科建设高校（2017年）",B022-TJ-0150,2021,历史快照,True,待回源核验,用户提供的 2021 年调剂信息快照
江苏大学,化学工程与技术、材料与化..,2021年江苏大学化学工程与技术、材料与化工考研调剂信..,/tiaoji/schooldetail/id/28891.shtml,2021-03-05,江苏,,,B022-TJ-0151,2021,历史快照,True,待回源核验,用户提供的 2021 年调剂信息快照
西南民族大学,畜产品加工与安全,2021年西南民族大学食品科学与技术学院研究生调剂信息,/tiaoji/schooldetail/id/28889.shtml,2021-03-05,四川,民族类,"（2012年）
（2014年）",B022-TJ-0152,2021,历史快照,True,待回源核验,用户提供的 2021 年调剂信息快照
安徽财经大学,理论经济学、国民经济学,安徽财经大学经济学院2021年硕士研究生招生预调剂公告,/tiaoji/schooldetail/id/28887.shtml,2021-03-05,安徽,财经,,B022-TJ-0153,2021,历史快照,True,待回源核验,用户提供的 2021 年调剂信息快照
广东海洋大学,作物学、畜牧学、农艺与种..,2021年广东海洋大学滨海农业学院硕士研究生招生预调剂..,/tiaoji/schooldetail/id/28885.shtml,2021-03-05,广东,农林类,,B022-TJ-0154,2021,历史快照,True,待回源核验,用户提供的 2021 年调剂信息快照
中北大学,化学工程与技术、生物工程..,中北大学化学工程与技术学院2021年硕士研究生调剂公告,/tiaoji/schooldetail/id/28883.shtml,2021-03-05,山西,,,B022-TJ-0155,2021,历史快照,True,待回源核验,用户提供的 2021 年调剂信息快照
上海师范大学,应用经济学、会计学、技术..,2021年上海师范大学商学院考研调剂信息,/tiaoji/schooldetail/id/28881.shtml,2021-03-05,上海,师范（综合）,"上海市重点建设大学
教育部卓越教师培养计划实施院校
中国政府奖学金来华留学生接收院校 
高等学校学科创新引智计划（111计划）
上海市高水平地方高校（学科）建设试点单位",B022-TJ-0156,2021,历史快照,True,待回源核验,用户提供的 2021 年调剂信息快照
燕山大学,金融、会计学、企业管理、..,燕山大学经济管理学院2021年硕士研究生调剂咨询工作的..,/tiaoji/schooldetail/id/28879.shtml,2021-03-05,河北,,河北省“双一流”建设高校,B022-TJ-0157,2021,历史快照,True,待回源核验,用户提供的 2021 年调剂信息快照
哈尔滨工程大学,光学工程、物理学、电子信..,2021年哈尔滨工程大学物理与光电工程学院研究生复试/..,/tiaoji/schooldetail/id/28877.shtml,2021-03-05,黑龙江,理工类,"（2017年）
（1996年）
工业和信息化部、教育部、黑龙江省、哈尔滨市共建高校（2019年）
（2011年）",B022-TJ-0158,2021,历史快照,True,待回源核验,用户提供的 2021 年调剂信息快照
北京化工大学,化学、材料,2021年北京化工大学尹梅贞课题组招收化学、材料调剂硕..,/tiaoji/schooldetail/id/28875.shtml,2021-03-05,北京,理工类,"（2017年）
（2008年）
（1996年）
（1960年）",B022-TJ-0159,2021,历史快照,True,待回源核验,用户提供的 2021 年调剂信息快照
大连工业大学,环境科学与工程、生物质能..,大连工业大学2021年硕士研究生复试、调剂等问题说明,/tiaoji/schooldetail/id/28873.shtml,2021-03-05,辽宁,理工,"（2012年）
（2014年）
辽宁省“国内高水平大学重点建设高校”（2017年）",B022-TJ-0160,2021,历史快照,True,待回源核验,用户提供的 2021 年调剂信息快照
延安大学,文艺学、中国古典文献学、..,延安大学文学院2021年硕士研究生调剂信息,/tiaoji/schooldetail/id/28871.shtml,2021-03-05,陕西,综合,"（2005年）
（2011年）
（1998年）",B022-TJ-0161,2021,历史快照,True,待回源核验,用户提供的 2021 年调剂信息快照
榆林学院,,榆林学院2021年硕士研究生招生（复试调剂）工作答疑,/tiaoji/schooldetail/id/28869.shtml,2021-03-05,陕西,陕西省,党委书记：许静洪、院长：许云华,B022-TJ-0162,2021,历史快照,True,待回源核验,用户提供的 2021 年调剂信息快照
中国船舶科学研究中心,船舶与海洋结构物设计制造..,2021年中国船舶科学研究中心船舶与海洋结构物设计制造..,/tiaoji/schooldetail/id/28867.shtml,2021-03-05,江苏,,,B022-TJ-0163,2021,历史快照,True,待回源核验,用户提供的 2021 年调剂信息快照
华侨大学,化学工程与技术,2021年华侨大学化学工程与技术考研调剂信息,/tiaoji/schooldetail/id/28865.shtml,2021-03-05,福建,综合,"国家重点建设大学（1983年入选） 
（2003年入选） 
福建省高水平大学（2016年入选）
福建省“双一流”建设高校（2017年入选）",B022-TJ-0164,2021,历史快照,True,待回源核验,用户提供的 2021 年调剂信息快照
温州大学,化学、材料相关专业,2021年温州大学功能材料组装课题组化学、材料相关专业..,/tiaoji/schooldetail/id/28863.shtml,2021-03-05,浙江,综合类,,B022-TJ-0165,2021,历史快照,True,待回源核验,用户提供的 2021 年调剂信息快照
东北林业大学,材料与化工-林业工程方向-..,2021年东北林业大学材料学院材料与化工-林业工程方向-..,/tiaoji/schooldetail/id/28861.shtml,2021-03-05,黑龙江,林业类,"（2017年入选）

（2005年入选）
（2011年入选）
（2011年入选）",B022-TJ-0166,2021,历史快照,True,待回源核验,用户提供的 2021 年调剂信息快照
东北林业大学,林业工程(生物材料工程方..,2021年东北林业大学材料学院林业工程专业(生物材料工..,/tiaoji/schooldetail/id/28859.shtml,2021-03-05,黑龙江,林业类,"（2017年入选）

（2005年入选）
（2011年入选）
（2011年入选）",B022-TJ-0167,2021,历史快照,True,待回源核验,用户提供的 2021 年调剂信息快照
四川轻化工大学,材料科学与工程,2021年四川轻化工大学材料科学与工程考研调剂信息,/tiaoji/schooldetail/id/28857.shtml,2021-03-05,四川,,,B022-TJ-0168,2021,历史快照,True,待回源核验,用户提供的 2021 年调剂信息快照
深圳大学,电子信息(光学工程),2021年深圳大学物理与光电工程学院电子信息(光学工程)..,/tiaoji/schooldetail/id/28855.shtml,2021-03-05,广东,,,B022-TJ-0169,2021,历史快照,True,待回源核验,用户提供的 2021 年调剂信息快照
武汉材料保护研究所,机械设计及理论、材料学,2021年武汉材料保护研究所机械设计及理论、材料学考研..,/tiaoji/schooldetail/id/28853.shtml,2021-03-05,湖北,,,B022-TJ-0170,2021,历史快照,True,待回源核验,用户提供的 2021 年调剂信息快照
东北电力大学,化学、化工、材料相关专业,2021年东北电力大学化学工程学院化学、化工、材料相关..,/tiaoji/schooldetail/id/28851.shtml,2021-03-05,吉林,理工类,"（2011）   
（2012）
省属重点本科高校",B022-TJ-0171,2021,历史快照,True,待回源核验,用户提供的 2021 年调剂信息快照
陕西理工大学,查看系统,2021年陕西理工大学招生调剂官方咨询群公布,/tiaoji/schooldetail/id/28849.shtml,2021-03-05,陕西,理工,省属普通本科院校,B022-TJ-0172,2021,历史快照,True,待回源核验,用户提供的 2021 年调剂信息快照
广西大学,材料科学与工程、材料与化..,2021年广西大学可再生能源材料协同创新中心材料科学与..,/tiaoji/schooldetail/id/28847.shtml,2021-03-05,广西,综合类,"（2017年）
（1999年）
 （2004年）  
（2011年）
（2012年）",B022-TJ-0173,2021,历史快照,True,待回源核验,用户提供的 2021 年调剂信息快照
河南工程学院,查看正文,2021年河南工程学院调剂招生咨询会,/tiaoji/schooldetail/id/28845.shtml,2021-03-05,河南,,河南省示范性应用技术类型本科院校（2016）,B022-TJ-0174,2021,历史快照,True,待回源核验,用户提供的 2021 年调剂信息快照
湖北工业大学,化学工程与技术,2021年湖北工业大学化学工程与技术考研调剂信息,/tiaoji/schooldetail/id/28843.shtml,2021-03-05,湖北,理工,"（2011年）
（2012年）
（2014年）
（2017年）",B022-TJ-0175,2021,历史快照,True,待回源核验,用户提供的 2021 年调剂信息快照
辽宁工程技术大学,土木水利,2021年辽宁工程技术大学建筑与交通学院土木水利研究生..,/tiaoji/schooldetail/id/28841.shtml,2021-03-05,辽宁,理工,,B022-TJ-0176,2021,历史快照,True,待回源核验,用户提供的 2021 年调剂信息快照
大连海洋大学,船舶与海洋工程,2021年大连海洋大学船舶与海洋工程考研调剂信息,/tiaoji/schooldetail/id/28839.shtml,2021-03-05,辽宁,农林类,"（2014年10月入选）
辽宁省一流大学重点建设高校（2017年1月入选）",B022-TJ-0177,2021,历史快照,True,待回源核验,用户提供的 2021 年调剂信息快照
陕西理工大学,查看系统,2021年陕西理工大学考研近期问题答疑：关于调剂,/tiaoji/schooldetail/id/28837.shtml,2021-03-05,陕西,理工,省属普通本科院校,B022-TJ-0178,2021,历史快照,True,待回源核验,用户提供的 2021 年调剂信息快照
上海师范大学,凝聚态物理,2021年上海师范大学凝聚态物理专业硕士研究生调剂信息,/tiaoji/schooldetail/id/28835.shtml,2021-03-05,上海,师范（综合）,"上海市重点建设大学
教育部卓越教师培养计划实施院校
中国政府奖学金来华留学生接收院校 
高等学校学科创新引智计划（111计划）
上海市高水平地方高校（学科）建设试点单位",B022-TJ-0179,2021,历史快照,True,待回源核验,用户提供的 2021 年调剂信息快照
新疆大学,查看调剂系统,新疆大学2021年硕士研究生招生工作相关问题问答,/tiaoji/schooldetail/id/28833.shtml,2021-03-05,新疆,综合,"（B类）（2017年入选）
（1997年入选）
（2018年入选）
省部共建高校（2004年入选）
（2012年入选）",B022-TJ-0180,2021,历史快照,True,待回源核验,用户提供的 2021 年调剂信息快照
延安大学,基础医学,2021年延安大学基础医学研究生调剂信息,/tiaoji/schooldetail/id/28831.shtml,2021-03-05,陕西,综合,"（2005年）
（2011年）
（1998年）",B022-TJ-0181,2021,历史快照,True,待回源核验,用户提供的 2021 年调剂信息快照
武汉科技大学,化学工程与技术、材料工程,2021年武汉科技大学先进炭材料工程研究中心化学工程与..,/tiaoji/schooldetail/id/28829.shtml,2021-03-05,湖北,理工,"全日制普通高等学校
（2013年）
国家（2016年）
湖北省“双一流”建设高校（2018年）
（2013年）",B022-TJ-0182,2021,历史快照,True,待回源核验,用户提供的 2021 年调剂信息快照
陕西理工大学,材料科学与工程,2021年陕西理工大学材料科学与工程考研调剂信息,/tiaoji/schooldetail/id/28827.shtml,2021-03-05,陕西,理工,省属普通本科院校,B022-TJ-0183,2021,历史快照,True,待回源核验,用户提供的 2021 年调剂信息快照
塔里木大学,化学工程与技术,2021年塔里木大学化学工程与技术研究生调剂信息,/tiaoji/schooldetail/id/28825.shtml,2021-03-05,新疆,综合,"省部共建

改革试点高校",B022-TJ-0184,2021,历史快照,True,待回源核验,用户提供的 2021 年调剂信息快照
仲恺农业工程学院,动力工程及工程热物理,2021年仲恺农业工程学院动力工程及工程热物理考研调剂..,/tiaoji/schooldetail/id/28823.shtml,2021-03-05,广东,,,B022-TJ-0185,2021,历史快照,True,待回源核验,用户提供的 2021 年调剂信息快照
烟台大学,化学工程与技术,2021年烟台大学化学工程与技术考研调剂信息,/tiaoji/schooldetail/id/28821.shtml,2021-03-05,山东,综合类,"山东省属重点综合性大学



山东省地方立法研究服务基地",B022-TJ-0186,2021,历史快照,True,待回源核验,用户提供的 2021 年调剂信息快照
山东大学,材料、化学,（一志愿调剂）2021年山东大学材料科学与工程学院材料..,/tiaoji/schooldetail/id/28819.shtml,2021-03-05,山东,综合,"A类（2017年入选）
（2001年入选）
（1997年入选）
（2012年入选）
（2009年入选）",B022-TJ-0187,2021,历史快照,True,待回源核验,用户提供的 2021 年调剂信息快照
防灾科技学院,,2021年防灾科技学院研究生调剂咨询安排,/tiaoji/schooldetail/id/28817.shtml,2021-03-05,河北,理工,（2011年）,B022-TJ-0188,2021,历史快照,True,待回源核验,用户提供的 2021 年调剂信息快照
中国社会科学研究生院,MBA,2021年中国社会科学院大学MBA考研调剂信息,/tiaoji/schooldetail/id/28815.shtml,2021-03-04,北京,,,B022-TJ-0189,2021,历史快照,True,待回源核验,用户提供的 2021 年调剂信息快照
太原理工大学,纺织科学与工程纺织材料、..,太原理工大学轻纺工程学院2021年考研调剂信息,/tiaoji/schooldetail/id/28813.shtml,2021-03-04,山西,公办大学,理工,B022-TJ-0190,2021,历史快照,True,待回源核验,用户提供的 2021 年调剂信息快照
广东财经大学,经济类、管理类、法学类、..,2021年广东财经大学研究生招生预调剂公告,/tiaoji/schooldetail/id/28811.shtml,2021-03-04,广东,,,B022-TJ-0191,2021,历史快照,True,待回源核验,用户提供的 2021 年调剂信息快照
东华理工大学,地质学、公共管理、地球物..,东华理工大学2021年研招调剂及复试等事宜说明,/tiaoji/schooldetail/id/28809.shtml,2021-03-04,江西,理工类,"与江西省人民政府与共建高校（2009） 
（2010） 
与江西省人民政府共建高校（2013）
与江西省人民政府共建高校（2016）
（2017）",B022-TJ-0192,2021,历史快照,True,待回源核验,用户提供的 2021 年调剂信息快照
临沂大学,化学,2021年临沂大学化学考研调剂信息,/tiaoji/schooldetail/id/28807.shtml,2021-03-04,山东,综合类,,B022-TJ-0193,2021,历史快照,True,待回源核验,用户提供的 2021 年调剂信息快照
北京工业大学,物理学,2021年北京工业大学材料与制造学部物理学考研调剂信息,/tiaoji/schooldetail/id/28805.shtml,2021-03-04,北京,理工,"（2017年）
（1996年）
（2010年）
（2011年）
（2017年）",B022-TJ-0194,2021,历史快照,True,待回源核验,用户提供的 2021 年调剂信息快照
天津理工大学,材料科学、材料工程、功能..,2021年天津理工大学材料科学、材料工程、功能材料等相..,/tiaoji/schooldetail/id/28803.shtml,2021-03-04,天津,理工,"高校（2011）
（2017）
（2018）",B022-TJ-0195,2021,历史快照,True,待回源核验,用户提供的 2021 年调剂信息快照
北京有色金属研究总院,材料科学与工程、冶金工程,北京有色金属研究总院2021年考研调剂信息,/tiaoji/schooldetail/id/28801.shtml,2021-03-04,北京,,,B022-TJ-0196,2021,历史快照,True,待回源核验,用户提供的 2021 年调剂信息快照
北京林业大学,生物质能源与材料学科,2021年北京林业大学化学、化工类或材料考研调剂信息,/tiaoji/schooldetail/id/28799.shtml,2021-03-04,北京,,中华人民共和国教育部,B022-TJ-0197,2021,历史快照,True,待回源核验,用户提供的 2021 年调剂信息快照
中南民族大学,材料与化工(专硕),2021年中南民族大学材料与化工(专硕)考研调剂信息,/tiaoji/schooldetail/id/28797.shtml,2021-03-04,湖北,综合类,"中华人民共和国国家民族事务委员会直属高校
（2015年） 
（2006年）
湖北省“国内一流大学建设高校”",B022-TJ-0198,2021,历史快照,True,待回源核验,用户提供的 2021 年调剂信息快照
中国农业科学院,兽医、林学(植物、畜牧方..,2021年中国农业科学院特产研究所兽医、林学(植物、畜..,/tiaoji/schooldetail/id/28795.shtml,2021-03-04,北京,,,B022-TJ-0199,2021,历史快照,True,待回源核验,用户提供的 2021 年调剂信息快照
大连交通大学,数学,2021年大连交通大学数学考研调剂信息,/tiaoji/schooldetail/id/28793.shtml,2021-03-04,辽宁,理工,"辽宁省“一流大学重点建设高校”（2017年入选）
“卓越工程师教育培养计划”高校（2012年入选）",B022-TJ-0200,2021,历史快照,True,待回源核验,用户提供的 2021 年调剂信息快照
重庆大学,环境工程,2021年重庆大学环境工程考研调剂信息(专硕),/tiaoji/schooldetail/id/28791.shtml,2021-03-04,重庆,综合,"985工程（1999年）
211工程（1996年）
世界一流大学建设高校（A类）（2017年）
全国重点大学（1960年）
教育部、重庆市共建高校（2001年）",B022-TJ-0201,2021,历史快照,True,待回源核验,用户提供的 2021 年调剂信息快照
海南大学,海洋化学、海洋地质、沉积..,2021年海南大学海洋化学、海洋地质、沉积学、环境科学..,/tiaoji/schooldetail/id/28789.shtml,2021-03-04,海南,综合类,"（2008年）
（2017年）
（2012年）
（2018年）
（2011年）",B022-TJ-0202,2021,历史快照,True,待回源核验,用户提供的 2021 年调剂信息快照
广州大学,化学工程与技术,2021年广州大学化学工程与技术考研调剂信息,/tiaoji/schooldetail/id/28787.shtml,2021-03-04,广东,,,B022-TJ-0203,2021,历史快照,True,待回源核验,用户提供的 2021 年调剂信息快照
西南交通大学,神经外科、生物医学工程,2021年西南交通大学医学院神经外科、生物医学工程考研..,/tiaoji/schooldetail/id/28785.shtml,2021-03-04,四川,公办大学,理工,B022-TJ-0204,2021,历史快照,True,待回源核验,用户提供的 2021 年调剂信息快照
西南交通大学,神经外科、生物医学工程,2021年西南交通大学医学院神经外科、生物医学工程考研..,/tiaoji/schooldetail/id/28783.shtml,2021-03-04,四川,公办大学,理工,B022-TJ-0205,2021,历史快照,True,待回源核验,用户提供的 2021 年调剂信息快照
中国原子能科学研究院,物理学、核科学与技术类、..,中国原子能科学研究院2021年院属各单位硕士招生调剂需..,/tiaoji/schooldetail/id/28781.shtml,2021-03-04,北京,,,B022-TJ-0206,2021,历史快照,True,待回源核验,用户提供的 2021 年调剂信息快照
齐鲁工业大学,化学,2021年齐鲁工业大学化学考研调剂信息,/tiaoji/schooldetail/id/28777.shtml,2021-03-04,山东,理工类,"全日制普通本科院校
（2012年）",B022-TJ-0207,2021,历史快照,True,待回源核验,用户提供的 2021 年调剂信息快照
湘潭大学,本科专业与材料、化学、化..,2021年湘潭大学化学学院化学、材料、化工等考研调剂信..,/tiaoji/schooldetail/id/28775.shtml,2021-03-04,湖南,综合,湖南省国内一流大学建设高校,B022-TJ-0208,2021,历史快照,True,待回源核验,用户提供的 2021 年调剂信息快照
扬州大学,化学,2021年扬州大学化学考研调剂信息,/tiaoji/schooldetail/id/28773.shtml,2021-03-04,江苏,公立大学,综合,B022-TJ-0209,2021,历史快照,True,待回源核验,用户提供的 2021 年调剂信息快照
桂林电子科技大学,材料科学与工程,2021年桂林电子科技大学材料科学与工程考研调剂信息,/tiaoji/schooldetail/id/28771.shtml,2021-03-04,广西,理工类,,B022-TJ-0210,2021,历史快照,True,待回源核验,用户提供的 2021 年调剂信息快照
深圳大学,材料与化工,2021年深圳大学化学工程与技术考研调剂信息,/tiaoji/schooldetail/id/28769.shtml,2021-03-04,广东,,,B022-TJ-0211,2021,历史快照,True,待回源核验,用户提供的 2021 年调剂信息快照
华南农业大学,植物保护,2021年华南农业大学植物保护考研调剂信息,/tiaoji/schooldetail/id/28767.shtml,2021-03-04,广东,农林类,"（1979年入选）
（广东省人民政府和共建）
（2014年10月入选）
 
（2015入选）",B022-TJ-0212,2021,历史快照,True,待回源核验,用户提供的 2021 年调剂信息快照
华南农业大学,制药工程、化学工程、食品..,2021年华南农业大学化学工程与技术考研调剂信息,/tiaoji/schooldetail/id/28765.shtml,2021-03-04,广东,农林类,"（1979年入选）
（广东省人民政府和共建）
（2014年10月入选）
 
（2015入选）",B022-TJ-0213,2021,历史快照,True,待回源核验,用户提供的 2021 年调剂信息快照
内蒙古大学,生物学,2021年内蒙古大学马铃薯研究中心生物学考研调剂信息,/tiaoji/schooldetail/id/28763.shtml,2021-03-04,内蒙古,综合,"全国重点大学（1978年） 
211工程（1997年）
“国家中西部高校提升综合实力计划”高校（2012年）
中西部“一省一校”重点支持建设高校（2016年）
世界一流学科建设高校（2017年）",B022-TJ-0214,2021,历史快照,True,待回源核验,用户提供的 2021 年调剂信息快照
中国航天科技集团公司九院772所,电子科学与技术,2021年中国航天科技集团公司九院772所电子科学与技术..,/tiaoji/schooldetail/id/28761.shtml,2021-03-04,北京,,,B022-TJ-0215,2021,历史快照,True,待回源核验,用户提供的 2021 年调剂信息快照
广东财经大学,旅游管理,2021年广东财经大学旅游管理考研调剂信息,/tiaoji/schooldetail/id/28759.shtml,2021-03-04,广东,,,B022-TJ-0216,2021,历史快照,True,待回源核验,用户提供的 2021 年调剂信息快照
西南交通大学,生物工程、环境工程、制药..,2021年西南交通大学生物工程、环境工程、制药工程、生..,/tiaoji/schooldetail/id/28757.shtml,2021-03-04,四川,公办大学,理工,B022-TJ-0217,2021,历史快照,True,待回源核验,用户提供的 2021 年调剂信息快照
辽宁科技大学,报考有机化学、应用化学、..,2021年辽宁科技大学有机化学、应用化学、化学工程与技..,/tiaoji/schooldetail/id/28755.shtml,2021-03-04,辽宁,理工,"辽宁省一流大学重点建设高校（2017年）
教育部卓越工程师教育培养计划高校（2011年）
省属重点本科高校",B022-TJ-0218,2021,历史快照,True,待回源核验,用户提供的 2021 年调剂信息快照
南方科技大学,单晶制备和结构解析方向,2021年南方科技大学单晶制备和结构解析方向考研调剂信..,/tiaoji/schooldetail/id/28753.shtml,2021-03-04,广东,理工类,"国家高等教育综合改革试验校
全日制普通高等学校",B022-TJ-0219,2021,历史快照,True,待回源核验,用户提供的 2021 年调剂信息快照
重庆三峡学院,农业工程与信息技术,2021年重庆三峡学院农业工程与信息技术考研调剂信息(..,/tiaoji/schooldetail/id/28751.shtml,2021-03-04,重庆,综合类,"全日制普通本科院校

（2014年）",B022-TJ-0220,2021,历史快照,True,待回源核验,用户提供的 2021 年调剂信息快照
广州大学,计算机科学与技术、信息与..,2021年广州大学计算机科学与技术、信息与通信工程、电..,/tiaoji/schooldetail/id/28749.shtml,2021-03-04,广东,,,B022-TJ-0221,2021,历史快照,True,待回源核验,用户提供的 2021 年调剂信息快照
安徽农业大学,材料科学与工程,2021年安徽农业大学材料科学与工程考研调剂信息,/tiaoji/schooldetail/id/28747.shtml,2021-03-04,安徽,,,B022-TJ-0222,2021,历史快照,True,待回源核验,用户提供的 2021 年调剂信息快照
烟台大学,材料与化工,2021年烟台大学化学化工学院材料与化工专业调剂信息(..,/tiaoji/schooldetail/id/28745.shtml,2021-03-04,山东,综合类,"山东省属重点综合性大学



山东省地方立法研究服务基地",B022-TJ-0223,2021,历史快照,True,待回源核验,用户提供的 2021 年调剂信息快照
吉林农业大学,,2021年吉林农业大学资源与环境考研调剂信息(专硕),/tiaoji/schooldetail/id/28743.shtml,2021-03-04,吉林,农林类,"吉林省省属重点大学
吉林省人民政府与农业部合作共建大学（2011）
中西部高校基础能力建设工程（2012）",B022-TJ-0224,2021,历史快照,True,待回源核验,用户提供的 2021 年调剂信息快照
北京建筑大学,,北京建筑大学2021年硕士复试、调剂咨询通知,/tiaoji/schooldetail/id/28741.shtml,2021-03-04,北京,理工,国家建设行业技能型紧缺人才培养培训工程,B022-TJ-0225,2021,历史快照,True,待回源核验,用户提供的 2021 年调剂信息快照
东北电力大学,土木工程,东北电力大学建筑工程学院土木工程2021年考研调剂信息,/tiaoji/schooldetail/id/28739.shtml,2021-03-04,吉林,理工类,"（2011）   
（2012）
省属重点本科高校",B022-TJ-0226,2021,历史快照,True,待回源核验,用户提供的 2021 年调剂信息快照
锦州医科大学,药物化学,2021年锦州医科大学药物化学考研调剂信息,/tiaoji/schooldetail/id/28737.shtml,2021-03-04,辽宁,"全日制普通本科高等院校
中国政府奖学金来华留学生高等院校（2014年）
招收港澳台地区学生资格院校（2015年）",辽宁省,B022-TJ-0227,2021,历史快照,True,待回源核验,用户提供的 2021 年调剂信息快照
三峡大学,学、材料、环境方面,2021年三峡大学化学、材料、环境方面考研调剂信息,/tiaoji/schooldetail/id/28735.shtml,2021-03-04,广东,综合,"国家水利部和湖北省共建大学（2009）
教育部第二批“卓越工程师教育培养计划”高校（2011）
中西部高校基础能力建设工程（二期）（2016）
湖北省“国内一流大学”建设高校（2018）",B022-TJ-0228,2021,历史快照,True,待回源核验,用户提供的 2021 年调剂信息快照
西南自动化研究所,计算机应用技术、软件工程..,2021年西南自动化研究所考研调剂信息,/tiaoji/schooldetail/id/28733.shtml,2021-03-04,四川,,,B022-TJ-0229,2021,历史快照,True,待回源核验,用户提供的 2021 年调剂信息快照
北京航空精密机械研究所,仪器科学与技术,2021年北京航空精密机械研究所考研调剂信息,/tiaoji/schooldetail/id/28731.shtml,2021-03-04,北京,,,B022-TJ-0230,2021,历史快照,True,待回源核验,用户提供的 2021 年调剂信息快照
中国辐射防护研究院,辐射防护及环境保护、放射..,2021年中国辐射防护研究院考研调剂信息,/tiaoji/schooldetail/id/28729.shtml,2021-03-04,山西,,,B022-TJ-0231,2021,历史快照,True,待回源核验,用户提供的 2021 年调剂信息快照
东北林业大学,化学、化学工程,2021年东北林业大学医药课题组化学、化学工程调剂信息,/tiaoji/schooldetail/id/28727.shtml,2021-03-04,黑龙江,林业类,"（2017年入选）

（2005年入选）
（2011年入选）
（2011年入选）",B022-TJ-0232,2021,历史快照,True,待回源核验,用户提供的 2021 年调剂信息快照
成都理工大学,石油与天然气工程,2021年成都理工大学石油与天然气工程考研调剂信息(专..,/tiaoji/schooldetail/id/28725.shtml,2021-03-04,四川,理工（多科性大学）,教育部、自然资源部、四川省共建大学,B022-TJ-0233,2021,历史快照,True,待回源核验,用户提供的 2021 年调剂信息快照
淮阴工学院,食品科学与工程,2021年淮阴工学院食品科学与工程考研调剂信息,/tiaoji/schooldetail/id/28723.shtml,2021-03-04,江苏,"第二批卓越工程师教育培养计划高校（2011年）
第一批卓越农林人才教育培养计划改革试点项目（2014年）",江苏省,B022-TJ-0234,2021,历史快照,True,待回源核验,用户提供的 2021 年调剂信息快照
广州大学,生物医学工程,2021年广州大学生物医学工程研究生调剂信息,/tiaoji/schooldetail/id/28721.shtml,2021-03-04,广东,,,B022-TJ-0235,2021,历史快照,True,待回源核验,用户提供的 2021 年调剂信息快照
桂林电子科技大学,计算机科学与技术,2021年桂林电子科技大学计算机科学与技术考研调剂信息,/tiaoji/schooldetail/id/28719.shtml,2021-03-04,广西,理工类,,B022-TJ-0236,2021,历史快照,True,待回源核验,用户提供的 2021 年调剂信息快照
南京邮电大学,生物医学工程,2021年南京邮电大学生物医学工程研究生调剂信息,/tiaoji/schooldetail/id/28717.shtml,2021-03-04,江苏,综合类,"（2017年入选）

（2013年入选）
（2017年入选）

（2011年入选）
江苏建设高校（2017年入选）",B022-TJ-0237,2021,历史快照,True,待回源核验,用户提供的 2021 年调剂信息快照
南方科技大学,化学,2021年南方科技大学化学调剂信息,/tiaoji/schooldetail/id/28715.shtml,2021-03-04,广东,理工类,"国家高等教育综合改革试验校
全日制普通高等学校",B022-TJ-0238,2021,历史快照,True,待回源核验,用户提供的 2021 年调剂信息快照
上海对外经贸大学,MBA,上海对外经贸大学2021年MBA调剂意向登记表通知,/tiaoji/schooldetail/id/28713.shtml,2021-03-04,上海,外语、财经类,"世界贸易组织教席院校  

上海市政府奖学金生接收院校
（AACSB）会员
白金级认证教育机构",B022-TJ-0239,2021,历史快照,True,待回源核验,用户提供的 2021 年调剂信息快照
哈尔滨工程大学,光学、光学工程、电子信息,哈尔滨工程大学物理与光电工程学院2020年硕士研究生调..,/tiaoji/schooldetail/id/28711.shtml,2021-03-04,黑龙江,理工类,"（2017年）
（1996年）
工业和信息化部、教育部、黑龙江省、哈尔滨市共建高校（2019年）
（2011年）",B022-TJ-0240,2021,历史快照,True,待回源核验,用户提供的 2021 年调剂信息快照
东华大学,MPA,东华大学MPA2021年考研调剂信息公告,/tiaoji/schooldetail/id/28709.shtml,2021-03-04,上海,综合,"（2017）
（1960）
（1995）
（2010） 
（2007）",B022-TJ-0241,2021,历史快照,True,待回源核验,用户提供的 2021 年调剂信息快照
上海师范大学,产业经济学、金融学、数量..,2021年上海师范大学商学院会计学、技术经济及管理考研..,/tiaoji/schooldetail/id/28707.shtml,2021-03-04,上海,师范（综合）,"上海市重点建设大学
教育部卓越教师培养计划实施院校
中国政府奖学金来华留学生接收院校 
高等学校学科创新引智计划（111计划）
上海市高水平地方高校（学科）建设试点单位",B022-TJ-0242,2021,历史快照,True,待回源核验,用户提供的 2021 年调剂信息快照
南华大学,能源动力、核科学与技术,2021年南华大学核科学技术学院能源动力、核科学与技术..,/tiaoji/schooldetail/id/28705.shtml,2021-03-03,湖南,,,B022-TJ-0243,2021,历史快照,True,待回源核验,用户提供的 2021 年调剂信息快照
西安建筑科技大学,材料与化工、电子信息、资..,2021年西安建筑科技大学材料与化工、电子信息、资源与..,/tiaoji/schooldetail/id/28703.shtml,2021-03-03,陕西,理工,,B022-TJ-0244,2021,历史快照,True,待回源核验,用户提供的 2021 年调剂信息快照
西安建筑科技大学,土木工程、环境科学与工程..,2021年西安建筑科技大学土木工程、环境科学与工程、力..,/tiaoji/schooldetail/id/28701.shtml,2021-03-03,陕西,理工,,B022-TJ-0245,2021,历史快照,True,待回源核验,用户提供的 2021 年调剂信息快照
上海师范大学,金融专硕（MF）、资产评估..,2021年上海师范大学金融专硕（MF）招生调剂信息,/tiaoji/schooldetail/id/28699.shtml,2021-03-03,上海,师范（综合）,"上海市重点建设大学
教育部卓越教师培养计划实施院校
中国政府奖学金来华留学生接收院校 
高等学校学科创新引智计划（111计划）
上海市高水平地方高校（学科）建设试点单位",B022-TJ-0246,2021,历史快照,True,待回源核验,用户提供的 2021 年调剂信息快照
上海工程技术大学,马克思主义理论、统计学、..,上海工程技术大学2021年硕士研究生招生调剂公告,/tiaoji/schooldetail/id/28697.shtml,2021-03-03,上海,理工,"上海高水平地方应用型高校建设单位 
全国地方高校新工科建设牵头单位 
长三角高水平特色地方高校创新联盟",B022-TJ-0247,2021,历史快照,True,待回源核验,用户提供的 2021 年调剂信息快照
广东海洋大学,院作物学、畜牧学、农艺与..,2021年广东海洋大学滨海农业学院作物学、畜牧学、农艺..,/tiaoji/schooldetail/id/28695.shtml,2021-03-03,广东,农林类,,B022-TJ-0248,2021,历史快照,True,待回源核验,用户提供的 2021 年调剂信息快照
燕山大学,金融、应用统计、法律(法..,燕山大学2021年硕士研究生调剂信息,/tiaoji/schooldetail/id/28693.shtml,2021-03-03,河北,,河北省“双一流”建设高校,B022-TJ-0249,2021,历史快照,True,待回源核验,用户提供的 2021 年调剂信息快照
东北石油大学,政治学、马克思主义理论、..,东北石油大学2021年硕士招生考试预调剂信息公告,/tiaoji/schooldetail/id/28691.shtml,2021-03-03,黑龙江,理工类,"（1978年）
（2010年）
实施高校（2011年）
实施高校 （2008年）
建设高校（2010年）",B022-TJ-0250,2021,历史快照,True,待回源核验,用户提供的 2021 年调剂信息快照
重庆科技学院,化学、资源与环境、旅游管..,重庆科技学院2021年硕士研究生招生预调剂意向登记公告,/tiaoji/schooldetail/id/28689.shtml,2021-03-03,重庆,理工类,"（2011年）
数据中国“”
全国副理事长单位",B022-TJ-0251,2021,历史快照,True,待回源核验,用户提供的 2021 年调剂信息快照
长春工业大学,金融学、国际贸易学、法学..,长春工业大学2021年硕士研究生招生预调剂公告,/tiaoji/schooldetail/id/28687.shtml,2021-03-03,吉林,,综合类,B022-TJ-0252,2021,历史快照,True,待回源核验,用户提供的 2021 年调剂信息快照
燕山大学,金融、工商管理、管理科学..,燕山大学经济管理学院2021年硕士研究生调剂咨询工作通..,/tiaoji/schooldetail/id/28685.shtml,2021-03-03,河北,,河北省“双一流”建设高校,B022-TJ-0253,2021,历史快照,True,待回源核验,用户提供的 2021 年调剂信息快照
陕西科技大学,化学/化工/材料/轻工（皮..,2021年陕西科技大学化学/化工/材料/轻工（皮革、纺织..,/tiaoji/schooldetail/id/28683.shtml,2021-03-03,陕西,理工,"（1998年）
（2011年）
（2011年）
 （2012年）
（2018年）",B022-TJ-0254,2021,历史快照,True,待回源核验,用户提供的 2021 年调剂信息快照
中国科学院总院,生物、分析化学,2021年中国科学院武汉精密测量科学与技术创新研究院生..,/tiaoji/schooldetail/id/28681.shtml,2021-03-03,北京,,,B022-TJ-0255,2021,历史快照,True,待回源核验,用户提供的 2021 年调剂信息快照
中国原子能科学研究院,核物理、核技术、材料物理,2021年中国原子能科学研究院核物理、核技术和材料物理..,/tiaoji/schooldetail/id/28679.shtml,2021-03-03,北京,,,B022-TJ-0256,2021,历史快照,True,待回源核验,用户提供的 2021 年调剂信息快照
齐齐哈尔大学,通信与信息系统、电子信息..,2021年齐齐哈尔大学通信与信息系统、电子信息工程研究..,/tiaoji/schooldetail/id/28677.shtml,2021-03-03,黑龙江,综合类,"黑龙江省高教强省重点建设高校（2008年入选）
黑龙江省高水平大学（2018年入选）",B022-TJ-0257,2021,历史快照,True,待回源核验,用户提供的 2021 年调剂信息快照
山东师范大学,物理学,2021年山东师范大学物理学研究生调剂信息,/tiaoji/schooldetail/id/28675.shtml,2021-03-03,山东,师范,"（1981年）
山东省首批重点建设应用基础型人才培养特色名校（2012年）
和共建高校（2014年）",B022-TJ-0258,2021,历史快照,True,待回源核验,用户提供的 2021 年调剂信息快照
涉外办学,化学、材料,2021年北京高压科学研究中心高压材料、化学调剂信息,/tiaoji/schooldetail/id/28673.shtml,2021-03-03,北京,,,B022-TJ-0259,2021,历史快照,True,待回源核验,用户提供的 2021 年调剂信息快照
集美大学,机械工程,2021年集美大学机械工程研究生调剂信息,/tiaoji/schooldetail/id/28671.shtml,2021-03-03,福建,综合,"福建省重点建设高校（2004）
交通运输部与福建省共建高校（2007）
福建省与厦门市共建高校（2012）
卓越工程师教育培养计划 （2013）
卓越农林人才教育培养计划（2014）",B022-TJ-0260,2021,历史快照,True,待回源核验,用户提供的 2021 年调剂信息快照
西安工业大学,材料科学与工程,2021年西安工业大学材料科学与工程研究生调剂信息,/tiaoji/schooldetail/id/28669.shtml,2021-03-03,陕西,理工,国家二级保密资格单位,B022-TJ-0261,2021,历史快照,True,待回源核验,用户提供的 2021 年调剂信息快照
江西科技师范大学,电子科学与技术,2021年江西科技师范大学电子科学与技术研究生调剂信息,/tiaoji/schooldetail/id/28667.shtml,2021-03-03,江西,,"省属重点本科高校
（2014） 
江西省 
江西省建设高校（2017）
省属重点大学",B022-TJ-0262,2021,历史快照,True,待回源核验,用户提供的 2021 年调剂信息快照
扬州大学,生物学,2021年扬州大学生物学研究生调剂信息,/tiaoji/schooldetail/id/28665.shtml,2021-03-03,江苏,公立大学,综合,B022-TJ-0263,2021,历史快照,True,待回源核验,用户提供的 2021 年调剂信息快照
太原理工大学,俄语语言文学,2021年太原理工大学俄语语言文学研究生调剂信息,/tiaoji/schooldetail/id/28663.shtml,2021-03-03,山西,公办大学,理工,B022-TJ-0264,2021,历史快照,True,待回源核验,用户提供的 2021 年调剂信息快照
武汉纺织大学,化学,2021年武汉纺织大学化学招收研究生调剂信息,/tiaoji/schooldetail/id/28661.shtml,2021-03-03,湖北,理工,"（2011年）
（2012年）
湖北省“国内一流学科建设学科”建设高校（2018年）",B022-TJ-0265,2021,历史快照,True,待回源核验,用户提供的 2021 年调剂信息快照
北方民族大学,化学工程与技术,2021年北方民族大学化学工程与技术研究生调剂信息,/tiaoji/schooldetail/id/28659.shtml,2021-03-03,宁夏,民族类,"中央部委高校


丝绸之路大学联盟成员",B022-TJ-0266,2021,历史快照,True,待回源核验,用户提供的 2021 年调剂信息快照
广州大学,生物学,2021年广州大学生物学相关专业研究生调剂信息,/tiaoji/schooldetail/id/28657.shtml,2021-03-03,广东,,,B022-TJ-0267,2021,历史快照,True,待回源核验,用户提供的 2021 年调剂信息快照
西安理工大学,材料科学与工程,2021年西安理工大学材料科学与工程招收调剂信息,/tiaoji/schooldetail/id/28655.shtml,2021-03-03,陕西,理工,,B022-TJ-0268,2021,历史快照,True,待回源核验,用户提供的 2021 年调剂信息快照
中国矿业大学（北京）,化学工程与技术,2021年中国矿业大学（北京）化学工程与技术调剂信息,/tiaoji/schooldetail/id/28653.shtml,2021-03-03,北京,理工,"全国重点大学（1960年、1978年入选）

211工程（1997年入选）
985平台（2006年入选）
世界一流学科建设高校（2017年入选）
教育部与原国家安全生产监督管理总局共建高校（2005年入选）",B022-TJ-0269,2021,历史快照,True,待回源核验,用户提供的 2021 年调剂信息快照
山东科技大学,材料学、材料工程、材料加..,2021年山东科技大学材料学院耐磨蚀课课题组材料学、材..,/tiaoji/schooldetail/id/28651.shtml,2021-03-03,山东,,山东省,B022-TJ-0270,2021,历史快照,True,待回源核验,用户提供的 2021 年调剂信息快照
湖北汽车工业学院,物理、化学,2021年湖北汽车工业学院物理、化学等调剂信息,/tiaoji/schooldetail/id/28649.shtml,2021-03-03,湖北,,湖北省,B022-TJ-0271,2021,历史快照,True,待回源核验,用户提供的 2021 年调剂信息快照
湖北汽车工业学院,院光学工程、化学、材料、..,2021年湖北汽车工业学院光学工程、化学、材料、电子等..,/tiaoji/schooldetail/id/28647.shtml,2021-03-03,湖北,,湖北省,B022-TJ-0272,2021,历史快照,True,待回源核验,用户提供的 2021 年调剂信息快照
贵州大学,冶金工程,2021年贵州大学新能源材料与科学工程学系冶金工程调剂..,/tiaoji/schooldetail/id/28645.shtml,2021-03-03,贵州,综合,西部地区重点建设高水平大学,B022-TJ-0273,2021,历史快照,True,待回源核验,用户提供的 2021 年调剂信息快照
青岛大学,工业催化,2021年青岛大学化学化工学院工业催化学科研究生调剂信..,/tiaoji/schooldetail/id/28641.shtml,2021-03-03,山东,综合类,"（2011年） 
（2012年）
（2013年）",B022-TJ-0274,2021,历史快照,True,待回源核验,用户提供的 2021 年调剂信息快照
山东交通学院,机械工程、船舶与海洋工程..,2021年山东交通学院机械工程领域、船舶与海洋工程、轮..,/tiaoji/schooldetail/id/28639.shtml,2021-03-03,山东,理工类,,B022-TJ-0275,2021,历史快照,True,待回源核验,用户提供的 2021 年调剂信息快照
黑龙江科技大学,化学工程与技术、资源与环..,2021年黑龙江科技大学化学工程与技术、资源与环境考研..,/tiaoji/schooldetail/id/28637.shtml,2021-03-03,黑龙江,理工,"全日制普通本科院校
省部共建高校（2014年）
（2018年）
黑龙江省特色学科建设高校（2018年）",B022-TJ-0276,2021,历史快照,True,待回源核验,用户提供的 2021 年调剂信息快照
山东农业大学,材料科学与工程,2021年山东农业大学材料科学与工程招生调剂信息,/tiaoji/schooldetail/id/28635.shtml,2021-03-03,山东,农林类,"省属重点本科高校
卓越农林人才教育培养计划
省部共建大学
山东特色名校工程",B022-TJ-0277,2021,历史快照,True,待回源核验,用户提供的 2021 年调剂信息快照
中国民航大学,材料科学与工程,2021年中国民航大学材料科学与工程调剂信息,/tiaoji/schooldetail/id/28633.shtml,2021-03-03,天津,理工,"中国民用航空局、天津市人民政府、教育部共建高校（2018年）
（2017年）
天津市高水平特色大学建设高校（2011年）
（2018年）",B022-TJ-0278,2021,历史快照,True,待回源核验,用户提供的 2021 年调剂信息快照
福建农林大学,生物学,2021年福建农林大学生物学研究生调剂信息,/tiaoji/schooldetail/id/28631.shtml,2021-03-03,福建,农林,"福建省重点建设高校（2003年）
农业部与福建省人民政府共建大学（2011）
国家林业局与福建省人民政府共建大学（2012）
福建省高水平大学建设高校（2014）
福建省一流大学建设高校（2018）",B022-TJ-0279,2021,历史快照,True,待回源核验,用户提供的 2021 年调剂信息快照
西安建筑科技大学,矿业工程,2021年西安建筑科技大学矿业工程考研调剂信息,/tiaoji/schooldetail/id/28629.shtml,2021-03-03,陕西,理工,,B022-TJ-0280,2021,历史快照,True,待回源核验,用户提供的 2021 年调剂信息快照
安徽农业大学,水产,2021年安徽农业大学水产考研调剂信息,/tiaoji/schooldetail/id/28627.shtml,2021-03-03,安徽,,,B022-TJ-0281,2021,历史快照,True,待回源核验,用户提供的 2021 年调剂信息快照
佳木斯大学,公共卫生与预防医学,2021年佳木斯大学公共卫生与预防医学考研调剂信息,/tiaoji/schooldetail/id/28625.shtml,2021-03-03,黑龙江,"省属重点本科院校
中西部高校基础能力建设工程（二期）支持高校（2016年入选）",黑龙江省,B022-TJ-0282,2021,历史快照,True,待回源核验,用户提供的 2021 年调剂信息快照
齐齐哈尔大学,信息与通信工程,2021年齐齐哈尔大学信息与通信工程考研调剂信息,/tiaoji/schooldetail/id/28623.shtml,2021-03-03,黑龙江,综合类,"黑龙江省高教强省重点建设高校（2008年入选）
黑龙江省高水平大学（2018年入选）",B022-TJ-0283,2021,历史快照,True,待回源核验,用户提供的 2021 年调剂信息快照
鲁东大学,材料科学与工程,2021年鲁东大学材料科学与工程考研调剂信息,/tiaoji/schooldetail/id/28621.shtml,2021-03-03,山东,综合类,（2012）,B022-TJ-0284,2021,历史快照,True,待回源核验,用户提供的 2021 年调剂信息快照
渤海大学,应用化学、化学工艺、工业..,2021年渤海大学应用化学、化学工艺、工业催化考研调剂..,/tiaoji/schooldetail/id/28619.shtml,2021-03-03,辽宁,综合,辽宁省,B022-TJ-0285,2021,历史快照,True,待回源核验,用户提供的 2021 年调剂信息快照
重庆交通大学,材料科学与工程,2021年重庆交通大学光电功能材料课题组材料科学与工程..,/tiaoji/schooldetail/id/28617.shtml,2021-03-03,重庆,理工,"省部共建高校（2000年1月）
卓越工程师教育培养计划高校（2011年9月）
中西部高校基础能力建设工程（2016年6月）",B022-TJ-0286,2021,历史快照,True,待回源核验,用户提供的 2021 年调剂信息快照
哈尔滨工程大学,电子、通信等相关专业,2021年哈尔滨工程大学信息与通信工程考研调剂信息,/tiaoji/schooldetail/id/28615.shtml,2021-03-03,黑龙江,理工类,"（2017年）
（1996年）
工业和信息化部、教育部、黑龙江省、哈尔滨市共建高校（2019年）
（2011年）",B022-TJ-0287,2021,历史快照,True,待回源核验,用户提供的 2021 年调剂信息快照
天津师范大学,地理学,2021年天津师范大学地理学考研调剂信息,/tiaoji/schooldetail/id/28613.shtml,2021-03-03,天津,师范类（综合）,"（2014年） 
（2010年）
（2013年）
（2018年）",B022-TJ-0288,2021,历史快照,True,待回源核验,用户提供的 2021 年调剂信息快照
燕山大学,石油与天然气工程、资源与..,2021年燕山大学“石油与天然气工程”、“资源与环境”..,/tiaoji/schooldetail/id/28611.shtml,2021-03-03,河北,,河北省“双一流”建设高校,B022-TJ-0289,2021,历史快照,True,待回源核验,用户提供的 2021 年调剂信息快照
重庆理工大学,数学、统计学、工商管理、..,重庆理工大学2021年硕士研究生招生调剂公告,/tiaoji/schooldetail/id/28609.shtml,2021-03-03,重庆,理工类,"重庆市重点建设高校
（2018年）
（2018年）",B022-TJ-0290,2021,历史快照,True,待回源核验,用户提供的 2021 年调剂信息快照
吉林农业大学,生物学,2021年吉林农业大学生物学考研调剂信息,/tiaoji/schooldetail/id/28607.shtml,2021-03-03,吉林,农林类,"吉林省省属重点大学
吉林省人民政府与农业部合作共建大学（2011）
中西部高校基础能力建设工程（2012）",B022-TJ-0291,2021,历史快照,True,待回源核验,用户提供的 2021 年调剂信息快照
江南大学,材料学,2021年江南大学材料学考研调剂信息(专硕),/tiaoji/schooldetail/id/28605.shtml,2021-03-03,江苏,,"211工程（1996年）
世界一流学科建设高校（2017年）
985工程优势学科创新平台（2011年）
高等学校学科创新引智计划（2006年）",B022-TJ-0292,2021,历史快照,True,待回源核验,用户提供的 2021 年调剂信息快照
中国计量大学,光电材料与器件,2021年中国计量大学化学、物理、生物考研调剂信息,/tiaoji/schooldetail/id/28603.shtml,2021-03-03,山东,理工,"（2017年）
（2011年）",B022-TJ-0293,2021,历史快照,True,待回源核验,用户提供的 2021 年调剂信息快照
郑州大学,生物、化学、生工、化工、..,2021年郑州大学生物+联合研究中心生物、化学、生工、..,/tiaoji/schooldetail/id/28601.shtml,2021-03-03,河南,综合,"（2017年）
（1996年）
（2018年）
（2012年）
（2018年）",B022-TJ-0294,2021,历史快照,True,待回源核验,用户提供的 2021 年调剂信息快照
南昌航空大学,材料物理与化学、资源与环..,南昌航空大学关于2021年研招调剂工作的说明,/tiaoji/schooldetail/id/28599.shtml,2021-03-03,江西,,"江西省人民政府与国家国防科技工业局共建高校（2010） 
（2011）",B022-TJ-0295,2021,历史快照,True,待回源核验,用户提供的 2021 年调剂信息快照
河南师范大学,光学工程、电子信息,2021年河南师范大学物理学院考研预调剂信息,/tiaoji/schooldetail/id/28597.shtml,2021-03-03,河南,师范（综合型）,"（2012年） 
（2014年） 
（2014年）
（2015年）

（2017年）",B022-TJ-0296,2021,历史快照,True,待回源核验,用户提供的 2021 年调剂信息快照
河南师范大学,材料科学与工程、材料与化..,2021年河南师范大学材料科学与工程学院硕士预调剂信息,/tiaoji/schooldetail/id/28595.shtml,2021-03-03,河南,师范（综合型）,"（2012年） 
（2014年） 
（2014年）
（2015年）

（2017年）",B022-TJ-0297,2021,历史快照,True,待回源核验,用户提供的 2021 年调剂信息快照
温州医科大学,眼科学,2021年温州医科大学眼科学考研调剂信息,/tiaoji/schooldetail/id/28593.shtml,2021-03-03,浙江,医药类,"（2012年11月） 
（2016年9月） 
（、和共建）
（2015年）",B022-TJ-0298,2021,历史快照,True,待回源核验,用户提供的 2021 年调剂信息快照
武汉船舶通信研究所,通信与信息系统、信号与信..,2021年武汉船舶通信研究所考研预调剂信息,/tiaoji/schooldetail/id/28591.shtml,2021-03-03,湖北,,,B022-TJ-0299,2021,历史快照,True,待回源核验,用户提供的 2021 年调剂信息快照
中国航天科技集团公司六院十一所,数学、力学,2021年中国航天科技集团公司第十一研究院数学、力学考..,/tiaoji/schooldetail/id/28589.shtml,2021-03-03,北京,,,B022-TJ-0300,2021,历史快照,True,待回源核验,用户提供的 2021 年调剂信息快照
长春大学,机械工程,2021年长春大学机械工程考研调剂信息,/tiaoji/schooldetail/id/28587.shtml,2021-03-03,吉林,综合,"省属综合性大学
全国深化创新创业教育改革示范高校（2017年）",B022-TJ-0301,2021,历史快照,True,待回源核验,用户提供的 2021 年调剂信息快照
中国原子能科学研究院,核专业、热能动力、电气、..,2021年中国原子能科学研究院反应堆工程技术研究部核专..,/tiaoji/schooldetail/id/28585.shtml,2021-03-03,北京,,,B022-TJ-0302,2021,历史快照,True,待回源核验,用户提供的 2021 年调剂信息快照
河北科技大学,物理学,2021年河北科技大学物理学考研调剂信息,/tiaoji/schooldetail/id/28583.shtml,2021-03-03,河北,理工,"（2011年）  
（2013年）
国防生",B022-TJ-0303,2021,历史快照,True,待回源核验,用户提供的 2021 年调剂信息快照
中国林业科学研究院,森林生态学,2021年中国林业科学研究院森林生态学考研调剂信息,/tiaoji/schooldetail/id/28581.shtml,2021-03-03,北京,,,B022-TJ-0304,2021,历史快照,True,待回源核验,用户提供的 2021 年调剂信息快照
长春大学,材料与化工,2021年长春大学材料与化工考研调剂信息(专硕),/tiaoji/schooldetail/id/28579.shtml,2021-03-03,吉林,综合,"省属综合性大学
全国深化创新创业教育改革示范高校（2017年）",B022-TJ-0305,2021,历史快照,True,待回源核验,用户提供的 2021 年调剂信息快照
河北工程大学,材料与化工、资源应用地球..,2021年河北工程大学化工、材料类方向考研调剂信息,/tiaoji/schooldetail/id/28577.shtml,2021-03-03,河北,理工,"省属重点骨干大学（2011年）
（2010年） 
（2016年） 
河北省国家一流大学建设二层次高校（2016年）
应急管理学院建设首批试点学校（2020年）",B022-TJ-0306,2021,历史快照,True,待回源核验,用户提供的 2021 年调剂信息快照
安徽工业大学,化工类,2021年安徽工业大学化工类考研调剂信息,/tiaoji/schooldetail/id/28575.shtml,2021-03-03,安徽,理工,"卓越工程师教育培养计划高校（2011年）
中西部高校基础能力建设工程（2013年）
省部联动支持高校（2016年）
全国深化创新创业教育改革示范高校（2017年）",B022-TJ-0307,2021,历史快照,True,待回源核验,用户提供的 2021 年调剂信息快照
南开大学,理论方法发展、计算化学运..,2021年南开大学理论方法发展和计算化学运用考研调剂信..,/tiaoji/schooldetail/id/28573.shtml,2021-03-03,天津,,,B022-TJ-0308,2021,历史快照,True,待回源核验,用户提供的 2021 年调剂信息快照
青岛大学,材料科学与工程,2021年青岛大学材料科学与工程考研调剂信息,/tiaoji/schooldetail/id/28571.shtml,2021-03-03,山东,综合类,"（2011年） 
（2012年）
（2013年）",B022-TJ-0309,2021,历史快照,True,待回源核验,用户提供的 2021 年调剂信息快照
青岛科技大学,轻工技术与工程、林产化学..,2021年青岛科技大学轻工技术与工程、林产化学加工工程..,/tiaoji/schooldetail/id/28569.shtml,2021-03-03,山东,理工类,"高校（2011年）
“”应用基础型特色名校重点建设大学",B022-TJ-0310,2021,历史快照,True,待回源核验,用户提供的 2021 年调剂信息快照
山东农业大学,控制科学与工程（机器人和..,2021年山东农业大学控制科学与工程考研调剂信息,/tiaoji/schooldetail/id/28567.shtml,2021-03-03,山东,农林类,"省属重点本科高校
卓越农林人才教育培养计划
省部共建大学
山东特色名校工程",B022-TJ-0311,2021,历史快照,True,待回源核验,用户提供的 2021 年调剂信息快照
湖南工业大学,生物医学工程,2021年湖南工业大学生物医学工程考研调剂信息,/tiaoji/schooldetail/id/28565.shtml,2021-03-03,湖南,理工类,"国家工商行政管理总局与湖南省共建高校（2018年）
服务国家特殊需求博士人才培养项目（2013年）
湖南省2011计划（2014年）

湖南省国内一流学科建设高校（2018年）",B022-TJ-0312,2021,历史快照,True,待回源核验,用户提供的 2021 年调剂信息快照
西安科技大学,安全科学与工程,2021年西安科技大学安全科学与工程考研调剂信息,/tiaoji/schooldetail/id/28563.shtml,2021-03-03,陕西,理工类,"（2012年）
（2011年）",B022-TJ-0313,2021,历史快照,True,待回源核验,用户提供的 2021 年调剂信息快照
延安大学,神经生物学、细胞生物学,2021年延安大学神经生物学、细胞生物学考研调剂信息,/tiaoji/schooldetail/id/28561.shtml,2021-03-03,陕西,综合,"（2005年）
（2011年）
（1998年）",B022-TJ-0314,2021,历史快照,True,待回源核验,用户提供的 2021 年调剂信息快照
华南师范大学,生物学、化学,2021年华南师范大学生物学、化学考研调剂信息,/tiaoji/schooldetail/id/28559.shtml,2021-03-03,广东,,,B022-TJ-0315,2021,历史快照,True,待回源核验,用户提供的 2021 年调剂信息快照
安徽工业大学,治金工程,2021年安徽工业大学治金工程考研调剂信息,/tiaoji/schooldetail/id/28557.shtml,2021-03-03,安徽,理工,"卓越工程师教育培养计划高校（2011年）
中西部高校基础能力建设工程（2013年）
省部联动支持高校（2016年）
全国深化创新创业教育改革示范高校（2017年）",B022-TJ-0316,2021,历史快照,True,待回源核验,用户提供的 2021 年调剂信息快照
重庆科技学院,土木工程、道路桥梁与渡河..,2021年重庆科技学院桥梁与隧道工程、防灾减灾工程及防..,/tiaoji/schooldetail/id/28555.shtml,2021-03-03,重庆,理工类,"（2011年）
数据中国“”
全国副理事长单位",B022-TJ-0317,2021,历史快照,True,待回源核验,用户提供的 2021 年调剂信息快照
重庆理工大学,信息与通信工程,2020年重庆理工大学信息与通信工程调剂信息,/tiaoji/schooldetail/id/28553.shtml,2021-03-03,重庆,理工类,"重庆市重点建设高校
（2018年）
（2018年）",B022-TJ-0318,2021,历史快照,True,待回源核验,用户提供的 2021 年调剂信息快照
华南师范大学,电磁场与微波技术、光学、..,2021年华南师范大学光学工程、电子科学与技术考研调剂..,/tiaoji/schooldetail/id/28551.shtml,2021-03-03,广东,,,B022-TJ-0319,2021,历史快照,True,待回源核验,用户提供的 2021 年调剂信息快照
华南师范大学,物理学,2021年华南师范大学物理学考研调剂信息,/tiaoji/schooldetail/id/28549.shtml,2021-03-03,广东,,,B022-TJ-0320,2021,历史快照,True,待回源核验,用户提供的 2021 年调剂信息快照
江西理工大学,材料科学与工程,2021年江西理工大学材料科学与工程考研调剂信息,/tiaoji/schooldetail/id/28547.shtml,2021-03-03,江西,,"（2011）
（二期）（2016）
江西省一流学科建设高校（2017）


（2013）",B022-TJ-0321,2021,历史快照,True,待回源核验,用户提供的 2021 年调剂信息快照
青岛大学,材料科学与工程,2021年青岛大学能源与环境材料研究院材料科学与工程考..,/tiaoji/schooldetail/id/28545.shtml,2021-03-03,山东,综合类,"（2011年） 
（2012年）
（2013年）",B022-TJ-0322,2021,历史快照,True,待回源核验,用户提供的 2021 年调剂信息快照
中原工学院,电子信息工程、通信工程、..,2021年中原工学院电子信息工程、通信工程、计算机等相..,/tiaoji/schooldetail/id/28543.shtml,2021-03-03,河南,理工,,B022-TJ-0323,2021,历史快照,True,待回源核验,用户提供的 2021 年调剂信息快照
山东理工大学,化学工程与技术、化学工程,2021年山东理工大学无机膜科学与工程研究所化学工程与..,/tiaoji/schooldetail/id/28541.shtml,2021-03-03,山东,理工类,"实施高校

山东省一流学科立项建设高校
立项建设单位",B022-TJ-0324,2021,历史快照,True,待回源核验,用户提供的 2021 年调剂信息快照
昆明理工大学,生物学、药学、生物与医药,2021年昆明理工大学生命科学与技术学院硕士招生与调剂..,/tiaoji/schooldetail/id/28539.shtml,2021-03-03,云南,综合类,"（2012年）
 
（1998年）
（2011年）
（2018年）",B022-TJ-0325,2021,历史快照,True,待回源核验,用户提供的 2021 年调剂信息快照
中国航天科技集团公司九院704所,信息与通信工程、仪器科学..,航天704所2021年硕士研究生招生调剂信息,/tiaoji/schooldetail/id/28537.shtml,2021-03-03,北京,,,B022-TJ-0326,2021,历史快照,True,待回源核验,用户提供的 2021 年调剂信息快照
中科院地理科学与资源研究所,,中科院地理科学与资源研究所2021年硕士研究生复试及调..,/tiaoji/schooldetail/id/28533.shtml,2021-03-03,北京,,,B022-TJ-0327,2021,历史快照,True,待回源核验,用户提供的 2021 年调剂信息快照
河南师范大学,计算机科学与技术,河南师范大学计算机与信息工程学院2021年硕士研究生预..,/tiaoji/schooldetail/id/28531.shtml,2021-03-03,河南,师范（综合型）,"（2012年） 
（2014年） 
（2014年）
（2015年）

（2017年）",B022-TJ-0328,2021,历史快照,True,待回源核验,用户提供的 2021 年调剂信息快照
中北大学,光学工程，信息与通信工程..,2021年中北大学光学工程，信息与通信工程、仪器科学与..,/tiaoji/schooldetail/id/28529.shtml,2021-03-03,山西,,,B022-TJ-0329,2021,历史快照,True,待回源核验,用户提供的 2021 年调剂信息快照
重庆理工大学,工学、经济学、管理学等,重庆理工大学2021年硕士研究生招生调剂公告,/tiaoji/schooldetail/id/28527.shtml,2021-03-03,重庆,理工类,"重庆市重点建设高校
（2018年）
（2018年）",B022-TJ-0330,2021,历史快照,True,待回源核验,用户提供的 2021 年调剂信息快照
五邑大学,数学、计算机,2021年五邑大学数学与计算科学学院数学研究生调剂信息,/tiaoji/schooldetail/id/28525.shtml,2021-03-03,广东,,,B022-TJ-0331,2021,历史快照,True,待回源核验,用户提供的 2021 年调剂信息快照
五邑大学,学科教学（思政）,2021年五邑大学马克思主义学院学科教学（思政）招生调..,/tiaoji/schooldetail/id/28523.shtml,2021-03-03,广东,,,B022-TJ-0332,2021,历史快照,True,待回源核验,用户提供的 2021 年调剂信息快照
中北大学,化学工程与技术、生物工程,中北大学化学工程与技术学院2021年硕士研究生调剂公告,/tiaoji/schooldetail/id/28521.shtml,2021-03-03,山西,,,B022-TJ-0333,2021,历史快照,True,待回源核验,用户提供的 2021 年调剂信息快照
河南农业大学,畜牧学,2021年河南农业大学动物科技学院畜牧学专业调剂信息,/tiaoji/schooldetail/id/28519.shtml,2021-03-03,河南,农业,"（2009年）

（2012年）
（2013年） 
（2014年）",B022-TJ-0334,2021,历史快照,True,待回源核验,用户提供的 2021 年调剂信息快照
重庆三峡学院,学科教学（数学）、非线性..,2021年重庆三峡学院数学与统计学院学科教学（数学）学..,/tiaoji/schooldetail/id/28517.shtml,2021-03-03,重庆,综合类,"全日制普通本科院校

（2014年）",B022-TJ-0335,2021,历史快照,True,待回源核验,用户提供的 2021 年调剂信息快照
重庆三峡学院,非线性电子学,2021年重庆三峡学院数学与统计学院非线性电子学调剂信..,/tiaoji/schooldetail/id/28515.shtml,2021-03-03,重庆,综合类,"全日制普通本科院校

（2014年）",B022-TJ-0336,2021,历史快照,True,待回源核验,用户提供的 2021 年调剂信息快照
杭州师范大学,细胞生物学,2021年杭州师范大学医学部细胞生物学方向调剂信息,/tiaoji/schooldetail/id/28513.shtml,2021-03-03,浙江,师范类（综合类）,"（卓越小学教师培养改革项目）
浙江省重点建设高校",B022-TJ-0337,2021,历史快照,True,待回源核验,用户提供的 2021 年调剂信息快照
桂林电子科技大学,材料及人工智能、物理学、..,2021年桂林电子科技大学材料及人工智能、物理学、物理..,/tiaoji/schooldetail/id/28511.shtml,2021-03-03,广西,理工类,,B022-TJ-0338,2021,历史快照,True,待回源核验,用户提供的 2021 年调剂信息快照
湖北大学,材料科学与工程,2021年湖北大学材料科学与工程研究生调剂信息,/tiaoji/schooldetail/id/28509.shtml,2021-03-03,湖北,综合,"（2013年）
（2012年）
湖北省“双一流”建设高校（2018年）
（2018年）
（2016年）",B022-TJ-0339,2021,历史快照,True,待回源核验,用户提供的 2021 年调剂信息快照
太原理工大学,矿业工程,2021年太原理工大学1331工程研究中心矿业工程研究生调..,/tiaoji/schooldetail/id/28507.shtml,2021-03-03,山西,公办大学,理工,B022-TJ-0340,2021,历史快照,True,待回源核验,用户提供的 2021 年调剂信息快照
西藏大学,物理学,2021年西藏大学物理学考研调剂信息,/tiaoji/schooldetail/id/28505.shtml,2021-03-03,新疆,综合,"世界一流学科建设高校
中西部高等教育振兴计划
卓越医生教育培养计划
卓越农林人才教育培养计划",B022-TJ-0341,2021,历史快照,True,待回源核验,用户提供的 2021 年调剂信息快照
武汉纺织大学,材料学，材料物理与化学等,2021年武汉纺织大学材料科学与工程招收调剂信息,/tiaoji/schooldetail/id/28503.shtml,2021-03-02,湖北,理工,"（2011年）
（2012年）
湖北省“国内一流学科建设学科”建设高校（2018年）",B022-TJ-0342,2021,历史快照,True,待回源核验,用户提供的 2021 年调剂信息快照
内蒙古科技大学,材料科学与工程,2021年内蒙古科技大学材料科学与工程考研调剂信息,/tiaoji/schooldetail/id/28501.shtml,2021-03-02,内蒙古,综合类,"内蒙古自治区一流学科建设高校
（2011年）
（二期）",B022-TJ-0343,2021,历史快照,True,待回源核验,用户提供的 2021 年调剂信息快照
西安工业大学,光学工程、仪器科学与技术..,2021年西安工业大学兵器光电测试技术及仪器创新团队接..,/tiaoji/schooldetail/id/28499.shtml,2021-03-02,陕西,理工,国家二级保密资格单位,B022-TJ-0344,2021,历史快照,True,待回源核验,用户提供的 2021 年调剂信息快照
中科院地球化学研究所,地质学、地球化学等相关专..,2021年中科院地球化学研究所矿床地球化学国家重点实验..,/tiaoji/schooldetail/id/28497.shtml,2021-03-02,北京,,,B022-TJ-0345,2021,历史快照,True,待回源核验,用户提供的 2021 年调剂信息快照
安徽工业大学,化学,2021年安徽工业大学化学考研调剂信息,/tiaoji/schooldetail/id/28495.shtml,2021-03-02,安徽,理工,"卓越工程师教育培养计划高校（2011年）
中西部高校基础能力建设工程（2013年）
省部联动支持高校（2016年）
全国深化创新创业教育改革示范高校（2017年）",B022-TJ-0346,2021,历史快照,True,待回源核验,用户提供的 2021 年调剂信息快照
南京财经大学,食品科学与工程,2021年南京财经大学食品科学与工程考研调剂信息,/tiaoji/schooldetail/id/28493.shtml,2021-03-02,江苏,财经类,"省属重点建设大学
省部共建",B022-TJ-0347,2021,历史快照,True,待回源核验,用户提供的 2021 年调剂信息快照
安徽工业大学,化学、化学工程与技术、化..,2021年安徽工业大学分子工程与应用化学研究所调剂信息,/tiaoji/schooldetail/id/28491.shtml,2021-03-02,安徽,理工,"卓越工程师教育培养计划高校（2011年）
中西部高校基础能力建设工程（2013年）
省部联动支持高校（2016年）
全国深化创新创业教育改革示范高校（2017年）",B022-TJ-0348,2021,历史快照,True,待回源核验,用户提供的 2021 年调剂信息快照
齐鲁工业大学,材料科学与工程、材料与化..,2021年齐鲁工业大学材料科学与工程、材料与化工、化学..,/tiaoji/schooldetail/id/28489.shtml,2021-03-02,山东,理工类,"全日制普通本科院校
（2012年）",B022-TJ-0349,2021,历史快照,True,待回源核验,用户提供的 2021 年调剂信息快照
青岛理工大学,土木工程,2021年青岛理工大学土木工程考研调剂信息,/tiaoji/schooldetail/id/28487.shtml,2021-03-02,山东,理工,"山东


山东省重点建设的应用基础型人才培养特色名校
全国“三全育人”综合改革试点单位",B022-TJ-0350,2021,历史快照,True,待回源核验,用户提供的 2021 年调剂信息快照
长春理工大学,材料科学与工程,2021年长春理工大学材料科学与工程考研调剂信息,/tiaoji/schooldetail/id/28485.shtml,2021-03-02,吉林,,,B022-TJ-0351,2021,历史快照,True,待回源核验,用户提供的 2021 年调剂信息快照
华南理工大学,化学、药学、材料学类,2021年华南理工大学化学考研调剂信息,/tiaoji/schooldetail/id/28483.shtml,2021-03-02,广东,,"A类（2017年入选）
（1995年入选）
（2001年入选）
（2007年入选）
（1960年）",B022-TJ-0352,2021,历史快照,True,待回源核验,用户提供的 2021 年调剂信息快照
中国科学院上海应用物理研究所,化学工程与技术,2021年上海应用物理研究所先进能源存储和转换技术教研..,/tiaoji/schooldetail/id/28481.shtml,2021-03-02,上海,,,B022-TJ-0353,2021,历史快照,True,待回源核验,用户提供的 2021 年调剂信息快照
江苏科技大学,船舶与海洋工程、工程力学..,2021年江苏科技大学船舶与海洋工程、工程力学、流体力..,/tiaoji/schooldetail/id/28479.shtml,2021-03-02,江苏,理工,"江苏省重点建设高校
教育部高校
与共建高校
江苏省人民政府与、共建高校",B022-TJ-0354,2021,历史快照,True,待回源核验,用户提供的 2021 年调剂信息快照
湖南科技大学,化学工程与技术,2021年湖南科技大学化学工程与技术调剂信息,/tiaoji/schooldetail/id/28477.shtml,2021-03-02,湖南,综合类,,B022-TJ-0355,2021,历史快照,True,待回源核验,用户提供的 2021 年调剂信息快照
浙江理工大学,有机化学,2021年浙江理工大学有机化学考研调剂信息,/tiaoji/schooldetail/id/28475.shtml,2021-03-02,浙江,理工类,省属重点建设大学,B022-TJ-0356,2021,历史快照,True,待回源核验,用户提供的 2021 年调剂信息快照
河南理工大学,化学工程、应用化学、矿物..,2021年河南理工大学化学工程与技术考研调剂信息,/tiaoji/schooldetail/id/28473.shtml,2021-03-02,河南,理工类,"（2011年） 
（2011年）
（2012年） 
（2018年）",B022-TJ-0357,2021,历史快照,True,待回源核验,用户提供的 2021 年调剂信息快照
郑州大学,材料加工工程、材料与化工,2021年郑州大学橡塑模具国家工程研究中心考研调剂信息,/tiaoji/schooldetail/id/28471.shtml,2021-03-02,河南,综合,"（2017年）
（1996年）
（2018年）
（2012年）
（2018年）",B022-TJ-0358,2021,历史快照,True,待回源核验,用户提供的 2021 年调剂信息快照
曲阜师范大学,化学学硕，材料与化工专硕,2021年曲阜师范大学物理化学、有机化学考研调剂信息,/tiaoji/schooldetail/id/28469.shtml,2021-03-02,山东,师范类,（2012年）,B022-TJ-0359,2021,历史快照,True,待回源核验,用户提供的 2021 年调剂信息快照
武汉工程大学,矿物加工,2021年武汉工程大学矿物加工专业考研调剂信息,/tiaoji/schooldetail/id/28467.shtml,2021-03-02,湖北,理工,"高校（2011）
（2012）
（2018）
湖北省国内一流学科建设高校（2018）",B022-TJ-0360,2021,历史快照,True,待回源核验,用户提供的 2021 年调剂信息快照
西南科技大学,射线防护材料、去污材料、..,2021年西南科技大学环境友好能源材料国家重点实验室辐..,/tiaoji/schooldetail/id/28465.shtml,2021-03-02,四川,理工,"国家之一



教育部",B022-TJ-0361,2021,历史快照,True,待回源核验,用户提供的 2021 年调剂信息快照
景德镇陶瓷大学,机械、机械制造及其自动化..,2021年景德镇陶瓷大学机械工程、机械考研调剂信息,/tiaoji/schooldetail/id/28463.shtml,2021-03-02,江西,公办高校,理工类,B022-TJ-0362,2021,历史快照,True,待回源核验,用户提供的 2021 年调剂信息快照
重庆师范大学,系统科学,2021年重庆师范大学数学科学学院系统科学考研调剂信息,/tiaoji/schooldetail/id/28461.shtml,2021-03-02,重庆,综合类,"（2014年） 
（2014年）",B022-TJ-0363,2021,历史快照,True,待回源核验,用户提供的 2021 年调剂信息快照
华侨大学,生物学,2021年华侨大学生物学考研调剂信息,/tiaoji/schooldetail/id/28459.shtml,2021-03-02,福建,综合,"国家重点建设大学（1983年入选） 
（2003年入选） 
福建省高水平大学（2016年入选）
福建省“双一流”建设高校（2017年入选）",B022-TJ-0364,2021,历史快照,True,待回源核验,用户提供的 2021 年调剂信息快照
中国人民解放军军事科学院,基础医学(放射医学),2021年军事科学院军事医学研究院基础医学(放射医学)考..,/tiaoji/schooldetail/id/28457.shtml,2021-03-02,北京,,,B022-TJ-0365,2021,历史快照,True,待回源核验,用户提供的 2021 年调剂信息快照
重庆理工大学,应用经济学、资产评估,重庆理工大学经济金融学院2021年硕士研究生调剂信息,/tiaoji/schooldetail/id/28455.shtml,2021-03-02,重庆,理工类,"重庆市重点建设高校
（2018年）
（2018年）",B022-TJ-0366,2021,历史快照,True,待回源核验,用户提供的 2021 年调剂信息快照
山东农业大学,作物学,2021年山东农业大学作物学考研调剂信息,/tiaoji/schooldetail/id/28453.shtml,2021-03-02,山东,农林类,"省属重点本科高校
卓越农林人才教育培养计划
省部共建大学
山东特色名校工程",B022-TJ-0367,2021,历史快照,True,待回源核验,用户提供的 2021 年调剂信息快照
中科院长春应用化学研究所,分析化学,2021年中国科学院长春应用化学研究所分析化学考研调剂..,/tiaoji/schooldetail/id/28451.shtml,2021-03-02,吉林,,,B022-TJ-0368,2021,历史快照,True,待回源核验,用户提供的 2021 年调剂信息快照
大连民族大学,生物工程、生物化学,2021年大连民族大学生物工程、生物化学考研调剂信息,/tiaoji/schooldetail/id/28449.shtml,2021-03-02,辽宁,民族,,B022-TJ-0369,2021,历史快照,True,待回源核验,用户提供的 2021 年调剂信息快照
沈阳师范大学,食品科学与工程,2021年沈阳师范大学食品科学与工程考研调剂信息,/tiaoji/schooldetail/id/28447.shtml,2021-03-02,辽宁,师范（综合类）,"（2012年）
（2014）",B022-TJ-0370,2021,历史快照,True,待回源核验,用户提供的 2021 年调剂信息快照
湖南工业大学,材料、物理、化学及冶金等,2021年湖南工业大学材料、物理、化学及冶金等相关专业..,/tiaoji/schooldetail/id/28445.shtml,2021-03-02,湖南,理工类,"国家工商行政管理总局与湖南省共建高校（2018年）
服务国家特殊需求博士人才培养项目（2013年）
湖南省2011计划（2014年）

湖南省国内一流学科建设高校（2018年）",B022-TJ-0371,2021,历史快照,True,待回源核验,用户提供的 2021 年调剂信息快照
中国农业科学院,生物化学与分子生物学,2021年中国农业科学院农产品加工研究所生物化学与分子..,/tiaoji/schooldetail/id/28443.shtml,2021-03-02,北京,,,B022-TJ-0372,2021,历史快照,True,待回源核验,用户提供的 2021 年调剂信息快照
江西科技师范大学,神经生物学、医药专业,2021年江西科技师范大学神经生物学、医药专业考研调剂..,/tiaoji/schooldetail/id/28441.shtml,2021-03-02,江西,,"省属重点本科高校
（2014） 
江西省 
江西省建设高校（2017）
省属重点大学",B022-TJ-0373,2021,历史快照,True,待回源核验,用户提供的 2021 年调剂信息快照
电子科技大学,物理学,2021年电子科技大学物理学考研调剂信息,/tiaoji/schooldetail/id/28439.shtml,2021-03-02,四川,理工,"A类（2017年入选）
（2001年入选）
（1997年入选）
（1960年入选）",B022-TJ-0374,2021,历史快照,True,待回源核验,用户提供的 2021 年调剂信息快照
广东工业大学,MBA,2021年广东工业大学MBA考研调剂信息,/tiaoji/schooldetail/id/28437.shtml,2021-03-02,广东,,,B022-TJ-0375,2021,历史快照,True,待回源核验,用户提供的 2021 年调剂信息快照
济南大学,物理学、电子信息、学科教..,2021年济南大学物理科学与技术学院考研调剂信息,/tiaoji/schooldetail/id/28435.shtml,2021-03-02,山东,,山东省,B022-TJ-0376,2021,历史快照,True,待回源核验,用户提供的 2021 年调剂信息快照
汕头大学,计算机科学技术、网络相关..,2021年汕头大学“计算机系”考研调剂信息,/tiaoji/schooldetail/id/28433.shtml,2021-03-02,广东,,,B022-TJ-0377,2021,历史快照,True,待回源核验,用户提供的 2021 年调剂信息快照
青岛大学,MBA,2021年青岛大学MBA考研调剂信息,/tiaoji/schooldetail/id/28431.shtml,2021-03-02,山东,综合类,"（2011年） 
（2012年）
（2013年）",B022-TJ-0378,2021,历史快照,True,待回源核验,用户提供的 2021 年调剂信息快照
广西大学,电气工程、能源动力、电子..,2021年广西大学电气工程学院调剂调剂信息,/tiaoji/schooldetail/id/28429.shtml,2021-03-02,广西,综合类,"（2017年）
（1999年）
 （2004年）  
（2011年）
（2012年）",B022-TJ-0379,2021,历史快照,True,待回源核验,用户提供的 2021 年调剂信息快照
西华师范大学,水土保持与荒漠化防治,2021年西华师范大学林学（水土保持与荒漠化防治方向）..,/tiaoji/schooldetail/id/28427.shtml,2021-03-02,四川,综合（师范）类,四川省属重点大学,B022-TJ-0380,2021,历史快照,True,待回源核验,用户提供的 2021 年调剂信息快照
北京物资学院,法律经济学(应用经济学),2021年北京物资学院法学院法律经济学(应用经济学)调剂..,/tiaoji/schooldetail/id/28425.shtml,2021-03-02,北京,财经,全日制普通本科院校,B022-TJ-0381,2021,历史快照,True,待回源核验,用户提供的 2021 年调剂信息快照
北京物资学院,理论经济学、应用经济学、..,北京物资学院2021年硕士研究生调剂通知,/tiaoji/schooldetail/id/28423.shtml,2021-03-02,北京,财经,全日制普通本科院校,B022-TJ-0382,2021,历史快照,True,待回源核验,用户提供的 2021 年调剂信息快照
郑州航空工业管理学院,企业管理、会计学、应用经..,郑州航空工业管理学院2021年硕士研究生招生预调剂信息..,/tiaoji/schooldetail/id/28421.shtml,2021-03-02,河南,,,B022-TJ-0383,2021,历史快照,True,待回源核验,用户提供的 2021 年调剂信息快照
大连医科大学,医学专业,2021年大连医科大学解剖学教研室隋鸿锦、于胜波、郑楠..,/tiaoji/schooldetail/id/28419.shtml,2021-03-02,辽宁,,,B022-TJ-0384,2021,历史快照,True,待回源核验,用户提供的 2021 年调剂信息快照
大连医科大学,人体解剖与组织胚胎学、神..,2021年大连医科大学基础医学院马坚妹、范凯教授课题组..,/tiaoji/schooldetail/id/28417.shtml,2021-03-02,辽宁,,,B022-TJ-0385,2021,历史快照,True,待回源核验,用户提供的 2021 年调剂信息快照
温州医科大学,眼视光学院临床医学(含眼..,2021年温州医科大学眼视光学院临床医学(含眼视光学)、..,/tiaoji/schooldetail/id/28415.shtml,2021-03-02,浙江,医药类,"（2012年11月） 
（2016年9月） 
（、和共建）
（2015年）",B022-TJ-0386,2021,历史快照,True,待回源核验,用户提供的 2021 年调剂信息快照
重庆大学,生物学、生物医学工程、药..,2021年重庆大学吴寿荣课题组生物学、生物医学工程、药..,/tiaoji/schooldetail/id/28413.shtml,2021-03-02,重庆,综合,"985工程（1999年）
211工程（1996年）
世界一流大学建设高校（A类）（2017年）
全国重点大学（1960年）
教育部、重庆市共建高校（2001年）",B022-TJ-0387,2021,历史快照,True,待回源核验,用户提供的 2021 年调剂信息快照
昆明医科大学,外科学,2021年昆明医科大学第一附属医院外科学招收调剂信息,/tiaoji/schooldetail/id/28411.shtml,2021-03-02,云南,医药类,"（2012年）
（2013年）",B022-TJ-0388,2021,历史快照,True,待回源核验,用户提供的 2021 年调剂信息快照
武汉纺织大学,管理科学与工程,2021年武汉纺织大学管理科学与工程招收调剂信息,/tiaoji/schooldetail/id/28409.shtml,2021-03-02,湖北,理工,"（2011年）
（2012年）
湖北省“国内一流学科建设学科”建设高校（2018年）",B022-TJ-0389,2021,历史快照,True,待回源核验,用户提供的 2021 年调剂信息快照
中国地质大学（北京）,高分子及其复合材料、微纳..,中国地质大学(北京)材料学院2021招收调剂生,/tiaoji/schooldetail/id/28407.shtml,2021-03-02,北京,理工,"世界一流学科建设高校（2017年9月）
211工程高校（1996年）",B022-TJ-0390,2021,历史快照,True,待回源核验,用户提供的 2021 年调剂信息快照
海南大学,材料科学与工程、材料与化..,2021年海南大学材料科学与工程、材料与化工(专硕)考研..,/tiaoji/schooldetail/id/28405.shtml,2021-03-02,海南,综合类,"（2008年）
（2017年）
（2012年）
（2018年）
（2011年）",B022-TJ-0391,2021,历史快照,True,待回源核验,用户提供的 2021 年调剂信息快照
江苏大学,动力工程、工程热物理,2021年江苏大学多相流与能源利用课题组考研调剂信息,/tiaoji/schooldetail/id/28403.shtml,2021-03-02,江苏,,,B022-TJ-0392,2021,历史快照,True,待回源核验,用户提供的 2021 年调剂信息快照
宁波大学,化学、材料与化工,2021年宁波大学化学考研调剂信息,/tiaoji/schooldetail/id/28401.shtml,2021-03-02,浙江,公立大学,综合,B022-TJ-0393,2021,历史快照,True,待回源核验,用户提供的 2021 年调剂信息快照
北京交通大学,柔性光电器件及机理方面,2021年北京交通大学理学院考研调剂信息,/tiaoji/schooldetail/id/28399.shtml,2021-03-02,北京,理工类,"（2017年）
（1998年）
（2006年）
（2013年）
（2006年）",B022-TJ-0394,2021,历史快照,True,待回源核验,用户提供的 2021 年调剂信息快照
华北理工大学,冶金工程、计算科学、物理..,2021年华北理工大学炼铁理论与工艺优化课题组考研调剂..,/tiaoji/schooldetail/id/28397.shtml,2021-03-02,河北,综合,省属重点本科高校,B022-TJ-0395,2021,历史快照,True,待回源核验,用户提供的 2021 年调剂信息快照
西北工业大学,材料、化学、电子、新能源,2021年西北工业大学柔性电子研究院材料、化学、电子、..,/tiaoji/schooldetail/id/28395.shtml,2021-03-02,陕西,理工,（A类）,B022-TJ-0396,2021,历史快照,True,待回源核验,用户提供的 2021 年调剂信息快照
长江大学,作物学,2021年长江大学作物学考研调剂信息,/tiaoji/schooldetail/id/28393.shtml,2021-03-02,湖北,综合类,"省属重点本科高校
省部共建高校（2012年）
中西部高校基础能力建设工程（2012年）
卓越工程师教育培养计划（2012年）
卓越农林人才教育培养计划（2014年）",B022-TJ-0397,2021,历史快照,True,待回源核验,用户提供的 2021 年调剂信息快照
浙江农林大学,植物生理生态、生物化学、..,2021年浙江农林大学林业与生物技术学院考研调剂信息,/tiaoji/schooldetail/id/28391.shtml,2021-03-02,浙江,农林类,"浙江省第二批重点建设高校 


（国家林业局和浙江省人民政府）",B022-TJ-0398,2021,历史快照,True,待回源核验,用户提供的 2021 年调剂信息快照
陕西师范大学,化学、材料及其他交叉学科,2021年陕西师范大学化学化工学院化学、材料及其他交叉..,/tiaoji/schooldetail/id/28389.shtml,2021-03-02,陕西,师范（综合类）,,B022-TJ-0399,2021,历史快照,True,待回源核验,用户提供的 2021 年调剂信息快照
山东交通学院,交通运输,2021年山东交通学院交通运输工程(专硕)考研调剂信息,/tiaoji/schooldetail/id/28387.shtml,2021-03-02,山东,理工类,,B022-TJ-0400,2021,历史快照,True,待回源核验,用户提供的 2021 年调剂信息快照
北京建筑大学,机械工程学硕，机械专硕，..,2021年北京建筑大学机电学院考研调剂信息,/tiaoji/schooldetail/id/28385.shtml,2021-03-02,北京,理工,国家建设行业技能型紧缺人才培养培训工程,B022-TJ-0401,2021,历史快照,True,待回源核验,用户提供的 2021 年调剂信息快照
西安工程大学,化学工程与技术,2021年西安工程大学化学工程与技术考研调剂信息,/tiaoji/schooldetail/id/28383.shtml,2021-03-02,陕西,理工,,B022-TJ-0402,2021,历史快照,True,待回源核验,用户提供的 2021 年调剂信息快照
四川轻化工大学,化学,2021年四川轻化工大学化学考研调剂信息,/tiaoji/schooldetail/id/28381.shtml,2021-03-02,四川,,,B022-TJ-0403,2021,历史快照,True,待回源核验,用户提供的 2021 年调剂信息快照
沈阳化工大学,化学工程与技术、 化学工..,2021年沈阳化工大学化学工程与技术、 化学工程、材料..,/tiaoji/schooldetail/id/28379.shtml,2021-03-02,辽宁,理工类,"（2010年）
（2011年）
（2018年）
辽宁省“双一流”重点建设高校（2017年）",B022-TJ-0404,2021,历史快照,True,待回源核验,用户提供的 2021 年调剂信息快照
哈尔滨商业大学,食品科学与工程,2021年哈尔滨商业大学食品科学与工程考研调剂信息,/tiaoji/schooldetail/id/28377.shtml,2021-03-02,黑龙江,财经,"省属重点本科高校
中西部高校基础能力建设工程",B022-TJ-0405,2021,历史快照,True,待回源核验,用户提供的 2021 年调剂信息快照
湖南工业大学,生物学,2021年湖南工业大学生物学考研调剂信息,/tiaoji/schooldetail/id/28375.shtml,2021-03-02,湖南,理工类,"国家工商行政管理总局与湖南省共建高校（2018年）
服务国家特殊需求博士人才培养项目（2013年）
湖南省2011计划（2014年）

湖南省国内一流学科建设高校（2018年）",B022-TJ-0406,2021,历史快照,True,待回源核验,用户提供的 2021 年调剂信息快照
广西师范大学,无机化学,2021年广西师范大学无机化学考研调剂信息,/tiaoji/schooldetail/id/28373.shtml,2021-03-02,广西,"省部共建大学(综合性)


广西重点支持的国内同类一流大学",,B022-TJ-0407,2021,历史快照,True,待回源核验,用户提供的 2021 年调剂信息快照
重庆理工大学,材料与化工、材料科学与工..,2021年重庆理工大学材料与化工、材料科学与工程考研调..,/tiaoji/schooldetail/id/28371.shtml,2021-03-02,重庆,理工类,"重庆市重点建设高校
（2018年）
（2018年）",B022-TJ-0408,2021,历史快照,True,待回源核验,用户提供的 2021 年调剂信息快照
南京中医药大学,药学,2021年南京中医药大学第三临床医学院谭晓斌组招收药学..,/tiaoji/schooldetail/id/28369.shtml,2021-03-02,江苏,医药类,"、
世界一流学科建设高校
江苏省高水平大学建设高校
世界一流中医药大学建设联盟
长三角医学教育联盟",B022-TJ-0409,2021,历史快照,True,待回源核验,用户提供的 2021 年调剂信息快照
天津大学,环境科学与工程,2021年天津大学环境科学与工程(非全日制)考研调剂信息,/tiaoji/schooldetail/id/28367.shtml,2021-03-02,天津,,综合性,B022-TJ-0410,2021,历史快照,True,待回源核验,用户提供的 2021 年调剂信息快照
大连海事大学,动力工程及工程热物理,2021年大连海事大学动力工程及工程热物理考研调剂信息,/tiaoji/schooldetail/id/28365.shtml,2021-03-02,辽宁,理工,"（1997年）
（2006年）
（2011年）
（2012年）
（2017年）",B022-TJ-0411,2021,历史快照,True,待回源核验,用户提供的 2021 年调剂信息快照
中国农业科学院,生物学,2021年中国农业科学院国际竹藤中心生物学考研调剂信息,/tiaoji/schooldetail/id/28363.shtml,2021-03-02,北京,,,B022-TJ-0412,2021,历史快照,True,待回源核验,用户提供的 2021 年调剂信息快照
中国林业科学研究院,土壤生态学,2021年中国林业科学研究院土壤生态学方向考研调剂信息,/tiaoji/schooldetail/id/28361.shtml,2021-03-02,北京,,,B022-TJ-0413,2021,历史快照,True,待回源核验,用户提供的 2021 年调剂信息快照
大连医科大学,细胞生物学,2021年大连医科大学细胞生物学考研调剂信息,/tiaoji/schooldetail/id/28359.shtml,2021-03-02,辽宁,,,B022-TJ-0414,2021,历史快照,True,待回源核验,用户提供的 2021 年调剂信息快照
西华大学,材料类,2021年西华大学材料科学与工程考研调剂信息,/tiaoji/schooldetail/id/28357.shtml,2021-03-02,四川,综合,"（2013年） 
（2013年）
（2013年）
（2016年）
（2018年）",B022-TJ-0415,2021,历史快照,True,待回源核验,用户提供的 2021 年调剂信息快照
南京工业大学,有机化学,2021年南京工业大学有机化学考研调剂信息,/tiaoji/schooldetail/id/28355.shtml,2021-03-02,江苏,理工,"省部共建高校（2012年）
卓越工程师教育培养计划（2010年）
高等学校创新能力提升计划（2013年）
高等学校学科创新引智计划（2016年）
江苏省综合评价录取改革试点高校（2017  年）",B022-TJ-0416,2021,历史快照,True,待回源核验,用户提供的 2021 年调剂信息快照
中科院地球化学研究所,资源勘查工程、地质学、地..,2021年中国科学院地球化学研究所地质资源与地质工程考..,/tiaoji/schooldetail/id/28353.shtml,2021-03-02,北京,,,B022-TJ-0417,2021,历史快照,True,待回源核验,用户提供的 2021 年调剂信息快照
上海第二工业大学,环境工程,2021年上海第二工业大学环境工程考研调剂信息(专硕),/tiaoji/schooldetail/id/28351.shtml,2021-03-02,上海,理工类,"市属全日制普通本科高校
教育部卓越工程师教育培养计划高校",B022-TJ-0418,2021,历史快照,True,待回源核验,用户提供的 2021 年调剂信息快照
南华大学,基础医学,2021年南华大学基础医学考研调剂信息,/tiaoji/schooldetail/id/28349.shtml,2021-03-02,湖南,,,B022-TJ-0419,2021,历史快照,True,待回源核验,用户提供的 2021 年调剂信息快照
济南大学,化学、材料、物理等专业,2021年济南大学材料科学与工程考研调剂信息,/tiaoji/schooldetail/id/28347.shtml,2021-03-02,山东,,山东省,B022-TJ-0420,2021,历史快照,True,待回源核验,用户提供的 2021 年调剂信息快照
中国计量大学,光学工程,2021年中国计量大学光学工程考研调剂信息,/tiaoji/schooldetail/id/28345.shtml,2021-03-02,山东,理工,"（2017年）
（2011年）",B022-TJ-0421,2021,历史快照,True,待回源核验,用户提供的 2021 年调剂信息快照
浙江农林大学,食品科学与工程、食品加工..,2021年浙江农林大学食品科学与工程、食品加工与安全考..,/tiaoji/schooldetail/id/28343.shtml,2021-03-02,浙江,农林类,"浙江省第二批重点建设高校 


（国家林业局和浙江省人民政府）",B022-TJ-0422,2021,历史快照,True,待回源核验,用户提供的 2021 年调剂信息快照
吉林大学,医学生物学相关专业,2021年吉林大学病理生理学考研调剂信息,/tiaoji/schooldetail/id/28341.shtml,2021-03-02,吉林,综合,（世界一流大学A类建设高校）,B022-TJ-0423,2021,历史快照,True,待回源核验,用户提供的 2021 年调剂信息快照
哈尔滨师范大学,云计算、三支决策、粒计算..,2021年哈尔滨师范大学计算机科学与技术考研调剂信息,/tiaoji/schooldetail/id/28339.shtml,2021-03-02,黑龙江,师范类,,B022-TJ-0424,2021,历史快照,True,待回源核验,用户提供的 2021 年调剂信息快照
中北大学,生物工程相关专业,2021年中北大学生物医学工程考研调剂信息,/tiaoji/schooldetail/id/28337.shtml,2021-03-02,山西,,,B022-TJ-0425,2021,历史快照,True,待回源核验,用户提供的 2021 年调剂信息快照
桂林理工大学,材料(无机非金属材料工程..,2021年桂林理工大学材料科学与工程学院考研调剂信息,/tiaoji/schooldetail/id/28335.shtml,2021-03-02,广西,理工类,,B022-TJ-0426,2021,历史快照,True,待回源核验,用户提供的 2021 年调剂信息快照
安徽农业大学,控制科学与工程,2021年安徽农业大学控制科学与工程考研调剂信息,/tiaoji/schooldetail/id/28333.shtml,2021-03-02,安徽,,,B022-TJ-0427,2021,历史快照,True,待回源核验,用户提供的 2021 年调剂信息快照
浙江科技学院,机械工程,2021年浙江科技学院机械工程硕士调剂信息,/tiaoji/schooldetail/id/28331.shtml,2021-03-02,浙江,理工类,"省属普通高校
（2010年）",B022-TJ-0428,2021,历史快照,True,待回源核验,用户提供的 2021 年调剂信息快照
浙江科技学院,化学工程与技术,2021年浙江科技学院化学工程与技术考研调剂信息,/tiaoji/schooldetail/id/28329.shtml,2021-03-02,浙江,理工类,"省属普通高校
（2010年）",B022-TJ-0429,2021,历史快照,True,待回源核验,用户提供的 2021 年调剂信息快照
曲阜师范大学,物理学、材料、化学化工等,2021年曲阜师范大学物理学硕士调剂信息,/tiaoji/schooldetail/id/28327.shtml,2021-03-02,山东,师范类,（2012年）,B022-TJ-0430,2021,历史快照,True,待回源核验,用户提供的 2021 年调剂信息快照
西安建筑科技大学,MBA、MEM,2021年西安建筑科技大学MBA/MEM硕士调剂信息,/tiaoji/schooldetail/id/28325.shtml,2021-03-02,陕西,理工,,B022-TJ-0431,2021,历史快照,True,待回源核验,用户提供的 2021 年调剂信息快照
重庆师范大学,植物学、动物学、水生生物..,2021年重庆师范大学生命科学学院硕士调剂信息,/tiaoji/schooldetail/id/28323.shtml,2021-03-02,重庆,综合类,"（2014年） 
（2014年）",B022-TJ-0432,2021,历史快照,True,待回源核验,用户提供的 2021 年调剂信息快照
广东财经大学,旅游管理硕士(MTA),2021年广东财经大学旅游管理硕士(MTA)考研调剂信息,/tiaoji/schooldetail/id/28321.shtml,2021-03-02,广东,,,B022-TJ-0433,2021,历史快照,True,待回源核验,用户提供的 2021 年调剂信息快照
延安大学,文艺学、中国古典文献学、..,2021年延安大学文学院硕士调剂信息,/tiaoji/schooldetail/id/28319.shtml,2021-03-02,陕西,综合,"（2005年）
（2011年）
（1998年）",B022-TJ-0434,2021,历史快照,True,待回源核验,用户提供的 2021 年调剂信息快照
内蒙古大学,草学、学工商管理、旅游管..,2021年内蒙古大学硕士预调剂信息,/tiaoji/schooldetail/id/28317.shtml,2021-03-02,内蒙古,综合,"全国重点大学（1978年） 
211工程（1997年）
“国家中西部高校提升综合实力计划”高校（2012年）
中西部“一省一校”重点支持建设高校（2016年）
世界一流学科建设高校（2017年）",B022-TJ-0435,2021,历史快照,True,待回源核验,用户提供的 2021 年调剂信息快照
安徽财经大学,财政学、劳动经济学、税务,2021年安徽财经大学财政与公共管理学院考研调剂信息,/tiaoji/schooldetail/id/28315.shtml,2021-03-02,安徽,财经,,B022-TJ-0436,2021,历史快照,True,待回源核验,用户提供的 2021 年调剂信息快照
中国航天科工集团第三研究院,信息与通信工程、控制科学..,中国航天科工集团第三研究院2021年硕士招生调剂需求,/tiaoji/schooldetail/id/28313.shtml,2021-03-02,北京,,,B022-TJ-0437,2021,历史快照,True,待回源核验,用户提供的 2021 年调剂信息快照
北京第二外国语学院,MTA、MBA,2021年北京第二外国语学院MTA/MBA硕士调剂通知,/tiaoji/schooldetail/id/28311.shtml,2021-03-02,北京,公办高校,语言,B022-TJ-0438,2021,历史快照,True,待回源核验,用户提供的 2021 年调剂信息快照
河南师范大学,生物与医药、光学工程、计..,2021年河南师范大学硕士招生预调剂信息收集的通知,/tiaoji/schooldetail/id/28309.shtml,2021-03-01,河南,师范（综合型）,"（2012年） 
（2014年） 
（2014年）
（2015年）

（2017年）",B022-TJ-0439,2021,历史快照,True,待回源核验,用户提供的 2021 年调剂信息快照
上海工程技术大学,机械工程,2021年上海工程技术大学机械与汽车工程学院调剂信息,/tiaoji/schooldetail/id/28307.shtml,2021-03-01,上海,理工,"上海高水平地方应用型高校建设单位 
全国地方高校新工科建设牵头单位 
长三角高水平特色地方高校创新联盟",B022-TJ-0440,2021,历史快照,True,待回源核验,用户提供的 2021 年调剂信息快照
湖南科技大学,应用经济学、工商管理、金..,2021年湖南科技大学商学院考研调剂信息,/tiaoji/schooldetail/id/28305.shtml,2021-03-01,湖南,综合类,,B022-TJ-0441,2021,历史快照,True,待回源核验,用户提供的 2021 年调剂信息快照
东北石油大学,土木工程、动力工程及工程..,2021年东北石油大学土木学院考研调剂信息,/tiaoji/schooldetail/id/28303.shtml,2021-03-01,黑龙江,理工类,"（1978年）
（2010年）
实施高校（2011年）
实施高校 （2008年）
建设高校（2010年）",B022-TJ-0442,2021,历史快照,True,待回源核验,用户提供的 2021 年调剂信息快照
汕头大学,中国语言文学、新闻传播学..,汕头大学2021年硕士研究生调剂通知,/tiaoji/schooldetail/id/28301.shtml,2021-03-01,广东,,,B022-TJ-0443,2021,历史快照,True,待回源核验,用户提供的 2021 年调剂信息快照
五邑大学,信息与通信工程、企业管理..,五邑大学2021年研究生调剂公告,/tiaoji/schooldetail/id/28299.shtml,2021-03-01,广东,,,B022-TJ-0444,2021,历史快照,True,待回源核验,用户提供的 2021 年调剂信息快照
南京航空航天大学,机械,2021年南京航空航天大学机电学院机械招生调剂信息(专..,/tiaoji/schooldetail/id/28297.shtml,2021-03-01,江苏,理工,"（2017年入选）

（2011年入选）
（2011年入选）",B022-TJ-0445,2021,历史快照,True,待回源核验,用户提供的 2021 年调剂信息快照
河南师范大学,,2021年河南师范大学预调剂信息收集的通知,/tiaoji/schooldetail/id/28295.shtml,2021-03-01,河南,师范（综合型）,"（2012年） 
（2014年） 
（2014年）
（2015年）

（2017年）",B022-TJ-0446,2021,历史快照,True,待回源核验,用户提供的 2021 年调剂信息快照
中北大学,材料化学工程、生物药物与..,2021年中北大学化学、生物、环境、制药、食品相关专业..,/tiaoji/schooldetail/id/28293.shtml,2021-03-01,山西,,,B022-TJ-0447,2021,历史快照,True,待回源核验,用户提供的 2021 年调剂信息快照
齐齐哈尔大学,应用化学,2021年齐齐哈尔大学应用化学招生调剂信息,/tiaoji/schooldetail/id/28291.shtml,2021-03-01,黑龙江,综合类,"黑龙江省高教强省重点建设高校（2008年入选）
黑龙江省高水平大学（2018年入选）",B022-TJ-0448,2021,历史快照,True,待回源核验,用户提供的 2021 年调剂信息快照
安徽师范大学,动物学,2021年安徽师范大学生物学招生调剂信息,/tiaoji/schooldetail/id/28289.shtml,2021-03-01,安徽,师范（综合）,,B022-TJ-0449,2021,历史快照,True,待回源核验,用户提供的 2021 年调剂信息快照
陕西科技大学,材料科学与工程,2021年陕西科技大学材料科学与工程招生调剂信息,/tiaoji/schooldetail/id/28287.shtml,2021-03-01,陕西,理工,"（1998年）
（2011年）
（2011年）
 （2012年）
（2018年）",B022-TJ-0450,2021,历史快照,True,待回源核验,用户提供的 2021 年调剂信息快照
江南大学,材料、化学、化工及相关专..,2021年江南大学材料科学与工程招生调剂信息,/tiaoji/schooldetail/id/28285.shtml,2021-03-01,江苏,,"211工程（1996年）
世界一流学科建设高校（2017年）
985工程优势学科创新平台（2011年）
高等学校学科创新引智计划（2006年）",B022-TJ-0451,2021,历史快照,True,待回源核验,用户提供的 2021 年调剂信息快照
太原科技大学,力学,2021年太原科技大学力学招生调剂信息,/tiaoji/schooldetail/id/28283.shtml,2021-03-01,山西,理工,"全日制普通本科院校
国家（2016年）
教育部（2016年）
教育部实施高校（2018年）",B022-TJ-0452,2021,历史快照,True,待回源核验,用户提供的 2021 年调剂信息快照
中科院长春应用化学研究所,材料科学与工程、生物医学..,2021年中科院长春应用化学研究所材料科学与工程、生物..,/tiaoji/schooldetail/id/28281.shtml,2021-03-01,吉林,,,B022-TJ-0453,2021,历史快照,True,待回源核验,用户提供的 2021 年调剂信息快照
中国地震局地震研究所,地球物理、空间物理、地球..,中国地震局地震研究所2021年硕士研究生招生调剂公告,/tiaoji/schooldetail/id/28279.shtml,2021-03-01,湖北,,,B022-TJ-0454,2021,历史快照,True,待回源核验,用户提供的 2021 年调剂信息快照
燕山大学,电子信息、仪器科学与技术,2021年度燕山大学韩立强老师招收电子信息类仪器类调剂..,/tiaoji/schooldetail/id/28277.shtml,2021-03-01,河北,,河北省“双一流”建设高校,B022-TJ-0455,2021,历史快照,True,待回源核验,用户提供的 2021 年调剂信息快照
淮北师范大学,理论经济学、管理科学与工..,淮北师范大学经济与管理学院2021考研调剂信息,/tiaoji/schooldetail/id/28275.shtml,2021-03-01,安徽,师范,"省属重点大学
高校（1998年）
中西部高校基础能力建设工程（2016年）",B022-TJ-0456,2021,历史快照,True,待回源核验,用户提供的 2021 年调剂信息快照
北京石油化工学院,材料科学与工程,北京石油化工学院航天材料团队2021年硕士研究生调剂信..,/tiaoji/schooldetail/id/28273.shtml,2021-03-01,北京,理工,"全日制普通高等本科院校
教育部CDIO工程教育改革试点高校（2007年）
教育部首批“卓越工程师教育培养计划”试点高校（2010年）
高水平运动员招生资格高校（2015年）
北京市深化创新创业教育改革示范高校（2017年）",B022-TJ-0457,2021,历史快照,True,待回源核验,用户提供的 2021 年调剂信息快照
中国地震局地震研究所,固体地球物理学、防灾减灾..,中国地震局地震研究所2021年硕士研究生招生调剂公告,/tiaoji/schooldetail/id/28271.shtml,2021-03-01,湖北,,,B022-TJ-0458,2021,历史快照,True,待回源核验,用户提供的 2021 年调剂信息快照
机械科学研究院哈尔滨焊接研究所,材料加工工程,机械科学研究院哈尔滨焊接研究所2021年硕士研究生调剂..,/tiaoji/schooldetail/id/28269.shtml,2021-03-01,黑龙江,,,B022-TJ-0459,2021,历史快照,True,待回源核验,用户提供的 2021 年调剂信息快照
杭州应用声学研究所,水声工程、光学工程,2021年杭州应用声学研究所硕士研究生调剂说明,/tiaoji/schooldetail/id/28267.shtml,2021-03-01,浙江,,,B022-TJ-0460,2021,历史快照,True,待回源核验,用户提供的 2021 年调剂信息快照
西安近代化学研究所（204所）,应用化学、工程力学、材料..,西安近代化学研究所(兵器204所)2021年招生需求政策,/tiaoji/schooldetail/id/28265.shtml,2021-03-01,陕西,,,B022-TJ-0461,2021,历史快照,True,待回源核验,用户提供的 2021 年调剂信息快照
武汉船舶通信研究所,通信与信息系统、信号与信..,武汉船舶通信研究所2021级硕士研究生预调剂意向征集信..,/tiaoji/schooldetail/id/28263.shtml,2021-03-01,湖北,,,B022-TJ-0462,2021,历史快照,True,待回源核验,用户提供的 2021 年调剂信息快照
武汉第二船舶设计研究所,船舶与海洋工程、机械工程..,2021年武汉第二船舶设计研究所招收研究生预调剂征求意..,/tiaoji/schooldetail/id/28261.shtml,2021-03-01,湖北,,,B022-TJ-0463,2021,历史快照,True,待回源核验,用户提供的 2021 年调剂信息快照
上海空间电子设备研究所（539）,信息与通信工程,上海空间电子设备研究所（539）接收2021年考研调剂生..,/tiaoji/schooldetail/id/28259.shtml,2021-03-01,上海,,,B022-TJ-0464,2021,历史快照,True,待回源核验,用户提供的 2021 年调剂信息快照
郑州轻工业大学,环境工程（环境生态学、湿..,2021年郑州轻工业大学资源与环境招生调剂信息,/tiaoji/schooldetail/id/28257.shtml,2021-03-01,河南,,,B022-TJ-0465,2021,历史快照,True,待回源核验,用户提供的 2021 年调剂信息快照
福建农林大学,生物技术、生物学,2021年中科院海西研究院-福建农林大学联合培养生物技..,/tiaoji/schooldetail/id/28255.shtml,2021-03-01,福建,农林,"福建省重点建设高校（2003年）
农业部与福建省人民政府共建大学（2011）
国家林业局与福建省人民政府共建大学（2012）
福建省高水平大学建设高校（2014）
福建省一流大学建设高校（2018）",B022-TJ-0466,2021,历史快照,True,待回源核验,用户提供的 2021 年调剂信息快照
太原理工大学,物理相关,2021年太原理工大学“氧化物半导体磁电特性与应用”课..,/tiaoji/schooldetail/id/28253.shtml,2021-03-01,山西,公办大学,理工,B022-TJ-0467,2021,历史快照,True,待回源核验,用户提供的 2021 年调剂信息快照
武汉理工大学,化学工程与技术,2021年武汉理工大学化学工程与技术招生调剂信息,/tiaoji/schooldetail/id/28251.shtml,2021-03-01,湖北,理工,"（2017年）
（1978年）
（1996年）

（2010年）",B022-TJ-0468,2021,历史快照,True,待回源核验,用户提供的 2021 年调剂信息快照
西安交通大学,生物物理学、生物化学与分..,2021年西安交通大学医学部基础医学院生物物理学、生物..,/tiaoji/schooldetail/id/28247.shtml,2021-03-01,陕西,公立大学,综合类,B022-TJ-0469,2021,历史快照,True,待回源核验,用户提供的 2021 年调剂信息快照
南京医科大学,生物信息学、细胞生物学,2021年南京医科大学生殖医学国家重点实验室生物信息学..,/tiaoji/schooldetail/id/28245.shtml,2021-03-01,江苏,医药类,（2015年）,B022-TJ-0470,2021,历史快照,True,待回源核验,用户提供的 2021 年调剂信息快照
长江大学,农业昆虫与害虫防冶,2021年长江大学昆虫分子生物学实验室团队农业昆虫与害..,/tiaoji/schooldetail/id/28243.shtml,2021-03-01,湖北,综合类,"省属重点本科高校
省部共建高校（2012年）
中西部高校基础能力建设工程（2012年）
卓越工程师教育培养计划（2012年）
卓越农林人才教育培养计划（2014年）",B022-TJ-0471,2021,历史快照,True,待回源核验,用户提供的 2021 年调剂信息快照
中山大学,船舶与海洋结构物设计制造..,2021年中山大学海上新能源装备与技术团队船舶与海洋结..,/tiaoji/schooldetail/id/28241.shtml,2021-03-01,广东,,,B022-TJ-0472,2021,历史快照,True,待回源核验,用户提供的 2021 年调剂信息快照
广东工业大学,化学工程与技术,2021年广东工业大学轻工化工学院解晓伟课题组招生调剂..,/tiaoji/schooldetail/id/28237.shtml,2021-03-01,广东,,,B022-TJ-0473,2021,历史快照,True,待回源核验,用户提供的 2021 年调剂信息快照
福州大学,资源与环境、矿物加工工程,2021年福州大学矿业工程招生调剂信息,/tiaoji/schooldetail/id/28235.shtml,2021-03-01,福建,理工类,"（2017年）
（1997年） 
福建省重点建设高校（2003年） 
（2010年） 
教育部、福建省人民政府共建高校（2012年）",B022-TJ-0474,2021,历史快照,True,待回源核验,用户提供的 2021 年调剂信息快照
北京工业大学,材料/化学/物理专业，有光..,2021年北京工业大学材料科学与工程招生调剂信息,/tiaoji/schooldetail/id/28233.shtml,2021-03-01,北京,理工,"（2017年）
（1996年）
（2010年）
（2011年）
（2017年）",B022-TJ-0475,2021,历史快照,True,待回源核验,用户提供的 2021 年调剂信息快照
西安工业大学,化学工程与技术、环境科学..,2021年西安工业大学化学工程与技术、环境科学与工程、..,/tiaoji/schooldetail/id/28231.shtml,2021-03-01,陕西,理工,国家二级保密资格单位,B022-TJ-0476,2021,历史快照,True,待回源核验,用户提供的 2021 年调剂信息快照
江南大学,环境科学与工程,2021年江南大学环境与土木工程学院环境与催化课题组环..,/tiaoji/schooldetail/id/28229.shtml,2021-03-01,江苏,,"211工程（1996年）
世界一流学科建设高校（2017年）
985工程优势学科创新平台（2011年）
高等学校学科创新引智计划（2006年）",B022-TJ-0477,2021,历史快照,True,待回源核验,用户提供的 2021 年调剂信息快照
长春理工大学,环境工程、化工、微生物、..,2021年长春理工大学环境科学与工程招生调剂信息,/tiaoji/schooldetail/id/28227.shtml,2021-03-01,吉林,,,B022-TJ-0478,2021,历史快照,True,待回源核验,用户提供的 2021 年调剂信息快照
黑龙江八一农垦大学,园艺学,2021年黑龙江八一农垦大学园艺学招生调剂信息,/tiaoji/schooldetail/id/28225.shtml,2021-03-01,黑龙江,农林,,B022-TJ-0479,2021,历史快照,True,待回源核验,用户提供的 2021 年调剂信息快照
江苏大学,环境科学与工程、资源与环..,2021年江苏大学环境科学与工程、资源与环境考研调剂信..,/tiaoji/schooldetail/id/28223.shtml,2021-03-01,江苏,,,B022-TJ-0480,2021,历史快照,True,待回源核验,用户提供的 2021 年调剂信息快照
江南大学,生化与分子生物学、微生物..,2021年江南大学生化与分子生物学、微生物、生物工程、..,/tiaoji/schooldetail/id/28221.shtml,2021-03-01,江苏,,"211工程（1996年）
世界一流学科建设高校（2017年）
985工程优势学科创新平台（2011年）
高等学校学科创新引智计划（2006年）",B022-TJ-0481,2021,历史快照,True,待回源核验,用户提供的 2021 年调剂信息快照
黑龙江八一农垦大学,作物学,2021年黑龙江八一农垦大学作物学研究生调剂信息,/tiaoji/schooldetail/id/28219.shtml,2021-03-01,黑龙江,农林,,B022-TJ-0482,2021,历史快照,True,待回源核验,用户提供的 2021 年调剂信息快照
华东交通大学,光学工程、材料科学与工程..,2021年华东交通大学光学工程、材料科学与工程、物理学..,/tiaoji/schooldetail/id/28217.shtml,2021-03-01,江西,理工类,"省属重点本科高校
 
（2011年入选）
（2016年入选）",B022-TJ-0483,2021,历史快照,True,待回源核验,用户提供的 2021 年调剂信息快照
青岛大学,物理科学等,2021年青岛大学物理科学学院考研调剂信息,/tiaoji/schooldetail/id/28215.shtml,2021-03-01,山东,综合类,"（2011年） 
（2012年）
（2013年）",B022-TJ-0484,2021,历史快照,True,待回源核验,用户提供的 2021 年调剂信息快照
西南大学,高分子化学与物理,2021年西南大学高分子化学与物理硕士研究生调剂信息,/tiaoji/schooldetail/id/28213.shtml,2021-03-01,重庆,,,B022-TJ-0485,2021,历史快照,True,待回源核验,用户提供的 2021 年调剂信息快照
上海工程技术大学,交通运输工程,2021年上海工程技术大学交通运输工程硕士研究生调剂信..,/tiaoji/schooldetail/id/28211.shtml,2021-03-01,上海,理工,"上海高水平地方应用型高校建设单位 
全国地方高校新工科建设牵头单位 
长三角高水平特色地方高校创新联盟",B022-TJ-0486,2021,历史快照,True,待回源核验,用户提供的 2021 年调剂信息快照
塔里木大学,化学工程与技术,2021年塔里木大学化学工程与技术研究生调剂信息,/tiaoji/schooldetail/id/28209.shtml,2021-03-01,新疆,综合,"省部共建

改革试点高校",B022-TJ-0487,2021,历史快照,True,待回源核验,用户提供的 2021 年调剂信息快照
武汉科技大学,材料科学与工程,2021年武汉科技大学先进材料与纳米技术研究院材料科学..,/tiaoji/schooldetail/id/28207.shtml,2021-03-01,湖北,理工,"全日制普通高等学校
（2013年）
国家（2016年）
湖北省“双一流”建设高校（2018年）
（2013年）",B022-TJ-0488,2021,历史快照,True,待回源核验,用户提供的 2021 年调剂信息快照
长江大学,查看正文,2021年长江大学电子信息学院研究生调剂信息,/tiaoji/schooldetail/id/28205.shtml,2021-03-01,湖北,综合类,"省属重点本科高校
省部共建高校（2012年）
中西部高校基础能力建设工程（2012年）
卓越工程师教育培养计划（2012年）
卓越农林人才教育培养计划（2014年）",B022-TJ-0489,2021,历史快照,True,待回源核验,用户提供的 2021 年调剂信息快照
昆明理工大学,生物学、药学、生物与医药,2021年昆明理工大学生物学、药学、生物与医药考研调剂..,/tiaoji/schooldetail/id/28203.shtml,2021-03-01,云南,综合类,"（2012年）
 
（1998年）
（2011年）
（2018年）",B022-TJ-0490,2021,历史快照,True,待回源核验,用户提供的 2021 年调剂信息快照
东北石油大学,控制科学与工程,2021年东北石油大学控制科学与工程硕士研究生调剂信息,/tiaoji/schooldetail/id/28201.shtml,2021-03-01,黑龙江,理工类,"（1978年）
（2010年）
实施高校（2011年）
实施高校 （2008年）
建设高校（2010年）",B022-TJ-0491,2021,历史快照,True,待回源核验,用户提供的 2021 年调剂信息快照
烟台大学,材料科学与工程,2021年烟台大学材料科学与工程考研调剂信息,/tiaoji/schooldetail/id/28199.shtml,2021-03-01,山东,综合类,"山东省属重点综合性大学



山东省地方立法研究服务基地",B022-TJ-0492,2021,历史快照,True,待回源核验,用户提供的 2021 年调剂信息快照
南昌航空大学,环境科学与工程,2021年南昌航空大学环境科学与工程研究生调剂信息,/tiaoji/schooldetail/id/28197.shtml,2021-03-01,江西,,"江西省人民政府与国家国防科技工业局共建高校（2010） 
（2011）",B022-TJ-0493,2021,历史快照,True,待回源核验,用户提供的 2021 年调剂信息快照
中南林业科技大学,林业工程,2021年中南林业科技大学林业工程研究生调剂信息,/tiaoji/schooldetail/id/28195.shtml,2021-03-01,湖南,农林类,"（2012年）
（2014年）
湖南省“双一流”建设高校（2018年）",B022-TJ-0494,2021,历史快照,True,待回源核验,用户提供的 2021 年调剂信息快照
集美大学,信息与通信工程,2021年集美大学信息与通信工程研究生调剂信息,/tiaoji/schooldetail/id/28193.shtml,2021-03-01,福建,综合,"福建省重点建设高校（2004）
交通运输部与福建省共建高校（2007）
福建省与厦门市共建高校（2012）
卓越工程师教育培养计划 （2013）
卓越农林人才教育培养计划（2014）",B022-TJ-0495,2021,历史快照,True,待回源核验,用户提供的 2021 年调剂信息快照
广东工业大学,环境科学与工程,2021年广东工业大学环境科学与工程考研调剂信息,/tiaoji/schooldetail/id/28191.shtml,2021-03-01,广东,,,B022-TJ-0496,2021,历史快照,True,待回源核验,用户提供的 2021 年调剂信息快照
集美大学,船舶与海洋工程,2021年集美大学船舶与海洋工程研究生调剂信息,/tiaoji/schooldetail/id/28189.shtml,2021-03-01,福建,综合,"福建省重点建设高校（2004）
交通运输部与福建省共建高校（2007）
福建省与厦门市共建高校（2012）
卓越工程师教育培养计划 （2013）
卓越农林人才教育培养计划（2014）",B022-TJ-0497,2021,历史快照,True,待回源核验,用户提供的 2021 年调剂信息快照
中国石油大学（华东）,化学、化工、材料,2021年中国石油大学（华东）生物质新能源和新材料课题..,/tiaoji/schooldetail/id/28187.shtml,2021-03-01,山东,理工,"世界一流学科建设高校（2017年）
全国重点大学（1960年）
211工程（1997年）
卓越工程师教育培养计划（2010年）",B022-TJ-0498,2021,历史快照,True,待回源核验,用户提供的 2021 年调剂信息快照
渤海大学,会计学、金融学,2021年渤海大学会计学、金融学研究生调剂信息,/tiaoji/schooldetail/id/28185.shtml,2021-03-01,辽宁,综合,辽宁省,B022-TJ-0499,2021,历史快照,True,待回源核验,用户提供的 2021 年调剂信息快照
山东理工大学,材料,2021年山东理工大学材料学院研究生调剂信息,/tiaoji/schooldetail/id/28183.shtml,2021-03-01,山东,理工类,"实施高校

山东省一流学科立项建设高校
立项建设单位",B022-TJ-0500,2021,历史快照,True,待回源核验,用户提供的 2021 年调剂信息快照
烟台大学,材料科学与工程（学硕）、..,2021年烟台大学2021年烟台大学化学化工学院医用/自修..,/tiaoji/schooldetail/id/28181.shtml,2021-03-01,山东,综合类,"山东省属重点综合性大学



山东省地方立法研究服务基地",B022-TJ-0501,2021,历史快照,True,待回源核验,用户提供的 2021 年调剂信息快照
北京服装学院,材料、化工、环境化学、分..,2021年北京服装学院材料设计与工程学院材料、化工、环..,/tiaoji/schooldetail/id/28179.shtml,2021-03-01,北京,艺术类,（2011年10月入选）,B022-TJ-0502,2021,历史快照,True,待回源核验,用户提供的 2021 年调剂信息快照
南方科技大学,机电、计算机、材料等,2021年南方科技大学计算设计与制造课题组（机电，计算..,/tiaoji/schooldetail/id/28175.shtml,2021-03-01,广东,理工类,"国家高等教育综合改革试验校
全日制普通高等学校",B022-TJ-0503,2021,历史快照,True,待回源核验,用户提供的 2021 年调剂信息快照
贵州大学,治金工程,2021年贵州大学治金工程研究生调剂信息,/tiaoji/schooldetail/id/28173.shtml,2021-03-01,贵州,综合,西部地区重点建设高水平大学,B022-TJ-0504,2021,历史快照,True,待回源核验,用户提供的 2021 年调剂信息快照
东北林业大学,化学、材料科学与工程,2021年东北林业大学化学、材料科学与工程研究生调剂信..,/tiaoji/schooldetail/id/28171.shtml,2021-03-01,黑龙江,林业类,"（2017年入选）

（2005年入选）
（2011年入选）
（2011年入选）",B022-TJ-0505,2021,历史快照,True,待回源核验,用户提供的 2021 年调剂信息快照
湖北工业大学,轻工技术与工程、材料科学..,2021年湖北工业大学轻工技术与工程、材料科学与工程研..,/tiaoji/schooldetail/id/28169.shtml,2021-03-01,湖北,理工,"（2011年）
（2012年）
（2014年）
（2017年）",B022-TJ-0506,2021,历史快照,True,待回源核验,用户提供的 2021 年调剂信息快照
福建师范大学,计算机科学与技术,2021年福建师范大学计算机科学与技术考研调剂信息,/tiaoji/schooldetail/id/28167.shtml,2021-03-01,福建,师范类,"（2003） 
福建省人民政府与教育部共建高校（2012） 
（2014） 
福建省一流大学建设高校（2018）",B022-TJ-0507,2021,历史快照,True,待回源核验,用户提供的 2021 年调剂信息快照
黑龙江大学,植物保护,2021年黑龙江大学现代农业与生态环境学院焦晓光教授团..,/tiaoji/schooldetail/id/28163.shtml,2021-03-01,黑龙江,综合,"全日制普通高等学校
（2012年）
（2012年）
（2013年）
黑龙江省“双一流”建设A类高校（2018年）",B022-TJ-0508,2021,历史快照,True,待回源核验,用户提供的 2021 年调剂信息快照
黑龙江大学,生态学,2021年黑龙江大学生态学研究生调剂信息,/tiaoji/schooldetail/id/28161.shtml,2021-03-01,黑龙江,综合,"全日制普通高等学校
（2012年）
（2012年）
（2013年）
黑龙江省“双一流”建设A类高校（2018年）",B022-TJ-0509,2021,历史快照,True,待回源核验,用户提供的 2021 年调剂信息快照
厦门大学,机械、电气、仪器、能源与..,2021年厦门大学机械、电气、仪器、能源与动力工程、自..,/tiaoji/schooldetail/id/28159.shtml,2021-03-01,福建,,,B022-TJ-0510,2021,历史快照,True,待回源核验,用户提供的 2021 年调剂信息快照
上海海洋大学,船舶与海洋工程、电子信息,2021年上海海洋大学船舶与海洋工程、电子信息（控制方..,/tiaoji/schooldetail/id/28157.shtml,2021-03-01,上海,农林类,（2017年入选）,B022-TJ-0511,2021,历史快照,True,待回源核验,用户提供的 2021 年调剂信息快照
南京林业大学,料、化学、生物等,2021年南京林业大学化工学院先进材料与绿色催化课题组..,/tiaoji/schooldetail/id/28155.shtml,2021-03-01,江苏,农林,"（2000年） 
 
（2014年） 
（2010年） 
世界一流学科建设高校（2017年）",B022-TJ-0512,2021,历史快照,True,待回源核验,用户提供的 2021 年调剂信息快照
江西农业大学,生态学,2021年江西农业大学生态学研究生调剂信息,/tiaoji/schooldetail/id/28153.shtml,2021-03-01,江西,农林类,"（1978） 
（一期）（2012） 
农业农村部与江西省人民政府共建高校（2012） 
国家林业和草原局与江西省人民政府共建高校（2015）
江西省一流学科建设高校（2017年）",B022-TJ-0513,2021,历史快照,True,待回源核验,用户提供的 2021 年调剂信息快照
山东大学,化学,2021年山东大学化学与化工学院化学研究生调剂信息,/tiaoji/schooldetail/id/28151.shtml,2021-02-28,山东,综合,"A类（2017年入选）
（2001年入选）
（1997年入选）
（2012年入选）
（2009年入选）",B022-TJ-0514,2021,历史快照,True,待回源核验,用户提供的 2021 年调剂信息快照
广西大学,化学工程与技术、化学、材..,2021年广西大学化学工程与技术、化学、材料与化工研究..,/tiaoji/schooldetail/id/28149.shtml,2021-02-28,广西,综合类,"（2017年）
（1999年）
 （2004年）  
（2011年）
（2012年）",B022-TJ-0515,2021,历史快照,True,待回源核验,用户提供的 2021 年调剂信息快照
东北师范大学,无机化学,2021年东北师范大学无机化学硕士研究生调剂信息,/tiaoji/schooldetail/id/28147.shtml,2021-02-28,吉林,师范类,"（2017年）
（1996年）
（2009年）
（2014年）
（2015年）",B022-TJ-0516,2021,历史快照,True,待回源核验,用户提供的 2021 年调剂信息快照
西北农林科技大学,植物学,2021年西北农林科技大学植物学考研调剂信息,/tiaoji/schooldetail/id/28145.shtml,2021-02-28,陕西,农林,,B022-TJ-0517,2021,历史快照,True,待回源核验,用户提供的 2021 年调剂信息快照
吉林农业大学,畜牧学,2021年吉林农业大学畜牧学考研调剂信息,/tiaoji/schooldetail/id/28143.shtml,2021-02-28,吉林,农林类,"吉林省省属重点大学
吉林省人民政府与农业部合作共建大学（2011）
中西部高校基础能力建设工程（2012）",B022-TJ-0518,2021,历史快照,True,待回源核验,用户提供的 2021 年调剂信息快照
渤海大学,食品科学与工程,2021年渤海大学食品科学与工程考研调剂信息,/tiaoji/schooldetail/id/28141.shtml,2021-02-28,辽宁,综合,辽宁省,B022-TJ-0519,2021,历史快照,True,待回源核验,用户提供的 2021 年调剂信息快照
长春理工大学,有机化学,2021年长春理工大学有机化学研究生调剂信息,/tiaoji/schooldetail/id/28139.shtml,2021-02-28,吉林,,,B022-TJ-0520,2021,历史快照,True,待回源核验,用户提供的 2021 年调剂信息快照
广州大学,环境科学与工程,2021年广州大学环境微生物与水污染控制研究所环境科学..,/tiaoji/schooldetail/id/28137.shtml,2021-02-28,广东,,,B022-TJ-0521,2021,历史快照,True,待回源核验,用户提供的 2021 年调剂信息快照
湖北工业大学,材料科学与工程,2021年湖北工业大学材料科学与工程调剂信息,/tiaoji/schooldetail/id/28135.shtml,2021-02-28,湖北,理工,"（2011年）
（2012年）
（2014年）
（2017年）",B022-TJ-0522,2021,历史快照,True,待回源核验,用户提供的 2021 年调剂信息快照
延安大学,基础医学、临床医学、中西..,2021年延安大学基础医学、临床医学、中西医结合、药学..,/tiaoji/schooldetail/id/28133.shtml,2021-02-28,陕西,综合,"（2005年）
（2011年）
（1998年）",B022-TJ-0523,2021,历史快照,True,待回源核验,用户提供的 2021 年调剂信息快照
华北理工大学,临床医学,2021年华北理工大学附属开滦总医院临床医学考研调剂信..,/tiaoji/schooldetail/id/28131.shtml,2021-02-28,河北,综合,省属重点本科高校,B022-TJ-0524,2021,历史快照,True,待回源核验,用户提供的 2021 年调剂信息快照
吉林大学,病理生理学,（校内调剂）2021年吉林大学病理生理学系考研调剂信息,/tiaoji/schooldetail/id/28129.shtml,2021-02-28,吉林,综合,（世界一流大学A类建设高校）,B022-TJ-0525,2021,历史快照,True,待回源核验,用户提供的 2021 年调剂信息快照
济南大学,理论物理、粒子物理与原子..,2021年济南大学理论物理、粒子物理与原子核物理考研调..,/tiaoji/schooldetail/id/28127.shtml,2021-02-28,山东,,山东省,B022-TJ-0526,2021,历史快照,True,待回源核验,用户提供的 2021 年调剂信息快照
青岛科技大学,无机化学、材料科学与工程..,2021年青岛科技大学无机化学、材料科学与工程、材料与..,/tiaoji/schooldetail/id/28125.shtml,2021-02-28,山东,理工类,"高校（2011年）
“”应用基础型特色名校重点建设大学",B022-TJ-0527,2021,历史快照,True,待回源核验,用户提供的 2021 年调剂信息快照
哈尔滨理工大学,材料、物理、化学,2021年哈尔滨理工大学材料学院岳红彦教授课题组材料、..,/tiaoji/schooldetail/id/28123.shtml,2021-02-28,黑龙江,理工,国家建设高校,B022-TJ-0528,2021,历史快照,True,待回源核验,用户提供的 2021 年调剂信息快照
北京化工大学,生物工程,2021年北京化工大学高精尖中心Jens Nielsen课题组生物..,/tiaoji/schooldetail/id/28121.shtml,2021-02-28,北京,理工类,"（2017年）
（2008年）
（1996年）
（1960年）",B022-TJ-0529,2021,历史快照,True,待回源核验,用户提供的 2021 年调剂信息快照
陕西科技大学,化学工程与技术,2021年陕西科技大学绿色催化研究团队化学工程与技术考..,/tiaoji/schooldetail/id/28119.shtml,2021-02-28,陕西,理工,"（1998年）
（2011年）
（2011年）
 （2012年）
（2018年）",B022-TJ-0530,2021,历史快照,True,待回源核验,用户提供的 2021 年调剂信息快照
广西民族大学,物理,2021年广西民族大学材料与环境学院物理研究生调剂信息,/tiaoji/schooldetail/id/28117.shtml,2021-02-28,广西,,广西壮族自治区,B022-TJ-0531,2021,历史快照,True,待回源核验,用户提供的 2021 年调剂信息快照
天津科技大学,化学工程、化学工艺、海洋..,2021年天津科技大学化学工程、化学工艺、海洋化学、化..,/tiaoji/schooldetail/id/28115.shtml,2021-02-28,天津,,天津市,B022-TJ-0532,2021,历史快照,True,待回源核验,用户提供的 2021 年调剂信息快照
赣南师范大学,园艺学、植物保护,2021年赣南师范大学园艺学、植物保护考研调剂信息,/tiaoji/schooldetail/id/28113.shtml,2021-02-28,江西,,江西省一流学科建设高校（2017）,B022-TJ-0533,2021,历史快照,True,待回源核验,用户提供的 2021 年调剂信息快照
福建师范大学,环境科学与工程,2021年福建师范大学环境科学与工程考研调剂信息,/tiaoji/schooldetail/id/28111.shtml,2021-02-28,福建,师范类,"（2003） 
福建省人民政府与教育部共建高校（2012） 
（2014） 
福建省一流大学建设高校（2018）",B022-TJ-0534,2021,历史快照,True,待回源核验,用户提供的 2021 年调剂信息快照
河北工业大学,生物医学工程,2021年河北工业大学生物医学工程研究生调剂信息,/tiaoji/schooldetail/id/28109.shtml,2021-02-28,河北,理工类,"（2017年入选）
（1996年入选）
 
（2011年10月入选）
（2013年5月入选）",B022-TJ-0535,2021,历史快照,True,待回源核验,用户提供的 2021 年调剂信息快照
上海应用技术大学,制药工程、化学工程与工艺..,2021年上海应用技术大学制药工程、化学工程与工艺、应..,/tiaoji/schooldetail/id/28107.shtml,2021-02-28,上海,理工,"应用技术大学（学院）联盟
卓越工程师教育培养计划
上海市
全国100所应用型示范本科高校建设单位
上海高水平地方应用型高校",B022-TJ-0536,2021,历史快照,True,待回源核验,用户提供的 2021 年调剂信息快照
上海电机学院,材料加工工程,2021年上海电机学院机械学院-材料加工工程考研调剂信..,/tiaoji/schooldetail/id/28105.shtml,2021-02-28,上海,,,B022-TJ-0537,2021,历史快照,True,待回源核验,用户提供的 2021 年调剂信息快照
哈尔滨工程大学,动力工程及工程热物理、轮..,2021年哈尔滨工程大学动力学院动力装置电控技术研究所..,/tiaoji/schooldetail/id/28103.shtml,2021-02-28,黑龙江,理工类,"（2017年）
（1996年）
工业和信息化部、教育部、黑龙江省、哈尔滨市共建高校（2019年）
（2011年）",B022-TJ-0538,2021,历史快照,True,待回源核验,用户提供的 2021 年调剂信息快照
阜阳师范大学,生物学,2021年阜阳师范大学生物学研究生调剂信息,/tiaoji/schooldetail/id/28101.shtml,2021-02-28,安徽,,,B022-TJ-0539,2021,历史快照,True,待回源核验,用户提供的 2021 年调剂信息快照
武汉工程大学,资源与环境,2021年武汉工程大学资源与安全工程学院_资源与环境考..,/tiaoji/schooldetail/id/28099.shtml,2021-02-28,湖北,理工,"高校（2011）
（2012）
（2018）
湖北省国内一流学科建设高校（2018）",B022-TJ-0540,2021,历史快照,True,待回源核验,用户提供的 2021 年调剂信息快照
齐齐哈尔大学,化学工程与技术,2021年齐齐哈尔大学化学工程与技术研究生调剂信息,/tiaoji/schooldetail/id/28097.shtml,2021-02-28,黑龙江,综合类,"黑龙江省高教强省重点建设高校（2008年入选）
黑龙江省高水平大学（2018年入选）",B022-TJ-0541,2021,历史快照,True,待回源核验,用户提供的 2021 年调剂信息快照
福建农林大学,材料科学与工程,2021年福建农林大学材料科学与工程考研调剂信息,/tiaoji/schooldetail/id/28095.shtml,2021-02-27,福建,农林,"福建省重点建设高校（2003年）
农业部与福建省人民政府共建大学（2011）
国家林业局与福建省人民政府共建大学（2012）
福建省高水平大学建设高校（2014）
福建省一流大学建设高校（2018）",B022-TJ-0542,2021,历史快照,True,待回源核验,用户提供的 2021 年调剂信息快照
上海工程技术大学,化学、化工、材料,2021年上海工程技术大学微纳制造先进材料研究中心化学..,/tiaoji/schooldetail/id/28093.shtml,2021-02-27,上海,理工,"上海高水平地方应用型高校建设单位 
全国地方高校新工科建设牵头单位 
长三角高水平特色地方高校创新联盟",B022-TJ-0543,2021,历史快照,True,待回源核验,用户提供的 2021 年调剂信息快照
辽宁工程技术大学,工程力学、土木工程、工程..,2021年辽宁工程技术大学力学与工程学院工程力学、土木..,/tiaoji/schooldetail/id/28091.shtml,2021-02-27,辽宁,理工,,B022-TJ-0544,2021,历史快照,True,待回源核验,用户提供的 2021 年调剂信息快照
中北大学,新能源材料与器件、材料化..,2021年中北大学新能源材料与器件、材料化学、化学类等..,/tiaoji/schooldetail/id/28089.shtml,2021-02-27,山西,,,B022-TJ-0545,2021,历史快照,True,待回源核验,用户提供的 2021 年调剂信息快照
上海第二工业大学,资源与环境、电子信息,上海第二工业大学2021年研究生招生预调剂填报系统（资..,/tiaoji/schooldetail/id/28087.shtml,2021-02-27,上海,理工类,"市属全日制普通本科高校
教育部卓越工程师教育培养计划高校",B022-TJ-0546,2021,历史快照,True,待回源核验,用户提供的 2021 年调剂信息快照
延安大学,学科教学（化学）、课程与..,2021年延安大学化学与化工学院学科教学（化学）、课程..,/tiaoji/schooldetail/id/28085.shtml,2021-02-27,陕西,综合,"（2005年）
（2011年）
（1998年）",B022-TJ-0547,2021,历史快照,True,待回源核验,用户提供的 2021 年调剂信息快照
延安大学,区域经济学、金融学、产业..,2021年延安大学区域经济学、金融学、产业经济学、会计..,/tiaoji/schooldetail/id/28083.shtml,2021-02-27,陕西,综合,"（2005年）
（2011年）
（1998年）",B022-TJ-0548,2021,历史快照,True,待回源核验,用户提供的 2021 年调剂信息快照
南方医科大学,中药学,2021年南方医科大学中药学研究生调剂信息,/tiaoji/schooldetail/id/28081.shtml,2021-02-27,广东,,,B022-TJ-0549,2021,历史快照,True,待回源核验,用户提供的 2021 年调剂信息快照
大连医科大学,分子生物学、生物化学,2021年大连医科大学肿瘤中心生化和分子生物学考研调剂..,/tiaoji/schooldetail/id/28077.shtml,2021-02-27,辽宁,,,B022-TJ-0550,2021,历史快照,True,待回源核验,用户提供的 2021 年调剂信息快照
江苏大学,动力工程及工程热物理,2021年江苏大学动力工程及工程热物理研究生调剂信息,/tiaoji/schooldetail/id/28075.shtml,2021-02-27,江苏,,,B022-TJ-0551,2021,历史快照,True,待回源核验,用户提供的 2021 年调剂信息快照
北京信息科技大学,仪器科学与技术、光学工程..,2021年北京信息科技大学仪器科学与技术、光学工程、电..,/tiaoji/schooldetail/id/28073.shtml,2021-02-27,北京,理工,"（2011年入选）

（2017年入选）",B022-TJ-0552,2021,历史快照,True,待回源核验,用户提供的 2021 年调剂信息快照
江苏大学,查看正文,2021年江苏大学环境与安全工程学院考研调剂信息,/tiaoji/schooldetail/id/28071.shtml,2021-02-27,江苏,,,B022-TJ-0553,2021,历史快照,True,待回源核验,用户提供的 2021 年调剂信息快照
杭州师范大学,药学、生物学,2021年杭州师范大学医学院药学、生物学研究生调剂信息,/tiaoji/schooldetail/id/28069.shtml,2021-02-27,浙江,师范类（综合类）,"（卓越小学教师培养改革项目）
浙江省重点建设高校",B022-TJ-0554,2021,历史快照,True,待回源核验,用户提供的 2021 年调剂信息快照
中国医科大学,药学,2021年中国医科大学药学研究生调剂信息（专硕）,/tiaoji/schooldetail/id/28067.shtml,2021-02-27,辽宁,医药,"省部委重点共建高校 

（2015年）",B022-TJ-0555,2021,历史快照,True,待回源核验,用户提供的 2021 年调剂信息快照
武汉大学,有机化学,2021年武汉大学有机化学考研调剂信息,/tiaoji/schooldetail/id/28065.shtml,2021-02-27,湖北,,,B022-TJ-0556,2021,历史快照,True,待回源核验,用户提供的 2021 年调剂信息快照
南通大学,公共卫生与预防医学、医学..,2021年南通大学公共卫生与预防医学、医学检验等考研生..,/tiaoji/schooldetail/id/28063.shtml,2021-02-27,江苏,公立大学,综合类,B022-TJ-0557,2021,历史快照,True,待回源核验,用户提供的 2021 年调剂信息快照
中国人民大学,物理学,2021年中国人民大学物理学考研调剂信息,/tiaoji/schooldetail/id/28061.shtml,2021-02-27,北京,,,B022-TJ-0558,2021,历史快照,True,待回源核验,用户提供的 2021 年调剂信息快照
昆明理工大学,细胞生物学,2021年昆明理工大学细胞生物学考研调剂信息,/tiaoji/schooldetail/id/28059.shtml,2021-02-27,云南,综合类,"（2012年）
 
（1998年）
（2011年）
（2018年）",B022-TJ-0559,2021,历史快照,True,待回源核验,用户提供的 2021 年调剂信息快照
河北工程大学,材料科学与工程,2021年河北工程大学材料科学与工程考研调剂信息,/tiaoji/schooldetail/id/28057.shtml,2021-02-27,河北,理工,"省属重点骨干大学（2011年）
（2010年） 
（2016年） 
河北省国家一流大学建设二层次高校（2016年）
应急管理学院建设首批试点学校（2020年）",B022-TJ-0560,2021,历史快照,True,待回源核验,用户提供的 2021 年调剂信息快照
南昌航空大学,仪器科学与技术,2021年南昌航空大学无损检测技术教育部重点实验室仪器..,/tiaoji/schooldetail/id/28055.shtml,2021-02-27,江西,,"江西省人民政府与国家国防科技工业局共建高校（2010） 
（2011）",B022-TJ-0561,2021,历史快照,True,待回源核验,用户提供的 2021 年调剂信息快照
河南大学,生物科学、计算机科学、生..,2021年河南大学作物逆境国家重点实验室生物学考研调剂..,/tiaoji/schooldetail/id/28053.shtml,2021-02-27,河南,综合,"（2017年） 
（2016年）
（2008年）
（2012年） 
（2012年）",B022-TJ-0562,2021,历史快照,True,待回源核验,用户提供的 2021 年调剂信息快照
安徽工业大学,材料科学与工程、治金工程,2021年安徽工业大学材料科学与工程、治金工程考研调剂..,/tiaoji/schooldetail/id/28051.shtml,2021-02-27,安徽,理工,"卓越工程师教育培养计划高校（2011年）
中西部高校基础能力建设工程（2013年）
省部联动支持高校（2016年）
全国深化创新创业教育改革示范高校（2017年）",B022-TJ-0563,2021,历史快照,True,待回源核验,用户提供的 2021 年调剂信息快照
安徽农业大学,作物学,2021年安徽农业大学作物学研究生调剂信息,/tiaoji/schooldetail/id/28049.shtml,2021-02-27,安徽,,,B022-TJ-0564,2021,历史快照,True,待回源核验,用户提供的 2021 年调剂信息快照
湖北大学,电子科学与技术,2021年湖北大学电子科学与技术考研调剂信息,/tiaoji/schooldetail/id/28047.shtml,2021-02-27,湖北,综合,"（2013年）
（2012年）
湖北省“双一流”建设高校（2018年）
（2018年）
（2016年）",B022-TJ-0565,2021,历史快照,True,待回源核验,用户提供的 2021 年调剂信息快照
中国药科大学,制药工程学、生物医学工程..,2021年中国药科大学药学研究生调剂信息,/tiaoji/schooldetail/id/28045.shtml,2021-02-27,江苏,医药类,"（1996年入选）
（2017年入选）
 （2011年入选）",B022-TJ-0566,2021,历史快照,True,待回源核验,用户提供的 2021 年调剂信息快照
宁波大学,动力工程及工程热物理、供..,2021年宁波大学动力工程及工程热物理、供热、供燃气、..,/tiaoji/schooldetail/id/28043.shtml,2021-02-27,浙江,公立大学,综合,B022-TJ-0567,2021,历史快照,True,待回源核验,用户提供的 2021 年调剂信息快照
江西师范大学,材料科学与工程,2021年江西师范大学材料科学与工程考研调剂信息,/tiaoji/schooldetail/id/28041.shtml,2021-02-27,江西,（综合）,"（2012）
（2012）
江西省一流学科建设高校（2017）",B022-TJ-0568,2021,历史快照,True,待回源核验,用户提供的 2021 年调剂信息快照
河北科技大学,化学工程与技术,2021年河北科技大学化学工程与技术考研调剂信息,/tiaoji/schooldetail/id/28039.shtml,2021-02-27,河北,理工,"（2011年）  
（2013年）
国防生",B022-TJ-0569,2021,历史快照,True,待回源核验,用户提供的 2021 年调剂信息快照
长春工业大学,材料科学与工程、材料与化..,2021年长春工业大学材料强韧化课题组材料科学与工程、..,/tiaoji/schooldetail/id/28037.shtml,2021-02-27,吉林,,综合类,B022-TJ-0570,2021,历史快照,True,待回源核验,用户提供的 2021 年调剂信息快照
江苏师范大学,有机,2021年江苏师范大学化学与材料科学学院有机专业考研调..,/tiaoji/schooldetail/id/28035.shtml,2021-02-27,江苏,综合师范类,"省部共建高校
省属重点大学
教育部、财政部“国培计划”实施高校
江苏高水平大学建设高校
教育部“”实施高校",B022-TJ-0571,2021,历史快照,True,待回源核验,用户提供的 2021 年调剂信息快照
湖北大学,生物,2021年湖北大学生物催化与酶工程国家重点实验室考研调..,/tiaoji/schooldetail/id/28033.shtml,2021-02-27,湖北,综合,"（2013年）
（2012年）
湖北省“双一流”建设高校（2018年）
（2018年）
（2016年）",B022-TJ-0572,2021,历史快照,True,待回源核验,用户提供的 2021 年调剂信息快照
常州大学,石油与天然气工程、动力工..,2021年常州大学石油工程学院石油与天然气工程、动力工..,/tiaoji/schooldetail/id/28031.shtml,2021-02-27,江苏,理工类,省属重点本科高校,B022-TJ-0573,2021,历史快照,True,待回源核验,用户提供的 2021 年调剂信息快照
东北石油大学,石油与天然气工程,2021年东北石油大学石油与天然气工程研究生调剂信息,/tiaoji/schooldetail/id/28029.shtml,2021-02-27,黑龙江,理工类,"（1978年）
（2010年）
实施高校（2011年）
实施高校 （2008年）
建设高校（2010年）",B022-TJ-0574,2021,历史快照,True,待回源核验,用户提供的 2021 年调剂信息快照
河北科技师范学院,微生物学,2021年河北科技师范学院微生物学研究生调剂信息,/tiaoji/schooldetail/id/28027.shtml,2021-02-27,河北,师范,"河北省首批转型发展试点院校
河北省创新创业教育示范高校",B022-TJ-0575,2021,历史快照,True,待回源核验,用户提供的 2021 年调剂信息快照
中南林业科技大学,材料科学与工程,2021年中南林业科技大学材料科学与工程考研调剂信息,/tiaoji/schooldetail/id/28025.shtml,2021-02-27,湖南,农林类,"（2012年）
（2014年）
湖南省“双一流”建设高校（2018年）",B022-TJ-0576,2021,历史快照,True,待回源核验,用户提供的 2021 年调剂信息快照
齐鲁工业大学,材料,2021年齐鲁工业大学材料学院功能材料课题组考研调剂信..,/tiaoji/schooldetail/id/28023.shtml,2021-02-27,山东,理工类,"全日制普通本科院校
（2012年）",B022-TJ-0577,2021,历史快照,True,待回源核验,用户提供的 2021 年调剂信息快照
东北大学,查看正文,2021年东北大学可再生能源存储与转换课题组考研调剂信..,/tiaoji/schooldetail/id/28021.shtml,2021-02-27,辽宁,,,B022-TJ-0578,2021,历史快照,True,待回源核验,用户提供的 2021 年调剂信息快照
湖北大学,生物学、生态学,2021年湖北大学生物学、生态学考研调剂信息,/tiaoji/schooldetail/id/28019.shtml,2021-02-27,湖北,综合,"（2013年）
（2012年）
湖北省“双一流”建设高校（2018年）
（2018年）
（2016年）",B022-TJ-0579,2021,历史快照,True,待回源核验,用户提供的 2021 年调剂信息快照
河南理工大学,查看正文,2021年河南理工大学河南省微尺度理论模拟与设计创新型..,/tiaoji/schooldetail/id/28017.shtml,2021-02-27,河南,理工类,"（2011年） 
（2011年）
（2012年） 
（2018年）",B022-TJ-0580,2021,历史快照,True,待回源核验,用户提供的 2021 年调剂信息快照
山西农业大学,作物学,2021年山西农业大学作物学研究生调剂信息,/tiaoji/schooldetail/id/28013.shtml,2021-02-27,山西,公办高校,农林,B022-TJ-0581,2021,历史快照,True,待回源核验,用户提供的 2021 年调剂信息快照
天津理工大学,化学工程与技术,2021年天津理工大学化学工程与技术考研调剂信息,/tiaoji/schooldetail/id/28011.shtml,2021-02-27,天津,理工,"高校（2011）
（2017）
（2018）",B022-TJ-0582,2021,历史快照,True,待回源核验,用户提供的 2021 年调剂信息快照
东北林业大学,化学化工、高分子、材料,2021年东北林业大学化学化工类、高分子类、材料类等考..,/tiaoji/schooldetail/id/28009.shtml,2021-02-27,黑龙江,林业类,"（2017年入选）

（2005年入选）
（2011年入选）
（2011年入选）",B022-TJ-0583,2021,历史快照,True,待回源核验,用户提供的 2021 年调剂信息快照
山东理工大学,材料科学与工程,2021年山东理工大学材料科学与工程研究生调剂信息,/tiaoji/schooldetail/id/28007.shtml,2021-02-27,山东,理工类,"实施高校

山东省一流学科立项建设高校
立项建设单位",B022-TJ-0584,2021,历史快照,True,待回源核验,用户提供的 2021 年调剂信息快照
长春理工大学,高分子化学与物理,2021年长春理工大学高分子化学与物理考研调剂信息,/tiaoji/schooldetail/id/28005.shtml,2021-02-27,吉林,,,B022-TJ-0585,2021,历史快照,True,待回源核验,用户提供的 2021 年调剂信息快照
辽宁石油化工大学,分析化学、无机化学,2021年辽宁石油化工大学分析化学、无机化学考研调剂信..,/tiaoji/schooldetail/id/28003.shtml,2021-02-27,辽宁,理工,"（2011年）
辽宁省一流学科（A类）建设高校",B022-TJ-0586,2021,历史快照,True,待回源核验,用户提供的 2021 年调剂信息快照
辽宁石油化工大学,化学工程与技术,2021年辽宁石油化工大学化学工程与技术研究生调剂信息,/tiaoji/schooldetail/id/28001.shtml,2021-02-27,辽宁,理工,"（2011年）
辽宁省一流学科（A类）建设高校",B022-TJ-0587,2021,历史快照,True,待回源核验,用户提供的 2021 年调剂信息快照
湖南科技大学,机械工程,2021年湖南科技大学机械工程研究生调剂信息,/tiaoji/schooldetail/id/27999.shtml,2021-02-27,湖南,综合类,,B022-TJ-0588,2021,历史快照,True,待回源核验,用户提供的 2021 年调剂信息快照
华北理工大学,化学工程与技术,2021年河北联合大学化学工程与技术考研调剂信息,/tiaoji/schooldetail/id/27997.shtml,2021-02-27,河北,综合,省属重点本科高校,B022-TJ-0589,2021,历史快照,True,待回源核验,用户提供的 2021 年调剂信息快照
东北农业大学,应用化学、轻工与技术,2021年东北农业大学应用化学、轻工与技术考研调剂信息,/tiaoji/schooldetail/id/27995.shtml,2021-02-27,黑龙江,农林类,"（2017年入选）

（1996年入选）
（2013年入选）
（2014年入选）",B022-TJ-0590,2021,历史快照,True,待回源核验,用户提供的 2021 年调剂信息快照
石家庄铁道大学,查看正文,2021年石家庄铁道大学材料科学与工程学院光电转换材料..,/tiaoji/schooldetail/id/27993.shtml,2021-02-27,河北,理工类,"（2016年入选）
（2011年入选）",B022-TJ-0591,2021,历史快照,True,待回源核验,用户提供的 2021 年调剂信息快照
东北农业大学,农业水利工程、水利水电工..,2021年东北农业大学农业水利工程、水利水电工程考研调..,/tiaoji/schooldetail/id/27991.shtml,2021-02-27,黑龙江,农林类,"（2017年入选）

（1996年入选）
（2013年入选）
（2014年入选）",B022-TJ-0592,2021,历史快照,True,待回源核验,用户提供的 2021 年调剂信息快照
沈阳工业大学,化学工程与技术、材料与化..,2021年沈阳工业大学化学产品工程、化工过程强化、精细..,/tiaoji/schooldetail/id/27989.shtml,2021-02-27,辽宁,,,B022-TJ-0593,2021,历史快照,True,待回源核验,用户提供的 2021 年调剂信息快照
大连工业大学,化学工程与技术,2021年大连工业大学化学工程与技术招生调剂信息 学硕+..,/tiaoji/schooldetail/id/27987.shtml,2021-02-27,辽宁,理工,"（2012年）
（2014年）
辽宁省“国内高水平大学重点建设高校”（2017年）",B022-TJ-0594,2021,历史快照,True,待回源核验,用户提供的 2021 年调剂信息快照
华北理工大学,材料科学与工程、化学工程..,2021年华北理工大学材料科学与工程、化学工程与技术、..,/tiaoji/schooldetail/id/27985.shtml,2021-02-27,河北,综合,省属重点本科高校,B022-TJ-0595,2021,历史快照,True,待回源核验,用户提供的 2021 年调剂信息快照
长春工业大学,化学工程与技术、化工、化..,2021年长春工业大学化学工程与技术、化工、化学考研调..,/tiaoji/schooldetail/id/27983.shtml,2021-02-27,吉林,,综合类,B022-TJ-0596,2021,历史快照,True,待回源核验,用户提供的 2021 年调剂信息快照
重庆医科大学,临床检验诊断学、生化与分..,2021年重庆医科大学临床检验诊断学、生化与分子生物学..,/tiaoji/schooldetail/id/27981.shtml,2021-02-27,重庆,医药,,B022-TJ-0597,2021,历史快照,True,待回源核验,用户提供的 2021 年调剂信息快照
北京工商大学,高分子材料、包装工程、材..,2021年北京工商大学聚合物发泡材料研究中心招收高分子..,/tiaoji/schooldetail/id/27979.shtml,2021-02-27,北京,财经,北京市重点建设大学,B022-TJ-0598,2021,历史快照,True,待回源核验,用户提供的 2021 年调剂信息快照
江西理工大学,采矿工程、矿物加工工程、..,2021年江西理工大学资源与环境工程学院采矿工程、矿物..,/tiaoji/schooldetail/id/27977.shtml,2021-02-27,江西,,"（2011）
（二期）（2016）
江西省一流学科建设高校（2017）


（2013）",B022-TJ-0599,2021,历史快照,True,待回源核验,用户提供的 2021 年调剂信息快照
青岛农业大学,合成化学/药物化学/化工制..,青岛农业大学泰山学者/省杰青课题组合成化学/药物化学..,/tiaoji/schooldetail/id/27975.shtml,2021-02-27,山东,农林,"卓越农林人才教育培养计划（2014年）
山东特色名校工程（2012年）
山东省一流学科立项建设单位（2018年）",B022-TJ-0600,2021,历史快照,True,待回源核验,用户提供的 2021 年调剂信息快照
中科院宁波材料技术与工程研究所,料科学与工程、机械工程、..,2021年中国科学院宁波材料技术与工程研究所料科学与工..,/tiaoji/schooldetail/id/27971.shtml,2021-02-27,北京,,,B022-TJ-0601,2021,历史快照,True,待回源核验,用户提供的 2021 年调剂信息快照
上海工程技术大学,材料加工、化学、固体物理,2021年上海工程技术大学钎焊技术与微纳制造课题组材料..,/tiaoji/schooldetail/id/27969.shtml,2021-02-27,上海,理工,"上海高水平地方应用型高校建设单位 
全国地方高校新工科建设牵头单位 
长三角高水平特色地方高校创新联盟",B022-TJ-0602,2021,历史快照,True,待回源核验,用户提供的 2021 年调剂信息快照
江南大学,生物与医药,2021年江南大学工业生物技术教育部重点实验室生物与医..,/tiaoji/schooldetail/id/27967.shtml,2021-02-27,江苏,,"211工程（1996年）
世界一流学科建设高校（2017年）
985工程优势学科创新平台（2011年）
高等学校学科创新引智计划（2006年）",B022-TJ-0603,2021,历史快照,True,待回源核验,用户提供的 2021 年调剂信息快照
大连海事大学,轮机、能源动力、土木、机..,2021年大连海事大学轮机工程学院(轮机、能源动力、土..,/tiaoji/schooldetail/id/27965.shtml,2021-02-27,辽宁,理工,"（1997年）
（2006年）
（2011年）
（2012年）
（2017年）",B022-TJ-0604,2021,历史快照,True,待回源核验,用户提供的 2021 年调剂信息快照
华南师范大学,生物光子学,2021年华南师范大学生物光子学研究院研究生调剂信息,/tiaoji/schooldetail/id/27963.shtml,2021-02-26,广东,,,B022-TJ-0605,2021,历史快照,True,待回源核验,用户提供的 2021 年调剂信息快照
哈尔滨工程大学,轮机工程、动力工程及工程..,2021年哈尔滨工程大学内燃机低噪声设计方向轮机工程、..,/tiaoji/schooldetail/id/27961.shtml,2021-02-26,黑龙江,理工类,"（2017年）
（1996年）
工业和信息化部、教育部、黑龙江省、哈尔滨市共建高校（2019年）
（2011年）",B022-TJ-0606,2021,历史快照,True,待回源核验,用户提供的 2021 年调剂信息快照
青岛科技大学,材料与化工,2021年青岛科技大学绿色能源与功能材料课题组材料与化..,/tiaoji/schooldetail/id/27959.shtml,2021-02-26,山东,理工类,"高校（2011年）
“”应用基础型特色名校重点建设大学",B022-TJ-0607,2021,历史快照,True,待回源核验,用户提供的 2021 年调剂信息快照
武汉大学,心脏相关,2021年武汉大学人民医院黎明江教授考研调剂信息,/tiaoji/schooldetail/id/27957.shtml,2021-02-26,湖北,,,B022-TJ-0608,2021,历史快照,True,待回源核验,用户提供的 2021 年调剂信息快照
中国一航北京长城计量测试技术研究所,光学、机械、机电、力学、..,2021年北京长城计量测试技术研究所光学、机械、机电、..,/tiaoji/schooldetail/id/27955.shtml,2021-02-26,北京,,,B022-TJ-0609,2021,历史快照,True,待回源核验,用户提供的 2021 年调剂信息快照
北京石油化工学院,查看专业目录,2021年北京石油化工学院部分专业可能会有调剂信息,/tiaoji/schooldetail/id/27953.shtml,2021-02-26,北京,理工,"全日制普通高等本科院校
教育部CDIO工程教育改革试点高校（2007年）
教育部首批“卓越工程师教育培养计划”试点高校（2010年）
高水平运动员招生资格高校（2015年）
北京市深化创新创业教育改革示范高校（2017年）",B022-TJ-0610,2021,历史快照,True,待回源核验,用户提供的 2021 年调剂信息快照
上海电机学院,能源动力,2021年上海电机学院能源动力考研调剂信息,/tiaoji/schooldetail/id/27951.shtml,2021-02-26,上海,,,B022-TJ-0611,2021,历史快照,True,待回源核验,用户提供的 2021 年调剂信息快照
黑龙江大学,信息与通信工程、电子与通..,2021年黑龙江大学信息与通信工程、电子与通信工程研究..,/tiaoji/schooldetail/id/27949.shtml,2021-02-26,黑龙江,综合,"全日制普通高等学校
（2012年）
（2012年）
（2013年）
黑龙江省“双一流”建设A类高校（2018年）",B022-TJ-0612,2021,历史快照,True,待回源核验,用户提供的 2021 年调剂信息快照
重庆医科大学,药物化学,2021年重庆医科大学药物化学研究生调剂信息,/tiaoji/schooldetail/id/27947.shtml,2021-02-26,重庆,医药,,B022-TJ-0613,2021,历史快照,True,待回源核验,用户提供的 2021 年调剂信息快照
上海海事大学,交通运输工程、安全科学与..,2021年上海海事大学交通运输工程、安全科学与工程考研..,/tiaoji/schooldetail/id/27945.shtml,2021-02-26,上海,理工类,上海市深化创新创业教育改革示范高校,B022-TJ-0614,2021,历史快照,True,待回源核验,用户提供的 2021 年调剂信息快照
大连海事大学,船舶与海洋工程,2021年大连海事大学船舶与海洋工程研究生调剂信息,/tiaoji/schooldetail/id/27943.shtml,2021-02-26,辽宁,理工,"（1997年）
（2006年）
（2011年）
（2012年）
（2017年）",B022-TJ-0615,2021,历史快照,True,待回源核验,用户提供的 2021 年调剂信息快照
东北石油大学,土木工程、动力工程及工程..,2021年东北石油大学土木工程、动力工程及工程热物理、..,/tiaoji/schooldetail/id/27941.shtml,2021-02-26,黑龙江,理工类,"（1978年）
（2010年）
实施高校（2011年）
实施高校 （2008年）
建设高校（2010年）",B022-TJ-0616,2021,历史快照,True,待回源核验,用户提供的 2021 年调剂信息快照
北京石油化工学院,机械工程、环境科学与工程..,2021年北京石油化工学院机械工程、环境科学与工程、石..,/tiaoji/schooldetail/id/27939.shtml,2021-02-26,北京,理工,"全日制普通高等本科院校
教育部CDIO工程教育改革试点高校（2007年）
教育部首批“卓越工程师教育培养计划”试点高校（2010年）
高水平运动员招生资格高校（2015年）
北京市深化创新创业教育改革示范高校（2017年）",B022-TJ-0617,2021,历史快照,True,待回源核验,用户提供的 2021 年调剂信息快照
扬州大学,作物学、农艺与种业,2021年扬州大学作物学、农艺与种业硕士研究生调剂信息,/tiaoji/schooldetail/id/27937.shtml,2021-02-26,江苏,公立大学,综合,B022-TJ-0618,2021,历史快照,True,待回源核验,用户提供的 2021 年调剂信息快照
山东科技大学,材料科学与工程,2021年山东科技大学材料科学与工程研究生调剂信息,/tiaoji/schooldetail/id/27935.shtml,2021-02-26,山东,,山东省,B022-TJ-0619,2021,历史快照,True,待回源核验,用户提供的 2021 年调剂信息快照
盐城工学院,化学，化工，材料，环境,2021年盐城工学院化学，化工，材料，环境等考研调剂信..,/tiaoji/schooldetail/id/27933.shtml,2021-02-26,江苏,理工类,省属本科院校,B022-TJ-0620,2021,历史快照,True,待回源核验,用户提供的 2021 年调剂信息快照
三峡大学,生物医学工程,2021年南方科技大学生物医学材料与仪器实验室生物医学..,/tiaoji/schooldetail/id/27929.shtml,2021-02-26,广东,综合,"国家水利部和湖北省共建大学（2009）
教育部第二批“卓越工程师教育培养计划”高校（2011）
中西部高校基础能力建设工程（二期）（2016）
湖北省“国内一流大学”建设高校（2018）",B022-TJ-0621,2021,历史快照,True,待回源核验,用户提供的 2021 年调剂信息快照
常州大学,石油与天然气工程,2021年常州大学石油工程学院石油与天然气工程考研调剂..,/tiaoji/schooldetail/id/27927.shtml,2021-02-26,江苏,理工类,省属重点本科高校,B022-TJ-0622,2021,历史快照,True,待回源核验,用户提供的 2021 年调剂信息快照
太原科技大学,化学工程与技术,2021年太原科技大学化学工程与技术研究生调剂信息,/tiaoji/schooldetail/id/27925.shtml,2021-02-26,山西,理工,"全日制普通本科院校
国家（2016年）
教育部（2016年）
教育部实施高校（2018年）",B022-TJ-0623,2021,历史快照,True,待回源核验,用户提供的 2021 年调剂信息快照
青岛大学,物理学,2021年青岛大学物理学硕士研究生调剂信息,/tiaoji/schooldetail/id/27923.shtml,2021-02-26,山东,综合类,"（2011年） 
（2012年）
（2013年）",B022-TJ-0624,2021,历史快照,True,待回源核验,用户提供的 2021 年调剂信息快照
福州大学,电子科学与技术,2021年福州大学电子科学与技术研究生调剂信息,/tiaoji/schooldetail/id/27921.shtml,2021-02-26,福建,理工类,"（2017年）
（1997年） 
福建省重点建设高校（2003年） 
（2010年） 
教育部、福建省人民政府共建高校（2012年）",B022-TJ-0625,2021,历史快照,True,待回源核验,用户提供的 2021 年调剂信息快照
齐鲁工业大学,材料、化学、生物、医学工..,2021年齐鲁工业大学（山东省科学院）硕士研究生调剂信..,/tiaoji/schooldetail/id/27919.shtml,2021-02-26,山东,理工类,"全日制普通本科院校
（2012年）",B022-TJ-0626,2021,历史快照,True,待回源核验,用户提供的 2021 年调剂信息快照
中原工学院,材料科学与工程、纺织科学..,2021年中原工学院材料科学与工程、纺织科学与工程考研..,/tiaoji/schooldetail/id/27917.shtml,2021-02-26,河南,理工,,B022-TJ-0627,2021,历史快照,True,待回源核验,用户提供的 2021 年调剂信息快照
青岛科技大学,材料、化学,2021年青岛科技大学材料类或化学类或相关方向考研调剂..,/tiaoji/schooldetail/id/27915.shtml,2021-02-26,山东,理工类,"高校（2011年）
“”应用基础型特色名校重点建设大学",B022-TJ-0628,2021,历史快照,True,待回源核验,用户提供的 2021 年调剂信息快照
安徽理工大学,材料科学与工程,2021年安徽理工大学清洁能源转化与高效利用学科团队材..,/tiaoji/schooldetail/id/27913.shtml,2021-02-26,安徽,理工,"安徽省重点建设的特色高水平大学 
安徽省和国家安全生产监督管理总局共建高校（2014年）
国家中西部高校基础能力建设工程支持建设高校（2013年）
教育部“卓越工程师教育培养计划”实施高校（2011年）
首批“新工科”研究与实践项目入选高校（2018）",B022-TJ-0629,2021,历史快照,True,待回源核验,用户提供的 2021 年调剂信息快照
青岛科技大学,分析化学，物理化学，应用..,2021年青岛科技大学光电传感分析课题组研究生调剂信息,/tiaoji/schooldetail/id/27911.shtml,2021-02-26,山东,理工类,"高校（2011年）
“”应用基础型特色名校重点建设大学",B022-TJ-0630,2021,历史快照,True,待回源核验,用户提供的 2021 年调剂信息快照
厦门大学,能源化工,2021年厦门大学能源化工考研调剂信息,/tiaoji/schooldetail/id/27909.shtml,2021-02-26,福建,,,B022-TJ-0631,2021,历史快照,True,待回源核验,用户提供的 2021 年调剂信息快照
长春工业大学,机械工程,2021年长春工业大学机械工程研究生调剂信息,/tiaoji/schooldetail/id/27907.shtml,2021-02-26,吉林,,综合类,B022-TJ-0632,2021,历史快照,True,待回源核验,用户提供的 2021 年调剂信息快照
南昌航空大学,材料科学与工程,2021年南昌航空大学功能陶瓷课题组材料科学与工程考研..,/tiaoji/schooldetail/id/27905.shtml,2021-02-26,江西,,"江西省人民政府与国家国防科技工业局共建高校（2010） 
（2011）",B022-TJ-0633,2021,历史快照,True,待回源核验,用户提供的 2021 年调剂信息快照
江西科技师范大学,高分子化学与物理,2021年江西科技师范大学高分子化学与物理研究生调剂信..,/tiaoji/schooldetail/id/27903.shtml,2021-02-26,江西,,"省属重点本科高校
（2014） 
江西省 
江西省建设高校（2017）
省属重点大学",B022-TJ-0634,2021,历史快照,True,待回源核验,用户提供的 2021 年调剂信息快照
太原理工大学,材料科学与工程,2021年太原理工大学材料科学与工程研究生调剂信息,/tiaoji/schooldetail/id/27901.shtml,2021-02-26,山西,公办大学,理工,B022-TJ-0635,2021,历史快照,True,待回源核验,用户提供的 2021 年调剂信息快照
江苏科技大学,材料科学与工程,2021年江苏科技大学材料科学与工程研究生调剂信息,/tiaoji/schooldetail/id/27899.shtml,2021-02-26,江苏,理工,"江苏省重点建设高校
教育部高校
与共建高校
江苏省人民政府与、共建高校",B022-TJ-0636,2021,历史快照,True,待回源核验,用户提供的 2021 年调剂信息快照
沈阳化工大学,材料科学与工程,2021年沈阳化工大学材料科学与工程专业研究生调剂信息,/tiaoji/schooldetail/id/27897.shtml,2021-02-26,辽宁,理工类,"（2010年）
（2011年）
（2018年）
辽宁省“双一流”重点建设高校（2017年）",B022-TJ-0637,2021,历史快照,True,待回源核验,用户提供的 2021 年调剂信息快照
燕山大学,生物化工,2021年燕山大学生物化工考研调剂信息,/tiaoji/schooldetail/id/27895.shtml,2021-02-26,河北,,河北省“双一流”建设高校,B022-TJ-0638,2021,历史快照,True,待回源核验,用户提供的 2021 年调剂信息快照
西南石油大学,材料科学与工程,2021年西南石油大学材料科学与工程研究生调剂信息,/tiaoji/schooldetail/id/27893.shtml,2021-02-26,四川,理工类,"（2017年）
（2018年、2020年）",B022-TJ-0639,2021,历史快照,True,待回源核验,用户提供的 2021 年调剂信息快照
上海电力学院,材料,2021年上海电力大学能源材料实验室招生研究生调剂信息,/tiaoji/schooldetail/id/27891.shtml,2021-02-26,上海,,,B022-TJ-0640,2021,历史快照,True,待回源核验,用户提供的 2021 年调剂信息快照
五邑大学,化学工程与技术、食品科学..,2021年五邑大学生物科技与大健康学院化学工程与技术、..,/tiaoji/schooldetail/id/27887.shtml,2021-02-26,广东,,,B022-TJ-0641,2021,历史快照,True,待回源核验,用户提供的 2021 年调剂信息快照
重庆交通大学,材料科学与工程,2021年重庆交通大学电磁调控与信息智能感知课题组材料..,/tiaoji/schooldetail/id/27885.shtml,2021-02-26,重庆,理工,"省部共建高校（2000年1月）
卓越工程师教育培养计划高校（2011年9月）
中西部高校基础能力建设工程（2016年6月）",B022-TJ-0642,2021,历史快照,True,待回源核验,用户提供的 2021 年调剂信息快照
南昌航空大学,治金工程、材料科学与工程,2021年南昌航空大学治金工程、材料科学与工程考研调剂..,/tiaoji/schooldetail/id/27883.shtml,2021-02-26,江西,,"江西省人民政府与国家国防科技工业局共建高校（2010） 
（2011）",B022-TJ-0643,2021,历史快照,True,待回源核验,用户提供的 2021 年调剂信息快照
仲恺农业工程学院,农业工程、农业工程与信息..,2021年仲恺农业工程学院农业工程、农业工程与信息技术..,/tiaoji/schooldetail/id/27881.shtml,2021-02-26,广东,,,B022-TJ-0644,2021,历史快照,True,待回源核验,用户提供的 2021 年调剂信息快照
燕山大学,仪器科学与技术、电子信息..,2021年燕山大学电子信息（仪器仪表工程、控制工程及相..,/tiaoji/schooldetail/id/27879.shtml,2021-02-26,河北,,河北省“双一流”建设高校,B022-TJ-0645,2021,历史快照,True,待回源核验,用户提供的 2021 年调剂信息快照
五邑大学,化学工程与技术,2021年五邑大学化学工程与技术考研调剂信息,/tiaoji/schooldetail/id/27877.shtml,2021-02-26,广东,,,B022-TJ-0646,2021,历史快照,True,待回源核验,用户提供的 2021 年调剂信息快照
赣南师范大学,生物学、园艺学、植物保护,2021年赣南师范大学生物学、园艺学、植物保护考研调剂..,/tiaoji/schooldetail/id/27875.shtml,2021-02-26,江西,,江西省一流学科建设高校（2017）,B022-TJ-0647,2021,历史快照,True,待回源核验,用户提供的 2021 年调剂信息快照
鲁东大学,水产养殖,2021年鲁东大学水产养殖考研调剂信息,/tiaoji/schooldetail/id/27873.shtml,2021-02-26,山东,综合类,（2012）,B022-TJ-0648,2021,历史快照,True,待回源核验,用户提供的 2021 年调剂信息快照
温州大学,药学,2021年温州大学药学研究生调剂信息,/tiaoji/schooldetail/id/27871.shtml,2021-02-26,浙江,综合类,,B022-TJ-0649,2021,历史快照,True,待回源核验,用户提供的 2021 年调剂信息快照
渤海大学,应用化学、化学工艺、工业..,2021年渤海大学应用化学、化学工艺、工业催化研究生调..,/tiaoji/schooldetail/id/27869.shtml,2021-02-26,辽宁,综合,辽宁省,B022-TJ-0650,2021,历史快照,True,待回源核验,用户提供的 2021 年调剂信息快照
南京理工大学,材料、化学,2021年南京理工大学化工学院考研调剂信息,/tiaoji/schooldetail/id/27867.shtml,2021-02-26,江苏,公办高校,理工类,B022-TJ-0651,2021,历史快照,True,待回源核验,用户提供的 2021 年调剂信息快照
山东大学,药学,（一志愿招生）2021年山东大学药学院招生调剂信息,/tiaoji/schooldetail/id/27865.shtml,2021-02-26,山东,综合,"A类（2017年入选）
（2001年入选）
（1997年入选）
（2012年入选）
（2009年入选）",B022-TJ-0652,2021,历史快照,True,待回源核验,用户提供的 2021 年调剂信息快照
湖南师范大学,有机化学、材料与化工,2021年湖南师范大学有机化学研究生调剂信息,/tiaoji/schooldetail/id/27863.shtml,2021-02-26,湖南,师范类,"（1996年）
“”世界一流学科建设高校（2017年）
部省重点共建“”建设高校（2018年）",B022-TJ-0653,2021,历史快照,True,待回源核验,用户提供的 2021 年调剂信息快照
上海电力学院,材料科学与工程、化学,2021年上海电力大学材料科学与工程、化学研究生调剂信..,/tiaoji/schooldetail/id/27861.shtml,2021-02-26,上海,,,B022-TJ-0654,2021,历史快照,True,待回源核验,用户提供的 2021 年调剂信息快照
广东工业大学,分析化学、药学,2021年江西科技师范大学分析化学、药学研究生调剂信息,/tiaoji/schooldetail/id/27859.shtml,2021-02-26,广东,,,B022-TJ-0655,2021,历史快照,True,待回源核验,用户提供的 2021 年调剂信息快照
中国水产科学研究院,水产养殖,2021年中国水产科学研究院南海水产研究所水产养殖考研..,/tiaoji/schooldetail/id/27857.shtml,2021-02-26,北京,,,B022-TJ-0656,2021,历史快照,True,待回源核验,用户提供的 2021 年调剂信息快照
大连交通大学,环境科学与工程、资源与环..,2021年大连交通大学环境科学与工程、资源与环境研究生..,/tiaoji/schooldetail/id/27855.shtml,2021-02-26,辽宁,理工,"辽宁省“一流大学重点建设高校”（2017年入选）
“卓越工程师教育培养计划”高校（2012年入选）",B022-TJ-0657,2021,历史快照,True,待回源核验,用户提供的 2021 年调剂信息快照
南昌航空大学,材料物理与化学、材料学,2021年南昌航空大学材料物理与化学、材料学考研调剂信..,/tiaoji/schooldetail/id/27853.shtml,2021-02-26,江西,,"江西省人民政府与国家国防科技工业局共建高校（2010） 
（2011）",B022-TJ-0658,2021,历史快照,True,待回源核验,用户提供的 2021 年调剂信息快照
河北师范大学,物理化学,2021年河北师范大学物理化学研究生调剂信息,/tiaoji/schooldetail/id/27851.shtml,2021-02-26,河北,师范类,"（与共建） 
（2012年）
河北省“双一流”建设一层次高校 （2016年9月）
（1983年）
（2012年）",B022-TJ-0659,2021,历史快照,True,待回源核验,用户提供的 2021 年调剂信息快照
上海大学,治金工程、材料科学与工程,2021年上海大学治金工程、材料科学与工程考研调剂信息,/tiaoji/schooldetail/id/27849.shtml,2021-02-26,上海,综合,"211工程（1997年）
（2013年）
（2017年）
卓越工程师教育培养计划（2010年）
111计划（2016年）",B022-TJ-0660,2021,历史快照,True,待回源核验,用户提供的 2021 年调剂信息快照
盐城工学院,纳米分析化学、功能纳米材..,2021年盐城工学院纳米分析化学、功能纳米材料设计、光..,/tiaoji/schooldetail/id/27847.shtml,2021-02-26,江苏,理工类,省属本科院校,B022-TJ-0661,2021,历史快照,True,待回源核验,用户提供的 2021 年调剂信息快照
上海海事大学,材料科学与工程,2021年上海海事大学船舶与海洋工程材料学术材料科学与..,/tiaoji/schooldetail/id/27845.shtml,2021-02-26,上海,理工类,上海市深化创新创业教育改革示范高校,B022-TJ-0662,2021,历史快照,True,待回源核验,用户提供的 2021 年调剂信息快照
青岛科技大学,化工、材料、化学,2021年青岛科技大学过程系统工程研究所化工、材料、化..,/tiaoji/schooldetail/id/27843.shtml,2021-02-26,山东,理工类,"高校（2011年）
“”应用基础型特色名校重点建设大学",B022-TJ-0663,2021,历史快照,True,待回源核验,用户提供的 2021 年调剂信息快照
南昌航空大学,航空宇航科学与技术,2021年南昌航空大学航空宇航科学与技术研究生调剂信息,/tiaoji/schooldetail/id/27841.shtml,2021-02-26,江西,,"江西省人民政府与国家国防科技工业局共建高校（2010） 
（2011）",B022-TJ-0664,2021,历史快照,True,待回源核验,用户提供的 2021 年调剂信息快照
温州大学,化学,2021年温州大学化学研究生调剂信息,/tiaoji/schooldetail/id/27839.shtml,2021-02-26,浙江,综合类,,B022-TJ-0665,2021,历史快照,True,待回源核验,用户提供的 2021 年调剂信息快照
辽宁工程技术大学,力学、土木工程、地质资源..,2021年辽宁工程技术大学力学、土木工程、地质资源与地..,/tiaoji/schooldetail/id/27837.shtml,2021-02-26,辽宁,理工,,B022-TJ-0666,2021,历史快照,True,待回源核验,用户提供的 2021 年调剂信息快照
北京工商大学,材料科学与工程,2021年北京工商大学材料科学与工程系材料科学与工程考..,/tiaoji/schooldetail/id/27835.shtml,2021-02-26,北京,财经,北京市重点建设大学,B022-TJ-0667,2021,历史快照,True,待回源核验,用户提供的 2021 年调剂信息快照
太原科技大学,机械工程,2021年太原科技大学机械工程研究生调剂信息,/tiaoji/schooldetail/id/27833.shtml,2021-02-26,山西,理工,"全日制普通本科院校
国家（2016年）
教育部（2016年）
教育部实施高校（2018年）",B022-TJ-0668,2021,历史快照,True,待回源核验,用户提供的 2021 年调剂信息快照
青岛农业大学,畜牧兽医、食品、环境、药..,2021年青岛农业大学畜牧兽医、食品、环境、药剂、药理..,/tiaoji/schooldetail/id/27831.shtml,2021-02-26,山东,农林,"卓越农林人才教育培养计划（2014年）
山东特色名校工程（2012年）
山东省一流学科立项建设单位（2018年）",B022-TJ-0669,2021,历史快照,True,待回源核验,用户提供的 2021 年调剂信息快照
东北农业大学,农业水土工程,2021年东北农业大学农业水土工程考研调剂信息,/tiaoji/schooldetail/id/27829.shtml,2021-02-26,黑龙江,农林类,"（2017年入选）

（1996年入选）
（2013年入选）
（2014年入选）",B022-TJ-0670,2021,历史快照,True,待回源核验,用户提供的 2021 年调剂信息快照
安徽理工大学,材料物理与化学、材料学,2021年安徽理工大学材料学院材料物理与化学、材料学等..,/tiaoji/schooldetail/id/27827.shtml,2021-02-26,安徽,理工,"安徽省重点建设的特色高水平大学 
安徽省和国家安全生产监督管理总局共建高校（2014年）
国家中西部高校基础能力建设工程支持建设高校（2013年）
教育部“卓越工程师教育培养计划”实施高校（2011年）
首批“新工科”研究与实践项目入选高校（2018）",B022-TJ-0671,2021,历史快照,True,待回源核验,用户提供的 2021 年调剂信息快照
中北大学,材料，化工，高分子、能源..,2021年中北大学化学工程与技术考研调剂信息,/tiaoji/schooldetail/id/27825.shtml,2021-02-26,山西,,,B022-TJ-0672,2021,历史快照,True,待回源核验,用户提供的 2021 年调剂信息快照
青岛大学,纺织工程、纺织材料、染整..,2021年青岛大学纺织工程、纺织材料、染整工程，材料（..,/tiaoji/schooldetail/id/27823.shtml,2021-02-26,山东,综合类,"（2011年） 
（2012年）
（2013年）",B022-TJ-0673,2021,历史快照,True,待回源核验,用户提供的 2021 年调剂信息快照
五邑大学,材料与化工、材料科学与工..,2021年五邑大学材料与化工、材料科学与工程考研调剂信..,/tiaoji/schooldetail/id/27821.shtml,2021-02-26,广东,,,B022-TJ-0674,2021,历史快照,True,待回源核验,用户提供的 2021 年调剂信息快照
哈尔滨工程大学,材料、3D打印,2021年哈尔滨工程大学材料方向（做3D打印方向）考研调..,/tiaoji/schooldetail/id/27819.shtml,2021-02-26,黑龙江,理工类,"（2017年）
（1996年）
工业和信息化部、教育部、黑龙江省、哈尔滨市共建高校（2019年）
（2011年）",B022-TJ-0675,2021,历史快照,True,待回源核验,用户提供的 2021 年调剂信息快照
长春工业大学,化学,2021年长春工业大学化学与生命科学学院化学考研调剂信..,/tiaoji/schooldetail/id/27817.shtml,2021-02-26,吉林,,综合类,B022-TJ-0676,2021,历史快照,True,待回源核验,用户提供的 2021 年调剂信息快照
江苏师范大学,材料科学与工程、化学,2021年江苏师范大学材料科学与工程、化学考研调剂信息,/tiaoji/schooldetail/id/27815.shtml,2021-02-26,江苏,综合师范类,"省部共建高校
省属重点大学
教育部、财政部“国培计划”实施高校
江苏高水平大学建设高校
教育部“”实施高校",B022-TJ-0677,2021,历史快照,True,待回源核验,用户提供的 2021 年调剂信息快照
青岛科技大学,材料科学与工程、化学工程..,2021年青岛科技大学材料科学与工程、化学工程与技术考..,/tiaoji/schooldetail/id/27813.shtml,2021-02-26,山东,理工类,"高校（2011年）
“”应用基础型特色名校重点建设大学",B022-TJ-0678,2021,历史快照,True,待回源核验,用户提供的 2021 年调剂信息快照
天津职业技术师范大学,机械工程、材料科学与工程..,2021年天津职业技术师范大学机械工程、材料科学与工程..,/tiaoji/schooldetail/id/27811.shtml,2021-02-26,天津,师范类,,B022-TJ-0679,2021,历史快照,True,待回源核验,用户提供的 2021 年调剂信息快照
上海海洋大学,水产养殖,2021年上海海洋大学联培黑龙江水产研究所水产养殖招生..,/tiaoji/schooldetail/id/27809.shtml,2021-02-26,上海,农林类,（2017年入选）,B022-TJ-0680,2021,历史快照,True,待回源核验,用户提供的 2021 年调剂信息快照
浙江师范大学,生物化学与分子生物学、细..,2021年浙江师范大学生物化学与分子生物学、细胞生物学..,/tiaoji/schooldetail/id/27807.shtml,2021-02-26,浙江,师范类（综合类）,"卓越教师培养计划（卓越中学教师培养改革项目） 
浙江省第一批重点建设高校（2015）
中国政府奖学金来华留学生接收院校",B022-TJ-0681,2021,历史快照,True,待回源核验,用户提供的 2021 年调剂信息快照
南京航空航天大学,物理化学、有机化学,2021年云南民族大学化学与环境学院物理化学、有机化学..,/tiaoji/schooldetail/id/27805.shtml,2021-02-26,江苏,理工,"（2017年入选）

（2011年入选）
（2011年入选）",B022-TJ-0682,2021,历史快照,True,待回源核验,用户提供的 2021 年调剂信息快照
福建师范大学,无机化学,2021年福建师范大学无机化学考研调剂信息,/tiaoji/schooldetail/id/27803.shtml,2021-02-26,福建,师范类,"（2003） 
福建省人民政府与教育部共建高校（2012） 
（2014） 
福建省一流大学建设高校（2018）",B022-TJ-0683,2021,历史快照,True,待回源核验,用户提供的 2021 年调剂信息快照
哈尔滨理工大学,机械、计算机、数学,2021年哈尔滨理工大学机械类、计算机类、数学类考研调..,/tiaoji/schooldetail/id/27801.shtml,2021-02-26,黑龙江,理工,国家建设高校,B022-TJ-0684,2021,历史快照,True,待回源核验,用户提供的 2021 年调剂信息快照
海南大学,化学工程与技术,2021年海南大学化学工程与技术考研调剂信息,/tiaoji/schooldetail/id/27799.shtml,2021-02-26,海南,综合类,"（2008年）
（2017年）
（2012年）
（2018年）
（2011年）",B022-TJ-0685,2021,历史快照,True,待回源核验,用户提供的 2021 年调剂信息快照
哈尔滨工程大学,信息与通信工程、电子科学..,2021年哈尔滨工程大学信息与通信工程、电子科学与技术..,/tiaoji/schooldetail/id/27797.shtml,2021-02-26,黑龙江,理工类,"（2017年）
（1996年）
工业和信息化部、教育部、黑龙江省、哈尔滨市共建高校（2019年）
（2011年）",B022-TJ-0686,2021,历史快照,True,待回源核验,用户提供的 2021 年调剂信息快照
江苏海洋大学,药学,2021年江苏海洋大学药学研究生调剂信息,/tiaoji/schooldetail/id/27795.shtml,2021-02-26,江苏,,,B022-TJ-0687,2021,历史快照,True,待回源核验,用户提供的 2021 年调剂信息快照
上海海事大学,环境科学与工程,2021年上海海事大学环境科学与工程研究生调剂信息,/tiaoji/schooldetail/id/27793.shtml,2021-02-26,上海,理工类,上海市深化创新创业教育改革示范高校,B022-TJ-0688,2021,历史快照,True,待回源核验,用户提供的 2021 年调剂信息快照
太原理工大学,物理/材料/化学,2021年太原理工大学物理/材料/化学相关考研调剂信息,/tiaoji/schooldetail/id/27791.shtml,2021-02-26,山西,公办大学,理工,B022-TJ-0689,2021,历史快照,True,待回源核验,用户提供的 2021 年调剂信息快照
五邑大学,环境、给排水、化学、微生..,2021年五邑大学环境、给排水研究生调剂信息,/tiaoji/schooldetail/id/27789.shtml,2021-02-26,广东,,,B022-TJ-0690,2021,历史快照,True,待回源核验,用户提供的 2021 年调剂信息快照
上海工程技术大学,材料、化学、机械、核工程..,2021年上海工程技术大学材料工程学院材料、化学、机械..,/tiaoji/schooldetail/id/27787.shtml,2021-02-26,上海,理工,"上海高水平地方应用型高校建设单位 
全国地方高校新工科建设牵头单位 
长三角高水平特色地方高校创新联盟",B022-TJ-0691,2021,历史快照,True,待回源核验,用户提供的 2021 年调剂信息快照
内蒙古科技大学,治金物理化学,2021年内蒙古科技大学治金物理化学考研调剂信息,/tiaoji/schooldetail/id/27785.shtml,2021-02-26,内蒙古,综合类,"内蒙古自治区一流学科建设高校
（2011年）
（二期）",B022-TJ-0692,2021,历史快照,True,待回源核验,用户提供的 2021 年调剂信息快照
北京化工大学,力学、地球物理、院机械、..,2021年北京化工大学力学、地球物理考研调剂信息,/tiaoji/schooldetail/id/27783.shtml,2021-02-26,北京,理工类,"（2017年）
（2008年）
（1996年）
（1960年）",B022-TJ-0693,2021,历史快照,True,待回源核验,用户提供的 2021 年调剂信息快照
兰州交通大学,水利水电工程,2021年兰州交通大学水利水电工程考研调剂信息,/tiaoji/schooldetail/id/27781.shtml,2021-02-26,甘肃,理工类,"省部共建高校 
（2012年入选）
原铁道部重点高校
（2011年入选）
甘肃省高水平大学建设高校",B022-TJ-0694,2021,历史快照,True,待回源核验,用户提供的 2021 年调剂信息快照
哈尔滨理工大学,机械工程,2021年哈尔滨理工大学机械工程考研调剂信息,/tiaoji/schooldetail/id/27779.shtml,2021-02-26,黑龙江,理工,国家建设高校,B022-TJ-0695,2021,历史快照,True,待回源核验,用户提供的 2021 年调剂信息快照
西安科技大学,资源与地质工程,2021年西安科技大学地质资源与地质工程考研调剂信息,/tiaoji/schooldetail/id/27777.shtml,2021-02-26,陕西,理工类,"（2012年）
（2011年）",B022-TJ-0696,2021,历史快照,True,待回源核验,用户提供的 2021 年调剂信息快照
中国计量大学,材料物理与化学,2021年中国计量大学材料物理与化学考研调剂信息,/tiaoji/schooldetail/id/27775.shtml,2021-02-26,山东,理工,"（2017年）
（2011年）",B022-TJ-0697,2021,历史快照,True,待回源核验,用户提供的 2021 年调剂信息快照
沈阳化工大学,动力工程及工程热物理,2021年沈阳化工大学动力工程及工程热物理考研调剂信息,/tiaoji/schooldetail/id/27773.shtml,2021-02-26,辽宁,理工类,"（2010年）
（2011年）
（2018年）
辽宁省“双一流”重点建设高校（2017年）",B022-TJ-0698,2021,历史快照,True,待回源核验,用户提供的 2021 年调剂信息快照
昆明学院,材料与化工、化学工程,2021年昆明学院化学化工学院材料与化工、化学工程考研..,/tiaoji/schooldetail/id/27771.shtml,2021-02-26,云南,综合类,,B022-TJ-0699,2021,历史快照,True,待回源核验,用户提供的 2021 年调剂信息快照
北京石油化工学院,化学工程与技术,2021年北京石油化工学院化学工程与技术考研调剂信息,/tiaoji/schooldetail/id/27769.shtml,2021-02-26,北京,理工,"全日制普通高等本科院校
教育部CDIO工程教育改革试点高校（2007年）
教育部首批“卓越工程师教育培养计划”试点高校（2010年）
高水平运动员招生资格高校（2015年）
北京市深化创新创业教育改革示范高校（2017年）",B022-TJ-0700,2021,历史快照,True,待回源核验,用户提供的 2021 年调剂信息快照
西安建筑科技大学,化学工艺、化学工程,2021年西安建筑科技大学化学工艺、化学工程考研调剂信..,/tiaoji/schooldetail/id/27767.shtml,2021-02-26,陕西,理工,,B022-TJ-0701,2021,历史快照,True,待回源核验,用户提供的 2021 年调剂信息快照
广东海洋大学,海洋工程与技术,2021年广东海洋大学海洋工程与技术考研调剂信息,/tiaoji/schooldetail/id/27765.shtml,2021-02-26,广东,农林类,,B022-TJ-0702,2021,历史快照,True,待回源核验,用户提供的 2021 年调剂信息快照
江苏师范大学,化学,2021年江苏师范大学化学招生考研调剂信息,/tiaoji/schooldetail/id/27763.shtml,2021-02-26,江苏,综合师范类,"省部共建高校
省属重点大学
教育部、财政部“国培计划”实施高校
江苏高水平大学建设高校
教育部“”实施高校",B022-TJ-0703,2021,历史快照,True,待回源核验,用户提供的 2021 年调剂信息快照
烟台大学,材料科学与工程,2021年烟台大学精准材料高等研究院材料科学与工程考研..,/tiaoji/schooldetail/id/27759.shtml,2021-02-26,山东,综合类,"山东省属重点综合性大学



山东省地方立法研究服务基地",B022-TJ-0704,2021,历史快照,True,待回源核验,用户提供的 2021 年调剂信息快照
青岛农业大学,微生物学、生物化学与分子..,2021年青岛农业大学微生物学、生物化学与分子生物学考..,/tiaoji/schooldetail/id/27757.shtml,2021-02-26,山东,农林,"卓越农林人才教育培养计划（2014年）
山东特色名校工程（2012年）
山东省一流学科立项建设单位（2018年）",B022-TJ-0705,2021,历史快照,True,待回源核验,用户提供的 2021 年调剂信息快照
中国科学院总院,计算机、自动化,中科院自动化所接收联合培养2021年接受调剂研究生1名,/tiaoji/schooldetail/id/27755.shtml,2021-02-26,北京,,,B022-TJ-0706,2021,历史快照,True,待回源核验,用户提供的 2021 年调剂信息快照
中国科学院总院,控制理论与控制工程,2021年中国科学院自动化研究所控制理论与控制工程考研..,/tiaoji/schooldetail/id/27753.shtml,2021-02-26,北京,,,B022-TJ-0707,2021,历史快照,True,待回源核验,用户提供的 2021 年调剂信息快照
上海应用技术大学,化学、材料科学与工程、化..,2021年上海应用技术大学化学、材料科学与工程、化学工..,/tiaoji/schooldetail/id/27751.shtml,2021-02-26,上海,理工,"应用技术大学（学院）联盟
卓越工程师教育培养计划
上海市
全国100所应用型示范本科高校建设单位
上海高水平地方应用型高校",B022-TJ-0708,2021,历史快照,True,待回源核验,用户提供的 2021 年调剂信息快照
西安交通大学,生物学 、生物物理学、生..,2021年西安交通大学医学部生物学 、生物物理学、生物..,/tiaoji/schooldetail/id/27749.shtml,2021-02-26,陕西,公立大学,综合类,B022-TJ-0709,2021,历史快照,True,待回源核验,用户提供的 2021 年调剂信息快照
上海船舶运输科学研究所,轮机工程、通信与信息系统..,2021年上海船舶运输科学研究所轮机工程、通信与信息系..,/tiaoji/schooldetail/id/27747.shtml,2021-02-25,上海,,,B022-TJ-0710,2021,历史快照,True,待回源核验,用户提供的 2021 年调剂信息快照
吉林建筑大学,环境科学与工程、市政工程,2021年吉林建筑大学环境科学与工程、市政工程、土木水..,/tiaoji/schooldetail/id/27745.shtml,2021-02-25,吉林,"省部共建高校

省属重点建设高校",吉林省,B022-TJ-0711,2021,历史快照,True,待回源核验,用户提供的 2021 年调剂信息快照
北京化工大学,化学、材料、化学、化工,2021年北京化工大学化学研究生调剂信息,/tiaoji/schooldetail/id/27743.shtml,2021-02-25,北京,理工类,"（2017年）
（2008年）
（1996年）
（1960年）",B022-TJ-0712,2021,历史快照,True,待回源核验,用户提供的 2021 年调剂信息快照
齐鲁工业大学,轻工技术与工程、制浆造纸..,2021年齐鲁工业大学(山东省科学院)轻工技术与工程研究..,/tiaoji/schooldetail/id/27741.shtml,2021-02-25,山东,理工类,"全日制普通本科院校
（2012年）",B022-TJ-0713,2021,历史快照,True,待回源核验,用户提供的 2021 年调剂信息快照
上海交通大学,材料科学与工程,2021年上海交通大学材料科学与工程考研调剂信息,/tiaoji/schooldetail/id/27739.shtml,2021-02-25,上海,,,B022-TJ-0714,2021,历史快照,True,待回源核验,用户提供的 2021 年调剂信息快照
中国原子能科学研究院,化学、化工、物理学、化工..,2021年中国原子能科学研究院放射化学研究所物理学、化..,/tiaoji/schooldetail/id/27737.shtml,2021-02-25,北京,,,B022-TJ-0715,2021,历史快照,True,待回源核验,用户提供的 2021 年调剂信息快照
新疆大学,化学工程与技术,2021年新疆大学化学工程与技术考研调剂信息,/tiaoji/schooldetail/id/27735.shtml,2021-02-25,新疆,综合,"（B类）（2017年入选）
（1997年入选）
（2018年入选）
省部共建高校（2004年入选）
（2012年入选）",B022-TJ-0716,2021,历史快照,True,待回源核验,用户提供的 2021 年调剂信息快照
南京林业大学,药剂学,2021年南京林业大学药剂学考研调剂信息,/tiaoji/schooldetail/id/27733.shtml,2021-02-25,江苏,农林,"（2000年） 
 
（2014年） 
（2010年） 
世界一流学科建设高校（2017年）",B022-TJ-0717,2021,历史快照,True,待回源核验,用户提供的 2021 年调剂信息快照
南京林业大学,材料科学与工程、林业工程,2021年南京林业大学材料科学与工程、林业工程考研调剂..,/tiaoji/schooldetail/id/27731.shtml,2021-02-25,江苏,农林,"（2000年） 
 
（2014年） 
（2010年） 
世界一流学科建设高校（2017年）",B022-TJ-0718,2021,历史快照,True,待回源核验,用户提供的 2021 年调剂信息快照
西京学院,机械、电子信息、土木水利,2021年西京学院机械、电子信息、土木水利招生考研调剂..,/tiaoji/schooldetail/id/27729.shtml,2021-02-25,陕西,理工类,陕西省一流民办高校（2018年）,B022-TJ-0719,2021,历史快照,True,待回源核验,用户提供的 2021 年调剂信息快照
东北农业大学,水文与水资源,2021年东北农业大学水文与水资源专业接收考研调剂生,/tiaoji/schooldetail/id/27727.shtml,2021-02-25,黑龙江,农林类,"（2017年入选）

（1996年入选）
（2013年入选）
（2014年入选）",B022-TJ-0720,2021,历史快照,True,待回源核验,用户提供的 2021 年调剂信息快照
浙江海洋大学,农业工程与信息技术,2021年浙江海洋大学农业工程与信息技术专业接收调剂生,/tiaoji/schooldetail/id/27725.shtml,2021-02-25,浙江,农林,"高校 
浙江省国际化特色高校
浙江省一流学科建设高校",B022-TJ-0721,2021,历史快照,True,待回源核验,用户提供的 2021 年调剂信息快照
浙江海洋大学,海洋生物学与生物海洋学,2021年浙江海洋大学海洋生物学与生物海洋学专业接收调..,/tiaoji/schooldetail/id/27723.shtml,2021-02-25,浙江,农林,"高校 
浙江省国际化特色高校
浙江省一流学科建设高校",B022-TJ-0722,2021,历史快照,True,待回源核验,用户提供的 2021 年调剂信息快照
石家庄铁道大学,材料科学与工程,石家庄铁道大学材料学院吴红亚老师课题组2021年招收调..,/tiaoji/schooldetail/id/27721.shtml,2021-02-25,河北,理工类,"（2016年入选）
（2011年入选）",B022-TJ-0723,2021,历史快照,True,待回源核验,用户提供的 2021 年调剂信息快照
上海船舶运输科学研究所,轮机工程、通信与信息系统..,2021年上海船舶运输科学研究所考研调剂信息,/tiaoji/schooldetail/id/27719.shtml,2021-02-24,上海,,,B022-TJ-0724,2021,历史快照,True,待回源核验,用户提供的 2021 年调剂信息快照
长沙矿冶研究院,材料学、有色金属冶金、采..,2021年长沙矿冶研究院硕士研究生调剂信息,/tiaoji/schooldetail/id/27717.shtml,2021-02-23,湖南,,,B022-TJ-0725,2021,历史快照,True,待回源核验,用户提供的 2021 年调剂信息快照
上海船舶电子设备研究所,水声工程,2021年上海船舶电子设备研究所考研调剂信息,/tiaoji/schooldetail/id/27715.shtml,2021-02-23,上海,,,B022-TJ-0726,2021,历史快照,True,待回源核验,用户提供的 2021 年调剂信息快照
沈阳化工研究院,化学及相近专业,2021年沈阳化工研究院研究生调剂通知,/tiaoji/schooldetail/id/27713.shtml,2021-02-23,辽宁,,,B022-TJ-0727,2021,历史快照,True,待回源核验,用户提供的 2021 年调剂信息快照
西安近代化学研究所（204所）,应用化学、工程力学、材料..,2021年西安近代化学研究所(兵器204所)考研调剂政策,/tiaoji/schooldetail/id/27711.shtml,2021-02-22,陕西,,,B022-TJ-0728,2021,历史快照,True,待回源核验,用户提供的 2021 年调剂信息快照
东北石油大学,石油、计算机、机械类、化..,2021年东北石油大学谢坤课题组接收考研调剂研究生的通..,/tiaoji/schooldetail/id/27709.shtml,2021-02-18,黑龙江,理工类,"（1978年）
（2010年）
实施高校（2011年）
实施高校 （2008年）
建设高校（2010年）",B022-TJ-0729,2021,历史快照,True,待回源核验,用户提供的 2021 年调剂信息快照
东北石油大学,机械工程,2021年考研东北石油大学机械工程专业接收考研调剂生,/tiaoji/schooldetail/id/27707.shtml,2021-02-18,黑龙江,理工类,"（1978年）
（2010年）
实施高校（2011年）
实施高校 （2008年）
建设高校（2010年）",B022-TJ-0730,2021,历史快照,True,待回源核验,用户提供的 2021 年调剂信息快照
江西理工大学,材料物理与化学,2021年江西理工大学材料物理与化学接收考研调剂生,/tiaoji/schooldetail/id/27705.shtml,2021-02-18,江西,,"（2011）
（二期）（2016）
江西省一流学科建设高校（2017）


（2013）",B022-TJ-0731,2021,历史快照,True,待回源核验,用户提供的 2021 年调剂信息快照
江西师范大学,有机化学,2021年江西师范大学有机化学接收考研调剂生,/tiaoji/schooldetail/id/27703.shtml,2021-02-18,江西,（综合）,"（2012）
（2012）
江西省一流学科建设高校（2017）",B022-TJ-0732,2021,历史快照,True,待回源核验,用户提供的 2021 年调剂信息快照
西南科技大学,材料科学与工程、化学工程..,2021年西南科技大学界面功能材料课题组接收考研调剂生..,/tiaoji/schooldetail/id/27701.shtml,2021-02-18,四川,理工,"国家之一



教育部",B022-TJ-0733,2021,历史快照,True,待回源核验,用户提供的 2021 年调剂信息快照
南京医科大学,药物化学、化学生物学以及..,2021年南京医科大学药学院接收考研调剂信息,/tiaoji/schooldetail/id/27699.shtml,2021-02-18,江苏,医药类,（2015年）,B022-TJ-0734,2021,历史快照,True,待回源核验,用户提供的 2021 年调剂信息快照
中国计量科学研究院,,2021年考研中国计量科学研究院董莲华老师课题组接收调..,/tiaoji/schooldetail/id/27697.shtml,2021-02-07,北京,,,B022-TJ-0735,2021,历史快照,True,待回源核验,用户提供的 2021 年调剂信息快照
上海电力学院,电气、控制、通信,2021年考研上海电力大学电气类、控制类、通信类专业接..,/tiaoji/schooldetail/id/27695.shtml,2021-02-07,上海,,,B022-TJ-0736,2021,历史快照,True,待回源核验,用户提供的 2021 年调剂信息快照
江苏大学,化学、化工、材料与化工,2021年江苏大学考研朱文帅教授团队化学、化工、材料与..,/tiaoji/schooldetail/id/27693.shtml,2021-02-07,江苏,,,B022-TJ-0737,2021,历史快照,True,待回源核验,用户提供的 2021 年调剂信息快照
江苏自动化研究所,控制理论与控制工程、检测..,江苏自动化研究所2021年硕士研究生招生拟调剂信息,/tiaoji/schooldetail/id/27691.shtml,2021-02-05,江苏,,,B022-TJ-0738,2021,历史快照,True,待回源核验,用户提供的 2021 年调剂信息快照
上海电机学院,能源动力,2021年上海电机学院专业学位硕士研究生调剂信息,/tiaoji/schooldetail/id/27689.shtml,2021-01-26,上海,,,B022-TJ-0739,2021,历史快照,True,待回源核验,用户提供的 2021 年调剂信息快照
南昌航空大学,土木工程、土木水利、交通..,2021年南昌航空大学土木建筑学院考研调剂信息,/tiaoji/schooldetail/id/27687.shtml,2021-01-26,江西,,"江西省人民政府与国家国防科技工业局共建高校（2010） 
（2011）",B022-TJ-0740,2021,历史快照,True,待回源核验,用户提供的 2021 年调剂信息快照
东华大学,MBA、MEM,东华大学2021年入学MBA/MEM(非一志愿)考生信息登记通..,/tiaoji/schooldetail/id/27683.shtml,2021-01-19,上海,综合,"（2017）
（1960）
（1995）
（2010） 
（2007）",B022-TJ-0741,2021,历史快照,True,待回源核验,用户提供的 2021 年调剂信息快照
北京物资学院,MBA,北京物资学院2021年接受MBA考生信息登记表,/tiaoji/schooldetail/id/27681.shtml,2021-01-19,北京,财经,全日制普通本科院校,B022-TJ-0742,2021,历史快照,True,待回源核验,用户提供的 2021 年调剂信息快照
江西理工大学,采矿工程、矿物加工工程、..,2021年江西理工大学资环学院硕士研究生招生调剂公告,/tiaoji/schooldetail/id/27679.shtml,2021-01-12,江西,,"（2011）
（二期）（2016）
江西省一流学科建设高校（2017）


（2013）",B022-TJ-0743,2021,历史快照,True,待回源核验,用户提供的 2021 年调剂信息快照
青岛科技大学,化学材料,2021年青岛科技大学化学材料专业接收调剂研究生的通知,/tiaoji/schooldetail/id/27671.shtml,2021-01-05,山东,理工类,"高校（2011年）
“”应用基础型特色名校重点建设大学",B022-TJ-0744,2021,历史快照,True,待回源核验,用户提供的 2021 年调剂信息快照
浙江大学,力学、机械、土木,2021年浙江大学力学、机械、土木相关专业接收调剂研究..,/tiaoji/schooldetail/id/27669.shtml,2021-01-04,浙江,公立大学,综合,B022-TJ-0745,2021,历史快照,True,待回源核验,用户提供的 2021 年调剂信息快照
中国矿业大学（徐州）,桥梁与隧道工程、结构工程..,2021年中国矿业大学桥梁与隧道工程、结构工程、工程力..,/tiaoji/schooldetail/id/27667.shtml,2021-01-04,江苏,综合,（）,B022-TJ-0746,2021,历史快照,True,待回源核验,用户提供的 2021 年调剂信息快照
吉林大学,食品分析、食品化学,2021年吉林大学食品科学与工程学院接收调剂研究生通知,/tiaoji/schooldetail/id/27665.shtml,2021-01-04,吉林,综合,（世界一流大学A类建设高校）,B022-TJ-0747,2021,历史快照,True,待回源核验,用户提供的 2021 年调剂信息快照
