user_id,buy_count,cart_count,view_count,engagement_score,value_segment,recency_available,monetary_available,data_nature
U00001,4,12,12,80,观察,False,False,public-derived-with-sequence-proxy
U00002,8,12,12,112,成长,False,False,public-derived-with-sequence-proxy
U00003,7,12,12,104,成长,False,False,public-derived-with-sequence-proxy
U00004,7,12,12,104,成长,False,False,public-derived-with-sequence-proxy
U00005,12,12,12,144,活跃,False,False,public-derived-with-sequence-proxy
U00006,8,12,12,112,成长,False,False,public-derived-with-sequence-proxy
U00007,4,12,12,80,观察,False,False,public-derived-with-sequence-proxy
U00008,4,12,12,80,观察,False,False,public-derived-with-sequence-proxy
U00009,8,12,12,112,成长,False,False,public-derived-with-sequence-proxy
U00010,7,12,12,104,成长,False,False,public-derived-with-sequence-proxy
U00011,6,12,12,96,观察,False,False,public-derived-with-sequence-proxy
U00012,4,12,12,80,观察,False,False,public-derived-with-sequence-proxy
U00013,12,12,12,144,活跃,False,False,public-derived-with-sequence-proxy
U00014,4,12,12,80,观察,False,False,public-derived-with-sequence-proxy
U00015,4,12,12,80,观察,False,False,public-derived-with-sequence-proxy
U00016,8,12,12,112,成长,False,False,public-derived-with-sequence-proxy
U00017,12,12,12,144,活跃,False,False,public-derived-with-sequence-proxy
U00018,11,12,12,136,活跃,False,False,public-derived-with-sequence-proxy
U00019,5,12,12,88,观察,False,False,public-derived-with-sequence-proxy
U00020,12,12,12,144,活跃,False,False,public-derived-with-sequence-proxy
U00021,4,12,12,80,观察,False,False,public-derived-with-sequence-proxy
U00022,5,12,12,88,观察,False,False,public-derived-with-sequence-proxy
U00023,6,12,12,96,观察,False,False,public-derived-with-sequence-proxy
U00024,12,12,12,144,活跃,False,False,public-derived-with-sequence-proxy
U00025,4,12,12,80,观察,False,False,public-derived-with-sequence-proxy
U00026,8,12,12,112,成长,False,False,public-derived-with-sequence-proxy
U00027,12,12,12,144,活跃,False,False,public-derived-with-sequence-proxy
U00028,12,12,12,144,活跃,False,False,public-derived-with-sequence-proxy
U00029,10,12,12,128,活跃,False,False,public-derived-with-sequence-proxy
U00030,12,12,12,144,活跃,False,False,public-derived-with-sequence-proxy
U00031,8,12,12,112,成长,False,False,public-derived-with-sequence-proxy
U00032,12,12,12,144,活跃,False,False,public-derived-with-sequence-proxy
U00033,9,12,12,120,活跃,False,False,public-derived-with-sequence-proxy
U00034,6,12,12,96,观察,False,False,public-derived-with-sequence-proxy
U00035,6,12,12,96,观察,False,False,public-derived-with-sequence-proxy
U00036,5,12,12,88,观察,False,False,public-derived-with-sequence-proxy
U00037,7,12,12,104,成长,False,False,public-derived-with-sequence-proxy
U00038,12,12,12,144,活跃,False,False,public-derived-with-sequence-proxy
U00039,6,12,12,96,观察,False,False,public-derived-with-sequence-proxy
U00040,12,12,12,144,活跃,False,False,public-derived-with-sequence-proxy
U00041,8,12,12,112,成长,False,False,public-derived-with-sequence-proxy
U00042,10,12,12,128,活跃,False,False,public-derived-with-sequence-proxy
U00043,5,12,12,88,观察,False,False,public-derived-with-sequence-proxy
U00044,5,12,12,88,观察,False,False,public-derived-with-sequence-proxy
U00045,8,12,12,112,成长,False,False,public-derived-with-sequence-proxy
U00046,8,12,12,112,成长,False,False,public-derived-with-sequence-proxy
U00047,7,12,12,104,成长,False,False,public-derived-with-sequence-proxy
U00048,5,12,12,88,观察,False,False,public-derived-with-sequence-proxy
U00049,12,12,12,144,活跃,False,False,public-derived-with-sequence-proxy
U00050,12,12,12,144,活跃,False,False,public-derived-with-sequence-proxy
U00051,12,12,12,144,活跃,False,False,public-derived-with-sequence-proxy
U00052,12,12,12,144,活跃,False,False,public-derived-with-sequence-proxy
U00053,7,12,12,104,成长,False,False,public-derived-with-sequence-proxy
U00054,11,12,12,136,活跃,False,False,public-derived-with-sequence-proxy
U00055,6,12,12,96,观察,False,False,public-derived-with-sequence-proxy
U00056,11,12,12,136,活跃,False,False,public-derived-with-sequence-proxy
U00057,7,12,12,104,成长,False,False,public-derived-with-sequence-proxy
U00058,4,12,12,80,观察,False,False,public-derived-with-sequence-proxy
U00059,5,12,12,88,观察,False,False,public-derived-with-sequence-proxy
U00060,12,12,12,144,活跃,False,False,public-derived-with-sequence-proxy
U00061,11,12,12,136,活跃,False,False,public-derived-with-sequence-proxy
U00062,8,12,12,112,成长,False,False,public-derived-with-sequence-proxy
U00063,11,12,12,136,活跃,False,False,public-derived-with-sequence-proxy
U00064,12,12,12,144,活跃,False,False,public-derived-with-sequence-proxy
U00065,4,12,12,80,观察,False,False,public-derived-with-sequence-proxy
U00066,10,12,12,128,活跃,False,False,public-derived-with-sequence-proxy
U00067,8,12,12,112,成长,False,False,public-derived-with-sequence-proxy
U00068,11,12,12,136,活跃,False,False,public-derived-with-sequence-proxy
U00069,12,12,12,144,活跃,False,False,public-derived-with-sequence-proxy
U00070,4,12,12,80,观察,False,False,public-derived-with-sequence-proxy
U00071,12,12,12,144,活跃,False,False,public-derived-with-sequence-proxy
U00072,8,12,12,112,成长,False,False,public-derived-with-sequence-proxy
U00073,4,12,12,80,观察,False,False,public-derived-with-sequence-proxy
U00074,8,12,12,112,成长,False,False,public-derived-with-sequence-proxy
U00075,8,12,12,112,成长,False,False,public-derived-with-sequence-proxy
U00076,10,12,12,128,活跃,False,False,public-derived-with-sequence-proxy
U00077,12,12,12,144,活跃,False,False,public-derived-with-sequence-proxy
U00078,8,12,12,112,成长,False,False,public-derived-with-sequence-proxy
U00079,12,12,12,144,活跃,False,False,public-derived-with-sequence-proxy
U00080,11,12,12,136,活跃,False,False,public-derived-with-sequence-proxy
U00081,4,12,12,80,观察,False,False,public-derived-with-sequence-proxy
U00082,4,12,12,80,观察,False,False,public-derived-with-sequence-proxy
U00083,12,12,12,144,活跃,False,False,public-derived-with-sequence-proxy
U00084,5,12,12,88,观察,False,False,public-derived-with-sequence-proxy
U00085,4,12,12,80,观察,False,False,public-derived-with-sequence-proxy
U00086,11,12,12,136,活跃,False,False,public-derived-with-sequence-proxy
U00087,12,12,12,144,活跃,False,False,public-derived-with-sequence-proxy
U00088,7,12,12,104,成长,False,False,public-derived-with-sequence-proxy
U00089,11,12,12,136,活跃,False,False,public-derived-with-sequence-proxy
U00090,8,12,12,112,成长,False,False,public-derived-with-sequence-proxy
U00091,7,12,12,104,成长,False,False,public-derived-with-sequence-proxy
U00092,10,12,12,128,活跃,False,False,public-derived-with-sequence-proxy
U00093,11,12,12,136,活跃,False,False,public-derived-with-sequence-proxy
U00094,12,12,12,144,活跃,False,False,public-derived-with-sequence-proxy
U00095,12,12,12,144,活跃,False,False,public-derived-with-sequence-proxy
U00096,8,12,12,112,成长,False,False,public-derived-with-sequence-proxy
U00097,12,12,12,144,活跃,False,False,public-derived-with-sequence-proxy
U00098,4,12,12,80,观察,False,False,public-derived-with-sequence-proxy
U00099,4,12,12,80,观察,False,False,public-derived-with-sequence-proxy
U00100,12,12,12,144,活跃,False,False,public-derived-with-sequence-proxy
U00101,4,12,12,80,观察,False,False,public-derived-with-sequence-proxy
U00102,12,12,12,144,活跃,False,False,public-derived-with-sequence-proxy
U00103,12,12,12,144,活跃,False,False,public-derived-with-sequence-proxy
U00104,7,12,12,104,成长,False,False,public-derived-with-sequence-proxy
U00105,12,12,12,144,活跃,False,False,public-derived-with-sequence-proxy
U00106,4,12,12,80,观察,False,False,public-derived-with-sequence-proxy
U00107,9,12,12,120,活跃,False,False,public-derived-with-sequence-proxy
U00108,5,12,12,88,观察,False,False,public-derived-with-sequence-proxy
U00109,4,12,12,80,观察,False,False,public-derived-with-sequence-proxy
U00110,10,12,12,128,活跃,False,False,public-derived-with-sequence-proxy
U00111,11,12,12,136,活跃,False,False,public-derived-with-sequence-proxy
U00112,11,12,12,136,活跃,False,False,public-derived-with-sequence-proxy
U00113,12,12,12,144,活跃,False,False,public-derived-with-sequence-proxy
U00114,10,12,12,128,活跃,False,False,public-derived-with-sequence-proxy
U00115,10,12,12,128,活跃,False,False,public-derived-with-sequence-proxy
U00116,4,12,12,80,观察,False,False,public-derived-with-sequence-proxy
U00117,8,12,12,112,成长,False,False,public-derived-with-sequence-proxy
U00118,10,12,12,128,活跃,False,False,public-derived-with-sequence-proxy
U00119,5,12,12,88,观察,False,False,public-derived-with-sequence-proxy
U00120,5,12,12,88,观察,False,False,public-derived-with-sequence-proxy
U00121,7,12,12,104,成长,False,False,public-derived-with-sequence-proxy
U00122,6,12,12,96,观察,False,False,public-derived-with-sequence-proxy
U00123,12,12,12,144,活跃,False,False,public-derived-with-sequence-proxy
U00124,8,12,12,112,成长,False,False,public-derived-with-sequence-proxy
U00125,10,12,12,128,活跃,False,False,public-derived-with-sequence-proxy
U00126,7,12,12,104,成长,False,False,public-derived-with-sequence-proxy
U00127,11,12,12,136,活跃,False,False,public-derived-with-sequence-proxy
U00128,8,12,12,112,成长,False,False,public-derived-with-sequence-proxy
U00129,9,12,12,120,活跃,False,False,public-derived-with-sequence-proxy
U00130,7,12,12,104,成长,False,False,public-derived-with-sequence-proxy
U00131,10,12,12,128,活跃,False,False,public-derived-with-sequence-proxy
U00132,8,12,12,112,成长,False,False,public-derived-with-sequence-proxy
U00133,10,12,12,128,活跃,False,False,public-derived-with-sequence-proxy
U00134,12,12,12,144,活跃,False,False,public-derived-with-sequence-proxy
U00135,6,12,12,96,观察,False,False,public-derived-with-sequence-proxy
U00136,8,12,12,112,成长,False,False,public-derived-with-sequence-proxy
U00137,12,12,12,144,活跃,False,False,public-derived-with-sequence-proxy
U00138,6,12,12,96,观察,False,False,public-derived-with-sequence-proxy
U00139,12,12,12,144,活跃,False,False,public-derived-with-sequence-proxy
U00140,7,12,12,104,成长,False,False,public-derived-with-sequence-proxy
U00141,12,12,12,144,活跃,False,False,public-derived-with-sequence-proxy
U00142,12,12,12,144,活跃,False,False,public-derived-with-sequence-proxy
U00143,12,12,12,144,活跃,False,False,public-derived-with-sequence-proxy
U00144,8,12,12,112,成长,False,False,public-derived-with-sequence-proxy
U00145,12,12,12,144,活跃,False,False,public-derived-with-sequence-proxy
U00146,9,12,12,120,活跃,False,False,public-derived-with-sequence-proxy
U00147,5,12,12,88,观察,False,False,public-derived-with-sequence-proxy
U00148,9,12,12,120,活跃,False,False,public-derived-with-sequence-proxy
U00149,6,12,12,96,观察,False,False,public-derived-with-sequence-proxy
U00150,12,12,12,144,活跃,False,False,public-derived-with-sequence-proxy
U00151,12,12,12,144,活跃,False,False,public-derived-with-sequence-proxy
U00152,7,12,12,104,成长,False,False,public-derived-with-sequence-proxy
U00153,12,12,12,144,活跃,False,False,public-derived-with-sequence-proxy
U00154,6,12,12,96,观察,False,False,public-derived-with-sequence-proxy
U00155,12,12,12,144,活跃,False,False,public-derived-with-sequence-proxy
U00156,12,12,12,144,活跃,False,False,public-derived-with-sequence-proxy
U00157,8,12,12,112,成长,False,False,public-derived-with-sequence-proxy
U00158,8,12,12,112,成长,False,False,public-derived-with-sequence-proxy
U00159,8,12,12,112,成长,False,False,public-derived-with-sequence-proxy
U00160,11,12,12,136,活跃,False,False,public-derived-with-sequence-proxy
U00161,12,12,12,144,活跃,False,False,public-derived-with-sequence-proxy
U00162,12,12,12,144,活跃,False,False,public-derived-with-sequence-proxy
U00163,12,12,12,144,活跃,False,False,public-derived-with-sequence-proxy
U00164,10,12,12,128,活跃,False,False,public-derived-with-sequence-proxy
U00165,7,12,12,104,成长,False,False,public-derived-with-sequence-proxy
U00166,12,12,12,144,活跃,False,False,public-derived-with-sequence-proxy
U00167,9,12,12,120,活跃,False,False,public-derived-with-sequence-proxy
U00168,4,12,12,80,观察,False,False,public-derived-with-sequence-proxy
U00169,5,12,12,88,观察,False,False,public-derived-with-sequence-proxy
U00170,8,12,12,112,成长,False,False,public-derived-with-sequence-proxy
U00171,12,12,12,144,活跃,False,False,public-derived-with-sequence-proxy
U00172,12,12,12,144,活跃,False,False,public-derived-with-sequence-proxy
U00173,4,12,12,80,观察,False,False,public-derived-with-sequence-proxy
U00174,12,12,12,144,活跃,False,False,public-derived-with-sequence-proxy
U00175,8,12,12,112,成长,False,False,public-derived-with-sequence-proxy
U00176,10,12,12,128,活跃,False,False,public-derived-with-sequence-proxy
U00177,5,12,12,88,观察,False,False,public-derived-with-sequence-proxy
U00178,7,12,12,104,成长,False,False,public-derived-with-sequence-proxy
U00179,12,12,12,144,活跃,False,False,public-derived-with-sequence-proxy
U00180,12,12,12,144,活跃,False,False,public-derived-with-sequence-proxy
U00181,12,12,12,144,活跃,False,False,public-derived-with-sequence-proxy
U00182,9,12,12,120,活跃,False,False,public-derived-with-sequence-proxy
U00183,5,12,12,88,观察,False,False,public-derived-with-sequence-proxy
U00184,12,12,12,144,活跃,False,False,public-derived-with-sequence-proxy
U00185,12,12,12,144,活跃,False,False,public-derived-with-sequence-proxy
U00186,12,12,12,144,活跃,False,False,public-derived-with-sequence-proxy
U00187,9,12,12,120,活跃,False,False,public-derived-with-sequence-proxy
U00188,7,12,12,104,成长,False,False,public-derived-with-sequence-proxy
U00189,9,12,12,120,活跃,False,False,public-derived-with-sequence-proxy
U00190,8,12,12,112,成长,False,False,public-derived-with-sequence-proxy
U00191,4,12,12,80,观察,False,False,public-derived-with-sequence-proxy
U00192,10,12,12,128,活跃,False,False,public-derived-with-sequence-proxy
U00193,4,12,12,80,观察,False,False,public-derived-with-sequence-proxy
U00194,12,12,12,144,活跃,False,False,public-derived-with-sequence-proxy
U00195,4,12,12,80,观察,False,False,public-derived-with-sequence-proxy
U00196,11,12,12,136,活跃,False,False,public-derived-with-sequence-proxy
U00197,6,12,12,96,观察,False,False,public-derived-with-sequence-proxy
U00198,12,12,12,144,活跃,False,False,public-derived-with-sequence-proxy
U00199,9,12,12,120,活跃,False,False,public-derived-with-sequence-proxy
U00200,7,12,12,104,成长,False,False,public-derived-with-sequence-proxy
U00201,12,12,12,144,活跃,False,False,public-derived-with-sequence-proxy
U00202,4,12,12,80,观察,False,False,public-derived-with-sequence-proxy
U00203,8,12,12,112,成长,False,False,public-derived-with-sequence-proxy
U00204,12,12,12,144,活跃,False,False,public-derived-with-sequence-proxy
U00205,12,12,12,144,活跃,False,False,public-derived-with-sequence-proxy
U00206,7,12,12,104,成长,False,False,public-derived-with-sequence-proxy
U00207,8,12,12,112,成长,False,False,public-derived-with-sequence-proxy
U00208,9,12,12,120,活跃,False,False,public-derived-with-sequence-proxy
U00209,12,12,12,144,活跃,False,False,public-derived-with-sequence-proxy
U00210,5,12,12,88,观察,False,False,public-derived-with-sequence-proxy
U00211,4,12,12,80,观察,False,False,public-derived-with-sequence-proxy
U00212,12,12,12,144,活跃,False,False,public-derived-with-sequence-proxy
U00213,9,12,12,120,活跃,False,False,public-derived-with-sequence-proxy
U00214,9,12,12,120,活跃,False,False,public-derived-with-sequence-proxy
U00215,7,12,12,104,成长,False,False,public-derived-with-sequence-proxy
U00216,11,12,12,136,活跃,False,False,public-derived-with-sequence-proxy
U00217,6,12,12,96,观察,False,False,public-derived-with-sequence-proxy
U00218,7,12,12,104,成长,False,False,public-derived-with-sequence-proxy
U00219,4,12,12,80,观察,False,False,public-derived-with-sequence-proxy
U00220,12,12,12,144,活跃,False,False,public-derived-with-sequence-proxy
U00221,8,12,12,112,成长,False,False,public-derived-with-sequence-proxy
U00222,7,12,12,104,成长,False,False,public-derived-with-sequence-proxy
U00223,12,12,12,144,活跃,False,False,public-derived-with-sequence-proxy
U00224,12,12,12,144,活跃,False,False,public-derived-with-sequence-proxy
U00225,10,12,12,128,活跃,False,False,public-derived-with-sequence-proxy
U00226,5,12,12,88,观察,False,False,public-derived-with-sequence-proxy
U00227,4,12,12,80,观察,False,False,public-derived-with-sequence-proxy
U00228,11,12,12,136,活跃,False,False,public-derived-with-sequence-proxy
U00229,7,12,12,104,成长,False,False,public-derived-with-sequence-proxy
U00230,10,12,12,128,活跃,False,False,public-derived-with-sequence-proxy
U00231,4,12,12,80,观察,False,False,public-derived-with-sequence-proxy
U00232,10,12,12,128,活跃,False,False,public-derived-with-sequence-proxy
U00233,5,12,12,88,观察,False,False,public-derived-with-sequence-proxy
U00234,10,12,12,128,活跃,False,False,public-derived-with-sequence-proxy
U00235,8,12,12,112,成长,False,False,public-derived-with-sequence-proxy
U00236,4,12,12,80,观察,False,False,public-derived-with-sequence-proxy
U00237,4,12,12,80,观察,False,False,public-derived-with-sequence-proxy
U00238,8,12,12,112,成长,False,False,public-derived-with-sequence-proxy
U00239,8,12,12,112,成长,False,False,public-derived-with-sequence-proxy
U00240,5,12,12,88,观察,False,False,public-derived-with-sequence-proxy
U00241,8,12,12,112,成长,False,False,public-derived-with-sequence-proxy
U00242,9,12,12,120,活跃,False,False,public-derived-with-sequence-proxy
U00243,7,12,12,104,成长,False,False,public-derived-with-sequence-proxy
U00244,8,12,12,112,成长,False,False,public-derived-with-sequence-proxy
U00245,8,12,12,112,成长,False,False,public-derived-with-sequence-proxy
U00246,6,12,12,96,观察,False,False,public-derived-with-sequence-proxy
U00247,12,12,12,144,活跃,False,False,public-derived-with-sequence-proxy
U00248,5,12,12,88,观察,False,False,public-derived-with-sequence-proxy
U00249,12,12,12,144,活跃,False,False,public-derived-with-sequence-proxy
U00250,12,12,12,144,活跃,False,False,public-derived-with-sequence-proxy
U00251,12,12,12,144,活跃,False,False,public-derived-with-sequence-proxy
U00252,10,12,12,128,活跃,False,False,public-derived-with-sequence-proxy
U00253,4,12,12,80,观察,False,False,public-derived-with-sequence-proxy
U00254,8,12,12,112,成长,False,False,public-derived-with-sequence-proxy
U00255,12,12,12,144,活跃,False,False,public-derived-with-sequence-proxy
U00256,10,12,12,128,活跃,False,False,public-derived-with-sequence-proxy
U00257,4,12,12,80,观察,False,False,public-derived-with-sequence-proxy
U00258,5,12,12,88,观察,False,False,public-derived-with-sequence-proxy
U00259,11,12,12,136,活跃,False,False,public-derived-with-sequence-proxy
U00260,6,12,12,96,观察,False,False,public-derived-with-sequence-proxy
U00261,4,12,12,80,观察,False,False,public-derived-with-sequence-proxy
U00262,5,12,12,88,观察,False,False,public-derived-with-sequence-proxy
U00263,6,12,12,96,观察,False,False,public-derived-with-sequence-proxy
U00264,8,12,12,112,成长,False,False,public-derived-with-sequence-proxy
U00265,8,12,12,112,成长,False,False,public-derived-with-sequence-proxy
U00266,11,12,12,136,活跃,False,False,public-derived-with-sequence-proxy
U00267,9,12,12,120,活跃,False,False,public-derived-with-sequence-proxy
U00268,5,12,12,88,观察,False,False,public-derived-with-sequence-proxy
U00269,6,12,12,96,观察,False,False,public-derived-with-sequence-proxy
U00270,9,12,12,120,活跃,False,False,public-derived-with-sequence-proxy
U00271,6,12,12,96,观察,False,False,public-derived-with-sequence-proxy
U00272,11,12,12,136,活跃,False,False,public-derived-with-sequence-proxy
U00273,12,12,12,144,活跃,False,False,public-derived-with-sequence-proxy
U00274,6,12,12,96,观察,False,False,public-derived-with-sequence-proxy
U00275,12,12,12,144,活跃,False,False,public-derived-with-sequence-proxy
U00276,4,12,12,80,观察,False,False,public-derived-with-sequence-proxy
U00277,8,12,12,112,成长,False,False,public-derived-with-sequence-proxy
U00278,4,12,12,80,观察,False,False,public-derived-with-sequence-proxy
U00279,12,12,12,144,活跃,False,False,public-derived-with-sequence-proxy
U00280,8,12,12,112,成长,False,False,public-derived-with-sequence-proxy
U00281,5,12,12,88,观察,False,False,public-derived-with-sequence-proxy
U00282,8,12,12,112,成长,False,False,public-derived-with-sequence-proxy
U00283,8,12,12,112,成长,False,False,public-derived-with-sequence-proxy
U00284,5,12,12,88,观察,False,False,public-derived-with-sequence-proxy
U00285,12,12,12,144,活跃,False,False,public-derived-with-sequence-proxy
U00286,8,12,12,112,成长,False,False,public-derived-with-sequence-proxy
U00287,8,12,12,112,成长,False,False,public-derived-with-sequence-proxy
U00288,7,12,12,104,成长,False,False,public-derived-with-sequence-proxy
U00289,4,12,12,80,观察,False,False,public-derived-with-sequence-proxy
U00290,12,12,12,144,活跃,False,False,public-derived-with-sequence-proxy
U00291,7,12,12,104,成长,False,False,public-derived-with-sequence-proxy
U00292,5,12,12,88,观察,False,False,public-derived-with-sequence-proxy
U00293,6,12,12,96,观察,False,False,public-derived-with-sequence-proxy
U00294,7,12,12,104,成长,False,False,public-derived-with-sequence-proxy
U00295,8,12,12,112,成长,False,False,public-derived-with-sequence-proxy
U00296,12,12,12,144,活跃,False,False,public-derived-with-sequence-proxy
U00297,8,12,12,112,成长,False,False,public-derived-with-sequence-proxy
U00298,9,12,12,120,活跃,False,False,public-derived-with-sequence-proxy
U00299,12,12,12,144,活跃,False,False,public-derived-with-sequence-proxy
U00300,9,12,12,120,活跃,False,False,public-derived-with-sequence-proxy
U00301,12,12,12,144,活跃,False,False,public-derived-with-sequence-proxy
U00302,12,12,12,144,活跃,False,False,public-derived-with-sequence-proxy
U00303,4,12,12,80,观察,False,False,public-derived-with-sequence-proxy
U00304,5,12,12,88,观察,False,False,public-derived-with-sequence-proxy
U00305,12,12,12,144,活跃,False,False,public-derived-with-sequence-proxy
U00306,10,12,12,128,活跃,False,False,public-derived-with-sequence-proxy
U00307,6,12,12,96,观察,False,False,public-derived-with-sequence-proxy
U00308,12,12,12,144,活跃,False,False,public-derived-with-sequence-proxy
U00309,12,12,12,144,活跃,False,False,public-derived-with-sequence-proxy
U00310,10,12,12,128,活跃,False,False,public-derived-with-sequence-proxy
U00311,5,12,12,88,观察,False,False,public-derived-with-sequence-proxy
U00312,4,12,12,80,观察,False,False,public-derived-with-sequence-proxy
U00313,12,12,12,144,活跃,False,False,public-derived-with-sequence-proxy
U00314,8,12,12,112,成长,False,False,public-derived-with-sequence-proxy
U00315,8,12,12,112,成长,False,False,public-derived-with-sequence-proxy
U00316,12,12,12,144,活跃,False,False,public-derived-with-sequence-proxy
U00317,9,12,12,120,活跃,False,False,public-derived-with-sequence-proxy
U00318,9,12,12,120,活跃,False,False,public-derived-with-sequence-proxy
U00319,8,12,12,112,成长,False,False,public-derived-with-sequence-proxy
U00320,9,12,12,120,活跃,False,False,public-derived-with-sequence-proxy
U00321,8,12,12,112,成长,False,False,public-derived-with-sequence-proxy
U00322,8,12,12,112,成长,False,False,public-derived-with-sequence-proxy
U00323,5,12,12,88,观察,False,False,public-derived-with-sequence-proxy
U00324,8,12,12,112,成长,False,False,public-derived-with-sequence-proxy
U00325,12,12,12,144,活跃,False,False,public-derived-with-sequence-proxy
U00326,12,12,12,144,活跃,False,False,public-derived-with-sequence-proxy
U00327,11,12,12,136,活跃,False,False,public-derived-with-sequence-proxy
U00328,10,12,12,128,活跃,False,False,public-derived-with-sequence-proxy
U00329,6,12,12,96,观察,False,False,public-derived-with-sequence-proxy
U00330,7,12,12,104,成长,False,False,public-derived-with-sequence-proxy
U00331,10,12,12,128,活跃,False,False,public-derived-with-sequence-proxy
U00332,9,12,12,120,活跃,False,False,public-derived-with-sequence-proxy
U00333,8,12,12,112,成长,False,False,public-derived-with-sequence-proxy
U00334,6,12,12,96,观察,False,False,public-derived-with-sequence-proxy
U00335,8,12,12,112,成长,False,False,public-derived-with-sequence-proxy
U00336,5,12,12,88,观察,False,False,public-derived-with-sequence-proxy
U00337,5,12,12,88,观察,False,False,public-derived-with-sequence-proxy
U00338,6,12,12,96,观察,False,False,public-derived-with-sequence-proxy
U00339,12,12,12,144,活跃,False,False,public-derived-with-sequence-proxy
U00340,12,12,12,144,活跃,False,False,public-derived-with-sequence-proxy
U00341,4,12,12,80,观察,False,False,public-derived-with-sequence-proxy
U00342,8,12,12,112,成长,False,False,public-derived-with-sequence-proxy
U00343,5,12,12,88,观察,False,False,public-derived-with-sequence-proxy
U00344,7,12,12,104,成长,False,False,public-derived-with-sequence-proxy
U00345,12,12,12,144,活跃,False,False,public-derived-with-sequence-proxy
U00346,4,12,12,80,观察,False,False,public-derived-with-sequence-proxy
U00347,12,12,12,144,活跃,False,False,public-derived-with-sequence-proxy
U00348,12,12,12,144,活跃,False,False,public-derived-with-sequence-proxy
U00349,12,12,12,144,活跃,False,False,public-derived-with-sequence-proxy
U00350,4,12,12,80,观察,False,False,public-derived-with-sequence-proxy
U00351,8,12,12,112,成长,False,False,public-derived-with-sequence-proxy
U00352,8,12,12,112,成长,False,False,public-derived-with-sequence-proxy
U00353,6,12,12,96,观察,False,False,public-derived-with-sequence-proxy
U00354,12,12,12,144,活跃,False,False,public-derived-with-sequence-proxy
U00355,6,12,12,96,观察,False,False,public-derived-with-sequence-proxy
U00356,12,12,12,144,活跃,False,False,public-derived-with-sequence-proxy
U00357,12,12,12,144,活跃,False,False,public-derived-with-sequence-proxy
U00358,6,12,12,96,观察,False,False,public-derived-with-sequence-proxy
U00359,9,12,12,120,活跃,False,False,public-derived-with-sequence-proxy
U00360,4,12,12,80,观察,False,False,public-derived-with-sequence-proxy
U00361,7,12,12,104,成长,False,False,public-derived-with-sequence-proxy
U00362,12,12,12,144,活跃,False,False,public-derived-with-sequence-proxy
U00363,8,12,12,112,成长,False,False,public-derived-with-sequence-proxy
U00364,12,12,12,144,活跃,False,False,public-derived-with-sequence-proxy
U00365,8,12,12,112,成长,False,False,public-derived-with-sequence-proxy
U00366,7,12,12,104,成长,False,False,public-derived-with-sequence-proxy
U00367,8,12,12,112,成长,False,False,public-derived-with-sequence-proxy
U00368,4,12,12,80,观察,False,False,public-derived-with-sequence-proxy
U00369,10,12,12,128,活跃,False,False,public-derived-with-sequence-proxy
U00370,6,12,12,96,观察,False,False,public-derived-with-sequence-proxy
U00371,10,12,12,128,活跃,False,False,public-derived-with-sequence-proxy
U00372,8,12,12,112,成长,False,False,public-derived-with-sequence-proxy
U00373,10,12,12,128,活跃,False,False,public-derived-with-sequence-proxy
U00374,9,12,12,120,活跃,False,False,public-derived-with-sequence-proxy
U00375,7,12,12,104,成长,False,False,public-derived-with-sequence-proxy
U00376,5,12,12,88,观察,False,False,public-derived-with-sequence-proxy
U00377,4,12,12,80,观察,False,False,public-derived-with-sequence-proxy
U00378,12,12,12,144,活跃,False,False,public-derived-with-sequence-proxy
U00379,11,12,12,136,活跃,False,False,public-derived-with-sequence-proxy
U00380,12,12,12,144,活跃,False,False,public-derived-with-sequence-proxy
U00381,5,12,12,88,观察,False,False,public-derived-with-sequence-proxy
U00382,6,12,12,96,观察,False,False,public-derived-with-sequence-proxy
U00383,6,12,12,96,观察,False,False,public-derived-with-sequence-proxy
U00384,5,12,12,88,观察,False,False,public-derived-with-sequence-proxy
U00385,10,12,12,128,活跃,False,False,public-derived-with-sequence-proxy
U00386,12,12,12,144,活跃,False,False,public-derived-with-sequence-proxy
U00387,12,12,12,144,活跃,False,False,public-derived-with-sequence-proxy
U00388,8,12,12,112,成长,False,False,public-derived-with-sequence-proxy
U00389,12,12,12,144,活跃,False,False,public-derived-with-sequence-proxy
U00390,12,12,12,144,活跃,False,False,public-derived-with-sequence-proxy
U00391,12,12,12,144,活跃,False,False,public-derived-with-sequence-proxy
U00392,8,12,12,112,成长,False,False,public-derived-with-sequence-proxy
U00393,4,12,12,80,观察,False,False,public-derived-with-sequence-proxy
U00394,12,12,12,144,活跃,False,False,public-derived-with-sequence-proxy
U00395,5,12,12,88,观察,False,False,public-derived-with-sequence-proxy
U00396,4,12,12,80,观察,False,False,public-derived-with-sequence-proxy
U00397,6,12,12,96,观察,False,False,public-derived-with-sequence-proxy
U00398,12,12,12,144,活跃,False,False,public-derived-with-sequence-proxy
U00399,4,12,12,80,观察,False,False,public-derived-with-sequence-proxy
U00400,11,12,12,136,活跃,False,False,public-derived-with-sequence-proxy
U00401,9,12,12,120,活跃,False,False,public-derived-with-sequence-proxy
U00402,12,12,12,144,活跃,False,False,public-derived-with-sequence-proxy
U00403,8,12,12,112,成长,False,False,public-derived-with-sequence-proxy
U00404,7,12,12,104,成长,False,False,public-derived-with-sequence-proxy
U00405,8,12,12,112,成长,False,False,public-derived-with-sequence-proxy
U00406,7,12,12,104,成长,False,False,public-derived-with-sequence-proxy
U00407,7,12,12,104,成长,False,False,public-derived-with-sequence-proxy
U00408,6,12,12,96,观察,False,False,public-derived-with-sequence-proxy
U00409,11,12,12,136,活跃,False,False,public-derived-with-sequence-proxy
U00410,11,12,12,136,活跃,False,False,public-derived-with-sequence-proxy
U00411,11,12,12,136,活跃,False,False,public-derived-with-sequence-proxy
U00412,12,12,12,144,活跃,False,False,public-derived-with-sequence-proxy
U00413,7,12,12,104,成长,False,False,public-derived-with-sequence-proxy
U00414,5,12,12,88,观察,False,False,public-derived-with-sequence-proxy
U00415,5,12,12,88,观察,False,False,public-derived-with-sequence-proxy
U00416,8,12,12,112,成长,False,False,public-derived-with-sequence-proxy
U00417,7,12,12,104,成长,False,False,public-derived-with-sequence-proxy
U00418,11,12,12,136,活跃,False,False,public-derived-with-sequence-proxy
U00419,12,12,12,144,活跃,False,False,public-derived-with-sequence-proxy
U00420,12,12,12,144,活跃,False,False,public-derived-with-sequence-proxy
U00421,8,12,12,112,成长,False,False,public-derived-with-sequence-proxy
U00422,4,12,12,80,观察,False,False,public-derived-with-sequence-proxy
U00423,4,12,12,80,观察,False,False,public-derived-with-sequence-proxy
U00424,6,12,12,96,观察,False,False,public-derived-with-sequence-proxy
U00425,8,12,12,112,成长,False,False,public-derived-with-sequence-proxy
U00426,5,12,12,88,观察,False,False,public-derived-with-sequence-proxy
U00427,12,12,12,144,活跃,False,False,public-derived-with-sequence-proxy
U00428,6,12,12,96,观察,False,False,public-derived-with-sequence-proxy
U00429,12,12,12,144,活跃,False,False,public-derived-with-sequence-proxy
U00430,7,12,12,104,成长,False,False,public-derived-with-sequence-proxy
U00431,9,12,12,120,活跃,False,False,public-derived-with-sequence-proxy
U00432,12,12,12,144,活跃,False,False,public-derived-with-sequence-proxy
U00433,5,12,12,88,观察,False,False,public-derived-with-sequence-proxy
U00434,4,12,12,80,观察,False,False,public-derived-with-sequence-proxy
U00435,12,12,12,144,活跃,False,False,public-derived-with-sequence-proxy
U00436,6,12,12,96,观察,False,False,public-derived-with-sequence-proxy
U00437,8,12,12,112,成长,False,False,public-derived-with-sequence-proxy
U00438,12,12,12,144,活跃,False,False,public-derived-with-sequence-proxy
U00439,12,12,12,144,活跃,False,False,public-derived-with-sequence-proxy
U00440,11,12,12,136,活跃,False,False,public-derived-with-sequence-proxy
U00441,6,12,12,96,观察,False,False,public-derived-with-sequence-proxy
U00442,12,12,12,144,活跃,False,False,public-derived-with-sequence-proxy
U00443,8,12,12,112,成长,False,False,public-derived-with-sequence-proxy
U00444,4,12,12,80,观察,False,False,public-derived-with-sequence-proxy
U00445,4,12,12,80,观察,False,False,public-derived-with-sequence-proxy
U00446,12,12,12,144,活跃,False,False,public-derived-with-sequence-proxy
U00447,12,12,12,144,活跃,False,False,public-derived-with-sequence-proxy
U00448,12,12,12,144,活跃,False,False,public-derived-with-sequence-proxy
U00449,12,12,12,144,活跃,False,False,public-derived-with-sequence-proxy
U00450,10,12,12,128,活跃,False,False,public-derived-with-sequence-proxy
U00451,6,12,12,96,观察,False,False,public-derived-with-sequence-proxy
U00452,7,12,12,104,成长,False,False,public-derived-with-sequence-proxy
U00453,9,12,12,120,活跃,False,False,public-derived-with-sequence-proxy
U00454,10,12,12,128,活跃,False,False,public-derived-with-sequence-proxy
U00455,4,12,12,80,观察,False,False,public-derived-with-sequence-proxy
U00456,12,12,12,144,活跃,False,False,public-derived-with-sequence-proxy
U00457,5,12,12,88,观察,False,False,public-derived-with-sequence-proxy
U00458,7,12,12,104,成长,False,False,public-derived-with-sequence-proxy
U00459,7,12,12,104,成长,False,False,public-derived-with-sequence-proxy
U00460,8,12,12,112,成长,False,False,public-derived-with-sequence-proxy
U00461,8,12,12,112,成长,False,False,public-derived-with-sequence-proxy
U00462,8,12,12,112,成长,False,False,public-derived-with-sequence-proxy
U00463,12,12,12,144,活跃,False,False,public-derived-with-sequence-proxy
U00464,12,12,12,144,活跃,False,False,public-derived-with-sequence-proxy
U00465,12,12,12,144,活跃,False,False,public-derived-with-sequence-proxy
U00466,12,12,12,144,活跃,False,False,public-derived-with-sequence-proxy
U00467,6,12,12,96,观察,False,False,public-derived-with-sequence-proxy
U00468,7,12,12,104,成长,False,False,public-derived-with-sequence-proxy
U00469,7,12,12,104,成长,False,False,public-derived-with-sequence-proxy
U00470,8,12,12,112,成长,False,False,public-derived-with-sequence-proxy
U00471,8,12,12,112,成长,False,False,public-derived-with-sequence-proxy
U00472,11,12,12,136,活跃,False,False,public-derived-with-sequence-proxy
U00473,6,12,12,96,观察,False,False,public-derived-with-sequence-proxy
U00474,12,12,12,144,活跃,False,False,public-derived-with-sequence-proxy
U00475,10,12,12,128,活跃,False,False,public-derived-with-sequence-proxy
U00476,6,12,12,96,观察,False,False,public-derived-with-sequence-proxy
U00477,10,12,12,128,活跃,False,False,public-derived-with-sequence-proxy
U00478,12,12,12,144,活跃,False,False,public-derived-with-sequence-proxy
U00479,4,12,12,80,观察,False,False,public-derived-with-sequence-proxy
U00480,6,12,12,96,观察,False,False,public-derived-with-sequence-proxy
U00481,9,12,12,120,活跃,False,False,public-derived-with-sequence-proxy
U00482,6,12,12,96,观察,False,False,public-derived-with-sequence-proxy
U00483,12,12,12,144,活跃,False,False,public-derived-with-sequence-proxy
U00484,8,12,12,112,成长,False,False,public-derived-with-sequence-proxy
U00485,8,12,12,112,成长,False,False,public-derived-with-sequence-proxy
U00486,7,12,12,104,成长,False,False,public-derived-with-sequence-proxy
U00487,8,12,12,112,成长,False,False,public-derived-with-sequence-proxy
U00488,8,12,12,112,成长,False,False,public-derived-with-sequence-proxy
U00489,8,12,12,112,成长,False,False,public-derived-with-sequence-proxy
U00490,7,12,12,104,成长,False,False,public-derived-with-sequence-proxy
U00491,6,12,12,96,观察,False,False,public-derived-with-sequence-proxy
U00492,5,12,12,88,观察,False,False,public-derived-with-sequence-proxy
U00493,10,12,12,128,活跃,False,False,public-derived-with-sequence-proxy
U00494,12,12,12,144,活跃,False,False,public-derived-with-sequence-proxy
U00495,12,12,12,144,活跃,False,False,public-derived-with-sequence-proxy
U00496,8,12,12,112,成长,False,False,public-derived-with-sequence-proxy
U00497,8,12,12,112,成长,False,False,public-derived-with-sequence-proxy
U00498,8,12,12,112,成长,False,False,public-derived-with-sequence-proxy
U00499,12,12,12,144,活跃,False,False,public-derived-with-sequence-proxy
U00500,11,12,12,136,活跃,False,False,public-derived-with-sequence-proxy
U00501,12,12,12,144,活跃,False,False,public-derived-with-sequence-proxy
U00502,8,12,12,112,成长,False,False,public-derived-with-sequence-proxy
U00503,5,12,12,88,观察,False,False,public-derived-with-sequence-proxy
U00504,12,12,12,144,活跃,False,False,public-derived-with-sequence-proxy
U00505,4,12,12,80,观察,False,False,public-derived-with-sequence-proxy
U00506,4,12,12,80,观察,False,False,public-derived-with-sequence-proxy
U00507,7,12,12,104,成长,False,False,public-derived-with-sequence-proxy
U00508,12,12,12,144,活跃,False,False,public-derived-with-sequence-proxy
U00509,7,12,12,104,成长,False,False,public-derived-with-sequence-proxy
U00510,12,12,12,144,活跃,False,False,public-derived-with-sequence-proxy
U00511,9,12,12,120,活跃,False,False,public-derived-with-sequence-proxy
U00512,12,12,12,144,活跃,False,False,public-derived-with-sequence-proxy
U00513,6,12,12,96,观察,False,False,public-derived-with-sequence-proxy
U00514,12,12,12,144,活跃,False,False,public-derived-with-sequence-proxy
U00515,4,12,12,80,观察,False,False,public-derived-with-sequence-proxy
U00516,4,12,12,80,观察,False,False,public-derived-with-sequence-proxy
U00517,6,12,12,96,观察,False,False,public-derived-with-sequence-proxy
U00518,6,12,12,96,观察,False,False,public-derived-with-sequence-proxy
U00519,8,12,12,112,成长,False,False,public-derived-with-sequence-proxy
U00520,8,12,12,112,成长,False,False,public-derived-with-sequence-proxy
U00521,12,12,12,144,活跃,False,False,public-derived-with-sequence-proxy
U00522,6,12,12,96,观察,False,False,public-derived-with-sequence-proxy
U00523,4,12,12,80,观察,False,False,public-derived-with-sequence-proxy
U00524,4,12,12,80,观察,False,False,public-derived-with-sequence-proxy
U00525,9,12,12,120,活跃,False,False,public-derived-with-sequence-proxy
U00526,7,12,12,104,成长,False,False,public-derived-with-sequence-proxy
U00527,5,12,12,88,观察,False,False,public-derived-with-sequence-proxy
U00528,8,12,12,112,成长,False,False,public-derived-with-sequence-proxy
U00529,4,12,12,80,观察,False,False,public-derived-with-sequence-proxy
U00530,4,12,12,80,观察,False,False,public-derived-with-sequence-proxy
U00531,12,12,12,144,活跃,False,False,public-derived-with-sequence-proxy
U00532,12,12,12,144,活跃,False,False,public-derived-with-sequence-proxy
U00533,8,12,12,112,成长,False,False,public-derived-with-sequence-proxy
U00534,5,12,12,88,观察,False,False,public-derived-with-sequence-proxy
U00535,6,12,12,96,观察,False,False,public-derived-with-sequence-proxy
U00536,11,12,12,136,活跃,False,False,public-derived-with-sequence-proxy
U00537,12,12,12,144,活跃,False,False,public-derived-with-sequence-proxy
U00538,11,12,12,136,活跃,False,False,public-derived-with-sequence-proxy
U00539,7,12,12,104,成长,False,False,public-derived-with-sequence-proxy
U00540,9,12,12,120,活跃,False,False,public-derived-with-sequence-proxy
U00541,5,12,12,88,观察,False,False,public-derived-with-sequence-proxy
U00542,6,12,12,96,观察,False,False,public-derived-with-sequence-proxy
U00543,12,12,12,144,活跃,False,False,public-derived-with-sequence-proxy
U00544,11,12,12,136,活跃,False,False,public-derived-with-sequence-proxy
U00545,12,12,12,144,活跃,False,False,public-derived-with-sequence-proxy
U00546,5,12,12,88,观察,False,False,public-derived-with-sequence-proxy
U00547,12,12,12,144,活跃,False,False,public-derived-with-sequence-proxy
U00548,6,12,12,96,观察,False,False,public-derived-with-sequence-proxy
U00549,12,12,12,144,活跃,False,False,public-derived-with-sequence-proxy
U00550,8,12,12,112,成长,False,False,public-derived-with-sequence-proxy
U00551,6,12,12,96,观察,False,False,public-derived-with-sequence-proxy
U00552,8,12,12,112,成长,False,False,public-derived-with-sequence-proxy
U00553,4,12,12,80,观察,False,False,public-derived-with-sequence-proxy
U00554,12,12,12,144,活跃,False,False,public-derived-with-sequence-proxy
U00555,12,12,12,144,活跃,False,False,public-derived-with-sequence-proxy
U00556,9,12,12,120,活跃,False,False,public-derived-with-sequence-proxy
U00557,8,12,12,112,成长,False,False,public-derived-with-sequence-proxy
U00558,5,12,12,88,观察,False,False,public-derived-with-sequence-proxy
U00559,9,12,12,120,活跃,False,False,public-derived-with-sequence-proxy
U00560,11,12,12,136,活跃,False,False,public-derived-with-sequence-proxy
U00561,8,12,12,112,成长,False,False,public-derived-with-sequence-proxy
U00562,10,12,12,128,活跃,False,False,public-derived-with-sequence-proxy
U00563,6,12,12,96,观察,False,False,public-derived-with-sequence-proxy
U00564,4,12,12,80,观察,False,False,public-derived-with-sequence-proxy
U00565,4,12,12,80,观察,False,False,public-derived-with-sequence-proxy
U00566,9,12,12,120,活跃,False,False,public-derived-with-sequence-proxy
U00567,12,12,12,144,活跃,False,False,public-derived-with-sequence-proxy
U00568,8,12,12,112,成长,False,False,public-derived-with-sequence-proxy
U00569,7,12,12,104,成长,False,False,public-derived-with-sequence-proxy
U00570,12,12,12,144,活跃,False,False,public-derived-with-sequence-proxy
U00571,12,12,12,144,活跃,False,False,public-derived-with-sequence-proxy
U00572,4,12,12,80,观察,False,False,public-derived-with-sequence-proxy
U00573,4,12,12,80,观察,False,False,public-derived-with-sequence-proxy
U00574,10,12,12,128,活跃,False,False,public-derived-with-sequence-proxy
U00575,8,12,12,112,成长,False,False,public-derived-with-sequence-proxy
U00576,9,12,12,120,活跃,False,False,public-derived-with-sequence-proxy
U00577,12,12,12,144,活跃,False,False,public-derived-with-sequence-proxy
U00578,12,12,12,144,活跃,False,False,public-derived-with-sequence-proxy
U00579,12,12,12,144,活跃,False,False,public-derived-with-sequence-proxy
U00580,4,12,12,80,观察,False,False,public-derived-with-sequence-proxy
U00581,6,12,12,96,观察,False,False,public-derived-with-sequence-proxy
U00582,9,12,12,120,活跃,False,False,public-derived-with-sequence-proxy
U00583,9,12,12,120,活跃,False,False,public-derived-with-sequence-proxy
U00584,10,12,12,128,活跃,False,False,public-derived-with-sequence-proxy
U00585,12,12,12,144,活跃,False,False,public-derived-with-sequence-proxy
U00586,6,12,12,96,观察,False,False,public-derived-with-sequence-proxy
U00587,10,12,12,128,活跃,False,False,public-derived-with-sequence-proxy
U00588,8,12,12,112,成长,False,False,public-derived-with-sequence-proxy
U00589,7,12,12,104,成长,False,False,public-derived-with-sequence-proxy
U00590,4,12,12,80,观察,False,False,public-derived-with-sequence-proxy
U00591,4,12,12,80,观察,False,False,public-derived-with-sequence-proxy
U00592,12,12,12,144,活跃,False,False,public-derived-with-sequence-proxy
U00593,12,12,12,144,活跃,False,False,public-derived-with-sequence-proxy
U00594,4,12,12,80,观察,False,False,public-derived-with-sequence-proxy
U00595,10,12,12,128,活跃,False,False,public-derived-with-sequence-proxy
U00596,7,12,12,104,成长,False,False,public-derived-with-sequence-proxy
U00597,7,12,12,104,成长,False,False,public-derived-with-sequence-proxy
U00598,12,12,12,144,活跃,False,False,public-derived-with-sequence-proxy
U00599,10,12,12,128,活跃,False,False,public-derived-with-sequence-proxy
U00600,4,12,12,80,观察,False,False,public-derived-with-sequence-proxy
U00601,8,12,12,112,成长,False,False,public-derived-with-sequence-proxy
U00602,7,12,12,104,成长,False,False,public-derived-with-sequence-proxy
U00603,12,12,12,144,活跃,False,False,public-derived-with-sequence-proxy
U00604,7,12,12,104,成长,False,False,public-derived-with-sequence-proxy
U00605,4,12,12,80,观察,False,False,public-derived-with-sequence-proxy
U00606,10,12,12,128,活跃,False,False,public-derived-with-sequence-proxy
U00607,4,12,12,80,观察,False,False,public-derived-with-sequence-proxy
U00608,9,12,12,120,活跃,False,False,public-derived-with-sequence-proxy
U00609,10,12,12,128,活跃,False,False,public-derived-with-sequence-proxy
U00610,8,12,12,112,成长,False,False,public-derived-with-sequence-proxy
U00611,9,12,12,120,活跃,False,False,public-derived-with-sequence-proxy
U00612,8,12,12,112,成长,False,False,public-derived-with-sequence-proxy
U00613,10,12,12,128,活跃,False,False,public-derived-with-sequence-proxy
U00614,12,12,12,144,活跃,False,False,public-derived-with-sequence-proxy
U00615,9,12,12,120,活跃,False,False,public-derived-with-sequence-proxy
U00616,4,12,12,80,观察,False,False,public-derived-with-sequence-proxy
U00617,12,12,12,144,活跃,False,False,public-derived-with-sequence-proxy
U00618,12,12,12,144,活跃,False,False,public-derived-with-sequence-proxy
U00619,11,12,12,136,活跃,False,False,public-derived-with-sequence-proxy
U00620,8,12,12,112,成长,False,False,public-derived-with-sequence-proxy
U00621,6,12,12,96,观察,False,False,public-derived-with-sequence-proxy
U00622,8,12,12,112,成长,False,False,public-derived-with-sequence-proxy
U00623,4,12,12,80,观察,False,False,public-derived-with-sequence-proxy
U00624,5,12,12,88,观察,False,False,public-derived-with-sequence-proxy
U00625,4,12,12,80,观察,False,False,public-derived-with-sequence-proxy
U00626,4,12,12,80,观察,False,False,public-derived-with-sequence-proxy
U00627,4,12,12,80,观察,False,False,public-derived-with-sequence-proxy
U00628,10,12,12,128,活跃,False,False,public-derived-with-sequence-proxy
U00629,9,12,12,120,活跃,False,False,public-derived-with-sequence-proxy
U00630,9,12,12,120,活跃,False,False,public-derived-with-sequence-proxy
U00631,4,12,12,80,观察,False,False,public-derived-with-sequence-proxy
U00632,8,12,12,112,成长,False,False,public-derived-with-sequence-proxy
U00633,8,12,12,112,成长,False,False,public-derived-with-sequence-proxy
U00634,6,12,12,96,观察,False,False,public-derived-with-sequence-proxy
U00635,12,12,12,144,活跃,False,False,public-derived-with-sequence-proxy
U00636,6,12,12,96,观察,False,False,public-derived-with-sequence-proxy
U00637,7,12,12,104,成长,False,False,public-derived-with-sequence-proxy
U00638,10,12,12,128,活跃,False,False,public-derived-with-sequence-proxy
U00639,4,12,12,80,观察,False,False,public-derived-with-sequence-proxy
U00640,6,12,12,96,观察,False,False,public-derived-with-sequence-proxy
U00641,12,12,12,144,活跃,False,False,public-derived-with-sequence-proxy
U00642,10,12,12,128,活跃,False,False,public-derived-with-sequence-proxy
U00643,10,12,12,128,活跃,False,False,public-derived-with-sequence-proxy
U00644,8,12,12,112,成长,False,False,public-derived-with-sequence-proxy
U00645,11,12,12,136,活跃,False,False,public-derived-with-sequence-proxy
U00646,12,12,12,144,活跃,False,False,public-derived-with-sequence-proxy
U00647,8,12,12,112,成长,False,False,public-derived-with-sequence-proxy
U00648,8,12,12,112,成长,False,False,public-derived-with-sequence-proxy
U00649,4,12,12,80,观察,False,False,public-derived-with-sequence-proxy
U00650,6,12,12,96,观察,False,False,public-derived-with-sequence-proxy
U00651,5,12,12,88,观察,False,False,public-derived-with-sequence-proxy
U00652,11,12,12,136,活跃,False,False,public-derived-with-sequence-proxy
U00653,8,12,12,112,成长,False,False,public-derived-with-sequence-proxy
U00654,12,12,12,144,活跃,False,False,public-derived-with-sequence-proxy
U00655,5,12,12,88,观察,False,False,public-derived-with-sequence-proxy
U00656,12,12,12,144,活跃,False,False,public-derived-with-sequence-proxy
U00657,4,12,12,80,观察,False,False,public-derived-with-sequence-proxy
U00658,12,12,12,144,活跃,False,False,public-derived-with-sequence-proxy
U00659,5,12,12,88,观察,False,False,public-derived-with-sequence-proxy
U00660,8,12,12,112,成长,False,False,public-derived-with-sequence-proxy
U00661,11,12,12,136,活跃,False,False,public-derived-with-sequence-proxy
U00662,9,12,12,120,活跃,False,False,public-derived-with-sequence-proxy
U00663,4,12,12,80,观察,False,False,public-derived-with-sequence-proxy
U00664,5,12,12,88,观察,False,False,public-derived-with-sequence-proxy
U00665,9,12,12,120,活跃,False,False,public-derived-with-sequence-proxy
U00666,10,12,12,128,活跃,False,False,public-derived-with-sequence-proxy
U00667,4,12,12,80,观察,False,False,public-derived-with-sequence-proxy
U00668,6,12,12,96,观察,False,False,public-derived-with-sequence-proxy
U00669,9,12,12,120,活跃,False,False,public-derived-with-sequence-proxy
U00670,12,12,12,144,活跃,False,False,public-derived-with-sequence-proxy
U00671,12,12,12,144,活跃,False,False,public-derived-with-sequence-proxy
U00672,5,12,12,88,观察,False,False,public-derived-with-sequence-proxy
U00673,12,12,12,144,活跃,False,False,public-derived-with-sequence-proxy
U00674,7,12,12,104,成长,False,False,public-derived-with-sequence-proxy
U00675,7,12,12,104,成长,False,False,public-derived-with-sequence-proxy
U00676,10,12,12,128,活跃,False,False,public-derived-with-sequence-proxy
U00677,11,12,12,136,活跃,False,False,public-derived-with-sequence-proxy
U00678,12,12,12,144,活跃,False,False,public-derived-with-sequence-proxy
U00679,5,12,12,88,观察,False,False,public-derived-with-sequence-proxy
U00680,6,12,12,96,观察,False,False,public-derived-with-sequence-proxy
U00681,12,12,12,144,活跃,False,False,public-derived-with-sequence-proxy
U00682,12,12,12,144,活跃,False,False,public-derived-with-sequence-proxy
U00683,12,12,12,144,活跃,False,False,public-derived-with-sequence-proxy
U00684,12,12,12,144,活跃,False,False,public-derived-with-sequence-proxy
U00685,4,12,12,80,观察,False,False,public-derived-with-sequence-proxy
U00686,8,12,12,112,成长,False,False,public-derived-with-sequence-proxy
U00687,8,12,12,112,成长,False,False,public-derived-with-sequence-proxy
U00688,7,12,12,104,成长,False,False,public-derived-with-sequence-proxy
U00689,6,12,12,96,观察,False,False,public-derived-with-sequence-proxy
U00690,7,12,12,104,成长,False,False,public-derived-with-sequence-proxy
U00691,12,12,12,144,活跃,False,False,public-derived-with-sequence-proxy
U00692,8,12,12,112,成长,False,False,public-derived-with-sequence-proxy
U00693,12,12,12,144,活跃,False,False,public-derived-with-sequence-proxy
U00694,4,12,12,80,观察,False,False,public-derived-with-sequence-proxy
U00695,12,12,12,144,活跃,False,False,public-derived-with-sequence-proxy
U00696,12,12,12,144,活跃,False,False,public-derived-with-sequence-proxy
U00697,4,12,12,80,观察,False,False,public-derived-with-sequence-proxy
U00698,4,12,12,80,观察,False,False,public-derived-with-sequence-proxy
U00699,10,12,12,128,活跃,False,False,public-derived-with-sequence-proxy
U00700,8,12,12,112,成长,False,False,public-derived-with-sequence-proxy
U00701,12,12,12,144,活跃,False,False,public-derived-with-sequence-proxy
U00702,9,12,12,120,活跃,False,False,public-derived-with-sequence-proxy
U00703,12,12,12,144,活跃,False,False,public-derived-with-sequence-proxy
U00704,12,12,12,144,活跃,False,False,public-derived-with-sequence-proxy
U00705,6,12,12,96,观察,False,False,public-derived-with-sequence-proxy
U00706,11,12,12,136,活跃,False,False,public-derived-with-sequence-proxy
U00707,11,12,12,136,活跃,False,False,public-derived-with-sequence-proxy
U00708,10,12,12,128,活跃,False,False,public-derived-with-sequence-proxy
U00709,12,12,12,144,活跃,False,False,public-derived-with-sequence-proxy
U00710,12,12,12,144,活跃,False,False,public-derived-with-sequence-proxy
U00711,5,12,12,88,观察,False,False,public-derived-with-sequence-proxy
U00712,5,12,12,88,观察,False,False,public-derived-with-sequence-proxy
U00713,7,12,12,104,成长,False,False,public-derived-with-sequence-proxy
U00714,7,12,12,104,成长,False,False,public-derived-with-sequence-proxy
U00715,12,12,12,144,活跃,False,False,public-derived-with-sequence-proxy
U00716,6,12,12,96,观察,False,False,public-derived-with-sequence-proxy
U00717,12,12,12,144,活跃,False,False,public-derived-with-sequence-proxy
U00718,8,12,12,112,成长,False,False,public-derived-with-sequence-proxy
U00719,9,12,12,120,活跃,False,False,public-derived-with-sequence-proxy
U00720,8,12,12,112,成长,False,False,public-derived-with-sequence-proxy
U00721,5,12,12,88,观察,False,False,public-derived-with-sequence-proxy
U00722,12,12,12,144,活跃,False,False,public-derived-with-sequence-proxy
U00723,12,12,12,144,活跃,False,False,public-derived-with-sequence-proxy
U00724,12,12,12,144,活跃,False,False,public-derived-with-sequence-proxy
U00725,12,12,12,144,核心,False,False,public-derived-with-sequence-proxy
U00726,8,12,12,112,成长,False,False,public-derived-with-sequence-proxy
U00727,12,12,12,144,核心,False,False,public-derived-with-sequence-proxy
U00728,4,12,12,80,观察,False,False,public-derived-with-sequence-proxy
U00729,11,12,12,136,活跃,False,False,public-derived-with-sequence-proxy
U00730,4,12,12,80,观察,False,False,public-derived-with-sequence-proxy
U00731,11,12,12,136,活跃,False,False,public-derived-with-sequence-proxy
U00732,12,12,12,144,核心,False,False,public-derived-with-sequence-proxy
U00733,7,12,12,104,成长,False,False,public-derived-with-sequence-proxy
U00734,7,12,12,104,成长,False,False,public-derived-with-sequence-proxy
U00735,6,12,12,96,观察,False,False,public-derived-with-sequence-proxy
U00736,6,12,12,96,观察,False,False,public-derived-with-sequence-proxy
U00737,8,12,12,112,成长,False,False,public-derived-with-sequence-proxy
U00738,9,12,12,120,活跃,False,False,public-derived-with-sequence-proxy
U00739,10,12,12,128,活跃,False,False,public-derived-with-sequence-proxy
U00740,12,12,12,144,核心,False,False,public-derived-with-sequence-proxy
U00741,10,12,12,128,活跃,False,False,public-derived-with-sequence-proxy
U00742,12,12,12,144,核心,False,False,public-derived-with-sequence-proxy
U00743,12,12,12,144,核心,False,False,public-derived-with-sequence-proxy
U00744,10,12,12,128,活跃,False,False,public-derived-with-sequence-proxy
U00745,12,12,12,144,核心,False,False,public-derived-with-sequence-proxy
U00746,6,12,12,96,观察,False,False,public-derived-with-sequence-proxy
U00747,9,12,12,120,活跃,False,False,public-derived-with-sequence-proxy
U00748,12,12,12,144,核心,False,False,public-derived-with-sequence-proxy
U00749,12,12,12,144,核心,False,False,public-derived-with-sequence-proxy
U00750,4,12,12,80,观察,False,False,public-derived-with-sequence-proxy
U00751,12,12,12,144,核心,False,False,public-derived-with-sequence-proxy
U00752,7,12,12,104,成长,False,False,public-derived-with-sequence-proxy
U00753,12,12,12,144,核心,False,False,public-derived-with-sequence-proxy
U00754,6,12,12,96,观察,False,False,public-derived-with-sequence-proxy
U00755,8,12,12,112,成长,False,False,public-derived-with-sequence-proxy
U00756,8,12,12,112,成长,False,False,public-derived-with-sequence-proxy
U00757,12,12,12,144,核心,False,False,public-derived-with-sequence-proxy
U00758,10,12,12,128,活跃,False,False,public-derived-with-sequence-proxy
U00759,7,12,12,104,成长,False,False,public-derived-with-sequence-proxy
U00760,5,12,12,88,观察,False,False,public-derived-with-sequence-proxy
U00761,4,12,12,80,观察,False,False,public-derived-with-sequence-proxy
U00762,8,12,12,112,成长,False,False,public-derived-with-sequence-proxy
U00763,10,12,12,128,活跃,False,False,public-derived-with-sequence-proxy
U00764,8,12,12,112,成长,False,False,public-derived-with-sequence-proxy
U00765,8,12,12,112,成长,False,False,public-derived-with-sequence-proxy
U00766,10,12,12,128,活跃,False,False,public-derived-with-sequence-proxy
U00767,6,12,12,96,观察,False,False,public-derived-with-sequence-proxy
U00768,8,12,12,112,成长,False,False,public-derived-with-sequence-proxy
U00769,12,12,12,144,核心,False,False,public-derived-with-sequence-proxy
U00770,12,12,12,144,核心,False,False,public-derived-with-sequence-proxy
U00771,10,12,12,128,活跃,False,False,public-derived-with-sequence-proxy
U00772,11,12,12,136,活跃,False,False,public-derived-with-sequence-proxy
U00773,7,12,12,104,成长,False,False,public-derived-with-sequence-proxy
U00774,4,12,12,80,观察,False,False,public-derived-with-sequence-proxy
U00775,12,12,12,144,核心,False,False,public-derived-with-sequence-proxy
U00776,12,12,12,144,核心,False,False,public-derived-with-sequence-proxy
U00777,12,12,12,144,核心,False,False,public-derived-with-sequence-proxy
U00778,12,12,12,144,核心,False,False,public-derived-with-sequence-proxy
U00779,8,12,12,112,成长,False,False,public-derived-with-sequence-proxy
U00780,12,12,12,144,核心,False,False,public-derived-with-sequence-proxy
U00781,6,12,12,96,观察,False,False,public-derived-with-sequence-proxy
U00782,12,12,12,144,核心,False,False,public-derived-with-sequence-proxy
U00783,4,12,12,80,观察,False,False,public-derived-with-sequence-proxy
U00784,12,12,12,144,核心,False,False,public-derived-with-sequence-proxy
U00785,12,12,12,144,核心,False,False,public-derived-with-sequence-proxy
U00786,12,12,12,144,核心,False,False,public-derived-with-sequence-proxy
U00787,11,12,12,136,活跃,False,False,public-derived-with-sequence-proxy
U00788,12,12,12,144,核心,False,False,public-derived-with-sequence-proxy
U00789,9,12,12,120,活跃,False,False,public-derived-with-sequence-proxy
U00790,12,12,12,144,核心,False,False,public-derived-with-sequence-proxy
U00791,6,12,12,96,观察,False,False,public-derived-with-sequence-proxy
U00792,12,12,12,144,核心,False,False,public-derived-with-sequence-proxy
U00793,7,12,12,104,成长,False,False,public-derived-with-sequence-proxy
U00794,8,12,12,112,成长,False,False,public-derived-with-sequence-proxy
U00795,10,12,12,128,活跃,False,False,public-derived-with-sequence-proxy
U00796,8,12,12,112,成长,False,False,public-derived-with-sequence-proxy
U00797,12,12,12,144,核心,False,False,public-derived-with-sequence-proxy
U00798,8,12,12,112,成长,False,False,public-derived-with-sequence-proxy
U00799,8,12,12,112,成长,False,False,public-derived-with-sequence-proxy
U00800,12,12,12,144,核心,False,False,public-derived-with-sequence-proxy
U00801,4,12,12,80,观察,False,False,public-derived-with-sequence-proxy
U00802,11,12,12,136,活跃,False,False,public-derived-with-sequence-proxy
U00803,8,12,12,112,成长,False,False,public-derived-with-sequence-proxy
U00804,8,12,12,112,成长,False,False,public-derived-with-sequence-proxy
U00805,4,12,12,80,观察,False,False,public-derived-with-sequence-proxy
U00806,12,12,12,144,核心,False,False,public-derived-with-sequence-proxy
U00807,11,12,12,136,活跃,False,False,public-derived-with-sequence-proxy
U00808,4,12,12,80,观察,False,False,public-derived-with-sequence-proxy
U00809,10,12,12,128,活跃,False,False,public-derived-with-sequence-proxy
U00810,10,12,12,128,活跃,False,False,public-derived-with-sequence-proxy
U00811,7,12,12,104,成长,False,False,public-derived-with-sequence-proxy
U00812,4,12,12,80,观察,False,False,public-derived-with-sequence-proxy
U00813,12,12,12,144,核心,False,False,public-derived-with-sequence-proxy
U00814,12,12,12,144,核心,False,False,public-derived-with-sequence-proxy
U00815,12,12,12,144,核心,False,False,public-derived-with-sequence-proxy
U00816,4,12,12,80,观察,False,False,public-derived-with-sequence-proxy
U00817,12,12,12,144,核心,False,False,public-derived-with-sequence-proxy
U00818,4,12,12,80,观察,False,False,public-derived-with-sequence-proxy
U00819,5,12,12,88,观察,False,False,public-derived-with-sequence-proxy
U00820,9,12,12,120,活跃,False,False,public-derived-with-sequence-proxy
U00821,8,12,12,112,成长,False,False,public-derived-with-sequence-proxy
U00822,7,12,12,104,成长,False,False,public-derived-with-sequence-proxy
U00823,12,12,12,144,核心,False,False,public-derived-with-sequence-proxy
U00824,8,12,12,112,成长,False,False,public-derived-with-sequence-proxy
U00825,12,12,12,144,核心,False,False,public-derived-with-sequence-proxy
U00826,8,12,12,112,成长,False,False,public-derived-with-sequence-proxy
U00827,7,12,12,104,成长,False,False,public-derived-with-sequence-proxy
U00828,6,12,12,96,观察,False,False,public-derived-with-sequence-proxy
U00829,5,12,12,88,观察,False,False,public-derived-with-sequence-proxy
U00830,12,12,12,144,核心,False,False,public-derived-with-sequence-proxy
U00831,12,12,12,144,核心,False,False,public-derived-with-sequence-proxy
U00832,12,12,12,144,核心,False,False,public-derived-with-sequence-proxy
U00833,12,12,12,144,核心,False,False,public-derived-with-sequence-proxy
U00834,10,12,12,128,活跃,False,False,public-derived-with-sequence-proxy
U00835,7,12,12,104,成长,False,False,public-derived-with-sequence-proxy
U00836,12,12,12,144,核心,False,False,public-derived-with-sequence-proxy
U00837,5,12,12,88,观察,False,False,public-derived-with-sequence-proxy
U00838,12,12,12,144,核心,False,False,public-derived-with-sequence-proxy
U00839,8,12,12,112,成长,False,False,public-derived-with-sequence-proxy
U00840,7,12,12,104,成长,False,False,public-derived-with-sequence-proxy
U00841,11,12,12,136,活跃,False,False,public-derived-with-sequence-proxy
U00842,12,12,12,144,核心,False,False,public-derived-with-sequence-proxy
U00843,4,12,12,80,观察,False,False,public-derived-with-sequence-proxy
U00844,4,12,12,80,观察,False,False,public-derived-with-sequence-proxy
U00845,6,12,12,96,观察,False,False,public-derived-with-sequence-proxy
U00846,12,12,12,144,核心,False,False,public-derived-with-sequence-proxy
U00847,11,12,12,136,活跃,False,False,public-derived-with-sequence-proxy
U00848,10,12,12,128,活跃,False,False,public-derived-with-sequence-proxy
U00849,5,12,12,88,观察,False,False,public-derived-with-sequence-proxy
U00850,7,12,12,104,成长,False,False,public-derived-with-sequence-proxy
U00851,8,12,12,112,成长,False,False,public-derived-with-sequence-proxy
U00852,12,12,12,144,核心,False,False,public-derived-with-sequence-proxy
U00853,11,12,12,136,活跃,False,False,public-derived-with-sequence-proxy
U00854,12,12,12,144,核心,False,False,public-derived-with-sequence-proxy
U00855,4,12,12,80,观察,False,False,public-derived-with-sequence-proxy
U00856,12,12,12,144,核心,False,False,public-derived-with-sequence-proxy
U00857,4,12,12,80,观察,False,False,public-derived-with-sequence-proxy
U00858,9,12,12,120,活跃,False,False,public-derived-with-sequence-proxy
U00859,12,12,12,144,核心,False,False,public-derived-with-sequence-proxy
U00860,10,12,12,128,活跃,False,False,public-derived-with-sequence-proxy
U00861,11,12,12,136,活跃,False,False,public-derived-with-sequence-proxy
U00862,12,12,12,144,核心,False,False,public-derived-with-sequence-proxy
U00863,9,12,12,120,活跃,False,False,public-derived-with-sequence-proxy
U00864,4,12,12,80,观察,False,False,public-derived-with-sequence-proxy
U00865,5,12,12,88,观察,False,False,public-derived-with-sequence-proxy
U00866,12,12,12,144,核心,False,False,public-derived-with-sequence-proxy
U00867,12,12,12,144,核心,False,False,public-derived-with-sequence-proxy
U00868,7,12,12,104,成长,False,False,public-derived-with-sequence-proxy
U00869,8,12,12,112,成长,False,False,public-derived-with-sequence-proxy
U00870,12,12,12,144,核心,False,False,public-derived-with-sequence-proxy
U00871,9,12,12,120,活跃,False,False,public-derived-with-sequence-proxy
U00872,6,12,12,96,观察,False,False,public-derived-with-sequence-proxy
U00873,6,12,12,96,观察,False,False,public-derived-with-sequence-proxy
U00874,5,12,12,88,观察,False,False,public-derived-with-sequence-proxy
U00875,8,12,12,112,成长,False,False,public-derived-with-sequence-proxy
U00876,10,12,12,128,活跃,False,False,public-derived-with-sequence-proxy
U00877,12,12,12,144,核心,False,False,public-derived-with-sequence-proxy
U00878,12,12,12,144,核心,False,False,public-derived-with-sequence-proxy
U00879,6,12,12,96,观察,False,False,public-derived-with-sequence-proxy
U00880,4,12,12,80,观察,False,False,public-derived-with-sequence-proxy
U00881,8,12,12,112,成长,False,False,public-derived-with-sequence-proxy
U00882,6,12,12,96,观察,False,False,public-derived-with-sequence-proxy
U00883,11,12,12,136,活跃,False,False,public-derived-with-sequence-proxy
U00884,8,12,12,112,成长,False,False,public-derived-with-sequence-proxy
U00885,4,12,12,80,观察,False,False,public-derived-with-sequence-proxy
U00886,12,12,12,144,核心,False,False,public-derived-with-sequence-proxy
U00887,12,12,12,144,核心,False,False,public-derived-with-sequence-proxy
U00888,7,12,12,104,成长,False,False,public-derived-with-sequence-proxy
U00889,12,12,12,144,核心,False,False,public-derived-with-sequence-proxy
U00890,4,12,12,80,观察,False,False,public-derived-with-sequence-proxy
U00891,4,12,12,80,观察,False,False,public-derived-with-sequence-proxy
U00892,12,12,12,144,核心,False,False,public-derived-with-sequence-proxy
U00893,12,12,12,144,核心,False,False,public-derived-with-sequence-proxy
U00894,10,12,12,128,活跃,False,False,public-derived-with-sequence-proxy
U00895,11,12,12,136,活跃,False,False,public-derived-with-sequence-proxy
U00896,5,12,12,88,观察,False,False,public-derived-with-sequence-proxy
U00897,12,12,12,144,核心,False,False,public-derived-with-sequence-proxy
U00898,4,12,12,80,观察,False,False,public-derived-with-sequence-proxy
U00899,10,12,12,128,活跃,False,False,public-derived-with-sequence-proxy
U00900,5,12,12,88,观察,False,False,public-derived-with-sequence-proxy
U00901,4,12,12,80,观察,False,False,public-derived-with-sequence-proxy
U00902,7,12,12,104,成长,False,False,public-derived-with-sequence-proxy
U00903,8,12,12,112,成长,False,False,public-derived-with-sequence-proxy
U00904,4,12,12,80,观察,False,False,public-derived-with-sequence-proxy
U00905,8,12,12,112,成长,False,False,public-derived-with-sequence-proxy
U00906,6,12,12,96,观察,False,False,public-derived-with-sequence-proxy
U00907,8,12,12,112,成长,False,False,public-derived-with-sequence-proxy
U00908,6,12,12,96,观察,False,False,public-derived-with-sequence-proxy
U00909,8,12,12,112,成长,False,False,public-derived-with-sequence-proxy
U00910,4,12,12,80,观察,False,False,public-derived-with-sequence-proxy
U00911,12,12,12,144,核心,False,False,public-derived-with-sequence-proxy
U00912,12,12,12,144,核心,False,False,public-derived-with-sequence-proxy
U00913,6,12,12,96,观察,False,False,public-derived-with-sequence-proxy
U00914,4,12,12,80,观察,False,False,public-derived-with-sequence-proxy
U00915,12,12,12,144,核心,False,False,public-derived-with-sequence-proxy
U00916,10,12,12,128,活跃,False,False,public-derived-with-sequence-proxy
U00917,8,12,12,112,成长,False,False,public-derived-with-sequence-proxy
U00918,6,12,12,96,观察,False,False,public-derived-with-sequence-proxy
U00919,9,12,12,120,活跃,False,False,public-derived-with-sequence-proxy
U00920,7,12,12,104,成长,False,False,public-derived-with-sequence-proxy
U00921,4,12,12,80,观察,False,False,public-derived-with-sequence-proxy
U00922,12,12,12,144,核心,False,False,public-derived-with-sequence-proxy
U00923,5,12,12,88,观察,False,False,public-derived-with-sequence-proxy
U00924,4,12,12,80,观察,False,False,public-derived-with-sequence-proxy
U00925,12,12,12,144,核心,False,False,public-derived-with-sequence-proxy
U00926,12,12,12,144,核心,False,False,public-derived-with-sequence-proxy
U00927,12,12,12,144,核心,False,False,public-derived-with-sequence-proxy
U00928,12,12,12,144,核心,False,False,public-derived-with-sequence-proxy
U00929,4,12,12,80,观察,False,False,public-derived-with-sequence-proxy
U00930,5,12,12,88,观察,False,False,public-derived-with-sequence-proxy
U00931,4,12,12,80,观察,False,False,public-derived-with-sequence-proxy
U00932,6,12,12,96,观察,False,False,public-derived-with-sequence-proxy
U00933,12,12,12,144,核心,False,False,public-derived-with-sequence-proxy
U00934,8,12,12,112,成长,False,False,public-derived-with-sequence-proxy
U00935,4,12,12,80,观察,False,False,public-derived-with-sequence-proxy
U00936,12,12,12,144,核心,False,False,public-derived-with-sequence-proxy
U00937,10,12,12,128,活跃,False,False,public-derived-with-sequence-proxy
U00938,12,12,12,144,核心,False,False,public-derived-with-sequence-proxy
U00939,7,12,12,104,成长,False,False,public-derived-with-sequence-proxy
U00940,7,12,12,104,成长,False,False,public-derived-with-sequence-proxy
U00941,12,12,12,144,核心,False,False,public-derived-with-sequence-proxy
U00942,4,12,12,80,观察,False,False,public-derived-with-sequence-proxy
U00943,12,12,12,144,核心,False,False,public-derived-with-sequence-proxy
U00944,8,12,12,112,成长,False,False,public-derived-with-sequence-proxy
U00945,12,12,12,144,核心,False,False,public-derived-with-sequence-proxy
U00946,12,12,12,144,核心,False,False,public-derived-with-sequence-proxy
U00947,4,12,12,80,观察,False,False,public-derived-with-sequence-proxy
U00948,4,12,12,80,观察,False,False,public-derived-with-sequence-proxy
U00949,8,12,12,112,成长,False,False,public-derived-with-sequence-proxy
U00950,5,12,12,88,观察,False,False,public-derived-with-sequence-proxy
U00951,4,12,12,80,观察,False,False,public-derived-with-sequence-proxy
U00952,6,12,12,96,观察,False,False,public-derived-with-sequence-proxy
U00953,6,12,12,96,观察,False,False,public-derived-with-sequence-proxy
U00954,12,12,12,144,核心,False,False,public-derived-with-sequence-proxy
U00955,5,12,12,88,观察,False,False,public-derived-with-sequence-proxy
U00956,12,12,12,144,核心,False,False,public-derived-with-sequence-proxy
U00957,10,12,12,128,活跃,False,False,public-derived-with-sequence-proxy
U00958,4,12,12,80,观察,False,False,public-derived-with-sequence-proxy
U00959,9,12,12,120,活跃,False,False,public-derived-with-sequence-proxy
U00960,9,12,12,120,活跃,False,False,public-derived-with-sequence-proxy
U00961,8,12,12,112,成长,False,False,public-derived-with-sequence-proxy
U00962,11,12,12,136,活跃,False,False,public-derived-with-sequence-proxy
U00963,12,12,12,144,核心,False,False,public-derived-with-sequence-proxy
U00964,6,12,12,96,观察,False,False,public-derived-with-sequence-proxy
U00965,4,12,12,80,观察,False,False,public-derived-with-sequence-proxy
U00966,12,12,12,144,核心,False,False,public-derived-with-sequence-proxy
U00967,12,12,12,144,核心,False,False,public-derived-with-sequence-proxy
U00968,10,12,12,128,活跃,False,False,public-derived-with-sequence-proxy
U00969,9,12,12,120,活跃,False,False,public-derived-with-sequence-proxy
U00970,8,12,12,112,成长,False,False,public-derived-with-sequence-proxy
U00971,6,12,12,96,观察,False,False,public-derived-with-sequence-proxy
U00972,12,12,12,144,核心,False,False,public-derived-with-sequence-proxy
U00973,5,12,12,88,观察,False,False,public-derived-with-sequence-proxy
U00974,4,12,12,80,观察,False,False,public-derived-with-sequence-proxy
U00975,4,12,12,80,观察,False,False,public-derived-with-sequence-proxy
U00976,12,12,12,144,核心,False,False,public-derived-with-sequence-proxy
U00977,5,12,12,88,观察,False,False,public-derived-with-sequence-proxy
U00978,8,12,12,112,成长,False,False,public-derived-with-sequence-proxy
U00979,8,12,12,112,成长,False,False,public-derived-with-sequence-proxy
U00980,6,12,12,96,观察,False,False,public-derived-with-sequence-proxy
U00981,12,12,12,144,核心,False,False,public-derived-with-sequence-proxy
U00982,12,12,12,144,核心,False,False,public-derived-with-sequence-proxy
U00983,4,12,12,80,观察,False,False,public-derived-with-sequence-proxy
U00984,7,12,12,104,成长,False,False,public-derived-with-sequence-proxy
U00985,12,12,12,144,核心,False,False,public-derived-with-sequence-proxy
U00986,7,12,12,104,成长,False,False,public-derived-with-sequence-proxy
U00987,12,12,12,144,核心,False,False,public-derived-with-sequence-proxy
U00988,9,12,12,120,活跃,False,False,public-derived-with-sequence-proxy
U00989,9,12,12,120,活跃,False,False,public-derived-with-sequence-proxy
U00990,4,12,12,80,观察,False,False,public-derived-with-sequence-proxy
U00991,12,12,12,144,核心,False,False,public-derived-with-sequence-proxy
U00992,12,12,12,144,核心,False,False,public-derived-with-sequence-proxy
U00993,12,12,12,144,核心,False,False,public-derived-with-sequence-proxy
U00994,8,12,12,112,成长,False,False,public-derived-with-sequence-proxy
U00995,12,12,12,144,核心,False,False,public-derived-with-sequence-proxy
U00996,9,12,12,120,活跃,False,False,public-derived-with-sequence-proxy
U00997,4,12,12,80,观察,False,False,public-derived-with-sequence-proxy
U00998,8,12,12,112,成长,False,False,public-derived-with-sequence-proxy
U00999,4,12,12,80,观察,False,False,public-derived-with-sequence-proxy
U01000,12,12,12,144,核心,False,False,public-derived-with-sequence-proxy
U01001,6,12,12,96,观察,False,False,public-derived-with-sequence-proxy
U01002,12,12,12,144,核心,False,False,public-derived-with-sequence-proxy
U01003,6,12,12,96,观察,False,False,public-derived-with-sequence-proxy
U01004,9,12,12,120,活跃,False,False,public-derived-with-sequence-proxy
U01005,12,12,12,144,核心,False,False,public-derived-with-sequence-proxy
U01006,5,12,12,88,观察,False,False,public-derived-with-sequence-proxy
U01007,12,12,12,144,核心,False,False,public-derived-with-sequence-proxy
U01008,8,12,12,112,成长,False,False,public-derived-with-sequence-proxy
U01009,4,12,12,80,观察,False,False,public-derived-with-sequence-proxy
U01010,8,12,12,112,成长,False,False,public-derived-with-sequence-proxy
U01011,5,12,12,88,观察,False,False,public-derived-with-sequence-proxy
U01012,8,12,12,112,成长,False,False,public-derived-with-sequence-proxy
U01013,8,12,12,112,成长,False,False,public-derived-with-sequence-proxy
U01014,12,12,12,144,核心,False,False,public-derived-with-sequence-proxy
U01015,8,12,12,112,成长,False,False,public-derived-with-sequence-proxy
U01016,6,12,12,96,观察,False,False,public-derived-with-sequence-proxy
U01017,12,12,12,144,核心,False,False,public-derived-with-sequence-proxy
U01018,8,12,12,112,成长,False,False,public-derived-with-sequence-proxy
U01019,12,12,12,144,核心,False,False,public-derived-with-sequence-proxy
U01020,12,12,12,144,核心,False,False,public-derived-with-sequence-proxy
U01021,9,12,12,120,活跃,False,False,public-derived-with-sequence-proxy
U01022,4,12,12,80,观察,False,False,public-derived-with-sequence-proxy
U01023,6,12,12,96,观察,False,False,public-derived-with-sequence-proxy
U01024,12,12,12,144,核心,False,False,public-derived-with-sequence-proxy
U01025,9,12,12,120,活跃,False,False,public-derived-with-sequence-proxy
U01026,4,12,12,80,观察,False,False,public-derived-with-sequence-proxy
U01027,12,12,12,144,核心,False,False,public-derived-with-sequence-proxy
U01028,5,12,12,88,观察,False,False,public-derived-with-sequence-proxy
U01029,8,12,12,112,成长,False,False,public-derived-with-sequence-proxy
U01030,11,12,12,136,活跃,False,False,public-derived-with-sequence-proxy
U01031,8,12,12,112,成长,False,False,public-derived-with-sequence-proxy
U01032,12,12,12,144,核心,False,False,public-derived-with-sequence-proxy
U01033,12,12,12,144,核心,False,False,public-derived-with-sequence-proxy
U01034,4,12,12,80,观察,False,False,public-derived-with-sequence-proxy
U01035,5,12,12,88,观察,False,False,public-derived-with-sequence-proxy
U01036,12,12,12,144,核心,False,False,public-derived-with-sequence-proxy
U01037,8,12,12,112,成长,False,False,public-derived-with-sequence-proxy
U01038,8,12,12,112,成长,False,False,public-derived-with-sequence-proxy
U01039,12,12,12,144,核心,False,False,public-derived-with-sequence-proxy
U01040,7,12,12,104,成长,False,False,public-derived-with-sequence-proxy
U01041,6,12,12,96,观察,False,False,public-derived-with-sequence-proxy
U01042,6,12,12,96,观察,False,False,public-derived-with-sequence-proxy
U01043,4,12,12,80,观察,False,False,public-derived-with-sequence-proxy
U01044,8,12,12,112,成长,False,False,public-derived-with-sequence-proxy
U01045,12,12,12,144,核心,False,False,public-derived-with-sequence-proxy
U01046,12,12,12,144,核心,False,False,public-derived-with-sequence-proxy
U01047,9,12,12,120,活跃,False,False,public-derived-with-sequence-proxy
U01048,9,12,12,120,活跃,False,False,public-derived-with-sequence-proxy
U01049,6,12,12,96,观察,False,False,public-derived-with-sequence-proxy
U01050,8,12,12,112,成长,False,False,public-derived-with-sequence-proxy
U01051,6,12,12,96,观察,False,False,public-derived-with-sequence-proxy
U01052,8,12,12,112,成长,False,False,public-derived-with-sequence-proxy
U01053,10,12,12,128,活跃,False,False,public-derived-with-sequence-proxy
U01054,12,12,12,144,核心,False,False,public-derived-with-sequence-proxy
U01055,8,12,12,112,成长,False,False,public-derived-with-sequence-proxy
U01056,8,12,12,112,成长,False,False,public-derived-with-sequence-proxy
U01057,12,12,12,144,核心,False,False,public-derived-with-sequence-proxy
U01058,6,12,12,96,观察,False,False,public-derived-with-sequence-proxy
U01059,12,12,12,144,核心,False,False,public-derived-with-sequence-proxy
U01060,8,12,12,112,成长,False,False,public-derived-with-sequence-proxy
U01061,12,12,12,144,核心,False,False,public-derived-with-sequence-proxy
U01062,6,12,12,96,观察,False,False,public-derived-with-sequence-proxy
U01063,11,12,12,136,活跃,False,False,public-derived-with-sequence-proxy
U01064,8,12,12,112,成长,False,False,public-derived-with-sequence-proxy
U01065,11,12,12,136,活跃,False,False,public-derived-with-sequence-proxy
U01066,12,12,12,144,核心,False,False,public-derived-with-sequence-proxy
U01067,12,12,12,144,核心,False,False,public-derived-with-sequence-proxy
U01068,6,12,12,96,观察,False,False,public-derived-with-sequence-proxy
U01069,8,12,12,112,成长,False,False,public-derived-with-sequence-proxy
U01070,4,12,12,80,观察,False,False,public-derived-with-sequence-proxy
U01071,12,12,12,144,核心,False,False,public-derived-with-sequence-proxy
U01072,8,12,12,112,成长,False,False,public-derived-with-sequence-proxy
U01073,12,12,12,144,核心,False,False,public-derived-with-sequence-proxy
U01074,9,12,12,120,活跃,False,False,public-derived-with-sequence-proxy
U01075,7,12,12,104,成长,False,False,public-derived-with-sequence-proxy
U01076,7,12,12,104,成长,False,False,public-derived-with-sequence-proxy
U01077,12,12,12,144,核心,False,False,public-derived-with-sequence-proxy
U01078,4,12,12,80,观察,False,False,public-derived-with-sequence-proxy
U01079,12,12,12,144,核心,False,False,public-derived-with-sequence-proxy
U01080,10,12,12,128,活跃,False,False,public-derived-with-sequence-proxy
U01081,10,12,12,128,活跃,False,False,public-derived-with-sequence-proxy
U01082,12,12,12,144,核心,False,False,public-derived-with-sequence-proxy
U01083,8,12,12,112,成长,False,False,public-derived-with-sequence-proxy
U01084,8,12,12,112,成长,False,False,public-derived-with-sequence-proxy
U01085,4,12,12,80,观察,False,False,public-derived-with-sequence-proxy
U01086,12,12,12,144,核心,False,False,public-derived-with-sequence-proxy
U01087,7,12,12,104,成长,False,False,public-derived-with-sequence-proxy
U01088,8,12,12,112,成长,False,False,public-derived-with-sequence-proxy
U01089,8,12,12,112,成长,False,False,public-derived-with-sequence-proxy
U01090,8,12,12,112,成长,False,False,public-derived-with-sequence-proxy
U01091,9,12,12,120,活跃,False,False,public-derived-with-sequence-proxy
U01092,9,12,12,120,活跃,False,False,public-derived-with-sequence-proxy
U01093,9,12,12,120,活跃,False,False,public-derived-with-sequence-proxy
U01094,8,12,12,112,成长,False,False,public-derived-with-sequence-proxy
U01095,11,12,12,136,活跃,False,False,public-derived-with-sequence-proxy
U01096,9,12,12,120,活跃,False,False,public-derived-with-sequence-proxy
U01097,12,12,12,144,核心,False,False,public-derived-with-sequence-proxy
U01098,8,12,12,112,成长,False,False,public-derived-with-sequence-proxy
U01099,10,12,12,128,活跃,False,False,public-derived-with-sequence-proxy
U01100,6,12,12,96,观察,False,False,public-derived-with-sequence-proxy
U01101,11,12,12,136,活跃,False,False,public-derived-with-sequence-proxy
U01102,9,12,12,120,活跃,False,False,public-derived-with-sequence-proxy
U01103,8,12,12,112,成长,False,False,public-derived-with-sequence-proxy
U01104,12,12,12,144,核心,False,False,public-derived-with-sequence-proxy
U01105,12,12,12,144,核心,False,False,public-derived-with-sequence-proxy
U01106,7,12,12,104,成长,False,False,public-derived-with-sequence-proxy
U01107,7,12,12,104,成长,False,False,public-derived-with-sequence-proxy
U01108,12,12,12,144,核心,False,False,public-derived-with-sequence-proxy
U01109,10,12,12,128,活跃,False,False,public-derived-with-sequence-proxy
U01110,7,12,12,104,成长,False,False,public-derived-with-sequence-proxy
U01111,5,12,12,88,观察,False,False,public-derived-with-sequence-proxy
U01112,12,12,12,144,核心,False,False,public-derived-with-sequence-proxy
U01113,9,12,12,120,活跃,False,False,public-derived-with-sequence-proxy
U01114,9,12,12,120,活跃,False,False,public-derived-with-sequence-proxy
U01115,12,12,12,144,核心,False,False,public-derived-with-sequence-proxy
U01116,6,12,12,96,观察,False,False,public-derived-with-sequence-proxy
U01117,12,12,12,144,核心,False,False,public-derived-with-sequence-proxy
U01118,9,12,12,120,活跃,False,False,public-derived-with-sequence-proxy
U01119,6,12,12,96,观察,False,False,public-derived-with-sequence-proxy
U01120,8,12,12,112,成长,False,False,public-derived-with-sequence-proxy
U01121,11,12,12,136,活跃,False,False,public-derived-with-sequence-proxy
U01122,11,12,12,136,活跃,False,False,public-derived-with-sequence-proxy
U01123,10,12,12,128,活跃,False,False,public-derived-with-sequence-proxy
U01124,4,12,12,80,观察,False,False,public-derived-with-sequence-proxy
U01125,9,12,12,120,活跃,False,False,public-derived-with-sequence-proxy
U01126,4,12,12,80,观察,False,False,public-derived-with-sequence-proxy
U01127,10,12,12,128,活跃,False,False,public-derived-with-sequence-proxy
U01128,9,12,12,120,活跃,False,False,public-derived-with-sequence-proxy
U01129,6,12,12,96,观察,False,False,public-derived-with-sequence-proxy
U01130,4,12,12,80,观察,False,False,public-derived-with-sequence-proxy
U01131,12,12,12,144,核心,False,False,public-derived-with-sequence-proxy
U01132,8,12,12,112,成长,False,False,public-derived-with-sequence-proxy
U01133,7,12,12,104,成长,False,False,public-derived-with-sequence-proxy
U01134,12,12,12,144,核心,False,False,public-derived-with-sequence-proxy
U01135,4,12,12,80,观察,False,False,public-derived-with-sequence-proxy
U01136,10,12,12,128,活跃,False,False,public-derived-with-sequence-proxy
U01137,7,12,12,104,成长,False,False,public-derived-with-sequence-proxy
U01138,12,12,12,144,核心,False,False,public-derived-with-sequence-proxy
U01139,10,12,12,128,活跃,False,False,public-derived-with-sequence-proxy
U01140,12,12,12,144,核心,False,False,public-derived-with-sequence-proxy
U01141,12,12,12,144,核心,False,False,public-derived-with-sequence-proxy
U01142,8,12,12,112,成长,False,False,public-derived-with-sequence-proxy
U01143,10,12,12,128,活跃,False,False,public-derived-with-sequence-proxy
U01144,8,12,12,112,成长,False,False,public-derived-with-sequence-proxy
U01145,12,12,12,144,核心,False,False,public-derived-with-sequence-proxy
U01146,12,12,12,144,核心,False,False,public-derived-with-sequence-proxy
U01147,12,12,12,144,核心,False,False,public-derived-with-sequence-proxy
U01148,5,12,12,88,观察,False,False,public-derived-with-sequence-proxy
U01149,10,12,12,128,活跃,False,False,public-derived-with-sequence-proxy
U01150,11,12,12,136,活跃,False,False,public-derived-with-sequence-proxy
U01151,9,12,12,120,活跃,False,False,public-derived-with-sequence-proxy
U01152,6,12,12,96,观察,False,False,public-derived-with-sequence-proxy
U01153,9,12,12,120,活跃,False,False,public-derived-with-sequence-proxy
U01154,4,12,12,80,观察,False,False,public-derived-with-sequence-proxy
U01155,8,12,12,112,成长,False,False,public-derived-with-sequence-proxy
U01156,8,12,12,112,成长,False,False,public-derived-with-sequence-proxy
U01157,4,12,12,80,观察,False,False,public-derived-with-sequence-proxy
U01158,4,12,12,80,观察,False,False,public-derived-with-sequence-proxy
U01159,8,12,12,112,成长,False,False,public-derived-with-sequence-proxy
U01160,12,12,12,144,核心,False,False,public-derived-with-sequence-proxy
U01161,5,12,12,88,观察,False,False,public-derived-with-sequence-proxy
U01162,12,12,12,144,核心,False,False,public-derived-with-sequence-proxy
U01163,4,12,12,80,观察,False,False,public-derived-with-sequence-proxy
U01164,10,12,12,128,活跃,False,False,public-derived-with-sequence-proxy
U01165,12,12,12,144,核心,False,False,public-derived-with-sequence-proxy
U01166,7,12,12,104,成长,False,False,public-derived-with-sequence-proxy
U01167,8,12,12,112,成长,False,False,public-derived-with-sequence-proxy
U01168,8,12,12,112,成长,False,False,public-derived-with-sequence-proxy
U01169,12,12,12,144,核心,False,False,public-derived-with-sequence-proxy
U01170,12,12,12,144,核心,False,False,public-derived-with-sequence-proxy
U01171,4,12,12,80,观察,False,False,public-derived-with-sequence-proxy
U01172,8,12,12,112,成长,False,False,public-derived-with-sequence-proxy
U01173,12,12,12,144,核心,False,False,public-derived-with-sequence-proxy
U01174,9,12,12,120,活跃,False,False,public-derived-with-sequence-proxy
U01175,9,12,12,120,活跃,False,False,public-derived-with-sequence-proxy
U01176,6,12,12,96,观察,False,False,public-derived-with-sequence-proxy
U01177,10,12,12,128,活跃,False,False,public-derived-with-sequence-proxy
U01178,12,12,12,144,核心,False,False,public-derived-with-sequence-proxy
U01179,9,12,12,120,活跃,False,False,public-derived-with-sequence-proxy
U01180,7,12,12,104,成长,False,False,public-derived-with-sequence-proxy
U01181,12,12,12,144,核心,False,False,public-derived-with-sequence-proxy
U01182,7,12,12,104,成长,False,False,public-derived-with-sequence-proxy
U01183,12,12,12,144,核心,False,False,public-derived-with-sequence-proxy
U01184,12,12,12,144,核心,False,False,public-derived-with-sequence-proxy
U01185,4,12,12,80,观察,False,False,public-derived-with-sequence-proxy
U01186,9,12,12,120,活跃,False,False,public-derived-with-sequence-proxy
U01187,5,12,12,88,观察,False,False,public-derived-with-sequence-proxy
U01188,8,12,12,112,成长,False,False,public-derived-with-sequence-proxy
U01189,8,12,12,112,成长,False,False,public-derived-with-sequence-proxy
U01190,12,12,12,144,核心,False,False,public-derived-with-sequence-proxy
U01191,10,12,12,128,活跃,False,False,public-derived-with-sequence-proxy
U01192,12,12,12,144,核心,False,False,public-derived-with-sequence-proxy
U01193,8,12,12,112,成长,False,False,public-derived-with-sequence-proxy
U01194,5,12,12,88,观察,False,False,public-derived-with-sequence-proxy
U01195,12,12,12,144,核心,False,False,public-derived-with-sequence-proxy
U01196,4,12,12,80,观察,False,False,public-derived-with-sequence-proxy
U01197,6,12,12,96,观察,False,False,public-derived-with-sequence-proxy
U01198,5,12,12,88,观察,False,False,public-derived-with-sequence-proxy
U01199,7,12,12,104,成长,False,False,public-derived-with-sequence-proxy
U01200,12,12,12,144,核心,False,False,public-derived-with-sequence-proxy
U01201,10,12,12,128,活跃,False,False,public-derived-with-sequence-proxy
U01202,4,12,12,80,观察,False,False,public-derived-with-sequence-proxy
U01203,11,12,12,136,活跃,False,False,public-derived-with-sequence-proxy
U01204,6,12,12,96,观察,False,False,public-derived-with-sequence-proxy
U01205,11,12,12,136,活跃,False,False,public-derived-with-sequence-proxy
U01206,12,12,12,144,核心,False,False,public-derived-with-sequence-proxy
U01207,8,12,12,112,成长,False,False,public-derived-with-sequence-proxy
U01208,10,12,12,128,活跃,False,False,public-derived-with-sequence-proxy
U01209,4,12,12,80,观察,False,False,public-derived-with-sequence-proxy
U01210,12,12,12,144,核心,False,False,public-derived-with-sequence-proxy
U01211,11,12,12,136,活跃,False,False,public-derived-with-sequence-proxy
U01212,9,12,12,120,活跃,False,False,public-derived-with-sequence-proxy
U01213,9,12,12,120,活跃,False,False,public-derived-with-sequence-proxy
U01214,8,12,12,112,成长,False,False,public-derived-with-sequence-proxy
U01215,12,12,12,144,核心,False,False,public-derived-with-sequence-proxy
U01216,10,12,12,128,活跃,False,False,public-derived-with-sequence-proxy
U01217,12,12,12,144,核心,False,False,public-derived-with-sequence-proxy
U01218,7,12,12,104,成长,False,False,public-derived-with-sequence-proxy
U01219,8,12,12,112,成长,False,False,public-derived-with-sequence-proxy
U01220,11,12,12,136,活跃,False,False,public-derived-with-sequence-proxy
U01221,9,12,12,120,活跃,False,False,public-derived-with-sequence-proxy
U01222,12,12,12,144,核心,False,False,public-derived-with-sequence-proxy
U01223,12,12,12,144,核心,False,False,public-derived-with-sequence-proxy
U01224,10,12,12,128,活跃,False,False,public-derived-with-sequence-proxy
U01225,6,12,12,96,观察,False,False,public-derived-with-sequence-proxy
U01226,7,12,12,104,成长,False,False,public-derived-with-sequence-proxy
U01227,4,12,12,80,观察,False,False,public-derived-with-sequence-proxy
U01228,8,12,12,112,成长,False,False,public-derived-with-sequence-proxy
U01229,4,12,12,80,观察,False,False,public-derived-with-sequence-proxy
U01230,12,12,12,144,核心,False,False,public-derived-with-sequence-proxy
U01231,8,12,12,112,成长,False,False,public-derived-with-sequence-proxy
U01232,9,12,12,120,活跃,False,False,public-derived-with-sequence-proxy
U01233,11,12,12,136,活跃,False,False,public-derived-with-sequence-proxy
U01234,7,12,12,104,成长,False,False,public-derived-with-sequence-proxy
U01235,11,12,12,136,活跃,False,False,public-derived-with-sequence-proxy
U01236,10,12,12,128,活跃,False,False,public-derived-with-sequence-proxy
U01237,9,12,12,120,活跃,False,False,public-derived-with-sequence-proxy
U01238,12,12,12,144,核心,False,False,public-derived-with-sequence-proxy
U01239,10,12,12,128,活跃,False,False,public-derived-with-sequence-proxy
U01240,8,12,12,112,成长,False,False,public-derived-with-sequence-proxy
U01241,12,12,12,144,核心,False,False,public-derived-with-sequence-proxy
U01242,12,12,12,144,核心,False,False,public-derived-with-sequence-proxy
U01243,7,12,12,104,成长,False,False,public-derived-with-sequence-proxy
U01244,10,12,12,128,活跃,False,False,public-derived-with-sequence-proxy
U01245,4,12,12,80,观察,False,False,public-derived-with-sequence-proxy
U01246,10,12,12,128,活跃,False,False,public-derived-with-sequence-proxy
U01247,6,12,12,96,观察,False,False,public-derived-with-sequence-proxy
U01248,7,12,12,104,成长,False,False,public-derived-with-sequence-proxy
U01249,9,12,12,120,活跃,False,False,public-derived-with-sequence-proxy
U01250,10,12,12,128,活跃,False,False,public-derived-with-sequence-proxy
U01251,5,12,12,88,观察,False,False,public-derived-with-sequence-proxy
U01252,12,12,12,144,核心,False,False,public-derived-with-sequence-proxy
U01253,12,12,12,144,核心,False,False,public-derived-with-sequence-proxy
U01254,10,12,12,128,活跃,False,False,public-derived-with-sequence-proxy
U01255,12,12,12,144,核心,False,False,public-derived-with-sequence-proxy
U01256,9,12,12,120,活跃,False,False,public-derived-with-sequence-proxy
U01257,4,12,12,80,观察,False,False,public-derived-with-sequence-proxy
U01258,4,12,12,80,观察,False,False,public-derived-with-sequence-proxy
U01259,9,12,12,120,活跃,False,False,public-derived-with-sequence-proxy
U01260,10,12,12,128,活跃,False,False,public-derived-with-sequence-proxy
U01261,8,12,12,112,成长,False,False,public-derived-with-sequence-proxy
U01262,12,12,12,144,核心,False,False,public-derived-with-sequence-proxy
U01263,4,12,12,80,观察,False,False,public-derived-with-sequence-proxy
U01264,9,12,12,120,活跃,False,False,public-derived-with-sequence-proxy
U01265,6,12,12,96,观察,False,False,public-derived-with-sequence-proxy
U01266,5,12,12,88,观察,False,False,public-derived-with-sequence-proxy
U01267,4,12,12,80,观察,False,False,public-derived-with-sequence-proxy
U01268,12,12,12,144,核心,False,False,public-derived-with-sequence-proxy
U01269,5,12,12,88,观察,False,False,public-derived-with-sequence-proxy
U01270,11,12,12,136,活跃,False,False,public-derived-with-sequence-proxy
U01271,7,12,12,104,成长,False,False,public-derived-with-sequence-proxy
U01272,12,12,12,144,核心,False,False,public-derived-with-sequence-proxy
U01273,12,12,12,144,核心,False,False,public-derived-with-sequence-proxy
U01274,12,12,12,144,核心,False,False,public-derived-with-sequence-proxy
U01275,4,12,12,80,观察,False,False,public-derived-with-sequence-proxy
U01276,11,12,12,136,活跃,False,False,public-derived-with-sequence-proxy
U01277,5,12,12,88,观察,False,False,public-derived-with-sequence-proxy
U01278,9,12,12,120,活跃,False,False,public-derived-with-sequence-proxy
U01279,4,12,12,80,观察,False,False,public-derived-with-sequence-proxy
U01280,12,12,12,144,核心,False,False,public-derived-with-sequence-proxy
U01281,12,12,12,144,核心,False,False,public-derived-with-sequence-proxy
U01282,7,12,12,104,成长,False,False,public-derived-with-sequence-proxy
U01283,7,12,12,104,成长,False,False,public-derived-with-sequence-proxy
U01284,4,12,12,80,观察,False,False,public-derived-with-sequence-proxy
U01285,7,12,12,104,成长,False,False,public-derived-with-sequence-proxy
U01286,12,12,12,144,核心,False,False,public-derived-with-sequence-proxy
U01287,11,12,12,136,活跃,False,False,public-derived-with-sequence-proxy
U01288,4,12,12,80,观察,False,False,public-derived-with-sequence-proxy
U01289,8,12,12,112,成长,False,False,public-derived-with-sequence-proxy
U01290,12,12,12,144,核心,False,False,public-derived-with-sequence-proxy
U01291,12,12,12,144,核心,False,False,public-derived-with-sequence-proxy
U01292,5,12,12,88,观察,False,False,public-derived-with-sequence-proxy
U01293,12,12,12,144,核心,False,False,public-derived-with-sequence-proxy
U01294,6,12,12,96,观察,False,False,public-derived-with-sequence-proxy
U01295,10,12,12,128,活跃,False,False,public-derived-with-sequence-proxy
U01296,12,12,12,144,核心,False,False,public-derived-with-sequence-proxy
U01297,12,12,12,144,核心,False,False,public-derived-with-sequence-proxy
U01298,10,12,12,128,活跃,False,False,public-derived-with-sequence-proxy
U01299,12,12,12,144,核心,False,False,public-derived-with-sequence-proxy
U01300,4,12,12,80,观察,False,False,public-derived-with-sequence-proxy
U01301,8,12,12,112,成长,False,False,public-derived-with-sequence-proxy
U01302,12,12,12,144,核心,False,False,public-derived-with-sequence-proxy
U01303,11,12,12,136,活跃,False,False,public-derived-with-sequence-proxy
U01304,7,12,12,104,成长,False,False,public-derived-with-sequence-proxy
U01305,5,12,12,88,观察,False,False,public-derived-with-sequence-proxy
U01306,5,12,12,88,观察,False,False,public-derived-with-sequence-proxy
U01307,7,12,12,104,成长,False,False,public-derived-with-sequence-proxy
U01308,8,12,12,112,成长,False,False,public-derived-with-sequence-proxy
U01309,9,12,12,120,活跃,False,False,public-derived-with-sequence-proxy
U01310,9,12,12,120,活跃,False,False,public-derived-with-sequence-proxy
U01311,12,12,12,144,核心,False,False,public-derived-with-sequence-proxy
U01312,5,12,12,88,观察,False,False,public-derived-with-sequence-proxy
U01313,7,12,12,104,成长,False,False,public-derived-with-sequence-proxy
U01314,12,12,12,144,核心,False,False,public-derived-with-sequence-proxy
U01315,6,12,12,96,观察,False,False,public-derived-with-sequence-proxy
U01316,4,12,12,80,观察,False,False,public-derived-with-sequence-proxy
U01317,12,12,12,144,核心,False,False,public-derived-with-sequence-proxy
U01318,4,12,12,80,观察,False,False,public-derived-with-sequence-proxy
U01319,4,12,12,80,观察,False,False,public-derived-with-sequence-proxy
U01320,9,12,12,120,活跃,False,False,public-derived-with-sequence-proxy
U01321,4,12,12,80,观察,False,False,public-derived-with-sequence-proxy
U01322,12,12,12,144,核心,False,False,public-derived-with-sequence-proxy
U01323,7,12,12,104,成长,False,False,public-derived-with-sequence-proxy
U01324,12,12,12,144,核心,False,False,public-derived-with-sequence-proxy
U01325,7,12,12,104,成长,False,False,public-derived-with-sequence-proxy
U01326,6,12,12,96,观察,False,False,public-derived-with-sequence-proxy
U01327,10,12,12,128,活跃,False,False,public-derived-with-sequence-proxy
U01328,7,12,12,104,成长,False,False,public-derived-with-sequence-proxy
U01329,9,12,12,120,活跃,False,False,public-derived-with-sequence-proxy
U01330,12,12,12,144,核心,False,False,public-derived-with-sequence-proxy
U01331,12,12,12,144,核心,False,False,public-derived-with-sequence-proxy
U01332,12,12,12,144,核心,False,False,public-derived-with-sequence-proxy
U01333,4,12,12,80,观察,False,False,public-derived-with-sequence-proxy
U01334,12,12,12,144,核心,False,False,public-derived-with-sequence-proxy
U01335,10,12,12,128,活跃,False,False,public-derived-with-sequence-proxy
U01336,5,12,12,88,观察,False,False,public-derived-with-sequence-proxy
U01337,12,12,12,144,核心,False,False,public-derived-with-sequence-proxy
U01338,12,12,12,144,核心,False,False,public-derived-with-sequence-proxy
U01339,12,12,12,144,核心,False,False,public-derived-with-sequence-proxy
U01340,8,12,12,112,成长,False,False,public-derived-with-sequence-proxy
U01341,7,12,12,104,成长,False,False,public-derived-with-sequence-proxy
U01342,12,12,12,144,核心,False,False,public-derived-with-sequence-proxy
U01343,12,12,12,144,核心,False,False,public-derived-with-sequence-proxy
U01344,8,12,12,112,成长,False,False,public-derived-with-sequence-proxy
U01345,12,12,12,144,核心,False,False,public-derived-with-sequence-proxy
U01346,12,12,12,144,核心,False,False,public-derived-with-sequence-proxy
U01347,9,12,12,120,活跃,False,False,public-derived-with-sequence-proxy
U01348,12,12,12,144,核心,False,False,public-derived-with-sequence-proxy
U01349,8,12,12,112,成长,False,False,public-derived-with-sequence-proxy
U01350,4,12,12,80,观察,False,False,public-derived-with-sequence-proxy
U01351,4,12,12,80,观察,False,False,public-derived-with-sequence-proxy
U01352,11,12,12,136,活跃,False,False,public-derived-with-sequence-proxy
U01353,5,12,12,88,观察,False,False,public-derived-with-sequence-proxy
U01354,5,12,12,88,观察,False,False,public-derived-with-sequence-proxy
U01355,4,12,12,80,观察,False,False,public-derived-with-sequence-proxy
U01356,7,12,12,104,成长,False,False,public-derived-with-sequence-proxy
U01357,4,12,12,80,观察,False,False,public-derived-with-sequence-proxy
U01358,9,12,12,120,活跃,False,False,public-derived-with-sequence-proxy
U01359,5,12,12,88,观察,False,False,public-derived-with-sequence-proxy
U01360,12,12,12,144,核心,False,False,public-derived-with-sequence-proxy
U01361,12,12,12,144,核心,False,False,public-derived-with-sequence-proxy
U01362,12,12,12,144,核心,False,False,public-derived-with-sequence-proxy
U01363,8,12,12,112,成长,False,False,public-derived-with-sequence-proxy
U01364,10,12,12,128,活跃,False,False,public-derived-with-sequence-proxy
U01365,4,12,12,80,观察,False,False,public-derived-with-sequence-proxy
U01366,12,12,12,144,核心,False,False,public-derived-with-sequence-proxy
U01367,6,12,12,96,观察,False,False,public-derived-with-sequence-proxy
U01368,8,12,12,112,成长,False,False,public-derived-with-sequence-proxy
U01369,10,12,12,128,活跃,False,False,public-derived-with-sequence-proxy
U01370,6,12,12,96,观察,False,False,public-derived-with-sequence-proxy
U01371,12,12,12,144,核心,False,False,public-derived-with-sequence-proxy
U01372,7,12,12,104,成长,False,False,public-derived-with-sequence-proxy
U01373,12,12,12,144,核心,False,False,public-derived-with-sequence-proxy
U01374,12,12,12,144,核心,False,False,public-derived-with-sequence-proxy
U01375,5,12,12,88,观察,False,False,public-derived-with-sequence-proxy
U01376,11,12,12,136,活跃,False,False,public-derived-with-sequence-proxy
U01377,12,12,12,144,核心,False,False,public-derived-with-sequence-proxy
U01378,4,12,12,80,观察,False,False,public-derived-with-sequence-proxy
U01379,6,12,12,96,观察,False,False,public-derived-with-sequence-proxy
U01380,12,12,12,144,核心,False,False,public-derived-with-sequence-proxy
U01381,12,12,12,144,核心,False,False,public-derived-with-sequence-proxy
U01382,8,12,12,112,成长,False,False,public-derived-with-sequence-proxy
U01383,8,12,12,112,成长,False,False,public-derived-with-sequence-proxy
U01384,8,12,12,112,成长,False,False,public-derived-with-sequence-proxy
U01385,6,12,12,96,观察,False,False,public-derived-with-sequence-proxy
U01386,12,12,12,144,核心,False,False,public-derived-with-sequence-proxy
U01387,10,12,12,128,活跃,False,False,public-derived-with-sequence-proxy
U01388,10,12,12,128,活跃,False,False,public-derived-with-sequence-proxy
U01389,9,12,12,120,活跃,False,False,public-derived-with-sequence-proxy
U01390,7,12,12,104,成长,False,False,public-derived-with-sequence-proxy
U01391,8,12,12,112,成长,False,False,public-derived-with-sequence-proxy
U01392,10,12,12,128,活跃,False,False,public-derived-with-sequence-proxy
U01393,9,12,12,120,活跃,False,False,public-derived-with-sequence-proxy
U01394,11,12,12,136,活跃,False,False,public-derived-with-sequence-proxy
U01395,10,12,12,128,活跃,False,False,public-derived-with-sequence-proxy
U01396,9,12,12,120,活跃,False,False,public-derived-with-sequence-proxy
U01397,12,12,12,144,核心,False,False,public-derived-with-sequence-proxy
U01398,12,12,12,144,核心,False,False,public-derived-with-sequence-proxy
U01399,9,12,12,120,活跃,False,False,public-derived-with-sequence-proxy
U01400,6,12,12,96,观察,False,False,public-derived-with-sequence-proxy
U01401,8,12,12,112,成长,False,False,public-derived-with-sequence-proxy
U01402,8,12,12,112,成长,False,False,public-derived-with-sequence-proxy
U01403,8,12,12,112,成长,False,False,public-derived-with-sequence-proxy
U01404,8,12,12,112,成长,False,False,public-derived-with-sequence-proxy
U01405,9,12,12,120,活跃,False,False,public-derived-with-sequence-proxy
U01406,12,12,12,144,核心,False,False,public-derived-with-sequence-proxy
U01407,4,12,12,80,观察,False,False,public-derived-with-sequence-proxy
U01408,10,12,12,128,活跃,False,False,public-derived-with-sequence-proxy
U01409,6,12,12,96,观察,False,False,public-derived-with-sequence-proxy
U01410,12,12,12,144,核心,False,False,public-derived-with-sequence-proxy
U01411,12,12,12,144,核心,False,False,public-derived-with-sequence-proxy
U01412,4,12,12,80,观察,False,False,public-derived-with-sequence-proxy
U01413,12,12,12,144,核心,False,False,public-derived-with-sequence-proxy
U01414,8,12,12,112,成长,False,False,public-derived-with-sequence-proxy
U01415,4,12,12,80,观察,False,False,public-derived-with-sequence-proxy
U01416,10,12,12,128,活跃,False,False,public-derived-with-sequence-proxy
U01417,6,12,12,96,观察,False,False,public-derived-with-sequence-proxy
U01418,12,12,12,144,核心,False,False,public-derived-with-sequence-proxy
U01419,12,12,12,144,核心,False,False,public-derived-with-sequence-proxy
U01420,8,12,12,112,成长,False,False,public-derived-with-sequence-proxy
U01421,12,12,12,144,核心,False,False,public-derived-with-sequence-proxy
U01422,12,12,12,144,核心,False,False,public-derived-with-sequence-proxy
U01423,12,12,12,144,核心,False,False,public-derived-with-sequence-proxy
U01424,6,12,12,96,观察,False,False,public-derived-with-sequence-proxy
U01425,12,12,12,144,核心,False,False,public-derived-with-sequence-proxy
U01426,12,12,12,144,核心,False,False,public-derived-with-sequence-proxy
U01427,12,12,12,144,核心,False,False,public-derived-with-sequence-proxy
U01428,8,12,12,112,成长,False,False,public-derived-with-sequence-proxy
U01429,8,12,12,112,成长,False,False,public-derived-with-sequence-proxy
U01430,11,12,12,136,活跃,False,False,public-derived-with-sequence-proxy
U01431,12,12,12,144,核心,False,False,public-derived-with-sequence-proxy
U01432,6,12,12,96,观察,False,False,public-derived-with-sequence-proxy
U01433,6,12,12,96,观察,False,False,public-derived-with-sequence-proxy
U01434,12,12,12,144,核心,False,False,public-derived-with-sequence-proxy
U01435,12,12,12,144,核心,False,False,public-derived-with-sequence-proxy
U01436,6,12,12,96,观察,False,False,public-derived-with-sequence-proxy
U01437,8,12,12,112,成长,False,False,public-derived-with-sequence-proxy
U01438,6,12,12,96,观察,False,False,public-derived-with-sequence-proxy
U01439,4,12,12,80,观察,False,False,public-derived-with-sequence-proxy
U01440,12,12,12,144,核心,False,False,public-derived-with-sequence-proxy
U01441,5,12,12,88,观察,False,False,public-derived-with-sequence-proxy
U01442,12,12,12,144,核心,False,False,public-derived-with-sequence-proxy
U01443,6,12,12,96,观察,False,False,public-derived-with-sequence-proxy
U01444,6,12,12,96,观察,False,False,public-derived-with-sequence-proxy
U01445,12,12,12,144,核心,False,False,public-derived-with-sequence-proxy
U01446,6,12,12,96,观察,False,False,public-derived-with-sequence-proxy
U01447,7,12,12,104,成长,False,False,public-derived-with-sequence-proxy
U01448,12,12,12,144,核心,False,False,public-derived-with-sequence-proxy
U01449,4,12,12,80,观察,False,False,public-derived-with-sequence-proxy
U01450,7,12,12,104,成长,False,False,public-derived-with-sequence-proxy
U01451,12,12,12,144,核心,False,False,public-derived-with-sequence-proxy
U01452,12,12,12,144,核心,False,False,public-derived-with-sequence-proxy
U01453,10,12,12,128,活跃,False,False,public-derived-with-sequence-proxy
U01454,12,12,12,144,核心,False,False,public-derived-with-sequence-proxy
U01455,9,12,12,120,活跃,False,False,public-derived-with-sequence-proxy
U01456,4,12,12,80,观察,False,False,public-derived-with-sequence-proxy
U01457,12,12,12,144,核心,False,False,public-derived-with-sequence-proxy
U01458,8,12,12,112,成长,False,False,public-derived-with-sequence-proxy
U01459,12,12,12,144,核心,False,False,public-derived-with-sequence-proxy
U01460,12,12,12,144,核心,False,False,public-derived-with-sequence-proxy
U01461,12,12,12,144,核心,False,False,public-derived-with-sequence-proxy
U01462,7,12,12,104,成长,False,False,public-derived-with-sequence-proxy
U01463,7,12,12,104,成长,False,False,public-derived-with-sequence-proxy
U01464,11,12,12,136,活跃,False,False,public-derived-with-sequence-proxy
U01465,12,12,12,144,核心,False,False,public-derived-with-sequence-proxy
U01466,5,12,12,88,观察,False,False,public-derived-with-sequence-proxy
U01467,12,12,12,144,核心,False,False,public-derived-with-sequence-proxy
U01468,10,12,12,128,活跃,False,False,public-derived-with-sequence-proxy
U01469,7,12,12,104,成长,False,False,public-derived-with-sequence-proxy
U01470,9,12,12,120,活跃,False,False,public-derived-with-sequence-proxy
U01471,5,12,12,88,观察,False,False,public-derived-with-sequence-proxy
U01472,10,12,12,128,活跃,False,False,public-derived-with-sequence-proxy
U01473,12,12,12,144,核心,False,False,public-derived-with-sequence-proxy
U01474,12,12,12,144,核心,False,False,public-derived-with-sequence-proxy
U01475,4,12,12,80,观察,False,False,public-derived-with-sequence-proxy
U01476,6,12,12,96,观察,False,False,public-derived-with-sequence-proxy
U01477,8,12,12,112,成长,False,False,public-derived-with-sequence-proxy
U01478,12,12,12,144,核心,False,False,public-derived-with-sequence-proxy
U01479,10,12,12,128,活跃,False,False,public-derived-with-sequence-proxy
U01480,12,12,12,144,核心,False,False,public-derived-with-sequence-proxy
U01481,6,12,12,96,观察,False,False,public-derived-with-sequence-proxy
U01482,12,12,12,144,核心,False,False,public-derived-with-sequence-proxy
U01483,6,12,12,96,观察,False,False,public-derived-with-sequence-proxy
U01484,4,12,12,80,观察,False,False,public-derived-with-sequence-proxy
U01485,12,12,12,144,核心,False,False,public-derived-with-sequence-proxy
U01486,12,12,12,144,核心,False,False,public-derived-with-sequence-proxy
U01487,12,12,12,144,核心,False,False,public-derived-with-sequence-proxy
U01488,5,12,12,88,观察,False,False,public-derived-with-sequence-proxy
U01489,10,12,12,128,活跃,False,False,public-derived-with-sequence-proxy
U01490,6,12,12,96,观察,False,False,public-derived-with-sequence-proxy
U01491,6,12,12,96,观察,False,False,public-derived-with-sequence-proxy
U01492,5,12,12,88,观察,False,False,public-derived-with-sequence-proxy
U01493,5,12,12,88,观察,False,False,public-derived-with-sequence-proxy
U01494,12,12,12,144,核心,False,False,public-derived-with-sequence-proxy
U01495,7,12,12,104,成长,False,False,public-derived-with-sequence-proxy
U01496,8,12,12,112,成长,False,False,public-derived-with-sequence-proxy
U01497,10,12,12,128,活跃,False,False,public-derived-with-sequence-proxy
U01498,7,12,12,104,成长,False,False,public-derived-with-sequence-proxy
U01499,8,12,12,112,成长,False,False,public-derived-with-sequence-proxy
U01500,10,12,12,128,活跃,False,False,public-derived-with-sequence-proxy
U01501,12,12,12,144,核心,False,False,public-derived-with-sequence-proxy
U01502,12,12,12,144,核心,False,False,public-derived-with-sequence-proxy
U01503,7,12,12,104,成长,False,False,public-derived-with-sequence-proxy
U01504,4,12,12,80,观察,False,False,public-derived-with-sequence-proxy
U01505,7,12,12,104,成长,False,False,public-derived-with-sequence-proxy
U01506,12,12,12,144,核心,False,False,public-derived-with-sequence-proxy
U01507,4,12,12,80,观察,False,False,public-derived-with-sequence-proxy
U01508,8,12,12,112,成长,False,False,public-derived-with-sequence-proxy
U01509,12,12,12,144,核心,False,False,public-derived-with-sequence-proxy
U01510,8,12,12,112,成长,False,False,public-derived-with-sequence-proxy
U01511,8,12,12,112,成长,False,False,public-derived-with-sequence-proxy
U01512,7,12,12,104,成长,False,False,public-derived-with-sequence-proxy
U01513,6,12,12,96,观察,False,False,public-derived-with-sequence-proxy
U01514,12,12,12,144,核心,False,False,public-derived-with-sequence-proxy
U01515,10,12,12,128,活跃,False,False,public-derived-with-sequence-proxy
U01516,12,12,12,144,核心,False,False,public-derived-with-sequence-proxy
U01517,8,12,12,112,成长,False,False,public-derived-with-sequence-proxy
U01518,12,12,12,144,核心,False,False,public-derived-with-sequence-proxy
U01519,9,12,12,120,活跃,False,False,public-derived-with-sequence-proxy
U01520,4,12,12,80,观察,False,False,public-derived-with-sequence-proxy
U01521,4,12,12,80,观察,False,False,public-derived-with-sequence-proxy
U01522,4,12,12,80,观察,False,False,public-derived-with-sequence-proxy
U01523,4,12,12,80,观察,False,False,public-derived-with-sequence-proxy
U01524,8,12,12,112,成长,False,False,public-derived-with-sequence-proxy
U01525,10,12,12,128,活跃,False,False,public-derived-with-sequence-proxy
U01526,4,12,12,80,观察,False,False,public-derived-with-sequence-proxy
U01527,8,12,12,112,成长,False,False,public-derived-with-sequence-proxy
U01528,7,12,12,104,成长,False,False,public-derived-with-sequence-proxy
U01529,8,12,12,112,成长,False,False,public-derived-with-sequence-proxy
U01530,12,12,12,144,核心,False,False,public-derived-with-sequence-proxy
U01531,12,12,12,144,核心,False,False,public-derived-with-sequence-proxy
U01532,6,12,12,96,观察,False,False,public-derived-with-sequence-proxy
U01533,4,12,12,80,观察,False,False,public-derived-with-sequence-proxy
U01534,12,12,12,144,核心,False,False,public-derived-with-sequence-proxy
U01535,5,12,12,88,观察,False,False,public-derived-with-sequence-proxy
U01536,8,12,12,112,成长,False,False,public-derived-with-sequence-proxy
U01537,12,12,12,144,核心,False,False,public-derived-with-sequence-proxy
U01538,8,12,12,112,成长,False,False,public-derived-with-sequence-proxy
U01539,7,12,12,104,成长,False,False,public-derived-with-sequence-proxy
U01540,12,12,12,144,核心,False,False,public-derived-with-sequence-proxy
U01541,9,12,12,120,活跃,False,False,public-derived-with-sequence-proxy
U01542,5,12,12,88,观察,False,False,public-derived-with-sequence-proxy
U01543,4,12,12,80,观察,False,False,public-derived-with-sequence-proxy
U01544,8,12,12,112,成长,False,False,public-derived-with-sequence-proxy
U01545,12,12,12,144,核心,False,False,public-derived-with-sequence-proxy
U01546,7,12,12,104,成长,False,False,public-derived-with-sequence-proxy
U01547,12,12,12,144,核心,False,False,public-derived-with-sequence-proxy
U01548,11,12,12,136,活跃,False,False,public-derived-with-sequence-proxy
U01549,11,12,12,136,活跃,False,False,public-derived-with-sequence-proxy
U01550,12,12,12,144,核心,False,False,public-derived-with-sequence-proxy
U01551,4,12,12,80,观察,False,False,public-derived-with-sequence-proxy
U01552,4,12,12,80,观察,False,False,public-derived-with-sequence-proxy
U01553,8,12,12,112,成长,False,False,public-derived-with-sequence-proxy
U01554,8,12,12,112,成长,False,False,public-derived-with-sequence-proxy
U01555,4,12,12,80,观察,False,False,public-derived-with-sequence-proxy
U01556,10,12,12,128,活跃,False,False,public-derived-with-sequence-proxy
U01557,4,12,12,80,观察,False,False,public-derived-with-sequence-proxy
U01558,5,12,12,88,观察,False,False,public-derived-with-sequence-proxy
U01559,11,12,12,136,活跃,False,False,public-derived-with-sequence-proxy
U01560,7,12,12,104,成长,False,False,public-derived-with-sequence-proxy
U01561,11,12,12,136,活跃,False,False,public-derived-with-sequence-proxy
U01562,4,12,12,80,观察,False,False,public-derived-with-sequence-proxy
U01563,7,12,12,104,成长,False,False,public-derived-with-sequence-proxy
U01564,11,12,12,136,活跃,False,False,public-derived-with-sequence-proxy
U01565,8,12,12,112,成长,False,False,public-derived-with-sequence-proxy
U01566,5,12,12,88,观察,False,False,public-derived-with-sequence-proxy
U01567,12,12,12,144,核心,False,False,public-derived-with-sequence-proxy
U01568,10,12,12,128,活跃,False,False,public-derived-with-sequence-proxy
U01569,9,12,12,120,活跃,False,False,public-derived-with-sequence-proxy
U01570,12,12,12,144,核心,False,False,public-derived-with-sequence-proxy
U01571,9,12,12,120,活跃,False,False,public-derived-with-sequence-proxy
U01572,5,12,12,88,观察,False,False,public-derived-with-sequence-proxy
U01573,9,12,12,120,活跃,False,False,public-derived-with-sequence-proxy
U01574,4,12,12,80,观察,False,False,public-derived-with-sequence-proxy
U01575,10,12,12,128,活跃,False,False,public-derived-with-sequence-proxy
U01576,12,12,12,144,核心,False,False,public-derived-with-sequence-proxy
U01577,11,12,12,136,活跃,False,False,public-derived-with-sequence-proxy
U01578,12,12,12,144,核心,False,False,public-derived-with-sequence-proxy
U01579,8,12,12,112,成长,False,False,public-derived-with-sequence-proxy
U01580,4,12,12,80,观察,False,False,public-derived-with-sequence-proxy
U01581,7,12,12,104,成长,False,False,public-derived-with-sequence-proxy
U01582,11,12,12,136,活跃,False,False,public-derived-with-sequence-proxy
U01583,12,12,12,144,核心,False,False,public-derived-with-sequence-proxy
U01584,5,12,12,88,观察,False,False,public-derived-with-sequence-proxy
U01585,9,12,12,120,活跃,False,False,public-derived-with-sequence-proxy
U01586,12,12,12,144,核心,False,False,public-derived-with-sequence-proxy
U01587,8,12,12,112,成长,False,False,public-derived-with-sequence-proxy
U01588,6,12,12,96,观察,False,False,public-derived-with-sequence-proxy
U01589,7,12,12,104,成长,False,False,public-derived-with-sequence-proxy
U01590,6,12,12,96,观察,False,False,public-derived-with-sequence-proxy
U01591,11,12,12,136,活跃,False,False,public-derived-with-sequence-proxy
U01592,8,12,12,112,成长,False,False,public-derived-with-sequence-proxy
U01593,8,12,12,112,成长,False,False,public-derived-with-sequence-proxy
U01594,9,12,12,120,活跃,False,False,public-derived-with-sequence-proxy
U01595,6,12,12,96,观察,False,False,public-derived-with-sequence-proxy
U01596,11,12,12,136,活跃,False,False,public-derived-with-sequence-proxy
U01597,12,12,12,144,核心,False,False,public-derived-with-sequence-proxy
U01598,12,12,12,144,核心,False,False,public-derived-with-sequence-proxy
U01599,12,12,12,144,核心,False,False,public-derived-with-sequence-proxy
U01600,9,12,12,120,活跃,False,False,public-derived-with-sequence-proxy
U01601,8,12,12,112,成长,False,False,public-derived-with-sequence-proxy
U01602,6,12,12,96,观察,False,False,public-derived-with-sequence-proxy
U01603,5,12,12,88,观察,False,False,public-derived-with-sequence-proxy
U01604,12,12,12,144,核心,False,False,public-derived-with-sequence-proxy
U01605,12,12,12,144,核心,False,False,public-derived-with-sequence-proxy
U01606,9,12,12,120,活跃,False,False,public-derived-with-sequence-proxy
U01607,4,12,12,80,观察,False,False,public-derived-with-sequence-proxy
U01608,11,12,12,136,活跃,False,False,public-derived-with-sequence-proxy
U01609,10,12,12,128,活跃,False,False,public-derived-with-sequence-proxy
U01610,12,12,12,144,核心,False,False,public-derived-with-sequence-proxy
U01611,11,12,12,136,活跃,False,False,public-derived-with-sequence-proxy
U01612,6,12,12,96,观察,False,False,public-derived-with-sequence-proxy
U01613,12,12,12,144,核心,False,False,public-derived-with-sequence-proxy
U01614,12,12,12,144,核心,False,False,public-derived-with-sequence-proxy
U01615,12,12,12,144,核心,False,False,public-derived-with-sequence-proxy
U01616,9,12,12,120,活跃,False,False,public-derived-with-sequence-proxy
U01617,9,12,12,120,活跃,False,False,public-derived-with-sequence-proxy
U01618,6,12,12,96,观察,False,False,public-derived-with-sequence-proxy
U01619,7,12,12,104,成长,False,False,public-derived-with-sequence-proxy
U01620,12,12,12,144,核心,False,False,public-derived-with-sequence-proxy
U01621,4,12,12,80,观察,False,False,public-derived-with-sequence-proxy
U01622,8,12,12,112,成长,False,False,public-derived-with-sequence-proxy
U01623,12,12,12,144,核心,False,False,public-derived-with-sequence-proxy
U01624,8,12,12,112,成长,False,False,public-derived-with-sequence-proxy
U01625,8,12,12,112,成长,False,False,public-derived-with-sequence-proxy
U01626,12,12,12,144,核心,False,False,public-derived-with-sequence-proxy
U01627,12,12,12,144,核心,False,False,public-derived-with-sequence-proxy
U01628,4,12,12,80,观察,False,False,public-derived-with-sequence-proxy
U01629,8,12,12,112,成长,False,False,public-derived-with-sequence-proxy
U01630,5,12,12,88,观察,False,False,public-derived-with-sequence-proxy
U01631,12,12,12,144,核心,False,False,public-derived-with-sequence-proxy
U01632,4,12,12,80,观察,False,False,public-derived-with-sequence-proxy
U01633,8,12,12,112,成长,False,False,public-derived-with-sequence-proxy
U01634,10,12,12,128,活跃,False,False,public-derived-with-sequence-proxy
U01635,8,12,12,112,成长,False,False,public-derived-with-sequence-proxy
U01636,5,12,12,88,观察,False,False,public-derived-with-sequence-proxy
U01637,11,12,12,136,活跃,False,False,public-derived-with-sequence-proxy
U01638,8,12,12,112,成长,False,False,public-derived-with-sequence-proxy
U01639,5,12,12,88,观察,False,False,public-derived-with-sequence-proxy
U01640,9,12,12,120,活跃,False,False,public-derived-with-sequence-proxy
U01641,12,12,12,144,核心,False,False,public-derived-with-sequence-proxy
U01642,5,12,12,88,观察,False,False,public-derived-with-sequence-proxy
U01643,12,12,12,144,核心,False,False,public-derived-with-sequence-proxy
U01644,12,12,12,144,核心,False,False,public-derived-with-sequence-proxy
U01645,4,12,12,80,观察,False,False,public-derived-with-sequence-proxy
U01646,12,12,12,144,核心,False,False,public-derived-with-sequence-proxy
U01647,4,12,12,80,观察,False,False,public-derived-with-sequence-proxy
U01648,8,12,12,112,成长,False,False,public-derived-with-sequence-proxy
U01649,12,12,12,144,核心,False,False,public-derived-with-sequence-proxy
U01650,5,12,12,88,观察,False,False,public-derived-with-sequence-proxy
U01651,12,12,12,144,核心,False,False,public-derived-with-sequence-proxy
U01652,12,12,12,144,核心,False,False,public-derived-with-sequence-proxy
U01653,12,12,12,144,核心,False,False,public-derived-with-sequence-proxy
U01654,4,12,12,80,观察,False,False,public-derived-with-sequence-proxy
U01655,8,12,12,112,成长,False,False,public-derived-with-sequence-proxy
U01656,7,12,12,104,成长,False,False,public-derived-with-sequence-proxy
U01657,4,12,12,80,观察,False,False,public-derived-with-sequence-proxy
U01658,7,12,12,104,成长,False,False,public-derived-with-sequence-proxy
U01659,8,12,12,112,成长,False,False,public-derived-with-sequence-proxy
U01660,5,12,12,88,观察,False,False,public-derived-with-sequence-proxy
U01661,7,12,12,104,成长,False,False,public-derived-with-sequence-proxy
U01662,7,12,12,104,成长,False,False,public-derived-with-sequence-proxy
U01663,4,12,12,80,观察,False,False,public-derived-with-sequence-proxy
U01664,6,12,12,96,观察,False,False,public-derived-with-sequence-proxy
U01665,4,12,12,80,观察,False,False,public-derived-with-sequence-proxy
U01666,8,12,12,112,成长,False,False,public-derived-with-sequence-proxy
U01667,11,12,12,136,活跃,False,False,public-derived-with-sequence-proxy
U01668,12,12,12,144,核心,False,False,public-derived-with-sequence-proxy
U01669,7,12,12,104,成长,False,False,public-derived-with-sequence-proxy
U01670,5,12,12,88,观察,False,False,public-derived-with-sequence-proxy
U01671,8,12,12,112,成长,False,False,public-derived-with-sequence-proxy
U01672,4,12,12,80,观察,False,False,public-derived-with-sequence-proxy
U01673,11,12,12,136,活跃,False,False,public-derived-with-sequence-proxy
U01674,12,12,12,144,核心,False,False,public-derived-with-sequence-proxy
U01675,8,12,12,112,成长,False,False,public-derived-with-sequence-proxy
U01676,9,12,12,120,活跃,False,False,public-derived-with-sequence-proxy
U01677,9,12,12,120,活跃,False,False,public-derived-with-sequence-proxy
U01678,4,12,12,80,观察,False,False,public-derived-with-sequence-proxy
U01679,8,12,12,112,成长,False,False,public-derived-with-sequence-proxy
U01680,4,12,12,80,观察,False,False,public-derived-with-sequence-proxy
U01681,10,12,12,128,活跃,False,False,public-derived-with-sequence-proxy
U01682,9,12,12,120,活跃,False,False,public-derived-with-sequence-proxy
U01683,12,12,12,144,核心,False,False,public-derived-with-sequence-proxy
U01684,12,12,12,144,核心,False,False,public-derived-with-sequence-proxy
U01685,11,12,12,136,活跃,False,False,public-derived-with-sequence-proxy
U01686,11,12,12,136,活跃,False,False,public-derived-with-sequence-proxy
U01687,5,12,12,88,观察,False,False,public-derived-with-sequence-proxy
U01688,9,12,12,120,活跃,False,False,public-derived-with-sequence-proxy
U01689,12,12,12,144,核心,False,False,public-derived-with-sequence-proxy
U01690,9,12,12,120,活跃,False,False,public-derived-with-sequence-proxy
U01691,5,12,12,88,观察,False,False,public-derived-with-sequence-proxy
U01692,6,12,12,96,观察,False,False,public-derived-with-sequence-proxy
U01693,11,12,12,136,活跃,False,False,public-derived-with-sequence-proxy
U01694,12,12,12,144,核心,False,False,public-derived-with-sequence-proxy
U01695,8,12,12,112,成长,False,False,public-derived-with-sequence-proxy
U01696,12,12,12,144,核心,False,False,public-derived-with-sequence-proxy
U01697,12,12,12,144,核心,False,False,public-derived-with-sequence-proxy
U01698,8,12,12,112,成长,False,False,public-derived-with-sequence-proxy
U01699,12,12,12,144,核心,False,False,public-derived-with-sequence-proxy
U01700,9,12,12,120,活跃,False,False,public-derived-with-sequence-proxy
U01701,8,12,12,112,成长,False,False,public-derived-with-sequence-proxy
U01702,12,12,12,144,核心,False,False,public-derived-with-sequence-proxy
U01703,12,12,12,144,核心,False,False,public-derived-with-sequence-proxy
U01704,7,12,12,104,成长,False,False,public-derived-with-sequence-proxy
U01705,12,12,12,144,核心,False,False,public-derived-with-sequence-proxy
U01706,6,12,12,96,观察,False,False,public-derived-with-sequence-proxy
U01707,10,12,12,128,活跃,False,False,public-derived-with-sequence-proxy
U01708,5,12,12,88,观察,False,False,public-derived-with-sequence-proxy
U01709,8,12,12,112,成长,False,False,public-derived-with-sequence-proxy
U01710,5,12,12,88,观察,False,False,public-derived-with-sequence-proxy
U01711,5,12,12,88,观察,False,False,public-derived-with-sequence-proxy
U01712,7,12,12,104,成长,False,False,public-derived-with-sequence-proxy
U01713,9,12,12,120,活跃,False,False,public-derived-with-sequence-proxy
U01714,12,12,12,144,核心,False,False,public-derived-with-sequence-proxy
U01715,12,12,12,144,核心,False,False,public-derived-with-sequence-proxy
U01716,12,12,12,144,核心,False,False,public-derived-with-sequence-proxy
U01717,7,12,12,104,成长,False,False,public-derived-with-sequence-proxy
U01718,9,12,12,120,活跃,False,False,public-derived-with-sequence-proxy
U01719,12,12,12,144,核心,False,False,public-derived-with-sequence-proxy
U01720,4,12,12,80,观察,False,False,public-derived-with-sequence-proxy
U01721,7,12,12,104,成长,False,False,public-derived-with-sequence-proxy
U01722,9,12,12,120,活跃,False,False,public-derived-with-sequence-proxy
U01723,7,12,12,104,成长,False,False,public-derived-with-sequence-proxy
U01724,8,12,12,112,成长,False,False,public-derived-with-sequence-proxy
U01725,12,12,12,144,核心,False,False,public-derived-with-sequence-proxy
U01726,12,12,12,144,核心,False,False,public-derived-with-sequence-proxy
U01727,5,12,12,88,观察,False,False,public-derived-with-sequence-proxy
U01728,12,12,12,144,核心,False,False,public-derived-with-sequence-proxy
U01729,8,12,12,112,成长,False,False,public-derived-with-sequence-proxy
U01730,12,12,12,144,核心,False,False,public-derived-with-sequence-proxy
U01731,9,12,12,120,活跃,False,False,public-derived-with-sequence-proxy
U01732,12,12,12,144,核心,False,False,public-derived-with-sequence-proxy
U01733,8,12,12,112,成长,False,False,public-derived-with-sequence-proxy
U01734,7,12,12,104,成长,False,False,public-derived-with-sequence-proxy
U01735,11,12,12,136,活跃,False,False,public-derived-with-sequence-proxy
U01736,7,12,12,104,成长,False,False,public-derived-with-sequence-proxy
U01737,10,12,12,128,活跃,False,False,public-derived-with-sequence-proxy
U01738,12,12,12,144,核心,False,False,public-derived-with-sequence-proxy
U01739,12,12,12,144,核心,False,False,public-derived-with-sequence-proxy
U01740,5,12,12,88,观察,False,False,public-derived-with-sequence-proxy
U01741,4,12,12,80,观察,False,False,public-derived-with-sequence-proxy
U01742,7,12,12,104,成长,False,False,public-derived-with-sequence-proxy
U01743,9,12,12,120,活跃,False,False,public-derived-with-sequence-proxy
U01744,12,12,12,144,核心,False,False,public-derived-with-sequence-proxy
U01745,9,12,12,120,活跃,False,False,public-derived-with-sequence-proxy
U01746,12,12,12,144,核心,False,False,public-derived-with-sequence-proxy
U01747,4,12,12,80,观察,False,False,public-derived-with-sequence-proxy
U01748,4,12,12,80,观察,False,False,public-derived-with-sequence-proxy
U01749,12,12,12,144,核心,False,False,public-derived-with-sequence-proxy
U01750,7,12,12,104,成长,False,False,public-derived-with-sequence-proxy
U01751,10,12,12,128,活跃,False,False,public-derived-with-sequence-proxy
U01752,7,12,12,104,成长,False,False,public-derived-with-sequence-proxy
U01753,10,12,12,128,活跃,False,False,public-derived-with-sequence-proxy
U01754,10,12,12,128,活跃,False,False,public-derived-with-sequence-proxy
U01755,12,12,12,144,核心,False,False,public-derived-with-sequence-proxy
U01756,8,12,12,112,成长,False,False,public-derived-with-sequence-proxy
U01757,6,12,12,96,观察,False,False,public-derived-with-sequence-proxy
U01758,7,12,12,104,成长,False,False,public-derived-with-sequence-proxy
U01759,12,12,12,144,核心,False,False,public-derived-with-sequence-proxy
U01760,11,12,12,136,活跃,False,False,public-derived-with-sequence-proxy
U01761,4,12,12,80,观察,False,False,public-derived-with-sequence-proxy
U01762,8,12,12,112,成长,False,False,public-derived-with-sequence-proxy
U01763,9,12,12,120,活跃,False,False,public-derived-with-sequence-proxy
U01764,12,12,12,144,核心,False,False,public-derived-with-sequence-proxy
U01765,4,12,12,80,观察,False,False,public-derived-with-sequence-proxy
U01766,10,12,12,128,活跃,False,False,public-derived-with-sequence-proxy
U01767,12,12,12,144,核心,False,False,public-derived-with-sequence-proxy
U01768,12,12,12,144,核心,False,False,public-derived-with-sequence-proxy
U01769,8,12,12,112,成长,False,False,public-derived-with-sequence-proxy
U01770,12,12,12,144,核心,False,False,public-derived-with-sequence-proxy
U01771,10,12,12,128,活跃,False,False,public-derived-with-sequence-proxy
U01772,7,12,12,104,成长,False,False,public-derived-with-sequence-proxy
U01773,5,12,12,88,观察,False,False,public-derived-with-sequence-proxy
U01774,5,12,12,88,观察,False,False,public-derived-with-sequence-proxy
U01775,6,12,12,96,观察,False,False,public-derived-with-sequence-proxy
U01776,9,12,12,120,活跃,False,False,public-derived-with-sequence-proxy
U01777,8,12,12,112,成长,False,False,public-derived-with-sequence-proxy
U01778,10,12,12,128,活跃,False,False,public-derived-with-sequence-proxy
U01779,5,12,12,88,观察,False,False,public-derived-with-sequence-proxy
U01780,4,12,12,80,观察,False,False,public-derived-with-sequence-proxy
U01781,12,12,12,144,核心,False,False,public-derived-with-sequence-proxy
U01782,12,12,12,144,核心,False,False,public-derived-with-sequence-proxy
U01783,6,12,12,96,观察,False,False,public-derived-with-sequence-proxy
U01784,6,12,12,96,观察,False,False,public-derived-with-sequence-proxy
U01785,12,12,12,144,核心,False,False,public-derived-with-sequence-proxy
U01786,8,12,12,112,成长,False,False,public-derived-with-sequence-proxy
U01787,9,12,12,120,活跃,False,False,public-derived-with-sequence-proxy
U01788,7,12,12,104,成长,False,False,public-derived-with-sequence-proxy
U01789,12,12,12,144,核心,False,False,public-derived-with-sequence-proxy
U01790,11,12,12,136,活跃,False,False,public-derived-with-sequence-proxy
U01791,12,12,12,144,核心,False,False,public-derived-with-sequence-proxy
U01792,7,12,12,104,成长,False,False,public-derived-with-sequence-proxy
U01793,8,12,12,112,成长,False,False,public-derived-with-sequence-proxy
U01794,8,12,12,112,成长,False,False,public-derived-with-sequence-proxy
U01795,7,12,12,104,成长,False,False,public-derived-with-sequence-proxy
U01796,4,12,12,80,观察,False,False,public-derived-with-sequence-proxy
U01797,8,12,12,112,成长,False,False,public-derived-with-sequence-proxy
U01798,12,12,12,144,核心,False,False,public-derived-with-sequence-proxy
U01799,12,12,12,144,核心,False,False,public-derived-with-sequence-proxy
U01800,8,12,12,112,成长,False,False,public-derived-with-sequence-proxy
U01801,12,12,12,144,核心,False,False,public-derived-with-sequence-proxy
U01802,6,12,12,96,观察,False,False,public-derived-with-sequence-proxy
U01803,12,12,12,144,核心,False,False,public-derived-with-sequence-proxy
U01804,11,12,12,136,活跃,False,False,public-derived-with-sequence-proxy
U01805,8,12,12,112,成长,False,False,public-derived-with-sequence-proxy
U01806,9,12,12,120,活跃,False,False,public-derived-with-sequence-proxy
U01807,9,12,12,120,活跃,False,False,public-derived-with-sequence-proxy
U01808,12,12,12,144,核心,False,False,public-derived-with-sequence-proxy
U01809,4,12,12,80,观察,False,False,public-derived-with-sequence-proxy
U01810,12,12,12,144,核心,False,False,public-derived-with-sequence-proxy
U01811,4,12,12,80,观察,False,False,public-derived-with-sequence-proxy
U01812,6,12,12,96,观察,False,False,public-derived-with-sequence-proxy
U01813,8,12,12,112,成长,False,False,public-derived-with-sequence-proxy
U01814,6,12,12,96,观察,False,False,public-derived-with-sequence-proxy
U01815,7,12,12,104,成长,False,False,public-derived-with-sequence-proxy
U01816,4,12,12,80,观察,False,False,public-derived-with-sequence-proxy
U01817,9,12,12,120,活跃,False,False,public-derived-with-sequence-proxy
U01818,12,12,12,144,核心,False,False,public-derived-with-sequence-proxy
U01819,11,12,12,136,活跃,False,False,public-derived-with-sequence-proxy
U01820,10,12,12,128,活跃,False,False,public-derived-with-sequence-proxy
U01821,4,12,12,80,观察,False,False,public-derived-with-sequence-proxy
U01822,5,12,12,88,观察,False,False,public-derived-with-sequence-proxy
U01823,8,12,12,112,成长,False,False,public-derived-with-sequence-proxy
U01824,11,12,12,136,活跃,False,False,public-derived-with-sequence-proxy
U01825,10,12,12,128,活跃,False,False,public-derived-with-sequence-proxy
U01826,5,12,12,88,观察,False,False,public-derived-with-sequence-proxy
U01827,4,12,12,80,观察,False,False,public-derived-with-sequence-proxy
U01828,9,12,12,120,活跃,False,False,public-derived-with-sequence-proxy
U01829,4,12,12,80,观察,False,False,public-derived-with-sequence-proxy
U01830,6,12,12,96,观察,False,False,public-derived-with-sequence-proxy
U01831,5,12,12,88,观察,False,False,public-derived-with-sequence-proxy
U01832,11,12,12,136,活跃,False,False,public-derived-with-sequence-proxy
U01833,4,12,12,80,观察,False,False,public-derived-with-sequence-proxy
U01834,4,12,12,80,观察,False,False,public-derived-with-sequence-proxy
U01835,9,12,12,120,活跃,False,False,public-derived-with-sequence-proxy
U01836,12,12,12,144,核心,False,False,public-derived-with-sequence-proxy
U01837,12,12,12,144,核心,False,False,public-derived-with-sequence-proxy
U01838,12,12,12,144,核心,False,False,public-derived-with-sequence-proxy
U01839,11,12,12,136,活跃,False,False,public-derived-with-sequence-proxy
U01840,8,12,12,112,成长,False,False,public-derived-with-sequence-proxy
U01841,12,12,12,144,核心,False,False,public-derived-with-sequence-proxy
U01842,7,12,12,104,成长,False,False,public-derived-with-sequence-proxy
U01843,12,12,12,144,核心,False,False,public-derived-with-sequence-proxy
U01844,8,12,12,112,成长,False,False,public-derived-with-sequence-proxy
U01845,5,12,12,88,观察,False,False,public-derived-with-sequence-proxy
U01846,10,12,12,128,活跃,False,False,public-derived-with-sequence-proxy
U01847,6,12,12,96,观察,False,False,public-derived-with-sequence-proxy
U01848,12,12,12,144,核心,False,False,public-derived-with-sequence-proxy
U01849,10,12,12,128,活跃,False,False,public-derived-with-sequence-proxy
U01850,6,12,12,96,观察,False,False,public-derived-with-sequence-proxy
U01851,12,12,12,144,核心,False,False,public-derived-with-sequence-proxy
U01852,8,12,12,112,成长,False,False,public-derived-with-sequence-proxy
U01853,7,12,12,104,成长,False,False,public-derived-with-sequence-proxy
U01854,12,12,12,144,核心,False,False,public-derived-with-sequence-proxy
U01855,9,12,12,120,活跃,False,False,public-derived-with-sequence-proxy
U01856,9,12,12,120,活跃,False,False,public-derived-with-sequence-proxy
U01857,8,12,12,112,成长,False,False,public-derived-with-sequence-proxy
U01858,9,12,12,120,活跃,False,False,public-derived-with-sequence-proxy
U01859,6,12,12,96,观察,False,False,public-derived-with-sequence-proxy
U01860,12,12,12,144,核心,False,False,public-derived-with-sequence-proxy
U01861,12,12,12,144,核心,False,False,public-derived-with-sequence-proxy
U01862,7,12,12,104,成长,False,False,public-derived-with-sequence-proxy
U01863,12,12,12,144,核心,False,False,public-derived-with-sequence-proxy
U01864,6,12,12,96,观察,False,False,public-derived-with-sequence-proxy
U01865,11,12,12,136,活跃,False,False,public-derived-with-sequence-proxy
U01866,12,12,12,144,核心,False,False,public-derived-with-sequence-proxy
U01867,12,12,12,144,核心,False,False,public-derived-with-sequence-proxy
U01868,12,12,12,144,核心,False,False,public-derived-with-sequence-proxy
U01869,11,12,12,136,活跃,False,False,public-derived-with-sequence-proxy
U01870,12,12,12,144,核心,False,False,public-derived-with-sequence-proxy
U01871,8,12,12,112,成长,False,False,public-derived-with-sequence-proxy
U01872,12,12,12,144,核心,False,False,public-derived-with-sequence-proxy
U01873,5,12,12,88,观察,False,False,public-derived-with-sequence-proxy
U01874,7,12,12,104,成长,False,False,public-derived-with-sequence-proxy
U01875,12,12,12,144,核心,False,False,public-derived-with-sequence-proxy
U01876,8,12,12,112,成长,False,False,public-derived-with-sequence-proxy
U01877,11,12,12,136,活跃,False,False,public-derived-with-sequence-proxy
U01878,11,12,12,136,活跃,False,False,public-derived-with-sequence-proxy
U01879,4,12,12,80,观察,False,False,public-derived-with-sequence-proxy
U01880,4,12,12,80,观察,False,False,public-derived-with-sequence-proxy
U01881,10,12,12,128,活跃,False,False,public-derived-with-sequence-proxy
U01882,6,12,12,96,观察,False,False,public-derived-with-sequence-proxy
U01883,4,12,12,80,观察,False,False,public-derived-with-sequence-proxy
U01884,12,12,12,144,核心,False,False,public-derived-with-sequence-proxy
U01885,10,12,12,128,活跃,False,False,public-derived-with-sequence-proxy
U01886,9,12,12,120,活跃,False,False,public-derived-with-sequence-proxy
U01887,12,12,12,144,核心,False,False,public-derived-with-sequence-proxy
U01888,10,12,12,128,活跃,False,False,public-derived-with-sequence-proxy
U01889,9,12,12,120,活跃,False,False,public-derived-with-sequence-proxy
U01890,11,12,12,136,活跃,False,False,public-derived-with-sequence-proxy
U01891,8,12,12,112,成长,False,False,public-derived-with-sequence-proxy
U01892,4,12,12,80,观察,False,False,public-derived-with-sequence-proxy
U01893,5,12,12,88,观察,False,False,public-derived-with-sequence-proxy
U01894,12,12,12,144,核心,False,False,public-derived-with-sequence-proxy
U01895,4,12,12,80,观察,False,False,public-derived-with-sequence-proxy
U01896,12,12,12,144,核心,False,False,public-derived-with-sequence-proxy
U01897,4,12,12,80,观察,False,False,public-derived-with-sequence-proxy
U01898,12,12,12,144,核心,False,False,public-derived-with-sequence-proxy
U01899,11,12,12,136,活跃,False,False,public-derived-with-sequence-proxy
U01900,7,12,12,104,成长,False,False,public-derived-with-sequence-proxy
U01901,12,12,12,144,核心,False,False,public-derived-with-sequence-proxy
U01902,5,12,12,88,观察,False,False,public-derived-with-sequence-proxy
U01903,12,12,12,144,核心,False,False,public-derived-with-sequence-proxy
U01904,8,12,12,112,成长,False,False,public-derived-with-sequence-proxy
U01905,10,12,12,128,活跃,False,False,public-derived-with-sequence-proxy
U01906,4,12,12,80,观察,False,False,public-derived-with-sequence-proxy
U01907,6,12,12,96,观察,False,False,public-derived-with-sequence-proxy
U01908,9,12,12,120,活跃,False,False,public-derived-with-sequence-proxy
U01909,9,12,12,120,活跃,False,False,public-derived-with-sequence-proxy
U01910,12,12,12,144,核心,False,False,public-derived-with-sequence-proxy
U01911,8,12,12,112,成长,False,False,public-derived-with-sequence-proxy
U01912,12,12,12,144,核心,False,False,public-derived-with-sequence-proxy
U01913,6,12,12,96,观察,False,False,public-derived-with-sequence-proxy
U01914,12,12,12,144,核心,False,False,public-derived-with-sequence-proxy
U01915,4,12,12,80,观察,False,False,public-derived-with-sequence-proxy
U01916,11,12,12,136,活跃,False,False,public-derived-with-sequence-proxy
U01917,8,12,12,112,成长,False,False,public-derived-with-sequence-proxy
U01918,12,12,12,144,核心,False,False,public-derived-with-sequence-proxy
U01919,5,12,12,88,观察,False,False,public-derived-with-sequence-proxy
U01920,12,12,12,144,核心,False,False,public-derived-with-sequence-proxy
U01921,5,12,12,88,观察,False,False,public-derived-with-sequence-proxy
U01922,12,12,12,144,核心,False,False,public-derived-with-sequence-proxy
U01923,5,12,12,88,观察,False,False,public-derived-with-sequence-proxy
U01924,12,12,12,144,核心,False,False,public-derived-with-sequence-proxy
U01925,12,12,12,144,核心,False,False,public-derived-with-sequence-proxy
U01926,7,12,12,104,成长,False,False,public-derived-with-sequence-proxy
U01927,8,12,12,112,成长,False,False,public-derived-with-sequence-proxy
U01928,12,12,12,144,核心,False,False,public-derived-with-sequence-proxy
U01929,10,12,12,128,活跃,False,False,public-derived-with-sequence-proxy
U01930,5,12,12,88,观察,False,False,public-derived-with-sequence-proxy
U01931,8,12,12,112,成长,False,False,public-derived-with-sequence-proxy
U01932,12,12,12,144,核心,False,False,public-derived-with-sequence-proxy
U01933,7,12,12,104,成长,False,False,public-derived-with-sequence-proxy
U01934,11,12,12,136,活跃,False,False,public-derived-with-sequence-proxy
U01935,12,12,12,144,核心,False,False,public-derived-with-sequence-proxy
U01936,12,12,12,144,核心,False,False,public-derived-with-sequence-proxy
U01937,8,12,12,112,成长,False,False,public-derived-with-sequence-proxy
U01938,8,12,12,112,成长,False,False,public-derived-with-sequence-proxy
U01939,7,12,12,104,成长,False,False,public-derived-with-sequence-proxy
U01940,7,12,12,104,成长,False,False,public-derived-with-sequence-proxy
U01941,12,12,12,144,核心,False,False,public-derived-with-sequence-proxy
U01942,8,12,12,112,成长,False,False,public-derived-with-sequence-proxy
U01943,5,12,12,88,观察,False,False,public-derived-with-sequence-proxy
U01944,8,12,12,112,成长,False,False,public-derived-with-sequence-proxy
U01945,11,12,12,136,活跃,False,False,public-derived-with-sequence-proxy
U01946,4,12,12,80,观察,False,False,public-derived-with-sequence-proxy
U01947,12,12,12,144,核心,False,False,public-derived-with-sequence-proxy
U01948,12,12,12,144,核心,False,False,public-derived-with-sequence-proxy
U01949,12,12,12,144,核心,False,False,public-derived-with-sequence-proxy
U01950,4,12,12,80,观察,False,False,public-derived-with-sequence-proxy
U01951,12,12,12,144,核心,False,False,public-derived-with-sequence-proxy
U01952,10,12,12,128,活跃,False,False,public-derived-with-sequence-proxy
U01953,8,12,12,112,成长,False,False,public-derived-with-sequence-proxy
U01954,11,12,12,136,活跃,False,False,public-derived-with-sequence-proxy
U01955,12,12,12,144,核心,False,False,public-derived-with-sequence-proxy
U01956,5,12,12,88,观察,False,False,public-derived-with-sequence-proxy
U01957,9,12,12,120,活跃,False,False,public-derived-with-sequence-proxy
U01958,8,12,12,112,成长,False,False,public-derived-with-sequence-proxy
U01959,10,12,12,128,活跃,False,False,public-derived-with-sequence-proxy
U01960,6,12,12,96,观察,False,False,public-derived-with-sequence-proxy
U01961,12,12,12,144,核心,False,False,public-derived-with-sequence-proxy
U01962,12,12,12,144,核心,False,False,public-derived-with-sequence-proxy
U01963,6,12,12,96,观察,False,False,public-derived-with-sequence-proxy
U01964,10,12,12,128,活跃,False,False,public-derived-with-sequence-proxy
U01965,12,12,12,144,核心,False,False,public-derived-with-sequence-proxy
U01966,12,12,12,144,核心,False,False,public-derived-with-sequence-proxy
U01967,9,12,12,120,活跃,False,False,public-derived-with-sequence-proxy
U01968,8,12,12,112,成长,False,False,public-derived-with-sequence-proxy
U01969,12,12,12,144,核心,False,False,public-derived-with-sequence-proxy
U01970,10,12,12,128,活跃,False,False,public-derived-with-sequence-proxy
U01971,4,12,12,80,观察,False,False,public-derived-with-sequence-proxy
U01972,11,12,12,136,活跃,False,False,public-derived-with-sequence-proxy
U01973,12,12,12,144,核心,False,False,public-derived-with-sequence-proxy
U01974,9,12,12,120,活跃,False,False,public-derived-with-sequence-proxy
U01975,12,12,12,144,核心,False,False,public-derived-with-sequence-proxy
U01976,8,12,12,112,成长,False,False,public-derived-with-sequence-proxy
U01977,10,12,12,128,活跃,False,False,public-derived-with-sequence-proxy
U01978,9,12,12,120,活跃,False,False,public-derived-with-sequence-proxy
U01979,5,12,12,88,观察,False,False,public-derived-with-sequence-proxy
U01980,12,12,12,144,核心,False,False,public-derived-with-sequence-proxy
U01981,4,12,12,80,观察,False,False,public-derived-with-sequence-proxy
U01982,12,12,12,144,核心,False,False,public-derived-with-sequence-proxy
U01983,8,12,12,112,成长,False,False,public-derived-with-sequence-proxy
U01984,9,12,12,120,活跃,False,False,public-derived-with-sequence-proxy
U01985,12,12,12,144,核心,False,False,public-derived-with-sequence-proxy
U01986,8,12,12,112,成长,False,False,public-derived-with-sequence-proxy
U01987,12,12,12,144,核心,False,False,public-derived-with-sequence-proxy
U01988,10,12,12,128,活跃,False,False,public-derived-with-sequence-proxy
U01989,9,12,12,120,活跃,False,False,public-derived-with-sequence-proxy
U01990,7,12,12,104,成长,False,False,public-derived-with-sequence-proxy
U01991,5,12,12,88,观察,False,False,public-derived-with-sequence-proxy
U01992,6,12,12,96,观察,False,False,public-derived-with-sequence-proxy
U01993,12,12,12,144,核心,False,False,public-derived-with-sequence-proxy
U01994,4,12,12,80,观察,False,False,public-derived-with-sequence-proxy
U01995,9,12,12,120,活跃,False,False,public-derived-with-sequence-proxy
U01996,4,12,12,80,观察,False,False,public-derived-with-sequence-proxy
U01997,8,12,12,112,成长,False,False,public-derived-with-sequence-proxy
U01998,10,12,12,128,活跃,False,False,public-derived-with-sequence-proxy
U01999,8,12,12,112,成长,False,False,public-derived-with-sequence-proxy
U02000,12,12,12,144,核心,False,False,public-derived-with-sequence-proxy
U02001,6,12,12,96,观察,False,False,public-derived-with-sequence-proxy
U02002,6,12,12,96,观察,False,False,public-derived-with-sequence-proxy
U02003,10,12,12,128,活跃,False,False,public-derived-with-sequence-proxy
U02004,7,12,12,104,成长,False,False,public-derived-with-sequence-proxy
U02005,12,12,12,144,核心,False,False,public-derived-with-sequence-proxy
U02006,8,12,12,112,成长,False,False,public-derived-with-sequence-proxy
U02007,9,12,12,120,活跃,False,False,public-derived-with-sequence-proxy
U02008,9,12,12,120,活跃,False,False,public-derived-with-sequence-proxy
U02009,5,12,12,88,观察,False,False,public-derived-with-sequence-proxy
U02010,4,12,12,80,观察,False,False,public-derived-with-sequence-proxy
U02011,6,12,12,96,观察,False,False,public-derived-with-sequence-proxy
U02012,6,12,12,96,观察,False,False,public-derived-with-sequence-proxy
U02013,12,12,12,144,核心,False,False,public-derived-with-sequence-proxy
U02014,8,12,12,112,成长,False,False,public-derived-with-sequence-proxy
U02015,5,12,12,88,观察,False,False,public-derived-with-sequence-proxy
U02016,8,12,12,112,成长,False,False,public-derived-with-sequence-proxy
U02017,12,12,12,144,核心,False,False,public-derived-with-sequence-proxy
U02018,12,12,12,144,核心,False,False,public-derived-with-sequence-proxy
U02019,5,12,12,88,观察,False,False,public-derived-with-sequence-proxy
U02020,12,12,12,144,核心,False,False,public-derived-with-sequence-proxy
U02021,6,12,12,96,观察,False,False,public-derived-with-sequence-proxy
U02022,9,12,12,120,活跃,False,False,public-derived-with-sequence-proxy
U02023,11,12,12,136,活跃,False,False,public-derived-with-sequence-proxy
U02024,12,12,12,144,核心,False,False,public-derived-with-sequence-proxy
U02025,10,12,12,128,活跃,False,False,public-derived-with-sequence-proxy
U02026,9,12,12,120,活跃,False,False,public-derived-with-sequence-proxy
U02027,12,12,12,144,核心,False,False,public-derived-with-sequence-proxy
U02028,12,12,12,144,核心,False,False,public-derived-with-sequence-proxy
U02029,12,12,12,144,核心,False,False,public-derived-with-sequence-proxy
U02030,5,12,12,88,观察,False,False,public-derived-with-sequence-proxy
U02031,4,12,12,80,观察,False,False,public-derived-with-sequence-proxy
U02032,5,12,12,88,观察,False,False,public-derived-with-sequence-proxy
U02033,9,12,12,120,活跃,False,False,public-derived-with-sequence-proxy
U02034,5,12,12,88,观察,False,False,public-derived-with-sequence-proxy
U02035,8,12,12,112,成长,False,False,public-derived-with-sequence-proxy
U02036,10,12,12,128,活跃,False,False,public-derived-with-sequence-proxy
U02037,12,12,12,144,核心,False,False,public-derived-with-sequence-proxy
U02038,8,12,12,112,成长,False,False,public-derived-with-sequence-proxy
U02039,10,12,12,128,活跃,False,False,public-derived-with-sequence-proxy
U02040,12,12,12,144,核心,False,False,public-derived-with-sequence-proxy
U02041,10,12,12,128,活跃,False,False,public-derived-with-sequence-proxy
U02042,12,12,12,144,核心,False,False,public-derived-with-sequence-proxy
U02043,10,12,12,128,活跃,False,False,public-derived-with-sequence-proxy
U02044,10,12,12,128,活跃,False,False,public-derived-with-sequence-proxy
U02045,4,12,12,80,观察,False,False,public-derived-with-sequence-proxy
U02046,12,12,12,144,核心,False,False,public-derived-with-sequence-proxy
U02047,12,12,12,144,核心,False,False,public-derived-with-sequence-proxy
U02048,10,12,12,128,活跃,False,False,public-derived-with-sequence-proxy
U02049,8,12,12,112,成长,False,False,public-derived-with-sequence-proxy
U02050,4,12,12,80,观察,False,False,public-derived-with-sequence-proxy
U02051,9,12,12,120,活跃,False,False,public-derived-with-sequence-proxy
U02052,7,12,12,104,成长,False,False,public-derived-with-sequence-proxy
U02053,4,12,12,80,观察,False,False,public-derived-with-sequence-proxy
U02054,6,12,12,96,观察,False,False,public-derived-with-sequence-proxy
U02055,8,12,12,112,成长,False,False,public-derived-with-sequence-proxy
U02056,4,12,12,80,观察,False,False,public-derived-with-sequence-proxy
U02057,5,12,12,88,观察,False,False,public-derived-with-sequence-proxy
U02058,6,12,12,96,观察,False,False,public-derived-with-sequence-proxy
U02059,8,12,12,112,成长,False,False,public-derived-with-sequence-proxy
U02060,12,12,12,144,核心,False,False,public-derived-with-sequence-proxy
U02061,9,12,12,120,活跃,False,False,public-derived-with-sequence-proxy
U02062,10,12,12,128,活跃,False,False,public-derived-with-sequence-proxy
U02063,11,12,12,136,活跃,False,False,public-derived-with-sequence-proxy
U02064,8,12,12,112,成长,False,False,public-derived-with-sequence-proxy
U02065,5,12,12,88,观察,False,False,public-derived-with-sequence-proxy
U02066,12,12,12,144,核心,False,False,public-derived-with-sequence-proxy
U02067,4,12,12,80,观察,False,False,public-derived-with-sequence-proxy
U02068,12,12,12,144,核心,False,False,public-derived-with-sequence-proxy
U02069,12,12,12,144,核心,False,False,public-derived-with-sequence-proxy
U02070,11,12,12,136,活跃,False,False,public-derived-with-sequence-proxy
U02071,12,12,12,144,核心,False,False,public-derived-with-sequence-proxy
U02072,9,12,12,120,活跃,False,False,public-derived-with-sequence-proxy
U02073,9,12,12,120,活跃,False,False,public-derived-with-sequence-proxy
U02074,6,12,12,96,观察,False,False,public-derived-with-sequence-proxy
U02075,4,12,12,80,观察,False,False,public-derived-with-sequence-proxy
U02076,6,12,12,96,观察,False,False,public-derived-with-sequence-proxy
U02077,9,12,12,120,活跃,False,False,public-derived-with-sequence-proxy
U02078,12,12,12,144,核心,False,False,public-derived-with-sequence-proxy
U02079,4,12,12,80,观察,False,False,public-derived-with-sequence-proxy
U02080,12,12,12,144,核心,False,False,public-derived-with-sequence-proxy
U02081,5,12,12,88,观察,False,False,public-derived-with-sequence-proxy
U02082,6,12,12,96,观察,False,False,public-derived-with-sequence-proxy
U02083,12,12,12,144,核心,False,False,public-derived-with-sequence-proxy
U02084,8,12,12,112,成长,False,False,public-derived-with-sequence-proxy
U02085,11,12,12,136,活跃,False,False,public-derived-with-sequence-proxy
U02086,8,12,12,112,成长,False,False,public-derived-with-sequence-proxy
U02087,8,12,12,112,成长,False,False,public-derived-with-sequence-proxy
U02088,10,12,12,128,活跃,False,False,public-derived-with-sequence-proxy
U02089,6,12,12,96,观察,False,False,public-derived-with-sequence-proxy
U02090,7,12,12,104,成长,False,False,public-derived-with-sequence-proxy
U02091,12,12,12,144,核心,False,False,public-derived-with-sequence-proxy
U02092,4,12,12,80,观察,False,False,public-derived-with-sequence-proxy
U02093,9,12,12,120,活跃,False,False,public-derived-with-sequence-proxy
U02094,5,12,12,88,观察,False,False,public-derived-with-sequence-proxy
U02095,8,12,12,112,成长,False,False,public-derived-with-sequence-proxy
U02096,10,12,12,128,活跃,False,False,public-derived-with-sequence-proxy
U02097,7,12,12,104,成长,False,False,public-derived-with-sequence-proxy
U02098,12,12,12,144,核心,False,False,public-derived-with-sequence-proxy
U02099,12,12,12,144,核心,False,False,public-derived-with-sequence-proxy
U02100,9,12,12,120,活跃,False,False,public-derived-with-sequence-proxy
U02101,4,12,12,80,观察,False,False,public-derived-with-sequence-proxy
U02102,6,12,12,96,观察,False,False,public-derived-with-sequence-proxy
U02103,4,12,12,80,观察,False,False,public-derived-with-sequence-proxy
U02104,7,12,12,104,成长,False,False,public-derived-with-sequence-proxy
U02105,10,12,12,128,活跃,False,False,public-derived-with-sequence-proxy
U02106,5,12,12,88,观察,False,False,public-derived-with-sequence-proxy
U02107,7,12,12,104,成长,False,False,public-derived-with-sequence-proxy
U02108,7,12,12,104,成长,False,False,public-derived-with-sequence-proxy
U02109,12,12,12,144,核心,False,False,public-derived-with-sequence-proxy
U02110,8,12,12,112,成长,False,False,public-derived-with-sequence-proxy
U02111,6,12,12,96,观察,False,False,public-derived-with-sequence-proxy
U02112,12,12,12,144,核心,False,False,public-derived-with-sequence-proxy
U02113,11,12,12,136,活跃,False,False,public-derived-with-sequence-proxy
U02114,8,12,12,112,成长,False,False,public-derived-with-sequence-proxy
U02115,8,12,12,112,成长,False,False,public-derived-with-sequence-proxy
U02116,5,12,12,88,观察,False,False,public-derived-with-sequence-proxy
U02117,12,12,12,144,核心,False,False,public-derived-with-sequence-proxy
U02118,12,12,12,144,核心,False,False,public-derived-with-sequence-proxy
U02119,11,12,12,136,活跃,False,False,public-derived-with-sequence-proxy
U02120,6,12,12,96,观察,False,False,public-derived-with-sequence-proxy
U02121,7,12,12,104,成长,False,False,public-derived-with-sequence-proxy
U02122,6,12,12,96,观察,False,False,public-derived-with-sequence-proxy
U02123,4,12,12,80,观察,False,False,public-derived-with-sequence-proxy
U02124,11,12,12,136,活跃,False,False,public-derived-with-sequence-proxy
U02125,12,12,12,144,核心,False,False,public-derived-with-sequence-proxy
U02126,12,12,12,144,核心,False,False,public-derived-with-sequence-proxy
U02127,8,12,12,112,成长,False,False,public-derived-with-sequence-proxy
U02128,10,12,12,128,活跃,False,False,public-derived-with-sequence-proxy
U02129,12,12,12,144,核心,False,False,public-derived-with-sequence-proxy
U02130,4,12,12,80,观察,False,False,public-derived-with-sequence-proxy
U02131,8,12,12,112,成长,False,False,public-derived-with-sequence-proxy
U02132,8,12,12,112,成长,False,False,public-derived-with-sequence-proxy
U02133,10,12,12,128,活跃,False,False,public-derived-with-sequence-proxy
U02134,8,12,12,112,成长,False,False,public-derived-with-sequence-proxy
U02135,8,12,12,112,成长,False,False,public-derived-with-sequence-proxy
U02136,6,12,12,96,观察,False,False,public-derived-with-sequence-proxy
U02137,6,12,12,96,观察,False,False,public-derived-with-sequence-proxy
U02138,7,12,12,104,成长,False,False,public-derived-with-sequence-proxy
U02139,8,12,12,112,成长,False,False,public-derived-with-sequence-proxy
U02140,9,12,12,120,活跃,False,False,public-derived-with-sequence-proxy
U02141,9,12,12,120,活跃,False,False,public-derived-with-sequence-proxy
U02142,10,12,12,128,活跃,False,False,public-derived-with-sequence-proxy
U02143,12,12,12,144,核心,False,False,public-derived-with-sequence-proxy
U02144,12,12,12,144,核心,False,False,public-derived-with-sequence-proxy
U02145,8,12,12,112,成长,False,False,public-derived-with-sequence-proxy
U02146,10,12,12,128,活跃,False,False,public-derived-with-sequence-proxy
U02147,5,12,12,88,观察,False,False,public-derived-with-sequence-proxy
U02148,12,12,12,144,核心,False,False,public-derived-with-sequence-proxy
U02149,12,12,12,144,核心,False,False,public-derived-with-sequence-proxy
U02150,12,12,12,144,核心,False,False,public-derived-with-sequence-proxy
U02151,6,12,12,96,观察,False,False,public-derived-with-sequence-proxy
U02152,7,12,12,104,成长,False,False,public-derived-with-sequence-proxy
U02153,12,12,12,144,核心,False,False,public-derived-with-sequence-proxy
U02154,8,12,12,112,成长,False,False,public-derived-with-sequence-proxy
U02155,4,12,12,80,观察,False,False,public-derived-with-sequence-proxy
U02156,9,12,12,120,活跃,False,False,public-derived-with-sequence-proxy
U02157,7,12,12,104,成长,False,False,public-derived-with-sequence-proxy
U02158,5,12,12,88,观察,False,False,public-derived-with-sequence-proxy
U02159,5,12,12,88,观察,False,False,public-derived-with-sequence-proxy
U02160,12,12,12,144,核心,False,False,public-derived-with-sequence-proxy
U02161,8,12,12,112,成长,False,False,public-derived-with-sequence-proxy
U02162,12,12,12,144,核心,False,False,public-derived-with-sequence-proxy
U02163,8,12,12,112,成长,False,False,public-derived-with-sequence-proxy
U02164,6,12,12,96,观察,False,False,public-derived-with-sequence-proxy
U02165,8,12,12,112,成长,False,False,public-derived-with-sequence-proxy
U02166,7,12,12,104,成长,False,False,public-derived-with-sequence-proxy
U02167,12,12,12,144,核心,False,False,public-derived-with-sequence-proxy
U02168,5,12,12,88,观察,False,False,public-derived-with-sequence-proxy
U02169,8,12,12,112,成长,False,False,public-derived-with-sequence-proxy
U02170,12,12,12,144,核心,False,False,public-derived-with-sequence-proxy
U02171,6,12,12,96,观察,False,False,public-derived-with-sequence-proxy
U02172,12,12,12,144,核心,False,False,public-derived-with-sequence-proxy
U02173,5,12,12,88,观察,False,False,public-derived-with-sequence-proxy
U02174,4,12,12,80,观察,False,False,public-derived-with-sequence-proxy
U02175,8,12,12,112,成长,False,False,public-derived-with-sequence-proxy
U02176,6,12,12,96,观察,False,False,public-derived-with-sequence-proxy
U02177,6,12,12,96,观察,False,False,public-derived-with-sequence-proxy
U02178,12,12,12,144,核心,False,False,public-derived-with-sequence-proxy
U02179,9,12,12,120,活跃,False,False,public-derived-with-sequence-proxy
U02180,6,12,12,96,观察,False,False,public-derived-with-sequence-proxy
U02181,8,12,12,112,成长,False,False,public-derived-with-sequence-proxy
U02182,9,12,12,120,活跃,False,False,public-derived-with-sequence-proxy
U02183,9,12,12,120,活跃,False,False,public-derived-with-sequence-proxy
U02184,12,12,12,144,核心,False,False,public-derived-with-sequence-proxy
U02185,12,12,12,144,核心,False,False,public-derived-with-sequence-proxy
U02186,4,12,12,80,观察,False,False,public-derived-with-sequence-proxy
U02187,12,12,12,144,核心,False,False,public-derived-with-sequence-proxy
U02188,4,12,12,80,观察,False,False,public-derived-with-sequence-proxy
U02189,10,12,12,128,活跃,False,False,public-derived-with-sequence-proxy
U02190,12,12,12,144,核心,False,False,public-derived-with-sequence-proxy
U02191,10,12,12,128,活跃,False,False,public-derived-with-sequence-proxy
U02192,5,12,12,88,观察,False,False,public-derived-with-sequence-proxy
U02193,12,12,12,144,核心,False,False,public-derived-with-sequence-proxy
U02194,11,12,12,136,活跃,False,False,public-derived-with-sequence-proxy
U02195,4,12,12,80,观察,False,False,public-derived-with-sequence-proxy
U02196,6,12,12,96,观察,False,False,public-derived-with-sequence-proxy
U02197,8,12,12,112,成长,False,False,public-derived-with-sequence-proxy
U02198,8,12,12,112,成长,False,False,public-derived-with-sequence-proxy
U02199,8,12,12,112,成长,False,False,public-derived-with-sequence-proxy
U02200,12,12,12,144,核心,False,False,public-derived-with-sequence-proxy
U02201,10,12,12,128,活跃,False,False,public-derived-with-sequence-proxy
U02202,5,12,12,88,观察,False,False,public-derived-with-sequence-proxy
U02203,11,12,12,136,活跃,False,False,public-derived-with-sequence-proxy
U02204,9,12,12,120,活跃,False,False,public-derived-with-sequence-proxy
U02205,8,12,12,112,成长,False,False,public-derived-with-sequence-proxy
U02206,5,12,12,88,观察,False,False,public-derived-with-sequence-proxy
U02207,12,12,12,144,核心,False,False,public-derived-with-sequence-proxy
U02208,12,12,12,144,核心,False,False,public-derived-with-sequence-proxy
U02209,4,12,12,80,观察,False,False,public-derived-with-sequence-proxy
U02210,10,12,12,128,活跃,False,False,public-derived-with-sequence-proxy
U02211,5,12,12,88,观察,False,False,public-derived-with-sequence-proxy
U02212,6,12,12,96,观察,False,False,public-derived-with-sequence-proxy
U02213,9,12,12,120,活跃,False,False,public-derived-with-sequence-proxy
U02214,12,12,12,144,核心,False,False,public-derived-with-sequence-proxy
U02215,12,12,12,144,核心,False,False,public-derived-with-sequence-proxy
U02216,12,12,12,144,核心,False,False,public-derived-with-sequence-proxy
U02217,4,12,12,80,观察,False,False,public-derived-with-sequence-proxy
U02218,6,12,12,96,观察,False,False,public-derived-with-sequence-proxy
U02219,4,12,12,80,观察,False,False,public-derived-with-sequence-proxy
U02220,12,12,12,144,核心,False,False,public-derived-with-sequence-proxy
U02221,4,12,12,80,观察,False,False,public-derived-with-sequence-proxy
U02222,9,12,12,120,活跃,False,False,public-derived-with-sequence-proxy
U02223,6,12,12,96,观察,False,False,public-derived-with-sequence-proxy
U02224,9,12,12,120,活跃,False,False,public-derived-with-sequence-proxy
U02225,8,12,12,112,成长,False,False,public-derived-with-sequence-proxy
U02226,12,12,12,144,核心,False,False,public-derived-with-sequence-proxy
U02227,12,12,12,144,核心,False,False,public-derived-with-sequence-proxy
U02228,12,12,12,144,核心,False,False,public-derived-with-sequence-proxy
U02229,8,12,12,112,成长,False,False,public-derived-with-sequence-proxy
U02230,12,12,12,144,核心,False,False,public-derived-with-sequence-proxy
U02231,12,12,12,144,核心,False,False,public-derived-with-sequence-proxy
U02232,4,12,12,80,观察,False,False,public-derived-with-sequence-proxy
U02233,10,12,12,128,活跃,False,False,public-derived-with-sequence-proxy
U02234,8,12,12,112,成长,False,False,public-derived-with-sequence-proxy
U02235,12,12,12,144,核心,False,False,public-derived-with-sequence-proxy
U02236,4,12,12,80,观察,False,False,public-derived-with-sequence-proxy
U02237,4,12,12,80,观察,False,False,public-derived-with-sequence-proxy
U02238,12,12,12,144,核心,False,False,public-derived-with-sequence-proxy
U02239,12,12,12,144,核心,False,False,public-derived-with-sequence-proxy
U02240,6,12,12,96,观察,False,False,public-derived-with-sequence-proxy
U02241,8,12,12,112,成长,False,False,public-derived-with-sequence-proxy
U02242,9,12,12,120,活跃,False,False,public-derived-with-sequence-proxy
U02243,12,12,12,144,核心,False,False,public-derived-with-sequence-proxy
U02244,4,12,12,80,观察,False,False,public-derived-with-sequence-proxy
U02245,6,12,12,96,观察,False,False,public-derived-with-sequence-proxy
U02246,8,12,12,112,成长,False,False,public-derived-with-sequence-proxy
U02247,11,12,12,136,活跃,False,False,public-derived-with-sequence-proxy
U02248,12,12,12,144,核心,False,False,public-derived-with-sequence-proxy
U02249,7,12,12,104,成长,False,False,public-derived-with-sequence-proxy
U02250,10,12,12,128,活跃,False,False,public-derived-with-sequence-proxy
U02251,12,12,12,144,核心,False,False,public-derived-with-sequence-proxy
U02252,9,12,12,120,活跃,False,False,public-derived-with-sequence-proxy
U02253,12,12,12,144,核心,False,False,public-derived-with-sequence-proxy
U02254,12,12,12,144,核心,False,False,public-derived-with-sequence-proxy
U02255,9,12,12,120,活跃,False,False,public-derived-with-sequence-proxy
U02256,12,12,12,144,核心,False,False,public-derived-with-sequence-proxy
U02257,8,12,12,112,成长,False,False,public-derived-with-sequence-proxy
U02258,5,12,12,88,观察,False,False,public-derived-with-sequence-proxy
U02259,4,12,12,80,观察,False,False,public-derived-with-sequence-proxy
U02260,4,12,12,80,观察,False,False,public-derived-with-sequence-proxy
U02261,8,12,12,112,成长,False,False,public-derived-with-sequence-proxy
U02262,12,12,12,144,核心,False,False,public-derived-with-sequence-proxy
U02263,4,12,12,80,观察,False,False,public-derived-with-sequence-proxy
U02264,4,12,12,80,观察,False,False,public-derived-with-sequence-proxy
U02265,8,12,12,112,成长,False,False,public-derived-with-sequence-proxy
U02266,6,12,12,96,观察,False,False,public-derived-with-sequence-proxy
U02267,12,12,12,144,核心,False,False,public-derived-with-sequence-proxy
U02268,8,12,12,112,成长,False,False,public-derived-with-sequence-proxy
U02269,12,12,12,144,核心,False,False,public-derived-with-sequence-proxy
U02270,12,12,12,144,核心,False,False,public-derived-with-sequence-proxy
U02271,12,12,12,144,核心,False,False,public-derived-with-sequence-proxy
U02272,4,12,12,80,观察,False,False,public-derived-with-sequence-proxy
U02273,11,12,12,136,活跃,False,False,public-derived-with-sequence-proxy
U02274,11,12,12,136,活跃,False,False,public-derived-with-sequence-proxy
U02275,6,12,12,96,观察,False,False,public-derived-with-sequence-proxy
U02276,8,12,12,112,成长,False,False,public-derived-with-sequence-proxy
U02277,10,12,12,128,活跃,False,False,public-derived-with-sequence-proxy
U02278,8,12,12,112,成长,False,False,public-derived-with-sequence-proxy
U02279,8,12,12,112,成长,False,False,public-derived-with-sequence-proxy
U02280,8,12,12,112,成长,False,False,public-derived-with-sequence-proxy
U02281,8,12,12,112,成长,False,False,public-derived-with-sequence-proxy
U02282,10,12,12,128,活跃,False,False,public-derived-with-sequence-proxy
U02283,8,12,12,112,成长,False,False,public-derived-with-sequence-proxy
U02284,10,12,12,128,活跃,False,False,public-derived-with-sequence-proxy
U02285,11,12,12,136,活跃,False,False,public-derived-with-sequence-proxy
U02286,12,12,12,144,核心,False,False,public-derived-with-sequence-proxy
U02287,9,12,12,120,活跃,False,False,public-derived-with-sequence-proxy
U02288,11,12,12,136,活跃,False,False,public-derived-with-sequence-proxy
U02289,4,12,12,80,观察,False,False,public-derived-with-sequence-proxy
U02290,11,12,12,136,活跃,False,False,public-derived-with-sequence-proxy
U02291,11,12,12,136,活跃,False,False,public-derived-with-sequence-proxy
U02292,12,12,12,144,核心,False,False,public-derived-with-sequence-proxy
U02293,8,12,12,112,成长,False,False,public-derived-with-sequence-proxy
U02294,4,12,12,80,观察,False,False,public-derived-with-sequence-proxy
U02295,12,12,12,144,核心,False,False,public-derived-with-sequence-proxy
U02296,12,12,12,144,核心,False,False,public-derived-with-sequence-proxy
U02297,7,12,12,104,成长,False,False,public-derived-with-sequence-proxy
U02298,8,12,12,112,成长,False,False,public-derived-with-sequence-proxy
U02299,12,12,12,144,核心,False,False,public-derived-with-sequence-proxy
U02300,4,12,12,80,观察,False,False,public-derived-with-sequence-proxy
U02301,12,12,12,144,核心,False,False,public-derived-with-sequence-proxy
U02302,4,12,12,80,观察,False,False,public-derived-with-sequence-proxy
U02303,12,12,12,144,核心,False,False,public-derived-with-sequence-proxy
U02304,12,12,12,144,核心,False,False,public-derived-with-sequence-proxy
U02305,4,12,12,80,观察,False,False,public-derived-with-sequence-proxy
U02306,4,12,12,80,观察,False,False,public-derived-with-sequence-proxy
U02307,9,12,12,120,活跃,False,False,public-derived-with-sequence-proxy
U02308,10,12,12,128,活跃,False,False,public-derived-with-sequence-proxy
U02309,4,12,12,80,观察,False,False,public-derived-with-sequence-proxy
U02310,12,12,12,144,核心,False,False,public-derived-with-sequence-proxy
U02311,6,12,12,96,观察,False,False,public-derived-with-sequence-proxy
U02312,4,12,12,80,观察,False,False,public-derived-with-sequence-proxy
U02313,12,12,12,144,核心,False,False,public-derived-with-sequence-proxy
U02314,12,12,12,144,核心,False,False,public-derived-with-sequence-proxy
U02315,8,12,12,112,成长,False,False,public-derived-with-sequence-proxy
U02316,12,12,12,144,核心,False,False,public-derived-with-sequence-proxy
U02317,4,12,12,80,观察,False,False,public-derived-with-sequence-proxy
U02318,10,12,12,128,活跃,False,False,public-derived-with-sequence-proxy
U02319,12,12,12,144,核心,False,False,public-derived-with-sequence-proxy
U02320,4,12,12,80,观察,False,False,public-derived-with-sequence-proxy
U02321,12,12,12,144,核心,False,False,public-derived-with-sequence-proxy
U02322,5,12,12,88,观察,False,False,public-derived-with-sequence-proxy
U02323,5,12,12,88,观察,False,False,public-derived-with-sequence-proxy
U02324,4,12,12,80,观察,False,False,public-derived-with-sequence-proxy
U02325,4,12,12,80,观察,False,False,public-derived-with-sequence-proxy
U02326,10,12,12,128,活跃,False,False,public-derived-with-sequence-proxy
U02327,12,12,12,144,核心,False,False,public-derived-with-sequence-proxy
U02328,4,12,12,80,观察,False,False,public-derived-with-sequence-proxy
U02329,6,12,12,96,观察,False,False,public-derived-with-sequence-proxy
U02330,8,12,12,112,成长,False,False,public-derived-with-sequence-proxy
U02331,12,12,12,144,核心,False,False,public-derived-with-sequence-proxy
U02332,12,12,12,144,核心,False,False,public-derived-with-sequence-proxy
U02333,11,12,12,136,活跃,False,False,public-derived-with-sequence-proxy
U02334,12,12,12,144,核心,False,False,public-derived-with-sequence-proxy
U02335,12,12,12,144,核心,False,False,public-derived-with-sequence-proxy
U02336,7,12,12,104,成长,False,False,public-derived-with-sequence-proxy
U02337,4,12,12,80,观察,False,False,public-derived-with-sequence-proxy
U02338,12,12,12,144,核心,False,False,public-derived-with-sequence-proxy
U02339,5,12,12,88,观察,False,False,public-derived-with-sequence-proxy
U02340,4,12,12,80,观察,False,False,public-derived-with-sequence-proxy
U02341,12,12,12,144,核心,False,False,public-derived-with-sequence-proxy
U02342,9,12,12,120,活跃,False,False,public-derived-with-sequence-proxy
U02343,8,12,12,112,成长,False,False,public-derived-with-sequence-proxy
U02344,7,12,12,104,成长,False,False,public-derived-with-sequence-proxy
U02345,8,12,12,112,成长,False,False,public-derived-with-sequence-proxy
U02346,11,12,12,136,活跃,False,False,public-derived-with-sequence-proxy
U02347,12,12,12,144,核心,False,False,public-derived-with-sequence-proxy
U02348,6,12,12,96,观察,False,False,public-derived-with-sequence-proxy
U02349,7,12,12,104,成长,False,False,public-derived-with-sequence-proxy
U02350,8,12,12,112,成长,False,False,public-derived-with-sequence-proxy
U02351,8,12,12,112,成长,False,False,public-derived-with-sequence-proxy
U02352,11,12,12,136,活跃,False,False,public-derived-with-sequence-proxy
U02353,12,12,12,144,核心,False,False,public-derived-with-sequence-proxy
U02354,12,12,12,144,核心,False,False,public-derived-with-sequence-proxy
U02355,12,12,12,144,核心,False,False,public-derived-with-sequence-proxy
U02356,4,12,12,80,观察,False,False,public-derived-with-sequence-proxy
U02357,11,12,12,136,活跃,False,False,public-derived-with-sequence-proxy
U02358,12,12,12,144,核心,False,False,public-derived-with-sequence-proxy
U02359,7,12,12,104,成长,False,False,public-derived-with-sequence-proxy
U02360,5,12,12,88,观察,False,False,public-derived-with-sequence-proxy
U02361,9,12,12,120,活跃,False,False,public-derived-with-sequence-proxy
U02362,5,12,12,88,观察,False,False,public-derived-with-sequence-proxy
U02363,8,12,12,112,成长,False,False,public-derived-with-sequence-proxy
U02364,12,12,12,144,核心,False,False,public-derived-with-sequence-proxy
U02365,12,12,12,144,核心,False,False,public-derived-with-sequence-proxy
U02366,11,12,12,136,活跃,False,False,public-derived-with-sequence-proxy
U02367,12,12,12,144,核心,False,False,public-derived-with-sequence-proxy
U02368,10,12,12,128,活跃,False,False,public-derived-with-sequence-proxy
U02369,4,12,12,80,观察,False,False,public-derived-with-sequence-proxy
U02370,7,12,12,104,成长,False,False,public-derived-with-sequence-proxy
U02371,12,12,12,144,核心,False,False,public-derived-with-sequence-proxy
U02372,8,12,12,112,成长,False,False,public-derived-with-sequence-proxy
U02373,8,12,12,112,成长,False,False,public-derived-with-sequence-proxy
U02374,4,12,12,80,观察,False,False,public-derived-with-sequence-proxy
U02375,8,12,12,112,成长,False,False,public-derived-with-sequence-proxy
U02376,4,12,12,80,观察,False,False,public-derived-with-sequence-proxy
U02377,12,12,12,144,核心,False,False,public-derived-with-sequence-proxy
U02378,6,12,12,96,观察,False,False,public-derived-with-sequence-proxy
U02379,12,12,12,144,核心,False,False,public-derived-with-sequence-proxy
U02380,8,12,12,112,成长,False,False,public-derived-with-sequence-proxy
U02381,11,12,12,136,活跃,False,False,public-derived-with-sequence-proxy
U02382,12,12,12,144,核心,False,False,public-derived-with-sequence-proxy
U02383,12,12,12,144,核心,False,False,public-derived-with-sequence-proxy
U02384,12,12,12,144,核心,False,False,public-derived-with-sequence-proxy
U02385,12,12,12,144,核心,False,False,public-derived-with-sequence-proxy
U02386,7,12,12,104,成长,False,False,public-derived-with-sequence-proxy
U02387,4,12,12,80,观察,False,False,public-derived-with-sequence-proxy
U02388,8,12,12,112,成长,False,False,public-derived-with-sequence-proxy
U02389,4,12,12,80,观察,False,False,public-derived-with-sequence-proxy
U02390,11,12,12,136,活跃,False,False,public-derived-with-sequence-proxy
U02391,12,12,12,144,核心,False,False,public-derived-with-sequence-proxy
U02392,11,12,12,136,活跃,False,False,public-derived-with-sequence-proxy
U02393,12,12,12,144,核心,False,False,public-derived-with-sequence-proxy
U02394,12,12,12,144,核心,False,False,public-derived-with-sequence-proxy
U02395,5,12,12,88,观察,False,False,public-derived-with-sequence-proxy
U02396,5,12,12,88,观察,False,False,public-derived-with-sequence-proxy
U02397,8,12,12,112,成长,False,False,public-derived-with-sequence-proxy
U02398,8,12,12,112,成长,False,False,public-derived-with-sequence-proxy
U02399,5,12,12,88,观察,False,False,public-derived-with-sequence-proxy
U02400,12,12,12,144,核心,False,False,public-derived-with-sequence-proxy
U02401,6,12,12,96,观察,False,False,public-derived-with-sequence-proxy
U02402,11,12,12,136,活跃,False,False,public-derived-with-sequence-proxy
U02403,12,12,12,144,核心,False,False,public-derived-with-sequence-proxy
U02404,10,12,12,128,活跃,False,False,public-derived-with-sequence-proxy
U02405,4,12,12,80,观察,False,False,public-derived-with-sequence-proxy
U02406,8,12,12,112,成长,False,False,public-derived-with-sequence-proxy
U02407,8,12,12,112,成长,False,False,public-derived-with-sequence-proxy
U02408,10,12,12,128,活跃,False,False,public-derived-with-sequence-proxy
U02409,7,12,12,104,成长,False,False,public-derived-with-sequence-proxy
U02410,10,12,12,128,活跃,False,False,public-derived-with-sequence-proxy
U02411,9,12,12,120,活跃,False,False,public-derived-with-sequence-proxy
U02412,11,12,12,136,活跃,False,False,public-derived-with-sequence-proxy
U02413,5,12,12,88,观察,False,False,public-derived-with-sequence-proxy
U02414,6,12,12,96,观察,False,False,public-derived-with-sequence-proxy
U02415,6,12,12,96,观察,False,False,public-derived-with-sequence-proxy
U02416,4,12,12,80,观察,False,False,public-derived-with-sequence-proxy
U02417,7,12,12,104,成长,False,False,public-derived-with-sequence-proxy
U02418,5,12,12,88,观察,False,False,public-derived-with-sequence-proxy
U02419,9,12,12,120,活跃,False,False,public-derived-with-sequence-proxy
U02420,9,12,12,120,活跃,False,False,public-derived-with-sequence-proxy
U02421,5,12,12,88,观察,False,False,public-derived-with-sequence-proxy
U02422,12,12,12,144,核心,False,False,public-derived-with-sequence-proxy
U02423,10,12,12,128,活跃,False,False,public-derived-with-sequence-proxy
U02424,4,12,12,80,观察,False,False,public-derived-with-sequence-proxy
U02425,8,12,12,112,成长,False,False,public-derived-with-sequence-proxy
U02426,5,12,12,88,观察,False,False,public-derived-with-sequence-proxy
U02427,12,12,12,144,核心,False,False,public-derived-with-sequence-proxy
U02428,5,12,12,88,观察,False,False,public-derived-with-sequence-proxy
U02429,9,12,12,120,活跃,False,False,public-derived-with-sequence-proxy
U02430,8,12,12,112,成长,False,False,public-derived-with-sequence-proxy
U02431,7,12,12,104,成长,False,False,public-derived-with-sequence-proxy
U02432,8,12,12,112,成长,False,False,public-derived-with-sequence-proxy
U02433,12,12,12,144,核心,False,False,public-derived-with-sequence-proxy
U02434,8,12,12,112,成长,False,False,public-derived-with-sequence-proxy
U02435,4,12,12,80,观察,False,False,public-derived-with-sequence-proxy
U02436,5,12,12,88,观察,False,False,public-derived-with-sequence-proxy
U02437,9,12,12,120,活跃,False,False,public-derived-with-sequence-proxy
U02438,9,12,12,120,活跃,False,False,public-derived-with-sequence-proxy
U02439,12,12,12,144,核心,False,False,public-derived-with-sequence-proxy
U02440,12,12,12,144,核心,False,False,public-derived-with-sequence-proxy
U02441,12,12,12,144,核心,False,False,public-derived-with-sequence-proxy
U02442,4,12,12,80,观察,False,False,public-derived-with-sequence-proxy
U02443,11,12,12,136,活跃,False,False,public-derived-with-sequence-proxy
U02444,4,12,12,80,观察,False,False,public-derived-with-sequence-proxy
U02445,12,12,12,144,核心,False,False,public-derived-with-sequence-proxy
U02446,8,12,12,112,成长,False,False,public-derived-with-sequence-proxy
U02447,8,12,12,112,成长,False,False,public-derived-with-sequence-proxy
U02448,5,12,12,88,观察,False,False,public-derived-with-sequence-proxy
U02449,8,12,12,112,成长,False,False,public-derived-with-sequence-proxy
U02450,6,12,12,96,观察,False,False,public-derived-with-sequence-proxy
U02451,12,12,12,144,核心,False,False,public-derived-with-sequence-proxy
U02452,11,12,12,136,活跃,False,False,public-derived-with-sequence-proxy
U02453,4,12,12,80,观察,False,False,public-derived-with-sequence-proxy
U02454,4,12,12,80,观察,False,False,public-derived-with-sequence-proxy
U02455,8,12,12,112,成长,False,False,public-derived-with-sequence-proxy
U02456,6,12,12,96,观察,False,False,public-derived-with-sequence-proxy
U02457,5,12,12,88,观察,False,False,public-derived-with-sequence-proxy
U02458,10,12,12,128,活跃,False,False,public-derived-with-sequence-proxy
U02459,7,12,12,104,成长,False,False,public-derived-with-sequence-proxy
U02460,4,12,12,80,观察,False,False,public-derived-with-sequence-proxy
U02461,12,12,12,144,核心,False,False,public-derived-with-sequence-proxy
U02462,5,12,12,88,观察,False,False,public-derived-with-sequence-proxy
U02463,12,12,12,144,核心,False,False,public-derived-with-sequence-proxy
U02464,4,12,12,80,观察,False,False,public-derived-with-sequence-proxy
U02465,12,12,12,144,核心,False,False,public-derived-with-sequence-proxy
U02466,8,12,12,112,成长,False,False,public-derived-with-sequence-proxy
U02467,12,12,12,144,核心,False,False,public-derived-with-sequence-proxy
U02468,4,12,12,80,观察,False,False,public-derived-with-sequence-proxy
U02469,8,12,12,112,成长,False,False,public-derived-with-sequence-proxy
U02470,10,12,12,128,活跃,False,False,public-derived-with-sequence-proxy
U02471,9,12,12,120,活跃,False,False,public-derived-with-sequence-proxy
U02472,12,12,12,144,核心,False,False,public-derived-with-sequence-proxy
U02473,12,12,12,144,核心,False,False,public-derived-with-sequence-proxy
U02474,12,12,12,144,核心,False,False,public-derived-with-sequence-proxy
U02475,4,12,12,80,观察,False,False,public-derived-with-sequence-proxy
U02476,8,12,12,112,成长,False,False,public-derived-with-sequence-proxy
U02477,8,12,12,112,成长,False,False,public-derived-with-sequence-proxy
U02478,12,12,12,144,核心,False,False,public-derived-with-sequence-proxy
U02479,12,12,12,144,核心,False,False,public-derived-with-sequence-proxy
U02480,5,12,12,88,观察,False,False,public-derived-with-sequence-proxy
U02481,8,12,12,112,成长,False,False,public-derived-with-sequence-proxy
U02482,5,12,12,88,观察,False,False,public-derived-with-sequence-proxy
U02483,9,12,12,120,活跃,False,False,public-derived-with-sequence-proxy
U02484,4,12,12,80,观察,False,False,public-derived-with-sequence-proxy
U02485,12,12,12,144,核心,False,False,public-derived-with-sequence-proxy
U02486,4,12,12,80,观察,False,False,public-derived-with-sequence-proxy
U02487,6,12,12,96,观察,False,False,public-derived-with-sequence-proxy
U02488,12,12,12,144,核心,False,False,public-derived-with-sequence-proxy
U02489,7,12,12,104,成长,False,False,public-derived-with-sequence-proxy
U02490,7,12,12,104,成长,False,False,public-derived-with-sequence-proxy
U02491,12,12,12,144,核心,False,False,public-derived-with-sequence-proxy
U02492,8,12,12,112,成长,False,False,public-derived-with-sequence-proxy
U02493,9,12,12,120,活跃,False,False,public-derived-with-sequence-proxy
U02494,12,12,12,144,核心,False,False,public-derived-with-sequence-proxy
U02495,12,12,12,144,核心,False,False,public-derived-with-sequence-proxy
U02496,12,12,12,144,核心,False,False,public-derived-with-sequence-proxy
U02497,9,12,12,120,活跃,False,False,public-derived-with-sequence-proxy
U02498,5,12,12,88,观察,False,False,public-derived-with-sequence-proxy
U02499,7,12,12,104,成长,False,False,public-derived-with-sequence-proxy
U02500,12,12,12,144,核心,False,False,public-derived-with-sequence-proxy
U02501,8,12,12,112,成长,False,False,public-derived-with-sequence-proxy
U02502,8,12,12,112,成长,False,False,public-derived-with-sequence-proxy
U02503,12,12,12,144,核心,False,False,public-derived-with-sequence-proxy
U02504,10,12,12,128,活跃,False,False,public-derived-with-sequence-proxy
U02505,4,12,12,80,观察,False,False,public-derived-with-sequence-proxy
U02506,9,12,12,120,活跃,False,False,public-derived-with-sequence-proxy
U02507,7,12,12,104,成长,False,False,public-derived-with-sequence-proxy
U02508,12,12,12,144,核心,False,False,public-derived-with-sequence-proxy
U02509,5,12,12,88,观察,False,False,public-derived-with-sequence-proxy
U02510,8,12,12,112,成长,False,False,public-derived-with-sequence-proxy
U02511,4,12,12,80,观察,False,False,public-derived-with-sequence-proxy
U02512,9,12,12,120,活跃,False,False,public-derived-with-sequence-proxy
U02513,6,12,12,96,观察,False,False,public-derived-with-sequence-proxy
U02514,9,12,12,120,活跃,False,False,public-derived-with-sequence-proxy
U02515,8,12,12,112,成长,False,False,public-derived-with-sequence-proxy
U02516,12,12,12,144,核心,False,False,public-derived-with-sequence-proxy
U02517,7,12,12,104,成长,False,False,public-derived-with-sequence-proxy
U02518,8,12,12,112,成长,False,False,public-derived-with-sequence-proxy
U02519,6,12,12,96,观察,False,False,public-derived-with-sequence-proxy
U02520,12,12,12,144,核心,False,False,public-derived-with-sequence-proxy
U02521,12,12,12,144,核心,False,False,public-derived-with-sequence-proxy
U02522,9,12,12,120,活跃,False,False,public-derived-with-sequence-proxy
U02523,12,12,12,144,核心,False,False,public-derived-with-sequence-proxy
U02524,6,12,12,96,观察,False,False,public-derived-with-sequence-proxy
U02525,7,12,12,104,成长,False,False,public-derived-with-sequence-proxy
U02526,5,12,12,88,观察,False,False,public-derived-with-sequence-proxy
U02527,11,12,12,136,活跃,False,False,public-derived-with-sequence-proxy
U02528,10,12,12,128,活跃,False,False,public-derived-with-sequence-proxy
U02529,12,12,12,144,核心,False,False,public-derived-with-sequence-proxy
U02530,4,12,12,80,观察,False,False,public-derived-with-sequence-proxy
U02531,8,12,12,112,成长,False,False,public-derived-with-sequence-proxy
U02532,4,12,12,80,观察,False,False,public-derived-with-sequence-proxy
U02533,10,12,12,128,活跃,False,False,public-derived-with-sequence-proxy
U02534,12,12,12,144,核心,False,False,public-derived-with-sequence-proxy
U02535,7,12,12,104,成长,False,False,public-derived-with-sequence-proxy
U02536,12,12,12,144,核心,False,False,public-derived-with-sequence-proxy
U02537,12,12,12,144,核心,False,False,public-derived-with-sequence-proxy
U02538,4,12,12,80,观察,False,False,public-derived-with-sequence-proxy
U02539,12,12,12,144,核心,False,False,public-derived-with-sequence-proxy
U02540,4,12,12,80,观察,False,False,public-derived-with-sequence-proxy
U02541,12,12,12,144,核心,False,False,public-derived-with-sequence-proxy
U02542,10,12,12,128,活跃,False,False,public-derived-with-sequence-proxy
U02543,4,12,12,80,观察,False,False,public-derived-with-sequence-proxy
U02544,4,12,12,80,观察,False,False,public-derived-with-sequence-proxy
U02545,6,12,12,96,观察,False,False,public-derived-with-sequence-proxy
U02546,12,12,12,144,核心,False,False,public-derived-with-sequence-proxy
U02547,8,12,12,112,成长,False,False,public-derived-with-sequence-proxy
U02548,9,12,12,120,活跃,False,False,public-derived-with-sequence-proxy
U02549,4,12,12,80,观察,False,False,public-derived-with-sequence-proxy
U02550,7,12,12,104,成长,False,False,public-derived-with-sequence-proxy
U02551,10,12,12,128,活跃,False,False,public-derived-with-sequence-proxy
U02552,11,12,12,136,活跃,False,False,public-derived-with-sequence-proxy
U02553,12,12,12,144,核心,False,False,public-derived-with-sequence-proxy
U02554,11,12,12,136,活跃,False,False,public-derived-with-sequence-proxy
U02555,8,12,12,112,成长,False,False,public-derived-with-sequence-proxy
U02556,4,12,12,80,观察,False,False,public-derived-with-sequence-proxy
U02557,12,12,12,144,核心,False,False,public-derived-with-sequence-proxy
U02558,12,12,12,144,核心,False,False,public-derived-with-sequence-proxy
U02559,8,12,12,112,成长,False,False,public-derived-with-sequence-proxy
U02560,12,12,12,144,核心,False,False,public-derived-with-sequence-proxy
U02561,7,12,12,104,成长,False,False,public-derived-with-sequence-proxy
U02562,12,12,12,144,核心,False,False,public-derived-with-sequence-proxy
U02563,9,12,12,120,活跃,False,False,public-derived-with-sequence-proxy
U02564,7,12,12,104,成长,False,False,public-derived-with-sequence-proxy
U02565,11,12,12,136,活跃,False,False,public-derived-with-sequence-proxy
U02566,12,12,12,144,核心,False,False,public-derived-with-sequence-proxy
U02567,7,12,12,104,成长,False,False,public-derived-with-sequence-proxy
U02568,4,12,12,80,观察,False,False,public-derived-with-sequence-proxy
U02569,5,12,12,88,观察,False,False,public-derived-with-sequence-proxy
U02570,7,12,12,104,成长,False,False,public-derived-with-sequence-proxy
U02571,11,12,12,136,活跃,False,False,public-derived-with-sequence-proxy
U02572,12,12,12,144,核心,False,False,public-derived-with-sequence-proxy
U02573,6,12,12,96,观察,False,False,public-derived-with-sequence-proxy
U02574,12,12,12,144,核心,False,False,public-derived-with-sequence-proxy
U02575,5,12,12,88,观察,False,False,public-derived-with-sequence-proxy
U02576,6,12,12,96,观察,False,False,public-derived-with-sequence-proxy
U02577,7,12,12,104,成长,False,False,public-derived-with-sequence-proxy
U02578,10,12,12,128,活跃,False,False,public-derived-with-sequence-proxy
U02579,10,12,12,128,活跃,False,False,public-derived-with-sequence-proxy
U02580,6,12,12,96,观察,False,False,public-derived-with-sequence-proxy
U02581,12,12,12,144,核心,False,False,public-derived-with-sequence-proxy
U02582,9,12,12,120,活跃,False,False,public-derived-with-sequence-proxy
U02583,12,12,12,144,核心,False,False,public-derived-with-sequence-proxy
U02584,10,12,12,128,活跃,False,False,public-derived-with-sequence-proxy
U02585,4,12,12,80,观察,False,False,public-derived-with-sequence-proxy
U02586,8,12,12,112,成长,False,False,public-derived-with-sequence-proxy
U02587,4,12,12,80,观察,False,False,public-derived-with-sequence-proxy
U02588,4,12,12,80,观察,False,False,public-derived-with-sequence-proxy
U02589,7,12,12,104,成长,False,False,public-derived-with-sequence-proxy
U02590,4,12,12,80,观察,False,False,public-derived-with-sequence-proxy
U02591,5,12,12,88,观察,False,False,public-derived-with-sequence-proxy
U02592,7,12,12,104,成长,False,False,public-derived-with-sequence-proxy
U02593,10,12,12,128,活跃,False,False,public-derived-with-sequence-proxy
U02594,6,12,12,96,观察,False,False,public-derived-with-sequence-proxy
U02595,4,12,12,80,观察,False,False,public-derived-with-sequence-proxy
U02596,8,12,12,112,成长,False,False,public-derived-with-sequence-proxy
U02597,12,12,12,144,核心,False,False,public-derived-with-sequence-proxy
U02598,6,12,12,96,观察,False,False,public-derived-with-sequence-proxy
U02599,4,12,12,80,观察,False,False,public-derived-with-sequence-proxy
U02600,12,12,12,144,核心,False,False,public-derived-with-sequence-proxy
U02601,8,12,12,112,成长,False,False,public-derived-with-sequence-proxy
U02602,8,12,12,112,成长,False,False,public-derived-with-sequence-proxy
U02603,12,12,12,144,核心,False,False,public-derived-with-sequence-proxy
U02604,12,12,12,144,核心,False,False,public-derived-with-sequence-proxy
U02605,11,12,12,136,活跃,False,False,public-derived-with-sequence-proxy
U02606,5,12,12,88,观察,False,False,public-derived-with-sequence-proxy
U02607,5,12,12,88,观察,False,False,public-derived-with-sequence-proxy
U02608,4,12,12,80,观察,False,False,public-derived-with-sequence-proxy
U02609,4,12,12,80,观察,False,False,public-derived-with-sequence-proxy
U02610,12,12,12,144,核心,False,False,public-derived-with-sequence-proxy
U02611,6,12,12,96,观察,False,False,public-derived-with-sequence-proxy
U02612,11,12,12,136,活跃,False,False,public-derived-with-sequence-proxy
U02613,8,12,12,112,成长,False,False,public-derived-with-sequence-proxy
U02614,12,12,12,144,核心,False,False,public-derived-with-sequence-proxy
U02615,6,12,12,96,观察,False,False,public-derived-with-sequence-proxy
U02616,12,12,12,144,核心,False,False,public-derived-with-sequence-proxy
U02617,9,12,12,120,活跃,False,False,public-derived-with-sequence-proxy
U02618,11,12,12,136,活跃,False,False,public-derived-with-sequence-proxy
U02619,8,12,12,112,成长,False,False,public-derived-with-sequence-proxy
U02620,9,12,12,120,活跃,False,False,public-derived-with-sequence-proxy
U02621,4,12,12,80,观察,False,False,public-derived-with-sequence-proxy
U02622,5,12,12,88,观察,False,False,public-derived-with-sequence-proxy
U02623,7,12,12,104,成长,False,False,public-derived-with-sequence-proxy
U02624,4,12,12,80,观察,False,False,public-derived-with-sequence-proxy
U02625,9,12,12,120,活跃,False,False,public-derived-with-sequence-proxy
U02626,12,12,12,144,核心,False,False,public-derived-with-sequence-proxy
U02627,10,12,12,128,活跃,False,False,public-derived-with-sequence-proxy
U02628,9,12,12,120,活跃,False,False,public-derived-with-sequence-proxy
U02629,8,12,12,112,成长,False,False,public-derived-with-sequence-proxy
U02630,4,12,12,80,观察,False,False,public-derived-with-sequence-proxy
U02631,7,12,12,104,成长,False,False,public-derived-with-sequence-proxy
U02632,12,12,12,144,核心,False,False,public-derived-with-sequence-proxy
U02633,8,12,12,112,成长,False,False,public-derived-with-sequence-proxy
U02634,8,12,12,112,成长,False,False,public-derived-with-sequence-proxy
U02635,4,12,12,80,观察,False,False,public-derived-with-sequence-proxy
U02636,9,12,12,120,活跃,False,False,public-derived-with-sequence-proxy
U02637,4,12,12,80,观察,False,False,public-derived-with-sequence-proxy
U02638,5,12,12,88,观察,False,False,public-derived-with-sequence-proxy
U02639,8,12,12,112,成长,False,False,public-derived-with-sequence-proxy
U02640,4,12,12,80,观察,False,False,public-derived-with-sequence-proxy
U02641,7,12,12,104,成长,False,False,public-derived-with-sequence-proxy
U02642,12,12,12,144,核心,False,False,public-derived-with-sequence-proxy
U02643,7,12,12,104,成长,False,False,public-derived-with-sequence-proxy
U02644,11,12,12,136,活跃,False,False,public-derived-with-sequence-proxy
U02645,10,12,12,128,活跃,False,False,public-derived-with-sequence-proxy
U02646,10,12,12,128,活跃,False,False,public-derived-with-sequence-proxy
U02647,11,12,12,136,活跃,False,False,public-derived-with-sequence-proxy
U02648,6,12,12,96,观察,False,False,public-derived-with-sequence-proxy
U02649,5,12,12,88,观察,False,False,public-derived-with-sequence-proxy
U02650,11,12,12,136,活跃,False,False,public-derived-with-sequence-proxy
U02651,10,12,12,128,活跃,False,False,public-derived-with-sequence-proxy
U02652,9,12,12,120,活跃,False,False,public-derived-with-sequence-proxy
U02653,10,12,12,128,活跃,False,False,public-derived-with-sequence-proxy
U02654,12,12,12,144,核心,False,False,public-derived-with-sequence-proxy
U02655,12,12,12,144,核心,False,False,public-derived-with-sequence-proxy
U02656,12,12,12,144,核心,False,False,public-derived-with-sequence-proxy
U02657,4,12,12,80,观察,False,False,public-derived-with-sequence-proxy
U02658,12,12,12,144,核心,False,False,public-derived-with-sequence-proxy
U02659,6,12,12,96,观察,False,False,public-derived-with-sequence-proxy
U02660,9,12,12,120,活跃,False,False,public-derived-with-sequence-proxy
U02661,6,12,12,96,观察,False,False,public-derived-with-sequence-proxy
U02662,5,12,12,88,观察,False,False,public-derived-with-sequence-proxy
U02663,12,12,12,144,核心,False,False,public-derived-with-sequence-proxy
U02664,8,12,12,112,成长,False,False,public-derived-with-sequence-proxy
U02665,12,12,12,144,核心,False,False,public-derived-with-sequence-proxy
U02666,12,12,12,144,核心,False,False,public-derived-with-sequence-proxy
U02667,8,12,12,112,成长,False,False,public-derived-with-sequence-proxy
U02668,6,12,12,96,观察,False,False,public-derived-with-sequence-proxy
U02669,4,12,12,80,观察,False,False,public-derived-with-sequence-proxy
U02670,8,12,12,112,成长,False,False,public-derived-with-sequence-proxy
U02671,8,12,12,112,成长,False,False,public-derived-with-sequence-proxy
U02672,12,12,12,144,核心,False,False,public-derived-with-sequence-proxy
U02673,4,12,12,80,观察,False,False,public-derived-with-sequence-proxy
U02674,11,12,12,136,活跃,False,False,public-derived-with-sequence-proxy
U02675,12,12,12,144,核心,False,False,public-derived-with-sequence-proxy
U02676,6,12,12,96,观察,False,False,public-derived-with-sequence-proxy
U02677,8,12,12,112,成长,False,False,public-derived-with-sequence-proxy
U02678,4,12,12,80,观察,False,False,public-derived-with-sequence-proxy
U02679,12,12,12,144,核心,False,False,public-derived-with-sequence-proxy
U02680,8,12,12,112,成长,False,False,public-derived-with-sequence-proxy
U02681,10,12,12,128,活跃,False,False,public-derived-with-sequence-proxy
U02682,10,12,12,128,活跃,False,False,public-derived-with-sequence-proxy
U02683,12,12,12,144,核心,False,False,public-derived-with-sequence-proxy
U02684,9,12,12,120,活跃,False,False,public-derived-with-sequence-proxy
U02685,12,12,12,144,核心,False,False,public-derived-with-sequence-proxy
U02686,4,12,12,80,观察,False,False,public-derived-with-sequence-proxy
U02687,11,12,12,136,活跃,False,False,public-derived-with-sequence-proxy
U02688,12,12,12,144,核心,False,False,public-derived-with-sequence-proxy
U02689,12,12,12,144,核心,False,False,public-derived-with-sequence-proxy
U02690,7,12,12,104,成长,False,False,public-derived-with-sequence-proxy
U02691,12,12,12,144,核心,False,False,public-derived-with-sequence-proxy
U02692,10,12,12,128,活跃,False,False,public-derived-with-sequence-proxy
U02693,5,12,12,88,观察,False,False,public-derived-with-sequence-proxy
U02694,12,12,12,144,核心,False,False,public-derived-with-sequence-proxy
U02695,10,12,12,128,活跃,False,False,public-derived-with-sequence-proxy
U02696,8,12,12,112,成长,False,False,public-derived-with-sequence-proxy
U02697,10,12,12,128,活跃,False,False,public-derived-with-sequence-proxy
U02698,4,12,12,80,观察,False,False,public-derived-with-sequence-proxy
U02699,10,12,12,128,活跃,False,False,public-derived-with-sequence-proxy
U02700,4,12,12,80,观察,False,False,public-derived-with-sequence-proxy
U02701,12,12,12,144,核心,False,False,public-derived-with-sequence-proxy
U02702,7,12,12,104,成长,False,False,public-derived-with-sequence-proxy
U02703,12,12,12,144,核心,False,False,public-derived-with-sequence-proxy
U02704,7,12,12,104,成长,False,False,public-derived-with-sequence-proxy
U02705,8,12,12,112,成长,False,False,public-derived-with-sequence-proxy
U02706,8,12,12,112,成长,False,False,public-derived-with-sequence-proxy
U02707,12,12,12,144,核心,False,False,public-derived-with-sequence-proxy
U02708,4,12,12,80,观察,False,False,public-derived-with-sequence-proxy
U02709,4,12,12,80,观察,False,False,public-derived-with-sequence-proxy
U02710,12,12,12,144,核心,False,False,public-derived-with-sequence-proxy
U02711,4,12,12,80,观察,False,False,public-derived-with-sequence-proxy
U02712,12,12,12,144,核心,False,False,public-derived-with-sequence-proxy
U02713,8,12,12,112,成长,False,False,public-derived-with-sequence-proxy
U02714,6,12,12,96,观察,False,False,public-derived-with-sequence-proxy
U02715,11,12,12,136,活跃,False,False,public-derived-with-sequence-proxy
U02716,10,12,12,128,活跃,False,False,public-derived-with-sequence-proxy
U02717,8,12,12,112,成长,False,False,public-derived-with-sequence-proxy
U02718,12,12,12,144,核心,False,False,public-derived-with-sequence-proxy
U02719,6,12,12,96,观察,False,False,public-derived-with-sequence-proxy
U02720,12,12,12,144,核心,False,False,public-derived-with-sequence-proxy
U02721,7,12,12,104,成长,False,False,public-derived-with-sequence-proxy
U02722,6,12,12,96,观察,False,False,public-derived-with-sequence-proxy
U02723,8,12,12,112,成长,False,False,public-derived-with-sequence-proxy
U02724,12,12,12,144,核心,False,False,public-derived-with-sequence-proxy
U02725,5,12,12,88,观察,False,False,public-derived-with-sequence-proxy
U02726,8,12,12,112,成长,False,False,public-derived-with-sequence-proxy
U02727,6,12,12,96,观察,False,False,public-derived-with-sequence-proxy
U02728,6,12,12,96,观察,False,False,public-derived-with-sequence-proxy
U02729,8,12,12,112,成长,False,False,public-derived-with-sequence-proxy
U02730,9,12,12,120,活跃,False,False,public-derived-with-sequence-proxy
U02731,6,12,12,96,观察,False,False,public-derived-with-sequence-proxy
U02732,4,12,12,80,观察,False,False,public-derived-with-sequence-proxy
U02733,5,12,12,88,观察,False,False,public-derived-with-sequence-proxy
U02734,12,12,12,144,核心,False,False,public-derived-with-sequence-proxy
U02735,12,12,12,144,核心,False,False,public-derived-with-sequence-proxy
U02736,12,12,12,144,核心,False,False,public-derived-with-sequence-proxy
U02737,4,12,12,80,观察,False,False,public-derived-with-sequence-proxy
U02738,8,12,12,112,成长,False,False,public-derived-with-sequence-proxy
U02739,12,12,12,144,核心,False,False,public-derived-with-sequence-proxy
U02740,12,12,12,144,核心,False,False,public-derived-with-sequence-proxy
U02741,8,12,12,112,成长,False,False,public-derived-with-sequence-proxy
U02742,8,12,12,112,成长,False,False,public-derived-with-sequence-proxy
U02743,4,12,12,80,观察,False,False,public-derived-with-sequence-proxy
U02744,4,12,12,80,观察,False,False,public-derived-with-sequence-proxy
U02745,8,12,12,112,成长,False,False,public-derived-with-sequence-proxy
U02746,4,12,12,80,观察,False,False,public-derived-with-sequence-proxy
U02747,5,12,12,88,观察,False,False,public-derived-with-sequence-proxy
U02748,7,12,12,104,成长,False,False,public-derived-with-sequence-proxy
U02749,9,12,12,120,活跃,False,False,public-derived-with-sequence-proxy
U02750,12,12,12,144,核心,False,False,public-derived-with-sequence-proxy
U02751,11,12,12,136,活跃,False,False,public-derived-with-sequence-proxy
U02752,5,12,12,88,观察,False,False,public-derived-with-sequence-proxy
U02753,7,12,12,104,成长,False,False,public-derived-with-sequence-proxy
U02754,8,12,12,112,成长,False,False,public-derived-with-sequence-proxy
U02755,12,12,12,144,核心,False,False,public-derived-with-sequence-proxy
U02756,6,12,12,96,观察,False,False,public-derived-with-sequence-proxy
U02757,4,12,12,80,观察,False,False,public-derived-with-sequence-proxy
U02758,8,12,12,112,成长,False,False,public-derived-with-sequence-proxy
U02759,7,12,12,104,成长,False,False,public-derived-with-sequence-proxy
U02760,9,12,12,120,活跃,False,False,public-derived-with-sequence-proxy
U02761,10,12,12,128,活跃,False,False,public-derived-with-sequence-proxy
U02762,5,12,12,88,观察,False,False,public-derived-with-sequence-proxy
U02763,4,12,12,80,观察,False,False,public-derived-with-sequence-proxy
U02764,12,12,12,144,核心,False,False,public-derived-with-sequence-proxy
U02765,6,12,12,96,观察,False,False,public-derived-with-sequence-proxy
U02766,4,12,12,80,观察,False,False,public-derived-with-sequence-proxy
U02767,8,12,12,112,成长,False,False,public-derived-with-sequence-proxy
U02768,7,12,12,104,成长,False,False,public-derived-with-sequence-proxy
U02769,6,12,12,96,观察,False,False,public-derived-with-sequence-proxy
U02770,10,12,12,128,活跃,False,False,public-derived-with-sequence-proxy
U02771,8,12,12,112,成长,False,False,public-derived-with-sequence-proxy
U02772,8,12,12,112,成长,False,False,public-derived-with-sequence-proxy
U02773,9,12,12,120,活跃,False,False,public-derived-with-sequence-proxy
U02774,7,12,12,104,成长,False,False,public-derived-with-sequence-proxy
U02775,9,12,12,120,活跃,False,False,public-derived-with-sequence-proxy
U02776,10,12,12,128,活跃,False,False,public-derived-with-sequence-proxy
U02777,8,12,12,112,成长,False,False,public-derived-with-sequence-proxy
U02778,12,12,12,144,核心,False,False,public-derived-with-sequence-proxy
U02779,12,12,12,144,核心,False,False,public-derived-with-sequence-proxy
U02780,5,12,12,88,观察,False,False,public-derived-with-sequence-proxy
U02781,4,12,12,80,观察,False,False,public-derived-with-sequence-proxy
U02782,4,12,12,80,观察,False,False,public-derived-with-sequence-proxy
U02783,12,12,12,144,核心,False,False,public-derived-with-sequence-proxy
U02784,11,12,12,136,活跃,False,False,public-derived-with-sequence-proxy
U02785,12,12,12,144,核心,False,False,public-derived-with-sequence-proxy
U02786,7,12,12,104,成长,False,False,public-derived-with-sequence-proxy
U02787,4,12,12,80,观察,False,False,public-derived-with-sequence-proxy
U02788,4,12,12,80,观察,False,False,public-derived-with-sequence-proxy
U02789,6,12,12,96,观察,False,False,public-derived-with-sequence-proxy
U02790,12,12,12,144,核心,False,False,public-derived-with-sequence-proxy
U02791,4,12,12,80,观察,False,False,public-derived-with-sequence-proxy
U02792,5,12,12,88,观察,False,False,public-derived-with-sequence-proxy
U02793,6,12,12,96,观察,False,False,public-derived-with-sequence-proxy
U02794,8,12,12,112,成长,False,False,public-derived-with-sequence-proxy
U02795,12,12,12,144,核心,False,False,public-derived-with-sequence-proxy
U02796,4,12,12,80,观察,False,False,public-derived-with-sequence-proxy
U02797,10,12,12,128,活跃,False,False,public-derived-with-sequence-proxy
U02798,9,12,12,120,活跃,False,False,public-derived-with-sequence-proxy
U02799,11,12,12,136,活跃,False,False,public-derived-with-sequence-proxy
U02800,8,12,12,112,成长,False,False,public-derived-with-sequence-proxy
U02801,12,12,12,144,核心,False,False,public-derived-with-sequence-proxy
U02802,9,12,12,120,活跃,False,False,public-derived-with-sequence-proxy
U02803,12,12,12,144,核心,False,False,public-derived-with-sequence-proxy
U02804,12,12,12,144,核心,False,False,public-derived-with-sequence-proxy
U02805,8,12,12,112,成长,False,False,public-derived-with-sequence-proxy
U02806,6,12,12,96,观察,False,False,public-derived-with-sequence-proxy
U02807,9,12,12,120,活跃,False,False,public-derived-with-sequence-proxy
U02808,8,12,12,112,成长,False,False,public-derived-with-sequence-proxy
U02809,4,12,12,80,观察,False,False,public-derived-with-sequence-proxy
U02810,7,12,12,104,成长,False,False,public-derived-with-sequence-proxy
U02811,4,12,12,80,观察,False,False,public-derived-with-sequence-proxy
U02812,8,12,12,112,成长,False,False,public-derived-with-sequence-proxy
U02813,8,12,12,112,成长,False,False,public-derived-with-sequence-proxy
U02814,5,12,12,88,观察,False,False,public-derived-with-sequence-proxy
U02815,7,12,12,104,成长,False,False,public-derived-with-sequence-proxy
U02816,12,12,12,144,核心,False,False,public-derived-with-sequence-proxy
U02817,10,12,12,128,活跃,False,False,public-derived-with-sequence-proxy
U02818,4,12,12,80,观察,False,False,public-derived-with-sequence-proxy
U02819,12,12,12,144,核心,False,False,public-derived-with-sequence-proxy
U02820,11,12,12,136,活跃,False,False,public-derived-with-sequence-proxy
U02821,8,12,12,112,成长,False,False,public-derived-with-sequence-proxy
U02822,8,12,12,112,成长,False,False,public-derived-with-sequence-proxy
U02823,12,12,12,144,核心,False,False,public-derived-with-sequence-proxy
U02824,8,12,12,112,成长,False,False,public-derived-with-sequence-proxy
U02825,12,12,12,144,核心,False,False,public-derived-with-sequence-proxy
U02826,5,12,12,88,观察,False,False,public-derived-with-sequence-proxy
U02827,12,12,12,144,核心,False,False,public-derived-with-sequence-proxy
U02828,12,12,12,144,核心,False,False,public-derived-with-sequence-proxy
U02829,9,12,12,120,活跃,False,False,public-derived-with-sequence-proxy
U02830,8,12,12,112,成长,False,False,public-derived-with-sequence-proxy
U02831,8,12,12,112,成长,False,False,public-derived-with-sequence-proxy
U02832,12,12,12,144,核心,False,False,public-derived-with-sequence-proxy
U02833,12,12,12,144,核心,False,False,public-derived-with-sequence-proxy
U02834,8,12,12,112,成长,False,False,public-derived-with-sequence-proxy
U02835,6,12,12,96,观察,False,False,public-derived-with-sequence-proxy
U02836,12,12,12,144,核心,False,False,public-derived-with-sequence-proxy
U02837,8,12,12,112,成长,False,False,public-derived-with-sequence-proxy
U02838,12,12,12,144,核心,False,False,public-derived-with-sequence-proxy
U02839,8,12,12,112,成长,False,False,public-derived-with-sequence-proxy
U02840,8,12,12,112,成长,False,False,public-derived-with-sequence-proxy
U02841,7,12,12,104,成长,False,False,public-derived-with-sequence-proxy
U02842,8,12,12,112,成长,False,False,public-derived-with-sequence-proxy
U02843,12,12,12,144,核心,False,False,public-derived-with-sequence-proxy
U02844,5,12,12,88,观察,False,False,public-derived-with-sequence-proxy
U02845,4,12,12,80,观察,False,False,public-derived-with-sequence-proxy
U02846,6,12,12,96,观察,False,False,public-derived-with-sequence-proxy
U02847,11,12,12,136,活跃,False,False,public-derived-with-sequence-proxy
U02848,12,12,12,144,核心,False,False,public-derived-with-sequence-proxy
U02849,5,12,12,88,观察,False,False,public-derived-with-sequence-proxy
U02850,9,12,12,120,活跃,False,False,public-derived-with-sequence-proxy
U02851,5,12,12,88,观察,False,False,public-derived-with-sequence-proxy
U02852,9,12,12,120,活跃,False,False,public-derived-with-sequence-proxy
U02853,12,12,12,144,核心,False,False,public-derived-with-sequence-proxy
U02854,9,12,12,120,活跃,False,False,public-derived-with-sequence-proxy
U02855,7,12,12,104,成长,False,False,public-derived-with-sequence-proxy
U02856,8,12,12,112,成长,False,False,public-derived-with-sequence-proxy
U02857,12,12,12,144,核心,False,False,public-derived-with-sequence-proxy
U02858,6,12,12,96,观察,False,False,public-derived-with-sequence-proxy
U02859,12,12,12,144,核心,False,False,public-derived-with-sequence-proxy
U02860,6,12,12,96,观察,False,False,public-derived-with-sequence-proxy
U02861,4,12,12,80,观察,False,False,public-derived-with-sequence-proxy
U02862,6,12,12,96,观察,False,False,public-derived-with-sequence-proxy
U02863,7,12,12,104,成长,False,False,public-derived-with-sequence-proxy
U02864,7,12,12,104,成长,False,False,public-derived-with-sequence-proxy
U02865,12,12,12,144,核心,False,False,public-derived-with-sequence-proxy
U02866,12,12,12,144,核心,False,False,public-derived-with-sequence-proxy
U02867,12,12,12,144,核心,False,False,public-derived-with-sequence-proxy
U02868,12,12,12,144,核心,False,False,public-derived-with-sequence-proxy
U02869,12,12,12,144,核心,False,False,public-derived-with-sequence-proxy
U02870,8,12,12,112,成长,False,False,public-derived-with-sequence-proxy
U02871,9,12,12,120,活跃,False,False,public-derived-with-sequence-proxy
U02872,4,12,12,80,观察,False,False,public-derived-with-sequence-proxy
U02873,5,12,12,88,观察,False,False,public-derived-with-sequence-proxy
U02874,8,12,12,112,成长,False,False,public-derived-with-sequence-proxy
U02875,12,12,12,144,核心,False,False,public-derived-with-sequence-proxy
U02876,4,12,12,80,观察,False,False,public-derived-with-sequence-proxy
U02877,12,12,12,144,核心,False,False,public-derived-with-sequence-proxy
U02878,12,12,12,144,核心,False,False,public-derived-with-sequence-proxy
U02879,5,12,12,88,观察,False,False,public-derived-with-sequence-proxy
U02880,5,12,12,88,观察,False,False,public-derived-with-sequence-proxy
U02881,7,12,12,104,成长,False,False,public-derived-with-sequence-proxy
U02882,12,12,12,144,核心,False,False,public-derived-with-sequence-proxy
U02883,12,12,12,144,核心,False,False,public-derived-with-sequence-proxy
U02884,8,12,12,112,成长,False,False,public-derived-with-sequence-proxy
U02885,5,12,12,88,观察,False,False,public-derived-with-sequence-proxy
U02886,6,12,12,96,观察,False,False,public-derived-with-sequence-proxy
U02887,8,12,12,112,成长,False,False,public-derived-with-sequence-proxy
U02888,12,12,12,144,核心,False,False,public-derived-with-sequence-proxy
U02889,12,12,12,144,核心,False,False,public-derived-with-sequence-proxy
U02890,6,12,12,96,观察,False,False,public-derived-with-sequence-proxy
U02891,8,12,12,112,成长,False,False,public-derived-with-sequence-proxy
U02892,8,12,12,112,成长,False,False,public-derived-with-sequence-proxy
U02893,8,12,12,112,成长,False,False,public-derived-with-sequence-proxy
U02894,8,12,12,112,成长,False,False,public-derived-with-sequence-proxy
U02895,9,12,12,120,活跃,False,False,public-derived-with-sequence-proxy
U02896,10,12,12,128,活跃,False,False,public-derived-with-sequence-proxy
U02897,5,12,12,88,观察,False,False,public-derived-with-sequence-proxy
U02898,12,12,12,144,核心,False,False,public-derived-with-sequence-proxy
U02899,7,12,12,104,成长,False,False,public-derived-with-sequence-proxy
U02900,9,12,12,120,活跃,False,False,public-derived-with-sequence-proxy
U02901,12,12,12,144,核心,False,False,public-derived-with-sequence-proxy
U02902,12,12,12,144,核心,False,False,public-derived-with-sequence-proxy
U02903,4,12,12,80,观察,False,False,public-derived-with-sequence-proxy
U02904,12,12,12,144,核心,False,False,public-derived-with-sequence-proxy
U02905,12,12,12,144,核心,False,False,public-derived-with-sequence-proxy
U02906,9,12,12,120,活跃,False,False,public-derived-with-sequence-proxy
U02907,9,12,12,120,活跃,False,False,public-derived-with-sequence-proxy
U02908,4,12,12,80,观察,False,False,public-derived-with-sequence-proxy
U02909,5,12,12,88,观察,False,False,public-derived-with-sequence-proxy
U02910,12,12,12,144,核心,False,False,public-derived-with-sequence-proxy
U02911,7,12,12,104,成长,False,False,public-derived-with-sequence-proxy
U02912,12,12,12,144,核心,False,False,public-derived-with-sequence-proxy
U02913,4,12,12,80,观察,False,False,public-derived-with-sequence-proxy
U02914,9,12,12,120,活跃,False,False,public-derived-with-sequence-proxy
U02915,12,12,12,144,核心,False,False,public-derived-with-sequence-proxy
U02916,8,12,12,112,成长,False,False,public-derived-with-sequence-proxy
U02917,12,12,12,144,核心,False,False,public-derived-with-sequence-proxy
U02918,11,12,12,136,活跃,False,False,public-derived-with-sequence-proxy
U02919,12,12,12,144,核心,False,False,public-derived-with-sequence-proxy
U02920,12,12,12,144,核心,False,False,public-derived-with-sequence-proxy
U02921,12,12,12,144,核心,False,False,public-derived-with-sequence-proxy
U02922,4,12,12,80,观察,False,False,public-derived-with-sequence-proxy
U02923,8,12,12,112,成长,False,False,public-derived-with-sequence-proxy
U02924,4,12,12,80,观察,False,False,public-derived-with-sequence-proxy
U02925,12,12,12,144,核心,False,False,public-derived-with-sequence-proxy
U02926,11,12,12,136,活跃,False,False,public-derived-with-sequence-proxy
U02927,12,12,12,144,核心,False,False,public-derived-with-sequence-proxy
U02928,8,12,12,112,成长,False,False,public-derived-with-sequence-proxy
U02929,12,12,12,144,核心,False,False,public-derived-with-sequence-proxy
U02930,12,12,12,144,核心,False,False,public-derived-with-sequence-proxy
U02931,5,12,12,88,观察,False,False,public-derived-with-sequence-proxy
U02932,12,12,12,144,核心,False,False,public-derived-with-sequence-proxy
U02933,12,12,12,144,核心,False,False,public-derived-with-sequence-proxy
U02934,9,12,12,120,活跃,False,False,public-derived-with-sequence-proxy
U02935,9,12,12,120,活跃,False,False,public-derived-with-sequence-proxy
U02936,8,12,12,112,成长,False,False,public-derived-with-sequence-proxy
U02937,5,12,12,88,观察,False,False,public-derived-with-sequence-proxy
U02938,7,12,12,104,成长,False,False,public-derived-with-sequence-proxy
U02939,12,12,12,144,核心,False,False,public-derived-with-sequence-proxy
U02940,5,12,12,88,观察,False,False,public-derived-with-sequence-proxy
U02941,12,12,12,144,核心,False,False,public-derived-with-sequence-proxy
U02942,12,12,12,144,核心,False,False,public-derived-with-sequence-proxy
U02943,8,12,12,112,成长,False,False,public-derived-with-sequence-proxy
U02944,5,12,12,88,观察,False,False,public-derived-with-sequence-proxy
U02945,6,12,12,96,观察,False,False,public-derived-with-sequence-proxy
U02946,8,12,12,112,成长,False,False,public-derived-with-sequence-proxy
U02947,8,12,12,112,成长,False,False,public-derived-with-sequence-proxy
U02948,4,12,12,80,观察,False,False,public-derived-with-sequence-proxy
U02949,12,12,12,144,核心,False,False,public-derived-with-sequence-proxy
U02950,6,12,12,96,观察,False,False,public-derived-with-sequence-proxy
U02951,4,12,12,80,观察,False,False,public-derived-with-sequence-proxy
U02952,4,12,12,80,观察,False,False,public-derived-with-sequence-proxy
U02953,11,12,12,136,活跃,False,False,public-derived-with-sequence-proxy
U02954,9,12,12,120,活跃,False,False,public-derived-with-sequence-proxy
U02955,12,12,12,144,核心,False,False,public-derived-with-sequence-proxy
U02956,12,12,12,144,核心,False,False,public-derived-with-sequence-proxy
U02957,12,12,12,144,核心,False,False,public-derived-with-sequence-proxy
U02958,11,12,12,136,活跃,False,False,public-derived-with-sequence-proxy
U02959,8,12,12,112,成长,False,False,public-derived-with-sequence-proxy
U02960,12,12,12,144,核心,False,False,public-derived-with-sequence-proxy
U02961,8,12,12,112,成长,False,False,public-derived-with-sequence-proxy
U02962,9,12,12,120,活跃,False,False,public-derived-with-sequence-proxy
U02963,8,12,12,112,成长,False,False,public-derived-with-sequence-proxy
U02964,4,12,12,80,观察,False,False,public-derived-with-sequence-proxy
U02965,9,12,12,120,活跃,False,False,public-derived-with-sequence-proxy
U02966,12,12,12,144,核心,False,False,public-derived-with-sequence-proxy
U02967,5,12,12,88,观察,False,False,public-derived-with-sequence-proxy
U02968,8,12,12,112,成长,False,False,public-derived-with-sequence-proxy
U02969,12,12,12,144,核心,False,False,public-derived-with-sequence-proxy
U02970,12,12,12,144,核心,False,False,public-derived-with-sequence-proxy
U02971,12,12,12,144,核心,False,False,public-derived-with-sequence-proxy
U02972,12,12,12,144,核心,False,False,public-derived-with-sequence-proxy
U02973,10,12,12,128,活跃,False,False,public-derived-with-sequence-proxy
U02974,5,12,12,88,观察,False,False,public-derived-with-sequence-proxy
U02975,5,12,12,88,观察,False,False,public-derived-with-sequence-proxy
U02976,8,12,12,112,成长,False,False,public-derived-with-sequence-proxy
U02977,8,12,12,112,成长,False,False,public-derived-with-sequence-proxy
U02978,5,12,12,88,观察,False,False,public-derived-with-sequence-proxy
U02979,8,12,12,112,成长,False,False,public-derived-with-sequence-proxy
U02980,5,12,12,88,观察,False,False,public-derived-with-sequence-proxy
U02981,10,12,12,128,活跃,False,False,public-derived-with-sequence-proxy
U02982,11,12,12,136,活跃,False,False,public-derived-with-sequence-proxy
U02983,5,12,12,88,观察,False,False,public-derived-with-sequence-proxy
U02984,12,12,12,144,核心,False,False,public-derived-with-sequence-proxy
U02985,8,12,12,112,成长,False,False,public-derived-with-sequence-proxy
U02986,11,12,12,136,活跃,False,False,public-derived-with-sequence-proxy
U02987,12,12,12,144,核心,False,False,public-derived-with-sequence-proxy
U02988,12,12,12,144,核心,False,False,public-derived-with-sequence-proxy
U02989,12,12,12,144,核心,False,False,public-derived-with-sequence-proxy
U02990,7,12,12,104,成长,False,False,public-derived-with-sequence-proxy
U02991,11,12,12,136,活跃,False,False,public-derived-with-sequence-proxy
U02992,4,12,12,80,观察,False,False,public-derived-with-sequence-proxy
U02993,12,12,12,144,核心,False,False,public-derived-with-sequence-proxy
U02994,7,12,12,104,成长,False,False,public-derived-with-sequence-proxy
U02995,12,12,12,144,核心,False,False,public-derived-with-sequence-proxy
U02996,12,12,12,144,核心,False,False,public-derived-with-sequence-proxy
U02997,9,12,12,120,活跃,False,False,public-derived-with-sequence-proxy
U02998,12,12,12,144,核心,False,False,public-derived-with-sequence-proxy
U02999,9,12,12,120,活跃,False,False,public-derived-with-sequence-proxy
U03000,6,12,12,96,观察,False,False,public-derived-with-sequence-proxy
U03001,8,12,12,112,成长,False,False,public-derived-with-sequence-proxy
U03002,12,12,12,144,核心,False,False,public-derived-with-sequence-proxy
U03003,12,12,12,144,核心,False,False,public-derived-with-sequence-proxy
U03004,8,12,12,112,成长,False,False,public-derived-with-sequence-proxy
U03005,12,12,12,144,核心,False,False,public-derived-with-sequence-proxy
U03006,12,12,12,144,核心,False,False,public-derived-with-sequence-proxy
U03007,12,12,12,144,核心,False,False,public-derived-with-sequence-proxy
U03008,8,12,12,112,成长,False,False,public-derived-with-sequence-proxy
U03009,8,12,12,112,成长,False,False,public-derived-with-sequence-proxy
U03010,12,12,12,144,核心,False,False,public-derived-with-sequence-proxy
U03011,8,12,12,112,成长,False,False,public-derived-with-sequence-proxy
U03012,8,12,12,112,成长,False,False,public-derived-with-sequence-proxy
U03013,8,12,12,112,成长,False,False,public-derived-with-sequence-proxy
U03014,12,12,12,144,核心,False,False,public-derived-with-sequence-proxy
U03015,9,12,12,120,活跃,False,False,public-derived-with-sequence-proxy
U03016,12,12,12,144,核心,False,False,public-derived-with-sequence-proxy
U03017,8,12,12,112,成长,False,False,public-derived-with-sequence-proxy
U03018,12,12,12,144,核心,False,False,public-derived-with-sequence-proxy
U03019,11,12,12,136,活跃,False,False,public-derived-with-sequence-proxy
U03020,6,12,12,96,观察,False,False,public-derived-with-sequence-proxy
U03021,7,12,12,104,成长,False,False,public-derived-with-sequence-proxy
U03022,7,12,12,104,成长,False,False,public-derived-with-sequence-proxy
U03023,12,12,12,144,核心,False,False,public-derived-with-sequence-proxy
U03024,4,12,12,80,观察,False,False,public-derived-with-sequence-proxy
U03025,4,12,12,80,观察,False,False,public-derived-with-sequence-proxy
U03026,12,12,12,144,核心,False,False,public-derived-with-sequence-proxy
U03027,10,12,12,128,活跃,False,False,public-derived-with-sequence-proxy
U03028,10,12,12,128,活跃,False,False,public-derived-with-sequence-proxy
U03029,7,12,12,104,成长,False,False,public-derived-with-sequence-proxy
U03030,12,12,12,144,核心,False,False,public-derived-with-sequence-proxy
U03031,12,12,12,144,核心,False,False,public-derived-with-sequence-proxy
U03032,6,12,12,96,观察,False,False,public-derived-with-sequence-proxy
U03033,10,12,12,128,活跃,False,False,public-derived-with-sequence-proxy
U03034,9,12,12,120,活跃,False,False,public-derived-with-sequence-proxy
U03035,10,12,12,128,活跃,False,False,public-derived-with-sequence-proxy
U03036,4,12,12,80,观察,False,False,public-derived-with-sequence-proxy
U03037,7,12,12,104,成长,False,False,public-derived-with-sequence-proxy
U03038,12,12,12,144,核心,False,False,public-derived-with-sequence-proxy
U03039,12,12,12,144,核心,False,False,public-derived-with-sequence-proxy
U03040,12,12,12,144,核心,False,False,public-derived-with-sequence-proxy
U03041,9,12,12,120,活跃,False,False,public-derived-with-sequence-proxy
U03042,7,12,12,104,成长,False,False,public-derived-with-sequence-proxy
U03043,6,12,12,96,观察,False,False,public-derived-with-sequence-proxy
U03044,8,12,12,112,成长,False,False,public-derived-with-sequence-proxy
U03045,11,12,12,136,活跃,False,False,public-derived-with-sequence-proxy
U03046,12,12,12,144,核心,False,False,public-derived-with-sequence-proxy
U03047,10,12,12,128,活跃,False,False,public-derived-with-sequence-proxy
U03048,7,12,12,104,成长,False,False,public-derived-with-sequence-proxy
U03049,8,12,12,112,成长,False,False,public-derived-with-sequence-proxy
U03050,6,12,12,96,观察,False,False,public-derived-with-sequence-proxy
U03051,12,12,12,144,核心,False,False,public-derived-with-sequence-proxy
U03052,12,12,12,144,核心,False,False,public-derived-with-sequence-proxy
U03053,8,12,12,112,成长,False,False,public-derived-with-sequence-proxy
U03054,7,12,12,104,成长,False,False,public-derived-with-sequence-proxy
U03055,12,12,12,144,核心,False,False,public-derived-with-sequence-proxy
U03056,6,12,12,96,观察,False,False,public-derived-with-sequence-proxy
U03057,12,12,12,144,核心,False,False,public-derived-with-sequence-proxy
U03058,8,12,12,112,成长,False,False,public-derived-with-sequence-proxy
U03059,7,12,12,104,成长,False,False,public-derived-with-sequence-proxy
U03060,12,12,12,144,核心,False,False,public-derived-with-sequence-proxy
U03061,8,12,12,112,成长,False,False,public-derived-with-sequence-proxy
U03062,7,12,12,104,成长,False,False,public-derived-with-sequence-proxy
U03063,4,12,12,80,观察,False,False,public-derived-with-sequence-proxy
U03064,6,12,12,96,观察,False,False,public-derived-with-sequence-proxy
U03065,9,12,12,120,活跃,False,False,public-derived-with-sequence-proxy
U03066,4,12,12,80,观察,False,False,public-derived-with-sequence-proxy
U03067,12,12,12,144,核心,False,False,public-derived-with-sequence-proxy
U03068,12,12,12,144,核心,False,False,public-derived-with-sequence-proxy
U03069,5,12,12,88,观察,False,False,public-derived-with-sequence-proxy
U03070,12,12,12,144,核心,False,False,public-derived-with-sequence-proxy
U03071,4,12,12,80,观察,False,False,public-derived-with-sequence-proxy
U03072,8,12,12,112,成长,False,False,public-derived-with-sequence-proxy
U03073,12,12,12,144,核心,False,False,public-derived-with-sequence-proxy
U03074,8,12,12,112,成长,False,False,public-derived-with-sequence-proxy
U03075,4,12,12,80,观察,False,False,public-derived-with-sequence-proxy
U03076,10,12,12,128,活跃,False,False,public-derived-with-sequence-proxy
U03077,12,12,12,144,核心,False,False,public-derived-with-sequence-proxy
U03078,12,12,12,144,核心,False,False,public-derived-with-sequence-proxy
U03079,12,12,12,144,核心,False,False,public-derived-with-sequence-proxy
U03080,8,12,12,112,成长,False,False,public-derived-with-sequence-proxy
U03081,8,12,12,112,成长,False,False,public-derived-with-sequence-proxy
U03082,10,12,12,128,活跃,False,False,public-derived-with-sequence-proxy
U03083,11,12,12,136,活跃,False,False,public-derived-with-sequence-proxy
U03084,7,12,12,104,成长,False,False,public-derived-with-sequence-proxy
U03085,12,12,12,144,核心,False,False,public-derived-with-sequence-proxy
U03086,6,12,12,96,观察,False,False,public-derived-with-sequence-proxy
U03087,12,12,12,144,核心,False,False,public-derived-with-sequence-proxy
U03088,6,12,12,96,观察,False,False,public-derived-with-sequence-proxy
U03089,4,12,12,80,观察,False,False,public-derived-with-sequence-proxy
U03090,6,12,12,96,观察,False,False,public-derived-with-sequence-proxy
U03091,7,12,12,104,成长,False,False,public-derived-with-sequence-proxy
U03092,8,12,12,112,成长,False,False,public-derived-with-sequence-proxy
U03093,7,12,12,104,成长,False,False,public-derived-with-sequence-proxy
U03094,11,12,12,136,活跃,False,False,public-derived-with-sequence-proxy
U03095,4,12,12,80,观察,False,False,public-derived-with-sequence-proxy
U03096,7,12,12,104,成长,False,False,public-derived-with-sequence-proxy
U03097,8,12,12,112,成长,False,False,public-derived-with-sequence-proxy
U03098,8,12,12,112,成长,False,False,public-derived-with-sequence-proxy
U03099,6,12,12,96,观察,False,False,public-derived-with-sequence-proxy
U03100,7,12,12,104,成长,False,False,public-derived-with-sequence-proxy
U03101,9,12,12,120,活跃,False,False,public-derived-with-sequence-proxy
U03102,11,12,12,136,活跃,False,False,public-derived-with-sequence-proxy
U03103,4,12,12,80,观察,False,False,public-derived-with-sequence-proxy
U03104,5,12,12,88,观察,False,False,public-derived-with-sequence-proxy
U03105,12,12,12,144,核心,False,False,public-derived-with-sequence-proxy
U03106,12,12,12,144,核心,False,False,public-derived-with-sequence-proxy
U03107,12,12,12,144,核心,False,False,public-derived-with-sequence-proxy
U03108,12,12,12,144,核心,False,False,public-derived-with-sequence-proxy
U03109,5,12,12,88,观察,False,False,public-derived-with-sequence-proxy
U03110,4,12,12,80,观察,False,False,public-derived-with-sequence-proxy
U03111,4,12,12,80,观察,False,False,public-derived-with-sequence-proxy
U03112,4,12,12,80,观察,False,False,public-derived-with-sequence-proxy
U03113,8,12,12,112,成长,False,False,public-derived-with-sequence-proxy
U03114,8,12,12,112,成长,False,False,public-derived-with-sequence-proxy
U03115,4,12,12,80,观察,False,False,public-derived-with-sequence-proxy
U03116,8,12,12,112,成长,False,False,public-derived-with-sequence-proxy
U03117,9,12,12,120,活跃,False,False,public-derived-with-sequence-proxy
U03118,4,12,12,80,观察,False,False,public-derived-with-sequence-proxy
U03119,12,12,12,144,核心,False,False,public-derived-with-sequence-proxy
U03120,8,12,12,112,成长,False,False,public-derived-with-sequence-proxy
U03121,7,12,12,104,成长,False,False,public-derived-with-sequence-proxy
U03122,12,12,12,144,核心,False,False,public-derived-with-sequence-proxy
U03123,12,12,12,144,核心,False,False,public-derived-with-sequence-proxy
U03124,4,12,12,80,观察,False,False,public-derived-with-sequence-proxy
U03125,12,12,12,144,核心,False,False,public-derived-with-sequence-proxy
U03126,12,12,12,144,核心,False,False,public-derived-with-sequence-proxy
U03127,12,12,12,144,核心,False,False,public-derived-with-sequence-proxy
U03128,6,12,12,96,观察,False,False,public-derived-with-sequence-proxy
U03129,4,12,12,80,观察,False,False,public-derived-with-sequence-proxy
U03130,12,12,12,144,核心,False,False,public-derived-with-sequence-proxy
U03131,10,12,12,128,活跃,False,False,public-derived-with-sequence-proxy
U03132,12,12,12,144,核心,False,False,public-derived-with-sequence-proxy
U03133,12,12,12,144,核心,False,False,public-derived-with-sequence-proxy
U03134,12,12,12,144,核心,False,False,public-derived-with-sequence-proxy
U03135,4,12,12,80,观察,False,False,public-derived-with-sequence-proxy
U03136,11,12,12,136,活跃,False,False,public-derived-with-sequence-proxy
U03137,12,12,12,144,核心,False,False,public-derived-with-sequence-proxy
U03138,12,12,12,144,核心,False,False,public-derived-with-sequence-proxy
U03139,12,12,12,144,核心,False,False,public-derived-with-sequence-proxy
U03140,9,12,12,120,活跃,False,False,public-derived-with-sequence-proxy
U03141,9,12,12,120,活跃,False,False,public-derived-with-sequence-proxy
U03142,10,12,12,128,活跃,False,False,public-derived-with-sequence-proxy
U03143,8,12,12,112,成长,False,False,public-derived-with-sequence-proxy
U03144,4,12,12,80,观察,False,False,public-derived-with-sequence-proxy
U03145,9,12,12,120,活跃,False,False,public-derived-with-sequence-proxy
U03146,5,12,12,88,观察,False,False,public-derived-with-sequence-proxy
U03147,10,12,12,128,活跃,False,False,public-derived-with-sequence-proxy
U03148,5,12,12,88,观察,False,False,public-derived-with-sequence-proxy
U03149,8,12,12,112,成长,False,False,public-derived-with-sequence-proxy
U03150,11,12,12,136,活跃,False,False,public-derived-with-sequence-proxy
U03151,6,12,12,96,观察,False,False,public-derived-with-sequence-proxy
U03152,4,12,12,80,观察,False,False,public-derived-with-sequence-proxy
U03153,9,12,12,120,活跃,False,False,public-derived-with-sequence-proxy
U03154,12,12,12,144,核心,False,False,public-derived-with-sequence-proxy
U03155,11,12,12,136,活跃,False,False,public-derived-with-sequence-proxy
U03156,12,12,12,144,核心,False,False,public-derived-with-sequence-proxy
U03157,5,12,12,88,观察,False,False,public-derived-with-sequence-proxy
U03158,8,12,12,112,成长,False,False,public-derived-with-sequence-proxy
U03159,4,12,12,80,观察,False,False,public-derived-with-sequence-proxy
U03160,9,12,12,120,活跃,False,False,public-derived-with-sequence-proxy
U03161,12,12,12,144,核心,False,False,public-derived-with-sequence-proxy
U03162,11,12,12,136,活跃,False,False,public-derived-with-sequence-proxy
U03163,4,12,12,80,观察,False,False,public-derived-with-sequence-proxy
U03164,12,12,12,144,核心,False,False,public-derived-with-sequence-proxy
U03165,12,12,12,144,核心,False,False,public-derived-with-sequence-proxy
U03166,4,12,12,80,观察,False,False,public-derived-with-sequence-proxy
U03167,7,12,12,104,成长,False,False,public-derived-with-sequence-proxy
U03168,12,12,12,144,核心,False,False,public-derived-with-sequence-proxy
U03169,4,12,12,80,观察,False,False,public-derived-with-sequence-proxy
U03170,12,12,12,144,核心,False,False,public-derived-with-sequence-proxy
U03171,12,12,12,144,核心,False,False,public-derived-with-sequence-proxy
U03172,12,12,12,144,核心,False,False,public-derived-with-sequence-proxy
U03173,8,12,12,112,成长,False,False,public-derived-with-sequence-proxy
U03174,9,12,12,120,活跃,False,False,public-derived-with-sequence-proxy
U03175,7,12,12,104,成长,False,False,public-derived-with-sequence-proxy
U03176,8,12,12,112,成长,False,False,public-derived-with-sequence-proxy
U03177,4,12,12,80,观察,False,False,public-derived-with-sequence-proxy
U03178,5,12,12,88,观察,False,False,public-derived-with-sequence-proxy
U03179,4,12,12,80,观察,False,False,public-derived-with-sequence-proxy
U03180,12,12,12,144,核心,False,False,public-derived-with-sequence-proxy
U03181,10,12,12,128,活跃,False,False,public-derived-with-sequence-proxy
U03182,8,12,12,112,成长,False,False,public-derived-with-sequence-proxy
U03183,8,12,12,112,成长,False,False,public-derived-with-sequence-proxy
U03184,4,12,12,80,观察,False,False,public-derived-with-sequence-proxy
U03185,9,12,12,120,活跃,False,False,public-derived-with-sequence-proxy
U03186,8,12,12,112,成长,False,False,public-derived-with-sequence-proxy
U03187,12,12,12,144,核心,False,False,public-derived-with-sequence-proxy
U03188,12,12,12,144,核心,False,False,public-derived-with-sequence-proxy
U03189,8,12,12,112,成长,False,False,public-derived-with-sequence-proxy
U03190,12,12,12,144,核心,False,False,public-derived-with-sequence-proxy
U03191,6,12,12,96,观察,False,False,public-derived-with-sequence-proxy
U03192,12,12,12,144,核心,False,False,public-derived-with-sequence-proxy
U03193,8,12,12,112,成长,False,False,public-derived-with-sequence-proxy
U03194,8,12,12,112,成长,False,False,public-derived-with-sequence-proxy
U03195,10,12,12,128,活跃,False,False,public-derived-with-sequence-proxy
U03196,4,12,12,80,观察,False,False,public-derived-with-sequence-proxy
U03197,12,12,12,144,核心,False,False,public-derived-with-sequence-proxy
U03198,4,12,12,80,观察,False,False,public-derived-with-sequence-proxy
U03199,10,12,12,128,活跃,False,False,public-derived-with-sequence-proxy
U03200,4,12,12,80,观察,False,False,public-derived-with-sequence-proxy
U03201,7,12,12,104,成长,False,False,public-derived-with-sequence-proxy
U03202,6,12,12,96,观察,False,False,public-derived-with-sequence-proxy
U03203,4,12,12,80,观察,False,False,public-derived-with-sequence-proxy
U03204,10,12,12,128,活跃,False,False,public-derived-with-sequence-proxy
U03205,12,12,12,144,核心,False,False,public-derived-with-sequence-proxy
U03206,9,12,12,120,活跃,False,False,public-derived-with-sequence-proxy
U03207,5,12,12,88,观察,False,False,public-derived-with-sequence-proxy
U03208,12,12,12,144,核心,False,False,public-derived-with-sequence-proxy
U03209,11,12,12,136,活跃,False,False,public-derived-with-sequence-proxy
U03210,12,12,12,144,核心,False,False,public-derived-with-sequence-proxy
U03211,9,12,12,120,活跃,False,False,public-derived-with-sequence-proxy
U03212,8,12,12,112,成长,False,False,public-derived-with-sequence-proxy
U03213,9,12,12,120,活跃,False,False,public-derived-with-sequence-proxy
U03214,7,12,12,104,成长,False,False,public-derived-with-sequence-proxy
U03215,5,12,12,88,观察,False,False,public-derived-with-sequence-proxy
U03216,7,12,12,104,成长,False,False,public-derived-with-sequence-proxy
U03217,12,12,12,144,核心,False,False,public-derived-with-sequence-proxy
U03218,7,12,12,104,成长,False,False,public-derived-with-sequence-proxy
U03219,12,12,12,144,核心,False,False,public-derived-with-sequence-proxy
U03220,7,12,12,104,成长,False,False,public-derived-with-sequence-proxy
U03221,6,12,12,96,观察,False,False,public-derived-with-sequence-proxy
U03222,5,12,12,88,观察,False,False,public-derived-with-sequence-proxy
U03223,4,12,12,80,观察,False,False,public-derived-with-sequence-proxy
U03224,12,12,12,144,核心,False,False,public-derived-with-sequence-proxy
U03225,5,12,12,88,观察,False,False,public-derived-with-sequence-proxy
U03226,10,12,12,128,活跃,False,False,public-derived-with-sequence-proxy
U03227,12,12,12,144,核心,False,False,public-derived-with-sequence-proxy
U03228,12,12,12,144,核心,False,False,public-derived-with-sequence-proxy
U03229,12,12,12,144,核心,False,False,public-derived-with-sequence-proxy
U03230,12,12,12,144,核心,False,False,public-derived-with-sequence-proxy
U03231,8,12,12,112,成长,False,False,public-derived-with-sequence-proxy
U03232,12,12,12,144,核心,False,False,public-derived-with-sequence-proxy
U03233,8,12,12,112,成长,False,False,public-derived-with-sequence-proxy
U03234,10,12,12,128,活跃,False,False,public-derived-with-sequence-proxy
U03235,12,12,12,144,核心,False,False,public-derived-with-sequence-proxy
U03236,7,12,12,104,成长,False,False,public-derived-with-sequence-proxy
U03237,12,12,12,144,核心,False,False,public-derived-with-sequence-proxy
U03238,12,12,12,144,核心,False,False,public-derived-with-sequence-proxy
U03239,6,12,12,96,观察,False,False,public-derived-with-sequence-proxy
U03240,5,12,12,88,观察,False,False,public-derived-with-sequence-proxy
U03241,9,12,12,120,活跃,False,False,public-derived-with-sequence-proxy
U03242,5,12,12,88,观察,False,False,public-derived-with-sequence-proxy
U03243,7,12,12,104,成长,False,False,public-derived-with-sequence-proxy
U03244,11,12,12,136,活跃,False,False,public-derived-with-sequence-proxy
U03245,7,12,12,104,成长,False,False,public-derived-with-sequence-proxy
U03246,9,12,12,120,活跃,False,False,public-derived-with-sequence-proxy
U03247,12,12,12,144,核心,False,False,public-derived-with-sequence-proxy
U03248,7,12,12,104,成长,False,False,public-derived-with-sequence-proxy
U03249,9,12,12,120,活跃,False,False,public-derived-with-sequence-proxy
U03250,6,12,12,96,观察,False,False,public-derived-with-sequence-proxy
U03251,6,12,12,96,观察,False,False,public-derived-with-sequence-proxy
U03252,12,12,12,144,核心,False,False,public-derived-with-sequence-proxy
U03253,12,12,12,144,核心,False,False,public-derived-with-sequence-proxy
U03254,6,12,12,96,观察,False,False,public-derived-with-sequence-proxy
U03255,5,12,12,88,观察,False,False,public-derived-with-sequence-proxy
U03256,6,12,12,96,观察,False,False,public-derived-with-sequence-proxy
U03257,10,12,12,128,活跃,False,False,public-derived-with-sequence-proxy
U03258,7,12,12,104,成长,False,False,public-derived-with-sequence-proxy
U03259,4,12,12,80,观察,False,False,public-derived-with-sequence-proxy
U03260,8,12,12,112,成长,False,False,public-derived-with-sequence-proxy
U03261,12,12,12,144,核心,False,False,public-derived-with-sequence-proxy
U03262,12,12,12,144,核心,False,False,public-derived-with-sequence-proxy
U03263,8,12,12,112,成长,False,False,public-derived-with-sequence-proxy
U03264,4,12,12,80,观察,False,False,public-derived-with-sequence-proxy
U03265,9,12,12,120,活跃,False,False,public-derived-with-sequence-proxy
U03266,4,12,12,80,观察,False,False,public-derived-with-sequence-proxy
U03267,12,12,12,144,核心,False,False,public-derived-with-sequence-proxy
U03268,5,12,12,88,观察,False,False,public-derived-with-sequence-proxy
U03269,9,12,12,120,活跃,False,False,public-derived-with-sequence-proxy
U03270,6,12,12,96,观察,False,False,public-derived-with-sequence-proxy
U03271,9,12,12,120,活跃,False,False,public-derived-with-sequence-proxy
U03272,12,12,12,144,核心,False,False,public-derived-with-sequence-proxy
U03273,12,12,12,144,核心,False,False,public-derived-with-sequence-proxy
U03274,4,12,12,80,观察,False,False,public-derived-with-sequence-proxy
U03275,12,12,12,144,核心,False,False,public-derived-with-sequence-proxy
U03276,10,12,12,128,活跃,False,False,public-derived-with-sequence-proxy
U03277,10,12,12,128,活跃,False,False,public-derived-with-sequence-proxy
U03278,12,12,12,144,核心,False,False,public-derived-with-sequence-proxy
U03279,12,12,12,144,核心,False,False,public-derived-with-sequence-proxy
U03280,4,12,12,80,观察,False,False,public-derived-with-sequence-proxy
U03281,4,12,12,80,观察,False,False,public-derived-with-sequence-proxy
U03282,8,12,12,112,成长,False,False,public-derived-with-sequence-proxy
U03283,12,12,12,144,核心,False,False,public-derived-with-sequence-proxy
U03284,12,12,12,144,核心,False,False,public-derived-with-sequence-proxy
U03285,12,12,12,144,核心,False,False,public-derived-with-sequence-proxy
U03286,4,12,12,80,观察,False,False,public-derived-with-sequence-proxy
U03287,10,12,12,128,活跃,False,False,public-derived-with-sequence-proxy
U03288,9,12,12,120,活跃,False,False,public-derived-with-sequence-proxy
U03289,12,12,12,144,核心,False,False,public-derived-with-sequence-proxy
U03290,12,12,12,144,核心,False,False,public-derived-with-sequence-proxy
U03291,5,12,12,88,观察,False,False,public-derived-with-sequence-proxy
U03292,12,12,12,144,核心,False,False,public-derived-with-sequence-proxy
U03293,10,12,12,128,活跃,False,False,public-derived-with-sequence-proxy
U03294,9,12,12,120,活跃,False,False,public-derived-with-sequence-proxy
U03295,8,12,12,112,成长,False,False,public-derived-with-sequence-proxy
U03296,12,12,12,144,核心,False,False,public-derived-with-sequence-proxy
U03297,12,12,12,144,核心,False,False,public-derived-with-sequence-proxy
U03298,4,12,12,80,观察,False,False,public-derived-with-sequence-proxy
U03299,4,12,12,80,观察,False,False,public-derived-with-sequence-proxy
U03300,8,12,12,112,成长,False,False,public-derived-with-sequence-proxy
U03301,12,12,12,144,核心,False,False,public-derived-with-sequence-proxy
U03302,12,12,12,144,核心,False,False,public-derived-with-sequence-proxy
U03303,7,12,12,104,成长,False,False,public-derived-with-sequence-proxy
U03304,12,12,12,144,核心,False,False,public-derived-with-sequence-proxy
U03305,12,12,12,144,核心,False,False,public-derived-with-sequence-proxy
U03306,12,12,12,144,核心,False,False,public-derived-with-sequence-proxy
U03307,12,12,12,144,核心,False,False,public-derived-with-sequence-proxy
U03308,11,12,12,136,活跃,False,False,public-derived-with-sequence-proxy
U03309,11,12,12,136,活跃,False,False,public-derived-with-sequence-proxy
U03310,8,12,12,112,成长,False,False,public-derived-with-sequence-proxy
U03311,12,12,12,144,核心,False,False,public-derived-with-sequence-proxy
U03312,12,12,12,144,核心,False,False,public-derived-with-sequence-proxy
U03313,8,12,12,112,成长,False,False,public-derived-with-sequence-proxy
U03314,12,12,12,144,核心,False,False,public-derived-with-sequence-proxy
U03315,12,12,12,144,核心,False,False,public-derived-with-sequence-proxy
U03316,8,12,12,112,成长,False,False,public-derived-with-sequence-proxy
U03317,12,12,12,144,核心,False,False,public-derived-with-sequence-proxy
U03318,11,12,12,136,活跃,False,False,public-derived-with-sequence-proxy
U03319,12,12,12,144,核心,False,False,public-derived-with-sequence-proxy
U03320,4,12,12,80,观察,False,False,public-derived-with-sequence-proxy
U03321,8,12,12,112,成长,False,False,public-derived-with-sequence-proxy
U03322,7,12,12,104,成长,False,False,public-derived-with-sequence-proxy
U03323,10,12,12,128,活跃,False,False,public-derived-with-sequence-proxy
U03324,6,12,12,96,观察,False,False,public-derived-with-sequence-proxy
U03325,12,12,12,144,核心,False,False,public-derived-with-sequence-proxy
U03326,4,12,12,80,观察,False,False,public-derived-with-sequence-proxy
U03327,5,12,12,88,观察,False,False,public-derived-with-sequence-proxy
U03328,4,12,12,80,观察,False,False,public-derived-with-sequence-proxy
U03329,11,12,12,136,活跃,False,False,public-derived-with-sequence-proxy
U03330,12,12,12,144,核心,False,False,public-derived-with-sequence-proxy
U03331,4,12,12,80,观察,False,False,public-derived-with-sequence-proxy
U03332,8,12,12,112,成长,False,False,public-derived-with-sequence-proxy
U03333,12,12,12,144,核心,False,False,public-derived-with-sequence-proxy
U03334,4,12,12,80,观察,False,False,public-derived-with-sequence-proxy
U03335,4,12,12,80,观察,False,False,public-derived-with-sequence-proxy
U03336,11,12,12,136,活跃,False,False,public-derived-with-sequence-proxy
U03337,7,12,12,104,成长,False,False,public-derived-with-sequence-proxy
U03338,12,12,12,144,核心,False,False,public-derived-with-sequence-proxy
U03339,12,12,12,144,核心,False,False,public-derived-with-sequence-proxy
U03340,5,12,12,88,观察,False,False,public-derived-with-sequence-proxy
U03341,4,12,12,80,观察,False,False,public-derived-with-sequence-proxy
U03342,12,12,12,144,核心,False,False,public-derived-with-sequence-proxy
U03343,12,12,12,144,核心,False,False,public-derived-with-sequence-proxy
U03344,10,12,12,128,活跃,False,False,public-derived-with-sequence-proxy
U03345,6,12,12,96,观察,False,False,public-derived-with-sequence-proxy
U03346,6,12,12,96,观察,False,False,public-derived-with-sequence-proxy
U03347,12,12,12,144,核心,False,False,public-derived-with-sequence-proxy
U03348,4,12,12,80,观察,False,False,public-derived-with-sequence-proxy
U03349,4,12,12,80,观察,False,False,public-derived-with-sequence-proxy
U03350,10,12,12,128,活跃,False,False,public-derived-with-sequence-proxy
U03351,7,12,12,104,成长,False,False,public-derived-with-sequence-proxy
U03352,11,12,12,136,活跃,False,False,public-derived-with-sequence-proxy
U03353,12,12,12,144,核心,False,False,public-derived-with-sequence-proxy
U03354,12,12,12,144,核心,False,False,public-derived-with-sequence-proxy
U03355,11,12,12,136,活跃,False,False,public-derived-with-sequence-proxy
U03356,11,12,12,136,活跃,False,False,public-derived-with-sequence-proxy
U03357,7,12,12,104,成长,False,False,public-derived-with-sequence-proxy
U03358,4,12,12,80,观察,False,False,public-derived-with-sequence-proxy
U03359,8,12,12,112,成长,False,False,public-derived-with-sequence-proxy
U03360,11,12,12,136,活跃,False,False,public-derived-with-sequence-proxy
U03361,7,12,12,104,成长,False,False,public-derived-with-sequence-proxy
U03362,4,12,12,80,观察,False,False,public-derived-with-sequence-proxy
U03363,8,12,12,112,成长,False,False,public-derived-with-sequence-proxy
U03364,8,12,12,112,成长,False,False,public-derived-with-sequence-proxy
U03365,4,12,12,80,观察,False,False,public-derived-with-sequence-proxy
U03366,4,12,12,80,观察,False,False,public-derived-with-sequence-proxy
U03367,11,12,12,136,活跃,False,False,public-derived-with-sequence-proxy
U03368,8,12,12,112,成长,False,False,public-derived-with-sequence-proxy
U03369,5,12,12,88,观察,False,False,public-derived-with-sequence-proxy
U03370,12,12,12,144,核心,False,False,public-derived-with-sequence-proxy
U03371,5,12,12,88,观察,False,False,public-derived-with-sequence-proxy
U03372,8,12,12,112,成长,False,False,public-derived-with-sequence-proxy
U03373,10,12,12,128,活跃,False,False,public-derived-with-sequence-proxy
U03374,7,12,12,104,成长,False,False,public-derived-with-sequence-proxy
U03375,9,12,12,120,活跃,False,False,public-derived-with-sequence-proxy
U03376,9,12,12,120,活跃,False,False,public-derived-with-sequence-proxy
U03377,12,12,12,144,核心,False,False,public-derived-with-sequence-proxy
U03378,12,12,12,144,核心,False,False,public-derived-with-sequence-proxy
U03379,6,12,12,96,观察,False,False,public-derived-with-sequence-proxy
U03380,12,12,12,144,核心,False,False,public-derived-with-sequence-proxy
U03381,11,12,12,136,活跃,False,False,public-derived-with-sequence-proxy
U03382,5,12,12,88,观察,False,False,public-derived-with-sequence-proxy
U03383,9,12,12,120,活跃,False,False,public-derived-with-sequence-proxy
U03384,10,12,12,128,活跃,False,False,public-derived-with-sequence-proxy
U03385,10,12,12,128,活跃,False,False,public-derived-with-sequence-proxy
U03386,5,12,12,88,观察,False,False,public-derived-with-sequence-proxy
U03387,12,12,12,144,核心,False,False,public-derived-with-sequence-proxy
U03388,6,12,12,96,观察,False,False,public-derived-with-sequence-proxy
U03389,8,12,12,112,成长,False,False,public-derived-with-sequence-proxy
U03390,12,12,12,144,核心,False,False,public-derived-with-sequence-proxy
U03391,12,12,12,144,核心,False,False,public-derived-with-sequence-proxy
U03392,8,12,12,112,成长,False,False,public-derived-with-sequence-proxy
U03393,12,12,12,144,核心,False,False,public-derived-with-sequence-proxy
U03394,8,12,12,112,成长,False,False,public-derived-with-sequence-proxy
U03395,10,12,12,128,活跃,False,False,public-derived-with-sequence-proxy
U03396,4,12,12,80,观察,False,False,public-derived-with-sequence-proxy
U03397,7,12,12,104,成长,False,False,public-derived-with-sequence-proxy
U03398,11,12,12,136,活跃,False,False,public-derived-with-sequence-proxy
U03399,7,12,12,104,成长,False,False,public-derived-with-sequence-proxy
U03400,10,12,12,128,活跃,False,False,public-derived-with-sequence-proxy
U03401,4,12,12,80,观察,False,False,public-derived-with-sequence-proxy
U03402,4,12,12,80,观察,False,False,public-derived-with-sequence-proxy
U03403,11,12,12,136,活跃,False,False,public-derived-with-sequence-proxy
U03404,8,12,12,112,成长,False,False,public-derived-with-sequence-proxy
U03405,4,12,12,80,观察,False,False,public-derived-with-sequence-proxy
U03406,6,12,12,96,观察,False,False,public-derived-with-sequence-proxy
U03407,8,12,12,112,成长,False,False,public-derived-with-sequence-proxy
U03408,8,12,12,112,成长,False,False,public-derived-with-sequence-proxy
U03409,8,12,12,112,成长,False,False,public-derived-with-sequence-proxy
U03410,12,12,12,144,核心,False,False,public-derived-with-sequence-proxy
U03411,4,12,12,80,观察,False,False,public-derived-with-sequence-proxy
U03412,12,12,12,144,核心,False,False,public-derived-with-sequence-proxy
U03413,12,12,12,144,核心,False,False,public-derived-with-sequence-proxy
U03414,9,12,12,120,活跃,False,False,public-derived-with-sequence-proxy
U03415,11,12,12,136,活跃,False,False,public-derived-with-sequence-proxy
U03416,12,12,12,144,核心,False,False,public-derived-with-sequence-proxy
U03417,8,12,12,112,成长,False,False,public-derived-with-sequence-proxy
U03418,4,12,12,80,观察,False,False,public-derived-with-sequence-proxy
U03419,12,12,12,144,核心,False,False,public-derived-with-sequence-proxy
U03420,8,12,12,112,成长,False,False,public-derived-with-sequence-proxy
U03421,7,12,12,104,成长,False,False,public-derived-with-sequence-proxy
U03422,12,12,12,144,核心,False,False,public-derived-with-sequence-proxy
U03423,12,12,12,144,核心,False,False,public-derived-with-sequence-proxy
U03424,12,12,12,144,核心,False,False,public-derived-with-sequence-proxy
U03425,8,12,12,112,成长,False,False,public-derived-with-sequence-proxy
U03426,6,12,12,96,成长,False,False,public-derived-with-sequence-proxy
U03427,7,12,12,104,成长,False,False,public-derived-with-sequence-proxy
U03428,8,12,12,112,成长,False,False,public-derived-with-sequence-proxy
U03429,6,12,12,96,成长,False,False,public-derived-with-sequence-proxy
U03430,12,12,12,144,核心,False,False,public-derived-with-sequence-proxy
U03431,12,12,12,144,核心,False,False,public-derived-with-sequence-proxy
U03432,6,12,12,96,成长,False,False,public-derived-with-sequence-proxy
U03433,6,12,12,96,成长,False,False,public-derived-with-sequence-proxy
U03434,8,12,12,112,成长,False,False,public-derived-with-sequence-proxy
U03435,10,12,12,128,活跃,False,False,public-derived-with-sequence-proxy
U03436,5,12,12,88,观察,False,False,public-derived-with-sequence-proxy
U03437,6,12,12,96,成长,False,False,public-derived-with-sequence-proxy
U03438,4,12,12,80,观察,False,False,public-derived-with-sequence-proxy
U03439,6,12,12,96,成长,False,False,public-derived-with-sequence-proxy
U03440,7,12,12,104,成长,False,False,public-derived-with-sequence-proxy
U03441,12,12,12,144,核心,False,False,public-derived-with-sequence-proxy
U03442,12,12,12,144,核心,False,False,public-derived-with-sequence-proxy
U03443,4,12,12,80,观察,False,False,public-derived-with-sequence-proxy
U03444,12,12,12,144,核心,False,False,public-derived-with-sequence-proxy
U03445,7,12,12,104,成长,False,False,public-derived-with-sequence-proxy
U03446,12,12,12,144,核心,False,False,public-derived-with-sequence-proxy
U03447,9,12,12,120,活跃,False,False,public-derived-with-sequence-proxy
U03448,7,12,12,104,成长,False,False,public-derived-with-sequence-proxy
U03449,4,12,12,80,观察,False,False,public-derived-with-sequence-proxy
U03450,12,12,12,144,核心,False,False,public-derived-with-sequence-proxy
U03451,12,12,12,144,核心,False,False,public-derived-with-sequence-proxy
U03452,4,12,12,80,观察,False,False,public-derived-with-sequence-proxy
U03453,5,12,12,88,观察,False,False,public-derived-with-sequence-proxy
U03454,4,12,12,80,观察,False,False,public-derived-with-sequence-proxy
U03455,12,12,12,144,核心,False,False,public-derived-with-sequence-proxy
U03456,8,12,12,112,成长,False,False,public-derived-with-sequence-proxy
U03457,12,12,12,144,核心,False,False,public-derived-with-sequence-proxy
U03458,12,12,12,144,核心,False,False,public-derived-with-sequence-proxy
U03459,12,12,12,144,核心,False,False,public-derived-with-sequence-proxy
U03460,12,12,12,144,核心,False,False,public-derived-with-sequence-proxy
U03461,8,12,12,112,成长,False,False,public-derived-with-sequence-proxy
U03462,10,12,12,128,活跃,False,False,public-derived-with-sequence-proxy
U03463,6,12,12,96,成长,False,False,public-derived-with-sequence-proxy
U03464,7,12,12,104,成长,False,False,public-derived-with-sequence-proxy
U03465,6,12,12,96,成长,False,False,public-derived-with-sequence-proxy
U03466,4,12,12,80,观察,False,False,public-derived-with-sequence-proxy
U03467,10,12,12,128,活跃,False,False,public-derived-with-sequence-proxy
U03468,9,12,12,120,活跃,False,False,public-derived-with-sequence-proxy
U03469,11,12,12,136,活跃,False,False,public-derived-with-sequence-proxy
U03470,6,12,12,96,成长,False,False,public-derived-with-sequence-proxy
U03471,12,12,12,144,核心,False,False,public-derived-with-sequence-proxy
U03472,11,12,12,136,活跃,False,False,public-derived-with-sequence-proxy
U03473,12,12,12,144,核心,False,False,public-derived-with-sequence-proxy
U03474,8,12,12,112,成长,False,False,public-derived-with-sequence-proxy
U03475,7,12,12,104,成长,False,False,public-derived-with-sequence-proxy
U03476,12,12,12,144,核心,False,False,public-derived-with-sequence-proxy
U03477,8,12,12,112,成长,False,False,public-derived-with-sequence-proxy
U03478,8,12,12,112,成长,False,False,public-derived-with-sequence-proxy
U03479,8,12,12,112,成长,False,False,public-derived-with-sequence-proxy
U03480,11,12,12,136,活跃,False,False,public-derived-with-sequence-proxy
U03481,4,12,12,80,观察,False,False,public-derived-with-sequence-proxy
U03482,8,12,12,112,成长,False,False,public-derived-with-sequence-proxy
U03483,4,12,12,80,观察,False,False,public-derived-with-sequence-proxy
U03484,6,12,12,96,成长,False,False,public-derived-with-sequence-proxy
U03485,8,12,12,112,成长,False,False,public-derived-with-sequence-proxy
U03486,11,12,12,136,活跃,False,False,public-derived-with-sequence-proxy
U03487,10,12,12,128,活跃,False,False,public-derived-with-sequence-proxy
U03488,9,12,12,120,活跃,False,False,public-derived-with-sequence-proxy
U03489,12,12,12,144,核心,False,False,public-derived-with-sequence-proxy
U03490,10,12,12,128,活跃,False,False,public-derived-with-sequence-proxy
U03491,9,12,12,120,活跃,False,False,public-derived-with-sequence-proxy
U03492,6,12,12,96,成长,False,False,public-derived-with-sequence-proxy
U03493,10,12,12,128,活跃,False,False,public-derived-with-sequence-proxy
U03494,8,12,12,112,成长,False,False,public-derived-with-sequence-proxy
U03495,12,12,12,144,核心,False,False,public-derived-with-sequence-proxy
U03496,11,12,12,136,活跃,False,False,public-derived-with-sequence-proxy
U03497,12,12,12,144,核心,False,False,public-derived-with-sequence-proxy
U03498,8,12,12,112,成长,False,False,public-derived-with-sequence-proxy
U03499,12,12,12,144,核心,False,False,public-derived-with-sequence-proxy
U03500,10,12,12,128,活跃,False,False,public-derived-with-sequence-proxy
U03501,12,12,12,144,核心,False,False,public-derived-with-sequence-proxy
U03502,5,12,12,88,观察,False,False,public-derived-with-sequence-proxy
U03503,8,12,12,112,成长,False,False,public-derived-with-sequence-proxy
U03504,4,12,12,80,观察,False,False,public-derived-with-sequence-proxy
U03505,12,12,12,144,核心,False,False,public-derived-with-sequence-proxy
U03506,12,12,12,144,核心,False,False,public-derived-with-sequence-proxy
U03507,9,12,12,120,活跃,False,False,public-derived-with-sequence-proxy
U03508,12,12,12,144,核心,False,False,public-derived-with-sequence-proxy
U03509,10,12,12,128,活跃,False,False,public-derived-with-sequence-proxy
U03510,4,12,12,80,观察,False,False,public-derived-with-sequence-proxy
U03511,12,12,12,144,核心,False,False,public-derived-with-sequence-proxy
U03512,8,12,12,112,成长,False,False,public-derived-with-sequence-proxy
U03513,4,12,12,80,观察,False,False,public-derived-with-sequence-proxy
U03514,12,12,12,144,核心,False,False,public-derived-with-sequence-proxy
U03515,5,12,12,88,观察,False,False,public-derived-with-sequence-proxy
U03516,6,12,12,96,成长,False,False,public-derived-with-sequence-proxy
U03517,6,12,12,96,成长,False,False,public-derived-with-sequence-proxy
U03518,12,12,12,144,核心,False,False,public-derived-with-sequence-proxy
U03519,4,12,12,80,观察,False,False,public-derived-with-sequence-proxy
U03520,12,12,12,144,核心,False,False,public-derived-with-sequence-proxy
U03521,12,12,12,144,核心,False,False,public-derived-with-sequence-proxy
U03522,10,12,12,128,活跃,False,False,public-derived-with-sequence-proxy
U03523,10,12,12,128,活跃,False,False,public-derived-with-sequence-proxy
U03524,10,12,12,128,活跃,False,False,public-derived-with-sequence-proxy
U03525,12,12,12,144,核心,False,False,public-derived-with-sequence-proxy
U03526,12,12,12,144,核心,False,False,public-derived-with-sequence-proxy
U03527,9,12,12,120,活跃,False,False,public-derived-with-sequence-proxy
U03528,10,12,12,128,活跃,False,False,public-derived-with-sequence-proxy
U03529,12,12,12,144,核心,False,False,public-derived-with-sequence-proxy
U03530,12,12,12,144,核心,False,False,public-derived-with-sequence-proxy
U03531,12,12,12,144,核心,False,False,public-derived-with-sequence-proxy
U03532,12,12,12,144,核心,False,False,public-derived-with-sequence-proxy
U03533,12,12,12,144,核心,False,False,public-derived-with-sequence-proxy
U03534,12,12,12,144,核心,False,False,public-derived-with-sequence-proxy
U03535,12,12,12,144,核心,False,False,public-derived-with-sequence-proxy
U03536,9,12,12,120,活跃,False,False,public-derived-with-sequence-proxy
U03537,4,12,12,80,观察,False,False,public-derived-with-sequence-proxy
U03538,8,12,12,112,成长,False,False,public-derived-with-sequence-proxy
U03539,12,12,12,144,核心,False,False,public-derived-with-sequence-proxy
U03540,9,12,12,120,活跃,False,False,public-derived-with-sequence-proxy
U03541,12,12,12,144,核心,False,False,public-derived-with-sequence-proxy
U03542,10,12,12,128,活跃,False,False,public-derived-with-sequence-proxy
U03543,4,12,12,80,观察,False,False,public-derived-with-sequence-proxy
U03544,11,12,12,136,活跃,False,False,public-derived-with-sequence-proxy
U03545,11,12,12,136,活跃,False,False,public-derived-with-sequence-proxy
U03546,12,12,12,144,核心,False,False,public-derived-with-sequence-proxy
U03547,12,12,12,144,核心,False,False,public-derived-with-sequence-proxy
U03548,5,12,12,88,观察,False,False,public-derived-with-sequence-proxy
U03549,4,12,12,80,观察,False,False,public-derived-with-sequence-proxy
U03550,8,12,12,112,成长,False,False,public-derived-with-sequence-proxy
U03551,8,12,12,112,成长,False,False,public-derived-with-sequence-proxy
U03552,6,12,12,96,成长,False,False,public-derived-with-sequence-proxy
U03553,12,12,12,144,核心,False,False,public-derived-with-sequence-proxy
U03554,8,12,12,112,成长,False,False,public-derived-with-sequence-proxy
U03555,10,12,12,128,活跃,False,False,public-derived-with-sequence-proxy
U03556,12,12,12,144,核心,False,False,public-derived-with-sequence-proxy
U03557,12,12,12,144,核心,False,False,public-derived-with-sequence-proxy
U03558,12,12,12,144,核心,False,False,public-derived-with-sequence-proxy
U03559,4,12,12,80,观察,False,False,public-derived-with-sequence-proxy
U03560,5,12,12,88,观察,False,False,public-derived-with-sequence-proxy
U03561,9,12,12,120,活跃,False,False,public-derived-with-sequence-proxy
U03562,12,12,12,144,核心,False,False,public-derived-with-sequence-proxy
U03563,11,12,12,136,活跃,False,False,public-derived-with-sequence-proxy
U03564,12,12,12,144,核心,False,False,public-derived-with-sequence-proxy
U03565,4,12,12,80,观察,False,False,public-derived-with-sequence-proxy
U03566,12,12,12,144,核心,False,False,public-derived-with-sequence-proxy
U03567,12,12,12,144,核心,False,False,public-derived-with-sequence-proxy
U03568,12,12,12,144,核心,False,False,public-derived-with-sequence-proxy
U03569,12,12,12,144,核心,False,False,public-derived-with-sequence-proxy
U03570,7,12,12,104,成长,False,False,public-derived-with-sequence-proxy
U03571,6,12,12,96,成长,False,False,public-derived-with-sequence-proxy
U03572,9,12,12,120,活跃,False,False,public-derived-with-sequence-proxy
U03573,5,12,12,88,观察,False,False,public-derived-with-sequence-proxy
U03574,7,12,12,104,成长,False,False,public-derived-with-sequence-proxy
U03575,12,12,12,144,核心,False,False,public-derived-with-sequence-proxy
U03576,8,12,12,112,成长,False,False,public-derived-with-sequence-proxy
U03577,10,12,12,128,活跃,False,False,public-derived-with-sequence-proxy
U03578,7,12,12,104,成长,False,False,public-derived-with-sequence-proxy
U03579,11,12,12,136,活跃,False,False,public-derived-with-sequence-proxy
U03580,8,12,12,112,成长,False,False,public-derived-with-sequence-proxy
U03581,4,12,12,80,观察,False,False,public-derived-with-sequence-proxy
U03582,6,12,12,96,成长,False,False,public-derived-with-sequence-proxy
U03583,8,12,12,112,成长,False,False,public-derived-with-sequence-proxy
U03584,12,12,12,144,核心,False,False,public-derived-with-sequence-proxy
U03585,12,12,12,144,核心,False,False,public-derived-with-sequence-proxy
U03586,6,12,12,96,成长,False,False,public-derived-with-sequence-proxy
U03587,8,12,12,112,成长,False,False,public-derived-with-sequence-proxy
U03588,10,12,12,128,活跃,False,False,public-derived-with-sequence-proxy
U03589,12,12,12,144,核心,False,False,public-derived-with-sequence-proxy
U03590,8,12,12,112,成长,False,False,public-derived-with-sequence-proxy
U03591,9,12,12,120,活跃,False,False,public-derived-with-sequence-proxy
U03592,10,12,12,128,活跃,False,False,public-derived-with-sequence-proxy
U03593,12,12,12,144,核心,False,False,public-derived-with-sequence-proxy
U03594,7,12,12,104,成长,False,False,public-derived-with-sequence-proxy
U03595,5,12,12,88,观察,False,False,public-derived-with-sequence-proxy
U03596,9,12,12,120,活跃,False,False,public-derived-with-sequence-proxy
U03597,6,12,12,96,成长,False,False,public-derived-with-sequence-proxy
U03598,12,12,12,144,核心,False,False,public-derived-with-sequence-proxy
U03599,12,12,12,144,核心,False,False,public-derived-with-sequence-proxy
U03600,8,12,12,112,成长,False,False,public-derived-with-sequence-proxy
U03601,6,12,12,96,成长,False,False,public-derived-with-sequence-proxy
U03602,4,12,12,80,观察,False,False,public-derived-with-sequence-proxy
U03603,9,12,12,120,活跃,False,False,public-derived-with-sequence-proxy
U03604,6,12,12,96,成长,False,False,public-derived-with-sequence-proxy
U03605,12,12,12,144,核心,False,False,public-derived-with-sequence-proxy
U03606,6,12,12,96,成长,False,False,public-derived-with-sequence-proxy
U03607,12,12,12,144,核心,False,False,public-derived-with-sequence-proxy
U03608,8,12,12,112,成长,False,False,public-derived-with-sequence-proxy
U03609,12,12,12,144,核心,False,False,public-derived-with-sequence-proxy
U03610,5,12,12,88,观察,False,False,public-derived-with-sequence-proxy
U03611,6,12,12,96,成长,False,False,public-derived-with-sequence-proxy
U03612,5,12,12,88,观察,False,False,public-derived-with-sequence-proxy
U03613,8,12,12,112,成长,False,False,public-derived-with-sequence-proxy
U03614,9,12,12,120,活跃,False,False,public-derived-with-sequence-proxy
U03615,8,12,12,112,成长,False,False,public-derived-with-sequence-proxy
U03616,11,12,12,136,活跃,False,False,public-derived-with-sequence-proxy
U03617,6,12,12,96,成长,False,False,public-derived-with-sequence-proxy
U03618,12,12,12,144,核心,False,False,public-derived-with-sequence-proxy
U03619,12,12,12,144,核心,False,False,public-derived-with-sequence-proxy
U03620,9,12,12,120,活跃,False,False,public-derived-with-sequence-proxy
U03621,12,12,12,144,核心,False,False,public-derived-with-sequence-proxy
U03622,9,12,12,120,活跃,False,False,public-derived-with-sequence-proxy
U03623,12,12,12,144,核心,False,False,public-derived-with-sequence-proxy
U03624,7,12,12,104,成长,False,False,public-derived-with-sequence-proxy
U03625,5,12,12,88,观察,False,False,public-derived-with-sequence-proxy
U03626,4,12,12,80,观察,False,False,public-derived-with-sequence-proxy
U03627,11,12,12,136,活跃,False,False,public-derived-with-sequence-proxy
U03628,12,12,12,144,核心,False,False,public-derived-with-sequence-proxy
U03629,12,12,12,144,核心,False,False,public-derived-with-sequence-proxy
U03630,8,12,12,112,成长,False,False,public-derived-with-sequence-proxy
U03631,12,12,12,144,核心,False,False,public-derived-with-sequence-proxy
U03632,9,12,12,120,活跃,False,False,public-derived-with-sequence-proxy
U03633,8,12,12,112,成长,False,False,public-derived-with-sequence-proxy
U03634,6,12,12,96,成长,False,False,public-derived-with-sequence-proxy
U03635,11,12,12,136,活跃,False,False,public-derived-with-sequence-proxy
U03636,12,12,12,144,核心,False,False,public-derived-with-sequence-proxy
U03637,12,12,12,144,核心,False,False,public-derived-with-sequence-proxy
U03638,8,12,12,112,成长,False,False,public-derived-with-sequence-proxy
U03639,4,12,12,80,观察,False,False,public-derived-with-sequence-proxy
U03640,6,12,12,96,成长,False,False,public-derived-with-sequence-proxy
U03641,12,12,12,144,核心,False,False,public-derived-with-sequence-proxy
U03642,12,12,12,144,核心,False,False,public-derived-with-sequence-proxy
U03643,12,12,12,144,核心,False,False,public-derived-with-sequence-proxy
U03644,10,12,12,128,活跃,False,False,public-derived-with-sequence-proxy
U03645,12,12,12,144,核心,False,False,public-derived-with-sequence-proxy
U03646,8,12,12,112,成长,False,False,public-derived-with-sequence-proxy
U03647,6,12,12,96,成长,False,False,public-derived-with-sequence-proxy
U03648,8,12,12,112,成长,False,False,public-derived-with-sequence-proxy
U03649,12,12,12,144,核心,False,False,public-derived-with-sequence-proxy
U03650,4,12,12,80,观察,False,False,public-derived-with-sequence-proxy
U03651,9,12,12,120,活跃,False,False,public-derived-with-sequence-proxy
U03652,5,12,12,88,观察,False,False,public-derived-with-sequence-proxy
U03653,4,12,12,80,观察,False,False,public-derived-with-sequence-proxy
U03654,9,12,12,120,活跃,False,False,public-derived-with-sequence-proxy
U03655,10,12,12,128,活跃,False,False,public-derived-with-sequence-proxy
U03656,8,12,12,112,成长,False,False,public-derived-with-sequence-proxy
U03657,12,12,12,144,核心,False,False,public-derived-with-sequence-proxy
U03658,4,12,12,80,观察,False,False,public-derived-with-sequence-proxy
U03659,8,12,12,112,成长,False,False,public-derived-with-sequence-proxy
U03660,6,12,12,96,成长,False,False,public-derived-with-sequence-proxy
U03661,6,12,12,96,成长,False,False,public-derived-with-sequence-proxy
U03662,6,12,12,96,成长,False,False,public-derived-with-sequence-proxy
U03663,12,12,12,144,核心,False,False,public-derived-with-sequence-proxy
U03664,9,12,12,120,活跃,False,False,public-derived-with-sequence-proxy
U03665,8,12,12,112,成长,False,False,public-derived-with-sequence-proxy
U03666,10,12,12,128,活跃,False,False,public-derived-with-sequence-proxy
U03667,6,12,12,96,成长,False,False,public-derived-with-sequence-proxy
U03668,12,12,12,144,核心,False,False,public-derived-with-sequence-proxy
U03669,7,12,12,104,成长,False,False,public-derived-with-sequence-proxy
U03670,8,12,12,112,成长,False,False,public-derived-with-sequence-proxy
U03671,11,12,12,136,活跃,False,False,public-derived-with-sequence-proxy
U03672,12,12,12,144,核心,False,False,public-derived-with-sequence-proxy
U03673,10,12,12,128,活跃,False,False,public-derived-with-sequence-proxy
U03674,7,12,12,104,成长,False,False,public-derived-with-sequence-proxy
U03675,12,12,12,144,核心,False,False,public-derived-with-sequence-proxy
U03676,7,12,12,104,成长,False,False,public-derived-with-sequence-proxy
U03677,12,12,12,144,核心,False,False,public-derived-with-sequence-proxy
U03678,5,12,12,88,观察,False,False,public-derived-with-sequence-proxy
U03679,7,12,12,104,成长,False,False,public-derived-with-sequence-proxy
U03680,6,12,12,96,成长,False,False,public-derived-with-sequence-proxy
U03681,5,12,12,88,观察,False,False,public-derived-with-sequence-proxy
U03682,7,12,12,104,成长,False,False,public-derived-with-sequence-proxy
U03683,4,12,12,80,观察,False,False,public-derived-with-sequence-proxy
U03684,12,12,12,144,核心,False,False,public-derived-with-sequence-proxy
U03685,4,12,12,80,观察,False,False,public-derived-with-sequence-proxy
U03686,11,12,12,136,活跃,False,False,public-derived-with-sequence-proxy
U03687,4,12,12,80,观察,False,False,public-derived-with-sequence-proxy
U03688,8,12,12,112,成长,False,False,public-derived-with-sequence-proxy
U03689,12,12,12,144,核心,False,False,public-derived-with-sequence-proxy
U03690,7,12,12,104,成长,False,False,public-derived-with-sequence-proxy
U03691,7,12,12,104,成长,False,False,public-derived-with-sequence-proxy
U03692,6,12,12,96,成长,False,False,public-derived-with-sequence-proxy
U03693,12,12,12,144,核心,False,False,public-derived-with-sequence-proxy
U03694,8,12,12,112,成长,False,False,public-derived-with-sequence-proxy
U03695,4,12,12,80,观察,False,False,public-derived-with-sequence-proxy
U03696,8,12,12,112,成长,False,False,public-derived-with-sequence-proxy
U03697,8,12,12,112,成长,False,False,public-derived-with-sequence-proxy
U03698,6,12,12,96,成长,False,False,public-derived-with-sequence-proxy
U03699,5,12,12,88,观察,False,False,public-derived-with-sequence-proxy
U03700,11,12,12,136,活跃,False,False,public-derived-with-sequence-proxy
U03701,12,12,12,144,核心,False,False,public-derived-with-sequence-proxy
U03702,8,12,12,112,成长,False,False,public-derived-with-sequence-proxy
U03703,5,12,12,88,观察,False,False,public-derived-with-sequence-proxy
U03704,12,12,12,144,核心,False,False,public-derived-with-sequence-proxy
U03705,12,12,12,144,核心,False,False,public-derived-with-sequence-proxy
U03706,8,12,12,112,成长,False,False,public-derived-with-sequence-proxy
U03707,12,12,12,144,核心,False,False,public-derived-with-sequence-proxy
U03708,6,12,12,96,成长,False,False,public-derived-with-sequence-proxy
U03709,12,12,12,144,核心,False,False,public-derived-with-sequence-proxy
U03710,12,12,12,144,核心,False,False,public-derived-with-sequence-proxy
U03711,7,12,12,104,成长,False,False,public-derived-with-sequence-proxy
U03712,12,12,12,144,核心,False,False,public-derived-with-sequence-proxy
U03713,12,12,12,144,核心,False,False,public-derived-with-sequence-proxy
U03714,11,12,12,136,活跃,False,False,public-derived-with-sequence-proxy
U03715,4,12,12,80,观察,False,False,public-derived-with-sequence-proxy
U03716,6,12,12,96,成长,False,False,public-derived-with-sequence-proxy
U03717,12,12,12,144,核心,False,False,public-derived-with-sequence-proxy
U03718,8,12,12,112,成长,False,False,public-derived-with-sequence-proxy
U03719,12,12,12,144,核心,False,False,public-derived-with-sequence-proxy
U03720,6,12,12,96,成长,False,False,public-derived-with-sequence-proxy
U03721,12,12,12,144,核心,False,False,public-derived-with-sequence-proxy
U03722,12,12,12,144,核心,False,False,public-derived-with-sequence-proxy
U03723,12,12,12,144,核心,False,False,public-derived-with-sequence-proxy
U03724,6,12,12,96,成长,False,False,public-derived-with-sequence-proxy
U03725,10,12,12,128,活跃,False,False,public-derived-with-sequence-proxy
U03726,6,12,12,96,成长,False,False,public-derived-with-sequence-proxy
U03727,11,12,12,136,活跃,False,False,public-derived-with-sequence-proxy
U03728,4,12,12,80,观察,False,False,public-derived-with-sequence-proxy
U03729,5,12,12,88,观察,False,False,public-derived-with-sequence-proxy
U03730,11,12,12,136,活跃,False,False,public-derived-with-sequence-proxy
U03731,9,12,12,120,活跃,False,False,public-derived-with-sequence-proxy
U03732,12,12,12,144,核心,False,False,public-derived-with-sequence-proxy
U03733,9,12,12,120,活跃,False,False,public-derived-with-sequence-proxy
U03734,12,12,12,144,核心,False,False,public-derived-with-sequence-proxy
U03735,11,12,12,136,活跃,False,False,public-derived-with-sequence-proxy
U03736,12,12,12,144,核心,False,False,public-derived-with-sequence-proxy
U03737,4,12,12,80,观察,False,False,public-derived-with-sequence-proxy
U03738,4,12,12,80,观察,False,False,public-derived-with-sequence-proxy
U03739,9,12,12,120,活跃,False,False,public-derived-with-sequence-proxy
U03740,8,12,12,112,成长,False,False,public-derived-with-sequence-proxy
U03741,11,12,12,136,活跃,False,False,public-derived-with-sequence-proxy
U03742,8,12,12,112,成长,False,False,public-derived-with-sequence-proxy
U03743,6,12,12,96,成长,False,False,public-derived-with-sequence-proxy
U03744,11,12,12,136,活跃,False,False,public-derived-with-sequence-proxy
U03745,5,12,12,88,观察,False,False,public-derived-with-sequence-proxy
U03746,6,12,12,96,成长,False,False,public-derived-with-sequence-proxy
U03747,12,12,12,144,核心,False,False,public-derived-with-sequence-proxy
U03748,12,12,12,144,核心,False,False,public-derived-with-sequence-proxy
U03749,8,12,12,112,成长,False,False,public-derived-with-sequence-proxy
U03750,4,12,12,80,观察,False,False,public-derived-with-sequence-proxy
U03751,4,12,12,80,观察,False,False,public-derived-with-sequence-proxy
U03752,8,12,12,112,成长,False,False,public-derived-with-sequence-proxy
U03753,10,12,12,128,活跃,False,False,public-derived-with-sequence-proxy
U03754,12,12,12,144,核心,False,False,public-derived-with-sequence-proxy
U03755,12,12,12,144,核心,False,False,public-derived-with-sequence-proxy
U03756,7,12,12,104,成长,False,False,public-derived-with-sequence-proxy
U03757,7,12,12,104,成长,False,False,public-derived-with-sequence-proxy
U03758,12,12,12,144,核心,False,False,public-derived-with-sequence-proxy
U03759,6,12,12,96,成长,False,False,public-derived-with-sequence-proxy
U03760,4,12,12,80,观察,False,False,public-derived-with-sequence-proxy
U03761,4,12,12,80,观察,False,False,public-derived-with-sequence-proxy
U03762,5,12,12,88,观察,False,False,public-derived-with-sequence-proxy
U03763,12,12,12,144,核心,False,False,public-derived-with-sequence-proxy
U03764,6,12,12,96,成长,False,False,public-derived-with-sequence-proxy
U03765,12,12,12,144,核心,False,False,public-derived-with-sequence-proxy
U03766,11,12,12,136,活跃,False,False,public-derived-with-sequence-proxy
U03767,12,12,12,144,核心,False,False,public-derived-with-sequence-proxy
U03768,11,12,12,136,活跃,False,False,public-derived-with-sequence-proxy
U03769,9,12,12,120,活跃,False,False,public-derived-with-sequence-proxy
U03770,12,12,12,144,核心,False,False,public-derived-with-sequence-proxy
U03771,8,12,12,112,成长,False,False,public-derived-with-sequence-proxy
U03772,8,12,12,112,成长,False,False,public-derived-with-sequence-proxy
U03773,11,12,12,136,活跃,False,False,public-derived-with-sequence-proxy
U03774,10,12,12,128,活跃,False,False,public-derived-with-sequence-proxy
U03775,12,12,12,144,核心,False,False,public-derived-with-sequence-proxy
U03776,6,12,12,96,成长,False,False,public-derived-with-sequence-proxy
U03777,8,12,12,112,成长,False,False,public-derived-with-sequence-proxy
U03778,12,12,12,144,核心,False,False,public-derived-with-sequence-proxy
U03779,11,12,12,136,活跃,False,False,public-derived-with-sequence-proxy
U03780,7,12,12,104,成长,False,False,public-derived-with-sequence-proxy
U03781,7,12,12,104,成长,False,False,public-derived-with-sequence-proxy
U03782,9,12,12,120,活跃,False,False,public-derived-with-sequence-proxy
U03783,12,12,12,144,核心,False,False,public-derived-with-sequence-proxy
U03784,7,12,12,104,成长,False,False,public-derived-with-sequence-proxy
U03785,12,12,12,144,核心,False,False,public-derived-with-sequence-proxy
U03786,12,12,12,144,核心,False,False,public-derived-with-sequence-proxy
U03787,12,12,12,144,核心,False,False,public-derived-with-sequence-proxy
U03788,6,12,12,96,成长,False,False,public-derived-with-sequence-proxy
U03789,12,12,12,144,核心,False,False,public-derived-with-sequence-proxy
U03790,11,12,12,136,活跃,False,False,public-derived-with-sequence-proxy
U03791,9,12,12,120,活跃,False,False,public-derived-with-sequence-proxy
U03792,9,12,12,120,活跃,False,False,public-derived-with-sequence-proxy
U03793,7,12,12,104,成长,False,False,public-derived-with-sequence-proxy
U03794,8,12,12,112,成长,False,False,public-derived-with-sequence-proxy
U03795,8,12,12,112,成长,False,False,public-derived-with-sequence-proxy
U03796,12,12,12,144,核心,False,False,public-derived-with-sequence-proxy
U03797,4,12,12,80,观察,False,False,public-derived-with-sequence-proxy
U03798,5,12,12,88,观察,False,False,public-derived-with-sequence-proxy
U03799,7,12,12,104,成长,False,False,public-derived-with-sequence-proxy
U03800,6,12,12,96,成长,False,False,public-derived-with-sequence-proxy
U03801,9,12,12,120,活跃,False,False,public-derived-with-sequence-proxy
U03802,7,12,12,104,成长,False,False,public-derived-with-sequence-proxy
U03803,12,12,12,144,核心,False,False,public-derived-with-sequence-proxy
U03804,11,12,12,136,活跃,False,False,public-derived-with-sequence-proxy
U03805,4,12,12,80,观察,False,False,public-derived-with-sequence-proxy
U03806,4,12,12,80,观察,False,False,public-derived-with-sequence-proxy
U03807,8,12,12,112,成长,False,False,public-derived-with-sequence-proxy
U03808,8,12,12,112,成长,False,False,public-derived-with-sequence-proxy
U03809,4,12,12,80,观察,False,False,public-derived-with-sequence-proxy
U03810,8,12,12,112,成长,False,False,public-derived-with-sequence-proxy
U03811,12,12,12,144,核心,False,False,public-derived-with-sequence-proxy
U03812,11,12,12,136,活跃,False,False,public-derived-with-sequence-proxy
U03813,12,12,12,144,核心,False,False,public-derived-with-sequence-proxy
U03814,4,12,12,80,观察,False,False,public-derived-with-sequence-proxy
U03815,4,12,12,80,观察,False,False,public-derived-with-sequence-proxy
U03816,7,12,12,104,成长,False,False,public-derived-with-sequence-proxy
U03817,12,12,12,144,核心,False,False,public-derived-with-sequence-proxy
U03818,8,12,12,112,成长,False,False,public-derived-with-sequence-proxy
U03819,7,12,12,104,成长,False,False,public-derived-with-sequence-proxy
U03820,10,12,12,128,活跃,False,False,public-derived-with-sequence-proxy
U03821,12,12,12,144,核心,False,False,public-derived-with-sequence-proxy
U03822,12,12,12,144,核心,False,False,public-derived-with-sequence-proxy
U03823,6,12,12,96,成长,False,False,public-derived-with-sequence-proxy
U03824,8,12,12,112,成长,False,False,public-derived-with-sequence-proxy
U03825,10,12,12,128,活跃,False,False,public-derived-with-sequence-proxy
U03826,10,12,12,128,活跃,False,False,public-derived-with-sequence-proxy
U03827,6,12,12,96,成长,False,False,public-derived-with-sequence-proxy
U03828,12,12,12,144,核心,False,False,public-derived-with-sequence-proxy
U03829,8,12,12,112,成长,False,False,public-derived-with-sequence-proxy
U03830,12,12,12,144,核心,False,False,public-derived-with-sequence-proxy
U03831,12,12,12,144,核心,False,False,public-derived-with-sequence-proxy
U03832,12,12,12,144,核心,False,False,public-derived-with-sequence-proxy
U03833,12,12,12,144,核心,False,False,public-derived-with-sequence-proxy
U03834,12,12,12,144,核心,False,False,public-derived-with-sequence-proxy
U03835,12,12,12,144,核心,False,False,public-derived-with-sequence-proxy
U03836,7,12,12,104,成长,False,False,public-derived-with-sequence-proxy
U03837,8,12,12,112,成长,False,False,public-derived-with-sequence-proxy
U03838,4,12,12,80,观察,False,False,public-derived-with-sequence-proxy
U03839,8,12,12,112,成长,False,False,public-derived-with-sequence-proxy
U03840,8,12,12,112,成长,False,False,public-derived-with-sequence-proxy
U03841,8,12,12,112,成长,False,False,public-derived-with-sequence-proxy
U03842,12,12,12,144,核心,False,False,public-derived-with-sequence-proxy
U03843,6,12,12,96,成长,False,False,public-derived-with-sequence-proxy
U03844,10,12,12,128,活跃,False,False,public-derived-with-sequence-proxy
U03845,12,12,12,144,核心,False,False,public-derived-with-sequence-proxy
U03846,8,12,12,112,成长,False,False,public-derived-with-sequence-proxy
U03847,10,12,12,128,活跃,False,False,public-derived-with-sequence-proxy
U03848,8,12,12,112,成长,False,False,public-derived-with-sequence-proxy
U03849,7,12,12,104,成长,False,False,public-derived-with-sequence-proxy
U03850,12,12,12,144,核心,False,False,public-derived-with-sequence-proxy
U03851,10,12,12,128,活跃,False,False,public-derived-with-sequence-proxy
U03852,12,12,12,144,核心,False,False,public-derived-with-sequence-proxy
U03853,6,12,12,96,成长,False,False,public-derived-with-sequence-proxy
U03854,6,12,12,96,成长,False,False,public-derived-with-sequence-proxy
U03855,9,12,12,120,活跃,False,False,public-derived-with-sequence-proxy
U03856,4,12,12,80,观察,False,False,public-derived-with-sequence-proxy
U03857,4,12,12,80,观察,False,False,public-derived-with-sequence-proxy
U03858,7,12,12,104,成长,False,False,public-derived-with-sequence-proxy
U03859,12,12,12,144,核心,False,False,public-derived-with-sequence-proxy
U03860,12,12,12,144,核心,False,False,public-derived-with-sequence-proxy
U03861,10,12,12,128,活跃,False,False,public-derived-with-sequence-proxy
U03862,9,12,12,120,活跃,False,False,public-derived-with-sequence-proxy
U03863,5,12,12,88,观察,False,False,public-derived-with-sequence-proxy
U03864,4,12,12,80,观察,False,False,public-derived-with-sequence-proxy
U03865,7,12,12,104,成长,False,False,public-derived-with-sequence-proxy
U03866,12,12,12,144,核心,False,False,public-derived-with-sequence-proxy
U03867,4,12,12,80,观察,False,False,public-derived-with-sequence-proxy
U03868,12,12,12,144,核心,False,False,public-derived-with-sequence-proxy
U03869,9,12,12,120,活跃,False,False,public-derived-with-sequence-proxy
U03870,8,12,12,112,成长,False,False,public-derived-with-sequence-proxy
U03871,6,12,12,96,成长,False,False,public-derived-with-sequence-proxy
U03872,12,12,12,144,核心,False,False,public-derived-with-sequence-proxy
U03873,8,12,12,112,成长,False,False,public-derived-with-sequence-proxy
U03874,12,12,12,144,核心,False,False,public-derived-with-sequence-proxy
U03875,12,12,12,144,核心,False,False,public-derived-with-sequence-proxy
U03876,4,12,12,80,观察,False,False,public-derived-with-sequence-proxy
U03877,12,12,12,144,核心,False,False,public-derived-with-sequence-proxy
U03878,4,12,12,80,观察,False,False,public-derived-with-sequence-proxy
U03879,7,12,12,104,成长,False,False,public-derived-with-sequence-proxy
U03880,8,12,12,112,成长,False,False,public-derived-with-sequence-proxy
U03881,12,12,12,144,核心,False,False,public-derived-with-sequence-proxy
U03882,8,12,12,112,成长,False,False,public-derived-with-sequence-proxy
U03883,4,12,12,80,观察,False,False,public-derived-with-sequence-proxy
U03884,8,12,12,112,成长,False,False,public-derived-with-sequence-proxy
U03885,12,12,12,144,核心,False,False,public-derived-with-sequence-proxy
U03886,7,12,12,104,成长,False,False,public-derived-with-sequence-proxy
U03887,7,12,12,104,成长,False,False,public-derived-with-sequence-proxy
U03888,12,12,12,144,核心,False,False,public-derived-with-sequence-proxy
U03889,12,12,12,144,核心,False,False,public-derived-with-sequence-proxy
U03890,12,12,12,144,核心,False,False,public-derived-with-sequence-proxy
U03891,10,12,12,128,活跃,False,False,public-derived-with-sequence-proxy
U03892,10,12,12,128,活跃,False,False,public-derived-with-sequence-proxy
U03893,12,12,12,144,核心,False,False,public-derived-with-sequence-proxy
U03894,10,12,12,128,活跃,False,False,public-derived-with-sequence-proxy
U03895,5,12,12,88,观察,False,False,public-derived-with-sequence-proxy
U03896,8,12,12,112,成长,False,False,public-derived-with-sequence-proxy
U03897,8,12,12,112,成长,False,False,public-derived-with-sequence-proxy
U03898,8,12,12,112,成长,False,False,public-derived-with-sequence-proxy
U03899,8,12,12,112,成长,False,False,public-derived-with-sequence-proxy
U03900,11,12,12,136,活跃,False,False,public-derived-with-sequence-proxy
U03901,4,12,12,80,观察,False,False,public-derived-with-sequence-proxy
U03902,5,12,12,88,观察,False,False,public-derived-with-sequence-proxy
U03903,12,12,12,144,核心,False,False,public-derived-with-sequence-proxy
U03904,10,12,12,128,活跃,False,False,public-derived-with-sequence-proxy
U03905,10,12,12,128,活跃,False,False,public-derived-with-sequence-proxy
U03906,8,12,12,112,成长,False,False,public-derived-with-sequence-proxy
U03907,12,12,12,144,核心,False,False,public-derived-with-sequence-proxy
U03908,12,12,12,144,核心,False,False,public-derived-with-sequence-proxy
U03909,4,12,12,80,观察,False,False,public-derived-with-sequence-proxy
U03910,5,12,12,88,观察,False,False,public-derived-with-sequence-proxy
U03911,8,12,12,112,成长,False,False,public-derived-with-sequence-proxy
U03912,8,12,12,112,成长,False,False,public-derived-with-sequence-proxy
U03913,11,12,12,136,活跃,False,False,public-derived-with-sequence-proxy
U03914,8,12,12,112,成长,False,False,public-derived-with-sequence-proxy
U03915,8,12,12,112,成长,False,False,public-derived-with-sequence-proxy
U03916,12,12,12,144,核心,False,False,public-derived-with-sequence-proxy
U03917,5,12,12,88,观察,False,False,public-derived-with-sequence-proxy
U03918,8,12,12,112,成长,False,False,public-derived-with-sequence-proxy
U03919,12,12,12,144,核心,False,False,public-derived-with-sequence-proxy
U03920,12,12,12,144,核心,False,False,public-derived-with-sequence-proxy
U03921,8,12,12,112,成长,False,False,public-derived-with-sequence-proxy
U03922,9,12,12,120,活跃,False,False,public-derived-with-sequence-proxy
U03923,10,12,12,128,活跃,False,False,public-derived-with-sequence-proxy
U03924,11,12,12,136,活跃,False,False,public-derived-with-sequence-proxy
U03925,5,12,12,88,观察,False,False,public-derived-with-sequence-proxy
U03926,5,12,12,88,观察,False,False,public-derived-with-sequence-proxy
U03927,12,12,12,144,核心,False,False,public-derived-with-sequence-proxy
U03928,10,12,12,128,活跃,False,False,public-derived-with-sequence-proxy
U03929,4,12,12,80,观察,False,False,public-derived-with-sequence-proxy
U03930,11,12,12,136,活跃,False,False,public-derived-with-sequence-proxy
U03931,12,12,12,144,核心,False,False,public-derived-with-sequence-proxy
U03932,12,12,12,144,核心,False,False,public-derived-with-sequence-proxy
U03933,10,12,12,128,活跃,False,False,public-derived-with-sequence-proxy
U03934,8,12,12,112,成长,False,False,public-derived-with-sequence-proxy
U03935,5,12,12,88,观察,False,False,public-derived-with-sequence-proxy
U03936,12,12,12,144,核心,False,False,public-derived-with-sequence-proxy
U03937,5,12,12,88,观察,False,False,public-derived-with-sequence-proxy
U03938,12,12,12,144,核心,False,False,public-derived-with-sequence-proxy
U03939,11,12,12,136,活跃,False,False,public-derived-with-sequence-proxy
U03940,12,12,12,144,核心,False,False,public-derived-with-sequence-proxy
U03941,12,12,12,144,核心,False,False,public-derived-with-sequence-proxy
U03942,5,12,12,88,观察,False,False,public-derived-with-sequence-proxy
U03943,12,12,12,144,核心,False,False,public-derived-with-sequence-proxy
U03944,8,12,12,112,成长,False,False,public-derived-with-sequence-proxy
U03945,6,12,12,96,成长,False,False,public-derived-with-sequence-proxy
U03946,12,12,12,144,核心,False,False,public-derived-with-sequence-proxy
U03947,11,12,12,136,活跃,False,False,public-derived-with-sequence-proxy
U03948,5,12,12,88,观察,False,False,public-derived-with-sequence-proxy
U03949,12,12,12,144,核心,False,False,public-derived-with-sequence-proxy
U03950,12,12,12,144,核心,False,False,public-derived-with-sequence-proxy
U03951,12,12,12,144,核心,False,False,public-derived-with-sequence-proxy
U03952,8,12,12,112,成长,False,False,public-derived-with-sequence-proxy
U03953,9,12,12,120,活跃,False,False,public-derived-with-sequence-proxy
U03954,7,12,12,104,成长,False,False,public-derived-with-sequence-proxy
U03955,5,12,12,88,观察,False,False,public-derived-with-sequence-proxy
U03956,8,12,12,112,成长,False,False,public-derived-with-sequence-proxy
U03957,12,12,12,144,核心,False,False,public-derived-with-sequence-proxy
U03958,4,12,12,80,观察,False,False,public-derived-with-sequence-proxy
U03959,12,12,12,144,核心,False,False,public-derived-with-sequence-proxy
U03960,12,12,12,144,核心,False,False,public-derived-with-sequence-proxy
U03961,7,12,12,104,成长,False,False,public-derived-with-sequence-proxy
U03962,4,12,12,80,观察,False,False,public-derived-with-sequence-proxy
U03963,7,12,12,104,成长,False,False,public-derived-with-sequence-proxy
U03964,8,12,12,112,成长,False,False,public-derived-with-sequence-proxy
U03965,9,12,12,120,活跃,False,False,public-derived-with-sequence-proxy
U03966,4,12,12,80,观察,False,False,public-derived-with-sequence-proxy
U03967,11,12,12,136,活跃,False,False,public-derived-with-sequence-proxy
U03968,8,12,12,112,成长,False,False,public-derived-with-sequence-proxy
U03969,12,12,12,144,核心,False,False,public-derived-with-sequence-proxy
U03970,7,12,12,104,成长,False,False,public-derived-with-sequence-proxy
U03971,7,12,12,104,成长,False,False,public-derived-with-sequence-proxy
U03972,6,12,12,96,成长,False,False,public-derived-with-sequence-proxy
U03973,10,12,12,128,活跃,False,False,public-derived-with-sequence-proxy
U03974,12,12,12,144,核心,False,False,public-derived-with-sequence-proxy
U03975,4,12,12,80,观察,False,False,public-derived-with-sequence-proxy
U03976,9,12,12,120,活跃,False,False,public-derived-with-sequence-proxy
U03977,4,12,12,80,观察,False,False,public-derived-with-sequence-proxy
U03978,4,12,12,80,观察,False,False,public-derived-with-sequence-proxy
U03979,12,12,12,144,核心,False,False,public-derived-with-sequence-proxy
U03980,11,12,12,136,活跃,False,False,public-derived-with-sequence-proxy
U03981,11,12,12,136,活跃,False,False,public-derived-with-sequence-proxy
U03982,12,12,12,144,核心,False,False,public-derived-with-sequence-proxy
U03983,5,12,12,88,观察,False,False,public-derived-with-sequence-proxy
U03984,7,12,12,104,成长,False,False,public-derived-with-sequence-proxy
U03985,4,12,12,80,观察,False,False,public-derived-with-sequence-proxy
U03986,12,12,12,144,核心,False,False,public-derived-with-sequence-proxy
U03987,4,12,12,80,观察,False,False,public-derived-with-sequence-proxy
U03988,12,12,12,144,核心,False,False,public-derived-with-sequence-proxy
U03989,10,12,12,128,活跃,False,False,public-derived-with-sequence-proxy
U03990,12,12,12,144,核心,False,False,public-derived-with-sequence-proxy
U03991,7,12,12,104,成长,False,False,public-derived-with-sequence-proxy
U03992,12,12,12,144,核心,False,False,public-derived-with-sequence-proxy
U03993,6,12,12,96,成长,False,False,public-derived-with-sequence-proxy
U03994,8,12,12,112,成长,False,False,public-derived-with-sequence-proxy
U03995,4,12,12,80,观察,False,False,public-derived-with-sequence-proxy
U03996,11,12,12,136,活跃,False,False,public-derived-with-sequence-proxy
U03997,7,12,12,104,成长,False,False,public-derived-with-sequence-proxy
U03998,12,12,12,144,核心,False,False,public-derived-with-sequence-proxy
U03999,12,12,12,144,核心,False,False,public-derived-with-sequence-proxy
U04000,4,12,12,80,观察,False,False,public-derived-with-sequence-proxy
U04001,8,12,12,112,成长,False,False,public-derived-with-sequence-proxy
U04002,7,12,12,104,成长,False,False,public-derived-with-sequence-proxy
U04003,5,12,12,88,观察,False,False,public-derived-with-sequence-proxy
U04004,6,12,12,96,成长,False,False,public-derived-with-sequence-proxy
U04005,11,12,12,136,活跃,False,False,public-derived-with-sequence-proxy
U04006,6,12,12,96,成长,False,False,public-derived-with-sequence-proxy
U04007,6,12,12,96,成长,False,False,public-derived-with-sequence-proxy
U04008,6,12,12,96,成长,False,False,public-derived-with-sequence-proxy
U04009,6,12,12,96,成长,False,False,public-derived-with-sequence-proxy
U04010,12,12,12,144,核心,False,False,public-derived-with-sequence-proxy
U04011,8,12,12,112,成长,False,False,public-derived-with-sequence-proxy
U04012,8,12,12,112,成长,False,False,public-derived-with-sequence-proxy
U04013,8,12,12,112,成长,False,False,public-derived-with-sequence-proxy
U04014,12,12,12,144,核心,False,False,public-derived-with-sequence-proxy
U04015,7,12,12,104,成长,False,False,public-derived-with-sequence-proxy
U04016,9,12,12,120,活跃,False,False,public-derived-with-sequence-proxy
U04017,12,12,12,144,核心,False,False,public-derived-with-sequence-proxy
U04018,12,12,12,144,核心,False,False,public-derived-with-sequence-proxy
U04019,6,12,12,96,成长,False,False,public-derived-with-sequence-proxy
U04020,8,12,12,112,成长,False,False,public-derived-with-sequence-proxy
U04021,4,12,12,80,观察,False,False,public-derived-with-sequence-proxy
U04022,5,12,12,88,观察,False,False,public-derived-with-sequence-proxy
U04023,5,12,12,88,观察,False,False,public-derived-with-sequence-proxy
U04024,4,12,12,80,观察,False,False,public-derived-with-sequence-proxy
U04025,8,12,12,112,成长,False,False,public-derived-with-sequence-proxy
U04026,10,12,12,128,活跃,False,False,public-derived-with-sequence-proxy
U04027,4,12,12,80,观察,False,False,public-derived-with-sequence-proxy
U04028,4,12,12,80,观察,False,False,public-derived-with-sequence-proxy
U04029,8,12,12,112,成长,False,False,public-derived-with-sequence-proxy
U04030,10,12,12,128,活跃,False,False,public-derived-with-sequence-proxy
U04031,4,12,12,80,观察,False,False,public-derived-with-sequence-proxy
U04032,12,12,12,144,核心,False,False,public-derived-with-sequence-proxy
U04033,8,12,12,112,成长,False,False,public-derived-with-sequence-proxy
U04034,5,12,12,88,观察,False,False,public-derived-with-sequence-proxy
U04035,6,12,12,96,成长,False,False,public-derived-with-sequence-proxy
U04036,6,12,12,96,成长,False,False,public-derived-with-sequence-proxy
U04037,7,12,12,104,成长,False,False,public-derived-with-sequence-proxy
U04038,12,12,12,144,核心,False,False,public-derived-with-sequence-proxy
U04039,12,12,12,144,核心,False,False,public-derived-with-sequence-proxy
U04040,6,12,12,96,成长,False,False,public-derived-with-sequence-proxy
U04041,5,12,12,88,观察,False,False,public-derived-with-sequence-proxy
U04042,10,12,12,128,活跃,False,False,public-derived-with-sequence-proxy
U04043,10,12,12,128,活跃,False,False,public-derived-with-sequence-proxy
U04044,12,12,12,144,核心,False,False,public-derived-with-sequence-proxy
U04045,9,12,12,120,活跃,False,False,public-derived-with-sequence-proxy
U04046,11,12,12,136,活跃,False,False,public-derived-with-sequence-proxy
U04047,9,12,12,120,活跃,False,False,public-derived-with-sequence-proxy
U04048,7,12,12,104,成长,False,False,public-derived-with-sequence-proxy
U04049,7,12,12,104,成长,False,False,public-derived-with-sequence-proxy
U04050,8,12,12,112,成长,False,False,public-derived-with-sequence-proxy
U04051,6,12,12,96,成长,False,False,public-derived-with-sequence-proxy
U04052,5,12,12,88,观察,False,False,public-derived-with-sequence-proxy
U04053,8,12,12,112,成长,False,False,public-derived-with-sequence-proxy
U04054,7,12,12,104,成长,False,False,public-derived-with-sequence-proxy
U04055,8,12,12,112,成长,False,False,public-derived-with-sequence-proxy
U04056,12,12,12,144,核心,False,False,public-derived-with-sequence-proxy
U04057,9,12,12,120,活跃,False,False,public-derived-with-sequence-proxy
U04058,12,12,12,144,核心,False,False,public-derived-with-sequence-proxy
U04059,9,12,12,120,活跃,False,False,public-derived-with-sequence-proxy
U04060,4,12,12,80,观察,False,False,public-derived-with-sequence-proxy
U04061,11,12,12,136,活跃,False,False,public-derived-with-sequence-proxy
U04062,12,12,12,144,核心,False,False,public-derived-with-sequence-proxy
U04063,6,12,12,96,成长,False,False,public-derived-with-sequence-proxy
U04064,12,12,12,144,核心,False,False,public-derived-with-sequence-proxy
U04065,5,12,12,88,观察,False,False,public-derived-with-sequence-proxy
U04066,5,12,12,88,观察,False,False,public-derived-with-sequence-proxy
U04067,7,12,12,104,成长,False,False,public-derived-with-sequence-proxy
U04068,5,12,12,88,观察,False,False,public-derived-with-sequence-proxy
U04069,10,12,12,128,活跃,False,False,public-derived-with-sequence-proxy
U04070,11,12,12,136,活跃,False,False,public-derived-with-sequence-proxy
U04071,6,12,12,96,成长,False,False,public-derived-with-sequence-proxy
U04072,12,12,12,144,核心,False,False,public-derived-with-sequence-proxy
U04073,4,12,12,80,观察,False,False,public-derived-with-sequence-proxy
U04074,4,12,12,80,观察,False,False,public-derived-with-sequence-proxy
U04075,8,12,12,112,成长,False,False,public-derived-with-sequence-proxy
U04076,11,12,12,136,活跃,False,False,public-derived-with-sequence-proxy
U04077,4,12,12,80,观察,False,False,public-derived-with-sequence-proxy
U04078,11,12,12,136,活跃,False,False,public-derived-with-sequence-proxy
U04079,8,12,12,112,成长,False,False,public-derived-with-sequence-proxy
U04080,7,12,12,104,成长,False,False,public-derived-with-sequence-proxy
U04081,10,12,12,128,活跃,False,False,public-derived-with-sequence-proxy
U04082,7,12,12,104,成长,False,False,public-derived-with-sequence-proxy
U04083,12,12,12,144,核心,False,False,public-derived-with-sequence-proxy
U04084,12,12,12,144,核心,False,False,public-derived-with-sequence-proxy
U04085,8,12,12,112,成长,False,False,public-derived-with-sequence-proxy
U04086,10,12,12,128,活跃,False,False,public-derived-with-sequence-proxy
U04087,9,12,12,120,活跃,False,False,public-derived-with-sequence-proxy
U04088,8,12,12,112,成长,False,False,public-derived-with-sequence-proxy
U04089,12,12,12,144,核心,False,False,public-derived-with-sequence-proxy
U04090,8,12,12,112,成长,False,False,public-derived-with-sequence-proxy
U04091,12,12,12,144,核心,False,False,public-derived-with-sequence-proxy
U04092,7,12,12,104,成长,False,False,public-derived-with-sequence-proxy
U04093,12,12,12,144,核心,False,False,public-derived-with-sequence-proxy
U04094,10,12,12,128,活跃,False,False,public-derived-with-sequence-proxy
U04095,12,12,12,144,核心,False,False,public-derived-with-sequence-proxy
U04096,12,12,12,144,核心,False,False,public-derived-with-sequence-proxy
U04097,11,12,12,136,活跃,False,False,public-derived-with-sequence-proxy
U04098,5,12,12,88,观察,False,False,public-derived-with-sequence-proxy
U04099,10,12,12,128,活跃,False,False,public-derived-with-sequence-proxy
U04100,10,12,12,128,活跃,False,False,public-derived-with-sequence-proxy
U04101,4,12,12,80,观察,False,False,public-derived-with-sequence-proxy
U04102,12,12,12,144,核心,False,False,public-derived-with-sequence-proxy
U04103,5,12,12,88,观察,False,False,public-derived-with-sequence-proxy
U04104,11,12,12,136,活跃,False,False,public-derived-with-sequence-proxy
U04105,8,12,12,112,成长,False,False,public-derived-with-sequence-proxy
U04106,12,12,12,144,核心,False,False,public-derived-with-sequence-proxy
U04107,12,12,12,144,核心,False,False,public-derived-with-sequence-proxy
U04108,12,12,12,144,核心,False,False,public-derived-with-sequence-proxy
U04109,11,12,12,136,活跃,False,False,public-derived-with-sequence-proxy
U04110,12,12,12,144,核心,False,False,public-derived-with-sequence-proxy
U04111,8,12,12,112,成长,False,False,public-derived-with-sequence-proxy
U04112,12,12,12,144,核心,False,False,public-derived-with-sequence-proxy
U04113,7,12,12,104,成长,False,False,public-derived-with-sequence-proxy
U04114,5,12,12,88,观察,False,False,public-derived-with-sequence-proxy
U04115,7,12,12,104,成长,False,False,public-derived-with-sequence-proxy
U04116,8,12,12,112,成长,False,False,public-derived-with-sequence-proxy
U04117,12,12,12,144,核心,False,False,public-derived-with-sequence-proxy
U04118,11,12,12,136,活跃,False,False,public-derived-with-sequence-proxy
U04119,10,12,12,128,活跃,False,False,public-derived-with-sequence-proxy
U04120,8,12,12,112,成长,False,False,public-derived-with-sequence-proxy
U04121,8,12,12,112,成长,False,False,public-derived-with-sequence-proxy
U04122,9,12,12,120,活跃,False,False,public-derived-with-sequence-proxy
U04123,6,12,12,96,成长,False,False,public-derived-with-sequence-proxy
U04124,12,12,12,144,核心,False,False,public-derived-with-sequence-proxy
U04125,12,12,12,144,核心,False,False,public-derived-with-sequence-proxy
U04126,12,12,12,144,核心,False,False,public-derived-with-sequence-proxy
U04127,7,12,12,104,成长,False,False,public-derived-with-sequence-proxy
U04128,7,12,12,104,成长,False,False,public-derived-with-sequence-proxy
U04129,7,12,12,104,成长,False,False,public-derived-with-sequence-proxy
U04130,8,12,12,112,成长,False,False,public-derived-with-sequence-proxy
U04131,12,12,12,144,核心,False,False,public-derived-with-sequence-proxy
U04132,5,12,12,88,观察,False,False,public-derived-with-sequence-proxy
U04133,4,12,12,80,观察,False,False,public-derived-with-sequence-proxy
U04134,9,12,12,120,活跃,False,False,public-derived-with-sequence-proxy
U04135,12,12,12,144,核心,False,False,public-derived-with-sequence-proxy
U04136,5,12,12,88,观察,False,False,public-derived-with-sequence-proxy
U04137,12,12,12,144,核心,False,False,public-derived-with-sequence-proxy
U04138,5,12,12,88,观察,False,False,public-derived-with-sequence-proxy
U04139,11,12,12,136,活跃,False,False,public-derived-with-sequence-proxy
U04140,8,12,12,112,成长,False,False,public-derived-with-sequence-proxy
U04141,8,12,12,112,成长,False,False,public-derived-with-sequence-proxy
U04142,11,12,12,136,活跃,False,False,public-derived-with-sequence-proxy
U04143,4,12,12,80,观察,False,False,public-derived-with-sequence-proxy
U04144,11,12,12,136,活跃,False,False,public-derived-with-sequence-proxy
U04145,8,12,12,112,成长,False,False,public-derived-with-sequence-proxy
U04146,10,12,12,128,活跃,False,False,public-derived-with-sequence-proxy
U04147,12,12,12,144,核心,False,False,public-derived-with-sequence-proxy
U04148,5,12,12,88,观察,False,False,public-derived-with-sequence-proxy
U04149,11,12,12,136,活跃,False,False,public-derived-with-sequence-proxy
U04150,8,12,12,112,成长,False,False,public-derived-with-sequence-proxy
U04151,11,12,12,136,活跃,False,False,public-derived-with-sequence-proxy
U04152,12,12,12,144,核心,False,False,public-derived-with-sequence-proxy
U04153,4,12,12,80,观察,False,False,public-derived-with-sequence-proxy
U04154,12,12,12,144,核心,False,False,public-derived-with-sequence-proxy
U04155,10,12,12,128,活跃,False,False,public-derived-with-sequence-proxy
U04156,8,12,12,112,成长,False,False,public-derived-with-sequence-proxy
U04157,8,12,12,112,成长,False,False,public-derived-with-sequence-proxy
U04158,4,12,12,80,观察,False,False,public-derived-with-sequence-proxy
U04159,6,12,12,96,成长,False,False,public-derived-with-sequence-proxy
U04160,8,12,12,112,成长,False,False,public-derived-with-sequence-proxy
U04161,4,12,12,80,观察,False,False,public-derived-with-sequence-proxy
U04162,7,12,12,104,成长,False,False,public-derived-with-sequence-proxy
U04163,6,12,12,96,成长,False,False,public-derived-with-sequence-proxy
U04164,7,12,12,104,成长,False,False,public-derived-with-sequence-proxy
U04165,5,12,12,88,观察,False,False,public-derived-with-sequence-proxy
U04166,10,12,12,128,活跃,False,False,public-derived-with-sequence-proxy
U04167,12,12,12,144,核心,False,False,public-derived-with-sequence-proxy
U04168,8,12,12,112,成长,False,False,public-derived-with-sequence-proxy
U04169,7,12,12,104,成长,False,False,public-derived-with-sequence-proxy
U04170,12,12,12,144,核心,False,False,public-derived-with-sequence-proxy
U04171,4,12,12,80,观察,False,False,public-derived-with-sequence-proxy
U04172,11,12,12,136,活跃,False,False,public-derived-with-sequence-proxy
U04173,4,12,12,80,观察,False,False,public-derived-with-sequence-proxy
U04174,9,12,12,120,活跃,False,False,public-derived-with-sequence-proxy
U04175,5,12,12,88,观察,False,False,public-derived-with-sequence-proxy
U04176,12,12,12,144,核心,False,False,public-derived-with-sequence-proxy
U04177,12,12,12,144,核心,False,False,public-derived-with-sequence-proxy
U04178,8,12,12,112,成长,False,False,public-derived-with-sequence-proxy
U04179,12,12,12,144,核心,False,False,public-derived-with-sequence-proxy
U04180,12,12,12,144,核心,False,False,public-derived-with-sequence-proxy
U04181,4,12,12,80,观察,False,False,public-derived-with-sequence-proxy
U04182,4,12,12,80,观察,False,False,public-derived-with-sequence-proxy
U04183,12,12,12,144,核心,False,False,public-derived-with-sequence-proxy
U04184,5,12,12,88,观察,False,False,public-derived-with-sequence-proxy
U04185,4,12,12,80,观察,False,False,public-derived-with-sequence-proxy
U04186,9,12,12,120,活跃,False,False,public-derived-with-sequence-proxy
U04187,12,12,12,144,核心,False,False,public-derived-with-sequence-proxy
U04188,12,12,12,144,核心,False,False,public-derived-with-sequence-proxy
U04189,12,12,12,144,核心,False,False,public-derived-with-sequence-proxy
U04190,6,12,12,96,成长,False,False,public-derived-with-sequence-proxy
U04191,12,12,12,144,核心,False,False,public-derived-with-sequence-proxy
U04192,12,12,12,144,核心,False,False,public-derived-with-sequence-proxy
U04193,8,12,12,112,成长,False,False,public-derived-with-sequence-proxy
U04194,12,12,12,144,核心,False,False,public-derived-with-sequence-proxy
U04195,11,12,12,136,活跃,False,False,public-derived-with-sequence-proxy
U04196,5,12,12,88,观察,False,False,public-derived-with-sequence-proxy
U04197,5,12,12,88,观察,False,False,public-derived-with-sequence-proxy
U04198,11,12,12,136,活跃,False,False,public-derived-with-sequence-proxy
U04199,11,12,12,136,活跃,False,False,public-derived-with-sequence-proxy
U04200,4,12,12,80,观察,False,False,public-derived-with-sequence-proxy
U04201,5,12,12,88,观察,False,False,public-derived-with-sequence-proxy
U04202,4,12,12,80,观察,False,False,public-derived-with-sequence-proxy
U04203,4,12,12,80,观察,False,False,public-derived-with-sequence-proxy
U04204,10,12,12,128,活跃,False,False,public-derived-with-sequence-proxy
U04205,12,12,12,144,核心,False,False,public-derived-with-sequence-proxy
U04206,9,12,12,120,活跃,False,False,public-derived-with-sequence-proxy
U04207,4,12,12,80,观察,False,False,public-derived-with-sequence-proxy
U04208,12,12,12,144,核心,False,False,public-derived-with-sequence-proxy
U04209,7,12,12,104,成长,False,False,public-derived-with-sequence-proxy
U04210,9,12,12,120,活跃,False,False,public-derived-with-sequence-proxy
U04211,5,12,12,88,观察,False,False,public-derived-with-sequence-proxy
U04212,12,12,12,144,核心,False,False,public-derived-with-sequence-proxy
U04213,7,12,12,104,成长,False,False,public-derived-with-sequence-proxy
U04214,6,12,12,96,成长,False,False,public-derived-with-sequence-proxy
U04215,10,12,12,128,活跃,False,False,public-derived-with-sequence-proxy
U04216,12,12,12,144,核心,False,False,public-derived-with-sequence-proxy
U04217,7,12,12,104,成长,False,False,public-derived-with-sequence-proxy
U04218,12,12,12,144,核心,False,False,public-derived-with-sequence-proxy
U04219,7,12,12,104,成长,False,False,public-derived-with-sequence-proxy
U04220,9,12,12,120,活跃,False,False,public-derived-with-sequence-proxy
U04221,12,12,12,144,核心,False,False,public-derived-with-sequence-proxy
U04222,11,12,12,136,活跃,False,False,public-derived-with-sequence-proxy
U04223,8,12,12,112,成长,False,False,public-derived-with-sequence-proxy
U04224,8,12,12,112,成长,False,False,public-derived-with-sequence-proxy
U04225,4,12,12,80,观察,False,False,public-derived-with-sequence-proxy
U04226,6,12,12,96,成长,False,False,public-derived-with-sequence-proxy
U04227,7,12,12,104,成长,False,False,public-derived-with-sequence-proxy
U04228,8,12,12,112,成长,False,False,public-derived-with-sequence-proxy
U04229,9,12,12,120,活跃,False,False,public-derived-with-sequence-proxy
U04230,4,12,12,80,观察,False,False,public-derived-with-sequence-proxy
U04231,5,12,12,88,观察,False,False,public-derived-with-sequence-proxy
U04232,8,12,12,112,成长,False,False,public-derived-with-sequence-proxy
U04233,12,12,12,144,核心,False,False,public-derived-with-sequence-proxy
U04234,12,12,12,144,核心,False,False,public-derived-with-sequence-proxy
U04235,4,12,12,80,观察,False,False,public-derived-with-sequence-proxy
U04236,5,12,12,88,观察,False,False,public-derived-with-sequence-proxy
U04237,6,12,12,96,成长,False,False,public-derived-with-sequence-proxy
U04238,12,12,12,144,核心,False,False,public-derived-with-sequence-proxy
U04239,8,12,12,112,成长,False,False,public-derived-with-sequence-proxy
U04240,8,12,12,112,成长,False,False,public-derived-with-sequence-proxy
U04241,11,12,12,136,活跃,False,False,public-derived-with-sequence-proxy
U04242,12,12,12,144,核心,False,False,public-derived-with-sequence-proxy
U04243,9,12,12,120,活跃,False,False,public-derived-with-sequence-proxy
U04244,10,12,12,128,活跃,False,False,public-derived-with-sequence-proxy
U04245,7,12,12,104,成长,False,False,public-derived-with-sequence-proxy
U04246,10,12,12,128,活跃,False,False,public-derived-with-sequence-proxy
U04247,6,12,12,96,成长,False,False,public-derived-with-sequence-proxy
U04248,8,12,12,112,成长,False,False,public-derived-with-sequence-proxy
U04249,8,12,12,112,成长,False,False,public-derived-with-sequence-proxy
U04250,7,12,12,104,成长,False,False,public-derived-with-sequence-proxy
U04251,4,12,12,80,观察,False,False,public-derived-with-sequence-proxy
U04252,4,12,12,80,观察,False,False,public-derived-with-sequence-proxy
U04253,12,12,12,144,核心,False,False,public-derived-with-sequence-proxy
U04254,12,12,12,144,核心,False,False,public-derived-with-sequence-proxy
U04255,12,12,12,144,核心,False,False,public-derived-with-sequence-proxy
U04256,12,12,12,144,核心,False,False,public-derived-with-sequence-proxy
U04257,6,12,12,96,成长,False,False,public-derived-with-sequence-proxy
U04258,8,12,12,112,成长,False,False,public-derived-with-sequence-proxy
U04259,12,12,12,144,核心,False,False,public-derived-with-sequence-proxy
U04260,10,12,12,128,活跃,False,False,public-derived-with-sequence-proxy
U04261,10,12,12,128,活跃,False,False,public-derived-with-sequence-proxy
U04262,8,12,12,112,成长,False,False,public-derived-with-sequence-proxy
U04263,4,12,12,80,观察,False,False,public-derived-with-sequence-proxy
U04264,5,12,12,88,观察,False,False,public-derived-with-sequence-proxy
U04265,8,12,12,112,成长,False,False,public-derived-with-sequence-proxy
U04266,12,12,12,144,核心,False,False,public-derived-with-sequence-proxy
U04267,4,12,12,80,观察,False,False,public-derived-with-sequence-proxy
U04268,12,12,12,144,核心,False,False,public-derived-with-sequence-proxy
U04269,5,12,12,88,观察,False,False,public-derived-with-sequence-proxy
U04270,8,12,12,112,成长,False,False,public-derived-with-sequence-proxy
U04271,11,12,12,136,活跃,False,False,public-derived-with-sequence-proxy
U04272,8,12,12,112,成长,False,False,public-derived-with-sequence-proxy
U04273,6,12,12,96,成长,False,False,public-derived-with-sequence-proxy
U04274,5,12,12,88,观察,False,False,public-derived-with-sequence-proxy
U04275,12,12,12,144,核心,False,False,public-derived-with-sequence-proxy
U04276,5,12,12,88,观察,False,False,public-derived-with-sequence-proxy
U04277,6,12,12,96,成长,False,False,public-derived-with-sequence-proxy
U04278,12,12,12,144,核心,False,False,public-derived-with-sequence-proxy
U04279,4,12,12,80,观察,False,False,public-derived-with-sequence-proxy
U04280,12,12,12,144,核心,False,False,public-derived-with-sequence-proxy
U04281,12,12,12,144,核心,False,False,public-derived-with-sequence-proxy
U04282,12,12,12,144,核心,False,False,public-derived-with-sequence-proxy
U04283,5,12,12,88,观察,False,False,public-derived-with-sequence-proxy
U04284,9,12,12,120,活跃,False,False,public-derived-with-sequence-proxy
U04285,11,12,12,136,活跃,False,False,public-derived-with-sequence-proxy
U04286,7,12,12,104,成长,False,False,public-derived-with-sequence-proxy
U04287,8,12,12,112,成长,False,False,public-derived-with-sequence-proxy
U04288,6,12,12,96,成长,False,False,public-derived-with-sequence-proxy
U04289,6,12,12,96,成长,False,False,public-derived-with-sequence-proxy
U04290,12,12,12,144,核心,False,False,public-derived-with-sequence-proxy
U04291,11,12,12,136,活跃,False,False,public-derived-with-sequence-proxy
U04292,12,12,12,144,核心,False,False,public-derived-with-sequence-proxy
U04293,4,12,12,80,观察,False,False,public-derived-with-sequence-proxy
U04294,4,12,12,80,观察,False,False,public-derived-with-sequence-proxy
U04295,12,12,12,144,核心,False,False,public-derived-with-sequence-proxy
U04296,8,12,12,112,成长,False,False,public-derived-with-sequence-proxy
U04297,12,12,12,144,核心,False,False,public-derived-with-sequence-proxy
U04298,12,12,12,144,核心,False,False,public-derived-with-sequence-proxy
U04299,5,12,12,88,观察,False,False,public-derived-with-sequence-proxy
U04300,10,12,12,128,活跃,False,False,public-derived-with-sequence-proxy
U04301,8,12,12,112,成长,False,False,public-derived-with-sequence-proxy
U04302,6,12,12,96,成长,False,False,public-derived-with-sequence-proxy
U04303,12,12,12,144,核心,False,False,public-derived-with-sequence-proxy
U04304,7,12,12,104,成长,False,False,public-derived-with-sequence-proxy
U04305,12,12,12,144,核心,False,False,public-derived-with-sequence-proxy
U04306,12,12,12,144,核心,False,False,public-derived-with-sequence-proxy
U04307,8,12,12,112,成长,False,False,public-derived-with-sequence-proxy
U04308,12,12,12,144,核心,False,False,public-derived-with-sequence-proxy
U04309,7,12,12,104,成长,False,False,public-derived-with-sequence-proxy
U04310,12,12,12,144,核心,False,False,public-derived-with-sequence-proxy
U04311,4,12,12,80,观察,False,False,public-derived-with-sequence-proxy
U04312,12,12,12,144,核心,False,False,public-derived-with-sequence-proxy
U04313,10,12,12,128,活跃,False,False,public-derived-with-sequence-proxy
U04314,7,12,12,104,成长,False,False,public-derived-with-sequence-proxy
U04315,6,12,12,96,成长,False,False,public-derived-with-sequence-proxy
U04316,7,12,12,104,成长,False,False,public-derived-with-sequence-proxy
U04317,12,12,12,144,核心,False,False,public-derived-with-sequence-proxy
U04318,4,12,12,80,观察,False,False,public-derived-with-sequence-proxy
U04319,5,12,12,88,观察,False,False,public-derived-with-sequence-proxy
U04320,6,12,12,96,成长,False,False,public-derived-with-sequence-proxy
U04321,12,12,12,144,核心,False,False,public-derived-with-sequence-proxy
U04322,12,12,12,144,核心,False,False,public-derived-with-sequence-proxy
U04323,7,12,12,104,成长,False,False,public-derived-with-sequence-proxy
U04324,8,12,12,112,成长,False,False,public-derived-with-sequence-proxy
U04325,6,12,12,96,成长,False,False,public-derived-with-sequence-proxy
U04326,5,12,12,88,观察,False,False,public-derived-with-sequence-proxy
U04327,8,12,12,112,成长,False,False,public-derived-with-sequence-proxy
U04328,4,12,12,80,观察,False,False,public-derived-with-sequence-proxy
U04329,11,12,12,136,活跃,False,False,public-derived-with-sequence-proxy
U04330,4,12,12,80,观察,False,False,public-derived-with-sequence-proxy
U04331,11,12,12,136,活跃,False,False,public-derived-with-sequence-proxy
U04332,5,12,12,88,观察,False,False,public-derived-with-sequence-proxy
U04333,12,12,12,144,核心,False,False,public-derived-with-sequence-proxy
U04334,8,12,12,112,成长,False,False,public-derived-with-sequence-proxy
U04335,12,12,12,144,核心,False,False,public-derived-with-sequence-proxy
U04336,12,12,12,144,核心,False,False,public-derived-with-sequence-proxy
U04337,4,12,12,80,观察,False,False,public-derived-with-sequence-proxy
U04338,5,12,12,88,观察,False,False,public-derived-with-sequence-proxy
U04339,7,12,12,104,成长,False,False,public-derived-with-sequence-proxy
U04340,8,12,12,112,成长,False,False,public-derived-with-sequence-proxy
U04341,4,12,12,80,观察,False,False,public-derived-with-sequence-proxy
U04342,7,12,12,104,成长,False,False,public-derived-with-sequence-proxy
U04343,12,12,12,144,核心,False,False,public-derived-with-sequence-proxy
U04344,4,12,12,80,观察,False,False,public-derived-with-sequence-proxy
U04345,6,12,12,96,成长,False,False,public-derived-with-sequence-proxy
U04346,4,12,12,80,观察,False,False,public-derived-with-sequence-proxy
U04347,12,12,12,144,核心,False,False,public-derived-with-sequence-proxy
U04348,7,12,12,104,成长,False,False,public-derived-with-sequence-proxy
U04349,6,12,12,96,成长,False,False,public-derived-with-sequence-proxy
U04350,8,12,12,112,成长,False,False,public-derived-with-sequence-proxy
U04351,4,12,12,80,观察,False,False,public-derived-with-sequence-proxy
U04352,9,12,12,120,活跃,False,False,public-derived-with-sequence-proxy
U04353,12,12,12,144,核心,False,False,public-derived-with-sequence-proxy
U04354,6,12,12,96,成长,False,False,public-derived-with-sequence-proxy
U04355,9,12,12,120,活跃,False,False,public-derived-with-sequence-proxy
U04356,9,12,12,120,活跃,False,False,public-derived-with-sequence-proxy
U04357,8,12,12,112,成长,False,False,public-derived-with-sequence-proxy
U04358,4,12,12,80,观察,False,False,public-derived-with-sequence-proxy
U04359,8,12,12,112,成长,False,False,public-derived-with-sequence-proxy
U04360,12,12,12,144,核心,False,False,public-derived-with-sequence-proxy
U04361,8,12,12,112,成长,False,False,public-derived-with-sequence-proxy
U04362,5,12,12,88,观察,False,False,public-derived-with-sequence-proxy
U04363,8,12,12,112,成长,False,False,public-derived-with-sequence-proxy
U04364,9,12,12,120,活跃,False,False,public-derived-with-sequence-proxy
U04365,10,12,12,128,活跃,False,False,public-derived-with-sequence-proxy
U04366,11,12,12,136,活跃,False,False,public-derived-with-sequence-proxy
U04367,5,12,12,88,观察,False,False,public-derived-with-sequence-proxy
U04368,12,12,12,144,核心,False,False,public-derived-with-sequence-proxy
U04369,4,12,12,80,观察,False,False,public-derived-with-sequence-proxy
U04370,12,12,12,144,核心,False,False,public-derived-with-sequence-proxy
U04371,6,12,12,96,成长,False,False,public-derived-with-sequence-proxy
U04372,6,12,12,96,成长,False,False,public-derived-with-sequence-proxy
U04373,7,12,12,104,成长,False,False,public-derived-with-sequence-proxy
U04374,4,12,12,80,观察,False,False,public-derived-with-sequence-proxy
U04375,8,12,12,112,成长,False,False,public-derived-with-sequence-proxy
U04376,6,12,12,96,成长,False,False,public-derived-with-sequence-proxy
U04377,4,12,12,80,观察,False,False,public-derived-with-sequence-proxy
U04378,8,12,12,112,成长,False,False,public-derived-with-sequence-proxy
U04379,5,12,12,88,观察,False,False,public-derived-with-sequence-proxy
U04380,8,12,12,112,成长,False,False,public-derived-with-sequence-proxy
U04381,6,12,12,96,成长,False,False,public-derived-with-sequence-proxy
U04382,11,12,12,136,活跃,False,False,public-derived-with-sequence-proxy
U04383,10,12,12,128,活跃,False,False,public-derived-with-sequence-proxy
U04384,8,12,12,112,成长,False,False,public-derived-with-sequence-proxy
U04385,12,12,12,144,核心,False,False,public-derived-with-sequence-proxy
U04386,10,12,12,128,活跃,False,False,public-derived-with-sequence-proxy
U04387,10,12,12,128,活跃,False,False,public-derived-with-sequence-proxy
U04388,12,12,12,144,核心,False,False,public-derived-with-sequence-proxy
U04389,11,12,12,136,活跃,False,False,public-derived-with-sequence-proxy
U04390,4,12,12,80,观察,False,False,public-derived-with-sequence-proxy
U04391,9,12,12,120,活跃,False,False,public-derived-with-sequence-proxy
U04392,9,12,12,120,活跃,False,False,public-derived-with-sequence-proxy
U04393,4,12,12,80,观察,False,False,public-derived-with-sequence-proxy
U04394,9,12,12,120,活跃,False,False,public-derived-with-sequence-proxy
U04395,6,12,12,96,成长,False,False,public-derived-with-sequence-proxy
U04396,9,12,12,120,活跃,False,False,public-derived-with-sequence-proxy
U04397,12,12,12,144,核心,False,False,public-derived-with-sequence-proxy
U04398,9,12,12,120,活跃,False,False,public-derived-with-sequence-proxy
U04399,9,12,12,120,活跃,False,False,public-derived-with-sequence-proxy
U04400,6,12,12,96,成长,False,False,public-derived-with-sequence-proxy
U04401,5,12,12,88,观察,False,False,public-derived-with-sequence-proxy
U04402,7,12,12,104,成长,False,False,public-derived-with-sequence-proxy
U04403,4,12,12,80,观察,False,False,public-derived-with-sequence-proxy
U04404,11,12,12,136,活跃,False,False,public-derived-with-sequence-proxy
U04405,4,12,12,80,观察,False,False,public-derived-with-sequence-proxy
U04406,11,12,12,136,活跃,False,False,public-derived-with-sequence-proxy
U04407,11,12,12,136,活跃,False,False,public-derived-with-sequence-proxy
U04408,6,12,12,96,成长,False,False,public-derived-with-sequence-proxy
U04409,8,12,12,112,成长,False,False,public-derived-with-sequence-proxy
U04410,5,12,12,88,观察,False,False,public-derived-with-sequence-proxy
U04411,7,12,12,104,成长,False,False,public-derived-with-sequence-proxy
U04412,6,12,12,96,成长,False,False,public-derived-with-sequence-proxy
U04413,7,12,12,104,成长,False,False,public-derived-with-sequence-proxy
U04414,6,12,12,96,成长,False,False,public-derived-with-sequence-proxy
U04415,4,12,12,80,观察,False,False,public-derived-with-sequence-proxy
U04416,4,12,12,80,观察,False,False,public-derived-with-sequence-proxy
U04417,12,12,12,144,核心,False,False,public-derived-with-sequence-proxy
U04418,7,12,12,104,成长,False,False,public-derived-with-sequence-proxy
U04419,12,12,12,144,核心,False,False,public-derived-with-sequence-proxy
U04420,12,12,12,144,核心,False,False,public-derived-with-sequence-proxy
U04421,8,12,12,112,成长,False,False,public-derived-with-sequence-proxy
U04422,9,12,12,120,活跃,False,False,public-derived-with-sequence-proxy
U04423,12,12,12,144,核心,False,False,public-derived-with-sequence-proxy
U04424,12,12,12,144,核心,False,False,public-derived-with-sequence-proxy
U04425,4,12,12,80,观察,False,False,public-derived-with-sequence-proxy
U04426,8,12,12,112,成长,False,False,public-derived-with-sequence-proxy
U04427,7,12,12,104,成长,False,False,public-derived-with-sequence-proxy
U04428,4,12,12,80,观察,False,False,public-derived-with-sequence-proxy
U04429,6,12,12,96,成长,False,False,public-derived-with-sequence-proxy
U04430,8,12,12,112,成长,False,False,public-derived-with-sequence-proxy
U04431,7,12,12,104,成长,False,False,public-derived-with-sequence-proxy
U04432,7,12,12,104,成长,False,False,public-derived-with-sequence-proxy
U04433,6,12,12,96,成长,False,False,public-derived-with-sequence-proxy
U04434,6,12,12,96,成长,False,False,public-derived-with-sequence-proxy
U04435,6,12,12,96,成长,False,False,public-derived-with-sequence-proxy
U04436,4,12,12,80,观察,False,False,public-derived-with-sequence-proxy
U04437,12,12,12,144,核心,False,False,public-derived-with-sequence-proxy
U04438,12,12,12,144,核心,False,False,public-derived-with-sequence-proxy
U04439,8,12,12,112,成长,False,False,public-derived-with-sequence-proxy
U04440,4,12,12,80,观察,False,False,public-derived-with-sequence-proxy
U04441,11,12,12,136,活跃,False,False,public-derived-with-sequence-proxy
U04442,12,12,12,144,核心,False,False,public-derived-with-sequence-proxy
U04443,12,12,12,144,核心,False,False,public-derived-with-sequence-proxy
U04444,12,12,12,144,核心,False,False,public-derived-with-sequence-proxy
U04445,10,12,12,128,活跃,False,False,public-derived-with-sequence-proxy
U04446,5,12,12,88,观察,False,False,public-derived-with-sequence-proxy
U04447,8,12,12,112,成长,False,False,public-derived-with-sequence-proxy
U04448,12,12,12,144,核心,False,False,public-derived-with-sequence-proxy
U04449,10,12,12,128,活跃,False,False,public-derived-with-sequence-proxy
U04450,8,12,12,112,成长,False,False,public-derived-with-sequence-proxy
U04451,10,12,12,128,活跃,False,False,public-derived-with-sequence-proxy
U04452,4,12,12,80,观察,False,False,public-derived-with-sequence-proxy
U04453,5,12,12,88,观察,False,False,public-derived-with-sequence-proxy
U04454,6,12,12,96,成长,False,False,public-derived-with-sequence-proxy
U04455,12,12,12,144,核心,False,False,public-derived-with-sequence-proxy
U04456,6,12,12,96,成长,False,False,public-derived-with-sequence-proxy
U04457,8,12,12,112,成长,False,False,public-derived-with-sequence-proxy
U04458,5,12,12,88,观察,False,False,public-derived-with-sequence-proxy
U04459,8,12,12,112,成长,False,False,public-derived-with-sequence-proxy
U04460,12,12,12,144,核心,False,False,public-derived-with-sequence-proxy
U04461,8,12,12,112,成长,False,False,public-derived-with-sequence-proxy
U04462,9,12,12,120,活跃,False,False,public-derived-with-sequence-proxy
U04463,6,12,12,96,成长,False,False,public-derived-with-sequence-proxy
U04464,12,12,12,144,核心,False,False,public-derived-with-sequence-proxy
U04465,12,12,12,144,核心,False,False,public-derived-with-sequence-proxy
U04466,10,12,12,128,活跃,False,False,public-derived-with-sequence-proxy
U04467,7,12,12,104,成长,False,False,public-derived-with-sequence-proxy
U04468,7,12,12,104,成长,False,False,public-derived-with-sequence-proxy
U04469,4,12,12,80,观察,False,False,public-derived-with-sequence-proxy
U04470,8,12,12,112,成长,False,False,public-derived-with-sequence-proxy
U04471,12,12,12,144,核心,False,False,public-derived-with-sequence-proxy
U04472,4,12,12,80,观察,False,False,public-derived-with-sequence-proxy
U04473,12,12,12,144,核心,False,False,public-derived-with-sequence-proxy
U04474,8,12,12,112,成长,False,False,public-derived-with-sequence-proxy
U04475,12,12,12,144,核心,False,False,public-derived-with-sequence-proxy
U04476,5,12,12,88,观察,False,False,public-derived-with-sequence-proxy
U04477,10,12,12,128,活跃,False,False,public-derived-with-sequence-proxy
U04478,10,12,12,128,活跃,False,False,public-derived-with-sequence-proxy
U04479,12,12,12,144,核心,False,False,public-derived-with-sequence-proxy
U04480,5,12,12,88,观察,False,False,public-derived-with-sequence-proxy
U04481,8,12,12,112,成长,False,False,public-derived-with-sequence-proxy
U04482,7,12,12,104,成长,False,False,public-derived-with-sequence-proxy
U04483,4,12,12,80,观察,False,False,public-derived-with-sequence-proxy
U04484,5,12,12,88,观察,False,False,public-derived-with-sequence-proxy
U04485,8,12,12,112,成长,False,False,public-derived-with-sequence-proxy
U04486,4,12,12,80,观察,False,False,public-derived-with-sequence-proxy
U04487,6,12,12,96,成长,False,False,public-derived-with-sequence-proxy
U04488,4,12,12,80,观察,False,False,public-derived-with-sequence-proxy
U04489,4,12,12,80,观察,False,False,public-derived-with-sequence-proxy
U04490,4,12,12,80,观察,False,False,public-derived-with-sequence-proxy
U04491,8,12,12,112,成长,False,False,public-derived-with-sequence-proxy
U04492,9,12,12,120,活跃,False,False,public-derived-with-sequence-proxy
U04493,11,12,12,136,活跃,False,False,public-derived-with-sequence-proxy
U04494,12,12,12,144,核心,False,False,public-derived-with-sequence-proxy
U04495,4,12,12,80,观察,False,False,public-derived-with-sequence-proxy
U04496,12,12,12,144,核心,False,False,public-derived-with-sequence-proxy
U04497,6,12,12,96,成长,False,False,public-derived-with-sequence-proxy
U04498,11,12,12,136,活跃,False,False,public-derived-with-sequence-proxy
U04499,8,12,12,112,成长,False,False,public-derived-with-sequence-proxy
U04500,7,12,12,104,成长,False,False,public-derived-with-sequence-proxy
U04501,4,12,12,80,观察,False,False,public-derived-with-sequence-proxy
U04502,12,12,12,144,核心,False,False,public-derived-with-sequence-proxy
U04503,8,12,12,112,成长,False,False,public-derived-with-sequence-proxy
U04504,8,12,12,112,成长,False,False,public-derived-with-sequence-proxy
U04505,12,12,12,144,核心,False,False,public-derived-with-sequence-proxy
U04506,12,12,12,144,核心,False,False,public-derived-with-sequence-proxy
U04507,9,12,12,120,活跃,False,False,public-derived-with-sequence-proxy
U04508,9,12,12,120,活跃,False,False,public-derived-with-sequence-proxy
U04509,12,12,12,144,核心,False,False,public-derived-with-sequence-proxy
U04510,12,12,12,144,核心,False,False,public-derived-with-sequence-proxy
U04511,12,12,12,144,核心,False,False,public-derived-with-sequence-proxy
U04512,6,12,12,96,成长,False,False,public-derived-with-sequence-proxy
U04513,8,12,12,112,成长,False,False,public-derived-with-sequence-proxy
U04514,10,12,12,128,活跃,False,False,public-derived-with-sequence-proxy
U04515,8,12,12,112,成长,False,False,public-derived-with-sequence-proxy
U04516,10,12,12,128,活跃,False,False,public-derived-with-sequence-proxy
U04517,12,12,12,144,核心,False,False,public-derived-with-sequence-proxy
U04518,11,12,12,136,活跃,False,False,public-derived-with-sequence-proxy
U04519,12,12,12,144,核心,False,False,public-derived-with-sequence-proxy
U04520,7,12,12,104,成长,False,False,public-derived-with-sequence-proxy
U04521,12,12,12,144,核心,False,False,public-derived-with-sequence-proxy
U04522,12,12,12,144,核心,False,False,public-derived-with-sequence-proxy
U04523,7,12,12,104,成长,False,False,public-derived-with-sequence-proxy
U04524,12,12,12,144,核心,False,False,public-derived-with-sequence-proxy
U04525,8,12,12,112,成长,False,False,public-derived-with-sequence-proxy
U04526,12,12,12,144,核心,False,False,public-derived-with-sequence-proxy
U04527,7,12,12,104,成长,False,False,public-derived-with-sequence-proxy
U04528,7,12,12,104,成长,False,False,public-derived-with-sequence-proxy
U04529,12,12,12,144,核心,False,False,public-derived-with-sequence-proxy
U04530,9,12,12,120,活跃,False,False,public-derived-with-sequence-proxy
U04531,9,12,12,120,活跃,False,False,public-derived-with-sequence-proxy
U04532,12,12,12,144,核心,False,False,public-derived-with-sequence-proxy
U04533,5,12,12,88,观察,False,False,public-derived-with-sequence-proxy
U04534,12,12,12,144,核心,False,False,public-derived-with-sequence-proxy
U04535,8,12,12,112,成长,False,False,public-derived-with-sequence-proxy
U04536,11,12,12,136,活跃,False,False,public-derived-with-sequence-proxy
U04537,7,12,12,104,成长,False,False,public-derived-with-sequence-proxy
U04538,12,12,12,144,核心,False,False,public-derived-with-sequence-proxy
U04539,11,12,12,136,活跃,False,False,public-derived-with-sequence-proxy
U04540,7,12,12,104,成长,False,False,public-derived-with-sequence-proxy
U04541,5,12,12,88,观察,False,False,public-derived-with-sequence-proxy
U04542,12,12,12,144,核心,False,False,public-derived-with-sequence-proxy
U04543,11,12,12,136,活跃,False,False,public-derived-with-sequence-proxy
U04544,4,12,12,80,观察,False,False,public-derived-with-sequence-proxy
U04545,8,12,12,112,成长,False,False,public-derived-with-sequence-proxy
U04546,12,12,12,144,核心,False,False,public-derived-with-sequence-proxy
U04547,12,12,12,144,核心,False,False,public-derived-with-sequence-proxy
U04548,8,12,12,112,成长,False,False,public-derived-with-sequence-proxy
U04549,12,12,12,144,核心,False,False,public-derived-with-sequence-proxy
U04550,12,12,12,144,核心,False,False,public-derived-with-sequence-proxy
U04551,10,12,12,128,活跃,False,False,public-derived-with-sequence-proxy
U04552,5,12,12,88,观察,False,False,public-derived-with-sequence-proxy
U04553,6,12,12,96,成长,False,False,public-derived-with-sequence-proxy
U04554,8,12,12,112,成长,False,False,public-derived-with-sequence-proxy
U04555,4,12,12,80,观察,False,False,public-derived-with-sequence-proxy
U04556,5,12,12,88,观察,False,False,public-derived-with-sequence-proxy
U04557,12,12,12,144,核心,False,False,public-derived-with-sequence-proxy
U04558,9,12,12,120,活跃,False,False,public-derived-with-sequence-proxy
U04559,7,12,12,104,成长,False,False,public-derived-with-sequence-proxy
U04560,6,12,12,96,成长,False,False,public-derived-with-sequence-proxy
U04561,5,12,12,88,观察,False,False,public-derived-with-sequence-proxy
U04562,12,12,12,144,核心,False,False,public-derived-with-sequence-proxy
U04563,7,12,12,104,成长,False,False,public-derived-with-sequence-proxy
U04564,12,12,12,144,核心,False,False,public-derived-with-sequence-proxy
U04565,12,12,12,144,核心,False,False,public-derived-with-sequence-proxy
U04566,12,12,12,144,核心,False,False,public-derived-with-sequence-proxy
U04567,10,12,12,128,活跃,False,False,public-derived-with-sequence-proxy
U04568,12,12,12,144,核心,False,False,public-derived-with-sequence-proxy
U04569,9,12,12,120,活跃,False,False,public-derived-with-sequence-proxy
U04570,4,12,12,80,观察,False,False,public-derived-with-sequence-proxy
U04571,4,12,12,80,观察,False,False,public-derived-with-sequence-proxy
U04572,12,12,12,144,核心,False,False,public-derived-with-sequence-proxy
U04573,6,12,12,96,成长,False,False,public-derived-with-sequence-proxy
U04574,12,12,12,144,核心,False,False,public-derived-with-sequence-proxy
U04575,4,12,12,80,观察,False,False,public-derived-with-sequence-proxy
U04576,8,12,12,112,成长,False,False,public-derived-with-sequence-proxy
U04577,11,12,12,136,活跃,False,False,public-derived-with-sequence-proxy
U04578,9,12,12,120,活跃,False,False,public-derived-with-sequence-proxy
U04579,4,12,12,80,观察,False,False,public-derived-with-sequence-proxy
U04580,8,12,12,112,成长,False,False,public-derived-with-sequence-proxy
U04581,12,12,12,144,核心,False,False,public-derived-with-sequence-proxy
U04582,4,12,12,80,观察,False,False,public-derived-with-sequence-proxy
U04583,4,12,12,80,观察,False,False,public-derived-with-sequence-proxy
U04584,12,12,12,144,核心,False,False,public-derived-with-sequence-proxy
U04585,6,12,12,96,成长,False,False,public-derived-with-sequence-proxy
U04586,4,12,12,80,观察,False,False,public-derived-with-sequence-proxy
U04587,8,12,12,112,成长,False,False,public-derived-with-sequence-proxy
U04588,11,12,12,136,活跃,False,False,public-derived-with-sequence-proxy
U04589,12,12,12,144,核心,False,False,public-derived-with-sequence-proxy
U04590,7,12,12,104,成长,False,False,public-derived-with-sequence-proxy
U04591,12,12,12,144,核心,False,False,public-derived-with-sequence-proxy
U04592,12,12,12,144,核心,False,False,public-derived-with-sequence-proxy
U04593,10,12,12,128,活跃,False,False,public-derived-with-sequence-proxy
U04594,9,12,12,120,活跃,False,False,public-derived-with-sequence-proxy
U04595,12,12,12,144,核心,False,False,public-derived-with-sequence-proxy
U04596,7,12,12,104,成长,False,False,public-derived-with-sequence-proxy
U04597,12,12,12,144,核心,False,False,public-derived-with-sequence-proxy
U04598,8,12,12,112,成长,False,False,public-derived-with-sequence-proxy
U04599,8,12,12,112,成长,False,False,public-derived-with-sequence-proxy
U04600,4,12,12,80,观察,False,False,public-derived-with-sequence-proxy
U04601,12,12,12,144,核心,False,False,public-derived-with-sequence-proxy
U04602,11,12,12,136,活跃,False,False,public-derived-with-sequence-proxy
U04603,12,12,12,144,核心,False,False,public-derived-with-sequence-proxy
U04604,8,12,12,112,成长,False,False,public-derived-with-sequence-proxy
U04605,10,12,12,128,活跃,False,False,public-derived-with-sequence-proxy
U04606,6,12,12,96,成长,False,False,public-derived-with-sequence-proxy
U04607,5,12,12,88,观察,False,False,public-derived-with-sequence-proxy
U04608,12,12,12,144,核心,False,False,public-derived-with-sequence-proxy
U04609,6,12,12,96,成长,False,False,public-derived-with-sequence-proxy
U04610,8,12,12,112,成长,False,False,public-derived-with-sequence-proxy
U04611,4,12,12,80,观察,False,False,public-derived-with-sequence-proxy
U04612,10,12,12,128,活跃,False,False,public-derived-with-sequence-proxy
U04613,12,12,12,144,核心,False,False,public-derived-with-sequence-proxy
U04614,4,12,12,80,观察,False,False,public-derived-with-sequence-proxy
U04615,12,12,12,144,核心,False,False,public-derived-with-sequence-proxy
U04616,8,12,12,112,成长,False,False,public-derived-with-sequence-proxy
U04617,12,12,12,144,核心,False,False,public-derived-with-sequence-proxy
U04618,12,12,12,144,核心,False,False,public-derived-with-sequence-proxy
U04619,4,12,12,80,观察,False,False,public-derived-with-sequence-proxy
U04620,12,12,12,144,核心,False,False,public-derived-with-sequence-proxy
U04621,8,12,12,112,成长,False,False,public-derived-with-sequence-proxy
U04622,11,12,12,136,活跃,False,False,public-derived-with-sequence-proxy
U04623,12,12,12,144,核心,False,False,public-derived-with-sequence-proxy
U04624,7,12,12,104,成长,False,False,public-derived-with-sequence-proxy
U04625,5,12,12,88,观察,False,False,public-derived-with-sequence-proxy
U04626,7,12,12,104,成长,False,False,public-derived-with-sequence-proxy
U04627,12,12,12,144,核心,False,False,public-derived-with-sequence-proxy
U04628,11,12,12,136,活跃,False,False,public-derived-with-sequence-proxy
U04629,9,12,12,120,活跃,False,False,public-derived-with-sequence-proxy
U04630,7,12,12,104,成长,False,False,public-derived-with-sequence-proxy
U04631,12,12,12,144,核心,False,False,public-derived-with-sequence-proxy
U04632,12,12,12,144,核心,False,False,public-derived-with-sequence-proxy
U04633,5,12,12,88,观察,False,False,public-derived-with-sequence-proxy
U04634,4,12,12,80,观察,False,False,public-derived-with-sequence-proxy
U04635,8,12,12,112,成长,False,False,public-derived-with-sequence-proxy
U04636,12,12,12,144,核心,False,False,public-derived-with-sequence-proxy
U04637,8,12,12,112,成长,False,False,public-derived-with-sequence-proxy
U04638,12,12,12,144,核心,False,False,public-derived-with-sequence-proxy
U04639,8,12,12,112,成长,False,False,public-derived-with-sequence-proxy
U04640,10,12,12,128,活跃,False,False,public-derived-with-sequence-proxy
U04641,10,12,12,128,活跃,False,False,public-derived-with-sequence-proxy
U04642,5,12,12,88,观察,False,False,public-derived-with-sequence-proxy
U04643,10,12,12,128,活跃,False,False,public-derived-with-sequence-proxy
U04644,12,12,12,144,核心,False,False,public-derived-with-sequence-proxy
U04645,12,12,12,144,核心,False,False,public-derived-with-sequence-proxy
U04646,4,12,12,80,观察,False,False,public-derived-with-sequence-proxy
U04647,12,12,12,144,核心,False,False,public-derived-with-sequence-proxy
U04648,8,12,12,112,成长,False,False,public-derived-with-sequence-proxy
U04649,12,12,12,144,核心,False,False,public-derived-with-sequence-proxy
U04650,12,12,12,144,核心,False,False,public-derived-with-sequence-proxy
U04651,8,12,12,112,成长,False,False,public-derived-with-sequence-proxy
U04652,8,12,12,112,成长,False,False,public-derived-with-sequence-proxy
U04653,10,12,12,128,活跃,False,False,public-derived-with-sequence-proxy
U04654,7,12,12,104,成长,False,False,public-derived-with-sequence-proxy
U04655,4,12,12,80,观察,False,False,public-derived-with-sequence-proxy
U04656,4,12,12,80,观察,False,False,public-derived-with-sequence-proxy
U04657,10,12,12,128,活跃,False,False,public-derived-with-sequence-proxy
U04658,11,12,12,136,活跃,False,False,public-derived-with-sequence-proxy
U04659,4,12,12,80,观察,False,False,public-derived-with-sequence-proxy
U04660,10,12,12,128,活跃,False,False,public-derived-with-sequence-proxy
U04661,5,12,12,88,观察,False,False,public-derived-with-sequence-proxy
U04662,8,12,12,112,成长,False,False,public-derived-with-sequence-proxy
U04663,8,12,12,112,成长,False,False,public-derived-with-sequence-proxy
U04664,12,12,12,144,核心,False,False,public-derived-with-sequence-proxy
U04665,4,12,12,80,观察,False,False,public-derived-with-sequence-proxy
U04666,12,12,12,144,核心,False,False,public-derived-with-sequence-proxy
U04667,12,12,12,144,核心,False,False,public-derived-with-sequence-proxy
U04668,12,12,12,144,核心,False,False,public-derived-with-sequence-proxy
U04669,11,12,12,136,活跃,False,False,public-derived-with-sequence-proxy
U04670,8,12,12,112,成长,False,False,public-derived-with-sequence-proxy
U04671,5,12,12,88,观察,False,False,public-derived-with-sequence-proxy
U04672,12,12,12,144,核心,False,False,public-derived-with-sequence-proxy
U04673,5,12,12,88,观察,False,False,public-derived-with-sequence-proxy
U04674,8,12,12,112,活跃,False,False,public-derived-with-sequence-proxy
U04675,7,12,12,104,成长,False,False,public-derived-with-sequence-proxy
U04676,12,12,12,144,核心,False,False,public-derived-with-sequence-proxy
U04677,9,12,12,120,活跃,False,False,public-derived-with-sequence-proxy
U04678,10,12,12,128,活跃,False,False,public-derived-with-sequence-proxy
U04679,9,12,12,120,活跃,False,False,public-derived-with-sequence-proxy
U04680,12,12,12,144,核心,False,False,public-derived-with-sequence-proxy
U04681,5,12,12,88,观察,False,False,public-derived-with-sequence-proxy
U04682,10,12,12,128,活跃,False,False,public-derived-with-sequence-proxy
U04683,7,12,12,104,成长,False,False,public-derived-with-sequence-proxy
U04684,7,12,12,104,成长,False,False,public-derived-with-sequence-proxy
U04685,6,12,12,96,成长,False,False,public-derived-with-sequence-proxy
U04686,8,12,12,112,活跃,False,False,public-derived-with-sequence-proxy
U04687,7,12,12,104,成长,False,False,public-derived-with-sequence-proxy
U04688,12,12,12,144,核心,False,False,public-derived-with-sequence-proxy
U04689,6,12,12,96,成长,False,False,public-derived-with-sequence-proxy
U04690,4,12,12,80,观察,False,False,public-derived-with-sequence-proxy
U04691,8,12,12,112,活跃,False,False,public-derived-with-sequence-proxy
U04692,12,12,12,144,核心,False,False,public-derived-with-sequence-proxy
U04693,7,12,12,104,成长,False,False,public-derived-with-sequence-proxy
U04694,12,12,12,144,核心,False,False,public-derived-with-sequence-proxy
U04695,9,12,12,120,活跃,False,False,public-derived-with-sequence-proxy
U04696,8,12,12,112,活跃,False,False,public-derived-with-sequence-proxy
U04697,12,12,12,144,核心,False,False,public-derived-with-sequence-proxy
U04698,8,12,12,112,活跃,False,False,public-derived-with-sequence-proxy
U04699,5,12,12,88,观察,False,False,public-derived-with-sequence-proxy
U04700,4,12,12,80,观察,False,False,public-derived-with-sequence-proxy
U04701,4,12,12,80,观察,False,False,public-derived-with-sequence-proxy
U04702,12,12,12,144,核心,False,False,public-derived-with-sequence-proxy
U04703,6,12,12,96,成长,False,False,public-derived-with-sequence-proxy
U04704,12,12,12,144,核心,False,False,public-derived-with-sequence-proxy
U04705,12,12,12,144,核心,False,False,public-derived-with-sequence-proxy
U04706,11,12,12,136,活跃,False,False,public-derived-with-sequence-proxy
U04707,12,12,12,144,核心,False,False,public-derived-with-sequence-proxy
U04708,4,12,12,80,观察,False,False,public-derived-with-sequence-proxy
U04709,9,12,12,120,活跃,False,False,public-derived-with-sequence-proxy
U04710,12,12,12,144,核心,False,False,public-derived-with-sequence-proxy
U04711,9,12,12,120,活跃,False,False,public-derived-with-sequence-proxy
U04712,4,12,12,80,观察,False,False,public-derived-with-sequence-proxy
U04713,10,12,12,128,活跃,False,False,public-derived-with-sequence-proxy
U04714,12,12,12,144,核心,False,False,public-derived-with-sequence-proxy
U04715,8,12,12,112,活跃,False,False,public-derived-with-sequence-proxy
U04716,8,12,12,112,活跃,False,False,public-derived-with-sequence-proxy
U04717,7,12,12,104,成长,False,False,public-derived-with-sequence-proxy
U04718,4,12,12,80,观察,False,False,public-derived-with-sequence-proxy
U04719,8,12,12,112,活跃,False,False,public-derived-with-sequence-proxy
U04720,12,12,12,144,核心,False,False,public-derived-with-sequence-proxy
U04721,5,12,12,88,观察,False,False,public-derived-with-sequence-proxy
U04722,9,12,12,120,活跃,False,False,public-derived-with-sequence-proxy
U04723,9,12,12,120,活跃,False,False,public-derived-with-sequence-proxy
U04724,12,12,12,144,核心,False,False,public-derived-with-sequence-proxy
U04725,5,12,12,88,观察,False,False,public-derived-with-sequence-proxy
U04726,8,12,12,112,活跃,False,False,public-derived-with-sequence-proxy
U04727,8,12,12,112,活跃,False,False,public-derived-with-sequence-proxy
U04728,6,12,12,96,成长,False,False,public-derived-with-sequence-proxy
U04729,12,12,12,144,核心,False,False,public-derived-with-sequence-proxy
U04730,8,12,12,112,活跃,False,False,public-derived-with-sequence-proxy
U04731,12,12,12,144,核心,False,False,public-derived-with-sequence-proxy
U04732,7,12,12,104,成长,False,False,public-derived-with-sequence-proxy
U04733,11,12,12,136,活跃,False,False,public-derived-with-sequence-proxy
U04734,12,12,12,144,核心,False,False,public-derived-with-sequence-proxy
U04735,8,12,12,112,活跃,False,False,public-derived-with-sequence-proxy
U04736,5,12,12,88,观察,False,False,public-derived-with-sequence-proxy
U04737,6,12,12,96,成长,False,False,public-derived-with-sequence-proxy
U04738,12,12,12,144,核心,False,False,public-derived-with-sequence-proxy
U04739,8,12,12,112,活跃,False,False,public-derived-with-sequence-proxy
U04740,12,12,12,144,核心,False,False,public-derived-with-sequence-proxy
U04741,7,12,12,104,成长,False,False,public-derived-with-sequence-proxy
U04742,7,12,12,104,成长,False,False,public-derived-with-sequence-proxy
U04743,8,12,12,112,活跃,False,False,public-derived-with-sequence-proxy
U04744,8,12,12,112,活跃,False,False,public-derived-with-sequence-proxy
U04745,10,12,12,128,活跃,False,False,public-derived-with-sequence-proxy
U04746,12,12,12,144,核心,False,False,public-derived-with-sequence-proxy
U04747,8,12,12,112,活跃,False,False,public-derived-with-sequence-proxy
U04748,4,12,12,80,观察,False,False,public-derived-with-sequence-proxy
U04749,4,12,12,80,观察,False,False,public-derived-with-sequence-proxy
U04750,10,12,12,128,活跃,False,False,public-derived-with-sequence-proxy
U04751,11,12,12,136,活跃,False,False,public-derived-with-sequence-proxy
U04752,8,12,12,112,活跃,False,False,public-derived-with-sequence-proxy
U04753,12,12,12,144,核心,False,False,public-derived-with-sequence-proxy
U04754,8,12,12,112,活跃,False,False,public-derived-with-sequence-proxy
U04755,10,12,12,128,活跃,False,False,public-derived-with-sequence-proxy
U04756,12,12,12,144,核心,False,False,public-derived-with-sequence-proxy
U04757,6,12,12,96,成长,False,False,public-derived-with-sequence-proxy
U04758,12,12,12,144,核心,False,False,public-derived-with-sequence-proxy
U04759,9,12,12,120,活跃,False,False,public-derived-with-sequence-proxy
U04760,12,12,12,144,核心,False,False,public-derived-with-sequence-proxy
U04761,12,12,12,144,核心,False,False,public-derived-with-sequence-proxy
U04762,4,12,12,80,观察,False,False,public-derived-with-sequence-proxy
U04763,12,12,12,144,核心,False,False,public-derived-with-sequence-proxy
U04764,12,12,12,144,核心,False,False,public-derived-with-sequence-proxy
U04765,7,12,12,104,成长,False,False,public-derived-with-sequence-proxy
U04766,4,12,12,80,观察,False,False,public-derived-with-sequence-proxy
U04767,12,12,12,144,核心,False,False,public-derived-with-sequence-proxy
U04768,12,12,12,144,核心,False,False,public-derived-with-sequence-proxy
U04769,12,12,12,144,核心,False,False,public-derived-with-sequence-proxy
U04770,11,12,12,136,活跃,False,False,public-derived-with-sequence-proxy
U04771,12,12,12,144,核心,False,False,public-derived-with-sequence-proxy
U04772,5,12,12,88,观察,False,False,public-derived-with-sequence-proxy
U04773,12,12,12,144,核心,False,False,public-derived-with-sequence-proxy
U04774,12,12,12,144,核心,False,False,public-derived-with-sequence-proxy
U04775,8,12,12,112,活跃,False,False,public-derived-with-sequence-proxy
U04776,8,12,12,112,活跃,False,False,public-derived-with-sequence-proxy
U04777,11,12,12,136,活跃,False,False,public-derived-with-sequence-proxy
U04778,4,12,12,80,观察,False,False,public-derived-with-sequence-proxy
U04779,12,12,12,144,核心,False,False,public-derived-with-sequence-proxy
U04780,9,12,12,120,活跃,False,False,public-derived-with-sequence-proxy
U04781,11,12,12,136,活跃,False,False,public-derived-with-sequence-proxy
U04782,9,12,12,120,活跃,False,False,public-derived-with-sequence-proxy
U04783,12,12,12,144,核心,False,False,public-derived-with-sequence-proxy
U04784,12,12,12,144,核心,False,False,public-derived-with-sequence-proxy
U04785,5,12,12,88,观察,False,False,public-derived-with-sequence-proxy
U04786,5,12,12,88,观察,False,False,public-derived-with-sequence-proxy
U04787,8,12,12,112,活跃,False,False,public-derived-with-sequence-proxy
U04788,8,12,12,112,活跃,False,False,public-derived-with-sequence-proxy
U04789,8,12,12,112,活跃,False,False,public-derived-with-sequence-proxy
U04790,7,12,12,104,成长,False,False,public-derived-with-sequence-proxy
U04791,5,12,12,88,观察,False,False,public-derived-with-sequence-proxy
U04792,10,12,12,128,活跃,False,False,public-derived-with-sequence-proxy
U04793,6,12,12,96,成长,False,False,public-derived-with-sequence-proxy
U04794,11,12,12,136,活跃,False,False,public-derived-with-sequence-proxy
U04795,8,12,12,112,活跃,False,False,public-derived-with-sequence-proxy
U04796,12,12,12,144,核心,False,False,public-derived-with-sequence-proxy
U04797,8,12,12,112,活跃,False,False,public-derived-with-sequence-proxy
U04798,7,12,12,104,成长,False,False,public-derived-with-sequence-proxy
U04799,4,12,12,80,观察,False,False,public-derived-with-sequence-proxy
U04800,7,12,12,104,成长,False,False,public-derived-with-sequence-proxy
U04801,8,12,12,112,活跃,False,False,public-derived-with-sequence-proxy
U04802,4,12,12,80,观察,False,False,public-derived-with-sequence-proxy
U04803,6,12,12,96,成长,False,False,public-derived-with-sequence-proxy
U04804,4,12,12,80,观察,False,False,public-derived-with-sequence-proxy
U04805,6,12,12,96,成长,False,False,public-derived-with-sequence-proxy
U04806,6,12,12,96,成长,False,False,public-derived-with-sequence-proxy
U04807,10,12,12,128,活跃,False,False,public-derived-with-sequence-proxy
U04808,8,12,12,112,活跃,False,False,public-derived-with-sequence-proxy
U04809,8,12,12,112,活跃,False,False,public-derived-with-sequence-proxy
U04810,4,12,12,80,观察,False,False,public-derived-with-sequence-proxy
U04811,12,12,12,144,核心,False,False,public-derived-with-sequence-proxy
U04812,12,12,12,144,核心,False,False,public-derived-with-sequence-proxy
U04813,6,12,12,96,成长,False,False,public-derived-with-sequence-proxy
U04814,12,12,12,144,核心,False,False,public-derived-with-sequence-proxy
U04815,4,12,12,80,观察,False,False,public-derived-with-sequence-proxy
U04816,12,12,12,144,核心,False,False,public-derived-with-sequence-proxy
U04817,8,12,12,112,活跃,False,False,public-derived-with-sequence-proxy
U04818,8,12,12,112,活跃,False,False,public-derived-with-sequence-proxy
U04819,12,12,12,144,核心,False,False,public-derived-with-sequence-proxy
U04820,12,12,12,144,核心,False,False,public-derived-with-sequence-proxy
U04821,11,12,12,136,活跃,False,False,public-derived-with-sequence-proxy
U04822,4,12,12,80,观察,False,False,public-derived-with-sequence-proxy
U04823,12,12,12,144,核心,False,False,public-derived-with-sequence-proxy
U04824,8,12,12,112,活跃,False,False,public-derived-with-sequence-proxy
U04825,12,12,12,144,核心,False,False,public-derived-with-sequence-proxy
U04826,8,12,12,112,活跃,False,False,public-derived-with-sequence-proxy
U04827,12,12,12,144,核心,False,False,public-derived-with-sequence-proxy
U04828,8,12,12,112,活跃,False,False,public-derived-with-sequence-proxy
U04829,7,12,12,104,成长,False,False,public-derived-with-sequence-proxy
U04830,9,12,12,120,活跃,False,False,public-derived-with-sequence-proxy
U04831,12,12,12,144,核心,False,False,public-derived-with-sequence-proxy
U04832,10,12,12,128,活跃,False,False,public-derived-with-sequence-proxy
U04833,10,12,12,128,活跃,False,False,public-derived-with-sequence-proxy
U04834,8,12,12,112,活跃,False,False,public-derived-with-sequence-proxy
U04835,12,12,12,144,核心,False,False,public-derived-with-sequence-proxy
U04836,5,12,12,88,观察,False,False,public-derived-with-sequence-proxy
U04837,8,12,12,112,活跃,False,False,public-derived-with-sequence-proxy
U04838,9,12,12,120,活跃,False,False,public-derived-with-sequence-proxy
U04839,12,12,12,144,核心,False,False,public-derived-with-sequence-proxy
U04840,6,12,12,96,成长,False,False,public-derived-with-sequence-proxy
U04841,12,12,12,144,核心,False,False,public-derived-with-sequence-proxy
U04842,7,12,12,104,成长,False,False,public-derived-with-sequence-proxy
U04843,4,12,12,80,观察,False,False,public-derived-with-sequence-proxy
U04844,12,12,12,144,核心,False,False,public-derived-with-sequence-proxy
U04845,12,12,12,144,核心,False,False,public-derived-with-sequence-proxy
U04846,12,12,12,144,核心,False,False,public-derived-with-sequence-proxy
U04847,4,12,12,80,观察,False,False,public-derived-with-sequence-proxy
U04848,12,12,12,144,核心,False,False,public-derived-with-sequence-proxy
U04849,12,12,12,144,核心,False,False,public-derived-with-sequence-proxy
U04850,4,12,12,80,观察,False,False,public-derived-with-sequence-proxy
U04851,12,12,12,144,核心,False,False,public-derived-with-sequence-proxy
U04852,4,12,12,80,观察,False,False,public-derived-with-sequence-proxy
U04853,9,12,12,120,活跃,False,False,public-derived-with-sequence-proxy
U04854,9,12,12,120,活跃,False,False,public-derived-with-sequence-proxy
U04855,10,12,12,128,活跃,False,False,public-derived-with-sequence-proxy
U04856,12,12,12,144,核心,False,False,public-derived-with-sequence-proxy
U04857,12,12,12,144,核心,False,False,public-derived-with-sequence-proxy
U04858,8,12,12,112,活跃,False,False,public-derived-with-sequence-proxy
U04859,12,12,12,144,核心,False,False,public-derived-with-sequence-proxy
U04860,12,12,12,144,核心,False,False,public-derived-with-sequence-proxy
U04861,9,12,12,120,活跃,False,False,public-derived-with-sequence-proxy
U04862,7,12,12,104,成长,False,False,public-derived-with-sequence-proxy
U04863,12,12,12,144,核心,False,False,public-derived-with-sequence-proxy
U04864,12,12,12,144,核心,False,False,public-derived-with-sequence-proxy
U04865,4,12,12,80,观察,False,False,public-derived-with-sequence-proxy
U04866,9,12,12,120,活跃,False,False,public-derived-with-sequence-proxy
U04867,4,12,12,80,观察,False,False,public-derived-with-sequence-proxy
U04868,10,12,12,128,活跃,False,False,public-derived-with-sequence-proxy
U04869,9,12,12,120,活跃,False,False,public-derived-with-sequence-proxy
U04870,10,12,12,128,活跃,False,False,public-derived-with-sequence-proxy
U04871,9,12,12,120,活跃,False,False,public-derived-with-sequence-proxy
U04872,6,12,12,96,成长,False,False,public-derived-with-sequence-proxy
U04873,4,12,12,80,观察,False,False,public-derived-with-sequence-proxy
U04874,9,12,12,120,活跃,False,False,public-derived-with-sequence-proxy
U04875,12,12,12,144,核心,False,False,public-derived-with-sequence-proxy
U04876,11,12,12,136,活跃,False,False,public-derived-with-sequence-proxy
U04877,7,12,12,104,成长,False,False,public-derived-with-sequence-proxy
U04878,6,12,12,96,成长,False,False,public-derived-with-sequence-proxy
U04879,11,12,12,136,活跃,False,False,public-derived-with-sequence-proxy
U04880,8,12,12,112,活跃,False,False,public-derived-with-sequence-proxy
U04881,9,12,12,120,活跃,False,False,public-derived-with-sequence-proxy
U04882,9,12,12,120,活跃,False,False,public-derived-with-sequence-proxy
U04883,7,12,12,104,成长,False,False,public-derived-with-sequence-proxy
U04884,10,12,12,128,活跃,False,False,public-derived-with-sequence-proxy
U04885,12,12,12,144,核心,False,False,public-derived-with-sequence-proxy
U04886,12,12,12,144,核心,False,False,public-derived-with-sequence-proxy
U04887,12,12,12,144,核心,False,False,public-derived-with-sequence-proxy
U04888,4,12,12,80,观察,False,False,public-derived-with-sequence-proxy
U04889,5,12,12,88,观察,False,False,public-derived-with-sequence-proxy
U04890,8,12,12,112,活跃,False,False,public-derived-with-sequence-proxy
U04891,12,12,12,144,核心,False,False,public-derived-with-sequence-proxy
U04892,12,12,12,144,核心,False,False,public-derived-with-sequence-proxy
U04893,5,12,12,88,观察,False,False,public-derived-with-sequence-proxy
U04894,7,12,12,104,成长,False,False,public-derived-with-sequence-proxy
U04895,11,12,12,136,活跃,False,False,public-derived-with-sequence-proxy
U04896,12,12,12,144,核心,False,False,public-derived-with-sequence-proxy
U04897,9,12,12,120,活跃,False,False,public-derived-with-sequence-proxy
U04898,6,12,12,96,成长,False,False,public-derived-with-sequence-proxy
U04899,8,12,12,112,活跃,False,False,public-derived-with-sequence-proxy
U04900,12,12,12,144,核心,False,False,public-derived-with-sequence-proxy
U04901,4,12,12,80,观察,False,False,public-derived-with-sequence-proxy
U04902,12,12,12,144,核心,False,False,public-derived-with-sequence-proxy
U04903,10,12,12,128,活跃,False,False,public-derived-with-sequence-proxy
U04904,6,12,12,96,成长,False,False,public-derived-with-sequence-proxy
U04905,8,12,12,112,活跃,False,False,public-derived-with-sequence-proxy
U04906,12,12,12,144,核心,False,False,public-derived-with-sequence-proxy
U04907,4,12,12,80,观察,False,False,public-derived-with-sequence-proxy
U04908,12,12,12,144,核心,False,False,public-derived-with-sequence-proxy
U04909,10,12,12,128,活跃,False,False,public-derived-with-sequence-proxy
U04910,8,12,12,112,活跃,False,False,public-derived-with-sequence-proxy
U04911,12,12,12,144,核心,False,False,public-derived-with-sequence-proxy
U04912,8,12,12,112,活跃,False,False,public-derived-with-sequence-proxy
U04913,12,12,12,144,核心,False,False,public-derived-with-sequence-proxy
U04914,4,12,12,80,观察,False,False,public-derived-with-sequence-proxy
U04915,12,12,12,144,核心,False,False,public-derived-with-sequence-proxy
U04916,10,12,12,128,活跃,False,False,public-derived-with-sequence-proxy
U04917,11,12,12,136,活跃,False,False,public-derived-with-sequence-proxy
U04918,4,12,12,80,观察,False,False,public-derived-with-sequence-proxy
U04919,10,12,12,128,活跃,False,False,public-derived-with-sequence-proxy
U04920,8,12,12,112,活跃,False,False,public-derived-with-sequence-proxy
U04921,7,12,12,104,成长,False,False,public-derived-with-sequence-proxy
U04922,4,12,12,80,观察,False,False,public-derived-with-sequence-proxy
U04923,12,12,12,144,核心,False,False,public-derived-with-sequence-proxy
U04924,8,12,12,112,活跃,False,False,public-derived-with-sequence-proxy
U04925,9,12,12,120,活跃,False,False,public-derived-with-sequence-proxy
U04926,4,12,12,80,观察,False,False,public-derived-with-sequence-proxy
U04927,12,12,12,144,核心,False,False,public-derived-with-sequence-proxy
U04928,4,12,12,80,观察,False,False,public-derived-with-sequence-proxy
U04929,6,12,12,96,成长,False,False,public-derived-with-sequence-proxy
U04930,12,12,12,144,核心,False,False,public-derived-with-sequence-proxy
U04931,10,12,12,128,活跃,False,False,public-derived-with-sequence-proxy
U04932,11,12,12,136,活跃,False,False,public-derived-with-sequence-proxy
U04933,8,12,12,112,活跃,False,False,public-derived-with-sequence-proxy
U04934,12,12,12,144,核心,False,False,public-derived-with-sequence-proxy
U04935,8,12,12,112,活跃,False,False,public-derived-with-sequence-proxy
U04936,9,12,12,120,活跃,False,False,public-derived-with-sequence-proxy
U04937,9,12,12,120,活跃,False,False,public-derived-with-sequence-proxy
U04938,12,12,12,144,核心,False,False,public-derived-with-sequence-proxy
U04939,12,12,12,144,核心,False,False,public-derived-with-sequence-proxy
U04940,5,12,12,88,观察,False,False,public-derived-with-sequence-proxy
U04941,7,12,12,104,成长,False,False,public-derived-with-sequence-proxy
U04942,10,12,12,128,活跃,False,False,public-derived-with-sequence-proxy
U04943,9,12,12,120,活跃,False,False,public-derived-with-sequence-proxy
U04944,8,12,12,112,活跃,False,False,public-derived-with-sequence-proxy
U04945,4,12,12,80,观察,False,False,public-derived-with-sequence-proxy
U04946,10,12,12,128,活跃,False,False,public-derived-with-sequence-proxy
U04947,11,12,12,136,活跃,False,False,public-derived-with-sequence-proxy
U04948,12,12,12,144,核心,False,False,public-derived-with-sequence-proxy
U04949,5,12,12,88,观察,False,False,public-derived-with-sequence-proxy
U04950,4,12,12,80,观察,False,False,public-derived-with-sequence-proxy
U04951,12,12,12,144,核心,False,False,public-derived-with-sequence-proxy
U04952,10,12,12,128,活跃,False,False,public-derived-with-sequence-proxy
U04953,7,12,12,104,成长,False,False,public-derived-with-sequence-proxy
U04954,12,12,12,144,核心,False,False,public-derived-with-sequence-proxy
U04955,12,12,12,144,核心,False,False,public-derived-with-sequence-proxy
U04956,4,12,12,80,观察,False,False,public-derived-with-sequence-proxy
U04957,9,12,12,120,活跃,False,False,public-derived-with-sequence-proxy
U04958,9,12,12,120,活跃,False,False,public-derived-with-sequence-proxy
U04959,7,12,12,104,成长,False,False,public-derived-with-sequence-proxy
U04960,4,12,12,80,观察,False,False,public-derived-with-sequence-proxy
U04961,4,12,12,80,观察,False,False,public-derived-with-sequence-proxy
U04962,12,12,12,144,核心,False,False,public-derived-with-sequence-proxy
U04963,12,12,12,144,核心,False,False,public-derived-with-sequence-proxy
U04964,12,12,12,144,核心,False,False,public-derived-with-sequence-proxy
U04965,8,12,12,112,活跃,False,False,public-derived-with-sequence-proxy
U04966,10,12,12,128,活跃,False,False,public-derived-with-sequence-proxy
U04967,4,12,12,80,观察,False,False,public-derived-with-sequence-proxy
U04968,7,12,12,104,成长,False,False,public-derived-with-sequence-proxy
U04969,9,12,12,120,活跃,False,False,public-derived-with-sequence-proxy
U04970,7,12,12,104,成长,False,False,public-derived-with-sequence-proxy
U04971,12,12,12,144,核心,False,False,public-derived-with-sequence-proxy
U04972,7,12,12,104,成长,False,False,public-derived-with-sequence-proxy
U04973,12,12,12,144,核心,False,False,public-derived-with-sequence-proxy
U04974,11,12,12,136,活跃,False,False,public-derived-with-sequence-proxy
U04975,7,12,12,104,成长,False,False,public-derived-with-sequence-proxy
U04976,12,12,12,144,核心,False,False,public-derived-with-sequence-proxy
U04977,4,12,12,80,观察,False,False,public-derived-with-sequence-proxy
U04978,7,12,12,104,成长,False,False,public-derived-with-sequence-proxy
U04979,11,12,12,136,活跃,False,False,public-derived-with-sequence-proxy
U04980,5,12,12,88,观察,False,False,public-derived-with-sequence-proxy
U04981,6,12,12,96,成长,False,False,public-derived-with-sequence-proxy
U04982,11,12,12,136,活跃,False,False,public-derived-with-sequence-proxy
U04983,12,12,12,144,核心,False,False,public-derived-with-sequence-proxy
U04984,7,12,12,104,成长,False,False,public-derived-with-sequence-proxy
U04985,8,12,12,112,活跃,False,False,public-derived-with-sequence-proxy
U04986,4,12,12,80,观察,False,False,public-derived-with-sequence-proxy
U04987,6,12,12,96,成长,False,False,public-derived-with-sequence-proxy
U04988,5,12,12,88,观察,False,False,public-derived-with-sequence-proxy
U04989,8,12,12,112,活跃,False,False,public-derived-with-sequence-proxy
U04990,4,12,12,80,观察,False,False,public-derived-with-sequence-proxy
U04991,12,12,12,144,核心,False,False,public-derived-with-sequence-proxy
U04992,8,12,12,112,活跃,False,False,public-derived-with-sequence-proxy
U04993,10,12,12,128,活跃,False,False,public-derived-with-sequence-proxy
U04994,4,12,12,80,观察,False,False,public-derived-with-sequence-proxy
U04995,6,12,12,96,成长,False,False,public-derived-with-sequence-proxy
U04996,12,12,12,144,核心,False,False,public-derived-with-sequence-proxy
U04997,4,12,12,80,观察,False,False,public-derived-with-sequence-proxy
U04998,8,12,12,112,活跃,False,False,public-derived-with-sequence-proxy
U04999,8,12,12,112,活跃,False,False,public-derived-with-sequence-proxy
U05000,8,12,12,112,活跃,False,False,public-derived-with-sequence-proxy
