turbine_id,day,source_records,valid_wind_records,valid_power_records,mean_wind_speed,mean_active_power,underperformance_share,turbine_x,turbine_y,manual_inspection_only,allowed_action,data_nature
1,1,144,143,143,8.0295105,840.33552,0,3349.8515,5939.23193,True,adjust_inspection_priority,public-derived-entity-complete-daily-aggregate
1,2,144,144,144,6.0204861,528.58667,0,3349.8515,5939.23193,True,adjust_inspection_priority,public-derived-entity-complete-daily-aggregate
1,3,144,144,144,11.040278,1460.9219,0,3349.8515,5939.23193,True,adjust_inspection_priority,public-derived-entity-complete-daily-aggregate
1,4,144,144,144,9.99625,1189.9213,0,3349.8515,5939.23193,True,adjust_inspection_priority,public-derived-entity-complete-daily-aggregate
1,5,144,144,144,9.6979167,1203.0804,0,3349.8515,5939.23193,True,adjust_inspection_priority,public-derived-entity-complete-daily-aggregate
1,6,144,144,144,4.2020139,294.44472,0,3349.8515,5939.23193,True,adjust_inspection_priority,public-derived-entity-complete-daily-aggregate
1,7,144,144,144,3.0089583,110.24014,0,3349.8515,5939.23193,True,adjust_inspection_priority,public-derived-entity-complete-daily-aggregate
2,1,144,143,143,8.4416783,513.49762,0,3351.0017,6416.64673,True,adjust_inspection_priority,public-derived-entity-complete-daily-aggregate
2,2,144,144,144,6.5372917,516.56764,0,3351.0017,6416.64673,True,adjust_inspection_priority,public-derived-entity-complete-daily-aggregate
2,3,144,144,144,11.246389,962.50743,0,3351.0017,6416.64673,True,adjust_inspection_priority,public-derived-entity-complete-daily-aggregate
2,4,144,144,144,10.254931,762.98104,0,3351.0017,6416.64673,True,adjust_inspection_priority,public-derived-entity-complete-daily-aggregate
2,5,144,144,144,9.8294444,543.64056,0,3351.0017,6416.64673,True,adjust_inspection_priority,public-derived-entity-complete-daily-aggregate
2,6,144,144,144,4.6806944,277.17424,0,3351.0017,6416.64673,True,adjust_inspection_priority,public-derived-entity-complete-daily-aggregate
2,7,144,144,144,3.3242361,100.6384,0,3351.0017,6416.64673,True,adjust_inspection_priority,public-derived-entity-complete-daily-aggregate
3,1,144,143,143,8.1576224,557.8772,0,3314.7797,6892.18395,True,adjust_inspection_priority,public-derived-entity-complete-daily-aggregate
3,2,144,143,143,6.1234965,524.03804,0,3314.7797,6892.18395,True,adjust_inspection_priority,public-derived-entity-complete-daily-aggregate
3,3,144,144,144,10.831667,1159.9941,0,3314.7797,6892.18395,True,adjust_inspection_priority,public-derived-entity-complete-daily-aggregate
3,4,144,144,144,9.855,753.93542,0,3314.7797,6892.18395,True,adjust_inspection_priority,public-derived-entity-complete-daily-aggregate
3,5,144,143,143,9.7477622,566.96818,0,3314.7797,6892.18395,True,adjust_inspection_priority,public-derived-entity-complete-daily-aggregate
3,6,144,143,143,4.4599301,280.06224,0,3314.7797,6892.18395,True,adjust_inspection_priority,public-derived-entity-complete-daily-aggregate
3,7,144,143,143,3.1862238,86.290699,0,3314.7797,6892.18395,True,adjust_inspection_priority,public-derived-entity-complete-daily-aggregate
4,1,144,143,143,7.939021,598.07923,0,3352.094,7366.14203,True,adjust_inspection_priority,public-derived-entity-complete-daily-aggregate
4,2,144,144,144,5.8278472,508.03437,0,3352.094,7366.14203,True,adjust_inspection_priority,public-derived-entity-complete-daily-aggregate
4,3,144,144,144,10.685833,1155.1343,0,3352.094,7366.14203,True,adjust_inspection_priority,public-derived-entity-complete-daily-aggregate
4,4,144,144,144,9.6245833,733.09056,0,3352.094,7366.14203,True,adjust_inspection_priority,public-derived-entity-complete-daily-aggregate
4,5,144,144,144,9.7659722,567.39028,0,3352.094,7366.14203,True,adjust_inspection_priority,public-derived-entity-complete-daily-aggregate
4,6,144,144,144,4.3482639,280.67681,0,3352.094,7366.14203,True,adjust_inspection_priority,public-derived-entity-complete-daily-aggregate
4,7,144,144,144,3.1641667,109.77688,0,3352.094,7366.14203,True,adjust_inspection_priority,public-derived-entity-complete-daily-aggregate
5,1,144,143,143,7.753986,557.53755,0,3355.342,7841.20175,True,adjust_inspection_priority,public-derived-entity-complete-daily-aggregate
5,2,144,144,144,5.7631944,508.82819,0,3355.342,7841.20175,True,adjust_inspection_priority,public-derived-entity-complete-daily-aggregate
5,3,144,144,144,10.623264,1178.4222,0,3355.342,7841.20175,True,adjust_inspection_priority,public-derived-entity-complete-daily-aggregate
5,4,144,144,144,9.39125,768.85271,0,3355.342,7841.20175,True,adjust_inspection_priority,public-derived-entity-complete-daily-aggregate
5,5,144,144,144,9.2879167,577.81486,0,3355.342,7841.20175,True,adjust_inspection_priority,public-derived-entity-complete-daily-aggregate
5,6,144,143,143,4.2046154,275.15217,0,3355.342,7841.20175,True,adjust_inspection_priority,public-derived-entity-complete-daily-aggregate
5,7,144,144,144,2.979375,84.522639,0,3355.342,7841.20175,True,adjust_inspection_priority,public-derived-entity-complete-daily-aggregate
6,1,144,143,143,8.4938462,605.1421,0,3329.4284,8340.79769,True,adjust_inspection_priority,public-derived-entity-complete-daily-aggregate
6,2,144,144,144,6.1686111,475.24688,0,3329.4284,8340.79769,True,adjust_inspection_priority,public-derived-entity-complete-daily-aggregate
6,3,144,144,144,11.381597,1022.6906,0,3329.4284,8340.79769,True,adjust_inspection_priority,public-derived-entity-complete-daily-aggregate
6,4,144,144,144,10.056736,686.92993,0,3329.4284,8340.79769,True,adjust_inspection_priority,public-derived-entity-complete-daily-aggregate
6,5,144,144,144,10.080556,658.34618,0,3329.4284,8340.79769,True,adjust_inspection_priority,public-derived-entity-complete-daily-aggregate
6,6,144,144,144,4.5018056,268.01722,0,3329.4284,8340.79769,True,adjust_inspection_priority,public-derived-entity-complete-daily-aggregate
6,7,144,144,144,3.2534028,94.197431,0,3329.4284,8340.79769,True,adjust_inspection_priority,public-derived-entity-complete-daily-aggregate
7,1,144,143,143,8.7921678,579.36203,1,3360.5473,8816.23834,True,adjust_inspection_priority,public-derived-entity-complete-daily-aggregate
7,2,144,142,142,6.4378873,443.77986,1,3360.5473,8816.23834,True,adjust_inspection_priority,public-derived-entity-complete-daily-aggregate
7,3,144,144,144,11.596667,1140.758,1,3360.5473,8816.23834,True,adjust_inspection_priority,public-derived-entity-complete-daily-aggregate
7,4,144,144,144,10.373125,735.04451,1,3360.5473,8816.23834,True,adjust_inspection_priority,public-derived-entity-complete-daily-aggregate
7,5,144,144,144,10.339028,696.75111,1,3360.5473,8816.23834,True,adjust_inspection_priority,public-derived-entity-complete-daily-aggregate
7,6,144,144,144,4.731875,250.32181,1,3360.5473,8816.23834,True,adjust_inspection_priority,public-derived-entity-complete-daily-aggregate
7,7,144,143,143,3.4093706,90.366573,1,3360.5473,8816.23834,True,adjust_inspection_priority,public-derived-entity-complete-daily-aggregate
8,1,144,143,143,8.7553846,541.08154,1,3360.2992,9265.21442,True,adjust_inspection_priority,public-derived-entity-complete-daily-aggregate
8,2,144,144,144,6.2690972,457.39243,1,3360.2992,9265.21442,True,adjust_inspection_priority,public-derived-entity-complete-daily-aggregate
8,3,144,144,144,11.537014,965.07368,1,3360.2992,9265.21442,True,adjust_inspection_priority,public-derived-entity-complete-daily-aggregate
8,4,144,144,144,10.445694,740.77056,1,3360.2992,9265.21442,True,adjust_inspection_priority,public-derived-entity-complete-daily-aggregate
8,5,144,144,144,10.175486,550.17604,1,3360.2992,9265.21442,True,adjust_inspection_priority,public-derived-entity-complete-daily-aggregate
8,6,144,144,144,4.6565278,259.43438,1,3360.2992,9265.21442,True,adjust_inspection_priority,public-derived-entity-complete-daily-aggregate
8,7,144,144,144,3.2627083,88.429653,1,3360.2992,9265.21442,True,adjust_inspection_priority,public-derived-entity-complete-daily-aggregate
9,1,144,143,143,7.9834965,605.36028,0,3359.9419,10696.54549,True,adjust_inspection_priority,public-derived-entity-complete-daily-aggregate
9,2,144,144,144,5.6572917,291.01792,0,3359.9419,10696.54549,True,adjust_inspection_priority,public-derived-entity-complete-daily-aggregate
9,3,144,144,144,10.795139,1161.8902,0,3359.9419,10696.54549,True,adjust_inspection_priority,public-derived-entity-complete-daily-aggregate
9,4,144,144,144,9.6229167,763.11069,0,3359.9419,10696.54549,True,adjust_inspection_priority,public-derived-entity-complete-daily-aggregate
9,5,144,144,144,9.7722917,572.61861,0,3359.9419,10696.54549,True,adjust_inspection_priority,public-derived-entity-complete-daily-aggregate
9,6,144,144,144,4.3754167,279.54125,0,3359.9419,10696.54549,True,adjust_inspection_priority,public-derived-entity-complete-daily-aggregate
9,7,144,144,144,3.2641667,106.37833,0,3359.9419,10696.54549,True,adjust_inspection_priority,public-derived-entity-complete-daily-aggregate
10,1,144,143,143,8.1960839,566.36734,0,3361.2616,11171.77916,True,adjust_inspection_priority,public-derived-entity-complete-daily-aggregate
10,2,144,144,144,5.7202778,431.36153,0,3361.2616,11171.77916,True,adjust_inspection_priority,public-derived-entity-complete-daily-aggregate
10,3,144,144,144,11.230208,1155.7226,0,3361.2616,11171.77916,True,adjust_inspection_priority,public-derived-entity-complete-daily-aggregate
10,4,144,144,144,9.8863889,758.22174,0,3361.2616,11171.77916,True,adjust_inspection_priority,public-derived-entity-complete-daily-aggregate
10,5,144,144,144,9.9901389,569.36188,0,3361.2616,11171.77916,True,adjust_inspection_priority,public-derived-entity-complete-daily-aggregate
10,6,144,144,144,4.4550694,271.1484,0,3361.2616,11171.77916,True,adjust_inspection_priority,public-derived-entity-complete-daily-aggregate
10,7,144,144,144,3.1066667,88.574722,0,3361.2616,11171.77916,True,adjust_inspection_priority,public-derived-entity-complete-daily-aggregate
11,1,144,143,143,7.9318881,586.18608,0,3244.0619,11646.05877,True,adjust_inspection_priority,public-derived-entity-complete-daily-aggregate
11,2,144,144,144,5.4338889,420.71833,0,3244.0619,11646.05877,True,adjust_inspection_priority,public-derived-entity-complete-daily-aggregate
11,3,144,144,144,10.6825,1154.5332,0,3244.0619,11646.05877,True,adjust_inspection_priority,public-derived-entity-complete-daily-aggregate
11,4,144,144,144,9.4329167,754.44375,0,3244.0619,11646.05877,True,adjust_inspection_priority,public-derived-entity-complete-daily-aggregate
11,5,144,144,144,9.5667361,714.52806,0,3244.0619,11646.05877,True,adjust_inspection_priority,public-derived-entity-complete-daily-aggregate
11,6,144,143,143,4.3354545,267.38867,0,3244.0619,11646.05877,True,adjust_inspection_priority,public-derived-entity-complete-daily-aggregate
11,7,144,144,144,2.9136111,80.556181,0,3244.0619,11646.05877,True,adjust_inspection_priority,public-derived-entity-complete-daily-aggregate
12,1,144,143,143,7.7093007,532.47895,0,3286.7788,12121.00426,True,adjust_inspection_priority,public-derived-entity-complete-daily-aggregate
12,2,144,144,144,5.1514583,400.11285,0,3286.7788,12121.00426,True,adjust_inspection_priority,public-derived-entity-complete-daily-aggregate
12,3,144,144,144,10.417917,1161.1562,0,3286.7788,12121.00426,True,adjust_inspection_priority,public-derived-entity-complete-daily-aggregate
12,4,144,144,144,9.2594444,750.39035,0,3286.7788,12121.00426,True,adjust_inspection_priority,public-derived-entity-complete-daily-aggregate
12,5,144,144,144,9.4086806,721.02437,0,3286.7788,12121.00426,True,adjust_inspection_priority,public-derived-entity-complete-daily-aggregate
12,6,144,144,144,4.2329861,263.67257,0,3286.7788,12121.00426,True,adjust_inspection_priority,public-derived-entity-complete-daily-aggregate
12,7,144,144,144,3.2742361,153.51278,0,3286.7788,12121.00426,True,adjust_inspection_priority,public-derived-entity-complete-daily-aggregate
13,1,144,142,142,7.7212676,572.6807,0,3326.2552,244.02595,True,adjust_inspection_priority,public-derived-entity-complete-daily-aggregate
13,2,144,144,144,4.80625,355.79194,0,3326.2552,244.02595,True,adjust_inspection_priority,public-derived-entity-complete-daily-aggregate
13,3,144,142,142,10.121127,1137.5709,0,3326.2552,244.02595,True,adjust_inspection_priority,public-derived-entity-complete-daily-aggregate
13,4,144,144,144,8.9659722,338.45028,0,3326.2552,244.02595,True,adjust_inspection_priority,public-derived-entity-complete-daily-aggregate
13,5,144,144,144,9.3111806,0,0,3326.2552,244.02595,True,adjust_inspection_priority,public-derived-entity-complete-daily-aggregate
13,6,144,144,144,4.5200694,0,0,3326.2552,244.02595,True,adjust_inspection_priority,public-derived-entity-complete-daily-aggregate
13,7,144,90,90,3.4885556,0,0,3326.2552,244.02595,True,adjust_inspection_priority,public-derived-entity-complete-daily-aggregate
14,1,144,143,143,8.2775524,531.85909,0,3328.7796,719.04816,True,adjust_inspection_priority,public-derived-entity-complete-daily-aggregate
14,2,144,144,144,5.2672222,363.82917,0,3328.7796,719.04816,True,adjust_inspection_priority,public-derived-entity-complete-daily-aggregate
14,3,144,144,144,11.041806,1138.9712,0,3328.7796,719.04816,True,adjust_inspection_priority,public-derived-entity-complete-daily-aggregate
14,4,144,144,144,9.7499306,728.01993,0,3328.7796,719.04816,True,adjust_inspection_priority,public-derived-entity-complete-daily-aggregate
14,5,144,144,144,9.6992361,541.89354,0,3328.7796,719.04816,True,adjust_inspection_priority,public-derived-entity-complete-daily-aggregate
14,6,144,144,144,4.4345833,255.15653,0,3328.7796,719.04816,True,adjust_inspection_priority,public-derived-entity-complete-daily-aggregate
14,7,144,144,144,3.3249306,143.05326,0,3328.7796,719.04816,True,adjust_inspection_priority,public-derived-entity-complete-daily-aggregate
15,1,144,143,143,7.9769231,554.1707,0,3329.7588,1194.28795,True,adjust_inspection_priority,public-derived-entity-complete-daily-aggregate
15,2,144,144,144,4.9643056,331.52618,0,3329.7588,1194.28795,True,adjust_inspection_priority,public-derived-entity-complete-daily-aggregate
15,3,144,144,144,10.6275,1132.6469,0,3329.7588,1194.28795,True,adjust_inspection_priority,public-derived-entity-complete-daily-aggregate
15,4,144,144,144,9.3051389,701.57639,0,3329.7588,1194.28795,True,adjust_inspection_priority,public-derived-entity-complete-daily-aggregate
15,5,144,144,144,9.3095833,516.19264,0,3329.7588,1194.28795,True,adjust_inspection_priority,public-derived-entity-complete-daily-aggregate
15,6,144,144,144,4.2613889,229.75847,0,3329.7588,1194.28795,True,adjust_inspection_priority,public-derived-entity-complete-daily-aggregate
15,7,144,144,144,3.306875,95.965625,0,3329.7588,1194.28795,True,adjust_inspection_priority,public-derived-entity-complete-daily-aggregate
16,1,144,143,143,7.7396503,514.76203,0,3333.9042,1658.25733,True,adjust_inspection_priority,public-derived-entity-complete-daily-aggregate
16,2,144,144,144,4.5765278,313.93271,0,3333.9042,1658.25733,True,adjust_inspection_priority,public-derived-entity-complete-daily-aggregate
16,3,144,144,144,10.313403,1093.5149,0,3333.9042,1658.25733,True,adjust_inspection_priority,public-derived-entity-complete-daily-aggregate
16,4,144,144,144,8.9222222,669.94986,0,3333.9042,1658.25733,True,adjust_inspection_priority,public-derived-entity-complete-daily-aggregate
16,5,144,144,144,9.3404167,687.07181,0,3333.9042,1658.25733,True,adjust_inspection_priority,public-derived-entity-complete-daily-aggregate
16,6,144,143,143,4.1874126,236.25594,0,3333.9042,1658.25733,True,adjust_inspection_priority,public-derived-entity-complete-daily-aggregate
16,7,144,144,144,3.0429861,94.132847,0,3333.9042,1658.25733,True,adjust_inspection_priority,public-derived-entity-complete-daily-aggregate
17,1,144,143,143,7.3485315,562.34014,0,3334.2558,2140.55426,True,adjust_inspection_priority,public-derived-entity-complete-daily-aggregate
17,2,144,144,144,4.2798611,300.39139,0,3334.2558,2140.55426,True,adjust_inspection_priority,public-derived-entity-complete-daily-aggregate
17,3,144,144,144,9.7910417,1112.2326,0,3334.2558,2140.55426,True,adjust_inspection_priority,public-derived-entity-complete-daily-aggregate
17,4,144,143,143,8.587972,899.46301,0,3334.2558,2140.55426,True,adjust_inspection_priority,public-derived-entity-complete-daily-aggregate
17,5,144,142,142,8.7967606,674.00296,0,3334.2558,2140.55426,True,adjust_inspection_priority,public-derived-entity-complete-daily-aggregate
17,6,144,144,144,3.9649306,223.06062,0,3334.2558,2140.55426,True,adjust_inspection_priority,public-derived-entity-complete-daily-aggregate
17,7,144,144,144,3.1978472,100.35583,0,3334.2558,2140.55426,True,adjust_inspection_priority,public-derived-entity-complete-daily-aggregate
18,1,144,143,143,7.8828671,468.55336,0,3336.8477,2615.58831,True,adjust_inspection_priority,public-derived-entity-complete-daily-aggregate
18,2,144,144,144,4.7599306,286.12542,0,3336.8477,2615.58831,True,adjust_inspection_priority,public-derived-entity-complete-daily-aggregate
18,3,144,144,144,10.639444,890.75181,0,3336.8477,2615.58831,True,adjust_inspection_priority,public-derived-entity-complete-daily-aggregate
18,4,144,143,143,9.4232867,640.02566,0,3336.8477,2615.58831,True,adjust_inspection_priority,public-derived-entity-complete-daily-aggregate
18,5,144,144,144,9.5598611,502.77451,0,3336.8477,2615.58831,True,adjust_inspection_priority,public-derived-entity-complete-daily-aggregate
18,6,144,144,144,4.2754861,211.13187,0,3336.8477,2615.58831,True,adjust_inspection_priority,public-derived-entity-complete-daily-aggregate
18,7,144,144,144,3.3297917,110.94194,0,3336.8477,2615.58831,True,adjust_inspection_priority,public-derived-entity-complete-daily-aggregate
19,1,144,143,143,7.253986,560.99049,0,3338.8861,3090.44941,True,adjust_inspection_priority,public-derived-entity-complete-daily-aggregate
19,2,144,144,144,4.2989583,293.4725,0,3338.8861,3090.44941,True,adjust_inspection_priority,public-derived-entity-complete-daily-aggregate
19,3,144,144,144,9.8888889,1086.0343,0,3338.8861,3090.44941,True,adjust_inspection_priority,public-derived-entity-complete-daily-aggregate
19,4,144,144,144,8.5847917,534.23333,0,3338.8861,3090.44941,True,adjust_inspection_priority,public-derived-entity-complete-daily-aggregate
19,5,144,144,144,8.9331944,691.48688,0,3338.8861,3090.44941,True,adjust_inspection_priority,public-derived-entity-complete-daily-aggregate
19,6,144,144,144,3.7836806,205.61958,0,3338.8861,3090.44941,True,adjust_inspection_priority,public-derived-entity-complete-daily-aggregate
19,7,144,144,144,3.0800694,108.40563,0,3338.8861,3090.44941,True,adjust_inspection_priority,public-derived-entity-complete-daily-aggregate
20,1,144,143,143,7.258951,460.27483,0,3361.0339,3566.91886,True,adjust_inspection_priority,public-derived-entity-complete-daily-aggregate
20,2,144,144,144,4.4073611,281.42681,0,3361.0339,3566.91886,True,adjust_inspection_priority,public-derived-entity-complete-daily-aggregate
20,3,144,144,144,9.7138194,882.28743,0,3361.0339,3566.91886,True,adjust_inspection_priority,public-derived-entity-complete-daily-aggregate
20,4,144,144,144,8.6802083,635.07076,0,3361.0339,3566.91886,True,adjust_inspection_priority,public-derived-entity-complete-daily-aggregate
20,5,144,144,144,8.9565278,508.9009,0,3361.0339,3566.91886,True,adjust_inspection_priority,public-derived-entity-complete-daily-aggregate
20,6,144,144,144,3.8946528,192.91917,0,3361.0339,3566.91886,True,adjust_inspection_priority,public-derived-entity-complete-daily-aggregate
20,7,144,144,144,3.194375,120.08229,0,3361.0339,3566.91886,True,adjust_inspection_priority,public-derived-entity-complete-daily-aggregate
21,1,144,143,143,7.2691608,432.37399,0,3249.0218,4043.58605,True,adjust_inspection_priority,public-derived-entity-complete-daily-aggregate
21,2,144,144,144,4.4472222,278.74021,0,3249.0218,4043.58605,True,adjust_inspection_priority,public-derived-entity-complete-daily-aggregate
21,3,144,144,144,10.200833,858.07847,0,3249.0218,4043.58605,True,adjust_inspection_priority,public-derived-entity-complete-daily-aggregate
21,4,144,144,144,9.0149306,642.22847,0,3249.0218,4043.58605,True,adjust_inspection_priority,public-derived-entity-complete-daily-aggregate
21,5,144,144,144,9.3536111,484.93757,0,3249.0218,4043.58605,True,adjust_inspection_priority,public-derived-entity-complete-daily-aggregate
21,6,144,144,144,4.050625,197.53215,0,3249.0218,4043.58605,True,adjust_inspection_priority,public-derived-entity-complete-daily-aggregate
21,7,144,144,144,3.3513889,106.35722,0,3249.0218,4043.58605,True,adjust_inspection_priority,public-derived-entity-complete-daily-aggregate
22,1,144,143,143,7.7734266,584.00853,0,3250.8602,4519.34673,True,adjust_inspection_priority,public-derived-entity-complete-daily-aggregate
22,2,144,144,144,5.735625,480.71194,0,3250.8602,4519.34673,True,adjust_inspection_priority,public-derived-entity-complete-daily-aggregate
22,3,144,144,144,10.566806,1150.0751,0,3250.8602,4519.34673,True,adjust_inspection_priority,public-derived-entity-complete-daily-aggregate
22,4,144,144,144,9.4931944,750.63111,0,3250.8602,4519.34673,True,adjust_inspection_priority,public-derived-entity-complete-daily-aggregate
22,5,144,144,144,9.5182639,598.67229,0,3250.8602,4519.34673,True,adjust_inspection_priority,public-derived-entity-complete-daily-aggregate
22,6,144,144,144,4.3963889,279.62764,0,3250.8602,4519.34673,True,adjust_inspection_priority,public-derived-entity-complete-daily-aggregate
22,7,144,144,144,3.0143056,87.110417,0,3250.8602,4519.34673,True,adjust_inspection_priority,public-derived-entity-complete-daily-aggregate
23,1,144,143,143,7.9240559,535.20119,0,3346.8376,4989.86182,True,adjust_inspection_priority,public-derived-entity-complete-daily-aggregate
23,2,144,144,144,5.8428472,476.91993,0,3346.8376,4989.86182,True,adjust_inspection_priority,public-derived-entity-complete-daily-aggregate
23,3,144,144,144,11.112083,1126.3426,0,3346.8376,4989.86182,True,adjust_inspection_priority,public-derived-entity-complete-daily-aggregate
23,4,144,143,143,9.8142657,744.85979,0,3346.8376,4989.86182,True,adjust_inspection_priority,public-derived-entity-complete-daily-aggregate
23,5,144,143,143,9.8788112,699.80448,0,3346.8376,4989.86182,True,adjust_inspection_priority,public-derived-entity-complete-daily-aggregate
23,6,144,144,144,4.3672222,270.66847,0,3346.8376,4989.86182,True,adjust_inspection_priority,public-derived-entity-complete-daily-aggregate
23,7,144,144,144,3.0590278,93.402639,0,3346.8376,4989.86182,True,adjust_inspection_priority,public-derived-entity-complete-daily-aggregate
24,1,144,143,143,7.6196503,489.17266,0,3322.2136,5465.8856,True,adjust_inspection_priority,public-derived-entity-complete-daily-aggregate
24,2,144,144,144,5.5397917,379.77951,0,3322.2136,5465.8856,True,adjust_inspection_priority,public-derived-entity-complete-daily-aggregate
24,3,144,144,144,10.559583,1077.2308,0,3322.2136,5465.8856,True,adjust_inspection_priority,public-derived-entity-complete-daily-aggregate
24,4,144,144,144,9.3934028,660.32542,0,3322.2136,5465.8856,True,adjust_inspection_priority,public-derived-entity-complete-daily-aggregate
24,5,144,144,144,9.4764583,474.66458,0,3322.2136,5465.8856,True,adjust_inspection_priority,public-derived-entity-complete-daily-aggregate
24,6,144,144,144,4.2283333,203.69368,0,3322.2136,5465.8856,True,adjust_inspection_priority,public-derived-entity-complete-daily-aggregate
24,7,144,144,144,2.9357639,59.691944,0,3322.2136,5465.8856,True,adjust_inspection_priority,public-derived-entity-complete-daily-aggregate
25,1,144,143,143,7.8118182,570.53021,0,4260.8151,5699.75016,True,adjust_inspection_priority,public-derived-entity-complete-daily-aggregate
25,2,144,144,144,5.4790972,466.37208,0,4260.8151,5699.75016,True,adjust_inspection_priority,public-derived-entity-complete-daily-aggregate
25,3,144,144,144,9.9148611,1129.6903,0,4260.8151,5699.75016,True,adjust_inspection_priority,public-derived-entity-complete-daily-aggregate
25,4,144,144,144,8.9553472,979.35208,0,4260.8151,5699.75016,True,adjust_inspection_priority,public-derived-entity-complete-daily-aggregate
25,5,144,144,144,9.0673611,699.47021,0,4260.8151,5699.75016,True,adjust_inspection_priority,public-derived-entity-complete-daily-aggregate
25,6,144,144,144,4.0145139,267.54222,0,4260.8151,5699.75016,True,adjust_inspection_priority,public-derived-entity-complete-daily-aggregate
25,7,144,144,144,2.7559722,82.924306,0,4260.8151,5699.75016,True,adjust_inspection_priority,public-derived-entity-complete-daily-aggregate
26,1,144,143,143,7.9455245,586.90126,0,4328.53,6171.98539,True,adjust_inspection_priority,public-derived-entity-complete-daily-aggregate
26,2,144,144,144,5.736875,464.32021,0,4328.53,6171.98539,True,adjust_inspection_priority,public-derived-entity-complete-daily-aggregate
26,3,144,143,143,10.92014,1132.2179,0,4328.53,6171.98539,True,adjust_inspection_priority,public-derived-entity-complete-daily-aggregate
26,4,144,144,144,9.6240972,767.57861,0,4328.53,6171.98539,True,adjust_inspection_priority,public-derived-entity-complete-daily-aggregate
26,5,144,144,144,9.9428472,718.23604,0,4328.53,6171.98539,True,adjust_inspection_priority,public-derived-entity-complete-daily-aggregate
26,6,144,144,144,4.4533333,280.80931,0,4328.53,6171.98539,True,adjust_inspection_priority,public-derived-entity-complete-daily-aggregate
26,7,144,144,144,3.0025,74.07375,0,4328.53,6171.98539,True,adjust_inspection_priority,public-derived-entity-complete-daily-aggregate
27,1,144,143,143,7.8518182,561.68657,0,4331.9147,6650.66702,True,adjust_inspection_priority,public-derived-entity-complete-daily-aggregate
27,2,144,144,144,5.5464583,423.90681,0,4331.9147,6650.66702,True,adjust_inspection_priority,public-derived-entity-complete-daily-aggregate
27,3,144,144,144,11.572639,1100.0188,0,4331.9147,6650.66702,True,adjust_inspection_priority,public-derived-entity-complete-daily-aggregate
27,4,144,144,144,10.363542,827.95403,0,4331.9147,6650.66702,True,adjust_inspection_priority,public-derived-entity-complete-daily-aggregate
27,5,144,144,144,10.472639,534.7566,0,4331.9147,6650.66702,True,adjust_inspection_priority,public-derived-entity-complete-daily-aggregate
27,6,144,144,144,4.5568056,243.68208,0,4331.9147,6650.66702,True,adjust_inspection_priority,public-derived-entity-complete-daily-aggregate
27,7,144,144,144,3.1920139,79.704306,0,4331.9147,6650.66702,True,adjust_inspection_priority,public-derived-entity-complete-daily-aggregate
28,1,144,143,143,8.0015385,512.91413,0,4373.2043,7122.6401,True,adjust_inspection_priority,public-derived-entity-complete-daily-aggregate
28,2,144,144,144,5.6282639,402.21069,0,4373.2043,7122.6401,True,adjust_inspection_priority,public-derived-entity-complete-daily-aggregate
28,3,144,144,144,10.877153,1113.3172,0,4373.2043,7122.6401,True,adjust_inspection_priority,public-derived-entity-complete-daily-aggregate
28,4,144,144,144,9.5734028,733.12021,0,4373.2043,7122.6401,True,adjust_inspection_priority,public-derived-entity-complete-daily-aggregate
28,5,144,144,144,9.5636806,531.35903,0,4373.2043,7122.6401,True,adjust_inspection_priority,public-derived-entity-complete-daily-aggregate
28,6,144,144,144,4.3915972,237.93847,0,4373.2043,7122.6401,True,adjust_inspection_priority,public-derived-entity-complete-daily-aggregate
28,7,144,144,144,3.0230556,104.04556,0,4373.2043,7122.6401,True,adjust_inspection_priority,public-derived-entity-complete-daily-aggregate
29,1,144,143,143,7.9713986,563.2072,0,4267.1024,7597.96708,True,adjust_inspection_priority,public-derived-entity-complete-daily-aggregate
29,2,144,144,144,5.500625,385.34736,0,4267.1024,7597.96708,True,adjust_inspection_priority,public-derived-entity-complete-daily-aggregate
29,3,144,144,144,10.753125,1097.6201,0,4267.1024,7597.96708,True,adjust_inspection_priority,public-derived-entity-complete-daily-aggregate
29,4,144,144,144,9.5863889,911.20611,0,4267.1024,7597.96708,True,adjust_inspection_priority,public-derived-entity-complete-daily-aggregate
29,5,144,144,144,9.7222222,531.60951,0,4267.1024,7597.96708,True,adjust_inspection_priority,public-derived-entity-complete-daily-aggregate
29,6,144,144,144,4.2840278,232.53632,0,4267.1024,7597.96708,True,adjust_inspection_priority,public-derived-entity-complete-daily-aggregate
29,7,144,144,144,3.1295833,121.09076,0,4267.1024,7597.96708,True,adjust_inspection_priority,public-derived-entity-complete-daily-aggregate
30,1,144,143,143,7.3125874,461.76538,0,4333.9194,8075.09406,True,adjust_inspection_priority,public-derived-entity-complete-daily-aggregate
30,2,144,144,144,4.9478472,289.79889,0,4333.9194,8075.09406,True,adjust_inspection_priority,public-derived-entity-complete-daily-aggregate
30,3,144,143,143,10.159441,1023.675,0,4333.9194,8075.09406,True,adjust_inspection_priority,public-derived-entity-complete-daily-aggregate
30,4,144,144,144,9.0088194,611.83736,0,4333.9194,8075.09406,True,adjust_inspection_priority,public-derived-entity-complete-daily-aggregate
30,5,144,144,144,9.1548611,590.35368,0,4333.9194,8075.09406,True,adjust_inspection_priority,public-derived-entity-complete-daily-aggregate
30,6,144,144,144,3.9825,166.5084,0,4333.9194,8075.09406,True,adjust_inspection_priority,public-derived-entity-complete-daily-aggregate
30,7,144,144,144,2.901875,52.020069,0,4333.9194,8075.09406,True,adjust_inspection_priority,public-derived-entity-complete-daily-aggregate
31,1,144,143,143,4.4964336,-0.13006993,1,4363.0583,9974.68922,True,adjust_inspection_priority,public-derived-entity-complete-daily-aggregate
31,2,144,144,144,1.7884028,115.93014,1,4363.0583,9974.68922,True,adjust_inspection_priority,public-derived-entity-complete-daily-aggregate
31,3,144,144,144,11.638403,1106.2519,1,4363.0583,9974.68922,True,adjust_inspection_priority,public-derived-entity-complete-daily-aggregate
31,4,144,144,144,10.386806,970.94201,1,4363.0583,9974.68922,True,adjust_inspection_priority,public-derived-entity-complete-daily-aggregate
31,5,144,143,143,10.438741,538.61476,1,4363.0583,9974.68922,True,adjust_inspection_priority,public-derived-entity-complete-daily-aggregate
31,6,144,144,144,4.6583333,248.26562,1,4363.0583,9974.68922,True,adjust_inspection_priority,public-derived-entity-complete-daily-aggregate
31,7,144,144,144,3.2879167,120.99944,1,4363.0583,9974.68922,True,adjust_inspection_priority,public-derived-entity-complete-daily-aggregate
32,1,144,143,143,7.544965,503.92385,0,4341.538,10448.7068,True,adjust_inspection_priority,public-derived-entity-complete-daily-aggregate
32,2,144,144,144,4.9135417,320.5284,0,4341.538,10448.7068,True,adjust_inspection_priority,public-derived-entity-complete-daily-aggregate
32,3,144,144,144,10.322639,1075.9678,0,4341.538,10448.7068,True,adjust_inspection_priority,public-derived-entity-complete-daily-aggregate
32,4,144,144,144,9.0494444,665.0266,0,4341.538,10448.7068,True,adjust_inspection_priority,public-derived-entity-complete-daily-aggregate
32,5,144,144,144,9.3829167,472.03576,0,4341.538,10448.7068,True,adjust_inspection_priority,public-derived-entity-complete-daily-aggregate
32,6,144,144,144,4.0949306,208.18951,0,4341.538,10448.7068,True,adjust_inspection_priority,public-derived-entity-complete-daily-aggregate
32,7,144,144,144,2.9917361,64.622708,0,4341.538,10448.7068,True,adjust_inspection_priority,public-derived-entity-complete-daily-aggregate
33,1,144,143,143,7.5233566,522.99552,0,4341.2239,10923.51197,True,adjust_inspection_priority,public-derived-entity-complete-daily-aggregate
33,2,144,144,144,4.8754861,338.02257,0,4341.2239,10923.51197,True,adjust_inspection_priority,public-derived-entity-complete-daily-aggregate
33,3,144,144,144,10.467708,1114.2326,0,4341.2239,10923.51197,True,adjust_inspection_priority,public-derived-entity-complete-daily-aggregate
33,4,144,144,144,9.1172222,711.86944,0,4341.2239,10923.51197,True,adjust_inspection_priority,public-derived-entity-complete-daily-aggregate
33,5,144,144,144,9.5655556,534.32521,0,4341.2239,10923.51197,True,adjust_inspection_priority,public-derived-entity-complete-daily-aggregate
33,6,144,144,144,4.0829861,227.15076,0,4341.2239,10923.51197,True,adjust_inspection_priority,public-derived-entity-complete-daily-aggregate
33,7,144,144,144,3.1202778,79.975347,0,4341.2239,10923.51197,True,adjust_inspection_priority,public-derived-entity-complete-daily-aggregate
34,1,144,143,143,7.5666434,474.10399,0,4475.873,11359.03927,True,adjust_inspection_priority,public-derived-entity-complete-daily-aggregate
34,2,144,144,144,4.7428472,322.34521,0,4475.873,11359.03927,True,adjust_inspection_priority,public-derived-entity-complete-daily-aggregate
34,3,144,144,144,10.077708,894.71583,0,4475.873,11359.03927,True,adjust_inspection_priority,public-derived-entity-complete-daily-aggregate
34,4,144,144,144,9.0323611,675.40278,0,4475.873,11359.03927,True,adjust_inspection_priority,public-derived-entity-complete-daily-aggregate
34,5,144,144,144,9.005,465.04826,0,4475.873,11359.03927,True,adjust_inspection_priority,public-derived-entity-complete-daily-aggregate
34,6,144,144,144,4.0997917,227.79542,0,4475.873,11359.03927,True,adjust_inspection_priority,public-derived-entity-complete-daily-aggregate
34,7,144,144,144,2.9841667,77.173889,0,4475.873,11359.03927,True,adjust_inspection_priority,public-derived-entity-complete-daily-aggregate
35,1,144,143,143,7.7327273,546.3914,0,4305.956,11874.6941,True,adjust_inspection_priority,public-derived-entity-complete-daily-aggregate
35,2,144,144,144,4.7727778,324.48167,0,4305.956,11874.6941,True,adjust_inspection_priority,public-derived-entity-complete-daily-aggregate
35,3,144,144,144,10.269028,1091.7484,0,4305.956,11874.6941,True,adjust_inspection_priority,public-derived-entity-complete-daily-aggregate
35,4,144,144,144,9.0877083,656.22097,0,4305.956,11874.6941,True,adjust_inspection_priority,public-derived-entity-complete-daily-aggregate
35,5,144,144,144,9.0536111,474.3691,0,4305.956,11874.6941,True,adjust_inspection_priority,public-derived-entity-complete-daily-aggregate
35,6,144,144,144,4.1968056,236.75868,0,4305.956,11874.6941,True,adjust_inspection_priority,public-derived-entity-complete-daily-aggregate
35,7,144,144,144,3.0729167,91.738542,0,4305.956,11874.6941,True,adjust_inspection_priority,public-derived-entity-complete-daily-aggregate
36,1,144,143,143,7.8155245,484.9479,0,4303.7037,0,True,adjust_inspection_priority,public-derived-entity-complete-daily-aggregate
36,2,144,143,143,4.6977622,333.3114,0,4303.7037,0,True,adjust_inspection_priority,public-derived-entity-complete-daily-aggregate
36,3,144,144,144,10.310347,918.74611,0,4303.7037,0,True,adjust_inspection_priority,public-derived-entity-complete-daily-aggregate
36,4,144,144,144,8.905,655.10931,0,4303.7037,0,True,adjust_inspection_priority,public-derived-entity-complete-daily-aggregate
36,5,144,144,144,9.3961111,498.76958,0,4303.7037,0,True,adjust_inspection_priority,public-derived-entity-complete-daily-aggregate
36,6,144,144,144,4.0608333,236.07875,0,4303.7037,0,True,adjust_inspection_priority,public-derived-entity-complete-daily-aggregate
36,7,144,144,144,2.9635417,120.74965,0,4303.7037,0,True,adjust_inspection_priority,public-derived-entity-complete-daily-aggregate
37,1,144,143,143,7.8611189,575.04979,0,4306.233,473.27282,True,adjust_inspection_priority,public-derived-entity-complete-daily-aggregate
37,2,144,144,144,4.7239583,325.54729,0,4306.233,473.27282,True,adjust_inspection_priority,public-derived-entity-complete-daily-aggregate
37,3,144,144,144,10.470278,1105.4918,0,4306.233,473.27282,True,adjust_inspection_priority,public-derived-entity-complete-daily-aggregate
37,4,144,143,143,9.2240559,703.91448,0,4306.233,473.27282,True,adjust_inspection_priority,public-derived-entity-complete-daily-aggregate
37,5,144,144,144,9.4717361,682.74437,0,4306.233,473.27282,True,adjust_inspection_priority,public-derived-entity-complete-daily-aggregate
37,6,144,144,144,4.0691667,216.34271,0,4306.233,473.27282,True,adjust_inspection_priority,public-derived-entity-complete-daily-aggregate
37,7,144,144,144,3.0602778,82.952361,0,4306.233,473.27282,True,adjust_inspection_priority,public-derived-entity-complete-daily-aggregate
38,1,144,141,141,3.1526241,214.11929,0,4308.0735,949.48701,True,adjust_inspection_priority,public-derived-entity-complete-daily-aggregate
38,2,144,144,144,5.03875,315.69396,0,4308.0735,949.48701,True,adjust_inspection_priority,public-derived-entity-complete-daily-aggregate
38,3,144,144,144,11.435625,1125.7576,0,4308.0735,949.48701,True,adjust_inspection_priority,public-derived-entity-complete-daily-aggregate
38,4,144,144,144,9.8420139,680.70361,0,4308.0735,949.48701,True,adjust_inspection_priority,public-derived-entity-complete-daily-aggregate
38,5,144,144,144,9.5177778,495.53347,0,4308.0735,949.48701,True,adjust_inspection_priority,public-derived-entity-complete-daily-aggregate
38,6,144,144,144,4.0717361,218.56382,0,4308.0735,949.48701,True,adjust_inspection_priority,public-derived-entity-complete-daily-aggregate
38,7,144,144,144,3.0418056,112.99153,0,4308.0735,949.48701,True,adjust_inspection_priority,public-derived-entity-complete-daily-aggregate
39,1,144,142,142,8.2424648,554.49268,1,4310.2121,1424.7466,True,adjust_inspection_priority,public-derived-entity-complete-daily-aggregate
39,2,144,144,144,5.0059028,302.31562,1,4310.2121,1424.7466,True,adjust_inspection_priority,public-derived-entity-complete-daily-aggregate
39,3,144,144,144,11.338889,1092.0191,1,4310.2121,1424.7466,True,adjust_inspection_priority,public-derived-entity-complete-daily-aggregate
39,4,144,144,144,9.7540278,564.72451,1,4310.2121,1424.7466,True,adjust_inspection_priority,public-derived-entity-complete-daily-aggregate
39,5,144,143,143,10.09979,667.51301,1,4310.2121,1424.7466,True,adjust_inspection_priority,public-derived-entity-complete-daily-aggregate
39,6,144,144,144,4.3170139,144.69104,1,4310.2121,1424.7466,True,adjust_inspection_priority,public-derived-entity-complete-daily-aggregate
39,7,144,144,144,3.3418056,96.1375,1,4310.2121,1424.7466,True,adjust_inspection_priority,public-derived-entity-complete-daily-aggregate
40,1,144,143,143,7.831958,511.37902,1,4312.2476,1901.0316,True,adjust_inspection_priority,public-derived-entity-complete-daily-aggregate
40,2,144,144,144,4.5009028,249.12764,1,4312.2476,1901.0316,True,adjust_inspection_priority,public-derived-entity-complete-daily-aggregate
40,3,144,144,144,10.977153,1042.9078,1,4312.2476,1901.0316,True,adjust_inspection_priority,public-derived-entity-complete-daily-aggregate
40,4,144,144,144,9.6870139,620.55993,1,4312.2476,1901.0316,True,adjust_inspection_priority,public-derived-entity-complete-daily-aggregate
40,5,144,144,144,10.244792,468.25799,1,4312.2476,1901.0316,True,adjust_inspection_priority,public-derived-entity-complete-daily-aggregate
40,6,144,144,144,4.301875,192.49514,1,4312.2476,1901.0316,True,adjust_inspection_priority,public-derived-entity-complete-daily-aggregate
40,7,144,143,143,3.5468531,144.70734,1,4312.2476,1901.0316,True,adjust_inspection_priority,public-derived-entity-complete-daily-aggregate
41,1,144,143,143,6.8396503,434.82615,0,4353.3118,2373.37382,True,adjust_inspection_priority,public-derived-entity-complete-daily-aggregate
41,2,144,144,144,3.9489583,241.48868,0,4353.3118,2373.37382,True,adjust_inspection_priority,public-derived-entity-complete-daily-aggregate
41,3,144,144,144,9.4397222,858.83069,0,4353.3118,2373.37382,True,adjust_inspection_priority,public-derived-entity-complete-daily-aggregate
41,4,144,144,144,8.3726389,515.19278,0,4353.3118,2373.37382,True,adjust_inspection_priority,public-derived-entity-complete-daily-aggregate
41,5,144,144,144,8.9731944,496.44424,0,4353.3118,2373.37382,True,adjust_inspection_priority,public-derived-entity-complete-daily-aggregate
41,6,144,144,144,3.8159028,196.46153,0,4353.3118,2373.37382,True,adjust_inspection_priority,public-derived-entity-complete-daily-aggregate
41,7,144,144,144,3.1718056,113.74125,0,4353.3118,2373.37382,True,adjust_inspection_priority,public-derived-entity-complete-daily-aggregate
42,1,144,143,143,7.5037063,530.3214,0,4315.7548,2851.53764,True,adjust_inspection_priority,public-derived-entity-complete-daily-aggregate
42,2,144,144,144,4.3720833,259.02465,0,4315.7548,2851.53764,True,adjust_inspection_priority,public-derived-entity-complete-daily-aggregate
42,3,144,144,144,10.369722,1050.7346,0,4315.7548,2851.53764,True,adjust_inspection_priority,public-derived-entity-complete-daily-aggregate
42,4,144,144,144,9.0095139,628.49076,0,4315.7548,2851.53764,True,adjust_inspection_priority,public-derived-entity-complete-daily-aggregate
42,5,144,144,144,9.6694444,690.53799,0,4315.7548,2851.53764,True,adjust_inspection_priority,public-derived-entity-complete-daily-aggregate
42,6,144,144,144,4.0559028,196.84715,0,4315.7548,2851.53764,True,adjust_inspection_priority,public-derived-entity-complete-daily-aggregate
42,7,144,144,144,3.4051389,121.80403,0,4315.7548,2851.53764,True,adjust_inspection_priority,public-derived-entity-complete-daily-aggregate
43,1,144,143,143,7.2259441,483.91273,0,4357.3789,3325.82225,True,adjust_inspection_priority,public-derived-entity-complete-daily-aggregate
43,2,144,144,144,4.1455556,262.28785,0,4357.3789,3325.82225,True,adjust_inspection_priority,public-derived-entity-complete-daily-aggregate
43,3,144,144,144,9.8748611,1024.7499,0,4357.3789,3325.82225,True,adjust_inspection_priority,public-derived-entity-complete-daily-aggregate
43,4,144,144,144,8.9295833,670.54729,0,4357.3789,3325.82225,True,adjust_inspection_priority,public-derived-entity-complete-daily-aggregate
43,5,144,144,144,9.3159722,411.08396,0,4357.3789,3325.82225,True,adjust_inspection_priority,public-derived-entity-complete-daily-aggregate
43,6,144,144,144,3.9316667,-0.21027778,0,4357.3789,3325.82225,True,adjust_inspection_priority,public-derived-entity-complete-daily-aggregate
43,7,144,144,144,2.7397222,0,0,4357.3789,3325.82225,True,adjust_inspection_priority,public-derived-entity-complete-daily-aggregate
44,1,144,143,143,6.304965,524.49573,0,4320.3892,3800.20052,True,adjust_inspection_priority,public-derived-entity-complete-daily-aggregate
44,2,144,143,143,3.4251748,246.69364,0,4320.3892,3800.20052,True,adjust_inspection_priority,public-derived-entity-complete-daily-aggregate
44,3,144,144,144,9.3090972,1057.4315,0,4320.3892,3800.20052,True,adjust_inspection_priority,public-derived-entity-complete-daily-aggregate
44,4,144,143,143,8.0312587,660.80615,0,4320.3892,3800.20052,True,adjust_inspection_priority,public-derived-entity-complete-daily-aggregate
44,5,144,144,144,8.5509722,671.90188,0,4320.3892,3800.20052,True,adjust_inspection_priority,public-derived-entity-complete-daily-aggregate
44,6,144,143,143,3.4412587,207.34154,0,4320.3892,3800.20052,True,adjust_inspection_priority,public-derived-entity-complete-daily-aggregate
44,7,144,144,144,2.7393056,102.24194,0,4320.3892,3800.20052,True,adjust_inspection_priority,public-derived-entity-complete-daily-aggregate
45,1,144,143,143,8.3868531,479.45727,1,4320.6831,4245.29983,True,adjust_inspection_priority,public-derived-entity-complete-daily-aggregate
45,2,144,143,143,6.1257343,349.36,1,4320.6831,4245.29983,True,adjust_inspection_priority,public-derived-entity-complete-daily-aggregate
45,3,144,144,144,11.391736,969.71528,1,4320.6831,4245.29983,True,adjust_inspection_priority,public-derived-entity-complete-daily-aggregate
45,4,144,144,144,10.189514,808.61507,1,4320.6831,4245.29983,True,adjust_inspection_priority,public-derived-entity-complete-daily-aggregate
45,5,144,144,144,10.213819,523.96681,1,4320.6831,4245.29983,True,adjust_inspection_priority,public-derived-entity-complete-daily-aggregate
45,6,144,144,144,4.6925694,211.32465,1,4320.6831,4245.29983,True,adjust_inspection_priority,public-derived-entity-complete-daily-aggregate
45,7,144,144,144,3.1252778,61.202847,1,4320.6831,4245.29983,True,adjust_inspection_priority,public-derived-entity-complete-daily-aggregate
46,1,144,143,143,7.4927972,493.97909,0,4349.2935,4748.01915,True,adjust_inspection_priority,public-derived-entity-complete-daily-aggregate
46,2,144,144,144,5.4722917,417.17646,0,4349.2935,4748.01915,True,adjust_inspection_priority,public-derived-entity-complete-daily-aggregate
46,3,144,143,143,10.646154,1021.761,0,4349.2935,4748.01915,True,adjust_inspection_priority,public-derived-entity-complete-daily-aggregate
46,4,144,144,144,9.3470833,897.06653,0,4349.2935,4748.01915,True,adjust_inspection_priority,public-derived-entity-complete-daily-aggregate
46,5,144,144,144,9.5156944,662.01174,0,4349.2935,4748.01915,True,adjust_inspection_priority,public-derived-entity-complete-daily-aggregate
46,6,144,144,144,4.0234028,248.74528,0,4349.2935,4748.01915,True,adjust_inspection_priority,public-derived-entity-complete-daily-aggregate
46,7,144,144,144,2.8826389,86.553958,0,4349.2935,4748.01915,True,adjust_inspection_priority,public-derived-entity-complete-daily-aggregate
47,1,144,143,143,7.5307692,531.2351,0,4418.2569,5250.99853,True,adjust_inspection_priority,public-derived-entity-complete-daily-aggregate
47,2,144,144,144,5.5896528,410.58708,0,4418.2569,5250.99853,True,adjust_inspection_priority,public-derived-entity-complete-daily-aggregate
47,3,144,144,144,10.308472,779.33674,0,4418.2569,5250.99853,True,adjust_inspection_priority,public-derived-entity-complete-daily-aggregate
47,4,144,143,143,9.2486014,713.26266,0,4418.2569,5250.99853,True,adjust_inspection_priority,public-derived-entity-complete-daily-aggregate
47,5,144,144,144,9.4346528,607.86326,0,4418.2569,5250.99853,True,adjust_inspection_priority,public-derived-entity-complete-daily-aggregate
47,6,144,144,144,4.2748611,243.63271,0,4418.2569,5250.99853,True,adjust_inspection_priority,public-derived-entity-complete-daily-aggregate
47,7,144,144,144,2.8613889,70.204097,0,4418.2569,5250.99853,True,adjust_inspection_priority,public-derived-entity-complete-daily-aggregate
48,1,144,143,143,8.0974825,480.20385,1,5501.4529,5458.61691,True,adjust_inspection_priority,public-derived-entity-complete-daily-aggregate
48,2,144,144,144,5.8911806,392.03688,1,5501.4529,5458.61691,True,adjust_inspection_priority,public-derived-entity-complete-daily-aggregate
48,3,144,144,144,11.299514,970.26243,1,5501.4529,5458.61691,True,adjust_inspection_priority,public-derived-entity-complete-daily-aggregate
48,4,144,144,144,9.8300694,671.87799,1,5501.4529,5458.61691,True,adjust_inspection_priority,public-derived-entity-complete-daily-aggregate
48,5,144,144,144,10.110069,495.14097,1,5501.4529,5458.61691,True,adjust_inspection_priority,public-derived-entity-complete-daily-aggregate
48,6,144,144,144,4.635,243.59722,1,5501.4529,5458.61691,True,adjust_inspection_priority,public-derived-entity-complete-daily-aggregate
48,7,144,144,144,3.0814583,77.574514,1,5501.4529,5458.61691,True,adjust_inspection_priority,public-derived-entity-complete-daily-aggregate
49,1,144,142,142,7.8454225,541.46063,0,5239.0025,5933.88235,True,adjust_inspection_priority,public-derived-entity-complete-daily-aggregate
49,2,144,144,144,5.6220139,411.03944,0,5239.0025,5933.88235,True,adjust_inspection_priority,public-derived-entity-complete-daily-aggregate
49,3,144,144,144,10.717361,1019.102,0,5239.0025,5933.88235,True,adjust_inspection_priority,public-derived-entity-complete-daily-aggregate
49,4,144,144,144,9.5072917,698.61674,0,5239.0025,5933.88235,True,adjust_inspection_priority,public-derived-entity-complete-daily-aggregate
49,5,144,144,144,9.5785417,516.93222,0,5239.0025,5933.88235,True,adjust_inspection_priority,public-derived-entity-complete-daily-aggregate
49,6,144,144,144,4.3920139,243.79153,0,5239.0025,5933.88235,True,adjust_inspection_priority,public-derived-entity-complete-daily-aggregate
49,7,144,144,144,2.9977083,77.952222,0,5239.0025,5933.88235,True,adjust_inspection_priority,public-derived-entity-complete-daily-aggregate
50,1,144,143,143,7.631049,512.57902,0,5283.0121,6408.29573,True,adjust_inspection_priority,public-derived-entity-complete-daily-aggregate
50,2,144,144,144,5.2911806,389.26451,0,5283.0121,6408.29573,True,adjust_inspection_priority,public-derived-entity-complete-daily-aggregate
50,3,144,144,144,10.372917,948.60896,0,5283.0121,6408.29573,True,adjust_inspection_priority,public-derived-entity-complete-daily-aggregate
50,4,144,144,144,9.0396528,526.66549,0,5283.0121,6408.29573,True,adjust_inspection_priority,public-derived-entity-complete-daily-aggregate
50,5,144,144,144,9.3623611,301.95139,0,5283.0121,6408.29573,True,adjust_inspection_priority,public-derived-entity-complete-daily-aggregate
50,6,144,144,144,4.2290972,243.71674,0,5283.0121,6408.29573,True,adjust_inspection_priority,public-derived-entity-complete-daily-aggregate
50,7,144,143,143,2.9852448,88.081678,0,5283.0121,6408.29573,True,adjust_inspection_priority,public-derived-entity-complete-daily-aggregate
51,1,144,143,143,7.5178322,487.03007,0,5309.2053,6882.09493,True,adjust_inspection_priority,public-derived-entity-complete-daily-aggregate
51,2,144,144,144,5.1700694,370.97187,0,5309.2053,6882.09493,True,adjust_inspection_priority,public-derived-entity-complete-daily-aggregate
51,3,144,144,144,10.2875,1034.1331,0,5309.2053,6882.09493,True,adjust_inspection_priority,public-derived-entity-complete-daily-aggregate
51,4,144,144,144,9.0866667,940.26924,0,5309.2053,6882.09493,True,adjust_inspection_priority,public-derived-entity-complete-daily-aggregate
51,5,144,143,143,9.2575524,670.21678,0,5309.2053,6882.09493,True,adjust_inspection_priority,public-derived-entity-complete-daily-aggregate
51,6,144,144,144,4.1332639,227.01618,0,5309.2053,6882.09493,True,adjust_inspection_priority,public-derived-entity-complete-daily-aggregate
51,7,144,144,144,2.8639583,73.118611,0,5309.2053,6882.09493,True,adjust_inspection_priority,public-derived-entity-complete-daily-aggregate
52,1,144,143,143,8.1357343,539.19531,0,5182.8594,8810.61678,True,adjust_inspection_priority,public-derived-entity-complete-daily-aggregate
52,2,144,144,144,5.3172222,346.76368,0,5182.8594,8810.61678,True,adjust_inspection_priority,public-derived-entity-complete-daily-aggregate
52,3,144,143,143,11.037203,1008.7849,0,5182.8594,8810.61678,True,adjust_inspection_priority,public-derived-entity-complete-daily-aggregate
52,4,144,144,144,9.5446528,728.88361,0,5182.8594,8810.61678,True,adjust_inspection_priority,public-derived-entity-complete-daily-aggregate
52,5,144,143,143,9.8623077,553.79874,0,5182.8594,8810.61678,True,adjust_inspection_priority,public-derived-entity-complete-daily-aggregate
52,6,144,143,143,4.3197203,225.84615,0,5182.8594,8810.61678,True,adjust_inspection_priority,public-derived-entity-complete-daily-aggregate
52,7,144,144,144,3.0729861,107.82424,0,5182.8594,8810.61678,True,adjust_inspection_priority,public-derived-entity-complete-daily-aggregate
53,1,144,143,143,7.5591608,372.61084,1,5289.465,9287.65496,True,adjust_inspection_priority,public-derived-entity-complete-daily-aggregate
53,2,144,144,144,5.000625,262.61625,1,5289.465,9287.65496,True,adjust_inspection_priority,public-derived-entity-complete-daily-aggregate
53,3,144,144,144,10.072917,518.81444,1,5289.465,9287.65496,True,adjust_inspection_priority,public-derived-entity-complete-daily-aggregate
53,4,144,144,144,8.9542361,147.81583,1,5289.465,9287.65496,True,adjust_inspection_priority,public-derived-entity-complete-daily-aggregate
53,5,144,144,144,9.2307639,150.82104,1,5289.465,9287.65496,True,adjust_inspection_priority,public-derived-entity-complete-daily-aggregate
53,6,144,144,144,3.7589583,-0.19166667,1,5289.465,9287.65496,True,adjust_inspection_priority,public-derived-entity-complete-daily-aggregate
53,7,144,144,144,2.4260417,12.005417,1,5289.465,9287.65496,True,adjust_inspection_priority,public-derived-entity-complete-daily-aggregate
54,1,144,143,143,7.5636364,496.44392,0,5317.0343,9736.40115,True,adjust_inspection_priority,public-derived-entity-complete-daily-aggregate
54,2,144,144,144,5.1338889,354.80903,0,5317.0343,9736.40115,True,adjust_inspection_priority,public-derived-entity-complete-daily-aggregate
54,3,144,144,144,10.059861,1009.3018,0,5317.0343,9736.40115,True,adjust_inspection_priority,public-derived-entity-complete-daily-aggregate
54,4,144,144,144,8.9064583,716.36875,0,5317.0343,9736.40115,True,adjust_inspection_priority,public-derived-entity-complete-daily-aggregate
54,5,144,143,143,9.1120979,597.14769,0,5317.0343,9736.40115,True,adjust_inspection_priority,public-derived-entity-complete-daily-aggregate
54,6,144,144,144,4.1186806,208.70701,0,5317.0343,9736.40115,True,adjust_inspection_priority,public-derived-entity-complete-daily-aggregate
54,7,144,144,144,2.9347222,98.538889,0,5317.0343,9736.40115,True,adjust_inspection_priority,public-derived-entity-complete-daily-aggregate
55,1,144,142,142,7.7315493,475.5519,0,5340.0893,10182.55459,True,adjust_inspection_priority,public-derived-entity-complete-daily-aggregate
55,2,144,144,144,4.9497917,331.00889,0,5340.0893,10182.55459,True,adjust_inspection_priority,public-derived-entity-complete-daily-aggregate
55,3,144,143,143,10.355734,1007.6595,0,5340.0893,10182.55459,True,adjust_inspection_priority,public-derived-entity-complete-daily-aggregate
55,4,144,144,144,9.1738889,631.44458,0,5340.0893,10182.55459,True,adjust_inspection_priority,public-derived-entity-complete-daily-aggregate
55,5,144,144,144,9.1672917,481.52618,0,5340.0893,10182.55459,True,adjust_inspection_priority,public-derived-entity-complete-daily-aggregate
55,6,144,144,144,4.0482639,194.69222,0,5340.0893,10182.55459,True,adjust_inspection_priority,public-derived-entity-complete-daily-aggregate
55,7,144,144,144,2.9885417,70.492639,0,5340.0893,10182.55459,True,adjust_inspection_priority,public-derived-entity-complete-daily-aggregate
56,1,144,142,142,7.3158451,524.6257,0,5384.8995,10690.89613,True,adjust_inspection_priority,public-derived-entity-complete-daily-aggregate
56,2,144,144,144,4.4276389,292.98417,0,5384.8995,10690.89613,True,adjust_inspection_priority,public-derived-entity-complete-daily-aggregate
56,3,144,144,144,9.8043056,1001.2062,0,5384.8995,10690.89613,True,adjust_inspection_priority,public-derived-entity-complete-daily-aggregate
56,4,144,144,144,8.5634722,688.52493,0,5384.8995,10690.89613,True,adjust_inspection_priority,public-derived-entity-complete-daily-aggregate
56,5,144,144,144,8.9424306,637.86444,0,5384.8995,10690.89613,True,adjust_inspection_priority,public-derived-entity-complete-daily-aggregate
56,6,144,144,144,3.8038194,200.68285,0,5384.8995,10690.89613,True,adjust_inspection_priority,public-derived-entity-complete-daily-aggregate
56,7,144,144,144,2.7173611,98.115694,0,5384.8995,10690.89613,True,adjust_inspection_priority,public-derived-entity-complete-daily-aggregate
57,1,144,143,143,7.6953147,472.44986,0,5360.5356,11165.39719,True,adjust_inspection_priority,public-derived-entity-complete-daily-aggregate
57,2,144,144,144,4.7815972,285.36694,0,5360.5356,11165.39719,True,adjust_inspection_priority,public-derived-entity-complete-daily-aggregate
57,3,144,144,144,10.622083,1051.6185,0,5360.5356,11165.39719,True,adjust_inspection_priority,public-derived-entity-complete-daily-aggregate
57,4,144,144,144,9.3275,629.42847,0,5360.5356,11165.39719,True,adjust_inspection_priority,public-derived-entity-complete-daily-aggregate
57,5,144,144,144,9.6422917,643.01576,0,5360.5356,11165.39719,True,adjust_inspection_priority,public-derived-entity-complete-daily-aggregate
57,6,144,143,143,4.1325874,198.22902,0,5360.5356,11165.39719,True,adjust_inspection_priority,public-derived-entity-complete-daily-aggregate
57,7,144,142,142,2.9452817,94.735493,0,5360.5356,11165.39719,True,adjust_inspection_priority,public-derived-entity-complete-daily-aggregate
58,1,144,142,142,7.6902113,322.72423,0,5279.4781,231.50508,True,adjust_inspection_priority,public-derived-entity-complete-daily-aggregate
58,2,144,144,144,4.6490278,289.27535,0,5279.4781,231.50508,True,adjust_inspection_priority,public-derived-entity-complete-daily-aggregate
58,3,144,143,143,10.328531,1085.2364,0,5279.4781,231.50508,True,adjust_inspection_priority,public-derived-entity-complete-daily-aggregate
58,4,144,144,144,9.0933333,708.43417,0,5279.4781,231.50508,True,adjust_inspection_priority,public-derived-entity-complete-daily-aggregate
58,5,144,144,144,9.7424306,199.57993,0,5279.4781,231.50508,True,adjust_inspection_priority,public-derived-entity-complete-daily-aggregate
58,6,144,144,144,4.0660417,205.4875,0,5279.4781,231.50508,True,adjust_inspection_priority,public-derived-entity-complete-daily-aggregate
58,7,144,144,144,3.0822222,77.933056,0,5279.4781,231.50508,True,adjust_inspection_priority,public-derived-entity-complete-daily-aggregate
59,1,144,143,143,7.2132168,512.10902,0,5285.9086,707.18265,True,adjust_inspection_priority,public-derived-entity-complete-daily-aggregate
59,2,144,144,144,4.0880556,265.35181,0,5285.9086,707.18265,True,adjust_inspection_priority,public-derived-entity-complete-daily-aggregate
59,3,144,144,144,8.3976389,1033.4613,0,5285.9086,707.18265,True,adjust_inspection_priority,public-derived-entity-complete-daily-aggregate
59,4,144,143,143,8.1393007,617.46797,0,5285.9086,707.18265,True,adjust_inspection_priority,public-derived-entity-complete-daily-aggregate
59,5,144,144,144,7.5183333,470.61299,0,5285.9086,707.18265,True,adjust_inspection_priority,public-derived-entity-complete-daily-aggregate
59,6,144,144,144,3.54125,183.64722,0,5285.9086,707.18265,True,adjust_inspection_priority,public-derived-entity-complete-daily-aggregate
59,7,144,144,144,2.9914583,101.3259,0,5285.9086,707.18265,True,adjust_inspection_priority,public-derived-entity-complete-daily-aggregate
60,1,144,143,143,7.5697902,519.79643,0,5287.3353,1181.28512,True,adjust_inspection_priority,public-derived-entity-complete-daily-aggregate
60,2,144,144,144,4.3891667,261.42965,0,5287.3353,1181.28512,True,adjust_inspection_priority,public-derived-entity-complete-daily-aggregate
60,3,144,144,144,10.256111,1055.1906,0,5287.3353,1181.28512,True,adjust_inspection_priority,public-derived-entity-complete-daily-aggregate
60,4,144,144,144,8.7839583,595.9266,0,5287.3353,1181.28512,True,adjust_inspection_priority,public-derived-entity-complete-daily-aggregate
60,5,144,144,144,9.1623611,461.54632,0,5287.3353,1181.28512,True,adjust_inspection_priority,public-derived-entity-complete-daily-aggregate
60,6,144,144,144,3.9883333,193.66069,0,5287.3353,1181.28512,True,adjust_inspection_priority,public-derived-entity-complete-daily-aggregate
60,7,144,144,144,3.1677083,108.67722,0,5287.3353,1181.28512,True,adjust_inspection_priority,public-derived-entity-complete-daily-aggregate
61,1,144,143,143,7.1679021,537.56042,0,5316.6078,1660.98299,True,adjust_inspection_priority,public-derived-entity-complete-daily-aggregate
61,2,144,144,144,4.1720833,269.52708,0,5316.6078,1660.98299,True,adjust_inspection_priority,public-derived-entity-complete-daily-aggregate
61,3,144,144,144,9.7895139,1064.8824,0,5316.6078,1660.98299,True,adjust_inspection_priority,public-derived-entity-complete-daily-aggregate
61,4,144,144,144,8.5197917,631.54222,0,5316.6078,1660.98299,True,adjust_inspection_priority,public-derived-entity-complete-daily-aggregate
61,5,144,144,144,8.9302778,634.06021,0,5316.6078,1660.98299,True,adjust_inspection_priority,public-derived-entity-complete-daily-aggregate
61,6,144,144,144,3.7915972,197.96056,0,5316.6078,1660.98299,True,adjust_inspection_priority,public-derived-entity-complete-daily-aggregate
61,7,144,144,144,2.9768056,84.916597,0,5316.6078,1660.98299,True,adjust_inspection_priority,public-derived-entity-complete-daily-aggregate
62,1,144,143,143,7.3794406,507.38699,0,5291.8141,2131.70346,True,adjust_inspection_priority,public-derived-entity-complete-daily-aggregate
62,2,144,143,143,4.1506294,264.28007,0,5291.8141,2131.70346,True,adjust_inspection_priority,public-derived-entity-complete-daily-aggregate
62,3,144,144,144,10.049583,1049.9656,0,5291.8141,2131.70346,True,adjust_inspection_priority,public-derived-entity-complete-daily-aggregate
62,4,144,144,144,8.6179861,603.37451,0,5291.8141,2131.70346,True,adjust_inspection_priority,public-derived-entity-complete-daily-aggregate
62,5,144,144,144,9.013125,482.20743,0,5291.8141,2131.70346,True,adjust_inspection_priority,public-derived-entity-complete-daily-aggregate
62,6,144,144,144,3.7319444,177.53069,0,5291.8141,2131.70346,True,adjust_inspection_priority,public-derived-entity-complete-daily-aggregate
62,7,144,144,144,3.1763889,111.14986,0,5291.8141,2131.70346,True,adjust_inspection_priority,public-derived-entity-complete-daily-aggregate
63,1,144,143,143,7.4667133,506.73497,0,5292.8255,2605.73505,True,adjust_inspection_priority,public-derived-entity-complete-daily-aggregate
63,2,144,144,144,4.4103472,242.91,0,5292.8255,2605.73505,True,adjust_inspection_priority,public-derived-entity-complete-daily-aggregate
63,3,144,144,144,10.580069,1054.2937,0,5292.8255,2605.73505,True,adjust_inspection_priority,public-derived-entity-complete-daily-aggregate
63,4,144,144,144,9.0697917,588.14729,0,5292.8255,2605.73505,True,adjust_inspection_priority,public-derived-entity-complete-daily-aggregate
63,5,144,144,144,9.5186111,634.92715,0,5292.8255,2605.73505,True,adjust_inspection_priority,public-derived-entity-complete-daily-aggregate
63,6,144,144,144,3.9552778,176.20958,0,5292.8255,2605.73505,True,adjust_inspection_priority,public-derived-entity-complete-daily-aggregate
63,7,144,144,144,3.2086111,88.170764,0,5292.8255,2605.73505,True,adjust_inspection_priority,public-derived-entity-complete-daily-aggregate
64,1,144,143,143,6.491049,455.45573,0,5296.0205,3109.64256,True,adjust_inspection_priority,public-derived-entity-complete-daily-aggregate
64,2,144,144,144,3.6248611,214.85729,0,5296.0205,3109.64256,True,adjust_inspection_priority,public-derived-entity-complete-daily-aggregate
64,3,144,144,144,9.2567361,1015.7573,0,5296.0205,3109.64256,True,adjust_inspection_priority,public-derived-entity-complete-daily-aggregate
64,4,144,144,144,8.2191667,615.57653,0,5296.0205,3109.64256,True,adjust_inspection_priority,public-derived-entity-complete-daily-aggregate
64,5,144,144,144,8.5088889,621.53569,0,5296.0205,3109.64256,True,adjust_inspection_priority,public-derived-entity-complete-daily-aggregate
64,6,144,144,144,3.3984722,141.39285,0,5296.0205,3109.64256,True,adjust_inspection_priority,public-derived-entity-complete-daily-aggregate
64,7,144,144,144,2.9778472,128.99451,0,5296.0205,3109.64256,True,adjust_inspection_priority,public-derived-entity-complete-daily-aggregate
65,1,144,143,143,6.7100699,435.19056,0,5256.8079,3557.32759,True,adjust_inspection_priority,public-derived-entity-complete-daily-aggregate
65,2,144,143,143,3.891958,223.42776,0,5256.8079,3557.32759,True,adjust_inspection_priority,public-derived-entity-complete-daily-aggregate
65,3,144,144,144,9.4343056,802.78792,0,5256.8079,3557.32759,True,adjust_inspection_priority,public-derived-entity-complete-daily-aggregate
65,4,144,144,144,8.4046528,572.93771,0,5256.8079,3557.32759,True,adjust_inspection_priority,public-derived-entity-complete-daily-aggregate
65,5,144,144,144,8.8305556,453.6109,0,5256.8079,3557.32759,True,adjust_inspection_priority,public-derived-entity-complete-daily-aggregate
65,6,144,144,144,3.7702083,171.91396,0,5256.8079,3557.32759,True,adjust_inspection_priority,public-derived-entity-complete-daily-aggregate
65,7,144,143,143,3.246993,99.164615,0,5256.8079,3557.32759,True,adjust_inspection_priority,public-derived-entity-complete-daily-aggregate
66,1,144,143,143,6.6616084,490.4386,0,5298.3107,4032.58132,True,adjust_inspection_priority,public-derived-entity-complete-daily-aggregate
66,2,144,143,143,3.7543357,223.33776,0,5298.3107,4032.58132,True,adjust_inspection_priority,public-derived-entity-complete-daily-aggregate
66,3,144,144,144,9.4178472,1003.45,0,5298.3107,4032.58132,True,adjust_inspection_priority,public-derived-entity-complete-daily-aggregate
66,4,144,144,144,8.503125,618.99201,0,5298.3107,4032.58132,True,adjust_inspection_priority,public-derived-entity-complete-daily-aggregate
66,5,144,144,144,9.0344444,659.55236,0,5298.3107,4032.58132,True,adjust_inspection_priority,public-derived-entity-complete-daily-aggregate
66,6,144,144,144,3.7922222,183.61937,0,5298.3107,4032.58132,True,adjust_inspection_priority,public-derived-entity-complete-daily-aggregate
66,7,144,144,144,3.2553472,115.65417,0,5298.3107,4032.58132,True,adjust_inspection_priority,public-derived-entity-complete-daily-aggregate
67,1,144,143,143,7.3376224,465.79986,0,5303.0059,4512.23649,True,adjust_inspection_priority,public-derived-entity-complete-daily-aggregate
67,2,144,144,144,4.1379167,232.56507,0,5303.0059,4512.23649,True,adjust_inspection_priority,public-derived-entity-complete-daily-aggregate
67,3,144,143,143,10.313077,1000.7448,0,5303.0059,4512.23649,True,adjust_inspection_priority,public-derived-entity-complete-daily-aggregate
67,4,144,144,144,9.20375,568.6609,0,5303.0059,4512.23649,True,adjust_inspection_priority,public-derived-entity-complete-daily-aggregate
67,5,144,144,144,9.8576389,557.03736,0,5303.0059,4512.23649,True,adjust_inspection_priority,public-derived-entity-complete-daily-aggregate
67,6,144,144,144,4.3305556,198.90521,0,5303.0059,4512.23649,True,adjust_inspection_priority,public-derived-entity-complete-daily-aggregate
67,7,144,144,144,3.4716667,106.76451,0,5303.0059,4512.23649,True,adjust_inspection_priority,public-derived-entity-complete-daily-aggregate
68,1,144,143,143,7.0868531,458.45685,0,5343.7185,4955.5575,True,adjust_inspection_priority,public-derived-entity-complete-daily-aggregate
68,2,144,144,144,4.0874306,222.87306,0,5343.7185,4955.5575,True,adjust_inspection_priority,public-derived-entity-complete-daily-aggregate
68,3,144,144,144,10.000347,961.53688,0,5343.7185,4955.5575,True,adjust_inspection_priority,public-derived-entity-complete-daily-aggregate
68,4,144,144,144,8.6347917,561.43257,0,5343.7185,4955.5575,True,adjust_inspection_priority,public-derived-entity-complete-daily-aggregate
68,5,144,144,144,9.215625,505.02917,0,5343.7185,4955.5575,True,adjust_inspection_priority,public-derived-entity-complete-daily-aggregate
68,6,144,144,144,4.0325,186.92014,0,5343.7185,4955.5575,True,adjust_inspection_priority,public-derived-entity-complete-daily-aggregate
68,7,144,144,144,3.2847222,112.79347,0,5343.7185,4955.5575,True,adjust_inspection_priority,public-derived-entity-complete-daily-aggregate
69,1,144,143,143,7.7076224,546.62175,0,1970.7969,5721.27578,True,adjust_inspection_priority,public-derived-entity-complete-daily-aggregate
69,2,144,144,144,5.6806944,442.68396,0,1970.7969,5721.27578,True,adjust_inspection_priority,public-derived-entity-complete-daily-aggregate
69,3,144,144,144,10.812778,1124.214,0,1970.7969,5721.27578,True,adjust_inspection_priority,public-derived-entity-complete-daily-aggregate
69,4,144,144,144,9.4073611,694.50708,0,1970.7969,5721.27578,True,adjust_inspection_priority,public-derived-entity-complete-daily-aggregate
69,5,144,143,143,9.5411189,678.71119,0,1970.7969,5721.27578,True,adjust_inspection_priority,public-derived-entity-complete-daily-aggregate
69,6,144,144,144,4.4654861,280.01951,0,1970.7969,5721.27578,True,adjust_inspection_priority,public-derived-entity-complete-daily-aggregate
69,7,144,144,144,2.845625,67.337361,0,1970.7969,5721.27578,True,adjust_inspection_priority,public-derived-entity-complete-daily-aggregate
70,1,144,143,143,7.9088811,251.12336,0,2012.9322,6197.04607,True,adjust_inspection_priority,public-derived-entity-complete-daily-aggregate
70,2,144,144,144,5.7415278,461.09653,0,2012.9322,6197.04607,True,adjust_inspection_priority,public-derived-entity-complete-daily-aggregate
70,3,144,144,144,10.676597,866.29799,0,2012.9322,6197.04607,True,adjust_inspection_priority,public-derived-entity-complete-daily-aggregate
70,4,144,144,144,9.4836806,671.54118,0,2012.9322,6197.04607,True,adjust_inspection_priority,public-derived-entity-complete-daily-aggregate
70,5,144,144,144,9.6629167,673.05569,0,2012.9322,6197.04607,True,adjust_inspection_priority,public-derived-entity-complete-daily-aggregate
70,6,144,144,144,4.5089583,289.68438,0,2012.9322,6197.04607,True,adjust_inspection_priority,public-derived-entity-complete-daily-aggregate
70,7,144,144,144,2.8293056,69.126319,0,2012.9322,6197.04607,True,adjust_inspection_priority,public-derived-entity-complete-daily-aggregate
71,1,144,143,143,6.7897203,353.29063,0,1971.5207,6740.61014,True,adjust_inspection_priority,public-derived-entity-complete-daily-aggregate
71,2,144,144,144,4.7035417,290.88167,0,1971.5207,6740.61014,True,adjust_inspection_priority,public-derived-entity-complete-daily-aggregate
71,3,144,144,144,9.2779861,810.19187,0,1971.5207,6740.61014,True,adjust_inspection_priority,public-derived-entity-complete-daily-aggregate
71,4,144,144,144,8.6743056,507.19285,0,1971.5207,6740.61014,True,adjust_inspection_priority,public-derived-entity-complete-daily-aggregate
71,5,144,144,144,8.9313194,395.04889,0,1971.5207,6740.61014,True,adjust_inspection_priority,public-derived-entity-complete-daily-aggregate
71,6,144,143,143,4.1893007,190.99161,0,1971.5207,6740.61014,True,adjust_inspection_priority,public-derived-entity-complete-daily-aggregate
71,7,144,144,144,2.8154861,48.909583,0,1971.5207,6740.61014,True,adjust_inspection_priority,public-derived-entity-complete-daily-aggregate
72,1,144,143,143,7.2367832,524.75287,0,2001.7513,7146.10095,True,adjust_inspection_priority,public-derived-entity-complete-daily-aggregate
72,2,144,144,144,5.1036806,389.10569,0,2001.7513,7146.10095,True,adjust_inspection_priority,public-derived-entity-complete-daily-aggregate
72,3,144,144,144,9.9804861,1099.8656,0,2001.7513,7146.10095,True,adjust_inspection_priority,public-derived-entity-complete-daily-aggregate
72,4,144,144,144,8.665,680.86194,0,2001.7513,7146.10095,True,adjust_inspection_priority,public-derived-entity-complete-daily-aggregate
72,5,144,144,144,8.8080556,539.67146,0,2001.7513,7146.10095,True,adjust_inspection_priority,public-derived-entity-complete-daily-aggregate
72,6,144,144,144,4.0910417,249.52542,0,2001.7513,7146.10095,True,adjust_inspection_priority,public-derived-entity-complete-daily-aggregate
72,7,144,144,144,2.7688194,55.463264,0,2001.7513,7146.10095,True,adjust_inspection_priority,public-derived-entity-complete-daily-aggregate
73,1,144,143,143,7.3890909,471.94448,0,1977.0235,7622.8578,True,adjust_inspection_priority,public-derived-entity-complete-daily-aggregate
73,2,144,144,144,5.2090278,374.84562,0,1977.0235,7622.8578,True,adjust_inspection_priority,public-derived-entity-complete-daily-aggregate
73,3,144,144,144,10.157361,827.16319,0,1977.0235,7622.8578,True,adjust_inspection_priority,public-derived-entity-complete-daily-aggregate
73,4,144,144,144,9.0142361,646.94875,0,1977.0235,7622.8578,True,adjust_inspection_priority,public-derived-entity-complete-daily-aggregate
73,5,144,144,144,9.1235417,467.09049,0,1977.0235,7622.8578,True,adjust_inspection_priority,public-derived-entity-complete-daily-aggregate
73,6,144,144,144,4.1890278,228.75951,0,1977.0235,7622.8578,True,adjust_inspection_priority,public-derived-entity-complete-daily-aggregate
73,7,144,144,144,2.9607639,65.466875,0,1977.0235,7622.8578,True,adjust_inspection_priority,public-derived-entity-complete-daily-aggregate
74,1,144,143,143,7.5032168,472.53259,0,1974.6634,8093.11429,True,adjust_inspection_priority,public-derived-entity-complete-daily-aggregate
74,2,144,144,144,5.2090972,379.01424,0,1974.6634,8093.11429,True,adjust_inspection_priority,public-derived-entity-complete-daily-aggregate
74,3,144,144,144,10.299931,901.215,0,1974.6634,8093.11429,True,adjust_inspection_priority,public-derived-entity-complete-daily-aggregate
74,4,144,143,143,9.0041958,642.34,0,1974.6634,8093.11429,True,adjust_inspection_priority,public-derived-entity-complete-daily-aggregate
74,5,144,144,144,9.1375694,475.86375,0,1974.6634,8093.11429,True,adjust_inspection_priority,public-derived-entity-complete-daily-aggregate
74,6,144,143,143,4.0771329,222.07601,0,1974.6634,8093.11429,True,adjust_inspection_priority,public-derived-entity-complete-daily-aggregate
74,7,144,144,144,2.8996528,65.654931,0,1974.6634,8093.11429,True,adjust_inspection_priority,public-derived-entity-complete-daily-aggregate
75,1,144,143,143,7.718042,515.89028,0,2017.4857,8572.23882,True,adjust_inspection_priority,public-derived-entity-complete-daily-aggregate
75,2,144,144,144,5.0927083,352.37229,0,2017.4857,8572.23882,True,adjust_inspection_priority,public-derived-entity-complete-daily-aggregate
75,3,144,144,144,10.642847,1109.8391,0,2017.4857,8572.23882,True,adjust_inspection_priority,public-derived-entity-complete-daily-aggregate
75,4,144,144,144,9.0033333,662.06333,0,2017.4857,8572.23882,True,adjust_inspection_priority,public-derived-entity-complete-daily-aggregate
75,5,144,144,144,9.3840278,662.47243,0,2017.4857,8572.23882,True,adjust_inspection_priority,public-derived-entity-complete-daily-aggregate
75,6,144,144,144,4.0093056,213.9925,0,2017.4857,8572.23882,True,adjust_inspection_priority,public-derived-entity-complete-daily-aggregate
75,7,144,143,143,2.8651049,64.524266,0,2017.4857,8572.23882,True,adjust_inspection_priority,public-derived-entity-complete-daily-aggregate
76,1,144,143,143,7.332028,443.10594,0,1980.9697,9047.21395,True,adjust_inspection_priority,public-derived-entity-complete-daily-aggregate
76,2,144,144,144,4.6934028,249.09285,0,1980.9697,9047.21395,True,adjust_inspection_priority,public-derived-entity-complete-daily-aggregate
76,3,144,144,144,10.045833,553.24278,0,1980.9697,9047.21395,True,adjust_inspection_priority,public-derived-entity-complete-daily-aggregate
76,4,144,144,144,8.7096528,305.84035,0,1980.9697,9047.21395,True,adjust_inspection_priority,public-derived-entity-complete-daily-aggregate
76,5,144,144,144,8.7034722,401.61924,0,1980.9697,9047.21395,True,adjust_inspection_priority,public-derived-entity-complete-daily-aggregate
76,6,144,144,144,3.8750694,150.23785,0,1980.9697,9047.21395,True,adjust_inspection_priority,public-derived-entity-complete-daily-aggregate
76,7,144,144,144,2.8623611,71.754861,0,1980.9697,9047.21395,True,adjust_inspection_priority,public-derived-entity-complete-daily-aggregate
77,1,144,143,143,7.3216783,508.13937,0,1982.9086,9520.0003,True,adjust_inspection_priority,public-derived-entity-complete-daily-aggregate
77,2,144,144,144,4.8934722,333.41174,0,1982.9086,9520.0003,True,adjust_inspection_priority,public-derived-entity-complete-daily-aggregate
77,3,144,144,144,10.078472,1072.674,0,1982.9086,9520.0003,True,adjust_inspection_priority,public-derived-entity-complete-daily-aggregate
77,4,144,144,144,8.7459028,611.00479,0,1982.9086,9520.0003,True,adjust_inspection_priority,public-derived-entity-complete-daily-aggregate
77,5,144,144,144,9.03625,628.91132,0,1982.9086,9520.0003,True,adjust_inspection_priority,public-derived-entity-complete-daily-aggregate
77,6,144,144,144,3.9219444,197.64354,0,1982.9086,9520.0003,True,adjust_inspection_priority,public-derived-entity-complete-daily-aggregate
77,7,144,144,144,2.8380556,63.967986,0,1982.9086,9520.0003,True,adjust_inspection_priority,public-derived-entity-complete-daily-aggregate
78,1,144,143,143,7.542028,474.48573,0,2020.142,10003.91653,True,adjust_inspection_priority,public-derived-entity-complete-daily-aggregate
78,2,144,144,144,4.925,293.49049,0,2020.142,10003.91653,True,adjust_inspection_priority,public-derived-entity-complete-daily-aggregate
78,3,144,144,144,10.308403,1018.3192,0,2020.142,10003.91653,True,adjust_inspection_priority,public-derived-entity-complete-daily-aggregate
78,4,144,144,144,8.9663194,588.37507,0,2020.142,10003.91653,True,adjust_inspection_priority,public-derived-entity-complete-daily-aggregate
78,5,144,143,143,9.0832867,494.10105,0,2020.142,10003.91653,True,adjust_inspection_priority,public-derived-entity-complete-daily-aggregate
78,6,144,144,144,4.0569444,185.00722,0,2020.142,10003.91653,True,adjust_inspection_priority,public-derived-entity-complete-daily-aggregate
78,7,144,144,144,2.9672222,67.337014,0,2020.142,10003.91653,True,adjust_inspection_priority,public-derived-entity-complete-daily-aggregate
79,1,144,143,143,7.6966434,500.94497,0,1981.1668,10475.97878,True,adjust_inspection_priority,public-derived-entity-complete-daily-aggregate
79,2,144,144,144,4.8615972,297.28389,0,1981.1668,10475.97878,True,adjust_inspection_priority,public-derived-entity-complete-daily-aggregate
79,3,144,144,144,10.830069,1049.5141,0,1981.1668,10475.97878,True,adjust_inspection_priority,public-derived-entity-complete-daily-aggregate
79,4,144,144,144,9.155,603.93326,0,1981.1668,10475.97878,True,adjust_inspection_priority,public-derived-entity-complete-daily-aggregate
79,5,144,144,144,9.7256944,628.28771,0,1981.1668,10475.97878,True,adjust_inspection_priority,public-derived-entity-complete-daily-aggregate
79,6,144,144,144,4.08125,194.07069,0,1981.1668,10475.97878,True,adjust_inspection_priority,public-derived-entity-complete-daily-aggregate
79,7,144,144,144,2.9371528,64.413125,0,1981.1668,10475.97878,True,adjust_inspection_priority,public-derived-entity-complete-daily-aggregate
80,1,144,143,143,7.0783916,430.57832,0,1873.4535,501.78149,True,adjust_inspection_priority,public-derived-entity-complete-daily-aggregate
80,2,144,144,144,4.3527778,253.71597,0,1873.4535,501.78149,True,adjust_inspection_priority,public-derived-entity-complete-daily-aggregate
80,3,144,144,144,9.5293056,630.71653,0,1873.4535,501.78149,True,adjust_inspection_priority,public-derived-entity-complete-daily-aggregate
80,4,144,144,144,8.3752778,500.34479,0,1873.4535,501.78149,True,adjust_inspection_priority,public-derived-entity-complete-daily-aggregate
80,5,144,144,144,8.7963889,402.55597,0,1873.4535,501.78149,True,adjust_inspection_priority,public-derived-entity-complete-daily-aggregate
80,6,144,144,144,3.7336806,180.36924,0,1873.4535,501.78149,True,adjust_inspection_priority,public-derived-entity-complete-daily-aggregate
80,7,144,144,144,2.7447917,99.299792,0,1873.4535,501.78149,True,adjust_inspection_priority,public-derived-entity-complete-daily-aggregate
81,1,144,143,143,7.2192308,505.18748,0,1950.4976,974.44324,True,adjust_inspection_priority,public-derived-entity-complete-daily-aggregate
81,2,144,144,144,4.3865972,266.03375,0,1950.4976,974.44324,True,adjust_inspection_priority,public-derived-entity-complete-daily-aggregate
81,3,144,144,144,10.083125,1034.9856,0,1950.4976,974.44324,True,adjust_inspection_priority,public-derived-entity-complete-daily-aggregate
81,4,144,144,144,8.8161806,609.12826,0,1950.4976,974.44324,True,adjust_inspection_priority,public-derived-entity-complete-daily-aggregate
81,5,144,144,144,9.0854861,496.54944,0,1950.4976,974.44324,True,adjust_inspection_priority,public-derived-entity-complete-daily-aggregate
81,6,144,144,144,3.8780556,192.31938,0,1950.4976,974.44324,True,adjust_inspection_priority,public-derived-entity-complete-daily-aggregate
81,7,144,144,144,2.9013194,70.940278,0,1950.4976,974.44324,True,adjust_inspection_priority,public-derived-entity-complete-daily-aggregate
82,1,144,143,143,7.2784615,502.07699,0,2041.5691,1404.91619,True,adjust_inspection_priority,public-derived-entity-complete-daily-aggregate
82,2,144,144,144,4.4281944,262.01049,0,2041.5691,1404.91619,True,adjust_inspection_priority,public-derived-entity-complete-daily-aggregate
82,3,144,144,144,10.149792,1013.4888,0,2041.5691,1404.91619,True,adjust_inspection_priority,public-derived-entity-complete-daily-aggregate
82,4,144,144,144,8.7207639,581.40146,0,2041.5691,1404.91619,True,adjust_inspection_priority,public-derived-entity-complete-daily-aggregate
82,5,144,143,143,9.1755944,608.96063,0,2041.5691,1404.91619,True,adjust_inspection_priority,public-derived-entity-complete-daily-aggregate
82,6,144,144,144,4.0384028,202.52222,0,2041.5691,1404.91619,True,adjust_inspection_priority,public-derived-entity-complete-daily-aggregate
82,7,144,144,144,2.9699306,99.931181,0,2041.5691,1404.91619,True,adjust_inspection_priority,public-derived-entity-complete-daily-aggregate
83,1,144,143,143,7.0293706,667.25853,0,1953.9862,1922.45644,True,adjust_inspection_priority,public-derived-entity-complete-daily-aggregate
83,2,144,144,144,4.2027083,250.56049,0,1953.9862,1922.45644,True,adjust_inspection_priority,public-derived-entity-complete-daily-aggregate
83,3,144,144,144,9.7877083,1269.9286,0,1953.9862,1922.45644,True,adjust_inspection_priority,public-derived-entity-complete-daily-aggregate
83,4,144,144,144,8.0832639,617.02896,0,1953.9862,1922.45644,True,adjust_inspection_priority,public-derived-entity-complete-daily-aggregate
83,5,144,144,144,8.3351389,518.46222,0,1953.9862,1922.45644,True,adjust_inspection_priority,public-derived-entity-complete-daily-aggregate
83,6,144,143,143,3.5875524,196.88098,0,1953.9862,1922.45644,True,adjust_inspection_priority,public-derived-entity-complete-daily-aggregate
83,7,144,144,144,2.7891667,76.563611,0,1953.9862,1922.45644,True,adjust_inspection_priority,public-derived-entity-complete-daily-aggregate
84,1,144,143,143,5.3167832,344.17378,1,1954.9133,2399.67753,True,adjust_inspection_priority,public-derived-entity-complete-daily-aggregate
84,2,144,144,144,2.4170833,152.69188,1,1954.9133,2399.67753,True,adjust_inspection_priority,public-derived-entity-complete-daily-aggregate
84,3,144,144,144,10.916528,1028.5831,1,1954.9133,2399.67753,True,adjust_inspection_priority,public-derived-entity-complete-daily-aggregate
84,4,144,144,144,9.4815278,598.50542,1,1954.9133,2399.67753,True,adjust_inspection_priority,public-derived-entity-complete-daily-aggregate
84,5,144,144,144,10.061667,623.12069,1,1954.9133,2399.67753,True,adjust_inspection_priority,public-derived-entity-complete-daily-aggregate
84,6,144,144,144,4.3429861,206.66993,1,1954.9133,2399.67753,True,adjust_inspection_priority,public-derived-entity-complete-daily-aggregate
84,7,144,144,144,3.3320139,84.039861,1,1954.9133,2399.67753,True,adjust_inspection_priority,public-derived-entity-complete-daily-aggregate
85,1,144,143,143,7.1653147,627.29308,0,1961.5475,2873.83659,True,adjust_inspection_priority,public-derived-entity-complete-daily-aggregate
85,2,144,144,144,4.1179861,231.72931,0,1961.5475,2873.83659,True,adjust_inspection_priority,public-derived-entity-complete-daily-aggregate
85,3,144,144,144,9.7254861,915.3016,0,1961.5475,2873.83659,True,adjust_inspection_priority,public-derived-entity-complete-daily-aggregate
85,4,144,144,144,8.5809722,618.16764,0,1961.5475,2873.83659,True,adjust_inspection_priority,public-derived-entity-complete-daily-aggregate
85,5,144,144,144,9.0810417,477.45063,0,1961.5475,2873.83659,True,adjust_inspection_priority,public-derived-entity-complete-daily-aggregate
85,6,144,144,144,3.8634722,182.9375,0,1961.5475,2873.83659,True,adjust_inspection_priority,public-derived-entity-complete-daily-aggregate
85,7,144,144,144,3.0388194,95.164444,0,1961.5475,2873.83659,True,adjust_inspection_priority,public-derived-entity-complete-daily-aggregate
86,1,144,143,143,7.2540559,454.69748,0,1961.2125,3349.21476,True,adjust_inspection_priority,public-derived-entity-complete-daily-aggregate
86,2,144,144,144,4.1334028,230.16396,0,1961.2125,3349.21476,True,adjust_inspection_priority,public-derived-entity-complete-daily-aggregate
86,3,144,144,144,10.045486,963.06979,0,1961.2125,3349.21476,True,adjust_inspection_priority,public-derived-entity-complete-daily-aggregate
86,4,144,144,144,8.6880556,564.08,0,1961.2125,3349.21476,True,adjust_inspection_priority,public-derived-entity-complete-daily-aggregate
86,5,144,144,144,9.1166667,416.86993,0,1961.2125,3349.21476,True,adjust_inspection_priority,public-derived-entity-complete-daily-aggregate
86,6,144,144,144,3.8613889,172.26562,0,1961.2125,3349.21476,True,adjust_inspection_priority,public-derived-entity-complete-daily-aggregate
86,7,144,143,143,3.1692308,80.683846,0,1961.2125,3349.21476,True,adjust_inspection_priority,public-derived-entity-complete-daily-aggregate
87,1,144,143,143,6.6004895,437.86524,0,2016.8768,3821.28985,True,adjust_inspection_priority,public-derived-entity-complete-daily-aggregate
87,2,144,144,144,3.8292361,229.76,0,2016.8768,3821.28985,True,adjust_inspection_priority,public-derived-entity-complete-daily-aggregate
87,3,144,143,143,9.2469231,803.76371,0,2016.8768,3821.28985,True,adjust_inspection_priority,public-derived-entity-complete-daily-aggregate
87,4,144,144,144,7.9850694,523.54688,0,2016.8768,3821.28985,True,adjust_inspection_priority,public-derived-entity-complete-daily-aggregate
87,5,144,144,144,8.5534722,453.14271,0,2016.8768,3821.28985,True,adjust_inspection_priority,public-derived-entity-complete-daily-aggregate
87,6,144,144,144,3.6734722,183.32764,0,2016.8768,3821.28985,True,adjust_inspection_priority,public-derived-entity-complete-daily-aggregate
87,7,144,143,143,2.9554545,83.121469,0,2016.8768,3821.28985,True,adjust_inspection_priority,public-derived-entity-complete-daily-aggregate
88,1,144,143,143,7.1278322,370.56748,0,1967.4231,4297.3679,True,adjust_inspection_priority,public-derived-entity-complete-daily-aggregate
88,2,144,144,144,4.1342361,211.22951,0,1967.4231,4297.3679,True,adjust_inspection_priority,public-derived-entity-complete-daily-aggregate
88,3,144,143,143,10.239301,1006.9038,0,1967.4231,4297.3679,True,adjust_inspection_priority,public-derived-entity-complete-daily-aggregate
88,4,144,144,144,8.5888889,450.38187,0,1967.4231,4297.3679,True,adjust_inspection_priority,public-derived-entity-complete-daily-aggregate
88,5,144,144,144,9.1638889,541.23153,0,1967.4231,4297.3679,True,adjust_inspection_priority,public-derived-entity-complete-daily-aggregate
88,6,144,144,144,3.9106944,156.85889,0,1967.4231,4297.3679,True,adjust_inspection_priority,public-derived-entity-complete-daily-aggregate
88,7,144,144,144,3.2079861,88.552431,0,1967.4231,4297.3679,True,adjust_inspection_priority,public-derived-entity-complete-daily-aggregate
89,1,144,143,143,7.2688112,496.26839,0,1988.9609,4770.76413,True,adjust_inspection_priority,public-derived-entity-complete-daily-aggregate
89,2,144,144,144,4.1459722,233.85271,0,1988.9609,4770.76413,True,adjust_inspection_priority,public-derived-entity-complete-daily-aggregate
89,3,144,144,144,10.394306,1054.3352,0,1988.9609,4770.76413,True,adjust_inspection_priority,public-derived-entity-complete-daily-aggregate
89,4,144,144,144,8.7581944,591.42368,0,1988.9609,4770.76413,True,adjust_inspection_priority,public-derived-entity-complete-daily-aggregate
89,5,144,144,144,9.2054861,506.69938,0,1988.9609,4770.76413,True,adjust_inspection_priority,public-derived-entity-complete-daily-aggregate
89,6,144,144,144,3.9341667,179.63618,0,1988.9609,4770.76413,True,adjust_inspection_priority,public-derived-entity-complete-daily-aggregate
89,7,144,144,144,3.3663889,100.87576,0,1988.9609,4770.76413,True,adjust_inspection_priority,public-derived-entity-complete-daily-aggregate
90,1,144,143,143,7.0044056,460.74965,0,1970.654,5247.32771,True,adjust_inspection_priority,public-derived-entity-complete-daily-aggregate
90,2,144,144,144,3.9329861,234.59049,0,1970.654,5247.32771,True,adjust_inspection_priority,public-derived-entity-complete-daily-aggregate
90,3,144,143,143,10.059371,1019.857,0,1970.654,5247.32771,True,adjust_inspection_priority,public-derived-entity-complete-daily-aggregate
90,4,144,144,144,8.7113194,589.11319,0,1970.654,5247.32771,True,adjust_inspection_priority,public-derived-entity-complete-daily-aggregate
90,5,144,144,144,9.2614583,500.61049,0,1970.654,5247.32771,True,adjust_inspection_priority,public-derived-entity-complete-daily-aggregate
90,6,144,144,144,3.9142361,190.35958,0,1970.654,5247.32771,True,adjust_inspection_priority,public-derived-entity-complete-daily-aggregate
90,7,144,144,144,3.333125,110.22417,0,1970.654,5247.32771,True,adjust_inspection_priority,public-derived-entity-complete-daily-aggregate
91,1,144,142,142,7.3432394,511.49261,0,1017.8906,6941.41909,True,adjust_inspection_priority,public-derived-entity-complete-daily-aggregate
91,2,144,144,144,5.2420833,389.11007,0,1017.8906,6941.41909,True,adjust_inspection_priority,public-derived-entity-complete-daily-aggregate
91,3,144,144,144,10.370139,1089.8127,0,1017.8906,6941.41909,True,adjust_inspection_priority,public-derived-entity-complete-daily-aggregate
91,4,144,144,144,8.7829167,593.8184,0,1017.8906,6941.41909,True,adjust_inspection_priority,public-derived-entity-complete-daily-aggregate
91,5,144,144,144,9.1829167,537.13076,0,1017.8906,6941.41909,True,adjust_inspection_priority,public-derived-entity-complete-daily-aggregate
91,6,144,144,144,4.2596528,261.69417,0,1017.8906,6941.41909,True,adjust_inspection_priority,public-derived-entity-complete-daily-aggregate
91,7,144,144,144,2.8967361,66.632569,0,1017.8906,6941.41909,True,adjust_inspection_priority,public-derived-entity-complete-daily-aggregate
92,1,144,143,143,6.6291608,402.86091,1,1035.7611,7403.51736,True,adjust_inspection_priority,public-derived-entity-complete-daily-aggregate
92,2,144,144,144,5.0636806,255.03972,1,1035.7611,7403.51736,True,adjust_inspection_priority,public-derived-entity-complete-daily-aggregate
92,3,144,144,144,10.199375,654.88847,1,1035.7611,7403.51736,True,adjust_inspection_priority,public-derived-entity-complete-daily-aggregate
92,4,144,144,144,8.8628472,421.98611,1,1035.7611,7403.51736,True,adjust_inspection_priority,public-derived-entity-complete-daily-aggregate
92,5,144,144,144,9.0009722,327.79194,1,1035.7611,7403.51736,True,adjust_inspection_priority,public-derived-entity-complete-daily-aggregate
92,6,144,143,143,4.0974126,174.97406,1,1035.7611,7403.51736,True,adjust_inspection_priority,public-derived-entity-complete-daily-aggregate
92,7,144,143,143,2.8704196,33.184685,1,1035.7611,7403.51736,True,adjust_inspection_priority,public-derived-entity-complete-daily-aggregate
93,1,144,143,143,6.9966434,457.45657,0,1035.6523,7851.07697,True,adjust_inspection_priority,public-derived-entity-complete-daily-aggregate
93,2,144,144,144,4.8161111,283.32403,0,1035.6523,7851.07697,True,adjust_inspection_priority,public-derived-entity-complete-daily-aggregate
93,3,144,144,144,9.9267361,962.05076,0,1035.6523,7851.07697,True,adjust_inspection_priority,public-derived-entity-complete-daily-aggregate
93,4,144,144,144,8.4377778,533.32583,0,1035.6523,7851.07697,True,adjust_inspection_priority,public-derived-entity-complete-daily-aggregate
93,5,144,144,144,9.103125,432.18667,0,1035.6523,7851.07697,True,adjust_inspection_priority,public-derived-entity-complete-daily-aggregate
93,6,144,144,144,3.9159028,184.52576,0,1035.6523,7851.07697,True,adjust_inspection_priority,public-derived-entity-complete-daily-aggregate
93,7,144,144,144,2.8772917,43.315903,0,1035.6523,7851.07697,True,adjust_inspection_priority,public-derived-entity-complete-daily-aggregate
94,1,144,143,143,7.1054545,480.90259,0,1024.2895,8354.88271,True,adjust_inspection_priority,public-derived-entity-complete-daily-aggregate
94,2,144,144,144,4.8721528,336.31382,0,1024.2895,8354.88271,True,adjust_inspection_priority,public-derived-entity-complete-daily-aggregate
94,3,144,143,143,9.9451049,952.58559,0,1024.2895,8354.88271,True,adjust_inspection_priority,public-derived-entity-complete-daily-aggregate
94,4,144,144,144,8.579375,564.72715,0,1024.2895,8354.88271,True,adjust_inspection_priority,public-derived-entity-complete-daily-aggregate
94,5,144,144,144,9.0474306,444.43361,0,1024.2895,8354.88271,True,adjust_inspection_priority,public-derived-entity-complete-daily-aggregate
94,6,144,143,143,4.011958,230.38175,0,1024.2895,8354.88271,True,adjust_inspection_priority,public-derived-entity-complete-daily-aggregate
94,7,144,144,144,2.8026389,102.8225,0,1024.2895,8354.88271,True,adjust_inspection_priority,public-derived-entity-complete-daily-aggregate
95,1,144,143,143,7.495035,450.95427,0,1024.0701,8829.17894,True,adjust_inspection_priority,public-derived-entity-complete-daily-aggregate
95,2,144,144,144,5.0109722,264.74139,0,1024.0701,8829.17894,True,adjust_inspection_priority,public-derived-entity-complete-daily-aggregate
95,3,144,144,144,10.78,949.265,0,1024.0701,8829.17894,True,adjust_inspection_priority,public-derived-entity-complete-daily-aggregate
95,4,144,144,144,9.3936806,569.36167,0,1024.0701,8829.17894,True,adjust_inspection_priority,public-derived-entity-complete-daily-aggregate
95,5,144,144,144,9.6677778,464.49361,0,1024.0701,8829.17894,True,adjust_inspection_priority,public-derived-entity-complete-daily-aggregate
95,6,144,144,144,3.8982639,185.17882,0,1024.0701,8829.17894,True,adjust_inspection_priority,public-derived-entity-complete-daily-aggregate
95,7,144,144,144,2.7298611,44.994653,0,1024.0701,8829.17894,True,adjust_inspection_priority,public-derived-entity-complete-daily-aggregate
96,1,144,143,143,6.9625175,464.44434,0,1002.5359,9303.89084,True,adjust_inspection_priority,public-derived-entity-complete-daily-aggregate
96,2,144,144,144,4.58375,273.50549,0,1002.5359,9303.89084,True,adjust_inspection_priority,public-derived-entity-complete-daily-aggregate
96,3,144,144,144,10.006042,957.39514,0,1002.5359,9303.89084,True,adjust_inspection_priority,public-derived-entity-complete-daily-aggregate
96,4,144,144,144,8.5472222,555.49521,0,1002.5359,9303.89084,True,adjust_inspection_priority,public-derived-entity-complete-daily-aggregate
96,5,144,144,144,8.7685417,465.25264,0,1002.5359,9303.89084,True,adjust_inspection_priority,public-derived-entity-complete-daily-aggregate
96,6,144,144,144,3.7617361,176.24424,0,1002.5359,9303.89084,True,adjust_inspection_priority,public-derived-entity-complete-daily-aggregate
96,7,144,144,144,2.6081944,38.926875,0,1002.5359,9303.89084,True,adjust_inspection_priority,public-derived-entity-complete-daily-aggregate
97,1,144,143,143,7.1476224,447.49168,1,1016.791,9830.6455,True,adjust_inspection_priority,public-derived-entity-complete-daily-aggregate
97,2,144,144,144,4.6202083,243.52236,1,1016.791,9830.6455,True,adjust_inspection_priority,public-derived-entity-complete-daily-aggregate
97,3,144,143,143,10.088881,906.78797,1,1016.791,9830.6455,True,adjust_inspection_priority,public-derived-entity-complete-daily-aggregate
97,4,144,144,144,8.58125,521.53083,1,1016.791,9830.6455,True,adjust_inspection_priority,public-derived-entity-complete-daily-aggregate
97,5,144,144,144,8.9563889,402.90799,1,1016.791,9830.6455,True,adjust_inspection_priority,public-derived-entity-complete-daily-aggregate
97,6,144,144,144,3.9145139,168.53556,1,1016.791,9830.6455,True,adjust_inspection_priority,public-derived-entity-complete-daily-aggregate
97,7,144,144,144,2.8095833,50.95375,1,1016.791,9830.6455,True,adjust_inspection_priority,public-derived-entity-complete-daily-aggregate
98,1,144,143,143,7.1395804,454.37979,1,1064.6639,10259.40545,True,adjust_inspection_priority,public-derived-entity-complete-daily-aggregate
98,2,144,144,144,4.606875,225.35792,1,1064.6639,10259.40545,True,adjust_inspection_priority,public-derived-entity-complete-daily-aggregate
98,3,144,144,144,10.132222,926.1625,1,1064.6639,10259.40545,True,adjust_inspection_priority,public-derived-entity-complete-daily-aggregate
98,4,144,143,143,8.5520979,412.55308,1,1064.6639,10259.40545,True,adjust_inspection_priority,public-derived-entity-complete-daily-aggregate
98,5,144,144,144,9.101875,474.17083,1,1064.6639,10259.40545,True,adjust_inspection_priority,public-derived-entity-complete-daily-aggregate
98,6,144,144,144,4.0065278,164.63799,1,1064.6639,10259.40545,True,adjust_inspection_priority,public-derived-entity-complete-daily-aggregate
98,7,144,144,144,2.9604861,53.634861,1,1064.6639,10259.40545,True,adjust_inspection_priority,public-derived-entity-complete-daily-aggregate
99,1,144,143,143,6.8602098,376.42056,1,1001.5682,10737.13956,True,adjust_inspection_priority,public-derived-entity-complete-daily-aggregate
99,2,144,143,143,4.3676224,149.26769,1,1001.5682,10737.13956,True,adjust_inspection_priority,public-derived-entity-complete-daily-aggregate
99,3,144,144,144,9.9115972,643.44347,1,1001.5682,10737.13956,True,adjust_inspection_priority,public-derived-entity-complete-daily-aggregate
99,4,144,144,144,8.6046528,448.70257,1,1001.5682,10737.13956,True,adjust_inspection_priority,public-derived-entity-complete-daily-aggregate
99,5,144,144,144,9.0465278,257.73681,1,1001.5682,10737.13956,True,adjust_inspection_priority,public-derived-entity-complete-daily-aggregate
99,6,144,144,144,3.8560417,30.990069,1,1001.5682,10737.13956,True,adjust_inspection_priority,public-derived-entity-complete-daily-aggregate
99,7,144,144,144,2.9838889,16.338194,1,1001.5682,10737.13956,True,adjust_inspection_priority,public-derived-entity-complete-daily-aggregate
100,1,144,143,143,6.793007,413.42252,1,1003.5004,11210.56368,True,adjust_inspection_priority,public-derived-entity-complete-daily-aggregate
100,2,144,144,144,3.9773611,157.41465,1,1003.5004,11210.56368,True,adjust_inspection_priority,public-derived-entity-complete-daily-aggregate
100,3,144,144,144,9.7884028,864.85083,1,1003.5004,11210.56368,True,adjust_inspection_priority,public-derived-entity-complete-daily-aggregate
100,4,144,143,143,8.4383916,472.27825,1,1003.5004,11210.56368,True,adjust_inspection_priority,public-derived-entity-complete-daily-aggregate
100,5,144,144,144,8.9140972,414.33944,1,1003.5004,11210.56368,True,adjust_inspection_priority,public-derived-entity-complete-daily-aggregate
100,6,144,144,144,3.7918056,133.24472,1,1003.5004,11210.56368,True,adjust_inspection_priority,public-derived-entity-complete-daily-aggregate
100,7,144,144,144,2.8660417,35.979028,1,1003.5004,11210.56368,True,adjust_inspection_priority,public-derived-entity-complete-daily-aggregate
101,1,144,143,143,7.0872727,437.56622,0,1005.4042,11685.24357,True,adjust_inspection_priority,public-derived-entity-complete-daily-aggregate
101,2,144,144,144,4.2895833,210.9725,0,1005.4042,11685.24357,True,adjust_inspection_priority,public-derived-entity-complete-daily-aggregate
101,3,144,144,144,10.030903,739.29646,0,1005.4042,11685.24357,True,adjust_inspection_priority,public-derived-entity-complete-daily-aggregate
101,4,144,144,144,8.5761806,528.62722,0,1005.4042,11685.24357,True,adjust_inspection_priority,public-derived-entity-complete-daily-aggregate
101,5,144,144,144,8.9856944,389.58194,0,1005.4042,11685.24357,True,adjust_inspection_priority,public-derived-entity-complete-daily-aggregate
101,6,144,144,144,3.8516667,173.11056,0,1005.4042,11685.24357,True,adjust_inspection_priority,public-derived-entity-complete-daily-aggregate
101,7,144,143,143,3.0555944,68.443217,0,1005.4042,11685.24357,True,adjust_inspection_priority,public-derived-entity-complete-daily-aggregate
102,1,144,143,143,7.5297902,422.80552,0,952.5796,1710.25706,True,adjust_inspection_priority,public-derived-entity-complete-daily-aggregate
102,2,144,144,144,4.3488889,216.16444,0,952.5796,1710.25706,True,adjust_inspection_priority,public-derived-entity-complete-daily-aggregate
102,3,144,144,144,10.538889,792.67424,0,952.5796,1710.25706,True,adjust_inspection_priority,public-derived-entity-complete-daily-aggregate
102,4,144,144,144,9.19375,475.70069,0,952.5796,1710.25706,True,adjust_inspection_priority,public-derived-entity-complete-daily-aggregate
102,5,144,144,144,9.3598611,430.55569,0,952.5796,1710.25706,True,adjust_inspection_priority,public-derived-entity-complete-daily-aggregate
102,6,144,142,142,3.524507,148.99394,0,952.5796,1710.25706,True,adjust_inspection_priority,public-derived-entity-complete-daily-aggregate
102,7,144,144,144,3.1931944,86.615764,0,952.5796,1710.25706,True,adjust_inspection_priority,public-derived-entity-complete-daily-aggregate
103,1,144,143,143,7.1100699,483.36944,0,965.8279,2210.0841,True,adjust_inspection_priority,public-derived-entity-complete-daily-aggregate
103,2,144,144,144,4.0602083,220.71896,0,965.8279,2210.0841,True,adjust_inspection_priority,public-derived-entity-complete-daily-aggregate
103,3,144,144,144,10.041458,1006.1801,0,965.8279,2210.0841,True,adjust_inspection_priority,public-derived-entity-complete-daily-aggregate
103,4,144,144,144,8.543125,562.83528,0,965.8279,2210.0841,True,adjust_inspection_priority,public-derived-entity-complete-daily-aggregate
103,5,144,144,144,9.3907639,625.88757,0,965.8279,2210.0841,True,adjust_inspection_priority,public-derived-entity-complete-daily-aggregate
103,6,144,144,144,4.0141667,203.48285,0,965.8279,2210.0841,True,adjust_inspection_priority,public-derived-entity-complete-daily-aggregate
103,7,144,144,144,3.1086111,84.336528,0,965.8279,2210.0841,True,adjust_inspection_priority,public-derived-entity-complete-daily-aggregate
104,1,144,143,143,6.6377622,473.89049,0,1029.4748,2642.20182,True,adjust_inspection_priority,public-derived-entity-complete-daily-aggregate
104,2,144,144,144,3.8543056,217.38215,0,1029.4748,2642.20182,True,adjust_inspection_priority,public-derived-entity-complete-daily-aggregate
104,3,144,144,144,9.4853472,1001.9832,0,1029.4748,2642.20182,True,adjust_inspection_priority,public-derived-entity-complete-daily-aggregate
104,4,144,144,144,8.1761111,542.23458,0,1029.4748,2642.20182,True,adjust_inspection_priority,public-derived-entity-complete-daily-aggregate
104,5,144,144,144,9.1979167,467.39271,0,1029.4748,2642.20182,True,adjust_inspection_priority,public-derived-entity-complete-daily-aggregate
104,6,144,144,144,3.7545139,199.42785,0,1029.4748,2642.20182,True,adjust_inspection_priority,public-derived-entity-complete-daily-aggregate
104,7,144,144,144,3.0077778,84.041389,0,1029.4748,2642.20182,True,adjust_inspection_priority,public-derived-entity-complete-daily-aggregate
105,1,144,143,143,7.0774825,472.3742,0,977.7406,3134.45235,True,adjust_inspection_priority,public-derived-entity-complete-daily-aggregate
105,2,144,143,143,4.184965,208.27601,0,977.7406,3134.45235,True,adjust_inspection_priority,public-derived-entity-complete-daily-aggregate
105,3,144,144,144,10.137847,866.90222,0,977.7406,3134.45235,True,adjust_inspection_priority,public-derived-entity-complete-daily-aggregate
105,4,144,144,144,8.8094444,547.07194,0,977.7406,3134.45235,True,adjust_inspection_priority,public-derived-entity-complete-daily-aggregate
105,5,144,144,144,9.6649306,617.66812,0,977.7406,3134.45235,True,adjust_inspection_priority,public-derived-entity-complete-daily-aggregate
105,6,144,143,143,4.2971329,200.28084,0,977.7406,3134.45235,True,adjust_inspection_priority,public-derived-entity-complete-daily-aggregate
105,7,144,144,144,3.4147222,92.4575,0,977.7406,3134.45235,True,adjust_inspection_priority,public-derived-entity-complete-daily-aggregate
106,1,144,143,143,6.2768531,479.5472,0,1013.8914,3609.00665,True,adjust_inspection_priority,public-derived-entity-complete-daily-aggregate
106,2,144,144,144,3.531875,203.45375,0,1013.8914,3609.00665,True,adjust_inspection_priority,public-derived-entity-complete-daily-aggregate
106,3,144,144,144,8.9661111,980.50479,0,1013.8914,3609.00665,True,adjust_inspection_priority,public-derived-entity-complete-daily-aggregate
106,4,144,144,144,7.8727778,573.77118,0,1013.8914,3609.00665,True,adjust_inspection_priority,public-derived-entity-complete-daily-aggregate
106,5,144,144,144,8.5485417,620.22729,0,1013.8914,3609.00665,True,adjust_inspection_priority,public-derived-entity-complete-daily-aggregate
106,6,144,144,144,3.6054167,192.76903,0,1013.8914,3609.00665,True,adjust_inspection_priority,public-derived-entity-complete-daily-aggregate
106,7,144,144,144,2.9345833,95.878542,0,1013.8914,3609.00665,True,adjust_inspection_priority,public-derived-entity-complete-daily-aggregate
107,1,144,143,143,7.1640559,421.69916,0,927.8242,4086.1899,True,adjust_inspection_priority,public-derived-entity-complete-daily-aggregate
107,2,144,144,144,3.8600694,210.23764,0,927.8242,4086.1899,True,adjust_inspection_priority,public-derived-entity-complete-daily-aggregate
107,3,144,144,144,10.149097,809.46375,0,927.8242,4086.1899,True,adjust_inspection_priority,public-derived-entity-complete-daily-aggregate
107,4,144,144,144,8.8984028,517.69306,0,927.8242,4086.1899,True,adjust_inspection_priority,public-derived-entity-complete-daily-aggregate
107,5,144,144,144,9.0532639,442.84139,0,927.8242,4086.1899,True,adjust_inspection_priority,public-derived-entity-complete-daily-aggregate
107,6,144,144,144,3.8124306,199.88556,0,927.8242,4086.1899,True,adjust_inspection_priority,public-derived-entity-complete-daily-aggregate
107,7,144,142,142,3.0659859,95.727465,0,927.8242,4086.1899,True,adjust_inspection_priority,public-derived-entity-complete-daily-aggregate
108,1,144,143,143,7.0043357,280.73112,0,1022.895,4557.30585,True,adjust_inspection_priority,public-derived-entity-complete-daily-aggregate
108,2,144,144,144,4.1552778,219.41361,0,1022.895,4557.30585,True,adjust_inspection_priority,public-derived-entity-complete-daily-aggregate
108,3,144,144,144,9.8638194,817.49118,0,1022.895,4557.30585,True,adjust_inspection_priority,public-derived-entity-complete-daily-aggregate
108,4,144,144,144,8.5285417,546.43146,0,1022.895,4557.30585,True,adjust_inspection_priority,public-derived-entity-complete-daily-aggregate
108,5,144,144,144,9.39875,457.11299,0,1022.895,4557.30585,True,adjust_inspection_priority,public-derived-entity-complete-daily-aggregate
108,6,144,144,144,4.3269444,208.08312,0,1022.895,4557.30585,True,adjust_inspection_priority,public-derived-entity-complete-daily-aggregate
108,7,144,144,144,3.320625,89.932917,0,1022.895,4557.30585,True,adjust_inspection_priority,public-derived-entity-complete-daily-aggregate
109,1,144,143,143,7.703007,463.52972,0,1025.7875,5033.51128,True,adjust_inspection_priority,public-derived-entity-complete-daily-aggregate
109,2,144,143,143,4.3072028,212.24776,0,1025.7875,5033.51128,True,adjust_inspection_priority,public-derived-entity-complete-daily-aggregate
109,3,144,144,144,10.820139,821.07889,0,1025.7875,5033.51128,True,adjust_inspection_priority,public-derived-entity-complete-daily-aggregate
109,4,144,144,144,9.2290972,491.63688,0,1025.7875,5033.51128,True,adjust_inspection_priority,public-derived-entity-complete-daily-aggregate
109,5,144,144,144,10.140486,497.86924,0,1025.7875,5033.51128,True,adjust_inspection_priority,public-derived-entity-complete-daily-aggregate
109,6,144,143,143,4.3486014,194.29643,0,1025.7875,5033.51128,True,adjust_inspection_priority,public-derived-entity-complete-daily-aggregate
109,7,144,144,144,3.3563194,89.464097,0,1025.7875,5033.51128,True,adjust_inspection_priority,public-derived-entity-complete-daily-aggregate
110,1,144,142,142,7.4933099,471.10535,0,1014.3173,5509.0799,True,adjust_inspection_priority,public-derived-entity-complete-daily-aggregate
110,2,144,144,144,4.09,232.02104,0,1014.3173,5509.0799,True,adjust_inspection_priority,public-derived-entity-complete-daily-aggregate
110,3,144,144,144,10.488958,836.24535,0,1014.3173,5509.0799,True,adjust_inspection_priority,public-derived-entity-complete-daily-aggregate
110,4,144,144,144,9.2146528,581.03875,0,1014.3173,5509.0799,True,adjust_inspection_priority,public-derived-entity-complete-daily-aggregate
110,5,144,144,144,10.025694,499.66493,0,1014.3173,5509.0799,True,adjust_inspection_priority,public-derived-entity-complete-daily-aggregate
110,6,144,144,144,4.191875,204.13424,0,1014.3173,5509.0799,True,adjust_inspection_priority,public-derived-entity-complete-daily-aggregate
110,7,144,144,144,3.4467361,99.314167,0,1014.3173,5509.0799,True,adjust_inspection_priority,public-derived-entity-complete-daily-aggregate
111,1,144,143,143,7.1904895,392.26154,0,988.6922,5982.41676,True,adjust_inspection_priority,public-derived-entity-complete-daily-aggregate
111,2,144,144,144,4.0227778,217.75521,0,988.6922,5982.41676,True,adjust_inspection_priority,public-derived-entity-complete-daily-aggregate
111,3,144,144,144,9.8046528,812.17132,0,988.6922,5982.41676,True,adjust_inspection_priority,public-derived-entity-complete-daily-aggregate
111,4,144,144,144,8.7338194,497.45931,0,988.6922,5982.41676,True,adjust_inspection_priority,public-derived-entity-complete-daily-aggregate
111,5,144,144,144,9.4495833,474.91083,0,988.6922,5982.41676,True,adjust_inspection_priority,public-derived-entity-complete-daily-aggregate
111,6,144,144,144,4.0659722,192.59785,0,988.6922,5982.41676,True,adjust_inspection_priority,public-derived-entity-complete-daily-aggregate
111,7,144,144,144,3.2884028,87.501111,0,988.6922,5982.41676,True,adjust_inspection_priority,public-derived-entity-complete-daily-aggregate
112,1,144,143,143,6.8761538,426.72755,0,988.7497,6455.04406,True,adjust_inspection_priority,public-derived-entity-complete-daily-aggregate
112,2,144,144,144,3.7027083,244.14396,0,988.7497,6455.04406,True,adjust_inspection_priority,public-derived-entity-complete-daily-aggregate
112,3,144,144,144,9.6916667,846.8234,0,988.7497,6455.04406,True,adjust_inspection_priority,public-derived-entity-complete-daily-aggregate
112,4,144,144,144,8.5583333,609.83465,0,988.7497,6455.04406,True,adjust_inspection_priority,public-derived-entity-complete-daily-aggregate
112,5,144,144,144,9.3461111,515.54354,0,988.7497,6455.04406,True,adjust_inspection_priority,public-derived-entity-complete-daily-aggregate
112,6,144,144,144,3.97875,218.10021,0,988.7497,6455.04406,True,adjust_inspection_priority,public-derived-entity-complete-daily-aggregate
112,7,144,144,144,3.1689583,112.67458,0,988.7497,6455.04406,True,adjust_inspection_priority,public-derived-entity-complete-daily-aggregate
113,1,144,143,143,7.1406294,466.0914,0,9.637399999,7189.28109,True,adjust_inspection_priority,public-derived-entity-complete-daily-aggregate
113,2,144,144,144,5.1653472,313.15299,0,9.637399999,7189.28109,True,adjust_inspection_priority,public-derived-entity-complete-daily-aggregate
113,3,144,144,144,10.347639,961.96764,0,9.637399999,7189.28109,True,adjust_inspection_priority,public-derived-entity-complete-daily-aggregate
113,4,144,144,144,9.0179861,579.66604,0,9.637399999,7189.28109,True,adjust_inspection_priority,public-derived-entity-complete-daily-aggregate
113,5,144,144,144,9.2209028,480.40014,0,9.637399999,7189.28109,True,adjust_inspection_priority,public-derived-entity-complete-daily-aggregate
113,6,144,144,144,4.1973611,221.86181,0,9.637399999,7189.28109,True,adjust_inspection_priority,public-derived-entity-complete-daily-aggregate
113,7,144,144,144,2.8392361,44.743611,0,9.637399999,7189.28109,True,adjust_inspection_priority,public-derived-entity-complete-daily-aggregate
114,1,144,143,143,7.3328671,467.48566,0,41.4225,7662.24037,True,adjust_inspection_priority,public-derived-entity-complete-daily-aggregate
114,2,144,144,144,5.145,329.54444,0,41.4225,7662.24037,True,adjust_inspection_priority,public-derived-entity-complete-daily-aggregate
114,3,144,144,144,10.679375,1063.5888,0,41.4225,7662.24037,True,adjust_inspection_priority,public-derived-entity-complete-daily-aggregate
114,4,144,144,144,9.3776389,897.30604,0,41.4225,7662.24037,True,adjust_inspection_priority,public-derived-entity-complete-daily-aggregate
114,5,144,143,143,9.5885315,537.84531,0,41.4225,7662.24037,True,adjust_inspection_priority,public-derived-entity-complete-daily-aggregate
114,6,144,144,144,4.3391667,237.11174,0,41.4225,7662.24037,True,adjust_inspection_priority,public-derived-entity-complete-daily-aggregate
114,7,144,144,144,2.9146528,50.844514,0,41.4225,7662.24037,True,adjust_inspection_priority,public-derived-entity-complete-daily-aggregate
115,1,144,143,143,6.8123077,291.90769,1,27.2828,8136.77274,True,adjust_inspection_priority,public-derived-entity-complete-daily-aggregate
115,2,144,144,144,4.6515972,116.62299,1,27.2828,8136.77274,True,adjust_inspection_priority,public-derived-entity-complete-daily-aggregate
115,3,144,144,144,10.071667,670.39778,1,27.2828,8136.77274,True,adjust_inspection_priority,public-derived-entity-complete-daily-aggregate
115,4,144,144,144,8.6679861,365.33854,1,27.2828,8136.77274,True,adjust_inspection_priority,public-derived-entity-complete-daily-aggregate
115,5,144,144,144,9.1222222,206.40278,1,27.2828,8136.77274,True,adjust_inspection_priority,public-derived-entity-complete-daily-aggregate
115,6,144,144,144,3.9675,93.883403,1,27.2828,8136.77274,True,adjust_inspection_priority,public-derived-entity-complete-daily-aggregate
115,7,144,144,144,2.8228472,16.686736,1,27.2828,8136.77274,True,adjust_inspection_priority,public-derived-entity-complete-daily-aggregate
116,1,144,143,143,8.4795804,461.26699,1,16.9467,8612.70454,True,adjust_inspection_priority,public-derived-entity-complete-daily-aggregate
116,2,144,143,143,6.1674126,256.90084,1,16.9467,8612.70454,True,adjust_inspection_priority,public-derived-entity-complete-daily-aggregate
116,3,144,143,143,11.334126,961.05923,1,16.9467,8612.70454,True,adjust_inspection_priority,public-derived-entity-complete-daily-aggregate
116,4,144,143,143,9.9955944,561.15979,1,16.9467,8612.70454,True,adjust_inspection_priority,public-derived-entity-complete-daily-aggregate
116,5,144,143,143,10.522587,489.89503,1,16.9467,8612.70454,True,adjust_inspection_priority,public-derived-entity-complete-daily-aggregate
116,6,144,144,144,5.4547917,194.56326,1,16.9467,8612.70454,True,adjust_inspection_priority,public-derived-entity-complete-daily-aggregate
116,7,144,144,144,4.0186111,40.918333,1,16.9467,8612.70454,True,adjust_inspection_priority,public-derived-entity-complete-daily-aggregate
117,1,144,143,143,9.1791608,402.81811,1,17.3727,9086.27586,True,adjust_inspection_priority,public-derived-entity-complete-daily-aggregate
117,2,144,144,144,6.5132639,235.34708,1,17.3727,9086.27586,True,adjust_inspection_priority,public-derived-entity-complete-daily-aggregate
117,3,144,144,144,12.787917,739.79507,1,17.3727,9086.27586,True,adjust_inspection_priority,public-derived-entity-complete-daily-aggregate
117,4,144,144,144,11.1275,497.70285,1,17.3727,9086.27586,True,adjust_inspection_priority,public-derived-entity-complete-daily-aggregate
117,5,144,144,144,11.577917,419.54174,1,17.3727,9086.27586,True,adjust_inspection_priority,public-derived-entity-complete-daily-aggregate
117,6,144,144,144,5.801875,183.48722,1,17.3727,9086.27586,True,adjust_inspection_priority,public-derived-entity-complete-daily-aggregate
117,7,144,143,143,4.2737063,46.803007,1,17.3727,9086.27586,True,adjust_inspection_priority,public-derived-entity-complete-daily-aggregate
118,1,144,143,143,6.6629371,486.96329,0,18.2145,9561.27009,True,adjust_inspection_priority,public-derived-entity-complete-daily-aggregate
118,2,144,144,144,4.2713889,262.05771,0,18.2145,9561.27009,True,adjust_inspection_priority,public-derived-entity-complete-daily-aggregate
118,3,144,144,144,9.7161806,926.67083,0,18.2145,9561.27009,True,adjust_inspection_priority,public-derived-entity-complete-daily-aggregate
118,4,144,144,144,8.4104861,584.765,0,18.2145,9561.27009,True,adjust_inspection_priority,public-derived-entity-complete-daily-aggregate
118,5,144,143,143,8.9831469,455.51818,0,18.2145,9561.27009,True,adjust_inspection_priority,public-derived-entity-complete-daily-aggregate
118,6,144,143,143,3.7532867,192.03881,0,18.2145,9561.27009,True,adjust_inspection_priority,public-derived-entity-complete-daily-aggregate
118,7,144,144,144,2.9053472,60.459444,0,18.2145,9561.27009,True,adjust_inspection_priority,public-derived-entity-complete-daily-aggregate
119,1,144,143,143,6.8873427,454.86042,0,19.0503,10044.40534,True,adjust_inspection_priority,public-derived-entity-complete-daily-aggregate
119,2,144,143,143,4.3555245,263.81007,0,19.0503,10044.40534,True,adjust_inspection_priority,public-derived-entity-complete-daily-aggregate
119,3,144,144,144,10.044583,970.87382,0,19.0503,10044.40534,True,adjust_inspection_priority,public-derived-entity-complete-daily-aggregate
119,4,144,144,144,8.7354167,594.9659,0,19.0503,10044.40534,True,adjust_inspection_priority,public-derived-entity-complete-daily-aggregate
119,5,144,144,144,9.2195833,532.01924,0,19.0503,10044.40534,True,adjust_inspection_priority,public-derived-entity-complete-daily-aggregate
119,6,144,144,144,3.805625,191.20292,0,19.0503,10044.40534,True,adjust_inspection_priority,public-derived-entity-complete-daily-aggregate
119,7,144,144,144,2.9434028,69.538333,0,19.0503,10044.40534,True,adjust_inspection_priority,public-derived-entity-complete-daily-aggregate
120,1,144,143,143,7.9816084,403.1479,1,32.1355,10516.75637,True,adjust_inspection_priority,public-derived-entity-complete-daily-aggregate
120,2,144,144,144,5.3836111,226.80514,1,32.1355,10516.75637,True,adjust_inspection_priority,public-derived-entity-complete-daily-aggregate
120,3,144,144,144,10.887708,811.62583,1,32.1355,10516.75637,True,adjust_inspection_priority,public-derived-entity-complete-daily-aggregate
120,4,144,144,144,9.8573611,552.25979,1,32.1355,10516.75637,True,adjust_inspection_priority,public-derived-entity-complete-daily-aggregate
120,5,144,144,144,10.570556,491.81278,1,32.1355,10516.75637,True,adjust_inspection_priority,public-derived-entity-complete-daily-aggregate
120,6,144,144,144,5.345,184.93056,1,32.1355,10516.75637,True,adjust_inspection_priority,public-derived-entity-complete-daily-aggregate
120,7,144,144,144,4.1975694,60.778958,1,32.1355,10516.75637,True,adjust_inspection_priority,public-derived-entity-complete-daily-aggregate
121,1,144,143,143,6.9611888,457.61853,0,34.0338,10994.26663,True,adjust_inspection_priority,public-derived-entity-complete-daily-aggregate
121,2,144,143,143,4.2232867,228.12021,0,34.0338,10994.26663,True,adjust_inspection_priority,public-derived-entity-complete-daily-aggregate
121,3,144,144,144,10.07375,994.27083,0,34.0338,10994.26663,True,adjust_inspection_priority,public-derived-entity-complete-daily-aggregate
121,4,144,144,144,8.6629167,560.51542,0,34.0338,10994.26663,True,adjust_inspection_priority,public-derived-entity-complete-daily-aggregate
121,5,144,144,144,9.0035417,443.07069,0,34.0338,10994.26663,True,adjust_inspection_priority,public-derived-entity-complete-daily-aggregate
121,6,144,144,144,3.6872222,185.645,0,34.0338,10994.26663,True,adjust_inspection_priority,public-derived-entity-complete-daily-aggregate
121,7,144,144,144,2.82875,61.847847,0,34.0338,10994.26663,True,adjust_inspection_priority,public-derived-entity-complete-daily-aggregate
122,1,144,143,143,6.9558741,454.1207,0,19.1439,11470.36638,True,adjust_inspection_priority,public-derived-entity-complete-daily-aggregate
122,2,144,144,144,4.145,191.51361,0,19.1439,11470.36638,True,adjust_inspection_priority,public-derived-entity-complete-daily-aggregate
122,3,144,144,144,9.9150694,907.40125,0,19.1439,11470.36638,True,adjust_inspection_priority,public-derived-entity-complete-daily-aggregate
122,4,144,143,143,8.4813986,540.52538,0,19.1439,11470.36638,True,adjust_inspection_priority,public-derived-entity-complete-daily-aggregate
122,5,144,144,144,8.8136806,427.14535,0,19.1439,11470.36638,True,adjust_inspection_priority,public-derived-entity-complete-daily-aggregate
122,6,144,144,144,4.0572222,188.45014,0,19.1439,11470.36638,True,adjust_inspection_priority,public-derived-entity-complete-daily-aggregate
122,7,144,144,144,3.0851389,74.292778,0,19.1439,11470.36638,True,adjust_inspection_priority,public-derived-entity-complete-daily-aggregate
123,1,144,143,143,6.2412587,458.75524,0,61.335,11944.36985,True,adjust_inspection_priority,public-derived-entity-complete-daily-aggregate
123,2,144,144,144,3.6264583,214.21674,0,61.335,11944.36985,True,adjust_inspection_priority,public-derived-entity-complete-daily-aggregate
123,3,144,144,144,9.2188889,1007.4806,0,61.335,11944.36985,True,adjust_inspection_priority,public-derived-entity-complete-daily-aggregate
123,4,144,143,143,7.9044755,603.61483,0,61.335,11944.36985,True,adjust_inspection_priority,public-derived-entity-complete-daily-aggregate
123,5,144,144,144,8.6272917,483.8859,0,61.335,11944.36985,True,adjust_inspection_priority,public-derived-entity-complete-daily-aggregate
123,6,144,144,144,3.60875,197.7441,0,61.335,11944.36985,True,adjust_inspection_priority,public-derived-entity-complete-daily-aggregate
123,7,144,144,144,2.8393056,77.311042,0,61.335,11944.36985,True,adjust_inspection_priority,public-derived-entity-complete-daily-aggregate
124,1,144,143,143,6.5465734,409.58238,1,0,1975.47494,True,adjust_inspection_priority,public-derived-entity-complete-daily-aggregate
124,2,144,144,144,3.7685417,160.53271,1,0,1975.47494,True,adjust_inspection_priority,public-derived-entity-complete-daily-aggregate
124,3,144,144,144,9.4838194,873.76903,1,0,1975.47494,True,adjust_inspection_priority,public-derived-entity-complete-daily-aggregate
124,4,144,143,143,8.4123077,513.32888,1,0,1975.47494,True,adjust_inspection_priority,public-derived-entity-complete-daily-aggregate
124,5,144,144,144,9.0997222,456.60007,1,0,1975.47494,True,adjust_inspection_priority,public-derived-entity-complete-daily-aggregate
124,6,144,143,143,3.9513287,176.73573,1,0,1975.47494,True,adjust_inspection_priority,public-derived-entity-complete-daily-aggregate
124,7,144,144,144,3.136875,67.950278,1,0,1975.47494,True,adjust_inspection_priority,public-derived-entity-complete-daily-aggregate
125,1,144,143,143,6.5630769,480.3186,0,18.6945,2425.30767,True,adjust_inspection_priority,public-derived-entity-complete-daily-aggregate
125,2,144,144,144,3.7670833,201.49208,0,18.6945,2425.30767,True,adjust_inspection_priority,public-derived-entity-complete-daily-aggregate
125,3,144,144,144,9.3391667,966.76646,0,18.6945,2425.30767,True,adjust_inspection_priority,public-derived-entity-complete-daily-aggregate
125,4,144,144,144,8.1977778,566.77826,0,18.6945,2425.30767,True,adjust_inspection_priority,public-derived-entity-complete-daily-aggregate
125,5,144,144,144,8.9802083,513.28646,0,18.6945,2425.30767,True,adjust_inspection_priority,public-derived-entity-complete-daily-aggregate
125,6,144,144,144,3.9367361,216.70896,0,18.6945,2425.30767,True,adjust_inspection_priority,public-derived-entity-complete-daily-aggregate
125,7,144,144,144,3.1553472,91.177639,0,18.6945,2425.30767,True,adjust_inspection_priority,public-derived-entity-complete-daily-aggregate
126,1,144,143,143,6.7867133,479.39,0,8.535,2898.76489,True,adjust_inspection_priority,public-derived-entity-complete-daily-aggregate
126,2,144,143,143,3.7772028,207.35007,0,8.535,2898.76489,True,adjust_inspection_priority,public-derived-entity-complete-daily-aggregate
126,3,144,144,144,9.7168056,1008.4507,0,8.535,2898.76489,True,adjust_inspection_priority,public-derived-entity-complete-daily-aggregate
126,4,144,144,144,8.3552778,577.19042,0,8.535,2898.76489,True,adjust_inspection_priority,public-derived-entity-complete-daily-aggregate
126,5,144,144,144,9.10625,529.11222,0,8.535,2898.76489,True,adjust_inspection_priority,public-derived-entity-complete-daily-aggregate
126,6,144,144,144,4.0011806,226.25417,0,8.535,2898.76489,True,adjust_inspection_priority,public-derived-entity-complete-daily-aggregate
126,7,144,144,144,3.1515972,88.483194,0,8.535,2898.76489,True,adjust_inspection_priority,public-derived-entity-complete-daily-aggregate
127,1,144,142,142,6.3074648,473.72725,0,31.2394,3372.18094,True,adjust_inspection_priority,public-derived-entity-complete-daily-aggregate
127,2,144,144,144,3.6179167,210.61389,0,31.2394,3372.18094,True,adjust_inspection_priority,public-derived-entity-complete-daily-aggregate
127,3,144,144,144,9.0647222,1010.3952,0,31.2394,3372.18094,True,adjust_inspection_priority,public-derived-entity-complete-daily-aggregate
127,4,144,144,144,8.05375,578.18715,0,31.2394,3372.18094,True,adjust_inspection_priority,public-derived-entity-complete-daily-aggregate
127,5,144,144,144,8.6709028,532.40694,0,31.2394,3372.18094,True,adjust_inspection_priority,public-derived-entity-complete-daily-aggregate
127,6,144,144,144,3.7814583,214.85951,0,31.2394,3372.18094,True,adjust_inspection_priority,public-derived-entity-complete-daily-aggregate
127,7,144,144,144,3.0918056,92.680556,0,31.2394,3372.18094,True,adjust_inspection_priority,public-derived-entity-complete-daily-aggregate
128,1,144,143,143,6.5287413,427.51587,0,68.4751,3862.0351,True,adjust_inspection_priority,public-derived-entity-complete-daily-aggregate
128,2,144,144,144,3.6470833,200.79188,0,68.4751,3862.0351,True,adjust_inspection_priority,public-derived-entity-complete-daily-aggregate
128,3,144,144,144,9.3336111,798.20694,0,68.4751,3862.0351,True,adjust_inspection_priority,public-derived-entity-complete-daily-aggregate
128,4,144,144,144,7.8945833,552.50333,0,68.4751,3862.0351,True,adjust_inspection_priority,public-derived-entity-complete-daily-aggregate
128,5,144,144,144,8.5415972,469.15215,0,68.4751,3862.0351,True,adjust_inspection_priority,public-derived-entity-complete-daily-aggregate
128,6,144,144,144,3.87375,209.51708,0,68.4751,3862.0351,True,adjust_inspection_priority,public-derived-entity-complete-daily-aggregate
128,7,144,144,144,3.2259722,100.63229,0,68.4751,3862.0351,True,adjust_inspection_priority,public-derived-entity-complete-daily-aggregate
129,1,144,143,143,6.8868531,411.25734,0,19.5283,4309.05443,True,adjust_inspection_priority,public-derived-entity-complete-daily-aggregate
129,2,144,144,144,3.8614583,217.35049,0,19.5283,4309.05443,True,adjust_inspection_priority,public-derived-entity-complete-daily-aggregate
129,3,144,144,144,9.8516667,832.11299,0,19.5283,4309.05443,True,adjust_inspection_priority,public-derived-entity-complete-daily-aggregate
129,4,144,144,144,8.3759722,542.98139,0,19.5283,4309.05443,True,adjust_inspection_priority,public-derived-entity-complete-daily-aggregate
129,5,144,144,144,9.3378472,466.96347,0,19.5283,4309.05443,True,adjust_inspection_priority,public-derived-entity-complete-daily-aggregate
129,6,144,144,144,4.05375,208.16674,0,19.5283,4309.05443,True,adjust_inspection_priority,public-derived-entity-complete-daily-aggregate
129,7,144,144,144,3.3371528,104.95569,0,19.5283,4309.05443,True,adjust_inspection_priority,public-derived-entity-complete-daily-aggregate
130,1,144,143,143,7.0823077,490.86392,0,12.6509,4814.6004,True,adjust_inspection_priority,public-derived-entity-complete-daily-aggregate
130,2,144,144,144,3.8493056,207.82181,0,12.6509,4814.6004,True,adjust_inspection_priority,public-derived-entity-complete-daily-aggregate
130,3,144,144,144,9.7116667,971.08312,0,12.6509,4814.6004,True,adjust_inspection_priority,public-derived-entity-complete-daily-aggregate
130,4,144,144,144,8.7926389,580.27097,0,12.6509,4814.6004,True,adjust_inspection_priority,public-derived-entity-complete-daily-aggregate
130,5,144,144,144,9.2905556,493.83347,0,12.6509,4814.6004,True,adjust_inspection_priority,public-derived-entity-complete-daily-aggregate
130,6,144,144,144,4.1758333,218.96,0,12.6509,4814.6004,True,adjust_inspection_priority,public-derived-entity-complete-daily-aggregate
130,7,144,144,144,3.4479861,150.99299,0,12.6509,4814.6004,True,adjust_inspection_priority,public-derived-entity-complete-daily-aggregate
131,1,144,143,143,6.5932168,471.98804,0,23.3458,5284.65439,True,adjust_inspection_priority,public-derived-entity-complete-daily-aggregate
131,2,144,144,144,3.53125,201.70938,0,23.3458,5284.65439,True,adjust_inspection_priority,public-derived-entity-complete-daily-aggregate
131,3,144,143,143,9.3330769,998.88636,0,23.3458,5284.65439,True,adjust_inspection_priority,public-derived-entity-complete-daily-aggregate
131,4,144,144,144,7.9977083,545.2841,0,23.3458,5284.65439,True,adjust_inspection_priority,public-derived-entity-complete-daily-aggregate
131,5,144,144,144,8.9036111,549.59056,0,23.3458,5284.65439,True,adjust_inspection_priority,public-derived-entity-complete-daily-aggregate
131,6,144,144,144,3.8534722,205.96194,0,23.3458,5284.65439,True,adjust_inspection_priority,public-derived-entity-complete-daily-aggregate
131,7,144,144,144,3.1743056,108.985,0,23.3458,5284.65439,True,adjust_inspection_priority,public-derived-entity-complete-daily-aggregate
132,1,144,143,143,7.8759441,470.03958,1,62.6774,5749.90633,True,adjust_inspection_priority,public-derived-entity-complete-daily-aggregate
132,2,144,144,144,4.1017361,203.31104,1,62.6774,5749.90633,True,adjust_inspection_priority,public-derived-entity-complete-daily-aggregate
132,3,144,144,144,10.795903,891.15458,1,62.6774,5749.90633,True,adjust_inspection_priority,public-derived-entity-complete-daily-aggregate
132,4,144,144,144,9.5627778,569.24729,1,62.6774,5749.90633,True,adjust_inspection_priority,public-derived-entity-complete-daily-aggregate
132,5,144,144,144,10.633958,552.86819,1,62.6774,5749.90633,True,adjust_inspection_priority,public-derived-entity-complete-daily-aggregate
132,6,144,143,143,4.6908392,209.49853,1,62.6774,5749.90633,True,adjust_inspection_priority,public-derived-entity-complete-daily-aggregate
132,7,144,144,144,3.8025694,109.06556,1,62.6774,5749.90633,True,adjust_inspection_priority,public-derived-entity-complete-daily-aggregate
133,1,144,143,143,6.2538462,413.28818,0,78.4309,6231.32903,True,adjust_inspection_priority,public-derived-entity-complete-daily-aggregate
133,2,144,144,144,3.3228472,224.51243,0,78.4309,6231.32903,True,adjust_inspection_priority,public-derived-entity-complete-daily-aggregate
133,3,144,144,144,8.723125,827.38208,0,78.4309,6231.32903,True,adjust_inspection_priority,public-derived-entity-complete-daily-aggregate
133,4,144,144,144,7.6241667,556.35965,0,78.4309,6231.32903,True,adjust_inspection_priority,public-derived-entity-complete-daily-aggregate
133,5,144,144,144,8.6734028,502.26937,0,78.4309,6231.32903,True,adjust_inspection_priority,public-derived-entity-complete-daily-aggregate
133,6,144,143,143,3.6476923,217.0872,0,78.4309,6231.32903,True,adjust_inspection_priority,public-derived-entity-complete-daily-aggregate
133,7,144,144,144,2.9311111,105.43722,0,78.4309,6231.32903,True,adjust_inspection_priority,public-derived-entity-complete-daily-aggregate
134,1,144,143,143,6.3927972,410.70308,0,11.3385,6713.46517,True,adjust_inspection_priority,public-derived-entity-complete-daily-aggregate
134,2,144,144,144,3.4089583,225.83299,0,11.3385,6713.46517,True,adjust_inspection_priority,public-derived-entity-complete-daily-aggregate
134,3,144,144,144,8.8299306,828.24861,0,11.3385,6713.46517,True,adjust_inspection_priority,public-derived-entity-complete-daily-aggregate
134,4,144,144,144,8.2533333,612.13035,0,11.3385,6713.46517,True,adjust_inspection_priority,public-derived-entity-complete-daily-aggregate
134,5,144,144,144,9.2777778,523.06062,0,11.3385,6713.46517,True,adjust_inspection_priority,public-derived-entity-complete-daily-aggregate
134,6,144,144,144,4.055625,217.85361,0,11.3385,6713.46517,True,adjust_inspection_priority,public-derived-entity-complete-daily-aggregate
134,7,144,144,144,3.2508333,105.26694,0,11.3385,6713.46517,True,adjust_inspection_priority,public-derived-entity-complete-daily-aggregate
