cycle_id,main_pressure_mean,return_pressure_mean,system_pressure_mean,motor_power_mean,main_flow_mean,tank_temperature_mean,system_vibration_mean,cooler_condition,cooler_state,cooler_severity,valve_condition,valve_state,valve_severity,pump_condition,pump_state,pump_severity,accumulator_condition,accumulator_state,accumulator_severity,stability_flag,stability_label,overall_severity,overall_severity_label,affected_component_count,automatic_maintenance_allowed,allowed_action,data_nature
1,160.67349166666665,109.46691350000002,1.9914753333333333,2538.929166666667,6.709815,35.62198333333333,0.57695,3.0,接近故障,critical,100.0,最佳状态,normal,0.0,无泄漏,normal,130.0,最佳压力,normal,1,未稳定,2,临界,1,False,route_maintenance_review,public-derived-cycle-feature-table
2,160.60332,109.35489033333333,1.9762343333333332,2531.4988999999996,6.7153149999999995,36.676966666666665,0.56585,3.0,接近故障,critical,100.0,最佳状态,normal,0.0,无泄漏,normal,130.0,最佳压力,normal,1,未稳定,2,临界,1,False,route_maintenance_review,public-derived-cycle-feature-table
3,160.34772,109.15884466666667,1.9722239999999998,2519.928,6.718521666666667,37.88080000000001,0.5765333333333333,3.0,接近故障,critical,100.0,最佳状态,normal,0.0,无泄漏,normal,130.0,最佳压力,normal,1,未稳定,2,临界,1,False,route_maintenance_review,public-derived-cycle-feature-table
4,160.18808833333333,109.06480716666667,1.9465755,2511.5416333333333,6.720565,38.87904999999999,0.5692666666666667,3.0,接近故障,critical,100.0,最佳状态,normal,0.0,无泄漏,normal,130.0,最佳压力,normal,1,未稳定,2,临界,1,False,route_maintenance_review,public-derived-cycle-feature-table
5,160.00047166666667,108.93143433333334,1.9227069999999997,2503.4495,6.690308333333332,39.80391666666667,0.5773666666666666,3.0,接近故障,critical,100.0,最佳状态,normal,0.0,无泄漏,normal,130.0,最佳压力,normal,1,未稳定,2,临界,1,False,route_maintenance_review,public-derived-cycle-feature-table
6,159.92021,108.88768166666668,1.9132845,2501.0070666666666,6.699023333333335,40.65944999999999,0.5726833333333333,3.0,接近故障,critical,100.0,最佳状态,normal,0.0,无泄漏,normal,130.0,最佳压力,normal,1,未稳定,2,临界,1,False,route_maintenance_review,public-derived-cycle-feature-table
7,159.672675,108.6764655,1.888099666666667,2494.4168999999997,6.698573333333334,41.46363333333334,0.5730333333333333,3.0,接近故障,critical,100.0,最佳状态,normal,0.0,无泄漏,normal,130.0,最佳压力,normal,1,未稳定,2,临界,1,False,route_maintenance_review,public-derived-cycle-feature-table
8,159.61445166666667,108.65174466666666,1.874894166666667,2489.421533333333,6.678026666666667,42.215266666666665,0.5720000000000002,3.0,接近故障,critical,100.0,最佳状态,normal,0.0,无泄漏,normal,130.0,最佳压力,normal,1,未稳定,2,临界,1,False,route_maintenance_review,public-derived-cycle-feature-table
9,159.475745,108.5297385,1.8581203333333334,2484.4190666666664,6.6716516666666665,42.89198333333333,0.5670666666666668,3.0,接近故障,critical,100.0,最佳状态,normal,0.0,无泄漏,normal,130.0,最佳压力,normal,1,未稳定,2,临界,1,False,route_maintenance_review,public-derived-cycle-feature-table
10,159.43799666666666,108.51088516666667,1.8410633333333335,2480.4348666666665,6.659990000000001,43.53283333333333,0.5716833333333333,3.0,接近故障,critical,100.0,最佳状态,normal,0.0,无泄漏,normal,130.0,最佳压力,normal,1,未稳定,2,临界,1,False,route_maintenance_review,public-derived-cycle-feature-table
11,159.3217566666667,108.43785166666666,1.832484,2478.7949,6.659208333333334,44.10611666666666,0.5687,3.0,接近故障,critical,100.0,最佳状态,normal,0.0,无泄漏,normal,130.0,最佳压力,normal,1,未稳定,2,临界,1,False,route_maintenance_review,public-derived-cycle-feature-table
12,159.23511333333335,108.3167815,1.8256623333333333,2472.2732,6.663306666666667,44.63850000000001,0.5781499999999998,3.0,接近故障,critical,100.0,最佳状态,normal,0.0,无泄漏,normal,130.0,最佳压力,normal,1,未稳定,2,临界,1,False,route_maintenance_review,public-derived-cycle-feature-table
13,159.13514833333335,108.24107966666666,1.8158948333333333,2467.228833333333,6.655926666666667,45.159600000000005,0.5842333333333334,3.0,接近故障,critical,100.0,最佳状态,normal,0.0,无泄漏,normal,130.0,最佳压力,normal,1,未稳定,2,临界,1,False,route_maintenance_review,public-derived-cycle-feature-table
14,159.08735166666668,108.21403683333334,1.807515,2465.3071666666665,6.6654100000000005,45.62873333333333,0.5885666666666667,3.0,接近故障,critical,100.0,最佳状态,normal,0.0,无泄漏,normal,130.0,最佳压力,normal,1,未稳定,2,临界,1,False,route_maintenance_review,public-derived-cycle-feature-table
15,158.98582333333331,108.12740333333332,1.8038095,2461.7723333333333,6.669133333333333,46.05918333333334,0.5824666666666666,3.0,接近故障,critical,100.0,最佳状态,normal,0.0,无泄漏,normal,130.0,最佳压力,normal,1,未稳定,2,临界,1,False,route_maintenance_review,public-derived-cycle-feature-table
16,158.86424000000002,108.03851166666668,1.8023995000000002,2459.5113666666666,6.649888333333333,46.46225000000001,0.5823666666666666,3.0,接近故障,critical,100.0,最佳状态,normal,0.0,无泄漏,normal,130.0,最佳压力,normal,1,未稳定,2,临界,1,False,route_maintenance_review,public-derived-cycle-feature-table
17,158.81964166666668,107.981409,1.793656333333333,2458.1660999999995,6.649658333333334,46.83956666666666,0.5849,3.0,接近故障,critical,100.0,最佳状态,normal,0.0,无泄漏,normal,130.0,最佳压力,normal,1,未稳定,2,临界,1,False,route_maintenance_review,public-derived-cycle-feature-table
18,158.79358,107.95498783333332,1.7949478333333333,2455.588233333333,6.639613333333334,47.15218333333333,0.5930833333333333,3.0,接近故障,critical,100.0,最佳状态,normal,0.0,无泄漏,normal,130.0,最佳压力,normal,1,未稳定,2,临界,1,False,route_maintenance_review,public-derived-cycle-feature-table
19,158.65068833333333,107.83698666666668,1.7934546666666664,2452.2997666666665,6.660111666666666,47.46976666666668,0.6039,3.0,接近故障,critical,100.0,最佳状态,normal,0.0,无泄漏,normal,130.0,最佳压力,normal,1,未稳定,2,临界,1,False,route_maintenance_review,public-derived-cycle-feature-table
20,158.59539833333332,107.76220716666667,1.8003541666666667,2448.3263333333334,6.64878,47.751066666666674,0.60335,3.0,接近故障,critical,100.0,最佳状态,normal,0.0,无泄漏,normal,130.0,最佳压力,normal,1,未稳定,2,临界,1,False,route_maintenance_review,public-derived-cycle-feature-table
21,158.61717000000002,107.79408933333335,1.8004373333333332,2444.7216333333336,6.6382449999999995,48.026199999999996,0.6186666666666666,3.0,接近故障,critical,100.0,最佳状态,normal,0.0,无泄漏,normal,130.0,最佳压力,normal,1,未稳定,2,临界,1,False,route_maintenance_review,public-derived-cycle-feature-table
22,158.57060333333334,107.739285,1.7975006666666669,2441.7758,6.6441333333333334,48.27095,0.6306999999999999,3.0,接近故障,critical,100.0,最佳状态,normal,0.0,无泄漏,normal,130.0,最佳压力,normal,1,未稳定,2,临界,1,False,route_maintenance_review,public-derived-cycle-feature-table
23,158.53252166666664,107.73017866666666,1.7913808333333332,2438.7711999999997,6.636838333333333,48.49956666666667,0.6217333333333334,3.0,接近故障,critical,100.0,最佳状态,normal,0.0,无泄漏,normal,130.0,最佳压力,normal,1,未稳定,2,临界,1,False,route_maintenance_review,public-derived-cycle-feature-table
24,158.50901166666668,107.73016933333332,1.7924931666666666,2437.650633333333,6.63277,48.71131666666666,0.6250333333333332,3.0,接近故障,critical,100.0,最佳状态,normal,0.0,无泄漏,normal,130.0,最佳压力,normal,1,未稳定,2,临界,1,False,route_maintenance_review,public-derived-cycle-feature-table
25,158.44460833333332,107.71205083333334,1.7926175,2437.1267666666668,6.63475,48.919533333333334,0.6333000000000001,3.0,接近故障,critical,100.0,最佳状态,normal,0.0,无泄漏,normal,130.0,最佳压力,normal,1,未稳定,2,临界,1,False,route_maintenance_review,public-derived-cycle-feature-table
26,158.33628166666668,107.59213533333332,1.7388951666666665,2434.6056,6.647125000000001,49.110033333333334,0.6361166666666667,3.0,接近故障,critical,100.0,最佳状态,normal,0.0,无泄漏,normal,130.0,最佳压力,normal,1,未稳定,2,临界,1,False,route_maintenance_review,public-derived-cycle-feature-table
27,158.26508666666666,107.51676166666665,1.731176,2432.5054333333333,6.634791666666667,49.318749999999994,0.6377333333333334,3.0,接近故障,critical,100.0,最佳状态,normal,0.0,无泄漏,normal,130.0,最佳压力,normal,1,未稳定,2,临界,1,False,route_maintenance_review,public-derived-cycle-feature-table
28,158.25193833333333,107.48398466666667,1.7406128333333333,2432.6523666666667,6.6468799999999995,49.49523333333334,0.6266999999999999,3.0,接近故障,critical,100.0,最佳状态,normal,0.0,无泄漏,normal,130.0,最佳压力,normal,1,未稳定,2,临界,1,False,route_maintenance_review,public-derived-cycle-feature-table
29,158.09042666666667,107.34845083333333,1.7405576666666667,2428.3547,6.64119,49.66363333333332,0.6350500000000001,3.0,接近故障,critical,100.0,最佳状态,normal,0.0,无泄漏,normal,130.0,最佳压力,normal,1,未稳定,2,临界,1,False,route_maintenance_review,public-derived-cycle-feature-table
30,157.950735,107.23488649999999,1.7349649999999999,2425.8440333333333,6.644684999999999,49.824416666666664,0.6339666666666666,3.0,接近故障,critical,100.0,最佳状态,normal,0.0,无泄漏,normal,130.0,最佳压力,normal,1,未稳定,2,临界,1,False,route_maintenance_review,public-derived-cycle-feature-table
31,157.955,107.223577,1.7374010000000002,2425.4720666666663,6.62911,49.92826666666666,0.6377833333333334,3.0,接近故障,critical,100.0,最佳状态,normal,0.0,无泄漏,normal,130.0,最佳压力,normal,1,未稳定,2,临界,1,False,route_maintenance_review,public-derived-cycle-feature-table
32,157.90042833333334,107.179437,1.733439,2424.2784666666666,6.624546666666666,50.03428333333332,0.6266,3.0,接近故障,critical,100.0,最佳状态,normal,0.0,无泄漏,normal,130.0,最佳压力,normal,1,未稳定,2,临界,1,False,route_maintenance_review,public-derived-cycle-feature-table
33,157.96926166666668,107.24081533333333,1.737158,2424.3659666666663,6.641248333333333,50.169133333333335,0.63425,3.0,接近故障,critical,100.0,最佳状态,normal,0.0,无泄漏,normal,130.0,最佳压力,normal,1,未稳定,2,临界,1,False,route_maintenance_review,public-derived-cycle-feature-table
34,157.87992833333334,107.12953016666667,1.7336915,2423.3833999999997,6.632510000000001,50.284766666666684,0.6351833333333337,3.0,接近故障,critical,100.0,最佳状态,normal,0.0,无泄漏,normal,130.0,最佳压力,normal,1,未稳定,2,临界,1,False,route_maintenance_review,public-derived-cycle-feature-table
35,157.83447333333334,107.08963366666666,1.7324601666666668,2421.6704,6.635743333333333,50.388083333333334,0.6517333333333333,3.0,接近故障,critical,100.0,最佳状态,normal,0.0,无泄漏,normal,130.0,最佳压力,normal,1,未稳定,2,临界,1,False,route_maintenance_review,public-derived-cycle-feature-table
36,157.79948666666667,107.07464449999999,1.725165333333333,2421.0855666666666,6.625091666666665,50.50148333333333,0.6418499999999999,3.0,接近故障,critical,100.0,最佳状态,normal,0.0,无泄漏,normal,130.0,最佳压力,normal,1,未稳定,2,临界,1,False,route_maintenance_review,public-derived-cycle-feature-table
37,157.76861,107.01590383333333,1.7241555,2421.494433333333,6.622036666666666,50.59571666666667,0.6413,3.0,接近故障,critical,100.0,最佳状态,normal,0.0,无泄漏,normal,130.0,最佳压力,normal,1,未稳定,2,临界,1,False,route_maintenance_review,public-derived-cycle-feature-table
38,157.7616416666667,107.01763666666666,1.7163973333333333,2422.7842333333333,6.630413333333334,50.672216666666664,0.6397333333333332,3.0,接近故障,critical,100.0,最佳状态,normal,0.0,无泄漏,normal,130.0,最佳压力,normal,1,未稳定,2,临界,1,False,route_maintenance_review,public-derived-cycle-feature-table
39,157.83084333333335,107.082773,1.7233015000000003,2424.2356333333337,6.635855,50.71945,0.6484666666666669,3.0,接近故障,critical,100.0,最佳状态,normal,0.0,无泄漏,normal,130.0,最佳压力,normal,1,未稳定,2,临界,1,False,route_maintenance_review,public-derived-cycle-feature-table
40,157.73760166666668,106.986294,1.730678,2420.9752,6.633998333333333,50.81441666666667,0.6307333333333333,3.0,接近故障,critical,100.0,最佳状态,normal,0.0,无泄漏,normal,130.0,最佳压力,normal,1,未稳定,2,临界,1,False,route_maintenance_review,public-derived-cycle-feature-table
41,157.79064166666666,107.04378299999999,1.7351098333333332,2424.3420666666666,6.621596666666668,50.905166666666666,0.6316500000000002,3.0,接近故障,critical,100.0,最佳状态,normal,0.0,无泄漏,normal,130.0,最佳压力,normal,1,未稳定,2,临界,1,False,route_maintenance_review,public-derived-cycle-feature-table
42,157.69486333333333,106.96930400000001,1.7331998333333334,2421.6365,6.6197799999999996,50.97945,0.6349833333333331,3.0,接近故障,critical,100.0,最佳状态,normal,0.0,无泄漏,normal,130.0,最佳压力,normal,1,未稳定,2,临界,1,False,route_maintenance_review,public-derived-cycle-feature-table
43,157.65831166666666,106.91783749999999,1.7281376666666668,2421.6704333333328,6.617328333333333,51.06951666666665,0.6306666666666667,3.0,接近故障,critical,100.0,最佳状态,normal,0.0,无泄漏,normal,130.0,最佳压力,normal,1,未稳定,2,临界,1,False,route_maintenance_review,public-derived-cycle-feature-table
44,157.63319333333334,106.9272585,1.7272038333333337,2420.5835333333334,6.621698333333333,51.115866666666655,0.63965,3.0,接近故障,critical,100.0,最佳状态,normal,0.0,无泄漏,normal,130.0,最佳压力,normal,1,未稳定,2,临界,1,False,route_maintenance_review,public-derived-cycle-feature-table
45,157.59208166666667,106.9054745,1.7351356666666664,2418.8603999999996,6.62801,51.19321666666665,0.6396000000000001,3.0,接近故障,critical,100.0,最佳状态,normal,0.0,无泄漏,normal,130.0,最佳压力,normal,1,未稳定,2,临界,1,False,route_maintenance_review,public-derived-cycle-feature-table
46,157.58220166666666,106.88391383333334,1.7355376666666664,2419.733266666666,6.619646666666666,51.21803333333333,0.6409499999999999,3.0,接近故障,critical,100.0,最佳状态,normal,0.0,无泄漏,normal,130.0,最佳压力,normal,1,未稳定,2,临界,1,False,route_maintenance_review,public-derived-cycle-feature-table
47,157.58094333333335,106.88588216666668,1.7254746666666667,2422.490733333333,6.64247,51.28616666666667,0.6575333333333334,3.0,接近故障,critical,100.0,最佳状态,normal,0.0,无泄漏,normal,130.0,最佳压力,normal,1,未稳定,2,临界,1,False,route_maintenance_review,public-derived-cycle-feature-table
48,157.56419666666667,106.84422833333333,1.7243855000000001,2417.854833333333,6.640555,51.34835,0.6304666666666667,3.0,接近故障,critical,100.0,最佳状态,normal,0.0,无泄漏,normal,130.0,最佳压力,normal,1,未稳定,2,临界,1,False,route_maintenance_review,public-derived-cycle-feature-table
49,157.56484,106.86601483333332,1.7140006666666667,2417.6625666666664,6.632315,51.394616666666664,0.6288333333333334,3.0,接近故障,critical,100.0,最佳状态,normal,0.0,无泄漏,normal,130.0,最佳压力,normal,1,未稳定,2,临界,1,False,route_maintenance_review,public-derived-cycle-feature-table
50,157.5742,106.90339783333333,1.7126375,2417.0092,6.622501666666667,51.46833333333335,0.6278166666666667,3.0,接近故障,critical,100.0,最佳状态,normal,0.0,无泄漏,normal,130.0,最佳压力,normal,1,未稳定,2,临界,1,False,route_maintenance_review,public-derived-cycle-feature-table
51,157.61297166666665,106.91734299999999,1.7199308333333332,2417.6376333333333,6.6224099999999995,51.52106666666667,0.6350666666666667,3.0,接近故障,critical,100.0,最佳状态,normal,0.0,无泄漏,normal,130.0,最佳压力,normal,1,未稳定,2,临界,1,False,route_maintenance_review,public-derived-cycle-feature-table
52,157.54615833333332,106.86868016666666,1.7225358333333334,2415.608233333333,6.619305,51.56841666666666,0.6599,3.0,接近故障,critical,100.0,最佳状态,normal,0.0,无泄漏,normal,130.0,最佳压力,normal,1,未稳定,2,临界,1,False,route_maintenance_review,public-derived-cycle-feature-table
53,157.5319716666667,106.83982216666666,1.7172071666666668,2416.2641333333327,6.623915,51.613266666666654,0.6257000000000001,3.0,接近故障,critical,100.0,最佳状态,normal,0.0,无泄漏,normal,130.0,最佳压力,normal,1,未稳定,2,临界,1,False,route_maintenance_review,public-derived-cycle-feature-table
54,157.52619166666665,106.8348995,1.7212993333333333,2416.1488666666664,6.618191666666666,51.657349999999994,0.6337166666666667,3.0,接近故障,critical,100.0,最佳状态,normal,0.0,无泄漏,normal,130.0,最佳压力,normal,1,未稳定,2,临界,1,False,route_maintenance_review,public-derived-cycle-feature-table
55,157.63029333333333,106.92785816666667,1.7323231666666667,2416.8651666666665,6.627843333333333,51.700700000000005,0.6483833333333334,3.0,接近故障,critical,100.0,最佳状态,normal,0.0,无泄漏,normal,130.0,最佳压力,normal,1,未稳定,2,临界,1,False,route_maintenance_review,public-derived-cycle-feature-table
56,157.54221166666667,106.85180450000001,1.7315649999999998,2415.1581333333334,6.634783333333333,51.743950000000005,0.6352000000000001,3.0,接近故障,critical,100.0,最佳状态,normal,0.0,无泄漏,normal,130.0,最佳压力,normal,1,未稳定,2,临界,1,False,route_maintenance_review,public-derived-cycle-feature-table
57,157.5051816666667,106.804933,1.729342,2413.1221333333333,6.6368100000000005,51.76063333333334,0.6404833333333334,3.0,接近故障,critical,100.0,最佳状态,normal,0.0,无泄漏,normal,130.0,最佳压力,normal,1,未稳定,2,临界,1,False,route_maintenance_review,public-derived-cycle-feature-table
58,157.51768666666666,106.82720516666667,1.7297331666666669,2412.4019666666663,6.617531666666666,51.7932,0.63805,3.0,接近故障,critical,100.0,最佳状态,normal,0.0,无泄漏,normal,130.0,最佳压力,normal,1,未稳定,2,临界,1,False,route_maintenance_review,public-derived-cycle-feature-table
59,157.48090499999998,106.78475733333333,1.7237745000000002,2411.0018666666665,6.637646666666667,51.8459,0.6442000000000001,3.0,接近故障,critical,100.0,最佳状态,normal,0.0,无泄漏,normal,130.0,最佳压力,normal,1,未稳定,2,临界,1,False,route_maintenance_review,public-derived-cycle-feature-table
60,157.49671666666669,106.80555149999998,1.7270596666666667,2412.4341999999997,6.635518333333333,51.88128333333332,0.6434500000000001,3.0,接近故障,critical,100.0,最佳状态,normal,0.0,无泄漏,normal,130.0,最佳压力,normal,1,未稳定,2,临界,1,False,route_maintenance_review,public-derived-cycle-feature-table
61,157.47000500000001,106.76232733333335,1.7252293333333333,2411.9811666666665,6.629313333333334,51.913916666666665,0.6322666666666666,3.0,接近故障,critical,100.0,最佳状态,normal,0.0,无泄漏,normal,130.0,最佳压力,normal,1,未稳定,2,临界,1,False,route_maintenance_review,public-derived-cycle-feature-table
62,157.44858166666666,106.79522116666668,1.7162468333333334,2411.348233333333,6.618843333333334,51.9296,0.6377333333333334,3.0,接近故障,critical,100.0,最佳状态,normal,0.0,无泄漏,normal,130.0,最佳压力,normal,1,未稳定,2,临界,1,False,route_maintenance_review,public-derived-cycle-feature-table
63,157.46928666666668,106.79131433333332,1.7330455000000002,2411.7633666666666,6.6272649999999995,51.91603333333334,0.6336833333333334,3.0,接近故障,critical,100.0,最佳状态,normal,0.0,无泄漏,normal,130.0,最佳压力,normal,1,未稳定,2,临界,1,False,route_maintenance_review,public-derived-cycle-feature-table
64,157.44118166666664,106.76242816666667,1.7332018333333332,2409.764733333333,6.621781666666666,51.97953333333333,0.6446666666666666,3.0,接近故障,critical,100.0,最佳状态,normal,0.0,无泄漏,normal,130.0,最佳压力,normal,1,未稳定,2,临界,1,False,route_maintenance_review,public-derived-cycle-feature-table
65,157.44845833333332,106.7977145,1.7339761666666667,2409.6333999999997,6.6250816666666665,52.00331666666668,0.6407500000000003,3.0,接近故障,critical,100.0,最佳状态,normal,0.0,无泄漏,normal,130.0,最佳压力,normal,1,未稳定,2,临界,1,False,route_maintenance_review,public-derived-cycle-feature-table
66,157.45015166666664,106.77696283333333,1.7275918333333335,2409.8077,6.628023333333334,52.0069,0.6413666666666668,3.0,接近故障,critical,100.0,最佳状态,normal,0.0,无泄漏,normal,130.0,最佳压力,normal,1,未稳定,2,临界,1,False,route_maintenance_review,public-derived-cycle-feature-table
67,157.43817333333334,106.74620333333333,1.7257040000000001,2410.0885,6.637779999999999,52.02756666666667,0.64015,3.0,接近故障,critical,100.0,最佳状态,normal,0.0,无泄漏,normal,130.0,最佳压力,normal,1,未稳定,2,临界,1,False,route_maintenance_review,public-derived-cycle-feature-table
68,157.414365,106.73128633333333,1.725384,2410.55,6.633065,52.06471666666666,0.6389,3.0,接近故障,critical,100.0,最佳状态,normal,0.0,无泄漏,normal,130.0,最佳压力,normal,1,未稳定,2,临界,1,False,route_maintenance_review,public-derived-cycle-feature-table
69,157.43055166666667,106.75701466666666,1.722290833333333,2410.0348666666664,6.63636,52.09798333333334,0.6411166666666668,3.0,接近故障,critical,100.0,最佳状态,normal,0.0,无泄漏,normal,130.0,最佳压力,normal,1,未稳定,2,临界,1,False,route_maintenance_review,public-derived-cycle-feature-table
70,157.40886666666665,106.7360055,1.7251660000000002,2408.9121,6.616253333333333,52.155649999999994,0.6367333333333334,3.0,接近故障,critical,100.0,最佳状态,normal,0.0,无泄漏,normal,130.0,最佳压力,normal,1,未稳定,2,临界,1,False,route_maintenance_review,public-derived-cycle-feature-table
71,157.39658,106.72372299999999,1.7293744999999998,2408.1739333333335,6.6199666666666666,52.15624999999999,0.6480833333333335,3.0,接近故障,critical,100.0,最佳状态,normal,0.0,无泄漏,normal,130.0,最佳压力,normal,1,未稳定,2,临界,1,False,route_maintenance_review,public-derived-cycle-feature-table
72,157.39736333333332,106.7371035,1.7268355000000002,2406.7877999999996,6.623598333333333,52.21026666666667,0.6466333333333334,3.0,接近故障,critical,100.0,最佳状态,normal,0.0,无泄漏,normal,130.0,最佳压力,normal,1,未稳定,2,临界,1,False,route_maintenance_review,public-derived-cycle-feature-table
73,157.343405,106.67700500000001,1.7239751666666665,2409.1892666666663,6.621493333333333,52.304833333333335,0.6458166666666668,3.0,接近故障,critical,100.0,最佳状态,normal,0.0,无泄漏,normal,130.0,最佳压力,normal,1,未稳定,2,临界,1,False,route_maintenance_review,public-derived-cycle-feature-table
74,157.33445833333334,106.674138,1.724616,2409.419666666666,6.616700000000001,52.378400000000006,0.6400333333333332,3.0,接近故障,critical,100.0,最佳状态,normal,0.0,无泄漏,normal,130.0,最佳压力,normal,1,未稳定,2,临界,1,False,route_maintenance_review,public-derived-cycle-feature-table
75,157.35737833333334,106.68386483333333,1.7351961666666667,2409.183766666666,6.635338333333334,52.41358333333333,0.6354833333333333,3.0,接近故障,critical,100.0,最佳状态,normal,0.0,无泄漏,normal,130.0,最佳压力,normal,1,未稳定,2,临界,1,False,route_maintenance_review,public-derived-cycle-feature-table
76,157.33142166666667,106.63986700000001,1.7397246666666666,2409.437,6.6241216666666665,52.42258333333333,0.6470500000000001,3.0,接近故障,critical,100.0,最佳状态,normal,0.0,无泄漏,normal,130.0,最佳压力,normal,1,未稳定,2,临界,1,False,route_maintenance_review,public-derived-cycle-feature-table
77,157.32465833333333,106.6479965,1.7390356666666666,2409.3107666666665,6.635296666666666,52.52995,0.6537999999999998,3.0,接近故障,critical,100.0,最佳状态,normal,0.0,无泄漏,normal,130.0,最佳压力,normal,1,未稳定,2,临界,1,False,route_maintenance_review,public-derived-cycle-feature-table
78,157.312085,106.63928866666667,1.726819,2406.848433333333,6.612963333333333,52.59775,0.6414999999999998,3.0,接近故障,critical,100.0,最佳状态,normal,0.0,无泄漏,normal,130.0,最佳压力,normal,1,未稳定,2,临界,1,False,route_maintenance_review,public-derived-cycle-feature-table
79,157.29419499999997,106.61167683333333,1.7332543333333332,2407.1385666666665,6.617265000000001,52.63828333333335,0.6430833333333335,3.0,接近故障,critical,100.0,最佳状态,normal,0.0,无泄漏,normal,130.0,最佳压力,normal,1,未稳定,2,临界,1,False,route_maintenance_review,public-derived-cycle-feature-table
80,157.26318166666667,106.5938705,1.7260228333333332,2406.7525333333333,6.626873333333333,52.69541666666667,0.6453,3.0,接近故障,critical,100.0,最佳状态,normal,0.0,无泄漏,normal,130.0,最佳压力,normal,1,未稳定,2,临界,1,False,route_maintenance_review,public-derived-cycle-feature-table
81,157.25044666666668,106.58279866666668,1.7186421666666665,2406.8329,6.620123333333333,52.67783333333333,0.6501166666666667,3.0,接近故障,critical,100.0,最佳状态,normal,0.0,无泄漏,normal,130.0,最佳压力,normal,1,未稳定,2,临界,1,False,route_maintenance_review,public-derived-cycle-feature-table
82,157.23630833333334,106.59210133333333,1.7139006666666665,2406.6368333333335,6.6047400000000005,52.765483333333336,0.6490333333333334,3.0,接近故障,critical,100.0,最佳状态,normal,0.0,无泄漏,normal,130.0,最佳压力,normal,1,未稳定,2,临界,1,False,route_maintenance_review,public-derived-cycle-feature-table
83,157.25583833333334,106.59770866666666,1.7146386666666666,2406.5520999999994,6.607058333333333,52.796916666666675,0.6467666666666665,3.0,接近故障,critical,100.0,最佳状态,normal,0.0,无泄漏,normal,130.0,最佳压力,normal,1,未稳定,2,临界,1,False,route_maintenance_review,public-derived-cycle-feature-table
84,157.23048333333332,106.58887566666667,1.7102321666666667,2407.507466666666,6.606386666666667,52.827716666666674,0.6439333333333334,3.0,接近故障,critical,100.0,最佳状态,normal,0.0,无泄漏,normal,130.0,最佳压力,normal,1,未稳定,2,临界,1,False,route_maintenance_review,public-derived-cycle-feature-table
85,157.22484,106.56119916666668,1.7252666666666667,2407.3775,6.6045766666666665,52.833633333333324,0.6489166666666666,3.0,接近故障,critical,100.0,最佳状态,normal,0.0,无泄漏,normal,130.0,最佳压力,normal,1,未稳定,2,临界,1,False,route_maintenance_review,public-derived-cycle-feature-table
86,157.23757833333332,106.5855185,1.7167946666666667,2407.5121000000004,6.605370000000001,52.89256666666666,0.6555166666666667,3.0,接近故障,critical,100.0,最佳状态,normal,0.0,无泄漏,normal,130.0,最佳压力,normal,1,未稳定,2,临界,1,False,route_maintenance_review,public-derived-cycle-feature-table
87,157.23151333333334,106.56801883333334,1.7096396666666667,2407.107666666667,6.605456666666667,52.90308333333334,0.6436,3.0,接近故障,critical,100.0,最佳状态,normal,0.0,无泄漏,normal,130.0,最佳压力,normal,1,未稳定,2,临界,1,False,route_maintenance_review,public-derived-cycle-feature-table
88,157.24356333333333,106.579093,1.7213730000000003,2409.4431333333337,6.609093333333333,52.90551666666667,0.6436333333333333,3.0,接近故障,critical,100.0,最佳状态,normal,0.0,无泄漏,normal,130.0,最佳压力,normal,1,未稳定,2,临界,1,False,route_maintenance_review,public-derived-cycle-feature-table
89,157.234505,106.54324083333333,1.7215960000000001,2406.6547333333333,6.624023333333333,52.9446,0.6445833333333334,3.0,接近故障,critical,100.0,最佳状态,normal,0.0,无泄漏,normal,130.0,最佳压力,normal,1,未稳定,2,临界,1,False,route_maintenance_review,public-derived-cycle-feature-table
90,157.21444166666666,106.52546933333335,1.7211828333333332,2409.0202999999997,6.607241666666666,52.98328333333333,0.6474666666666665,3.0,接近故障,critical,100.0,最佳状态,normal,0.0,无泄漏,normal,130.0,最佳压力,normal,1,未稳定,2,临界,1,False,route_maintenance_review,public-derived-cycle-feature-table
91,157.21048333333334,106.52103600000001,1.7236663333333333,2411.2561,6.626918333333333,52.99998333333333,0.6497666666666667,3.0,接近故障,critical,100.0,最佳状态,normal,0.0,无泄漏,normal,130.0,最佳压力,normal,1,未稳定,2,临界,1,False,route_maintenance_review,public-derived-cycle-feature-table
92,157.19772333333336,106.52578299999999,1.7153908333333334,2410.361966666667,6.605630000000001,53.019383333333344,0.6480833333333335,3.0,接近故障,critical,100.0,最佳状态,normal,0.0,无泄漏,normal,130.0,最佳压力,normal,1,未稳定,2,临界,1,False,route_maintenance_review,public-derived-cycle-feature-table
93,157.19572166666669,106.53251966666667,1.7189565000000002,2411.294066666667,6.610015,53.052416666666666,0.6479999999999999,3.0,接近故障,critical,100.0,最佳状态,normal,0.0,无泄漏,normal,130.0,最佳压力,normal,1,未稳定,2,临界,1,False,route_maintenance_review,public-derived-cycle-feature-table
94,157.16942,106.50582499999999,1.7256660000000001,2412.2229333333335,6.624761666666666,53.0695,0.6501666666666668,3.0,接近故障,critical,100.0,最佳状态,normal,0.0,无泄漏,normal,130.0,最佳压力,normal,1,未稳定,2,临界,1,False,route_maintenance_review,public-derived-cycle-feature-table
95,157.16719500000002,106.48190466666668,1.7196128333333334,2413.5151333333333,6.629535,53.12368333333334,0.6537666666666667,3.0,接近故障,critical,100.0,最佳状态,normal,0.0,无泄漏,normal,130.0,最佳压力,normal,1,未稳定,2,临界,1,False,route_maintenance_review,public-derived-cycle-feature-table
96,157.16025666666667,106.482358,1.7196221666666667,2413.3796666666667,6.628848333333334,53.16071666666666,0.6343166666666668,3.0,接近故障,critical,100.0,最佳状态,normal,0.0,无泄漏,normal,130.0,最佳压力,normal,1,未稳定,2,临界,1,False,route_maintenance_review,public-derived-cycle-feature-table
97,157.14958166666668,106.4686045,1.7209888333333334,2414.010866666667,6.614218333333333,53.182833333333335,0.6355833333333334,3.0,接近故障,critical,100.0,最佳状态,normal,0.0,无泄漏,normal,130.0,最佳压力,normal,1,未稳定,2,临界,1,False,route_maintenance_review,public-derived-cycle-feature-table
98,157.16754166666666,106.48567983333332,1.7172711666666667,2410.6738333333333,6.613141666666667,53.19408333333333,0.6425666666666668,3.0,接近故障,critical,100.0,最佳状态,normal,0.0,无泄漏,normal,130.0,最佳压力,normal,1,未稳定,2,临界,1,False,route_maintenance_review,public-derived-cycle-feature-table
99,157.17052166666664,106.47632116666666,1.7206751666666666,2409.2663666666667,6.605671666666667,53.21398333333333,0.6465333333333334,3.0,接近故障,critical,100.0,最佳状态,normal,0.0,无泄漏,normal,130.0,最佳压力,normal,1,未稳定,2,临界,1,False,route_maintenance_review,public-derived-cycle-feature-table
100,157.13305333333335,106.45519833333334,1.726689166666667,2406.913466666667,6.62782,53.198600000000006,0.6688333333333333,3.0,接近故障,critical,100.0,最佳状态,normal,0.0,无泄漏,normal,130.0,最佳压力,normal,1,未稳定,2,临界,1,False,route_maintenance_review,public-derived-cycle-feature-table
101,157.14388,106.47612566666666,1.7339885000000002,2405.869133333333,6.6035916666666665,53.25980000000001,0.6671666666666667,3.0,接近故障,critical,100.0,最佳状态,normal,0.0,无泄漏,normal,130.0,最佳压力,normal,1,未稳定,2,临界,1,False,route_maintenance_review,public-derived-cycle-feature-table
102,157.129955,106.419538,1.7337223333333331,2404.4693333333335,6.613135000000001,53.23425,0.6441833333333332,3.0,接近故障,critical,100.0,最佳状态,normal,0.0,无泄漏,normal,130.0,最佳压力,normal,1,未稳定,2,临界,1,False,route_maintenance_review,public-derived-cycle-feature-table
103,157.132165,106.42138666666666,1.7345635000000001,2404.4338333333335,6.608248333333333,53.24741666666668,0.6553000000000001,3.0,接近故障,critical,100.0,最佳状态,normal,0.0,无泄漏,normal,130.0,最佳压力,normal,1,未稳定,2,临界,1,False,route_maintenance_review,public-derived-cycle-feature-table
104,157.14551166666666,106.422754,1.7428068333333333,2404.3865,6.619623333333333,53.28325,0.6538833333333331,3.0,接近故障,critical,100.0,最佳状态,normal,0.0,无泄漏,normal,130.0,最佳压力,normal,1,未稳定,2,临界,1,False,route_maintenance_review,public-derived-cycle-feature-table
105,157.11286666666666,106.40540283333331,1.7426335,2404.5838,6.611773333333333,53.32393333333333,0.64815,3.0,接近故障,critical,100.0,最佳状态,normal,0.0,无泄漏,normal,130.0,最佳压力,normal,1,未稳定,2,临界,1,False,route_maintenance_review,public-derived-cycle-feature-table
106,157.12328333333332,106.42326000000001,1.7225883333333332,2403.729533333333,6.619405,53.346316666666674,0.6643666666666667,3.0,接近故障,critical,100.0,最佳状态,normal,0.0,无泄漏,normal,130.0,最佳压力,normal,1,未稳定,2,临界,1,False,route_maintenance_review,public-derived-cycle-feature-table
107,157.11329,106.4119465,1.7327083333333333,2403.6277999999998,6.620956666666666,53.35008333333333,0.6548499999999999,3.0,接近故障,critical,100.0,最佳状态,normal,0.0,无泄漏,normal,130.0,最佳压力,normal,1,未稳定,2,临界,1,False,route_maintenance_review,public-derived-cycle-feature-table
108,157.08050333333333,106.402798,1.7350576666666666,2402.3136999999997,6.6023000000000005,53.38278333333333,0.6388833333333335,3.0,接近故障,critical,100.0,最佳状态,normal,0.0,无泄漏,normal,130.0,最佳压力,normal,1,未稳定,2,临界,1,False,route_maintenance_review,public-derived-cycle-feature-table
109,157.07453666666666,106.39886316666667,1.7325513333333336,2401.5975,6.602341666666666,53.41794999999999,0.6511666666666667,3.0,接近故障,critical,100.0,最佳状态,normal,0.0,无泄漏,normal,130.0,最佳压力,normal,1,未稳定,2,临界,1,False,route_maintenance_review,public-derived-cycle-feature-table
110,157.04638333333332,106.359241,1.7255918333333333,2402.1362666666664,6.621831666666667,53.46221666666666,0.6629333333333334,3.0,接近故障,critical,100.0,最佳状态,normal,0.0,无泄漏,normal,130.0,最佳压力,normal,1,未稳定,2,临界,1,False,route_maintenance_review,public-derived-cycle-feature-table
111,157.10225166666666,106.41385633333334,1.7258746666666667,2404.362566666666,6.608531666666667,53.4701,0.6524333333333333,3.0,接近故障,critical,100.0,最佳状态,normal,0.0,无泄漏,normal,130.0,最佳压力,normal,1,未稳定,2,临界,1,False,route_maintenance_review,public-derived-cycle-feature-table
112,157.070375,106.41060916666667,1.7376113333333332,2404.651966666667,6.597076666666667,53.522466666666666,0.6663333333333333,3.0,接近故障,critical,100.0,最佳状态,normal,0.0,无泄漏,normal,130.0,最佳压力,normal,1,未稳定,2,临界,1,False,route_maintenance_review,public-derived-cycle-feature-table
113,157.119955,106.43625716666668,1.7301966666666666,2405.485466666667,6.606023333333333,53.51584999999999,0.6494333333333334,3.0,接近故障,critical,100.0,最佳状态,normal,0.0,无泄漏,normal,130.0,最佳压力,normal,1,未稳定,2,临界,1,False,route_maintenance_review,public-derived-cycle-feature-table
114,157.10873333333333,106.43329733333333,1.7276255,2406.754433333333,6.620265,53.48558333333333,0.6461666666666666,3.0,接近故障,critical,100.0,最佳状态,normal,0.0,无泄漏,normal,130.0,最佳压力,normal,1,未稳定,2,临界,1,False,route_maintenance_review,public-derived-cycle-feature-table
115,157.01554166666668,106.31533716666668,1.7295773333333333,2405.260033333333,6.600233333333334,53.55786666666666,0.6567666666666665,3.0,接近故障,critical,100.0,最佳状态,normal,0.0,无泄漏,normal,130.0,最佳压力,normal,1,未稳定,2,临界,1,False,route_maintenance_review,public-derived-cycle-feature-table
116,157.03276999999997,106.35552766666666,1.7312628333333335,2406.2163333333333,6.605688333333334,53.56503333333333,0.6642166666666666,3.0,接近故障,critical,100.0,最佳状态,normal,0.0,无泄漏,normal,130.0,最佳压力,normal,1,未稳定,2,临界,1,False,route_maintenance_review,public-derived-cycle-feature-table
117,157.01305333333335,106.33829549999999,1.7343609999999998,2406.3931333333335,6.61627,53.58839999999999,0.66435,3.0,接近故障,critical,100.0,最佳状态,normal,0.0,无泄漏,normal,130.0,最佳压力,normal,1,未稳定,2,临界,1,False,route_maintenance_review,public-derived-cycle-feature-table
118,157.02942166666668,106.36160016666668,1.7290709999999998,2405.333733333333,6.601323333333333,53.61074999999998,0.6534166666666666,3.0,接近故障,critical,100.0,最佳状态,normal,0.0,无泄漏,normal,130.0,最佳压力,normal,1,未稳定,2,临界,1,False,route_maintenance_review,public-derived-cycle-feature-table
119,156.989995,106.29630266666669,1.7280185,2402.609966666667,6.611631666666667,53.648933333333325,0.66735,3.0,接近故障,critical,100.0,最佳状态,normal,0.0,无泄漏,normal,130.0,最佳压力,normal,1,未稳定,2,临界,1,False,route_maintenance_review,public-derived-cycle-feature-table
120,156.99166166666666,106.33407133333333,1.7123073333333332,2403.0611,6.600133333333333,53.64855,0.6643833333333334,3.0,接近故障,critical,100.0,最佳状态,normal,0.0,无泄漏,normal,130.0,最佳压力,normal,1,未稳定,2,临界,1,False,route_maintenance_review,public-derived-cycle-feature-table
121,157.03155500000003,106.36291283333333,1.7302995000000003,2401.902933333333,6.612341666666667,53.665033333333334,0.6547833333333332,3.0,接近故障,critical,100.0,最佳状态,normal,0.0,无泄漏,normal,130.0,最佳压力,normal,1,未稳定,2,临界,1,False,route_maintenance_review,public-derived-cycle-feature-table
122,157.05088166666667,106.34970449999999,1.7327086666666667,2402.3597,6.5961316666666665,53.65058333333332,0.6494333333333332,3.0,接近故障,critical,100.0,最佳状态,normal,0.0,无泄漏,normal,130.0,最佳压力,normal,1,未稳定,2,临界,1,False,route_maintenance_review,public-derived-cycle-feature-table
123,157.07518,106.37812866666668,1.7376306666666665,2402.152666666667,6.607646666666667,53.63843333333333,0.6613666666666665,3.0,接近故障,critical,100.0,最佳状态,normal,0.0,无泄漏,normal,130.0,最佳压力,normal,1,未稳定,2,临界,1,False,route_maintenance_review,public-derived-cycle-feature-table
124,157.00429166666666,106.32599566666667,1.74164,2403.07,6.604496666666666,53.635516666666675,0.6436499999999999,3.0,接近故障,critical,100.0,最佳状态,normal,0.0,无泄漏,normal,130.0,最佳压力,normal,1,未稳定,2,临界,1,False,route_maintenance_review,public-derived-cycle-feature-table
125,156.98921833333335,106.29049783333333,1.7356883333333335,2400.8529,6.612993333333333,53.65068333333333,0.6490333333333335,3.0,接近故障,critical,100.0,最佳状态,normal,0.0,无泄漏,normal,130.0,最佳压力,normal,1,未稳定,2,临界,1,False,route_maintenance_review,public-derived-cycle-feature-table
126,156.99448833333335,106.3099415,1.7333918333333334,2400.4966333333336,6.589085,53.68313333333334,0.6518666666666668,3.0,接近故障,critical,100.0,最佳状态,normal,0.0,无泄漏,normal,130.0,最佳压力,normal,1,未稳定,2,临界,1,False,route_maintenance_review,public-derived-cycle-feature-table
127,157.01391166666667,106.32229733333332,1.7382914999999999,2400.4928999999997,6.6097850000000005,53.69904999999999,0.6482666666666665,3.0,接近故障,critical,100.0,最佳状态,normal,0.0,无泄漏,normal,130.0,最佳压力,normal,1,未稳定,2,临界,1,False,route_maintenance_review,public-derived-cycle-feature-table
128,157.039605,106.36465050000001,1.7434371666666666,2402.229766666667,6.613626666666668,53.68951666666666,0.6623333333333332,3.0,接近故障,critical,100.0,最佳状态,normal,0.0,无泄漏,normal,130.0,最佳压力,normal,1,未稳定,2,临界,1,False,route_maintenance_review,public-derived-cycle-feature-table
129,157.26307,106.58398566666668,1.7304936666666666,2405.6147,6.611641666666666,53.68593333333333,0.6535499999999999,3.0,接近故障,critical,100.0,最佳状态,normal,0.0,无泄漏,normal,130.0,最佳压力,normal,1,未稳定,2,临界,1,False,route_maintenance_review,public-derived-cycle-feature-table
130,157.09470666666667,106.40716566666666,1.7442360000000001,2400.747433333333,6.610358333333334,53.70118333333334,0.6564333333333331,3.0,接近故障,critical,100.0,最佳状态,normal,0.0,无泄漏,normal,130.0,最佳压力,normal,1,未稳定,2,临界,1,False,route_maintenance_review,public-derived-cycle-feature-table
131,157.09392666666668,106.3921705,1.7526405,2402.0543333333335,6.607325,53.73935000000001,0.6573499999999998,3.0,接近故障,critical,100.0,最佳状态,normal,0.0,无泄漏,normal,130.0,最佳压力,normal,1,未稳定,2,临界,1,False,route_maintenance_review,public-derived-cycle-feature-table
132,157.04400833333335,106.351808,1.7547118333333334,2401.4575999999997,6.596260000000001,53.768016666666675,0.6696666666666666,3.0,接近故障,critical,100.0,最佳状态,normal,0.0,无泄漏,normal,130.0,最佳压力,normal,1,未稳定,2,临界,1,False,route_maintenance_review,public-derived-cycle-feature-table
133,157.02488,106.33295533333335,1.7463063333333333,2399.8345666666664,6.606728333333333,53.778083333333335,0.6613166666666667,3.0,接近故障,critical,100.0,最佳状态,normal,0.0,无泄漏,normal,130.0,最佳压力,normal,1,未稳定,2,临界,1,False,route_maintenance_review,public-derived-cycle-feature-table
134,157.02352333333332,106.32869099999999,1.7427849999999998,2400.6577666666667,6.612706666666668,53.76689999999999,0.6455500000000001,3.0,接近故障,critical,100.0,最佳状态,normal,0.0,无泄漏,normal,130.0,最佳压力,normal,1,未稳定,2,临界,1,False,route_maintenance_review,public-derived-cycle-feature-table
135,156.99109333333334,106.33245399999998,1.7341728333333333,2401.5104,6.608695,53.7625,0.6471,3.0,接近故障,critical,100.0,最佳状态,normal,0.0,无泄漏,normal,130.0,最佳压力,normal,1,未稳定,2,临界,1,False,route_maintenance_review,public-derived-cycle-feature-table
136,156.99034666666665,106.30805133333332,1.7357915,2402.1384666666663,6.603965,53.774966666666664,0.6687999999999998,3.0,接近故障,critical,100.0,最佳状态,normal,0.0,无泄漏,normal,130.0,最佳压力,normal,1,未稳定,2,临界,1,False,route_maintenance_review,public-derived-cycle-feature-table
137,157.02330333333333,106.303943,1.7425663333333334,2402.4854333333333,6.609481666666666,53.757250000000006,0.6586666666666665,3.0,接近故障,critical,100.0,最佳状态,normal,0.0,无泄漏,normal,130.0,最佳压力,normal,1,未稳定,2,临界,1,False,route_maintenance_review,public-derived-cycle-feature-table
138,156.98824000000002,106.30738283333334,1.7417111666666667,2401.5688333333333,6.600608333333333,53.77748333333333,0.6552333333333333,3.0,接近故障,critical,100.0,最佳状态,normal,0.0,无泄漏,normal,130.0,最佳压力,normal,1,未稳定,2,临界,1,False,route_maintenance_review,public-derived-cycle-feature-table
139,157.08223666666666,106.39756166666665,1.7373043333333331,2402.0354333333335,6.609946666666667,53.810133333333326,0.6511333333333335,3.0,接近故障,critical,100.0,最佳状态,normal,0.0,无泄漏,normal,130.0,最佳压力,normal,1,未稳定,2,临界,1,False,route_maintenance_review,public-derived-cycle-feature-table
140,157.09116833333334,106.38631433333332,1.7417153333333333,2403.1152666666667,6.599109999999999,53.81613333333333,0.6557666666666666,3.0,接近故障,critical,100.0,最佳状态,normal,0.0,无泄漏,normal,130.0,最佳压力,normal,1,未稳定,2,临界,1,False,route_maintenance_review,public-derived-cycle-feature-table
141,157.04174,106.33535149999999,1.7414036666666663,2402.8444333333327,6.612645,53.80203333333334,0.6471333333333333,3.0,接近故障,critical,100.0,最佳状态,normal,0.0,无泄漏,normal,130.0,最佳压力,normal,1,未稳定,2,临界,1,False,route_maintenance_review,public-derived-cycle-feature-table
142,157.03983833333334,106.335607,1.7360136666666663,2403.624766666667,6.612318333333333,53.84183333333332,0.6547666666666666,3.0,接近故障,critical,100.0,最佳状态,normal,0.0,无泄漏,normal,130.0,最佳压力,normal,1,未稳定,2,临界,1,False,route_maintenance_review,public-derived-cycle-feature-table
143,157.02895833333332,106.34176466666666,1.7470448333333333,2401.3606666666665,6.595793333333334,53.830616666666664,0.6643833333333333,3.0,接近故障,critical,100.0,最佳状态,normal,0.0,无泄漏,normal,130.0,最佳压力,normal,1,未稳定,2,临界,1,False,route_maintenance_review,public-derived-cycle-feature-table
144,157.03322,106.32531316666666,1.738429666666667,2401.0264333333334,6.60817,53.83755000000001,0.66555,3.0,接近故障,critical,100.0,最佳状态,normal,0.0,无泄漏,normal,130.0,最佳压力,normal,1,未稳定,2,临界,1,False,route_maintenance_review,public-derived-cycle-feature-table
145,157.084825,106.38825833333334,1.7206638333333333,2402.8703333333333,6.606381666666667,53.841933333333344,0.65505,3.0,接近故障,critical,100.0,最佳状态,normal,0.0,无泄漏,normal,130.0,最佳压力,normal,1,未稳定,2,临界,1,False,route_maintenance_review,public-derived-cycle-feature-table
146,156.98508666666666,106.31291533333332,1.7376506666666667,2400.6409999999996,6.610555,53.85718333333334,0.6627166666666666,3.0,接近故障,critical,100.0,最佳状态,normal,0.0,无泄漏,normal,130.0,最佳压力,normal,1,未稳定,2,临界,1,False,route_maintenance_review,public-derived-cycle-feature-table
147,156.9881016666667,106.309281,1.7376468333333335,2399.5395,6.6023483333333335,53.83328333333334,0.6694166666666664,3.0,接近故障,critical,100.0,最佳状态,normal,0.0,无泄漏,normal,130.0,最佳压力,normal,1,未稳定,2,临界,1,False,route_maintenance_review,public-derived-cycle-feature-table
148,156.988075,106.30315,1.7475164999999997,2399.4470666666666,6.597525,53.84735,0.6645166666666669,3.0,接近故障,critical,100.0,最佳状态,normal,0.0,无泄漏,normal,130.0,最佳压力,normal,1,未稳定,2,临界,1,False,route_maintenance_review,public-derived-cycle-feature-table
149,156.94505,106.27060583333333,1.7425823333333332,2398.2226666666666,6.596793333333333,53.89085000000001,0.6596,3.0,接近故障,critical,100.0,最佳状态,normal,0.0,无泄漏,normal,130.0,最佳压力,normal,1,未稳定,2,临界,1,False,route_maintenance_review,public-derived-cycle-feature-table
150,156.96495833333333,106.28496999999999,1.7335903333333336,2398.9323,6.601970000000001,53.90873333333333,0.6533333333333332,3.0,接近故障,critical,100.0,最佳状态,normal,0.0,无泄漏,normal,130.0,最佳压力,normal,1,未稳定,2,临界,1,False,route_maintenance_review,public-derived-cycle-feature-table
151,156.98528,106.29758733333333,1.729861833333333,2400.482466666667,6.601766666666666,53.8606,0.6743833333333333,3.0,接近故障,critical,100.0,最佳状态,normal,0.0,无泄漏,normal,130.0,最佳压力,normal,1,未稳定,2,临界,1,False,route_maintenance_review,public-derived-cycle-feature-table
152,156.98167999999998,106.29964133333333,1.7430038333333333,2398.5376666666666,6.603446666666667,53.85123333333334,0.6535499999999999,3.0,接近故障,critical,100.0,最佳状态,normal,0.0,无泄漏,normal,130.0,最佳压力,normal,1,未稳定,2,临界,1,False,route_maintenance_review,public-derived-cycle-feature-table
153,156.98024833333332,106.29060066666668,1.740616,2399.579,6.606501666666668,53.87505000000001,0.6673833333333332,3.0,接近故障,critical,100.0,最佳状态,normal,0.0,无泄漏,normal,130.0,最佳压力,normal,1,未稳定,2,临界,1,False,route_maintenance_review,public-derived-cycle-feature-table
154,156.9695233333333,106.29637116666666,1.7396813333333332,2399.487833333333,6.605721666666667,53.868900000000004,0.6545,3.0,接近故障,critical,100.0,最佳状态,normal,0.0,无泄漏,normal,130.0,最佳压力,normal,1,未稳定,2,临界,1,False,route_maintenance_review,public-derived-cycle-feature-table
155,156.96180166666667,106.27143699999999,1.7282928333333336,2399.853666666667,6.602165,53.86575,0.6579666666666667,3.0,接近故障,critical,100.0,最佳状态,normal,0.0,无泄漏,normal,130.0,最佳压力,normal,1,未稳定,2,临界,1,False,route_maintenance_review,public-derived-cycle-feature-table
156,156.95257,106.27515800000002,1.7253258333333332,2401.1262666666667,6.602885,53.8961,0.6593,3.0,接近故障,critical,100.0,最佳状态,normal,0.0,无泄漏,normal,130.0,最佳压力,normal,1,未稳定,2,临界,1,False,route_maintenance_review,public-derived-cycle-feature-table
157,156.96857333333332,106.28916166666666,1.7298700000000002,2401.2218999999996,6.604225,53.92645000000001,0.6678000000000001,3.0,接近故障,critical,100.0,最佳状态,normal,0.0,无泄漏,normal,130.0,最佳压力,normal,1,未稳定,2,临界,1,False,route_maintenance_review,public-derived-cycle-feature-table
158,156.96773166666668,106.28401616666666,1.7286756666666667,2399.6674,6.597211666666667,53.88326666666667,0.6549666666666667,3.0,接近故障,critical,100.0,最佳状态,normal,0.0,无泄漏,normal,130.0,最佳压力,normal,1,未稳定,2,临界,1,False,route_maintenance_review,public-derived-cycle-feature-table
159,156.95619,106.27179333333333,1.7369583333333334,2399.9893666666667,6.5962749999999994,53.892500000000005,0.64985,3.0,接近故障,critical,100.0,最佳状态,normal,0.0,无泄漏,normal,130.0,最佳压力,normal,1,未稳定,2,临界,1,False,route_maintenance_review,public-derived-cycle-feature-table
160,156.9329766666667,106.278029,1.7371608333333333,2401.1955,6.601818333333334,53.93346666666667,0.6611499999999998,3.0,接近故障,critical,100.0,最佳状态,normal,0.0,无泄漏,normal,130.0,最佳压力,normal,1,未稳定,2,临界,1,False,route_maintenance_review,public-derived-cycle-feature-table
161,156.95113666666668,106.25963616666667,1.738583,2400.5696666666668,6.613406666666666,53.89883333333333,0.6568333333333333,3.0,接近故障,critical,100.0,最佳状态,normal,0.0,无泄漏,normal,130.0,最佳压力,normal,1,未稳定,2,临界,1,False,route_maintenance_review,public-derived-cycle-feature-table
162,157.04909,106.35685033333333,1.7392553333333336,2401.1576,6.590478333333333,53.95975,0.6534833333333333,3.0,接近故障,critical,100.0,最佳状态,normal,0.0,无泄漏,normal,130.0,最佳压力,normal,1,未稳定,2,临界,1,False,route_maintenance_review,public-derived-cycle-feature-table
163,157.04223,106.35422333333332,1.7405376666666665,2401.2022666666667,6.60094,53.94456666666666,0.6559500000000001,3.0,接近故障,critical,100.0,最佳状态,normal,0.0,无泄漏,normal,130.0,最佳压力,normal,1,未稳定,2,临界,1,False,route_maintenance_review,public-derived-cycle-feature-table
164,157.00603666666666,106.31966783333333,1.7379096666666667,2400.2983,6.609053333333334,53.902249999999995,0.6705666666666665,3.0,接近故障,critical,100.0,最佳状态,normal,0.0,无泄漏,normal,130.0,最佳压力,normal,1,未稳定,2,临界,1,False,route_maintenance_review,public-derived-cycle-feature-table
165,157.09476666666666,106.411633,1.7326495000000002,2400.391733333333,6.604816666666666,53.96511666666666,0.6568333333333333,3.0,接近故障,critical,100.0,最佳状态,normal,0.0,无泄漏,normal,130.0,最佳压力,normal,1,未稳定,2,临界,1,False,route_maintenance_review,public-derived-cycle-feature-table
166,157.08778333333333,106.38863033333334,1.7391415000000001,2400.8534,6.58563,53.95433333333333,0.678,3.0,接近故障,critical,100.0,最佳状态,normal,0.0,无泄漏,normal,130.0,最佳压力,normal,1,未稳定,2,临界,1,False,route_maintenance_review,public-derived-cycle-feature-table
167,157.06718666666666,106.35793716666667,1.7445376666666668,2400.7804,6.59175,53.94931666666666,0.6681166666666666,3.0,接近故障,critical,100.0,最佳状态,normal,0.0,无泄漏,normal,130.0,最佳压力,normal,1,未稳定,2,临界,1,False,route_maintenance_review,public-derived-cycle-feature-table
168,157.0225066666667,106.30781016666667,1.7408375000000003,2398.259333333333,6.606256666666667,53.99151666666666,0.6633833333333334,3.0,接近故障,critical,100.0,最佳状态,normal,0.0,无泄漏,normal,130.0,最佳压力,normal,1,未稳定,2,临界,1,False,route_maintenance_review,public-derived-cycle-feature-table
169,157.1012,106.42310499999998,1.7415218333333335,2400.1997666666666,6.602191666666667,53.98059999999999,0.6836833333333332,3.0,接近故障,critical,100.0,最佳状态,normal,0.0,无泄漏,normal,130.0,最佳压力,normal,1,未稳定,2,临界,1,False,route_maintenance_review,public-derived-cycle-feature-table
170,157.09832333333333,106.40537533333332,1.7397933333333333,2400.4538333333335,6.589160000000001,54.007183333333344,0.6584833333333332,3.0,接近故障,critical,100.0,最佳状态,normal,0.0,无泄漏,normal,130.0,最佳压力,normal,1,未稳定,2,临界,1,False,route_maintenance_review,public-derived-cycle-feature-table
171,157.12004166666668,106.40996816666664,1.7410641666666666,2400.6018,6.58532,54.031450000000014,0.6696000000000002,3.0,接近故障,critical,100.0,最佳状态,normal,0.0,无泄漏,normal,130.0,最佳压力,normal,1,未稳定,2,临界,1,False,route_maintenance_review,public-derived-cycle-feature-table
172,157.17695,106.49544616666667,1.7454363333333334,2401.5139333333336,6.60207,54.0251,0.6619666666666665,3.0,接近故障,critical,100.0,最佳状态,normal,0.0,无泄漏,normal,130.0,最佳压力,normal,1,未稳定,2,临界,1,False,route_maintenance_review,public-derived-cycle-feature-table
173,157.10570166666668,106.407846,1.7304963333333334,2400.1768666666667,6.605106666666666,54.045550000000006,0.6638499999999999,3.0,接近故障,critical,100.0,最佳状态,normal,0.0,无泄漏,normal,130.0,最佳压力,normal,1,未稳定,2,临界,1,False,route_maintenance_review,public-derived-cycle-feature-table
174,157.05194,106.37039266666665,1.729683333333333,2400.6163,6.5912266666666675,54.04568333333332,0.6714333333333333,3.0,接近故障,critical,100.0,最佳状态,normal,0.0,无泄漏,normal,130.0,最佳压力,normal,1,未稳定,2,临界,1,False,route_maintenance_review,public-derived-cycle-feature-table
175,157.01460333333333,106.308474,1.7375870000000002,2398.8966,6.605541666666666,54.045033333333336,0.6622666666666667,3.0,接近故障,critical,100.0,最佳状态,normal,0.0,无泄漏,normal,130.0,最佳压力,normal,1,未稳定,2,临界,1,False,route_maintenance_review,public-derived-cycle-feature-table
176,157.09418166666666,106.397589,1.7386808333333335,2398.3820666666666,6.608151666666666,54.03345,0.6565166666666667,3.0,接近故障,critical,100.0,最佳状态,normal,0.0,无泄漏,normal,130.0,最佳压力,normal,1,未稳定,2,临界,1,False,route_maintenance_review,public-derived-cycle-feature-table
177,157.06229666666667,106.37012866666667,1.7254295000000002,2398.6621666666665,6.589555000000001,54.04076666666668,0.6675833333333332,3.0,接近故障,critical,100.0,最佳状态,normal,0.0,无泄漏,normal,130.0,最佳压力,normal,1,未稳定,2,临界,1,False,route_maintenance_review,public-derived-cycle-feature-table
178,157.164985,106.45660616666666,1.730813666666667,2401.5426666666667,6.602855000000001,54.05371666666668,0.6703666666666664,3.0,接近故障,critical,100.0,最佳状态,normal,0.0,无泄漏,normal,130.0,最佳压力,normal,1,未稳定,2,临界,1,False,route_maintenance_review,public-derived-cycle-feature-table
179,157.05470666666668,106.35154183333334,1.7384806666666666,2402.0494666666664,6.60433,54.076116666666664,0.6678333333333332,3.0,接近故障,critical,100.0,最佳状态,normal,0.0,无泄漏,normal,130.0,最佳压力,normal,1,未稳定,2,临界,1,False,route_maintenance_review,public-derived-cycle-feature-table
180,157.03754666666669,106.346817,1.7358198333333332,2397.005766666666,6.613111666666667,54.07300000000001,0.6668166666666665,3.0,接近故障,critical,100.0,最佳状态,normal,0.0,无泄漏,normal,130.0,最佳压力,normal,1,未稳定,2,临界,1,False,route_maintenance_review,public-derived-cycle-feature-table
181,157.05351666666667,106.37142366666667,1.7353738333333335,2394.5920666666666,6.5914133333333345,54.104316666666676,0.6759333333333333,3.0,接近故障,critical,100.0,最佳状态,normal,0.0,无泄漏,normal,130.0,最佳压力,normal,1,未稳定,2,临界,1,False,route_maintenance_review,public-derived-cycle-feature-table
182,157.1474366666667,106.44445700000001,1.7414555,2394.863733333333,6.600485,54.113949999999996,0.6663000000000001,3.0,接近故障,critical,100.0,最佳状态,normal,0.0,无泄漏,normal,130.0,最佳压力,normal,1,未稳定,2,临界,1,False,route_maintenance_review,public-derived-cycle-feature-table
183,157.07725833333333,106.36666133333335,1.7426821666666668,2392.9518333333335,6.603013333333333,54.104716666666675,0.6650833333333336,3.0,接近故障,critical,100.0,最佳状态,normal,0.0,无泄漏,normal,130.0,最佳压力,normal,1,未稳定,2,临界,1,False,route_maintenance_review,public-derived-cycle-feature-table
184,156.98540500000001,106.30895033333334,1.741662,2393.1086333333333,6.611123333333333,54.09403333333334,0.664033333333333,3.0,接近故障,critical,100.0,最佳状态,normal,0.0,无泄漏,normal,130.0,最佳压力,normal,1,未稳定,2,临界,1,False,route_maintenance_review,public-derived-cycle-feature-table
185,157.00802166666668,106.333139,1.728369333333333,2394.6558999999997,6.589861666666668,54.101549999999996,0.6620166666666668,3.0,接近故障,critical,100.0,最佳状态,normal,0.0,无泄漏,normal,130.0,最佳压力,normal,1,未稳定,2,临界,1,False,route_maintenance_review,public-derived-cycle-feature-table
186,157.00324666666666,106.33643149999999,1.7298568333333333,2395.7742666666663,6.604311666666668,54.129133333333336,0.6666500000000001,3.0,接近故障,critical,100.0,最佳状态,normal,0.0,无泄漏,normal,130.0,最佳压力,normal,1,未稳定,2,临界,1,False,route_maintenance_review,public-derived-cycle-feature-table
187,157.05247666666668,106.37123316666666,1.7364540000000004,2395.1272,6.5881783333333335,54.10813333333335,0.6688833333333334,3.0,接近故障,critical,100.0,最佳状态,normal,0.0,无泄漏,normal,130.0,最佳压力,normal,1,未稳定,2,临界,1,False,route_maintenance_review,public-derived-cycle-feature-table
188,156.994195,106.31599183333333,1.7344441666666668,2395.4101666666666,6.602968333333333,54.12885000000001,0.6610833333333334,3.0,接近故障,critical,100.0,最佳状态,normal,0.0,无泄漏,normal,130.0,最佳压力,normal,1,未稳定,2,临界,1,False,route_maintenance_review,public-derived-cycle-feature-table
189,157.048555,106.36595833333334,1.7337076666666664,2396.8359333333333,6.5938349999999994,54.157083333333325,0.6744666666666667,3.0,接近故障,critical,100.0,最佳状态,normal,0.0,无泄漏,normal,130.0,最佳压力,normal,1,未稳定,2,临界,1,False,route_maintenance_review,public-derived-cycle-feature-table
190,157.00744333333333,106.31939316666666,1.7315375,2397.5525666666667,6.600738333333334,54.17078333333334,0.6538999999999999,3.0,接近故障,critical,100.0,最佳状态,normal,0.0,无泄漏,normal,130.0,最佳压力,normal,1,未稳定,2,临界,1,False,route_maintenance_review,public-derived-cycle-feature-table
191,156.96611833333336,106.29658666666667,1.7363598333333332,2397.6724999999997,6.592503333333334,54.190416666666664,0.6533333333333334,3.0,接近故障,critical,100.0,最佳状态,normal,0.0,无泄漏,normal,130.0,最佳压力,normal,1,未稳定,2,临界,1,False,route_maintenance_review,public-derived-cycle-feature-table
192,156.94033666666667,106.27284566666667,1.7323804999999999,2397.547233333333,6.59904,54.19608333333333,0.6641999999999997,3.0,接近故障,critical,100.0,最佳状态,normal,0.0,无泄漏,normal,130.0,最佳压力,normal,1,未稳定,2,临界,1,False,route_maintenance_review,public-derived-cycle-feature-table
193,156.96782833333333,106.26434183333333,1.7334603333333334,2397.1911000000005,6.607471666666666,54.180249999999994,0.6567000000000001,3.0,接近故障,critical,100.0,最佳状态,normal,0.0,无泄漏,normal,130.0,最佳压力,normal,1,未稳定,2,临界,1,False,route_maintenance_review,public-derived-cycle-feature-table
194,156.98622333333336,106.28395749999999,1.7397346666666667,2397.8076,6.59128,54.170816666666674,0.6544833333333334,3.0,接近故障,critical,100.0,最佳状态,normal,0.0,无泄漏,normal,130.0,最佳压力,normal,1,未稳定,2,临界,1,False,route_maintenance_review,public-derived-cycle-feature-table
195,156.96034,106.27303049999999,1.7368923333333333,2397.291166666667,6.59776,54.154700000000005,0.6579,3.0,接近故障,critical,100.0,最佳状态,normal,0.0,无泄漏,normal,130.0,最佳压力,normal,1,未稳定,2,临界,1,False,route_maintenance_review,public-derived-cycle-feature-table
196,156.96880833333336,106.30590399999998,1.7373465,2397.7846666666665,6.592350000000001,54.18613333333333,0.6674,3.0,接近故障,critical,100.0,最佳状态,normal,0.0,无泄漏,normal,130.0,最佳压力,normal,1,未稳定,2,临界,1,False,route_maintenance_review,public-derived-cycle-feature-table
197,157.00611,106.32240733333332,1.7361873333333333,2399.5989666666665,6.599713333333334,54.190266666666666,0.6708000000000001,3.0,接近故障,critical,100.0,最佳状态,normal,0.0,无泄漏,normal,130.0,最佳压力,normal,1,未稳定,2,临界,1,False,route_maintenance_review,public-derived-cycle-feature-table
198,156.98704833333335,106.30037716666668,1.730472,2396.1398666666664,6.593898333333334,54.23276666666667,0.6826999999999999,3.0,接近故障,critical,100.0,最佳状态,normal,0.0,无泄漏,normal,130.0,最佳压力,normal,1,未稳定,2,临界,1,False,route_maintenance_review,public-derived-cycle-feature-table
199,156.95976333333334,106.287103,1.7359733333333334,2396.0948666666663,6.5906666666666665,54.23505,0.6519999999999999,3.0,接近故障,critical,100.0,最佳状态,normal,0.0,无泄漏,normal,130.0,最佳压力,normal,1,未稳定,2,临界,1,False,route_maintenance_review,public-derived-cycle-feature-table
200,156.9485116666667,106.28570116666667,1.7254954999999996,2397.1450999999997,6.592453333333333,54.2373,0.6720833333333333,3.0,接近故障,critical,100.0,最佳状态,normal,0.0,无泄漏,normal,130.0,最佳压力,normal,1,未稳定,2,临界,1,False,route_maintenance_review,public-derived-cycle-feature-table
201,156.92899666666668,106.2431435,1.7251923333333334,2397.7663,6.6032416666666665,54.242116666666675,0.6576166666666666,3.0,接近故障,critical,100.0,最佳状态,normal,0.0,无泄漏,normal,130.0,最佳压力,normal,1,未稳定,2,临界,1,False,route_maintenance_review,public-derived-cycle-feature-table
202,157.05606333333333,106.36589166666667,1.7354165,2397.6985,6.595828333333333,54.253716666666676,0.6604166666666667,3.0,接近故障,critical,100.0,最佳状态,normal,0.0,无泄漏,normal,130.0,最佳压力,normal,1,未稳定,2,临界,1,False,route_maintenance_review,public-derived-cycle-feature-table
203,156.99174000000002,106.32380816666665,1.7348908333333335,2397.1201666666666,6.594923333333333,54.23681666666667,0.6542499999999999,3.0,接近故障,critical,100.0,最佳状态,normal,0.0,无泄漏,normal,130.0,最佳压力,normal,1,未稳定,2,临界,1,False,route_maintenance_review,public-derived-cycle-feature-table
204,157.009945,106.31717116666667,1.7519301666666667,2399.0121000000004,6.604508333333333,54.260733333333334,0.6619833333333333,3.0,接近故障,critical,100.0,最佳状态,normal,0.0,无泄漏,normal,130.0,最佳压力,normal,1,未稳定,2,临界,1,False,route_maintenance_review,public-derived-cycle-feature-table
205,157.01167833333335,106.34680683333333,1.7334253333333334,2399.2843666666668,6.591075,54.25909999999999,0.6543500000000001,3.0,接近故障,critical,100.0,最佳状态,normal,0.0,无泄漏,normal,130.0,最佳压力,normal,1,未稳定,2,临界,1,False,route_maintenance_review,public-derived-cycle-feature-table
206,156.96349166666667,106.29065250000001,1.7456625000000001,2399.7301666666667,6.599691666666666,54.29403333333334,0.6624999999999999,3.0,接近故障,critical,100.0,最佳状态,normal,0.0,无泄漏,normal,130.0,最佳压力,normal,1,未稳定,2,临界,1,False,route_maintenance_review,public-derived-cycle-feature-table
207,156.97599666666667,106.27466466666667,1.7527603333333333,2399.273533333333,6.586313333333333,54.300149999999995,0.6713166666666666,3.0,接近故障,critical,100.0,最佳状态,normal,0.0,无泄漏,normal,130.0,最佳压力,normal,1,未稳定,2,临界,1,False,route_maintenance_review,public-derived-cycle-feature-table
208,156.94769666666664,106.25720833333334,1.7563361666666666,2398.143,6.590891666666667,54.299566666666664,0.6689666666666667,3.0,接近故障,critical,100.0,最佳状态,normal,0.0,无泄漏,normal,130.0,最佳压力,normal,1,未稳定,2,临界,1,False,route_maintenance_review,public-derived-cycle-feature-table
209,157.00426333333334,106.32275333333334,1.741643,2400.4905666666664,6.597088333333334,54.318983333333335,0.6602833333333333,3.0,接近故障,critical,100.0,最佳状态,normal,0.0,无泄漏,normal,130.0,最佳压力,normal,1,未稳定,2,临界,1,False,route_maintenance_review,public-derived-cycle-feature-table
210,157.02325833333333,106.347217,1.7391123333333331,2400.6182999999996,6.597571666666666,54.3244,0.6596666666666665,3.0,接近故障,critical,100.0,最佳状态,normal,0.0,无泄漏,normal,130.0,最佳压力,normal,1,未稳定,2,临界,1,False,route_maintenance_review,public-derived-cycle-feature-table
211,156.39146166666666,105.85433983333333,1.659105666666667,2427.4003,6.305361666666666,54.267599999999995,0.6482666666666667,3.0,接近故障,critical,100.0,最佳状态,normal,2.0,严重泄漏,critical,130.0,最佳压力,normal,1,未稳定,2,临界,2,False,route_maintenance_review,public-derived-cycle-feature-table
212,174.89122666666665,124.49824016666666,1.0438196666666668,2676.6586333333335,3.0191033333333337,54.14256666666667,0.73675,3.0,接近故障,critical,73.0,接近故障,critical,2.0,严重泄漏,critical,130.0,最佳压力,normal,0,稳定,2,临界,3,False,route_maintenance_review,public-derived-cycle-feature-table
213,156.36635333333336,104.53017216666667,1.7179616666666668,2425.901633333333,6.470573333333333,54.19628333333333,0.8063666666666668,3.0,接近故障,critical,73.0,接近故障,critical,2.0,严重泄漏,critical,130.0,最佳压力,normal,0,稳定,2,临界,3,False,route_maintenance_review,public-derived-cycle-feature-table
214,156.48514333333333,105.1183595,1.6411149999999999,2427.2844,6.386053333333333,54.161533333333324,0.7066,3.0,接近故障,critical,73.0,接近故障,critical,2.0,严重泄漏,critical,130.0,最佳压力,normal,0,稳定,2,临界,3,False,route_maintenance_review,public-derived-cycle-feature-table
215,167.47357499999998,116.701433,1.3111906666666666,2570.4765,4.294931666666667,54.12495,0.7347,3.0,接近故障,critical,73.0,接近故障,critical,2.0,严重泄漏,critical,130.0,最佳压力,normal,0,稳定,2,临界,3,False,route_maintenance_review,public-derived-cycle-feature-table
216,167.30558833333333,116.6178155,1.3043545,2568.058,4.26579,54.15676666666666,0.7436333333333334,3.0,接近故障,critical,73.0,接近故障,critical,2.0,严重泄漏,critical,130.0,最佳压力,normal,0,稳定,2,临界,3,False,route_maintenance_review,public-derived-cycle-feature-table
217,156.552065,105.31137183333334,1.6454980000000001,2423.7160999999996,6.234048333333334,54.27211666666667,0.6820500000000002,3.0,接近故障,critical,73.0,接近故障,critical,2.0,严重泄漏,critical,130.0,最佳压力,normal,0,稳定,2,临界,3,False,route_maintenance_review,public-derived-cycle-feature-table
218,156.80132666666665,105.5444005,1.6411495,2428.288933333333,6.232759999999999,54.23395,0.6597666666666666,3.0,接近故障,critical,73.0,接近故障,critical,2.0,严重泄漏,critical,130.0,最佳压力,normal,0,稳定,2,临界,3,False,route_maintenance_review,public-derived-cycle-feature-table
219,156.59803333333332,105.2878885,1.6492316666666667,2425.1539,6.219833333333334,54.21273333333334,0.6572499999999999,3.0,接近故障,critical,73.0,接近故障,critical,2.0,严重泄漏,critical,130.0,最佳压力,normal,0,稳定,2,临界,3,False,route_maintenance_review,public-derived-cycle-feature-table
220,156.56066166666668,105.22884966666666,1.6454981666666668,2422.0216333333333,6.226231666666667,54.18615,0.6567833333333334,3.0,接近故障,critical,73.0,接近故障,critical,2.0,严重泄漏,critical,130.0,最佳压力,normal,0,稳定,2,临界,3,False,route_maintenance_review,public-derived-cycle-feature-table
221,156.35129,105.04479716666667,1.6420863333333333,2419.463166666667,6.227191666666666,54.191833333333335,0.6617499999999998,3.0,接近故障,critical,73.0,接近故障,critical,2.0,严重泄漏,critical,130.0,最佳压力,normal,0,稳定,2,临界,3,False,route_maintenance_review,public-derived-cycle-feature-table
222,156.25045833333334,105.29999883333333,1.6420368333333335,2419.2576999999997,6.262181666666666,54.19194999999999,0.6592833333333332,3.0,接近故障,critical,80.0,严重滞后,critical,2.0,严重泄漏,critical,130.0,最佳压力,normal,0,稳定,2,临界,3,False,route_maintenance_review,public-derived-cycle-feature-table
223,156.20278166666665,105.23973799999999,1.6513668333333336,2420.473233333333,6.2621899999999995,54.173116666666665,0.6605000000000001,3.0,接近故障,critical,80.0,严重滞后,critical,2.0,严重泄漏,critical,130.0,最佳压力,normal,0,稳定,2,临界,3,False,route_maintenance_review,public-derived-cycle-feature-table
224,156.23480166666667,105.28162216666666,1.6431691666666666,2420.1122333333333,6.263326666666667,54.20706666666667,0.6599666666666668,3.0,接近故障,critical,80.0,严重滞后,critical,2.0,严重泄漏,critical,130.0,最佳压力,normal,0,稳定,2,临界,3,False,route_maintenance_review,public-derived-cycle-feature-table
225,156.21741166666666,105.23811033333334,1.6379934999999999,2416.433133333333,6.257775,54.187099999999994,0.66265,3.0,接近故障,critical,80.0,严重滞后,critical,2.0,严重泄漏,critical,130.0,最佳压力,normal,0,稳定,2,临界,3,False,route_maintenance_review,public-derived-cycle-feature-table
226,156.21515666666664,105.26629066666666,1.6327933333333333,2418.3423666666667,6.263588333333334,54.179716666666664,0.6543499999999999,3.0,接近故障,critical,80.0,严重滞后,critical,2.0,严重泄漏,critical,130.0,最佳压力,normal,0,稳定,2,临界,3,False,route_maintenance_review,public-derived-cycle-feature-table
227,156.20159833333332,105.25289266666665,1.6507561666666668,2417.2251333333334,6.260961666666667,54.19619999999999,0.6633666666666668,3.0,接近故障,critical,80.0,严重滞后,critical,2.0,严重泄漏,critical,130.0,最佳压力,normal,0,稳定,2,临界,3,False,route_maintenance_review,public-derived-cycle-feature-table
228,156.24249833333334,105.30244816666666,1.6434956666666667,2418.2950333333333,6.2635950000000005,54.208066666666674,0.6673333333333333,3.0,接近故障,critical,80.0,严重滞后,critical,2.0,严重泄漏,critical,130.0,最佳压力,normal,0,稳定,2,临界,3,False,route_maintenance_review,public-derived-cycle-feature-table
229,156.23889333333332,105.27935433333334,1.640582,2419.1021333333333,6.2693416666666675,54.21285000000001,0.6635833333333333,3.0,接近故障,critical,80.0,严重滞后,critical,2.0,严重泄漏,critical,130.0,最佳压力,normal,0,稳定,2,临界,3,False,route_maintenance_review,public-derived-cycle-feature-table
230,156.22337,105.28750183333332,1.6447155000000002,2420.479766666667,6.266363333333333,54.1926,0.6621333333333332,3.0,接近故障,critical,80.0,严重滞后,critical,2.0,严重泄漏,critical,130.0,最佳压力,normal,0,稳定,2,临界,3,False,route_maintenance_review,public-derived-cycle-feature-table
231,156.22022833333332,105.25899233333334,1.6430069999999999,2418.632433333333,6.266016666666667,54.196466666666666,0.6585833333333333,3.0,接近故障,critical,80.0,严重滞后,critical,2.0,严重泄漏,critical,130.0,最佳压力,normal,0,稳定,2,临界,3,False,route_maintenance_review,public-derived-cycle-feature-table
232,156.14344333333332,105.46359683333334,1.6454966666666666,2417.6527666666666,6.280448333333334,54.18405,0.6602333333333334,3.0,接近故障,critical,90.0,轻微滞后,degraded,2.0,严重泄漏,critical,130.0,最佳压力,normal,0,稳定,2,临界,3,False,route_maintenance_review,public-derived-cycle-feature-table
233,156.13867166666668,105.46165099999999,1.652232,2416.3705,6.275235000000001,54.181599999999996,0.6585166666666668,3.0,接近故障,critical,90.0,轻微滞后,degraded,2.0,严重泄漏,critical,130.0,最佳压力,normal,0,稳定,2,临界,3,False,route_maintenance_review,public-derived-cycle-feature-table
234,156.123455,105.46036716666666,1.6512038333333334,2414.8833999999997,6.276576666666666,54.215716666666665,0.6581166666666666,3.0,接近故障,critical,90.0,轻微滞后,degraded,2.0,严重泄漏,critical,130.0,最佳压力,normal,0,稳定,2,临界,3,False,route_maintenance_review,public-derived-cycle-feature-table
235,156.13814666666667,105.45413249999999,1.6467633333333334,2416.7225666666664,6.278344999999999,54.21658333333334,0.6549333333333335,3.0,接近故障,critical,90.0,轻微滞后,degraded,2.0,严重泄漏,critical,130.0,最佳压力,normal,0,稳定,2,临界,3,False,route_maintenance_review,public-derived-cycle-feature-table
236,156.16325166666667,105.46844666666665,1.6445130000000001,2417.1306999999997,6.274595,54.20526666666667,0.6561166666666666,3.0,接近故障,critical,90.0,轻微滞后,degraded,2.0,严重泄漏,critical,130.0,最佳压力,normal,0,稳定,2,临界,3,False,route_maintenance_review,public-derived-cycle-feature-table
237,156.14724666666666,105.45715816666667,1.6413925,2415.724066666666,6.276126666666666,54.19726666666668,0.6526666666666667,3.0,接近故障,critical,90.0,轻微滞后,degraded,2.0,严重泄漏,critical,130.0,最佳压力,normal,0,稳定,2,临界,3,False,route_maintenance_review,public-derived-cycle-feature-table
238,156.15361166666665,105.47272933333332,1.6358783333333333,2416.3203,6.273711666666665,54.23061666666667,0.6607833333333334,3.0,接近故障,critical,90.0,轻微滞后,degraded,2.0,严重泄漏,critical,130.0,最佳压力,normal,0,稳定,2,临界,3,False,route_maintenance_review,public-derived-cycle-feature-table
239,156.189335,105.53907300000002,1.6368433333333336,2415.542233333333,6.27823,54.26781666666666,0.65965,3.0,接近故障,critical,90.0,轻微滞后,degraded,2.0,严重泄漏,critical,130.0,最佳压力,normal,0,稳定,2,临界,3,False,route_maintenance_review,public-derived-cycle-feature-table
240,156.14319333333333,105.47531,1.6344985,2414.678933333333,6.278116666666667,54.24221666666667,0.6581333333333332,3.0,接近故障,critical,90.0,轻微滞后,degraded,2.0,严重泄漏,critical,130.0,最佳压力,normal,0,稳定,2,临界,3,False,route_maintenance_review,public-derived-cycle-feature-table
241,156.14053833333332,105.48286433333332,1.6302041666666667,2415.572766666666,6.2763366666666665,54.24479999999999,0.6481999999999999,3.0,接近故障,critical,90.0,轻微滞后,degraded,2.0,严重泄漏,critical,130.0,最佳压力,normal,0,稳定,2,临界,3,False,route_maintenance_review,public-derived-cycle-feature-table
242,156.10530500000002,105.61386616666665,1.648140666666667,2414.579233333333,6.263731666666668,54.25619999999999,0.6577833333333334,3.0,接近故障,critical,100.0,最佳状态,normal,2.0,严重泄漏,critical,130.0,最佳压力,normal,0,稳定,2,临界,2,False,route_maintenance_review,public-derived-cycle-feature-table
243,156.08013833333334,105.60504516666666,1.6437976666666667,2415.2610666666665,6.2776000000000005,54.276849999999996,0.6589499999999998,3.0,接近故障,critical,100.0,最佳状态,normal,2.0,严重泄漏,critical,130.0,最佳压力,normal,0,稳定,2,临界,2,False,route_maintenance_review,public-derived-cycle-feature-table
244,156.1027466666667,105.60808416666667,1.6462598333333336,2415.504433333333,6.279355000000001,54.29854999999999,0.6599499999999999,3.0,接近故障,critical,100.0,最佳状态,normal,2.0,严重泄漏,critical,130.0,最佳压力,normal,0,稳定,2,临界,2,False,route_maintenance_review,public-derived-cycle-feature-table
245,156.14315166666665,105.66754483333335,1.643521,2416.6119,6.272703333333334,54.30125,0.6632999999999999,3.0,接近故障,critical,100.0,最佳状态,normal,2.0,严重泄漏,critical,130.0,最佳压力,normal,0,稳定,2,临界,2,False,route_maintenance_review,public-derived-cycle-feature-table
246,156.17788833333336,105.68199333333332,1.643290166666667,2414.0411999999997,6.262866666666667,54.30936666666666,0.6626666666666667,3.0,接近故障,critical,100.0,最佳状态,normal,2.0,严重泄漏,critical,130.0,最佳压力,normal,0,稳定,2,临界,2,False,route_maintenance_review,public-derived-cycle-feature-table
247,156.15177,105.64506583333333,1.6427018333333332,2413.8982666666666,6.277473333333334,54.30425000000001,0.6582666666666667,3.0,接近故障,critical,100.0,最佳状态,normal,2.0,严重泄漏,critical,130.0,最佳压力,normal,0,稳定,2,临界,2,False,route_maintenance_review,public-derived-cycle-feature-table
248,174.524675,124.96502850000002,1.0609768333333334,2657.6448,3.0416666666666665,54.26783333333333,0.7355999999999999,3.0,接近故障,critical,100.0,最佳状态,normal,2.0,严重泄漏,critical,130.0,最佳压力,normal,0,稳定,2,临界,2,False,route_maintenance_review,public-derived-cycle-feature-table
249,156.69969666666665,105.79618866666667,1.6729408333333333,2419.9977,6.322315000000001,54.379316666666675,0.7487333333333335,3.0,接近故障,critical,100.0,最佳状态,normal,2.0,严重泄漏,critical,130.0,最佳压力,normal,0,稳定,2,临界,2,False,route_maintenance_review,public-derived-cycle-feature-table
250,156.35141666666667,105.88611583333335,1.6746866666666664,2415.9507,6.261666666666667,54.39256666666667,0.6626833333333332,3.0,接近故障,critical,100.0,最佳状态,normal,2.0,严重泄漏,critical,130.0,最佳压力,normal,0,稳定,2,临界,2,False,route_maintenance_review,public-derived-cycle-feature-table
251,156.3312,105.82909616666667,1.6716510000000002,2416.5706999999998,6.252948333333333,54.41535,0.6575,3.0,接近故障,critical,100.0,最佳状态,normal,2.0,严重泄漏,critical,130.0,最佳压力,normal,0,稳定,2,临界,2,False,route_maintenance_review,public-derived-cycle-feature-table
252,156.44581333333335,105.88788016666666,1.6941101666666667,2403.7806,6.348326666666667,54.40338333333332,0.6617166666666666,3.0,接近故障,critical,100.0,最佳状态,normal,1.0,弱泄漏,degraded,130.0,最佳压力,normal,1,未稳定,2,临界,2,False,route_maintenance_review,public-derived-cycle-feature-table
253,156.53164666666666,105.14576749999999,1.685684,2403.5907666666662,6.30914,54.399250000000016,0.6581499999999998,3.0,接近故障,critical,73.0,接近故障,critical,1.0,弱泄漏,degraded,130.0,最佳压力,normal,0,稳定,2,临界,3,False,route_maintenance_review,public-derived-cycle-feature-table
254,156.77873666666667,105.41461916666667,1.6816738333333336,2407.0780666666665,6.323076666666666,54.42541666666666,0.6618833333333335,3.0,接近故障,critical,73.0,接近故障,critical,1.0,弱泄漏,degraded,130.0,最佳压力,normal,0,稳定,2,临界,3,False,route_maintenance_review,public-derived-cycle-feature-table
255,156.62522333333334,105.24694266666665,1.6743695,2404.9846666666667,6.32191,54.43626666666667,0.6637666666666665,3.0,接近故障,critical,73.0,接近故障,critical,1.0,弱泄漏,degraded,130.0,最佳压力,normal,0,稳定,2,临界,3,False,route_maintenance_review,public-derived-cycle-feature-table
256,156.60881,105.25344700000001,1.6839119999999999,2405.3040666666666,6.323081666666667,54.42731666666666,0.6574500000000001,3.0,接近故障,critical,73.0,接近故障,critical,1.0,弱泄漏,degraded,130.0,最佳压力,normal,0,稳定,2,临界,3,False,route_maintenance_review,public-derived-cycle-feature-table
257,156.61773499999998,105.23343033333335,1.6891908333333334,2405.6614999999997,6.324059999999999,54.436749999999996,0.6561666666666668,3.0,接近故障,critical,73.0,接近故障,critical,1.0,弱泄漏,degraded,130.0,最佳压力,normal,0,稳定,2,临界,3,False,route_maintenance_review,public-derived-cycle-feature-table
258,156.54106166666668,105.17587449999999,1.6776133333333334,2406.070933333333,6.317818333333333,54.429199999999994,0.6615333333333332,3.0,接近故障,critical,73.0,接近故障,critical,1.0,弱泄漏,degraded,130.0,最佳压力,normal,0,稳定,2,临界,3,False,route_maintenance_review,public-derived-cycle-feature-table
259,156.53759,105.166708,1.6863371666666664,2407.6992666666665,6.323316666666667,54.430249999999994,0.6579666666666666,3.0,接近故障,critical,73.0,接近故障,critical,1.0,弱泄漏,degraded,130.0,最佳压力,normal,0,稳定,2,临界,3,False,route_maintenance_review,public-derived-cycle-feature-table
260,156.53609333333335,105.19984083333333,1.681311,2407.379433333333,6.324766666666667,54.45076666666667,0.6573333333333334,3.0,接近故障,critical,73.0,接近故障,critical,1.0,弱泄漏,degraded,130.0,最佳压力,normal,0,稳定,2,临界,3,False,route_maintenance_review,public-derived-cycle-feature-table
261,156.55033666666668,105.17870783333333,1.6822343333333332,2407.595933333333,6.3176283333333325,54.42568333333333,0.6504666666666667,3.0,接近故障,critical,73.0,接近故障,critical,1.0,弱泄漏,degraded,130.0,最佳压力,normal,0,稳定,2,临界,3,False,route_maintenance_review,public-derived-cycle-feature-table
262,156.53497166666665,105.208679,1.6818460000000002,2407.4352666666664,6.34694,54.418800000000005,0.6539499999999999,3.0,接近故障,critical,73.0,接近故障,critical,1.0,弱泄漏,degraded,130.0,最佳压力,normal,0,稳定,2,临界,3,False,route_maintenance_review,public-derived-cycle-feature-table
263,156.43022833333333,105.40688566666667,1.6864263333333336,2403.9932666666664,6.361,54.42963333333333,0.6592,3.0,接近故障,critical,80.0,严重滞后,critical,1.0,弱泄漏,degraded,130.0,最佳压力,normal,0,稳定,2,临界,3,False,route_maintenance_review,public-derived-cycle-feature-table
264,156.41084166666667,105.417275,1.6854078333333333,2402.7763999999997,6.359023333333333,54.43506666666667,0.6637500000000001,3.0,接近故障,critical,80.0,严重滞后,critical,1.0,弱泄漏,degraded,130.0,最佳压力,normal,0,稳定,2,临界,3,False,route_maintenance_review,public-derived-cycle-feature-table
265,156.43133666666668,105.4234745,1.6943973333333333,2403.2806333333333,6.35317,54.41603333333333,0.6520666666666666,3.0,接近故障,critical,80.0,严重滞后,critical,1.0,弱泄漏,degraded,130.0,最佳压力,normal,0,稳定,2,临界,3,False,route_maintenance_review,public-derived-cycle-feature-table
266,156.44602333333333,105.40592150000002,1.6873778333333334,2403.8641,6.35404,54.42444999999999,0.6595000000000001,3.0,接近故障,critical,80.0,严重滞后,critical,1.0,弱泄漏,degraded,130.0,最佳压力,normal,0,稳定,2,临界,3,False,route_maintenance_review,public-derived-cycle-feature-table
267,156.47348833333334,105.44291583333333,1.6886795,2404.4701666666665,6.361383333333333,54.41753333333334,0.6620500000000001,3.0,接近故障,critical,80.0,严重滞后,critical,1.0,弱泄漏,degraded,130.0,最佳压力,normal,0,稳定,2,临界,3,False,route_maintenance_review,public-derived-cycle-feature-table
268,156.4745333333333,105.43527516666666,1.6827775,2405.0216666666665,6.3619650000000005,54.401300000000006,0.6614166666666665,3.0,接近故障,critical,80.0,严重滞后,critical,1.0,弱泄漏,degraded,130.0,最佳压力,normal,0,稳定,2,临界,3,False,route_maintenance_review,public-derived-cycle-feature-table
269,156.42911999999998,105.37930266666666,1.6914596666666666,2405.2853333333333,6.359045000000001,54.420249999999996,0.6638333333333332,3.0,接近故障,critical,80.0,严重滞后,critical,1.0,弱泄漏,degraded,130.0,最佳压力,normal,0,稳定,2,临界,3,False,route_maintenance_review,public-derived-cycle-feature-table
270,156.47316333333333,105.44792433333333,1.685635166666667,2407.5036999999998,6.35994,54.42564999999999,0.6564333333333334,3.0,接近故障,critical,80.0,严重滞后,critical,1.0,弱泄漏,degraded,130.0,最佳压力,normal,0,稳定,2,临界,3,False,route_maintenance_review,public-derived-cycle-feature-table
271,156.45428166666665,105.42991116666666,1.686581,2403.6126000000004,6.3613100000000005,54.42393333333333,0.6546833333333332,3.0,接近故障,critical,80.0,严重滞后,critical,1.0,弱泄漏,degraded,130.0,最佳压力,normal,0,稳定,2,临界,3,False,route_maintenance_review,public-derived-cycle-feature-table
272,156.52117666666666,105.50351383333333,1.6840186666666668,2403.9159,6.360868333333334,54.39718333333334,0.6625833333333332,3.0,接近故障,critical,80.0,严重滞后,critical,1.0,弱泄漏,degraded,130.0,最佳压力,normal,0,稳定,2,临界,3,False,route_maintenance_review,public-derived-cycle-feature-table
273,156.43206999999998,105.67923899999998,1.6924598333333334,2403.358566666667,6.373828333333333,54.38178333333333,0.6592499999999999,3.0,接近故障,critical,90.0,轻微滞后,degraded,1.0,弱泄漏,degraded,130.0,最佳压力,normal,0,稳定,2,临界,3,False,route_maintenance_review,public-derived-cycle-feature-table
274,156.47305833333334,105.72723233333335,1.6853828333333334,2404.433966666667,6.372716666666666,54.41795,0.6560166666666667,3.0,接近故障,critical,90.0,轻微滞后,degraded,1.0,弱泄漏,degraded,130.0,最佳压力,normal,0,稳定,2,临界,3,False,route_maintenance_review,public-derived-cycle-feature-table
275,156.475085,105.72549766666667,1.6937363333333333,2404.1918333333333,6.373050000000001,54.42836666666667,0.6533,3.0,接近故障,critical,90.0,轻微滞后,degraded,1.0,弱泄漏,degraded,130.0,最佳压力,normal,0,稳定,2,临界,3,False,route_maintenance_review,public-derived-cycle-feature-table
276,156.47464666666667,105.712538,1.6910926666666668,2405.4775,6.370925000000001,54.37680000000001,0.6561833333333331,3.0,接近故障,critical,90.0,轻微滞后,degraded,1.0,弱泄漏,degraded,130.0,最佳压力,normal,0,稳定,2,临界,3,False,route_maintenance_review,public-derived-cycle-feature-table
277,156.47439333333332,105.73309783333335,1.6871535,2405.9962333333333,6.369038333333333,54.373983333333335,0.6546500000000001,3.0,接近故障,critical,90.0,轻微滞后,degraded,1.0,弱泄漏,degraded,130.0,最佳压力,normal,0,稳定,2,临界,3,False,route_maintenance_review,public-derived-cycle-feature-table
278,156.48911833333332,105.71409433333334,1.6987278333333333,2405.7734666666665,6.37006,54.40425,0.6592833333333332,3.0,接近故障,critical,90.0,轻微滞后,degraded,1.0,弱泄漏,degraded,130.0,最佳压力,normal,0,稳定,2,临界,3,False,route_maintenance_review,public-derived-cycle-feature-table
279,156.44609833333334,105.71729600000002,1.6931363333333336,2405.6343333333334,6.368031666666667,54.42998333333334,0.6558333333333334,3.0,接近故障,critical,90.0,轻微滞后,degraded,1.0,弱泄漏,degraded,130.0,最佳压力,normal,0,稳定,2,临界,3,False,route_maintenance_review,public-derived-cycle-feature-table
280,156.44836,105.69176183333333,1.7003471666666667,2405.483133333333,6.365773333333333,54.422050000000006,0.6556166666666667,3.0,接近故障,critical,90.0,轻微滞后,degraded,1.0,弱泄漏,degraded,130.0,最佳压力,normal,0,稳定,2,临界,3,False,route_maintenance_review,public-derived-cycle-feature-table
281,156.46658833333333,105.73657533333333,1.6947776666666665,2406.1569666666664,6.366529999999999,54.40820000000001,0.6571833333333335,3.0,接近故障,critical,90.0,轻微滞后,degraded,1.0,弱泄漏,degraded,130.0,最佳压力,normal,0,稳定,2,临界,3,False,route_maintenance_review,public-derived-cycle-feature-table
282,156.46007666666665,105.73413933333332,1.6831366666666667,2405.421333333333,6.365631666666667,54.416799999999995,0.6589000000000002,3.0,接近故障,critical,90.0,轻微滞后,degraded,1.0,弱泄漏,degraded,130.0,最佳压力,normal,0,稳定,2,临界,3,False,route_maintenance_review,public-derived-cycle-feature-table
283,156.37770833333335,105.813342,1.6852698333333334,2405.759833333333,6.37667,54.40458333333333,0.6554,3.0,接近故障,critical,100.0,最佳状态,normal,1.0,弱泄漏,degraded,130.0,最佳压力,normal,0,稳定,2,临界,2,False,route_maintenance_review,public-derived-cycle-feature-table
284,156.38836333333333,105.86240949999998,1.6870121666666666,2407.409133333333,6.349235,54.4189,0.6511833333333333,3.0,接近故障,critical,100.0,最佳状态,normal,1.0,弱泄漏,degraded,130.0,最佳压力,normal,0,稳定,2,临界,2,False,route_maintenance_review,public-derived-cycle-feature-table
285,156.37713,105.83244416666668,1.6865465000000002,2405.5084333333334,6.365216666666667,54.40745,0.6537333333333333,3.0,接近故障,critical,100.0,最佳状态,normal,1.0,弱泄漏,degraded,130.0,最佳压力,normal,0,稳定,2,临界,2,False,route_maintenance_review,public-derived-cycle-feature-table
286,156.40939666666668,105.8516535,1.6848174999999999,2406.052433333333,6.365883333333334,54.4089,0.6548833333333334,3.0,接近故障,critical,100.0,最佳状态,normal,1.0,弱泄漏,degraded,130.0,最佳压力,normal,0,稳定,2,临界,2,False,route_maintenance_review,public-derived-cycle-feature-table
287,156.40490499999999,105.8531685,1.6900298333333335,2404.3622666666665,6.35028,54.44191666666667,0.6551833333333332,3.0,接近故障,critical,100.0,最佳状态,normal,1.0,弱泄漏,degraded,130.0,最佳压力,normal,0,稳定,2,临界,2,False,route_maintenance_review,public-derived-cycle-feature-table
288,156.39972999999998,105.84742933333334,1.6914456666666664,2404.6412,6.3575,54.414683333333336,0.6418666666666667,3.0,接近故障,critical,100.0,最佳状态,normal,1.0,弱泄漏,degraded,130.0,最佳压力,normal,0,稳定,2,临界,2,False,route_maintenance_review,public-derived-cycle-feature-table
289,156.412795,105.86101283333335,1.6916125000000002,2404.8954,6.378564999999999,54.41944999999999,0.6546333333333334,3.0,接近故障,critical,100.0,最佳状态,normal,1.0,弱泄漏,degraded,130.0,最佳压力,normal,0,稳定,2,临界,2,False,route_maintenance_review,public-derived-cycle-feature-table
290,156.41502333333332,105.86851083333332,1.6882154999999999,2405.533266666667,6.358773333333332,54.42364999999999,0.6541666666666667,3.0,接近故障,critical,100.0,最佳状态,normal,1.0,弱泄漏,degraded,130.0,最佳压力,normal,0,稳定,2,临界,2,False,route_maintenance_review,public-derived-cycle-feature-table
291,156.42589833333332,105.84317883333333,1.6880811666666669,2402.880933333333,6.369726666666666,54.401599999999995,0.7253,3.0,接近故障,critical,100.0,最佳状态,normal,1.0,弱泄漏,degraded,130.0,最佳压力,normal,0,稳定,2,临界,2,False,route_maintenance_review,public-derived-cycle-feature-table
292,156.39994833333333,105.83701216666667,1.6968753333333333,2402.668733333333,6.382065000000001,54.37683333333333,0.6572333333333333,3.0,接近故障,critical,100.0,最佳状态,normal,1.0,弱泄漏,degraded,130.0,最佳压力,normal,0,稳定,2,临界,2,False,route_maintenance_review,public-derived-cycle-feature-table
293,156.82731333333334,106.12449250000002,1.7540235,2395.1667666666663,6.606709999999999,54.41418333333333,0.6790666666666667,3.0,接近故障,critical,100.0,最佳状态,normal,0.0,无泄漏,normal,130.0,最佳压力,normal,1,未稳定,2,临界,1,False,route_maintenance_review,public-derived-cycle-feature-table
294,157.10271500000002,105.54712183333334,1.7451359999999998,2397.7553666666668,6.54726,54.44368333333334,0.6670666666666668,3.0,接近故障,critical,73.0,接近故障,critical,0.0,无泄漏,normal,130.0,最佳压力,normal,0,稳定,2,临界,2,False,route_maintenance_review,public-derived-cycle-feature-table
295,157.09420166666666,105.55890416666668,1.748415,2397.083666666667,6.554498333333333,54.52635,0.6734999999999999,3.0,接近故障,critical,73.0,接近故障,critical,0.0,无泄漏,normal,130.0,最佳压力,normal,0,稳定,2,临界,2,False,route_maintenance_review,public-derived-cycle-feature-table
296,157.07723000000001,105.53595166666668,1.7435706666666668,2395.544433333333,6.543608333333333,54.53241666666667,0.6697333333333333,3.0,接近故障,critical,73.0,接近故障,critical,0.0,无泄漏,normal,130.0,最佳压力,normal,0,稳定,2,临界,2,False,route_maintenance_review,public-derived-cycle-feature-table
297,157.0654383333333,105.50968733333335,1.7518206666666665,2394.9723,6.541911666666667,54.62261666666667,0.6661833333333333,3.0,接近故障,critical,73.0,接近故障,critical,0.0,无泄漏,normal,130.0,最佳压力,normal,0,稳定,2,临界,2,False,route_maintenance_review,public-derived-cycle-feature-table
298,157.07833166666666,105.520029,1.751415,2394.774033333333,6.549791666666667,54.65534999999999,0.6848833333333334,3.0,接近故障,critical,73.0,接近故障,critical,0.0,无泄漏,normal,130.0,最佳压力,normal,0,稳定,2,临界,2,False,route_maintenance_review,public-derived-cycle-feature-table
299,157.07150333333334,105.522928,1.7392553333333336,2394.215433333333,6.542986666666668,54.66666666666665,0.6790499999999998,3.0,接近故障,critical,73.0,接近故障,critical,0.0,无泄漏,normal,130.0,最佳压力,normal,0,稳定,2,临界,2,False,route_maintenance_review,public-derived-cycle-feature-table
300,157.06632666666667,105.531762,1.7493885,2394.1983333333333,6.541463333333333,54.71575,0.6694166666666667,3.0,接近故障,critical,73.0,接近故障,critical,0.0,无泄漏,normal,130.0,最佳压力,normal,0,稳定,2,临界,2,False,route_maintenance_review,public-derived-cycle-feature-table
301,157.04036499999998,105.50605133333335,1.7454925,2393.303066666667,6.541745,54.75634999999999,0.6811166666666667,3.0,接近故障,critical,73.0,接近故障,critical,0.0,无泄漏,normal,130.0,最佳压力,normal,0,稳定,2,临界,2,False,route_maintenance_review,public-derived-cycle-feature-table
302,157.03130166666668,105.51101183333333,1.7420418333333334,2396.069033333333,6.557205000000001,54.75136666666666,0.6796833333333334,3.0,接近故障,critical,73.0,接近故障,critical,0.0,无泄漏,normal,130.0,最佳压力,normal,0,稳定,2,临界,2,False,route_maintenance_review,public-derived-cycle-feature-table
303,157.0411533333333,105.53809116666667,1.748013833333333,2398.8836333333334,6.561648333333332,54.8139,0.6592166666666667,3.0,接近故障,critical,73.0,接近故障,critical,0.0,无泄漏,normal,130.0,最佳压力,normal,0,稳定,2,临界,2,False,route_maintenance_review,public-derived-cycle-feature-table
304,156.93399,105.73412349999998,1.7482521666666668,2397.9287666666664,6.5755550000000005,54.80128333333334,0.6578666666666665,3.0,接近故障,critical,80.0,严重滞后,critical,0.0,无泄漏,normal,130.0,最佳压力,normal,0,稳定,2,临界,2,False,route_maintenance_review,public-derived-cycle-feature-table
305,156.95444833333332,105.75849683333334,1.7444518333333332,2395.3455,6.573278333333333,54.8431,0.6549,3.0,接近故障,critical,80.0,严重滞后,critical,0.0,无泄漏,normal,130.0,最佳压力,normal,0,稳定,2,临界,2,False,route_maintenance_review,public-derived-cycle-feature-table
306,156.94775333333334,105.76467749999999,1.7490606666666666,2393.4220333333333,6.5755550000000005,54.851866666666666,0.6838500000000001,3.0,接近故障,critical,80.0,严重滞后,critical,0.0,无泄漏,normal,130.0,最佳压力,normal,0,稳定,2,临界,2,False,route_maintenance_review,public-derived-cycle-feature-table
307,156.95814833333333,105.77589783333333,1.7496096666666665,2394.7922,6.576196666666666,54.86101666666665,0.6651166666666667,3.0,接近故障,critical,80.0,严重滞后,critical,0.0,无泄漏,normal,130.0,最佳压力,normal,0,稳定,2,临界,2,False,route_maintenance_review,public-derived-cycle-feature-table
308,156.905495,105.75035766666667,1.7451601666666665,2394.8471,6.572421666666667,54.86685,0.6590833333333331,3.0,接近故障,critical,80.0,严重滞后,critical,0.0,无泄漏,normal,130.0,最佳压力,normal,0,稳定,2,临界,2,False,route_maintenance_review,public-derived-cycle-feature-table
309,156.927785,105.77900100000001,1.746848,2392.7280666666666,6.573930000000001,54.8934,0.6618833333333334,3.0,接近故障,critical,80.0,严重滞后,critical,0.0,无泄漏,normal,130.0,最佳压力,normal,0,稳定,2,临界,2,False,route_maintenance_review,public-derived-cycle-feature-table
310,156.91999666666666,105.74295700000002,1.7463549999999999,2390.4264,6.57495,54.922716666666666,0.6647166666666666,3.0,接近故障,critical,80.0,严重滞后,critical,0.0,无泄漏,normal,130.0,最佳压力,normal,0,稳定,2,临界,2,False,route_maintenance_review,public-derived-cycle-feature-table
311,156.93346,105.73127616666667,1.7488621666666664,2389.7893666666664,6.561181666666667,54.949416666666664,0.6648666666666665,3.0,接近故障,critical,80.0,严重滞后,critical,0.0,无泄漏,normal,130.0,最佳压力,normal,0,稳定,2,临界,2,False,route_maintenance_review,public-derived-cycle-feature-table
312,156.90141666666668,105.72396133333334,1.7478413333333331,2391.7572666666665,6.572251666666666,54.94513333333334,0.6539333333333334,3.0,接近故障,critical,80.0,严重滞后,critical,0.0,无泄漏,normal,130.0,最佳压力,normal,0,稳定,2,临界,2,False,route_maintenance_review,public-derived-cycle-feature-table
313,156.88801333333333,105.71566983333332,1.7486151666666665,2390.8431666666665,6.568293333333333,55.01803333333333,0.6664333333333333,3.0,接近故障,critical,80.0,严重滞后,critical,0.0,无泄漏,normal,130.0,最佳压力,normal,0,稳定,2,临界,2,False,route_maintenance_review,public-derived-cycle-feature-table
314,156.78875,105.90318233333333,1.7571733333333335,2390.014433333333,6.587168333333333,55.018283333333336,0.6679666666666668,3.0,接近故障,critical,90.0,轻微滞后,degraded,0.0,无泄漏,normal,130.0,最佳压力,normal,0,稳定,2,临界,2,False,route_maintenance_review,public-derived-cycle-feature-table
315,156.792545,105.90658283333333,1.7660233333333333,2389.8136999999997,6.589353333333333,55.04021666666667,0.65645,3.0,接近故障,critical,90.0,轻微滞后,degraded,0.0,无泄漏,normal,130.0,最佳压力,normal,0,稳定,2,临界,2,False,route_maintenance_review,public-derived-cycle-feature-table
316,156.80344,105.9134835,1.7523555,2390.303166666666,6.58706,55.05335000000001,0.6567166666666667,3.0,接近故障,critical,90.0,轻微滞后,degraded,0.0,无泄漏,normal,130.0,最佳压力,normal,0,稳定,2,临界,2,False,route_maintenance_review,public-derived-cycle-feature-table
317,156.81755833333332,105.92190783333334,1.759193,2390.5540333333333,6.590318333333334,55.03940000000001,0.6558333333333333,3.0,接近故障,critical,90.0,轻微滞后,degraded,0.0,无泄漏,normal,130.0,最佳压力,normal,0,稳定,2,临界,2,False,route_maintenance_review,public-derived-cycle-feature-table
318,156.83772333333332,105.93565399999999,1.751158,2392.3438,6.5914166666666665,55.061083333333336,0.6497333333333334,3.0,接近故障,critical,90.0,轻微滞后,degraded,0.0,无泄漏,normal,130.0,最佳压力,normal,0,稳定,2,临界,2,False,route_maintenance_review,public-derived-cycle-feature-table
319,156.80032,105.91707916666667,1.7520118333333332,2392.2225,6.590536666666668,55.05295000000002,0.6519333333333333,3.0,接近故障,critical,90.0,轻微滞后,degraded,0.0,无泄漏,normal,130.0,最佳压力,normal,0,稳定,2,临界,2,False,route_maintenance_review,public-derived-cycle-feature-table
320,156.84115,105.9177275,1.759710333333333,2393.5173,6.589701666666667,55.05733333333333,0.6582,3.0,接近故障,critical,90.0,轻微滞后,degraded,0.0,无泄漏,normal,130.0,最佳压力,normal,0,稳定,2,临界,2,False,route_maintenance_review,public-derived-cycle-feature-table
321,156.85249166666668,105.94921116666667,1.7528396666666668,2394.4886,6.594090000000001,54.98694999999999,0.6707833333333333,3.0,接近故障,critical,90.0,轻微滞后,degraded,0.0,无泄漏,normal,130.0,最佳压力,normal,0,稳定,2,临界,2,False,route_maintenance_review,public-derived-cycle-feature-table
322,156.84358166666667,105.96709916666666,1.7543476666666666,2394.2183333333332,6.592288333333333,54.968849999999996,0.6511500000000001,3.0,接近故障,critical,90.0,轻微滞后,degraded,0.0,无泄漏,normal,130.0,最佳压力,normal,0,稳定,2,临界,2,False,route_maintenance_review,public-derived-cycle-feature-table
323,156.86772833333333,105.96352166666667,1.7598470000000002,2393.8535,6.5919550000000005,54.95055000000001,0.6660166666666666,3.0,接近故障,critical,90.0,轻微滞后,degraded,0.0,无泄漏,normal,130.0,最佳压力,normal,0,稳定,2,临界,2,False,route_maintenance_review,public-derived-cycle-feature-table
324,156.815345,106.10297633333333,1.7663483333333334,2393.9943,6.6044583333333335,54.90476666666665,0.6682833333333335,3.0,接近故障,critical,100.0,最佳状态,normal,0.0,无泄漏,normal,130.0,最佳压力,normal,0,稳定,2,临界,1,False,route_maintenance_review,public-derived-cycle-feature-table
325,156.8156433333333,106.08347033333332,1.7631968333333334,2393.2473999999997,6.606771666666667,54.87865,0.6652833333333333,3.0,接近故障,critical,100.0,最佳状态,normal,0.0,无泄漏,normal,130.0,最佳压力,normal,0,稳定,2,临界,1,False,route_maintenance_review,public-derived-cycle-feature-table
326,156.850375,106.11661833333332,1.7599773333333333,2390.9788666666664,6.598735,54.83858333333332,0.6530833333333332,3.0,接近故障,critical,100.0,最佳状态,normal,0.0,无泄漏,normal,130.0,最佳压力,normal,0,稳定,2,临界,1,False,route_maintenance_review,public-derived-cycle-feature-table
327,156.84191833333333,106.10028483333333,1.7628506666666666,2392.3368666666665,6.5996049999999995,54.82046666666667,0.6545666666666669,3.0,接近故障,critical,100.0,最佳状态,normal,0.0,无泄漏,normal,130.0,最佳压力,normal,0,稳定,2,临界,1,False,route_maintenance_review,public-derived-cycle-feature-table
328,156.83759166666667,106.12190833333332,1.7488906666666666,2393.9794666666667,6.589721666666668,54.778749999999995,0.6561499999999999,3.0,接近故障,critical,100.0,最佳状态,normal,0.0,无泄漏,normal,130.0,最佳压力,normal,0,稳定,2,临界,1,False,route_maintenance_review,public-derived-cycle-feature-table
329,156.85598666666667,106.11499383333333,1.7547355,2394.706233333333,6.590920000000001,54.744350000000004,0.6549333333333333,3.0,接近故障,critical,100.0,最佳状态,normal,0.0,无泄漏,normal,130.0,最佳压力,normal,0,稳定,2,临界,1,False,route_maintenance_review,public-derived-cycle-feature-table
330,156.85250833333333,106.14849983333335,1.761451,2395.6920333333333,6.582669999999999,54.73468333333334,0.6717333333333334,3.0,接近故障,critical,100.0,最佳状态,normal,0.0,无泄漏,normal,130.0,最佳压力,normal,0,稳定,2,临界,1,False,route_maintenance_review,public-derived-cycle-feature-table
331,156.8303966666667,106.13478849999998,1.7529481666666666,2396.485166666667,6.600296666666666,54.72543333333333,0.6561,3.0,接近故障,critical,100.0,最佳状态,normal,0.0,无泄漏,normal,130.0,最佳压力,normal,0,稳定,2,临界,1,False,route_maintenance_review,public-derived-cycle-feature-table
332,156.85320833333333,106.14840116666667,1.7596048333333332,2396.2626666666665,6.597566666666666,54.674366666666664,0.65785,3.0,接近故障,critical,100.0,最佳状态,normal,0.0,无泄漏,normal,130.0,最佳压力,normal,0,稳定,2,临界,1,False,route_maintenance_review,public-derived-cycle-feature-table
333,156.86256833333331,106.1392855,1.7523063333333333,2397.5996,6.606143333333334,54.644999999999996,0.6465500000000001,3.0,接近故障,critical,100.0,最佳状态,normal,0.0,无泄漏,normal,130.0,最佳压力,normal,0,稳定,2,临界,1,False,route_maintenance_review,public-derived-cycle-feature-table
334,156.82134833333333,106.10060616666667,1.7680565,2403.7343333333333,6.616404999999999,54.4916,0.67585,3.0,接近故障,critical,100.0,最佳状态,normal,0.0,无泄漏,normal,115.0,轻微降低,degraded,1,未稳定,2,临界,2,False,route_maintenance_review,public-derived-cycle-feature-table
335,156.80236333333335,106.07803133333333,1.7591176666666666,2401.7745,6.596935,54.539183333333334,0.6491166666666666,3.0,接近故障,critical,100.0,最佳状态,normal,0.0,无泄漏,normal,115.0,轻微降低,degraded,1,未稳定,2,临界,2,False,route_maintenance_review,public-derived-cycle-feature-table
336,156.805575,106.08450466666666,1.767939333333333,2397.8182333333334,6.587393333333335,54.52101666666667,0.6559666666666666,3.0,接近故障,critical,100.0,最佳状态,normal,0.0,无泄漏,normal,115.0,轻微降低,degraded,1,未稳定,2,临界,2,False,route_maintenance_review,public-derived-cycle-feature-table
337,156.81811333333334,106.12480233333334,1.7602481666666665,2397.3552999999997,6.587023333333334,54.44966666666666,0.6559166666666667,3.0,接近故障,critical,100.0,最佳状态,normal,0.0,无泄漏,normal,115.0,轻微降低,degraded,1,未稳定,2,临界,2,False,route_maintenance_review,public-derived-cycle-feature-table
338,156.80235333333331,106.09554733333333,1.7625455,2397.494166666667,6.585019999999999,54.44358333333333,0.6724166666666667,3.0,接近故障,critical,100.0,最佳状态,normal,0.0,无泄漏,normal,115.0,轻微降低,degraded,1,未稳定,2,临界,2,False,route_maintenance_review,public-derived-cycle-feature-table
339,156.85582166666669,106.11556483333332,1.7583705,2398.6996,6.599616666666666,54.436766666666664,0.6493333333333332,3.0,接近故障,critical,100.0,最佳状态,normal,0.0,无泄漏,normal,115.0,轻微降低,degraded,1,未稳定,2,临界,2,False,route_maintenance_review,public-derived-cycle-feature-table
340,156.85210833333332,106.12152149999999,1.7604334999999998,2396.4296999999997,6.597126666666666,54.413583333333335,0.6488,3.0,接近故障,critical,100.0,最佳状态,normal,0.0,无泄漏,normal,115.0,轻微降低,degraded,1,未稳定,2,临界,2,False,route_maintenance_review,public-derived-cycle-feature-table
341,156.82662833333333,106.09044316666666,1.7626978333333334,2397.2687,6.6004000000000005,54.42183333333333,0.6527833333333335,3.0,接近故障,critical,100.0,最佳状态,normal,0.0,无泄漏,normal,115.0,轻微降低,degraded,1,未稳定,2,临界,2,False,route_maintenance_review,public-derived-cycle-feature-table
342,156.804045,106.08114050000002,1.7678181666666666,2396.954,6.58931,54.39030000000001,0.6692500000000001,3.0,接近故障,critical,100.0,最佳状态,normal,0.0,无泄漏,normal,115.0,轻微降低,degraded,1,未稳定,2,临界,2,False,route_maintenance_review,public-derived-cycle-feature-table
343,156.85332166666666,106.09263683333333,1.7610086666666667,2398.1048666666666,6.58926,54.36801666666666,0.6491166666666668,3.0,接近故障,critical,100.0,最佳状态,normal,0.0,无泄漏,normal,115.0,轻微降低,degraded,1,未稳定,2,临界,2,False,route_maintenance_review,public-derived-cycle-feature-table
344,173.18290666666667,123.44589733333335,1.1425226666666668,2652.4044666666664,3.2738266666666664,54.25603333333334,0.7431,3.0,接近故障,critical,100.0,最佳状态,normal,2.0,严重泄漏,critical,115.0,轻微降低,degraded,1,未稳定,2,临界,3,False,route_maintenance_review,public-derived-cycle-feature-table
345,156.39947833333335,105.08417283333334,1.6654295000000001,2424.1908999999996,6.249986666666667,54.30115,0.6761499999999999,3.0,接近故障,critical,73.0,接近故障,critical,2.0,严重泄漏,critical,115.0,轻微降低,degraded,0,稳定,2,临界,4,False,route_maintenance_review,public-derived-cycle-feature-table
346,173.30805166666667,122.85143550000001,1.1306303333333334,2652.8122,3.234171666666667,54.1396,0.7262333333333333,3.0,接近故障,critical,73.0,接近故障,critical,2.0,严重泄漏,critical,115.0,轻微降低,degraded,0,稳定,2,临界,4,False,route_maintenance_review,public-derived-cycle-feature-table
347,173.32205666666667,122.83450716666668,1.1242956666666668,2651.723433333333,3.226726666666667,54.19384999999999,0.7638833333333334,3.0,接近故障,critical,73.0,接近故障,critical,2.0,严重泄漏,critical,115.0,轻微降低,degraded,0,稳定,2,临界,4,False,route_maintenance_review,public-derived-cycle-feature-table
348,173.30329166666667,122.80240216666665,1.1265835,2648.3132333333333,3.2346749999999997,54.246050000000004,0.7760666666666666,3.0,接近故障,critical,73.0,接近故障,critical,2.0,严重泄漏,critical,115.0,轻微降低,degraded,0,稳定,2,临界,4,False,route_maintenance_review,public-derived-cycle-feature-table
349,173.28539,122.81522566666668,1.135212,2646.484033333333,3.22774,54.27163333333333,0.7751333333333332,3.0,接近故障,critical,73.0,接近故障,critical,2.0,严重泄漏,critical,115.0,轻微降低,degraded,0,稳定,2,临界,4,False,route_maintenance_review,public-derived-cycle-feature-table
350,173.28351333333333,122.78132849999999,1.1119408333333334,2646.491966666667,3.2401466666666665,54.320666666666675,0.7918166666666667,3.0,接近故障,critical,73.0,接近故障,critical,2.0,严重泄漏,critical,115.0,轻微降低,degraded,0,稳定,2,临界,4,False,route_maintenance_review,public-derived-cycle-feature-table
351,156.37633166666666,105.0631555,1.6611151666666668,2419.1668666666665,6.239895,54.50085,0.6852500000000001,3.0,接近故障,critical,73.0,接近故障,critical,2.0,严重泄漏,critical,115.0,轻微降低,degraded,0,稳定,2,临界,4,False,route_maintenance_review,public-derived-cycle-feature-table
352,173.27702499999998,122.81090883333333,1.1249411666666667,2649.5284666666666,3.2396433333333334,54.37266666666667,0.74945,3.0,接近故障,critical,73.0,接近故障,critical,2.0,严重泄漏,critical,115.0,轻微降低,degraded,0,稳定,2,临界,4,False,route_maintenance_review,public-derived-cycle-feature-table
353,173.28388,122.80291016666666,1.119809,2648.8940666666663,3.2425100000000002,54.4588,0.7768499999999999,3.0,接近故障,critical,73.0,接近故障,critical,2.0,严重泄漏,critical,115.0,轻微降低,degraded,0,稳定,2,临界,4,False,route_maintenance_review,public-derived-cycle-feature-table
354,173.2896,122.78925766666669,1.1190531666666665,2648.2474666666667,3.2337583333333333,54.570633333333326,0.7827333333333334,3.0,接近故障,critical,73.0,接近故障,critical,2.0,严重泄漏,critical,115.0,轻微降低,degraded,0,稳定,2,临界,4,False,route_maintenance_review,public-derived-cycle-feature-table
355,173.10834,122.99234316666667,1.1241145000000001,2646.077333333333,3.28481,54.67508333333333,0.7702166666666665,3.0,接近故障,critical,80.0,严重滞后,critical,2.0,严重泄漏,critical,115.0,轻微降低,degraded,0,稳定,2,临界,4,False,route_maintenance_review,public-derived-cycle-feature-table
356,173.14939999999999,123.0589465,1.1218691666666667,2646.2877,3.261125,54.75581666666666,0.7780000000000001,3.0,接近故障,critical,80.0,严重滞后,critical,2.0,严重泄漏,critical,115.0,轻微降低,degraded,0,稳定,2,临界,4,False,route_maintenance_review,public-derived-cycle-feature-table
357,173.11952333333332,123.00366783333332,1.1273834999999999,2645.586033333333,3.2710416666666666,54.84045000000001,0.7770666666666667,3.0,接近故障,critical,80.0,严重滞后,critical,2.0,严重泄漏,critical,115.0,轻微降低,degraded,0,稳定,2,临界,4,False,route_maintenance_review,public-derived-cycle-feature-table
358,173.07170333333332,122.94127616666667,1.1223486666666667,2645.300533333333,3.28945,54.947599999999994,0.7700000000000001,3.0,接近故障,critical,80.0,严重滞后,critical,2.0,严重泄漏,critical,115.0,轻微降低,degraded,0,稳定,2,临界,4,False,route_maintenance_review,public-derived-cycle-feature-table
359,173.07278333333332,122.9277855,1.1156018333333333,2641.7944,3.2748166666666667,55.0764,0.7626666666666667,3.0,接近故障,critical,80.0,严重滞后,critical,2.0,严重泄漏,critical,115.0,轻微降低,degraded,0,稳定,2,临界,4,False,route_maintenance_review,public-derived-cycle-feature-table
360,173.06748833333333,122.91191483333334,1.1202906666666668,2641.7844666666665,3.2789616666666666,55.17431666666666,0.7567333333333333,3.0,接近故障,critical,80.0,严重滞后,critical,2.0,严重泄漏,critical,115.0,轻微降低,degraded,0,稳定,2,临界,4,False,route_maintenance_review,public-derived-cycle-feature-table
361,173.04918333333333,122.92146,1.1291573333333333,2641.6500333333333,3.2595416666666663,55.24686666666667,0.76065,3.0,接近故障,critical,80.0,严重滞后,critical,2.0,严重泄漏,critical,115.0,轻微降低,degraded,0,稳定,2,临界,4,False,route_maintenance_review,public-derived-cycle-feature-table
362,173.00694,122.89723016666667,1.1220428333333332,2643.4106,3.2939016666666667,55.30718333333333,0.76585,3.0,接近故障,critical,80.0,严重滞后,critical,2.0,严重泄漏,critical,115.0,轻微降低,degraded,0,稳定,2,临界,4,False,route_maintenance_review,public-derived-cycle-feature-table
363,172.99511666666666,122.89221599999999,1.1204443333333336,2642.3013666666666,3.2791316666666668,55.403733333333335,0.7671333333333334,3.0,接近故障,critical,80.0,严重滞后,critical,2.0,严重泄漏,critical,115.0,轻微降低,degraded,0,稳定,2,临界,4,False,route_maintenance_review,public-derived-cycle-feature-table
364,172.95283666666666,122.85470049999999,1.1269025,2638.8694666666665,3.2903850000000006,55.54176666666667,0.7569333333333333,3.0,接近故障,critical,80.0,严重滞后,critical,2.0,严重泄漏,critical,115.0,轻微降低,degraded,0,稳定,2,临界,4,False,route_maintenance_review,public-derived-cycle-feature-table
365,172.85150666666667,123.04225466666665,1.1370353333333332,2636.8393666666666,3.311463333333333,55.622600000000006,0.7609833333333335,3.0,接近故障,critical,90.0,轻微滞后,degraded,2.0,严重泄漏,critical,115.0,轻微降低,degraded,0,稳定,2,临界,4,False,route_maintenance_review,public-derived-cycle-feature-table
366,166.70284333333333,116.60306633333335,1.3164993333333335,2553.1373666666664,4.295743333333333,55.76345,0.7280333333333334,3.0,接近故障,critical,90.0,轻微滞后,degraded,2.0,严重泄漏,critical,115.0,轻微降低,degraded,0,稳定,2,临界,4,False,route_maintenance_review,public-derived-cycle-feature-table
367,172.831235,123.0176615,1.1295401666666667,2634.6100999999994,3.304886666666667,55.78503333333333,0.7545333333333332,3.0,接近故障,critical,90.0,轻微滞后,degraded,2.0,严重泄漏,critical,115.0,轻微降低,degraded,0,稳定,2,临界,4,False,route_maintenance_review,public-derived-cycle-feature-table
368,172.81389666666666,123.030366,1.1298603333333335,2634.9867666666664,3.2905566666666664,55.852266666666665,0.7528500000000001,3.0,接近故障,critical,90.0,轻微滞后,degraded,2.0,严重泄漏,critical,115.0,轻微降低,degraded,0,稳定,2,临界,4,False,route_maintenance_review,public-derived-cycle-feature-table
369,172.779215,123.00678549999999,1.1404203333333334,2635.0318,3.318636666666667,55.8891,0.7449999999999999,3.0,接近故障,critical,90.0,轻微滞后,degraded,2.0,严重泄漏,critical,115.0,轻微降低,degraded,0,稳定,2,临界,4,False,route_maintenance_review,public-derived-cycle-feature-table
370,172.78429500000001,123.02059166666668,1.1363563333333333,2635.2305666666666,3.304371666666667,55.93416666666667,0.7444833333333333,3.0,接近故障,critical,90.0,轻微滞后,degraded,2.0,严重泄漏,critical,115.0,轻微降低,degraded,0,稳定,2,临界,4,False,route_maintenance_review,public-derived-cycle-feature-table
371,180.41329333333334,131.05236633333334,0.8856465,2736.7313,2.0819650000000003,55.99218333333333,0.7789499999999999,3.0,接近故障,critical,90.0,轻微滞后,degraded,2.0,严重泄漏,critical,115.0,轻微降低,degraded,0,稳定,2,临界,4,False,route_maintenance_review,public-derived-cycle-feature-table
372,173.2593116666667,123.04904566666666,1.1304838333333336,2645.4698666666663,3.2845283333333337,56.017849999999996,0.7807666666666668,3.0,接近故障,critical,90.0,轻微滞后,degraded,2.0,严重泄漏,critical,115.0,轻微降低,degraded,0,稳定,2,临界,4,False,route_maintenance_review,public-derived-cycle-feature-table
373,172.74827,122.94269116666669,1.1331568333333333,2636.3418333333334,3.2967949999999995,56.09726666666666,0.7453166666666667,3.0,接近故障,critical,90.0,轻微滞后,degraded,2.0,严重泄漏,critical,115.0,轻微降低,degraded,0,稳定,2,临界,4,False,route_maintenance_review,public-derived-cycle-feature-table
374,172.73194333333333,122.95540416666667,1.1339135,2634.9296,3.297875,56.20593333333333,0.7588833333333334,3.0,接近故障,critical,90.0,轻微滞后,degraded,2.0,严重泄漏,critical,115.0,轻微降低,degraded,0,稳定,2,临界,4,False,route_maintenance_review,public-derived-cycle-feature-table
375,172.67674499999998,123.10084950000001,1.1368610000000001,2634.630133333333,3.292448333333333,56.279833333333336,0.7541166666666668,3.0,接近故障,critical,100.0,最佳状态,normal,2.0,严重泄漏,critical,115.0,轻微降低,degraded,0,稳定,2,临界,3,False,route_maintenance_review,public-derived-cycle-feature-table
376,172.66841333333332,123.08886849999998,1.1466566666666667,2634.619533333333,3.2857716666666668,56.32973333333334,0.7519000000000001,3.0,接近故障,critical,100.0,最佳状态,normal,2.0,严重泄漏,critical,115.0,轻微降低,degraded,0,稳定,2,临界,3,False,route_maintenance_review,public-derived-cycle-feature-table
377,172.69082333333333,123.09571616666668,1.1482088333333333,2633.5622666666663,3.28947,56.40401666666666,0.7466833333333334,3.0,接近故障,critical,100.0,最佳状态,normal,2.0,严重泄漏,critical,115.0,轻微降低,degraded,0,稳定,2,临界,3,False,route_maintenance_review,public-derived-cycle-feature-table
378,172.67730333333336,123.08276016666666,1.1419728333333332,2632.3863666666666,3.2862916666666666,56.452616666666664,0.7432333333333333,3.0,接近故障,critical,100.0,最佳状态,normal,2.0,严重泄漏,critical,115.0,轻微降低,degraded,0,稳定,2,临界,3,False,route_maintenance_review,public-derived-cycle-feature-table
379,172.65575666666666,123.04798916666668,1.1452198333333332,2631.2676666666666,3.30307,56.48361666666667,0.7483000000000001,3.0,接近故障,critical,100.0,最佳状态,normal,2.0,严重泄漏,critical,115.0,轻微降低,degraded,0,稳定,2,临界,3,False,route_maintenance_review,public-derived-cycle-feature-table
380,172.65453166666668,123.05013183333332,1.1507026666666667,2631.261133333333,3.2869466666666667,56.49448333333333,0.7529,3.0,接近故障,critical,100.0,最佳状态,normal,2.0,严重泄漏,critical,115.0,轻微降低,degraded,0,稳定,2,临界,3,False,route_maintenance_review,public-derived-cycle-feature-table
381,166.442655,116.5521475,1.3176916666666667,2547.7985999999996,4.297096666666667,56.56659999999999,0.7129499999999999,3.0,接近故障,critical,100.0,最佳状态,normal,2.0,严重泄漏,critical,115.0,轻微降低,degraded,0,稳定,2,临界,3,False,route_maintenance_review,public-derived-cycle-feature-table
382,172.64996666666667,123.0272715,1.1418730000000001,2632.4201,3.2901266666666666,56.58185,0.7428166666666667,3.0,接近故障,critical,100.0,最佳状态,normal,2.0,严重泄漏,critical,115.0,轻微降低,degraded,0,稳定,2,临界,3,False,route_maintenance_review,public-derived-cycle-feature-table
383,172.65873500000004,123.01409616666668,1.1355870000000001,2633.7277666666664,3.289615,56.625666666666675,0.7431166666666669,3.0,接近故障,critical,100.0,最佳状态,normal,2.0,严重泄漏,critical,115.0,轻微降低,degraded,0,稳定,2,临界,3,False,route_maintenance_review,public-derived-cycle-feature-table
384,155.54928999999998,105.1168145,1.665510166666667,2400.8033333333333,6.249458333333334,56.74136666666667,0.6555666666666667,3.0,接近故障,critical,100.0,最佳状态,normal,2.0,严重泄漏,critical,115.0,轻微降低,degraded,0,稳定,2,临界,3,False,route_maintenance_review,public-derived-cycle-feature-table
385,172.83616833333335,123.18305116666667,1.1615674999999999,2619.7363,3.3631583333333332,56.59053333333334,0.72195,3.0,接近故障,critical,100.0,最佳状态,normal,1.0,弱泄漏,degraded,115.0,轻微降低,degraded,1,未稳定,2,临界,3,False,route_maintenance_review,public-derived-cycle-feature-table
386,173.08602,122.59430233333333,1.1413418333333334,2621.4106666666667,3.3128266666666666,56.672066666666666,0.7489833333333336,3.0,接近故障,critical,73.0,接近故障,critical,1.0,弱泄漏,degraded,115.0,轻微降低,degraded,0,稳定,2,临界,4,False,route_maintenance_review,public-derived-cycle-feature-table
387,173.10563666666667,122.62498716666668,1.1443925000000001,2625.0974333333334,3.2890566666666667,56.691500000000005,0.7420666666666667,3.0,接近故障,critical,73.0,接近故障,critical,1.0,弱泄漏,degraded,115.0,轻微降低,degraded,0,稳定,2,临界,4,False,route_maintenance_review,public-derived-cycle-feature-table
388,156.01130666666666,104.73638916666665,1.683497,2392.649233333333,6.314885,56.781183333333345,0.6590500000000001,3.0,接近故障,critical,73.0,接近故障,critical,1.0,弱泄漏,degraded,115.0,轻微降低,degraded,0,稳定,2,临界,4,False,route_maintenance_review,public-derived-cycle-feature-table
389,180.70272999999997,130.63199466666666,0.898734,2722.5409,2.081348333333333,56.64141666666667,0.7390833333333334,3.0,接近故障,critical,73.0,接近故障,critical,1.0,弱泄漏,degraded,115.0,轻微降低,degraded,0,稳定,2,临界,4,False,route_maintenance_review,public-derived-cycle-feature-table
390,156.73675333333333,104.93581833333334,1.6663483333333333,2404.317433333333,6.326385,56.76253333333333,0.6826666666666666,3.0,接近故障,critical,73.0,接近故障,critical,1.0,弱泄漏,degraded,115.0,轻微降低,degraded,0,稳定,2,临界,4,False,route_maintenance_review,public-derived-cycle-feature-table
391,173.16045499999998,122.66351599999999,1.1209678333333333,2623.3087333333333,3.287333333333333,56.5825,0.7218,3.0,接近故障,critical,73.0,接近故障,critical,1.0,弱泄漏,degraded,115.0,轻微降低,degraded,0,稳定,2,临界,4,False,route_maintenance_review,public-derived-cycle-feature-table
392,173.10285,122.56793016666667,1.1196426666666666,2621.9885666666664,3.28484,56.68243333333333,0.7358999999999999,3.0,接近故障,critical,73.0,接近故障,critical,1.0,弱泄漏,degraded,115.0,轻微降低,degraded,0,稳定,2,临界,4,False,route_maintenance_review,public-derived-cycle-feature-table
393,173.077005,122.550677,1.1207776666666665,2622.1855,3.300561666666667,56.72675,0.7418999999999998,3.0,接近故障,critical,73.0,接近故障,critical,1.0,弱泄漏,degraded,115.0,轻微降低,degraded,0,稳定,2,临界,4,False,route_maintenance_review,public-derived-cycle-feature-table
394,156.028855,104.67247966666667,1.6623173333333334,2393.857433333333,6.323961666666667,56.85433333333333,0.6556666666666667,3.0,接近故障,critical,73.0,接近故障,critical,1.0,弱泄漏,degraded,115.0,轻微降低,degraded,0,稳定,2,临界,4,False,route_maintenance_review,public-derived-cycle-feature-table
395,173.090295,122.60277383333332,1.1319961666666667,2623.389466666667,3.2985700000000002,56.669183333333336,0.7247,3.0,接近故障,critical,73.0,接近故障,critical,1.0,弱泄漏,degraded,115.0,轻微降低,degraded,0,稳定,2,临界,4,False,route_maintenance_review,public-derived-cycle-feature-table
396,180.62794499999998,130.86578433333332,0.8838516666666668,2721.9321,2.078838333333333,56.724416666666656,0.7561166666666667,3.0,接近故障,critical,80.0,严重滞后,critical,1.0,弱泄漏,degraded,115.0,轻微降低,degraded,0,稳定,2,临界,4,False,route_maintenance_review,public-derived-cycle-feature-table
397,156.57108166666666,105.136827,1.7016428333333333,2403.3003999999996,6.345318333333333,56.77963333333333,0.69675,3.0,接近故障,critical,80.0,严重滞后,critical,1.0,弱泄漏,degraded,115.0,轻微降低,degraded,0,稳定,2,临界,4,False,route_maintenance_review,public-derived-cycle-feature-table
398,156.2174466666667,105.24459933333331,1.6861755,2396.1548,6.350508333333333,56.68,0.6364833333333334,3.0,接近故障,critical,80.0,严重滞后,critical,1.0,弱泄漏,degraded,115.0,轻微降低,degraded,0,稳定,2,临界,4,False,route_maintenance_review,public-derived-cycle-feature-table
399,173.12971166666668,122.99791200000001,1.1510675000000001,2623.9870666666666,3.3214733333333335,56.56253333333334,0.7210666666666667,3.0,接近故障,critical,80.0,严重滞后,critical,1.0,弱泄漏,degraded,115.0,轻微降低,degraded,0,稳定,2,临界,4,False,route_maintenance_review,public-derived-cycle-feature-table
400,173.03459833333332,122.91269433333333,1.1398501666666665,2621.5484666666666,3.3240266666666667,56.68455000000001,0.7322999999999998,3.0,接近故障,critical,80.0,严重滞后,critical,1.0,弱泄漏,degraded,115.0,轻微降低,degraded,0,稳定,2,临界,4,False,route_maintenance_review,public-derived-cycle-feature-table
401,172.95189499999998,122.79191966666666,1.1357760000000001,2619.7994999999996,3.3311016666666666,56.684666666666665,0.7367666666666666,3.0,接近故障,critical,80.0,严重滞后,critical,1.0,弱泄漏,degraded,115.0,轻微降低,degraded,0,稳定,2,临界,4,False,route_maintenance_review,public-derived-cycle-feature-table
402,172.94024833333333,122.79715566666667,1.1444208333333332,2619.0741666666668,3.32952,56.6908,0.7313499999999998,3.0,接近故障,critical,80.0,严重滞后,critical,1.0,弱泄漏,degraded,115.0,轻微降低,degraded,0,稳定,2,临界,4,False,route_maintenance_review,public-derived-cycle-feature-table
403,172.93248666666665,122.79555483333331,1.1407371666666668,2619.5374666666667,3.3378666666666663,56.70318333333333,0.7413833333333333,3.0,接近故障,critical,80.0,严重滞后,critical,1.0,弱泄漏,degraded,115.0,轻微降低,degraded,0,稳定,2,临界,4,False,route_maintenance_review,public-derived-cycle-feature-table
404,155.84348333333332,104.883156,1.6832228333333332,2389.989133333333,6.352913333333333,56.80331666666667,0.6538833333333334,3.0,接近故障,critical,80.0,严重滞后,critical,1.0,弱泄漏,degraded,115.0,轻微降低,degraded,0,稳定,2,临界,4,False,route_maintenance_review,public-derived-cycle-feature-table
405,172.94852999999998,122.84441733333333,1.139615,2622.0,3.3188116666666665,56.654833333333336,0.7151333333333333,3.0,接近故障,critical,80.0,严重滞后,critical,1.0,弱泄漏,degraded,115.0,轻微降低,degraded,0,稳定,2,临界,4,False,route_maintenance_review,public-derived-cycle-feature-table
406,172.84045833333334,122.96338516666667,1.1432578333333334,2620.7452333333335,3.3452166666666665,56.72316666666667,0.7367833333333333,3.0,接近故障,critical,90.0,轻微滞后,degraded,1.0,弱泄漏,degraded,115.0,轻微降低,degraded,0,稳定,2,临界,4,False,route_maintenance_review,public-derived-cycle-feature-table
407,172.84484833333335,122.98628233333332,1.141055,2620.6446,3.3423466666666664,56.74351666666666,0.7340333333333333,3.0,接近故障,critical,90.0,轻微滞后,degraded,1.0,弱泄漏,degraded,115.0,轻微降低,degraded,0,稳定,2,临界,4,False,route_maintenance_review,public-derived-cycle-feature-table
408,172.85745666666668,122.99375716666668,1.1514988333333334,2621.4357,3.3428716666666665,56.77854999999999,0.7328833333333334,3.0,接近故障,critical,90.0,轻微滞后,degraded,1.0,弱泄漏,degraded,115.0,轻微降低,degraded,0,稳定,2,临界,4,False,route_maintenance_review,public-derived-cycle-feature-table
409,172.83835333333334,123.00237749999998,1.1536395000000002,2621.5131666666666,3.3380383333333334,56.78098333333334,0.7229166666666665,3.0,接近故障,critical,90.0,轻微滞后,degraded,1.0,弱泄漏,degraded,115.0,轻微降低,degraded,0,稳定,2,临界,4,False,route_maintenance_review,public-derived-cycle-feature-table
410,172.85069333333334,122.99936299999999,1.1462046666666668,2621.0997666666667,3.3409883333333337,56.82525,0.7307833333333333,3.0,接近故障,critical,90.0,轻微滞后,degraded,1.0,弱泄漏,degraded,115.0,轻微降低,degraded,0,稳定,2,临界,4,False,route_maintenance_review,public-derived-cycle-feature-table
411,172.83901,122.95925333333334,1.1482020000000002,2621.1359333333335,3.3373150000000003,56.872033333333334,0.7271333333333333,3.0,接近故障,critical,90.0,轻微滞后,degraded,1.0,弱泄漏,degraded,115.0,轻微降低,degraded,0,稳定,2,临界,4,False,route_maintenance_review,public-derived-cycle-feature-table
412,172.83768666666666,122.96972983333333,1.1508361666666667,2619.247033333333,3.3483599999999996,56.88285,0.7281833333333334,3.0,接近故障,critical,90.0,轻微滞后,degraded,1.0,弱泄漏,degraded,115.0,轻微降低,degraded,0,稳定,2,临界,4,False,route_maintenance_review,public-derived-cycle-feature-table
413,172.84478833333333,122.95943249999999,1.149192,2619.0892,3.3430633333333333,56.92115,0.7383000000000001,3.0,接近故障,critical,90.0,轻微滞后,degraded,1.0,弱泄漏,degraded,115.0,轻微降低,degraded,0,稳定,2,临界,4,False,route_maintenance_review,public-derived-cycle-feature-table
414,155.70490166666664,105.00332483333334,1.6837463333333336,2387.0411999999997,6.365336666666667,57.02746666666667,0.6484666666666666,3.0,接近故障,critical,90.0,轻微滞后,degraded,1.0,弱泄漏,degraded,115.0,轻微降低,degraded,0,稳定,2,临界,4,False,route_maintenance_review,public-derived-cycle-feature-table
415,172.83136499999998,122.96815016666666,1.1477271666666666,2617.3187666666663,3.3475800000000002,56.85885,0.71245,3.0,接近故障,critical,90.0,轻微滞后,degraded,1.0,弱泄漏,degraded,115.0,轻微降低,degraded,0,稳定,2,临界,4,False,route_maintenance_review,public-derived-cycle-feature-table
416,172.777095,123.08941266666668,1.1428078333333334,2617.9619666666663,3.34907,56.94048333333333,0.7231833333333332,3.0,接近故障,critical,100.0,最佳状态,normal,1.0,弱泄漏,degraded,115.0,轻微降低,degraded,0,稳定,2,临界,3,False,route_maintenance_review,public-derived-cycle-feature-table
417,172.77517666666668,123.09438583333332,1.147069,2617.6684666666665,3.34108,56.97261666666666,0.7282166666666666,3.0,接近故障,critical,100.0,最佳状态,normal,1.0,弱泄漏,degraded,115.0,轻微降低,degraded,0,稳定,2,临界,3,False,route_maintenance_review,public-derived-cycle-feature-table
418,155.64172833333333,105.16157983333335,1.6825271666666668,2387.9860666666664,6.35541,57.06876666666666,0.6527499999999998,3.0,接近故障,critical,100.0,最佳状态,normal,1.0,弱泄漏,degraded,115.0,轻微降低,degraded,0,稳定,2,临界,3,False,route_maintenance_review,public-derived-cycle-feature-table
419,172.81577833333333,123.16934649999999,1.1445996666666667,2620.2184333333335,3.341858333333333,56.89821666666667,0.7147333333333332,3.0,接近故障,critical,100.0,最佳状态,normal,1.0,弱泄漏,degraded,115.0,轻微降低,degraded,0,稳定,2,临界,3,False,route_maintenance_review,public-derived-cycle-feature-table
420,166.60008,116.64491416666668,1.3361811666666665,2534.0600999999997,4.355474999999999,56.96601666666667,0.6974166666666667,3.0,接近故障,critical,100.0,最佳状态,normal,1.0,弱泄漏,degraded,115.0,轻微降低,degraded,0,稳定,2,临界,3,False,route_maintenance_review,public-derived-cycle-feature-table
421,155.622175,105.12260133333334,1.6885603333333334,2386.9111,6.36251,57.009350000000005,0.6436666666666667,3.0,接近故障,critical,100.0,最佳状态,normal,1.0,弱泄漏,degraded,115.0,轻微降低,degraded,0,稳定,2,临界,3,False,route_maintenance_review,public-derived-cycle-feature-table
422,172.826125,123.13868933333332,1.1592176666666667,2619.2288666666664,3.345255,56.78871666666666,0.7124,3.0,接近故障,critical,100.0,最佳状态,normal,1.0,弱泄漏,degraded,115.0,轻微降低,degraded,0,稳定,2,临界,3,False,route_maintenance_review,public-derived-cycle-feature-table
423,172.81744166666664,123.11931616666669,1.1444483333333335,2617.4415,3.3246816666666668,56.87461666666666,0.7287166666666668,3.0,接近故障,critical,100.0,最佳状态,normal,1.0,弱泄漏,degraded,115.0,轻微降低,degraded,0,稳定,2,临界,3,False,route_maintenance_review,public-derived-cycle-feature-table
424,172.88960666666668,123.21440949999999,1.1407548333333335,2618.514,3.3205866666666664,56.91101666666666,0.7191000000000002,3.0,接近故障,critical,100.0,最佳状态,normal,1.0,弱泄漏,degraded,115.0,轻微降低,degraded,0,稳定,2,临界,3,False,route_maintenance_review,public-derived-cycle-feature-table
425,172.80559666666664,123.11079749999999,1.1476113333333335,2616.542033333333,3.334391666666667,56.92633333333334,0.7171333333333333,3.0,接近故障,critical,100.0,最佳状态,normal,1.0,弱泄漏,degraded,115.0,轻微降低,degraded,0,稳定,2,临界,3,False,route_maintenance_review,public-derived-cycle-feature-table
426,156.07968,105.441032,1.7598096666666667,2378.414,6.58409,57.069316666666666,0.7249166666666669,3.0,接近故障,critical,100.0,最佳状态,normal,0.0,无泄漏,normal,115.0,轻微降低,degraded,1,未稳定,2,临界,2,False,route_maintenance_review,public-derived-cycle-feature-table
427,156.39057666666665,104.93987866666667,1.7385036666666664,2382.5953666666665,6.523076666666666,56.973400000000005,0.6964500000000001,3.0,接近故障,critical,73.0,接近故障,critical,0.0,无泄漏,normal,115.0,轻微降低,degraded,0,稳定,2,临界,3,False,route_maintenance_review,public-derived-cycle-feature-table
428,156.417975,104.9608925,1.736859333333333,2382.6309666666666,6.540751666666667,56.942949999999996,0.6643333333333334,3.0,接近故障,critical,73.0,接近故障,critical,0.0,无泄漏,normal,115.0,轻微降低,degraded,0,稳定,2,临界,3,False,route_maintenance_review,public-derived-cycle-feature-table
429,156.41114833333333,104.9554215,1.7484866666666667,2383.7989333333335,6.545349999999999,56.93146666666667,0.6689166666666667,3.0,接近故障,critical,73.0,接近故障,critical,0.0,无泄漏,normal,115.0,轻微降低,degraded,0,稳定,2,临界,3,False,route_maintenance_review,public-derived-cycle-feature-table
430,156.42573833333333,104.9424465,1.7369806666666667,2384.455633333333,6.538973333333334,56.87919999999998,0.6786666666666668,3.0,接近故障,critical,73.0,接近故障,critical,0.0,无泄漏,normal,115.0,轻微降低,degraded,0,稳定,2,临界,3,False,route_maintenance_review,public-derived-cycle-feature-table
431,156.39754666666667,104.94224183333333,1.7374965000000002,2385.9097666666667,6.543623333333333,56.83006666666666,0.6785333333333333,3.0,接近故障,critical,73.0,接近故障,critical,0.0,无泄漏,normal,115.0,轻微降低,degraded,0,稳定,2,临界,3,False,route_maintenance_review,public-derived-cycle-feature-table
432,156.45371500000002,105.01811383333333,1.7316905,2388.6258999999995,6.541056666666667,56.80526666666667,0.6696500000000002,3.0,接近故障,critical,73.0,接近故障,critical,0.0,无泄漏,normal,115.0,轻微降低,degraded,0,稳定,2,临界,3,False,route_maintenance_review,public-derived-cycle-feature-table
433,156.41171333333332,104.93740700000001,1.7290278333333335,2388.0746999999997,6.538824999999999,56.73035000000001,0.6628000000000002,3.0,接近故障,critical,73.0,接近故障,critical,0.0,无泄漏,normal,115.0,轻微降低,degraded,0,稳定,2,临界,3,False,route_maintenance_review,public-derived-cycle-feature-table
434,156.43158833333334,104.96197183333334,1.7382326666666668,2389.9023333333334,6.547668333333333,56.67393333333334,0.6765166666666667,3.0,接近故障,critical,73.0,接近故障,critical,0.0,无泄漏,normal,115.0,轻微降低,degraded,0,稳定,2,临界,3,False,route_maintenance_review,public-derived-cycle-feature-table
435,156.47770166666666,105.019799,1.7392814999999997,2387.0941666666668,6.546130000000001,56.640116666666664,0.6746166666666669,3.0,接近故障,critical,73.0,接近故障,critical,0.0,无泄漏,normal,115.0,轻微降低,degraded,0,稳定,2,临界,3,False,route_maintenance_review,public-derived-cycle-feature-table
436,156.47086000000002,104.9881165,1.7518923333333332,2386.1888999999996,6.548941666666666,56.58203333333333,0.6649333333333335,3.0,接近故障,critical,73.0,接近故障,critical,0.0,无泄漏,normal,115.0,轻微降低,degraded,0,稳定,2,临界,3,False,route_maintenance_review,public-derived-cycle-feature-table
437,156.38835833333334,105.280144,1.745585666666667,2385.8530333333333,6.578026666666667,56.555,0.6532000000000001,3.0,接近故障,critical,80.0,严重滞后,critical,0.0,无泄漏,normal,115.0,轻微降低,degraded,0,稳定,2,临界,3,False,route_maintenance_review,public-derived-cycle-feature-table
438,156.36827333333335,105.24354549999998,1.750232,2386.897233333333,6.562949999999999,56.521699999999996,0.6569666666666667,3.0,接近故障,critical,80.0,严重滞后,critical,0.0,无泄漏,normal,115.0,轻微降低,degraded,0,稳定,2,临界,3,False,route_maintenance_review,public-derived-cycle-feature-table
439,156.40334000000001,105.2638615,1.7542191666666664,2387.0338666666667,6.576195,56.45256666666666,0.6585166666666668,3.0,接近故障,critical,80.0,严重滞后,critical,0.0,无泄漏,normal,115.0,轻微降低,degraded,0,稳定,2,临界,3,False,route_maintenance_review,public-derived-cycle-feature-table
440,156.38964166666668,105.25707966666667,1.7558941666666665,2385.7582666666667,6.573803333333333,56.442166666666665,0.6703166666666667,3.0,接近故障,critical,80.0,严重滞后,critical,0.0,无泄漏,normal,115.0,轻微降低,degraded,0,稳定,2,临界,3,False,route_maintenance_review,public-derived-cycle-feature-table
441,156.42373999999998,105.2971345,1.7501140000000002,2388.122633333333,6.578541666666666,56.42536666666667,0.65195,3.0,接近故障,critical,80.0,严重滞后,critical,0.0,无泄漏,normal,115.0,轻微降低,degraded,0,稳定,2,临界,3,False,route_maintenance_review,public-derived-cycle-feature-table
442,156.44085833333332,105.28194300000001,1.7521415000000002,2387.9448,6.57943,56.371133333333326,0.6654999999999999,3.0,接近故障,critical,80.0,严重滞后,critical,0.0,无泄漏,normal,115.0,轻微降低,degraded,0,稳定,2,临界,3,False,route_maintenance_review,public-derived-cycle-feature-table
443,156.38557833333334,105.24583166666666,1.7444331666666666,2387.5987333333333,6.5836,56.35584999999999,0.65475,3.0,接近故障,critical,80.0,严重滞后,critical,0.0,无泄漏,normal,115.0,轻微降低,degraded,0,稳定,2,临界,3,False,route_maintenance_review,public-derived-cycle-feature-table
444,156.42699666666667,105.2591345,1.7342768333333334,2387.519333333333,6.576709999999999,56.291416666666656,0.6578999999999999,3.0,接近故障,critical,80.0,严重滞后,critical,0.0,无泄漏,normal,115.0,轻微降低,degraded,0,稳定,2,临界,3,False,route_maintenance_review,public-derived-cycle-feature-table
445,156.39666166666666,105.23950983333333,1.7446001666666668,2388.9234333333334,6.584843333333334,56.300399999999996,0.6540666666666667,3.0,接近故障,critical,80.0,严重滞后,critical,0.0,无泄漏,normal,115.0,轻微降低,degraded,0,稳定,2,临界,3,False,route_maintenance_review,public-derived-cycle-feature-table
446,156.39948833333335,105.23344183333333,1.7440126666666669,2387.8633666666665,6.573781666666667,56.25755000000001,0.6483,3.0,接近故障,critical,80.0,严重滞后,critical,0.0,无泄漏,normal,115.0,轻微降低,degraded,0,稳定,2,临界,3,False,route_maintenance_review,public-derived-cycle-feature-table
447,156.29738833333334,105.43008033333332,1.7595831666666666,2387.7845999999995,6.595374999999999,56.25561666666667,0.63415,3.0,接近故障,critical,90.0,轻微滞后,degraded,0.0,无泄漏,normal,115.0,轻微降低,degraded,0,稳定,2,临界,3,False,route_maintenance_review,public-derived-cycle-feature-table
448,156.31208166666667,105.458916,1.7559328333333333,2386.087,6.596611666666666,56.21871666666667,0.6417333333333334,3.0,接近故障,critical,90.0,轻微滞后,degraded,0.0,无泄漏,normal,115.0,轻微降低,degraded,0,稳定,2,临界,3,False,route_maintenance_review,public-derived-cycle-feature-table
449,156.335675,105.4725135,1.7504471666666668,2386.6204666666663,6.597668333333333,56.17903333333334,0.6388833333333334,3.0,接近故障,critical,90.0,轻微滞后,degraded,0.0,无泄漏,normal,115.0,轻微降低,degraded,0,稳定,2,临界,3,False,route_maintenance_review,public-derived-cycle-feature-table
450,156.34555666666668,105.48271283333334,1.746753,2386.1454,6.598406666666667,56.18555,0.6501000000000001,3.0,接近故障,critical,90.0,轻微滞后,degraded,0.0,无泄漏,normal,115.0,轻微降低,degraded,0,稳定,2,临界,3,False,route_maintenance_review,public-derived-cycle-feature-table
451,156.38476666666668,105.50445166666665,1.7445655,2386.623633333333,6.589956666666667,56.19301666666666,0.6412833333333334,3.0,接近故障,critical,90.0,轻微滞后,degraded,0.0,无泄漏,normal,115.0,轻微降低,degraded,0,稳定,2,临界,3,False,route_maintenance_review,public-derived-cycle-feature-table
452,156.35047166666666,105.495934,1.7398606666666667,2386.3135999999995,6.59262,56.179433333333336,0.6517833333333335,3.0,接近故障,critical,90.0,轻微滞后,degraded,0.0,无泄漏,normal,115.0,轻微降低,degraded,0,稳定,2,临界,3,False,route_maintenance_review,public-derived-cycle-feature-table
453,156.38861333333332,105.52171283333334,1.7348314999999999,2387.7463000000002,6.591398333333333,56.13513333333334,0.6350999999999998,3.0,接近故障,critical,90.0,轻微滞后,degraded,0.0,无泄漏,normal,115.0,轻微降低,degraded,0,稳定,2,临界,3,False,route_maintenance_review,public-derived-cycle-feature-table
454,156.37355999999997,105.51753250000002,1.7471869999999998,2388.3983999999996,6.589413333333334,56.10743333333334,0.6354000000000001,3.0,接近故障,critical,90.0,轻微滞后,degraded,0.0,无泄漏,normal,115.0,轻微降低,degraded,0,稳定,2,临界,3,False,route_maintenance_review,public-derived-cycle-feature-table
455,156.38626333333335,105.51458,1.7525556666666664,2389.029433333333,6.587771666666666,56.115366666666674,0.6354166666666666,3.0,接近故障,critical,90.0,轻微滞后,degraded,0.0,无泄漏,normal,115.0,轻微降低,degraded,0,稳定,2,临界,3,False,route_maintenance_review,public-derived-cycle-feature-table
456,156.38446833333333,105.50868233333334,1.7462351666666667,2387.0913666666665,6.590373333333334,56.10226666666667,0.6276833333333335,3.0,接近故障,critical,90.0,轻微滞后,degraded,0.0,无泄漏,normal,115.0,轻微降低,degraded,0,稳定,2,临界,3,False,route_maintenance_review,public-derived-cycle-feature-table
457,156.341285,105.65953583333335,1.753218,2387.6071666666667,6.5925166666666675,56.0751,0.6458166666666667,3.0,接近故障,critical,100.0,最佳状态,normal,0.0,无泄漏,normal,115.0,轻微降低,degraded,0,稳定,2,临界,2,False,route_maintenance_review,public-derived-cycle-feature-table
458,156.33617833333332,105.66384866666665,1.7559458333333333,2387.738,6.600668333333333,56.08721666666667,0.6332666666666665,3.0,接近故障,critical,100.0,最佳状态,normal,0.0,无泄漏,normal,115.0,轻微降低,degraded,0,稳定,2,临界,2,False,route_maintenance_review,public-derived-cycle-feature-table
459,156.35635333333335,105.69661749999999,1.7578985,2389.4982,6.599221666666668,56.04828333333334,0.6448499999999999,3.0,接近故障,critical,100.0,最佳状态,normal,0.0,无泄漏,normal,115.0,轻微降低,degraded,0,稳定,2,临界,2,False,route_maintenance_review,public-derived-cycle-feature-table
460,156.35376000000002,105.6888805,1.7529786666666665,2389.8951666666667,6.601851666666668,56.05953333333334,0.6369666666666667,3.0,接近故障,critical,100.0,最佳状态,normal,0.0,无泄漏,normal,115.0,轻微降低,degraded,0,稳定,2,临界,2,False,route_maintenance_review,public-derived-cycle-feature-table
461,156.33628833333333,105.6693575,1.7520883333333335,2390.8298,6.593751666666667,56.06386666666667,0.6432000000000001,3.0,接近故障,critical,100.0,最佳状态,normal,0.0,无泄漏,normal,115.0,轻微降低,degraded,0,稳定,2,临界,2,False,route_maintenance_review,public-derived-cycle-feature-table
462,156.35541166666667,105.69364983333332,1.7661585000000002,2390.8684,6.594270000000001,56.048783333333326,0.6352166666666667,3.0,接近故障,critical,100.0,最佳状态,normal,0.0,无泄漏,normal,115.0,轻微降低,degraded,0,稳定,2,临界,2,False,route_maintenance_review,public-derived-cycle-feature-table
463,156.38125666666664,105.70995433333334,1.7650336666666668,2391.1385333333333,6.5995066666666675,56.02456666666667,0.6307833333333334,3.0,接近故障,critical,100.0,最佳状态,normal,0.0,无泄漏,normal,115.0,轻微降低,degraded,0,稳定,2,临界,2,False,route_maintenance_review,public-derived-cycle-feature-table
464,180.92270833333333,131.58908933333333,0.907908,2716.9451999999997,2.133271666666667,55.985616666666665,0.7334333333333333,3.0,接近故障,critical,100.0,最佳状态,normal,0.0,无泄漏,normal,115.0,轻微降低,degraded,0,稳定,2,临界,2,False,route_maintenance_review,public-derived-cycle-feature-table
465,156.87037333333333,105.80507300000001,1.7569279999999998,2401.2923,6.597925,56.16320000000001,0.7543833333333333,3.0,接近故障,critical,100.0,最佳状态,normal,0.0,无泄漏,normal,115.0,轻微降低,degraded,0,稳定,2,临界,2,False,route_maintenance_review,public-derived-cycle-feature-table
466,156.548145,105.86993933333335,1.7494658333333333,2395.426966666667,6.594153333333334,56.12465,0.6520166666666668,3.0,接近故障,critical,100.0,最佳状态,normal,0.0,无泄漏,normal,115.0,轻微降低,degraded,0,稳定,2,临界,2,False,route_maintenance_review,public-derived-cycle-feature-table
467,156.47851333333335,105.84005966666666,1.7491558333333335,2394.9815,6.586473333333333,56.03953333333334,0.66165,3.0,接近故障,critical,100.0,最佳状态,normal,0.0,无泄漏,normal,100.0,严重降低,critical,1,未稳定,2,临界,2,False,route_maintenance_review,public-derived-cycle-feature-table
468,156.56746,105.86851050000001,1.7514420000000004,2395.4236666666666,6.581974999999999,56.081849999999996,0.6491000000000001,3.0,接近故障,critical,100.0,最佳状态,normal,0.0,无泄漏,normal,100.0,严重降低,critical,1,未稳定,2,临界,2,False,route_maintenance_review,public-derived-cycle-feature-table
469,156.55212166666666,105.86424399999999,1.7424178333333336,2392.2572666666665,6.567538333333333,56.07381666666667,0.6459500000000001,3.0,接近故障,critical,100.0,最佳状态,normal,0.0,无泄漏,normal,100.0,严重降低,critical,1,未稳定,2,临界,2,False,route_maintenance_review,public-derived-cycle-feature-table
470,173.45069833333332,123.65457166666666,1.1608008333333333,2617.6969666666664,3.3973766666666667,55.997233333333334,0.7282,3.0,接近故障,critical,100.0,最佳状态,normal,0.0,无泄漏,normal,100.0,严重降低,critical,1,未稳定,2,临界,2,False,route_maintenance_review,public-derived-cycle-feature-table
471,156.32742666666667,105.641429,1.7463788333333334,2387.2018333333335,6.5867516666666655,56.23085,0.6634833333333333,3.0,接近故障,critical,100.0,最佳状态,normal,0.0,无泄漏,normal,100.0,严重降低,critical,1,未稳定,2,临界,2,False,route_maintenance_review,public-derived-cycle-feature-table
472,156.30664000000002,105.63836966666666,1.7551626666666664,2387.057733333333,6.574545,56.162,0.6369333333333332,3.0,接近故障,critical,100.0,最佳状态,normal,0.0,无泄漏,normal,100.0,严重降低,critical,1,未稳定,2,临界,2,False,route_maintenance_review,public-derived-cycle-feature-table
473,156.29750666666666,105.64091483333334,1.7419390000000003,2387.0367666666666,6.574008333333333,56.154183333333336,0.64495,3.0,接近故障,critical,100.0,最佳状态,normal,0.0,无泄漏,normal,100.0,严重降低,critical,1,未稳定,2,临界,2,False,route_maintenance_review,public-derived-cycle-feature-table
474,156.3458916666667,105.67550716666668,1.7386396666666666,2388.152633333333,6.576273333333332,56.1111,0.6388833333333334,3.0,接近故障,critical,100.0,最佳状态,normal,0.0,无泄漏,normal,100.0,严重降低,critical,1,未稳定,2,临界,2,False,route_maintenance_review,public-derived-cycle-feature-table
475,156.30350666666666,105.63501766666666,1.7371178333333335,2387.5508333333332,6.574396666666667,56.08606666666667,0.6265166666666668,3.0,接近故障,critical,100.0,最佳状态,normal,0.0,无泄漏,normal,100.0,严重降低,critical,1,未稳定,2,临界,2,False,route_maintenance_review,public-derived-cycle-feature-table
476,156.31261999999998,105.6190895,1.7373316666666663,2388.5438666666664,6.576031666666668,56.07926666666666,0.6229666666666667,3.0,接近故障,critical,100.0,最佳状态,normal,0.0,无泄漏,normal,100.0,严重降低,critical,1,未稳定,2,临界,2,False,route_maintenance_review,public-derived-cycle-feature-table
477,172.89851166666668,123.2029185,1.1209274999999999,2643.527,3.2805649999999997,55.98206666666667,0.7137999999999999,3.0,接近故障,critical,100.0,最佳状态,normal,2.0,严重泄漏,critical,100.0,严重降低,critical,1,未稳定,2,临界,3,False,route_maintenance_review,public-derived-cycle-feature-table
478,173.06780666666666,122.58808333333333,1.1088766666666667,2643.4023,3.238501666666667,55.970150000000004,0.7332833333333333,3.0,接近故障,critical,73.0,接近故障,critical,2.0,严重泄漏,critical,100.0,严重降低,critical,0,稳定,2,临界,4,False,route_maintenance_review,public-derived-cycle-feature-table
479,173.07807,122.59188366666665,1.1157890000000001,2641.6895666666665,3.2530616666666665,55.98530000000001,0.7388333333333333,3.0,接近故障,critical,73.0,接近故障,critical,2.0,严重泄漏,critical,100.0,严重降低,critical,0,稳定,2,临界,4,False,route_maintenance_review,public-derived-cycle-feature-table
480,173.06119999999999,122.6141475,1.1114485,2641.5434666666665,3.23404,55.974566666666675,0.7382166666666665,3.0,接近故障,critical,73.0,接近故障,critical,2.0,严重泄漏,critical,100.0,严重降低,critical,0,稳定,2,临界,4,False,route_maintenance_review,public-derived-cycle-feature-table
481,173.03970666666666,122.584362,1.1049263333333335,2640.9174000000003,3.2421216666666663,56.00586666666666,0.7457666666666666,3.0,接近故障,critical,73.0,接近故障,critical,2.0,严重泄漏,critical,100.0,严重降低,critical,0,稳定,2,临界,4,False,route_maintenance_review,public-derived-cycle-feature-table
482,173.02539000000002,122.60630466666666,1.1067731666666667,2641.394433333333,3.231225,56.03416666666667,0.7414166666666666,3.0,接近故障,critical,73.0,接近故障,critical,2.0,严重泄漏,critical,100.0,严重降低,critical,0,稳定,2,临界,4,False,route_maintenance_review,public-derived-cycle-feature-table
483,173.00561833333333,122.5574575,1.1019456666666667,2640.4734666666664,3.2327950000000003,56.08661666666667,0.7327333333333335,3.0,接近故障,critical,73.0,接近故障,critical,2.0,严重泄漏,critical,100.0,严重降低,critical,0,稳定,2,临界,4,False,route_maintenance_review,public-derived-cycle-feature-table
484,180.70461333333333,130.5959905,0.8574901666666667,2740.640999999999,2.018571666666667,56.168183333333324,0.7573333333333333,3.0,接近故障,critical,73.0,接近故障,critical,2.0,严重泄漏,critical,100.0,严重降低,critical,0,稳定,2,临界,4,False,route_maintenance_review,public-derived-cycle-feature-table
485,173.44945666666666,122.53707166666668,1.0701025,2646.8399666666664,3.23672,56.1767,0.7804000000000001,3.0,接近故障,critical,73.0,接近故障,critical,2.0,严重泄漏,critical,100.0,严重降低,critical,0,稳定,2,临界,4,False,route_maintenance_review,public-derived-cycle-feature-table
486,172.98980166666666,122.5826065,1.0748624999999998,2635.5107,3.241715,56.26983333333333,0.7384166666666666,3.0,接近故障,critical,73.0,接近故障,critical,2.0,严重泄漏,critical,100.0,严重降低,critical,0,稳定,2,临界,4,False,route_maintenance_review,public-derived-cycle-feature-table
487,172.89851000000002,122.50418933333333,1.0703683333333334,2633.891266666666,3.2343283333333335,56.35716666666667,0.7312833333333333,3.0,接近故障,critical,73.0,接近故障,critical,2.0,严重泄漏,critical,100.0,严重降低,critical,0,稳定,2,临界,4,False,route_maintenance_review,public-derived-cycle-feature-table
488,172.77909499999998,122.68057616666668,1.0802288333333332,2633.6841999999997,3.26991,56.45113333333333,0.7332666666666668,3.0,接近故障,critical,80.0,严重滞后,critical,2.0,严重泄漏,critical,100.0,严重降低,critical,0,稳定,2,临界,4,False,route_maintenance_review,public-derived-cycle-feature-table
489,172.76586333333333,122.66590166666666,1.0685086666666666,2633.740766666667,3.2671266666666665,56.51791666666667,0.7292166666666666,3.0,接近故障,critical,80.0,严重滞后,critical,2.0,严重泄漏,critical,100.0,严重降低,critical,0,稳定,2,临界,4,False,route_maintenance_review,public-derived-cycle-feature-table
490,172.76568,122.64815183333333,1.0772135,2633.999333333333,3.2754333333333334,56.573233333333334,0.7351666666666666,3.0,接近故障,critical,80.0,严重滞后,critical,2.0,严重泄漏,critical,100.0,严重降低,critical,0,稳定,2,临界,4,False,route_maintenance_review,public-derived-cycle-feature-table
491,172.769675,122.65735966666665,1.0823271666666667,2634.537533333333,3.2762366666666667,56.6607,0.7265,3.0,接近故障,critical,80.0,严重滞后,critical,2.0,严重泄漏,critical,100.0,严重降低,critical,0,稳定,2,临界,4,False,route_maintenance_review,public-derived-cycle-feature-table
492,172.78612666666666,122.65490716666666,1.0700595,2634.8617,3.2712383333333332,56.71115000000001,0.7257833333333334,3.0,接近故障,critical,80.0,严重滞后,critical,2.0,严重泄漏,critical,100.0,严重降低,critical,0,稳定,2,临界,4,False,route_maintenance_review,public-derived-cycle-feature-table
493,172.77978833333333,122.63807233333334,1.0736113333333333,2633.5490999999997,3.2716183333333335,56.76323333333334,0.7267499999999999,3.0,接近故障,critical,80.0,严重滞后,critical,2.0,严重泄漏,critical,100.0,严重降低,critical,0,稳定,2,临界,4,False,route_maintenance_review,public-derived-cycle-feature-table
494,172.80057333333335,122.66270866666666,1.0735225,2633.7169,3.26359,56.82856666666667,0.7149166666666666,3.0,接近故障,critical,80.0,严重滞后,critical,2.0,严重泄漏,critical,100.0,严重降低,critical,0,稳定,2,临界,4,False,route_maintenance_review,public-derived-cycle-feature-table
495,172.78489000000002,122.6617,1.0713149999999998,2634.841266666667,3.2710116666666664,56.8713,0.7303999999999999,3.0,接近故障,critical,80.0,严重滞后,critical,2.0,严重泄漏,critical,100.0,严重降低,critical,0,稳定,2,临界,4,False,route_maintenance_review,public-derived-cycle-feature-table
496,155.50824333333333,104.58878650000001,1.5942548333333335,2401.762166666667,6.244373333333334,57.05161666666667,0.64635,3.0,接近故障,critical,80.0,严重滞后,critical,2.0,严重泄漏,critical,100.0,严重降低,critical,0,稳定,2,临界,4,False,route_maintenance_review,public-derived-cycle-feature-table
497,172.771715,122.65458616666666,1.0683131666666668,2633.8482333333336,3.2680216666666664,56.92091666666667,0.7102333333333332,3.0,接近故障,critical,80.0,严重滞后,critical,2.0,严重泄漏,critical,100.0,严重降低,critical,0,稳定,2,临界,4,False,route_maintenance_review,public-derived-cycle-feature-table
498,172.6790716666667,122.83640983333333,1.0782230000000002,2632.9822666666664,3.2867466666666667,56.99896666666666,0.7289666666666667,3.0,接近故障,critical,90.0,轻微滞后,degraded,2.0,严重泄漏,critical,100.0,严重降低,critical,0,稳定,2,临界,4,False,route_maintenance_review,public-derived-cycle-feature-table
499,172.72151166666666,122.84159383333333,1.0893256666666666,2633.5172,3.288553333333333,57.03211666666667,0.7266666666666666,3.0,接近故障,critical,90.0,轻微滞后,degraded,2.0,严重泄漏,critical,100.0,严重降低,critical,0,稳定,2,临界,4,False,route_maintenance_review,public-derived-cycle-feature-table
500,180.37834,130.90787183333333,0.8402525,2732.2522999999997,2.083963333333333,57.10823333333333,0.7409833333333334,3.0,接近故障,critical,90.0,轻微滞后,degraded,2.0,严重泄漏,critical,100.0,严重降低,critical,0,稳定,2,临界,4,False,route_maintenance_review,public-derived-cycle-feature-table
501,173.06077499999998,122.83006533333334,1.0756031666666668,2637.4494333333328,3.2793200000000002,57.103200000000015,0.7591999999999999,3.0,接近故障,critical,90.0,轻微滞后,degraded,2.0,严重泄漏,critical,100.0,严重降低,critical,0,稳定,2,临界,4,False,route_maintenance_review,public-derived-cycle-feature-table
502,172.59913333333333,122.801866,1.0790411666666668,2630.0312,3.2891166666666667,57.10863333333332,0.7224166666666666,3.0,接近故障,critical,90.0,轻微滞后,degraded,2.0,严重泄漏,critical,100.0,严重降低,critical,0,稳定,2,临界,4,False,route_maintenance_review,public-derived-cycle-feature-table
503,172.589165,122.80454250000003,1.0814143333333333,2631.2410666666665,3.2805766666666667,57.217683333333326,0.7252,3.0,接近故障,critical,90.0,轻微滞后,degraded,2.0,严重泄漏,critical,100.0,严重降低,critical,0,稳定,2,临界,4,False,route_maintenance_review,public-derived-cycle-feature-table
504,172.61341666666667,122.8273275,1.0740838333333333,2631.2227,3.290403333333334,57.28446666666666,0.7210666666666667,3.0,接近故障,critical,90.0,轻微滞后,degraded,2.0,严重泄漏,critical,100.0,严重降低,critical,0,稳定,2,临界,4,False,route_maintenance_review,public-derived-cycle-feature-table
505,172.60410000000002,122.8080115,1.064577,2629.6759,3.28491,57.31033333333333,0.7206166666666666,3.0,接近故障,critical,90.0,轻微滞后,degraded,2.0,严重泄漏,critical,100.0,严重降低,critical,0,稳定,2,临界,4,False,route_maintenance_review,public-derived-cycle-feature-table
506,172.58757500000002,122.82268716666667,1.0644615,2629.4455999999996,3.2804883333333326,57.32650000000001,0.7235666666666666,3.0,接近故障,critical,90.0,轻微滞后,degraded,2.0,严重泄漏,critical,100.0,严重降低,critical,0,稳定,2,临界,4,False,route_maintenance_review,public-derived-cycle-feature-table
507,172.62067166666668,122.83883833333334,1.0638723333333333,2632.442266666667,3.2933216666666665,57.36148333333335,0.7158333333333335,3.0,接近故障,critical,90.0,轻微滞后,degraded,2.0,严重泄漏,critical,100.0,严重降低,critical,0,稳定,2,临界,4,False,route_maintenance_review,public-derived-cycle-feature-table
508,172.5767,123.00536533333334,1.0682565,2631.954066666666,3.2804933333333333,57.371766666666666,0.7188833333333332,3.0,接近故障,critical,100.0,最佳状态,normal,2.0,严重泄漏,critical,100.0,严重降低,critical,0,稳定,2,临界,3,False,route_maintenance_review,public-derived-cycle-feature-table
509,172.548045,122.95899483333334,1.0658478333333332,2628.8252666666667,3.2843050000000003,57.37858333333334,0.7209166666666668,3.0,接近故障,critical,100.0,最佳状态,normal,2.0,严重泄漏,critical,100.0,严重降低,critical,0,稳定,2,临界,3,False,route_maintenance_review,public-derived-cycle-feature-table
510,172.56007499999998,122.98298549999998,1.0651199999999998,2629.087,3.280883333333333,57.42391666666667,0.7141666666666667,3.0,接近故障,critical,100.0,最佳状态,normal,2.0,严重泄漏,critical,100.0,严重降低,critical,0,稳定,2,临界,3,False,route_maintenance_review,public-derived-cycle-feature-table
511,172.53835,122.93763166666668,1.0689428333333335,2630.7811666666666,3.2822883333333333,57.46615,0.7128333333333331,3.0,接近故障,critical,100.0,最佳状态,normal,2.0,严重泄漏,critical,100.0,严重降低,critical,0,稳定,2,临界,3,False,route_maintenance_review,public-derived-cycle-feature-table
512,172.56637,122.967971,1.0748571666666666,2628.4443,3.2804983333333335,57.474199999999996,0.7147666666666666,3.0,接近故障,critical,100.0,最佳状态,normal,2.0,严重泄漏,critical,100.0,严重降低,critical,0,稳定,2,临界,3,False,route_maintenance_review,public-derived-cycle-feature-table
513,172.51454333333334,122.93928433333333,1.0711908333333333,2626.8905,3.2869499999999996,57.50183333333333,0.7114000000000001,3.0,接近故障,critical,100.0,最佳状态,normal,2.0,严重泄漏,critical,100.0,严重降低,critical,0,稳定,2,临界,3,False,route_maintenance_review,public-derived-cycle-feature-table
514,172.51216333333332,122.92784,1.0759136666666667,2625.5430666666666,3.284515,57.52741666666666,0.7159666666666668,3.0,接近故障,critical,100.0,最佳状态,normal,2.0,严重泄漏,critical,100.0,严重降低,critical,0,稳定,2,临界,3,False,route_maintenance_review,public-derived-cycle-feature-table
515,172.54421,122.94000799999999,1.066039,2625.8299666666667,3.2787416666666664,57.52095,0.7117166666666667,3.0,接近故障,critical,100.0,最佳状态,normal,2.0,严重泄漏,critical,100.0,严重降低,critical,0,稳定,2,临界,3,False,route_maintenance_review,public-derived-cycle-feature-table
516,172.53629333333333,122.9267455,1.0683365,2625.8653999999997,3.2771749999999997,57.54296666666667,0.7091333333333333,3.0,接近故障,critical,100.0,最佳状态,normal,2.0,严重泄漏,critical,100.0,严重降低,critical,0,稳定,2,临界,3,False,route_maintenance_review,public-derived-cycle-feature-table
517,172.51836166666666,122.93069183333334,1.0689778333333333,2628.0746000000004,3.2783933333333333,57.573299999999996,0.7175833333333334,3.0,接近故障,critical,100.0,最佳状态,normal,2.0,严重泄漏,critical,100.0,严重降低,critical,0,稳定,2,临界,3,False,route_maintenance_review,public-derived-cycle-feature-table
518,172.65295,123.01418100000001,1.0885923333333334,2617.5240666666664,3.32391,57.591550000000005,0.7239333333333333,3.0,接近故障,critical,100.0,最佳状态,normal,1.0,弱泄漏,degraded,100.0,严重降低,critical,1,未稳定,2,临界,3,False,route_maintenance_review,public-derived-cycle-feature-table
519,172.935335,122.44999116666668,1.0706968333333333,2614.712233333333,3.288056666666667,57.601866666666666,0.7192500000000001,3.0,接近故障,critical,73.0,接近故障,critical,1.0,弱泄漏,degraded,100.0,严重降低,critical,0,稳定,2,临界,4,False,route_maintenance_review,public-derived-cycle-feature-table
520,172.90658166666665,122.44198416666666,1.0796295,2618.5849333333335,3.2981816666666663,57.62791666666667,0.7193666666666668,3.0,接近故障,critical,73.0,接近故障,critical,1.0,弱泄漏,degraded,100.0,严重降低,critical,0,稳定,2,临界,4,False,route_maintenance_review,public-derived-cycle-feature-table
521,172.921575,122.48475083333331,1.0826673333333334,2621.7070333333336,3.2903233333333333,57.61543333333334,0.7207166666666668,3.0,接近故障,critical,73.0,接近故障,critical,1.0,弱泄漏,degraded,100.0,严重降低,critical,0,稳定,2,临界,4,False,route_maintenance_review,public-derived-cycle-feature-table
522,172.891795,122.46474866666668,1.0835036666666669,2617.0736,3.28767,57.62746666666667,0.7181333333333334,3.0,接近故障,critical,73.0,接近故障,critical,1.0,弱泄漏,degraded,100.0,严重降低,critical,0,稳定,2,临界,4,False,route_maintenance_review,public-derived-cycle-feature-table
523,172.9333,122.49370566666666,1.0845621666666667,2618.041833333333,3.2817933333333333,57.6337,0.7156666666666668,3.0,接近故障,critical,73.0,接近故障,critical,1.0,弱泄漏,degraded,100.0,严重降低,critical,0,稳定,2,临界,4,False,route_maintenance_review,public-derived-cycle-feature-table
524,172.94365666666667,122.47542083333332,1.0779193333333332,2619.9728333333333,3.2966616666666666,57.66568333333333,0.7232166666666667,3.0,接近故障,critical,73.0,接近故障,critical,1.0,弱泄漏,degraded,100.0,严重降低,critical,0,稳定,2,临界,4,False,route_maintenance_review,public-derived-cycle-feature-table
525,172.94117500000002,122.49839300000001,1.0673456666666665,2620.990066666667,3.284865,57.69124999999999,0.7108666666666666,3.0,接近故障,critical,73.0,接近故障,critical,1.0,弱泄漏,degraded,100.0,严重降低,critical,0,稳定,2,临界,4,False,route_maintenance_review,public-derived-cycle-feature-table
526,172.95289833333337,122.47670016666666,1.0828605,2619.2063000000003,3.282755,57.70171666666668,0.7169000000000001,3.0,接近故障,critical,73.0,接近故障,critical,1.0,弱泄漏,degraded,100.0,严重降低,critical,0,稳定,2,临界,4,False,route_maintenance_review,public-derived-cycle-feature-table
527,172.93477166666668,122.44942333333334,1.0808896666666665,2618.8276333333333,3.2825200000000003,57.70433333333333,0.7150000000000001,3.0,接近故障,critical,73.0,接近故障,critical,1.0,弱泄漏,degraded,100.0,严重降低,critical,0,稳定,2,临界,4,False,route_maintenance_review,public-derived-cycle-feature-table
528,155.70115166666668,104.41018949999997,1.6212366666666667,2389.2336666666665,6.317806666666667,57.839733333333335,0.6345000000000002,3.0,接近故障,critical,73.0,接近故障,critical,1.0,弱泄漏,degraded,100.0,严重降低,critical,0,稳定,2,临界,4,False,route_maintenance_review,public-derived-cycle-feature-table
529,172.85071166666668,122.7431275,1.0748116666666667,2621.0824333333335,3.3208633333333335,57.62545,0.6973833333333332,3.0,接近故障,critical,80.0,严重滞后,critical,1.0,弱泄漏,degraded,100.0,严重降低,critical,0,稳定,2,临界,4,False,route_maintenance_review,public-derived-cycle-feature-table
530,155.64057166666666,104.67651500000001,1.6109873333333335,2389.8427,6.346813333333333,57.77330000000001,0.6405500000000001,3.0,接近故障,critical,80.0,严重滞后,critical,1.0,弱泄漏,degraded,100.0,严重降低,critical,0,稳定,2,临界,4,False,route_maintenance_review,public-derived-cycle-feature-table
531,172.87858833333334,122.77413149999998,1.0733463333333333,2624.144233333333,3.3155599999999996,57.583216666666665,0.6997833333333332,3.0,接近故障,critical,80.0,严重滞后,critical,1.0,弱泄漏,degraded,100.0,严重降低,critical,0,稳定,2,临界,4,False,route_maintenance_review,public-derived-cycle-feature-table
532,166.64827333333335,116.23806916666668,1.2610775,2540.059566666667,4.330931666666667,57.63635,0.6883666666666666,3.0,接近故障,critical,80.0,严重滞后,critical,1.0,弱泄漏,degraded,100.0,严重降低,critical,0,稳定,2,临界,4,False,route_maintenance_review,public-derived-cycle-feature-table
533,155.66145166666666,104.73160600000001,1.605289,2389.8913,6.346053333333334,57.6549,0.6283166666666666,3.0,接近故障,critical,80.0,严重滞后,critical,1.0,弱泄漏,degraded,100.0,严重降低,critical,0,稳定,2,临界,4,False,route_maintenance_review,public-derived-cycle-feature-table
534,172.89981666666668,122.78703183333333,1.0695175,2621.450933333333,3.3033066666666664,57.49881666666667,0.7004166666666669,3.0,接近故障,critical,80.0,严重滞后,critical,1.0,弱泄漏,degraded,100.0,严重降低,critical,0,稳定,2,临界,4,False,route_maintenance_review,public-derived-cycle-feature-table
535,172.86337,122.763312,1.0755788333333334,2620.8573333333334,3.3207400000000002,57.50411666666667,0.7141,3.0,接近故障,critical,80.0,严重滞后,critical,1.0,弱泄漏,degraded,100.0,严重降低,critical,0,稳定,2,临界,4,False,route_maintenance_review,public-derived-cycle-feature-table
536,172.874875,122.7374565,1.0771413333333333,2610.3553333333334,3.3026,57.509033333333335,0.7239500000000001,3.0,接近故障,critical,80.0,严重滞后,critical,1.0,弱泄漏,degraded,100.0,严重降低,critical,0,稳定,2,临界,4,False,route_maintenance_review,public-derived-cycle-feature-table
537,172.8593533333333,122.72059283333334,1.0753211666666667,2605.534266666667,3.3293933333333334,57.51288333333333,0.7259833333333333,3.0,接近故障,critical,80.0,严重滞后,critical,1.0,弱泄漏,degraded,100.0,严重降低,critical,0,稳定,2,临界,4,False,route_maintenance_review,public-derived-cycle-feature-table
538,172.87013000000002,122.71847916666667,1.0709013333333335,2602.861233333333,3.3155183333333333,57.50115000000001,0.7316333333333332,3.0,接近故障,critical,80.0,严重滞后,critical,1.0,弱泄漏,degraded,100.0,严重降低,critical,0,稳定,2,临界,4,False,route_maintenance_review,public-derived-cycle-feature-table
539,172.76592,122.91720166666666,1.0768866666666665,2601.5571333333332,3.3293033333333337,57.513533333333335,0.7252166666666667,3.0,接近故障,critical,90.0,轻微滞后,degraded,1.0,弱泄漏,degraded,100.0,严重降低,critical,0,稳定,2,临界,4,False,route_maintenance_review,public-derived-cycle-feature-table
540,172.75288333333333,122.88466466666667,1.0779588333333332,2602.0509333333334,3.3280066666666666,57.5607,0.7284166666666666,3.0,接近故障,critical,90.0,轻微滞后,degraded,1.0,弱泄漏,degraded,100.0,严重降低,critical,0,稳定,2,临界,4,False,route_maintenance_review,public-derived-cycle-feature-table
541,172.759785,122.92505050000001,1.0706633333333333,2602.7138999999997,3.32594,57.55888333333333,0.7282333333333333,3.0,接近故障,critical,90.0,轻微滞后,degraded,1.0,弱泄漏,degraded,100.0,严重降低,critical,0,稳定,2,临界,4,False,route_maintenance_review,public-derived-cycle-feature-table
542,172.76433166666666,122.92134783333334,1.079329,2604.210633333333,3.3291716666666664,57.55515,0.7269333333333333,3.0,接近故障,critical,90.0,轻微滞后,degraded,1.0,弱泄漏,degraded,100.0,严重降低,critical,0,稳定,2,临界,4,False,route_maintenance_review,public-derived-cycle-feature-table
543,172.772605,122.91041349999999,1.0807653333333334,2605.6807999999996,3.3450583333333332,57.59161666666667,0.7261,3.0,接近故障,critical,90.0,轻微滞后,degraded,1.0,弱泄漏,degraded,100.0,严重降低,critical,0,稳定,2,临界,4,False,route_maintenance_review,public-derived-cycle-feature-table
544,172.784225,122.92483366666666,1.0846550000000001,2607.361433333333,3.333893333333333,57.58416666666667,0.7273666666666666,3.0,接近故障,critical,90.0,轻微滞后,degraded,1.0,弱泄漏,degraded,100.0,严重降低,critical,0,稳定,2,临界,4,False,route_maintenance_review,public-derived-cycle-feature-table
545,172.77222500000002,122.92206816666666,1.0796188333333332,2607.4509000000003,3.33366,57.62843333333334,0.7283499999999999,3.0,接近故障,critical,90.0,轻微滞后,degraded,1.0,弱泄漏,degraded,100.0,严重降低,critical,0,稳定,2,临界,4,False,route_maintenance_review,public-derived-cycle-feature-table
546,172.74753333333334,122.91394666666667,1.0844163333333334,2607.1363,3.33633,57.628416666666666,0.7288833333333333,3.0,接近故障,critical,90.0,轻微滞后,degraded,1.0,弱泄漏,degraded,100.0,严重降低,critical,0,稳定,2,临界,4,False,route_maintenance_review,public-derived-cycle-feature-table
547,172.72802333333337,122.87253183333333,1.0891801666666667,2603.9587999999994,3.345055,57.65456666666667,0.7289,3.0,接近故障,critical,90.0,轻微滞后,degraded,1.0,弱泄漏,degraded,100.0,严重降低,critical,0,稳定,2,临界,4,False,route_maintenance_review,public-derived-cycle-feature-table
548,172.75903833333334,122.91187983333333,1.0893001666666666,2604.793266666666,3.32279,57.64866666666667,0.7214166666666666,3.0,接近故障,critical,90.0,轻微滞后,degraded,1.0,弱泄漏,degraded,100.0,严重降低,critical,0,稳定,2,临界,4,False,route_maintenance_review,public-derived-cycle-feature-table
549,172.72707499999999,123.06791716666667,1.0870835,2606.1588333333334,3.322531666666667,57.69485,0.7194833333333333,3.0,接近故障,critical,100.0,最佳状态,normal,1.0,弱泄漏,degraded,100.0,严重降低,critical,0,稳定,2,临界,3,False,route_maintenance_review,public-derived-cycle-feature-table
550,172.68222666666665,123.01439316666665,1.0944063333333334,2604.5371666666665,3.3314866666666667,57.722016666666676,0.7222500000000002,3.0,接近故障,critical,100.0,最佳状态,normal,1.0,弱泄漏,degraded,100.0,严重降低,critical,0,稳定,2,临界,3,False,route_maintenance_review,public-derived-cycle-feature-table
551,172.71055833333335,123.02309016666666,1.0895606666666666,2599.5034666666666,3.3414349999999997,57.69656666666666,0.7336833333333335,3.0,接近故障,critical,100.0,最佳状态,normal,1.0,弱泄漏,degraded,100.0,严重降低,critical,0,稳定,2,临界,3,False,route_maintenance_review,public-derived-cycle-feature-table
552,172.694465,123.00006833333332,1.0910276666666667,2599.4805,3.342048333333333,57.72330000000001,0.7295333333333333,3.0,接近故障,critical,100.0,最佳状态,normal,1.0,弱泄漏,degraded,100.0,严重降低,critical,0,稳定,2,临界,3,False,route_maintenance_review,public-derived-cycle-feature-table
553,172.70988833333334,123.03229666666667,1.0882998333333336,2601.416533333333,3.3356850000000002,57.74479999999999,0.7231833333333334,3.0,接近故障,critical,100.0,最佳状态,normal,1.0,弱泄漏,degraded,100.0,严重降低,critical,0,稳定,2,临界,3,False,route_maintenance_review,public-derived-cycle-feature-table
554,172.71153333333334,123.060627,1.0923349999999998,2601.8741333333332,3.32489,57.765683333333335,0.7259166666666668,3.0,接近故障,critical,100.0,最佳状态,normal,1.0,弱泄漏,degraded,100.0,严重降低,critical,0,稳定,2,临界,3,False,route_maintenance_review,public-derived-cycle-feature-table
555,172.69567166666667,123.03029483333333,1.0908095,2600.235266666666,3.326615,57.7605,0.7249333333333333,3.0,接近故障,critical,100.0,最佳状态,normal,1.0,弱泄漏,degraded,100.0,严重降低,critical,0,稳定,2,临界,3,False,route_maintenance_review,public-derived-cycle-feature-table
556,172.720185,123.081475,1.0966935,2600.0410333333334,3.3277716666666666,57.76203333333333,0.7247666666666668,3.0,接近故障,critical,100.0,最佳状态,normal,1.0,弱泄漏,degraded,100.0,严重降低,critical,0,稳定,2,临界,3,False,route_maintenance_review,public-derived-cycle-feature-table
557,172.69613333333334,123.04428650000001,1.0918278333333333,2599.1198,3.3258533333333333,57.788983333333334,0.7298666666666667,3.0,接近故障,critical,100.0,最佳状态,normal,1.0,弱泄漏,degraded,100.0,严重降低,critical,0,稳定,2,临界,3,False,route_maintenance_review,public-derived-cycle-feature-table
558,172.68086166666666,123.00578433333334,1.0885721666666666,2599.343233333333,3.3382099999999997,57.772450000000006,0.7266333333333335,3.0,接近故障,critical,100.0,最佳状态,normal,1.0,弱泄漏,degraded,100.0,严重降低,critical,0,稳定,2,临界,3,False,route_maintenance_review,public-derived-cycle-feature-table
559,155.97478333333333,105.34077733333334,1.6957023333333334,2361.7472666666667,6.588991666666666,57.899283333333344,0.8390666666666667,3.0,接近故障,critical,100.0,最佳状态,normal,0.0,无泄漏,normal,100.0,严重降低,critical,1,未稳定,2,临界,2,False,route_maintenance_review,public-derived-cycle-feature-table
560,156.27904833333335,104.80790116666667,1.6796815,2366.334933333333,6.524451666666667,57.79338333333333,0.7133833333333334,3.0,接近故障,critical,73.0,接近故障,critical,0.0,无泄漏,normal,100.0,严重降低,critical,0,稳定,2,临界,3,False,route_maintenance_review,public-derived-cycle-feature-table
561,173.39401166666667,122.8322595,1.1066635,2598.519,3.3945583333333333,57.68344999999999,0.7778333333333334,3.0,接近故障,critical,73.0,接近故障,critical,0.0,无泄漏,normal,100.0,严重降低,critical,0,稳定,2,临界,3,False,route_maintenance_review,public-derived-cycle-feature-table
562,156.28923833333332,104.83272033333333,1.6770121666666666,2367.936833333333,6.539130000000001,57.82113333333333,0.7621000000000001,3.0,接近故障,critical,73.0,接近故障,critical,0.0,无泄漏,normal,100.0,严重降低,critical,0,稳定,2,临界,3,False,route_maintenance_review,public-derived-cycle-feature-table
563,156.28387,104.84109299999999,1.684072166666667,2368.7434,6.5318966666666665,57.739900000000006,0.7220000000000001,3.0,接近故障,critical,73.0,接近故障,critical,0.0,无泄漏,normal,100.0,严重降低,critical,0,稳定,2,临界,3,False,route_maintenance_review,public-derived-cycle-feature-table
564,156.30946666666668,104.86123883333333,1.6805,2367.166533333333,6.526653333333334,57.625666666666675,0.7071000000000001,3.0,接近故障,critical,73.0,接近故障,critical,0.0,无泄漏,normal,100.0,严重降低,critical,0,稳定,2,临界,3,False,route_maintenance_review,public-derived-cycle-feature-table
565,156.32621666666668,104.86508149999999,1.678685833333333,2367.365,6.5279750000000005,57.56786666666666,0.7137333333333333,3.0,接近故障,critical,73.0,接近故障,critical,0.0,无泄漏,normal,100.0,严重降低,critical,0,稳定,2,临界,3,False,route_maintenance_review,public-derived-cycle-feature-table
566,173.398675,122.83356666666667,1.1065123333333333,2597.3644,3.3817266666666668,57.474050000000005,0.8295500000000003,3.0,接近故障,critical,73.0,接近故障,critical,0.0,无泄漏,normal,100.0,严重降低,critical,0,稳定,2,临界,3,False,route_maintenance_review,public-derived-cycle-feature-table
567,156.324845,104.85286033333334,1.6744983333333332,2367.2525333333333,6.5221,57.626916666666666,0.7759,3.0,接近故障,critical,73.0,接近故障,critical,0.0,无泄漏,normal,100.0,严重降低,critical,0,稳定,2,临界,3,False,route_maintenance_review,public-derived-cycle-feature-table
568,156.30517333333333,104.83357766666667,1.6771576666666665,2369.0173666666665,6.521281666666666,57.4684,0.7053833333333334,3.0,接近故障,critical,73.0,接近故障,critical,0.0,无泄漏,normal,100.0,严重降低,critical,0,稳定,2,临界,3,False,route_maintenance_review,public-derived-cycle-feature-table
569,156.33764833333333,104.86623716666666,1.6743045,2370.2682666666665,6.534566666666667,57.40369999999999,0.6888833333333333,3.0,接近故障,critical,73.0,接近故障,critical,0.0,无泄漏,normal,100.0,严重降低,critical,0,稳定,2,临界,3,False,route_maintenance_review,public-derived-cycle-feature-table
570,156.25806666666668,105.13289833333332,1.678412,2370.8267,6.557955000000001,57.32884999999999,0.6973500000000001,3.0,接近故障,critical,80.0,严重滞后,critical,0.0,无泄漏,normal,100.0,严重降低,critical,0,稳定,2,临界,3,False,route_maintenance_review,public-derived-cycle-feature-table
571,156.21450333333334,105.08309066666666,1.6874865000000003,2368.4485,6.5567400000000005,57.28113333333333,0.6833333333333335,3.0,接近故障,critical,80.0,严重滞后,critical,0.0,无泄漏,normal,100.0,严重降低,critical,0,稳定,2,临界,3,False,route_maintenance_review,public-derived-cycle-feature-table
572,173.30157833333334,123.02779799999999,1.1109756666666668,2597.1600666666664,3.4294599999999993,57.16335,0.7705333333333334,3.0,接近故障,critical,80.0,严重滞后,critical,0.0,无泄漏,normal,100.0,严重降低,critical,0,稳定,2,临界,3,False,route_maintenance_review,public-derived-cycle-feature-table
573,156.25909000000001,105.10972033333333,1.6865278333333336,2367.3479666666667,6.5727166666666665,57.33005000000001,0.7273666666666667,3.0,接近故障,critical,80.0,严重滞后,critical,0.0,无泄漏,normal,100.0,严重降低,critical,0,稳定,2,临界,3,False,route_maintenance_review,public-derived-cycle-feature-table
574,173.31335333333334,123.060668,1.106018,2597.9210666666663,3.4191499999999997,57.17743333333333,0.7361166666666665,3.0,接近故障,critical,80.0,严重滞后,critical,0.0,无泄漏,normal,100.0,严重降低,critical,0,稳定,2,临界,3,False,route_maintenance_review,public-derived-cycle-feature-table
575,173.32374166666665,123.09303566666668,1.1175921666666668,2597.437966666667,3.430988333333333,57.20856666666668,0.77435,3.0,接近故障,critical,80.0,严重滞后,critical,0.0,无泄漏,normal,100.0,严重降低,critical,0,稳定,2,临界,3,False,route_maintenance_review,public-derived-cycle-feature-table
576,156.20046,105.0977135,1.6824245,2366.5877333333333,6.566209999999999,57.357516666666676,0.7085833333333333,3.0,接近故障,critical,80.0,严重滞后,critical,0.0,无泄漏,normal,100.0,严重降低,critical,0,稳定,2,临界,3,False,route_maintenance_review,public-derived-cycle-feature-table
577,156.24267166666664,105.14173433333333,1.6900733333333333,2367.0738666666666,6.562456666666666,57.25176666666667,0.6911833333333333,3.0,接近故障,critical,80.0,严重滞后,critical,0.0,无泄漏,normal,100.0,严重降低,critical,0,稳定,2,临界,3,False,route_maintenance_review,public-derived-cycle-feature-table
578,173.32089333333334,123.11945650000001,1.1106515,2597.5695666666666,3.4177166666666667,57.12823333333333,0.7475499999999999,3.0,接近故障,critical,80.0,严重滞后,critical,0.0,无泄漏,normal,100.0,严重降低,critical,0,稳定,2,临界,3,False,route_maintenance_review,public-derived-cycle-feature-table
579,156.25236666666666,105.16824399999999,1.6750898333333335,2366.3532333333333,6.568456666666666,57.323216666666674,0.7214666666666666,3.0,接近故障,critical,80.0,严重滞后,critical,0.0,无泄漏,normal,100.0,严重降低,critical,0,稳定,2,临界,3,False,route_maintenance_review,public-derived-cycle-feature-table
580,156.128745,105.32441599999999,1.6864345,2365.8671999999997,6.581943333333333,57.24743333333333,0.6836333333333332,3.0,接近故障,critical,90.0,轻微滞后,degraded,0.0,无泄漏,normal,100.0,严重降低,critical,0,稳定,2,临界,3,False,route_maintenance_review,public-derived-cycle-feature-table
581,156.13519833333334,105.33447733333334,1.6764381666666668,2367.2201666666665,6.568179999999999,57.18781666666668,0.65835,3.0,接近故障,critical,90.0,轻微滞后,degraded,0.0,无泄漏,normal,100.0,严重降低,critical,0,稳定,2,临界,3,False,route_maintenance_review,public-derived-cycle-feature-table
582,156.15940833333335,105.3685125,1.6932755000000004,2369.848566666667,6.576673333333333,57.12673333333335,0.6530333333333332,3.0,接近故障,critical,90.0,轻微滞后,degraded,0.0,无泄漏,normal,100.0,严重降低,critical,0,稳定,2,临界,3,False,route_maintenance_review,public-derived-cycle-feature-table
583,173.2383616666667,123.30341449999999,1.1141688333333333,2601.761233333333,3.4346983333333334,57.03933333333334,0.7439,3.0,接近故障,critical,90.0,轻微滞后,degraded,0.0,无泄漏,normal,100.0,严重降低,critical,0,稳定,2,临界,3,False,route_maintenance_review,public-derived-cycle-feature-table
584,173.25094833333333,123.33371716666667,1.1181655000000001,2601.932533333333,3.4323883333333334,57.10705000000001,0.7943833333333334,3.0,接近故障,critical,90.0,轻微滞后,degraded,0.0,无泄漏,normal,100.0,严重降低,critical,0,稳定,2,临界,3,False,route_maintenance_review,public-derived-cycle-feature-table
585,156.14641833333334,105.34567583333332,1.6941593333333336,2369.1638666666668,6.589348333333334,57.26801666666667,0.7105666666666668,3.0,接近故障,critical,90.0,轻微滞后,degraded,0.0,无泄漏,normal,100.0,严重降低,critical,0,稳定,2,临界,3,False,route_maintenance_review,public-derived-cycle-feature-table
586,156.1582,105.34689416666666,1.7016455000000001,2369.199,6.575396666666667,57.14603333333334,0.6649166666666666,3.0,接近故障,critical,90.0,轻微滞后,degraded,0.0,无泄漏,normal,100.0,严重降低,critical,0,稳定,2,临界,3,False,route_maintenance_review,public-derived-cycle-feature-table
587,156.170985,105.34676233333333,1.6944146666666668,2366.7071666666666,6.567633333333333,57.11283333333334,0.6582000000000001,3.0,接近故障,critical,90.0,轻微滞后,degraded,0.0,无泄漏,normal,100.0,严重降低,critical,0,稳定,2,临界,3,False,route_maintenance_review,public-derived-cycle-feature-table
588,173.27825166666668,123.32164583333333,1.112717,2598.8768999999998,3.4359383333333335,57.01554999999999,0.7864500000000001,3.0,接近故障,critical,90.0,轻微滞后,degraded,0.0,无泄漏,normal,100.0,严重降低,critical,0,稳定,2,临界,3,False,route_maintenance_review,public-derived-cycle-feature-table
589,156.19623833333333,105.34786666666666,1.6892451666666666,2368.9308666666666,6.579876666666666,57.189466666666675,0.7275333333333334,3.0,接近故障,critical,90.0,轻微滞后,degraded,0.0,无泄漏,normal,100.0,严重降低,critical,0,稳定,2,临界,3,False,route_maintenance_review,public-derived-cycle-feature-table
590,156.15455666666668,105.49596516666666,1.6782535,2370.403033333333,6.561166666666667,57.051433333333335,0.6478666666666667,3.0,接近故障,critical,100.0,最佳状态,normal,0.0,无泄漏,normal,100.0,严重降低,critical,0,稳定,2,临界,2,False,route_maintenance_review,public-derived-cycle-feature-table
591,156.160205,105.52461799999998,1.6943796666666666,2369.8793,6.566353333333333,56.9904,0.6542333333333333,3.0,接近故障,critical,100.0,最佳状态,normal,0.0,无泄漏,normal,100.0,严重降低,critical,0,稳定,2,临界,2,False,route_maintenance_review,public-derived-cycle-feature-table
592,180.86704833333334,131.52445816666668,0.8476841666666668,2698.1682333333333,2.12356,56.918033333333334,0.7630333333333333,3.0,接近故障,critical,100.0,最佳状态,normal,0.0,无泄漏,normal,100.0,严重降低,critical,0,稳定,2,临界,2,False,route_maintenance_review,public-derived-cycle-feature-table
593,156.60152499999998,105.54373483333333,1.743719,2375.8873000000003,6.571803333333334,57.0465,0.7406833333333334,3.0,接近故障,critical,100.0,最佳状态,normal,0.0,无泄漏,normal,100.0,严重降低,critical,0,稳定,2,临界,2,False,route_maintenance_review,public-derived-cycle-feature-table
594,156.231475,105.57570283333332,1.7327365,2366.4538,6.567773333333333,56.96820000000001,0.6669,3.0,接近故障,critical,100.0,最佳状态,normal,0.0,无泄漏,normal,100.0,严重降低,critical,0,稳定,2,临界,2,False,route_maintenance_review,public-derived-cycle-feature-table
595,173.21896833333332,123.44625033333332,1.1561535,2594.978833333333,3.4057749999999998,56.89581666666666,0.7307166666666667,3.0,接近故障,critical,100.0,最佳状态,normal,0.0,无泄漏,normal,100.0,严重降低,critical,0,稳定,2,临界,2,False,route_maintenance_review,public-derived-cycle-feature-table
596,156.08928833333334,105.4263165,1.7220835,2364.606933333333,6.564816666666667,57.07844999999999,0.6697666666666665,3.0,接近故障,critical,100.0,最佳状态,normal,0.0,无泄漏,normal,100.0,严重降低,critical,0,稳定,2,临界,2,False,route_maintenance_review,public-derived-cycle-feature-table
597,173.19979166666667,123.42639750000001,1.1468336666666668,2596.8343666666665,3.4114400000000002,56.95416666666666,0.7456833333333334,3.0,接近故障,critical,100.0,最佳状态,normal,0.0,无泄漏,normal,100.0,严重降低,critical,0,稳定,2,临界,2,False,route_maintenance_review,public-derived-cycle-feature-table
598,156.16256166666668,105.49438599999999,1.7219768333333332,2366.311,6.574011666666666,57.11811666666667,0.7094833333333332,3.0,接近故障,critical,100.0,最佳状态,normal,0.0,无泄漏,normal,100.0,严重降低,critical,0,稳定,2,临界,2,False,route_maintenance_review,public-derived-cycle-feature-table
599,156.15673833333335,105.46455066666667,1.7271056666666669,2366.4106666666667,6.574721666666667,57.01425,0.65005,3.0,接近故障,critical,100.0,最佳状态,normal,0.0,无泄漏,normal,100.0,严重降低,critical,0,稳定,2,临界,2,False,route_maintenance_review,public-derived-cycle-feature-table
600,156.14814166666665,105.44398216666667,1.7228476666666666,2370.3233,6.557791666666667,56.90135,0.7175333333333334,3.0,接近故障,critical,100.0,最佳状态,normal,0.0,无泄漏,normal,90.0,接近故障,critical,1,未稳定,2,临界,2,False,route_maintenance_review,public-derived-cycle-feature-table
601,156.18277666666668,105.44042566666667,1.7168610000000002,2371.380766666666,6.553593333333334,56.85905,0.6643666666666667,3.0,接近故障,critical,100.0,最佳状态,normal,0.0,无泄漏,normal,90.0,接近故障,critical,1,未稳定,2,临界,2,False,route_maintenance_review,public-derived-cycle-feature-table
602,156.203755,105.47466283333333,1.7197386666666667,2371.2896666666666,6.558218333333334,56.818233333333325,0.6421166666666667,3.0,接近故障,critical,100.0,最佳状态,normal,0.0,无泄漏,normal,90.0,接近故障,critical,1,未稳定,2,临界,2,False,route_maintenance_review,public-derived-cycle-feature-table
603,156.19732166666665,105.46462316666668,1.7253103333333335,2370.436933333333,6.572911666666665,56.76588333333333,0.6512333333333332,3.0,接近故障,critical,100.0,最佳状态,normal,0.0,无泄漏,normal,90.0,接近故障,critical,1,未稳定,2,临界,2,False,route_maintenance_review,public-derived-cycle-feature-table
604,156.210145,105.4755335,1.71336,2369.970733333333,6.556643333333333,56.70081666666667,0.6504,3.0,接近故障,critical,100.0,最佳状态,normal,0.0,无泄漏,normal,90.0,接近故障,critical,1,未稳定,2,临界,2,False,route_maintenance_review,public-derived-cycle-feature-table
605,156.22539999999998,105.48804983333333,1.720778,2370.743033333333,6.557221666666666,56.63400000000001,0.6700500000000001,3.0,接近故障,critical,100.0,最佳状态,normal,0.0,无泄漏,normal,90.0,接近故障,critical,1,未稳定,2,临界,2,False,route_maintenance_review,public-derived-cycle-feature-table
606,156.24250333333333,105.49679650000002,1.7126485,2370.2159666666666,6.570003333333332,56.58983333333334,0.6570999999999999,3.0,接近故障,critical,100.0,最佳状态,normal,0.0,无泄漏,normal,90.0,接近故障,critical,1,未稳定,2,临界,2,False,route_maintenance_review,public-derived-cycle-feature-table
607,156.24117833333332,105.49050966666665,1.7101038333333332,2369.5957666666663,6.570833333333334,56.528816666666664,0.65555,3.0,接近故障,critical,100.0,最佳状态,normal,0.0,无泄漏,normal,90.0,接近故障,critical,1,未稳定,2,临界,2,False,route_maintenance_review,public-derived-cycle-feature-table
608,156.23979,105.46942566666667,1.7145945000000002,2370.039533333333,6.559950000000001,56.47564999999999,0.6472333333333332,3.0,接近故障,critical,100.0,最佳状态,normal,0.0,无泄漏,normal,90.0,接近故障,critical,1,未稳定,2,临界,2,False,route_maintenance_review,public-derived-cycle-feature-table
609,156.255715,105.51201816666665,1.7081101666666667,2371.563166666667,6.574011666666667,56.462849999999996,0.6391166666666666,3.0,接近故障,critical,100.0,最佳状态,normal,0.0,无泄漏,normal,90.0,接近故障,critical,1,未稳定,2,临界,2,False,route_maintenance_review,public-derived-cycle-feature-table
610,172.87848,123.147407,1.0941753333333333,2628.6690666666664,3.2735049999999997,56.31048333333333,0.7210166666666668,3.0,接近故障,critical,100.0,最佳状态,normal,2.0,严重泄漏,critical,90.0,接近故障,critical,1,未稳定,2,临界,3,False,route_maintenance_review,public-derived-cycle-feature-table
611,173.09166333333334,122.55210383333333,1.0872975,2630.216,3.231075,56.2791,0.7383166666666665,3.0,接近故障,critical,73.0,接近故障,critical,2.0,严重泄漏,critical,90.0,接近故障,critical,0,稳定,2,临界,4,False,route_maintenance_review,public-derived-cycle-feature-table
612,173.06027333333336,122.51583033333334,1.0964665,2628.2995666666666,3.2264933333333334,56.27661666666666,0.7281166666666666,3.0,接近故障,critical,73.0,接近故障,critical,2.0,严重泄漏,critical,90.0,接近故障,critical,0,稳定,2,临界,4,False,route_maintenance_review,public-derived-cycle-feature-table
613,173.01741166666667,122.50402116666669,1.096791,2627.5037666666667,3.2304866666666667,56.270599999999995,0.7418833333333332,3.0,接近故障,critical,73.0,接近故障,critical,2.0,严重泄漏,critical,90.0,接近故障,critical,0,稳定,2,临界,4,False,route_maintenance_review,public-derived-cycle-feature-table
614,173.03090333333333,122.51314683333334,1.096954,2627.7548666666667,3.227398333333333,56.27084999999999,0.7370666666666665,3.0,接近故障,critical,73.0,接近故障,critical,2.0,严重泄漏,critical,90.0,接近故障,critical,0,稳定,2,临界,4,False,route_maintenance_review,public-derived-cycle-feature-table
615,172.9737783333333,122.45809516666667,1.0955035,2625.7445666666663,3.2343700000000006,56.30645,0.7377333333333332,3.0,接近故障,critical,73.0,接近故障,critical,2.0,严重泄漏,critical,90.0,接近故障,critical,0,稳定,2,临界,4,False,route_maintenance_review,public-derived-cycle-feature-table
616,173.00448666666665,122.51738966666666,1.0973249999999999,2625.7217333333333,3.227438333333333,56.355816666666655,0.7378166666666667,3.0,接近故障,critical,73.0,接近故障,critical,2.0,严重泄漏,critical,90.0,接近故障,critical,0,稳定,2,临界,4,False,route_maintenance_review,public-derived-cycle-feature-table
617,180.67164833333337,130.54107649999997,0.8626984999999999,2726.4562999999994,2.029776666666667,56.40476666666666,0.7598333333333335,3.0,接近故障,critical,73.0,接近故障,critical,2.0,严重泄漏,critical,90.0,接近故障,critical,0,稳定,2,临界,4,False,route_maintenance_review,public-derived-cycle-feature-table
618,173.399285,122.4861025,1.0890868333333334,2634.4897999999994,3.2405266666666668,56.404683333333324,0.7632499999999999,3.0,接近故障,critical,73.0,接近故障,critical,2.0,严重泄漏,critical,90.0,接近故障,critical,0,稳定,2,临界,4,False,route_maintenance_review,public-derived-cycle-feature-table
619,172.96417833333334,122.50644033333333,1.0913871666666668,2626.2715999999996,3.226488333333333,56.46478333333333,0.7405666666666666,3.0,接近故障,critical,73.0,接近故障,critical,2.0,严重泄漏,critical,90.0,接近故障,critical,0,稳定,2,临界,4,False,route_maintenance_review,public-derived-cycle-feature-table
620,172.92105333333333,122.47495233333332,1.08607,2626.5670666666665,3.2172616666666665,56.57426666666667,0.7395499999999999,3.0,接近故障,critical,73.0,接近故障,critical,2.0,严重泄漏,critical,90.0,接近故障,critical,0,稳定,2,临界,4,False,route_maintenance_review,public-derived-cycle-feature-table
621,172.8011216666667,122.69186966666666,1.0904571666666667,2626.2159666666666,3.249825,56.6221,0.7355833333333334,3.0,接近故障,critical,80.0,严重滞后,critical,2.0,严重泄漏,critical,90.0,接近故障,critical,0,稳定,2,临界,4,False,route_maintenance_review,public-derived-cycle-feature-table
622,180.49813500000002,130.76209216666666,0.8462893333333334,2728.447633333333,2.0635583333333334,56.71016666666667,0.7530499999999999,3.0,接近故障,critical,80.0,严重滞后,critical,2.0,严重泄漏,critical,90.0,接近故障,critical,0,稳定,2,临界,4,False,route_maintenance_review,public-derived-cycle-feature-table
623,173.22823333333335,122.65929416666667,1.0890378333333335,2630.3014999999996,3.230378333333333,56.71176666666667,0.7576499999999999,3.0,接近故障,critical,80.0,严重滞后,critical,2.0,严重泄漏,critical,90.0,接近故障,critical,0,稳定,2,临界,4,False,route_maintenance_review,public-derived-cycle-feature-table
624,172.84158333333335,122.67325483333333,1.0917283333333334,2620.9827666666665,3.251263333333333,56.77873333333333,0.7349166666666666,3.0,接近故障,critical,80.0,严重滞后,critical,2.0,严重泄漏,critical,90.0,接近故障,critical,0,稳定,2,临界,4,False,route_maintenance_review,public-derived-cycle-feature-table
625,172.80051,122.62965966666668,1.0848558333333334,2621.0217666666667,3.246993333333333,56.87791666666667,0.74025,3.0,接近故障,critical,80.0,严重滞后,critical,2.0,严重泄漏,critical,90.0,接近故障,critical,0,稳定,2,临界,4,False,route_maintenance_review,public-derived-cycle-feature-table
626,172.80266833333332,122.65815283333332,1.0913,2621.6547333333333,3.2590666666666666,56.971516666666666,0.7351499999999999,3.0,接近故障,critical,80.0,严重滞后,critical,2.0,严重泄漏,critical,90.0,接近故障,critical,0,稳定,2,临界,4,False,route_maintenance_review,public-derived-cycle-feature-table
627,172.80059833333334,122.67371150000001,1.0937816666666667,2621.741833333333,3.260256666666667,57.014383333333335,0.7394333333333333,3.0,接近故障,critical,80.0,严重滞后,critical,2.0,严重泄漏,critical,90.0,接近故障,critical,0,稳定,2,临界,4,False,route_maintenance_review,public-derived-cycle-feature-table
628,172.78948000000003,122.659982,1.0972883333333332,2621.3784666666666,3.253753333333333,57.06335000000001,0.7331500000000001,3.0,接近故障,critical,80.0,严重滞后,critical,2.0,严重泄漏,critical,90.0,接近故障,critical,0,稳定,2,临界,4,False,route_maintenance_review,public-derived-cycle-feature-table
629,172.785525,122.65303250000001,1.0908640000000003,2617.0531666666666,3.2626283333333337,57.07910000000001,0.7396333333333334,3.0,接近故障,critical,80.0,严重滞后,critical,2.0,严重泄漏,critical,90.0,接近故障,critical,0,稳定,2,临界,4,False,route_maintenance_review,public-derived-cycle-feature-table
630,166.56918833333333,116.139223,1.277653,2534.0155666666665,4.253491666666667,57.150100000000016,0.7056333333333334,3.0,接近故障,critical,80.0,严重滞后,critical,2.0,严重泄漏,critical,90.0,接近故障,critical,0,稳定,2,临界,4,False,route_maintenance_review,public-derived-cycle-feature-table
631,155.45522666666668,104.797578,1.6259288333333335,2385.3296666666665,6.237638333333334,57.2228,0.6493166666666667,3.0,接近故障,critical,90.0,轻微滞后,degraded,2.0,严重泄漏,critical,90.0,接近故障,critical,0,稳定,2,临界,4,False,route_maintenance_review,public-derived-cycle-feature-table
632,172.76132666666666,122.92727266666665,1.1041305,2619.1572666666666,3.2663633333333335,57.08341666666666,0.7206333333333333,3.0,接近故障,critical,90.0,轻微滞后,degraded,2.0,严重泄漏,critical,90.0,接近故障,critical,0,稳定,2,临界,4,False,route_maintenance_review,public-derived-cycle-feature-table
633,172.74859666666669,122.8954645,1.1093551666666666,2619.688766666666,3.267221666666667,57.1111,0.7363166666666667,3.0,接近故障,critical,90.0,轻微滞后,degraded,2.0,严重泄漏,critical,90.0,接近故障,critical,0,稳定,2,临界,4,False,route_maintenance_review,public-derived-cycle-feature-table
634,180.46046666666663,130.99576133333332,0.8557779999999999,2722.7623,2.0585166666666668,57.161100000000005,0.7537666666666667,3.0,接近故障,critical,90.0,轻微滞后,degraded,2.0,严重泄漏,critical,90.0,接近故障,critical,0,稳定,2,临界,4,False,route_maintenance_review,public-derived-cycle-feature-table
635,172.78326,122.557408,1.1088763333333334,2624.0261,3.28945,57.12163333333334,0.7991166666666667,3.0,接近故障,critical,90.0,轻微滞后,degraded,2.0,严重泄漏,critical,90.0,接近故障,critical,0,稳定,2,临界,4,False,route_maintenance_review,public-derived-cycle-feature-table
636,166.640275,116.52631433333332,1.2838066666666668,2536.6612666666665,4.271873333333333,57.15915000000002,0.7085833333333333,3.0,接近故障,critical,90.0,轻微滞后,degraded,2.0,严重泄漏,critical,90.0,接近故障,critical,0,稳定,2,临界,4,False,route_maintenance_review,public-derived-cycle-feature-table
637,155.56647166666667,104.933625,1.6292718333333336,2388.046,6.232798333333332,57.24980000000001,0.6457500000000002,3.0,接近故障,critical,90.0,轻微滞后,degraded,2.0,严重泄漏,critical,90.0,接近故障,critical,0,稳定,2,临界,4,False,route_maintenance_review,public-derived-cycle-feature-table
638,172.81717500000002,122.96055666666666,1.1081425,2620.9737999999998,3.268853333333333,57.08733333333335,0.7127500000000001,3.0,接近故障,critical,90.0,轻微滞后,degraded,2.0,严重泄漏,critical,90.0,接近故障,critical,0,稳定,2,临界,4,False,route_maintenance_review,public-derived-cycle-feature-table
639,172.80170666666666,122.9411095,1.1045625000000001,2621.0110999999997,3.266573333333333,57.11810000000001,0.7325833333333335,3.0,接近故障,critical,90.0,轻微滞后,degraded,2.0,严重泄漏,critical,90.0,接近故障,critical,0,稳定,2,临界,4,False,route_maintenance_review,public-derived-cycle-feature-table
640,172.755005,122.92498,1.108263,2621.036933333333,3.266191666666667,57.13110000000001,0.73155,3.0,接近故障,critical,90.0,轻微滞后,degraded,2.0,严重泄漏,critical,90.0,接近故障,critical,0,稳定,2,临界,4,False,route_maintenance_review,public-derived-cycle-feature-table
641,172.67027833333333,123.05115516666666,1.1060496666666668,2620.5063999999998,3.257146666666667,57.13871666666668,0.7318666666666667,3.0,接近故障,critical,100.0,最佳状态,normal,2.0,严重泄漏,critical,90.0,接近故障,critical,0,稳定,2,临界,3,False,route_maintenance_review,public-derived-cycle-feature-table
642,172.708675,123.08688183333332,1.1077715000000001,2621.600033333333,3.257155,57.12345000000001,0.7295333333333335,3.0,接近故障,critical,100.0,最佳状态,normal,2.0,严重泄漏,critical,90.0,接近故障,critical,0,稳定,2,临界,3,False,route_maintenance_review,public-derived-cycle-feature-table
643,172.6938516666667,123.07434883333335,1.1228771666666666,2620.7822,3.2670833333333333,57.17793333333334,0.73195,3.0,接近故障,critical,100.0,最佳状态,normal,2.0,严重泄漏,critical,90.0,接近故障,critical,0,稳定,2,临界,3,False,route_maintenance_review,public-derived-cycle-feature-table
644,155.39154666666667,104.97330483333334,1.6493075000000001,2386.3105333333333,6.231701666666667,57.27211666666667,0.6464333333333333,3.0,接近故障,critical,100.0,最佳状态,normal,2.0,严重泄漏,critical,90.0,接近故障,critical,0,稳定,2,临界,3,False,route_maintenance_review,public-derived-cycle-feature-table
645,172.63424166666667,122.99638283333334,1.1127536666666669,2620.1393333333335,3.2588583333333334,57.124833333333335,0.7156833333333332,3.0,接近故障,critical,100.0,最佳状态,normal,2.0,严重泄漏,critical,90.0,接近故障,critical,0,稳定,2,临界,3,False,route_maintenance_review,public-derived-cycle-feature-table
646,172.63968666666668,123.01371900000001,1.115969,2620.6389,3.272665,57.16381666666667,0.7289333333333333,3.0,接近故障,critical,100.0,最佳状态,normal,2.0,严重泄漏,critical,90.0,接近故障,critical,0,稳定,2,临界,3,False,route_maintenance_review,public-derived-cycle-feature-table
647,172.61853,122.97505050000001,1.109786,2620.7537666666663,3.2620283333333333,57.17576666666667,0.7296333333333334,3.0,接近故障,critical,100.0,最佳状态,normal,2.0,严重泄漏,critical,90.0,接近故障,critical,0,稳定,2,临界,3,False,route_maintenance_review,public-derived-cycle-feature-table
648,172.63194,122.98660483333333,1.122201,2621.8376,3.25923,57.19818333333334,0.7283333333333334,3.0,接近故障,critical,100.0,最佳状态,normal,2.0,严重泄漏,critical,90.0,接近故障,critical,0,稳定,2,临界,3,False,route_maintenance_review,public-derived-cycle-feature-table
649,172.57902833333333,122.942712,1.1033621666666666,2621.7281333333335,3.2613133333333333,57.20543333333333,0.7249166666666665,3.0,接近故障,critical,100.0,最佳状态,normal,2.0,严重泄漏,critical,90.0,接近故障,critical,0,稳定,2,临界,3,False,route_maintenance_review,public-derived-cycle-feature-table
650,172.56377333333333,122.95005183333333,1.0967208333333334,2621.516733333333,3.26458,57.22435000000001,0.7319000000000001,3.0,接近故障,critical,100.0,最佳状态,normal,2.0,严重泄漏,critical,90.0,接近故障,critical,0,稳定,2,临界,3,False,route_maintenance_review,public-derived-cycle-feature-table
651,172.70636499999998,123.05929,1.101938,2604.717166666667,3.3089650000000006,57.220299999999995,0.7338000000000001,3.0,接近故障,critical,100.0,最佳状态,normal,1.0,弱泄漏,degraded,90.0,接近故障,critical,1,未稳定,2,临界,3,False,route_maintenance_review,public-derived-cycle-feature-table
652,172.99526833333334,122.48748216666665,1.101116,2608.0456333333327,3.264893333333333,57.251866666666665,0.7292833333333334,3.0,接近故障,critical,73.0,接近故障,critical,1.0,弱泄漏,degraded,90.0,接近故障,critical,0,稳定,2,临界,4,False,route_maintenance_review,public-derived-cycle-feature-table
653,172.97514833333332,122.49106716666665,1.0988955,2607.5703,3.2698233333333335,57.25665000000001,0.7320333333333333,3.0,接近故障,critical,73.0,接近故障,critical,1.0,弱泄漏,degraded,90.0,接近故障,critical,0,稳定,2,临界,4,False,route_maintenance_review,public-derived-cycle-feature-table
654,173.00404833333332,122.4758815,1.105802,2607.4236333333333,3.2649266666666668,57.29031666666667,0.7264333333333333,3.0,接近故障,critical,73.0,接近故障,critical,1.0,弱泄漏,degraded,90.0,接近故障,critical,0,稳定,2,临界,4,False,route_maintenance_review,public-derived-cycle-feature-table
655,173.00783166666668,122.51239083333333,1.1067225,2607.5805,3.266378333333334,57.353416666666675,0.7230333333333332,3.0,接近故障,critical,73.0,接近故障,critical,1.0,弱泄漏,degraded,90.0,接近故障,critical,0,稳定,2,临界,4,False,route_maintenance_review,public-derived-cycle-feature-table
656,172.98256333333333,122.51833733333333,1.0984206666666665,2607.8034,3.262881666666667,57.32448333333334,0.7206499999999999,3.0,接近故障,critical,73.0,接近故障,critical,1.0,弱泄漏,degraded,90.0,接近故障,critical,0,稳定,2,临界,4,False,route_maintenance_review,public-derived-cycle-feature-table
657,155.72216833333334,104.40630716666666,1.6380873333333335,2376.2288666666664,6.2970299999999995,57.42863333333334,0.6434833333333334,3.0,接近故障,critical,73.0,接近故障,critical,1.0,弱泄漏,degraded,90.0,接近故障,critical,0,稳定,2,临界,4,False,route_maintenance_review,public-derived-cycle-feature-table
658,173.06438,122.53606400000001,1.0889708333333332,2611.0059666666666,3.259895,57.244216666666674,0.7140166666666665,3.0,接近故障,critical,73.0,接近故障,critical,1.0,弱泄漏,degraded,90.0,接近故障,critical,0,稳定,2,临界,4,False,route_maintenance_review,public-derived-cycle-feature-table
659,173.018455,122.516466,1.0945133333333332,2611.0137,3.263,57.311616666666666,0.7256166666666667,3.0,接近故障,critical,73.0,接近故障,critical,1.0,弱泄漏,degraded,90.0,接近故障,critical,0,稳定,2,临界,4,False,route_maintenance_review,public-derived-cycle-feature-table
660,173.03329,122.51373133333334,1.0852721666666667,2610.6876666666662,3.2621166666666666,57.317099999999996,0.72825,3.0,接近故障,critical,73.0,接近故障,critical,1.0,弱泄漏,degraded,90.0,接近故障,critical,0,稳定,2,临界,4,False,route_maintenance_review,public-derived-cycle-feature-table
661,155.80594499999998,104.45262466666665,1.6361678333333336,2377.2212666666665,6.296023333333332,57.389566666666674,0.6443000000000001,3.0,接近故障,critical,73.0,接近故障,critical,1.0,弱泄漏,degraded,90.0,接近故障,critical,0,稳定,2,临界,4,False,route_maintenance_review,public-derived-cycle-feature-table
662,172.99134,122.7529075,1.1039023333333335,2609.319633333333,3.29794,57.22805,0.7111166666666668,3.0,接近故障,critical,80.0,严重滞后,critical,1.0,弱泄漏,degraded,90.0,接近故障,critical,0,稳定,2,临界,4,False,route_maintenance_review,public-derived-cycle-feature-table
663,172.94902333333334,122.7611845,1.0981436666666666,2609.042,3.306788333333333,57.25836666666667,0.7242166666666667,3.0,接近故障,critical,80.0,严重滞后,critical,1.0,弱泄漏,degraded,90.0,接近故障,critical,0,稳定,2,临界,4,False,route_maintenance_review,public-derived-cycle-feature-table
664,155.868655,104.83150816666667,1.6423121666666667,2379.367433333333,6.32956,57.35335,0.6418333333333333,3.0,接近故障,critical,80.0,严重滞后,critical,1.0,弱泄漏,degraded,90.0,接近故障,critical,0,稳定,2,临界,4,False,route_maintenance_review,public-derived-cycle-feature-table
665,172.97716499999999,122.78357066666666,1.1064788333333335,2610.429766666666,3.2977616666666667,57.14145,0.7107500000000001,3.0,接近故障,critical,80.0,严重滞后,critical,1.0,弱泄漏,degraded,90.0,接近故障,critical,0,稳定,2,临界,4,False,route_maintenance_review,public-derived-cycle-feature-table
666,172.960805,122.743551,1.0999868333333334,2609.3734333333327,3.299681666666667,57.14885,0.7222833333333334,3.0,接近故障,critical,80.0,严重滞后,critical,1.0,弱泄漏,degraded,90.0,接近故障,critical,0,稳定,2,临界,4,False,route_maintenance_review,public-derived-cycle-feature-table
667,166.74926166666668,116.24313450000001,1.28887,2525.741966666667,4.309091666666666,57.16290000000001,0.6966666666666667,3.0,接近故障,critical,80.0,严重滞后,critical,1.0,弱泄漏,degraded,90.0,接近故障,critical,0,稳定,2,临界,4,False,route_maintenance_review,public-derived-cycle-feature-table
668,172.98717333333335,122.78968649999999,1.1021233333333333,2609.3132333333333,3.3001866666666664,57.10886666666667,0.72625,3.0,接近故障,critical,80.0,严重滞后,critical,1.0,弱泄漏,degraded,90.0,接近故障,critical,0,稳定,2,临界,4,False,route_maintenance_review,public-derived-cycle-feature-table
669,172.98446999999996,122.76517816666664,1.1065885000000002,2609.7813333333334,3.2923750000000003,57.138250000000006,0.72215,3.0,接近故障,critical,80.0,严重滞后,critical,1.0,弱泄漏,degraded,90.0,接近故障,critical,0,稳定,2,临界,4,False,route_maintenance_review,public-derived-cycle-feature-table
670,172.930745,122.70802133333333,1.103314,2608.4166999999998,3.296903333333333,57.137783333333346,0.7229333333333333,3.0,接近故障,critical,80.0,严重滞后,critical,1.0,弱泄漏,degraded,90.0,接近故障,critical,0,稳定,2,临界,4,False,route_maintenance_review,public-derived-cycle-feature-table
671,172.878865,122.69776983333333,1.0956108333333334,2608.1581666666666,3.295628333333333,57.15526666666667,0.7269333333333332,3.0,接近故障,critical,80.0,严重滞后,critical,1.0,弱泄漏,degraded,90.0,接近故障,critical,0,稳定,2,临界,4,False,route_maintenance_review,public-derived-cycle-feature-table
672,172.80435166666666,122.9013255,1.1002741666666667,2607.817133333333,3.3176816666666666,57.14183333333334,0.7277833333333334,3.0,接近故障,critical,90.0,轻微滞后,degraded,1.0,弱泄漏,degraded,90.0,接近故障,critical,0,稳定,2,临界,4,False,route_maintenance_review,public-derived-cycle-feature-table
673,180.541505,131.00690433333332,0.8686583333333334,2708.4534666666664,2.0867766666666667,57.17346666666667,0.7446333333333331,3.0,接近故障,critical,90.0,轻微滞后,degraded,1.0,弱泄漏,degraded,90.0,接近故障,critical,0,稳定,2,临界,4,False,route_maintenance_review,public-derived-cycle-feature-table
674,172.66846833333332,122.33564099999998,1.1241106666666667,2606.5011666666664,3.3600000000000003,57.1256,0.7748166666666666,3.0,接近故障,critical,90.0,轻微滞后,degraded,1.0,弱泄漏,degraded,90.0,接近故障,critical,0,稳定,2,临界,4,False,route_maintenance_review,public-derived-cycle-feature-table
675,155.63355833333335,104.91319283333334,1.6590531666666668,2375.0985333333333,6.343196666666667,57.297149999999995,0.6476166666666666,3.0,接近故障,critical,90.0,轻微滞后,degraded,1.0,弱泄漏,degraded,90.0,接近故障,critical,0,稳定,2,临界,4,False,route_maintenance_review,public-derived-cycle-feature-table
676,172.94196166666666,123.06926066666666,1.1093843333333333,2608.3354999999997,3.310003333333333,57.09360000000001,0.7052,3.0,接近故障,critical,90.0,轻微滞后,degraded,1.0,弱泄漏,degraded,90.0,接近故障,critical,0,稳定,2,临界,4,False,route_maintenance_review,public-derived-cycle-feature-table
677,172.93627999999998,123.03487416666667,1.1154746666666666,2606.7097333333336,3.3045166666666663,57.16845000000001,0.7127833333333334,3.0,接近故障,critical,90.0,轻微滞后,degraded,1.0,弱泄漏,degraded,90.0,接近故障,critical,0,稳定,2,临界,4,False,route_maintenance_review,public-derived-cycle-feature-table
678,155.694015,104.97188733333334,1.66585,2374.582,6.338555,57.30426666666668,0.6318333333333335,3.0,接近故障,critical,90.0,轻微滞后,degraded,1.0,弱泄漏,degraded,90.0,接近故障,critical,0,稳定,2,临界,4,False,route_maintenance_review,public-derived-cycle-feature-table
679,172.96150666666668,123.07371433333334,1.1178388333333333,2608.6648666666665,3.3081883333333333,57.124500000000005,0.7047166666666667,3.0,接近故障,critical,90.0,轻微滞后,degraded,1.0,弱泄漏,degraded,90.0,接近故障,critical,0,稳定,2,临界,4,False,route_maintenance_review,public-derived-cycle-feature-table
680,172.946245,123.06264633333333,1.1170486666666666,2609.855766666666,3.2993983333333334,57.1166,0.7171333333333335,3.0,接近故障,critical,90.0,轻微滞后,degraded,1.0,弱泄漏,degraded,90.0,接近故障,critical,0,稳定,2,临界,4,False,route_maintenance_review,public-derived-cycle-feature-table
681,172.93096333333332,123.041682,1.1193903333333333,2609.4225999999994,3.308091666666667,57.158983333333346,0.7194333333333334,3.0,接近故障,critical,90.0,轻微滞后,degraded,1.0,弱泄漏,degraded,90.0,接近故障,critical,0,稳定,2,临界,4,False,route_maintenance_review,public-derived-cycle-feature-table
682,155.62246166666668,105.11702733333333,1.6611636666666667,2375.5701999999997,6.330328333333333,57.25735000000001,0.6367666666666667,3.0,接近故障,critical,100.0,最佳状态,normal,1.0,弱泄漏,degraded,90.0,接近故障,critical,0,稳定,2,临界,3,False,route_maintenance_review,public-derived-cycle-feature-table
683,172.88235999999998,123.21171116666666,1.124118333333333,2608.2933999999996,3.30493,57.035433333333344,0.7042333333333333,3.0,接近故障,critical,100.0,最佳状态,normal,1.0,弱泄漏,degraded,90.0,接近故障,critical,0,稳定,2,临界,3,False,route_maintenance_review,public-derived-cycle-feature-table
684,172.86268833333332,123.19055533333332,1.1169345,2605.565633333333,3.302255,57.07683333333333,0.7208166666666667,3.0,接近故障,critical,100.0,最佳状态,normal,1.0,弱泄漏,degraded,90.0,接近故障,critical,0,稳定,2,临界,3,False,route_maintenance_review,public-derived-cycle-feature-table
685,172.83718166666668,123.13503483333334,1.1228924999999998,2604.222333333333,3.2951716666666666,57.1118,0.7221666666666667,3.0,接近故障,critical,100.0,最佳状态,normal,1.0,弱泄漏,degraded,90.0,接近故障,critical,0,稳定,2,临界,3,False,route_maintenance_review,public-derived-cycle-feature-table
686,172.86114999999998,123.175505,1.1172283333333333,2604.9021333333335,3.3024283333333333,57.09946666666667,0.7187666666666667,3.0,接近故障,critical,100.0,最佳状态,normal,1.0,弱泄漏,degraded,90.0,接近故障,critical,0,稳定,2,临界,3,False,route_maintenance_review,public-derived-cycle-feature-table
687,172.85581166666665,123.17374466666666,1.115178,2605.322,3.3029,57.07896666666667,0.7099,3.0,接近故障,critical,100.0,最佳状态,normal,1.0,弱泄漏,degraded,90.0,接近故障,critical,0,稳定,2,临界,3,False,route_maintenance_review,public-derived-cycle-feature-table
688,172.792285,123.11274683333333,1.1219653333333335,2604.3986999999997,3.3007233333333335,57.113516666666676,0.7208500000000001,3.0,接近故障,critical,100.0,最佳状态,normal,1.0,弱泄漏,degraded,90.0,接近故障,critical,0,稳定,2,临界,3,False,route_maintenance_review,public-derived-cycle-feature-table
689,166.57684166666667,116.60345749999998,1.3038465000000001,2520.6795666666662,4.33742,57.18238333333334,0.6884500000000001,3.0,接近故障,critical,100.0,最佳状态,normal,1.0,弱泄漏,degraded,90.0,接近故障,critical,0,稳定,2,临界,3,False,route_maintenance_review,public-derived-cycle-feature-table
690,172.82118333333335,123.14784316666668,1.1181866666666667,2604.7613666666666,3.3127733333333333,57.11715000000001,0.7227499999999999,3.0,接近故障,critical,100.0,最佳状态,normal,1.0,弱泄漏,degraded,90.0,接近故障,critical,0,稳定,2,临界,3,False,route_maintenance_review,public-derived-cycle-feature-table
691,172.83359333333334,123.12109249999999,1.1185941666666668,2603.9770666666664,3.320368333333333,57.1419,0.7185666666666666,3.0,接近故障,critical,100.0,最佳状态,normal,1.0,弱泄漏,degraded,90.0,接近故障,critical,0,稳定,2,临界,3,False,route_maintenance_review,public-derived-cycle-feature-table
692,156.01130166666667,105.374992,1.732357,2363.072766666666,6.562388333333334,57.25726666666666,0.7061333333333334,3.0,接近故障,critical,100.0,最佳状态,normal,0.0,无泄漏,normal,90.0,接近故障,critical,1,未稳定,2,临界,2,False,route_maintenance_review,public-derived-cycle-feature-table
693,156.30558333333335,104.82788216666668,1.7151613333333335,2368.3433999999997,6.520648333333334,57.18999999999999,0.6952166666666667,3.0,接近故障,critical,73.0,接近故障,critical,0.0,无泄漏,normal,90.0,接近故障,critical,0,稳定,2,临界,3,False,route_maintenance_review,public-derived-cycle-feature-table
694,156.3565966666667,104.87062333333333,1.7098320000000002,2368.897133333333,6.518808333333333,57.13361666666667,0.6628333333333334,3.0,接近故障,critical,73.0,接近故障,critical,0.0,无泄漏,normal,90.0,接近故障,critical,0,稳定,2,临界,3,False,route_maintenance_review,public-derived-cycle-feature-table
695,156.33397333333332,104.89246550000001,1.7264651666666666,2370.0646333333334,6.521286666666667,57.08873333333334,0.6532833333333332,3.0,接近故障,critical,73.0,接近故障,critical,0.0,无泄漏,normal,90.0,接近故障,critical,0,稳定,2,临界,3,False,route_maintenance_review,public-derived-cycle-feature-table
696,156.365035,104.88860166666666,1.7173033333333332,2369.710633333333,6.530381666666667,57.01428333333334,0.6477500000000002,3.0,接近故障,critical,73.0,接近故障,critical,0.0,无泄漏,normal,90.0,接近故障,critical,0,稳定,2,临界,3,False,route_maintenance_review,public-derived-cycle-feature-table
697,156.397425,104.93065133333334,1.716495,2370.2947999999997,6.529776666666667,56.96403333333333,0.6416666666666667,3.0,接近故障,critical,73.0,接近故障,critical,0.0,无泄漏,normal,90.0,接近故障,critical,0,稳定,2,临界,3,False,route_maintenance_review,public-derived-cycle-feature-table
698,156.39872666666668,104.93318499999998,1.717020166666667,2370.5729666666666,6.5337950000000005,56.89573333333333,0.6456833333333335,3.0,接近故障,critical,73.0,接近故障,critical,0.0,无泄漏,normal,90.0,接近故障,critical,0,稳定,2,临界,3,False,route_maintenance_review,public-derived-cycle-feature-table
699,156.42144333333331,104.92396150000002,1.713083,2370.0798999999997,6.5299466666666675,56.828716666666665,0.6623833333333334,3.0,接近故障,critical,73.0,接近故障,critical,0.0,无泄漏,normal,90.0,接近故障,critical,0,稳定,2,临界,3,False,route_maintenance_review,public-derived-cycle-feature-table
700,156.40934333333334,104.91106566666666,1.7158695000000002,2371.2962666666667,6.526168333333333,56.750566666666664,0.65035,3.0,接近故障,critical,73.0,接近故障,critical,0.0,无泄漏,normal,90.0,接近故障,critical,0,稳定,2,临界,3,False,route_maintenance_review,public-derived-cycle-feature-table
701,156.44402333333335,104.9411375,1.7209375,2372.0398,6.530065,56.660250000000005,0.6445666666666667,3.0,接近故障,critical,73.0,接近故障,critical,0.0,无泄漏,normal,90.0,接近故障,critical,0,稳定,2,临界,3,False,route_maintenance_review,public-derived-cycle-feature-table
702,173.49928833333334,122.91338033333332,1.1398223333333333,2602.2453666666665,3.361838333333333,56.5494,0.7268500000000001,3.0,接近故障,critical,73.0,接近故障,critical,0.0,无泄漏,normal,90.0,接近故障,critical,0,稳定,2,临界,3,False,route_maintenance_review,public-derived-cycle-feature-table
703,156.27747000000002,105.14545933333333,1.7178125,2369.058,6.566295,56.719300000000004,0.6753166666666668,3.0,接近故障,critical,80.0,严重滞后,critical,0.0,无泄漏,normal,90.0,接近故障,critical,0,稳定,2,临界,3,False,route_maintenance_review,public-derived-cycle-feature-table
704,156.30785333333333,105.16524283333332,1.7165111666666666,2370.2828,6.559334999999999,56.62498333333334,0.6603166666666668,3.0,接近故障,critical,80.0,严重滞后,critical,0.0,无泄漏,normal,90.0,接近故障,critical,0,稳定,2,临界,3,False,route_maintenance_review,public-derived-cycle-feature-table
705,156.33671333333334,105.17750149999999,1.718423,2372.5397666666668,6.565311666666666,56.579899999999995,0.6518166666666667,3.0,接近故障,critical,80.0,严重滞后,critical,0.0,无泄漏,normal,90.0,接近故障,critical,0,稳定,2,临界,3,False,route_maintenance_review,public-derived-cycle-feature-table
706,156.39523833333334,105.22450333333333,1.7171955,2372.7662,6.5540899999999995,56.53353333333333,0.6427833333333334,3.0,接近故障,critical,80.0,严重滞后,critical,0.0,无泄漏,normal,90.0,接近故障,critical,0,稳定,2,临界,3,False,route_maintenance_review,public-derived-cycle-feature-table
707,156.39796666666666,105.2148195,1.7186899999999998,2373.3423000000003,6.559623333333333,56.47886666666666,0.6537666666666667,3.0,接近故障,critical,80.0,严重滞后,critical,0.0,无泄漏,normal,90.0,接近故障,critical,0,稳定,2,临界,3,False,route_maintenance_review,public-derived-cycle-feature-table
708,156.411325,105.22480016666667,1.7146766666666668,2374.5329,6.5616933333333325,56.44831666666666,0.6371166666666667,3.0,接近故障,critical,80.0,严重滞后,critical,0.0,无泄漏,normal,90.0,接近故障,critical,0,稳定,2,临界,3,False,route_maintenance_review,public-derived-cycle-feature-table
709,156.41004999999998,105.2677985,1.7185558333333333,2375.3681,6.565743333333333,56.36828333333332,0.6529499999999999,3.0,接近故障,critical,80.0,严重滞后,critical,0.0,无泄漏,normal,90.0,接近故障,critical,0,稳定,2,临界,3,False,route_maintenance_review,public-derived-cycle-feature-table
710,156.41714833333333,105.2587615,1.7092998333333331,2374.9575666666665,6.571815,56.350383333333326,0.6324,3.0,接近故障,critical,80.0,严重滞后,critical,0.0,无泄漏,normal,90.0,接近故障,critical,0,稳定,2,临界,3,False,route_maintenance_review,public-derived-cycle-feature-table
711,156.40498166666666,105.2637745,1.7161050000000002,2375.7466999999997,6.567868333333333,56.32433333333333,0.6378833333333334,3.0,接近故障,critical,80.0,严重滞后,critical,0.0,无泄漏,normal,90.0,接近故障,critical,0,稳定,2,临界,3,False,route_maintenance_review,public-derived-cycle-feature-table
712,156.393765,105.24125016666666,1.7161374999999999,2376.637933333333,6.567645,56.265966666666664,0.6240333333333333,3.0,接近故障,critical,80.0,严重滞后,critical,0.0,无泄漏,normal,90.0,接近故障,critical,0,稳定,2,临界,3,False,route_maintenance_review,public-derived-cycle-feature-table
713,156.32749166666665,105.4813445,1.7188341666666669,2376.5744333333337,6.5691749999999995,56.23911666666666,0.6263,3.0,接近故障,critical,90.0,轻微滞后,degraded,0.0,无泄漏,normal,90.0,接近故障,critical,0,稳定,2,临界,3,False,route_maintenance_review,public-derived-cycle-feature-table
714,156.34023,105.44525866666667,1.7203638333333335,2376.7427,6.579148333333333,56.17798333333333,0.6290999999999999,3.0,接近故障,critical,90.0,轻微滞后,degraded,0.0,无泄漏,normal,90.0,接近故障,critical,0,稳定,2,临界,3,False,route_maintenance_review,public-derived-cycle-feature-table
715,156.34174333333334,105.45874400000001,1.719221,2376.4328666666665,6.578376666666666,56.14783333333334,0.6459833333333335,3.0,接近故障,critical,90.0,轻微滞后,degraded,0.0,无泄漏,normal,90.0,接近故障,critical,0,稳定,2,临界,3,False,route_maintenance_review,public-derived-cycle-feature-table
716,156.34028833333332,105.4739045,1.7267651666666668,2376.9245333333333,6.572615000000001,56.072100000000006,0.6391333333333333,3.0,接近故障,critical,90.0,轻微滞后,degraded,0.0,无泄漏,normal,90.0,接近故障,critical,0,稳定,2,临界,3,False,route_maintenance_review,public-derived-cycle-feature-table
717,156.32836833333334,105.46331983333333,1.7155165,2375.2318666666665,6.575063333333333,56.03971666666667,0.6293833333333334,3.0,接近故障,critical,90.0,轻微滞后,degraded,0.0,无泄漏,normal,90.0,接近故障,critical,0,稳定,2,临界,3,False,route_maintenance_review,public-derived-cycle-feature-table
718,156.34294166666666,105.44453566666667,1.7153460000000003,2376.1061666666665,6.579406666666667,56.03825,0.6180833333333331,3.0,接近故障,critical,90.0,轻微滞后,degraded,0.0,无泄漏,normal,90.0,接近故障,critical,0,稳定,2,临界,3,False,route_maintenance_review,public-derived-cycle-feature-table
719,156.34863166666668,105.48386283333332,1.7106381666666666,2376.5991333333336,6.580746666666665,55.99935,0.6246166666666666,3.0,接近故障,critical,90.0,轻微滞后,degraded,0.0,无泄漏,normal,90.0,接近故障,critical,0,稳定,2,临界,3,False,route_maintenance_review,public-derived-cycle-feature-table
720,156.37823,105.48977433333333,1.7243181666666667,2377.6508666666664,6.584785,55.979350000000004,0.6207999999999999,3.0,接近故障,critical,90.0,轻微滞后,degraded,0.0,无泄漏,normal,90.0,接近故障,critical,0,稳定,2,临界,3,False,route_maintenance_review,public-derived-cycle-feature-table
721,156.38538,105.508927,1.717107,2378.114133333333,6.582036666666667,55.95805,0.6238499999999999,3.0,接近故障,critical,90.0,轻微滞后,degraded,0.0,无泄漏,normal,90.0,接近故障,critical,0,稳定,2,临界,3,False,route_maintenance_review,public-derived-cycle-feature-table
722,156.38953666666666,105.5128265,1.7210773333333333,2379.6531666666665,6.585179999999999,55.91779999999999,0.61875,3.0,接近故障,critical,90.0,轻微滞后,degraded,0.0,无泄漏,normal,90.0,接近故障,critical,0,稳定,2,临界,3,False,route_maintenance_review,public-derived-cycle-feature-table
723,156.32051166666668,105.63191333333333,1.7299261666666665,2377.428966666667,6.584345,55.90200000000001,0.6456999999999999,3.0,接近故障,critical,100.0,最佳状态,normal,0.0,无泄漏,normal,90.0,接近故障,critical,0,稳定,2,临界,2,False,route_maintenance_review,public-derived-cycle-feature-table
724,156.35408666666666,105.65718433333333,1.724477833333333,2380.6788666666666,6.57918,55.87623333333334,0.6273000000000001,3.0,接近故障,critical,100.0,最佳状态,normal,0.0,无泄漏,normal,90.0,接近故障,critical,0,稳定,2,临界,2,False,route_maintenance_review,public-derived-cycle-feature-table
725,156.32823833333333,105.66433883333335,1.7241096666666669,2379.6042333333335,6.570633333333332,55.821733333333334,0.6059500000000001,3.0,接近故障,critical,100.0,最佳状态,normal,0.0,无泄漏,normal,90.0,接近故障,critical,0,稳定,2,临界,2,False,route_maintenance_review,public-derived-cycle-feature-table
726,156.33472666666665,105.667524,1.7306145,2380.6231666666667,6.5693383333333335,55.81901666666666,0.6277666666666667,3.0,接近故障,critical,100.0,最佳状态,normal,0.0,无泄漏,normal,90.0,接近故障,critical,0,稳定,2,临界,2,False,route_maintenance_review,public-derived-cycle-feature-table
727,156.34535333333335,105.66302616666667,1.7186506666666668,2381.3405666666663,6.56886,55.75393333333332,0.6267999999999999,3.0,接近故障,critical,100.0,最佳状态,normal,0.0,无泄漏,normal,90.0,接近故障,critical,0,稳定,2,临界,2,False,route_maintenance_review,public-derived-cycle-feature-table
728,156.345115,105.67706949999999,1.721326,2382.8863333333334,6.583471666666667,55.76046666666666,0.61695,3.0,接近故障,critical,100.0,最佳状态,normal,0.0,无泄漏,normal,90.0,接近故障,critical,0,稳定,2,临界,2,False,route_maintenance_review,public-derived-cycle-feature-table
729,156.35582666666667,105.67559983333334,1.7327821666666665,2386.2609666666663,6.579226666666667,55.73623333333333,0.6160666666666667,3.0,接近故障,critical,100.0,最佳状态,normal,0.0,无泄漏,normal,90.0,接近故障,critical,0,稳定,2,临界,2,False,route_maintenance_review,public-derived-cycle-feature-table
730,156.34083666666666,105.66141266666668,1.7331733333333335,2383.6684333333333,6.573011666666666,55.70171666666666,0.6205333333333333,3.0,接近故障,critical,100.0,最佳状态,normal,0.0,无泄漏,normal,90.0,接近故障,critical,0,稳定,2,临界,2,False,route_maintenance_review,public-derived-cycle-feature-table
731,156.34548,105.68075733333333,1.7269728333333332,2379.589,6.569325,55.70074999999999,0.6205166666666667,3.0,接近故障,critical,100.0,最佳状态,normal,0.0,无泄漏,normal,90.0,接近故障,critical,0,稳定,2,临界,2,False,route_maintenance_review,public-derived-cycle-feature-table
732,156.36649666666668,105.66925416666668,1.7355023333333333,2379.244233333333,6.583853333333333,55.684349999999995,0.6180500000000001,3.0,接近故障,critical,100.0,最佳状态,normal,0.0,无泄漏,normal,90.0,接近故障,critical,0,稳定,2,临界,2,False,route_maintenance_review,public-derived-cycle-feature-table
733,156.39498166666667,105.68235633333335,1.7379715,2380.354,6.579883333333333,55.616566666666664,0.6351166666666667,20.0,效率降低,degraded,100.0,最佳状态,normal,0.0,无泄漏,normal,90.0,接近故障,critical,1,未稳定,2,临界,2,False,route_maintenance_review,public-derived-cycle-feature-table
734,156.51371833333334,105.79131933333333,1.7411718333333333,2384.133733333333,6.572621666666667,54.83369999999999,0.6116499999999999,20.0,效率降低,degraded,100.0,最佳状态,normal,0.0,无泄漏,normal,90.0,接近故障,critical,1,未稳定,2,临界,2,False,route_maintenance_review,public-derived-cycle-feature-table
735,156.62059,105.87894116666669,1.7347194999999997,2390.7925999999998,6.587536666666668,54.040483333333334,0.61255,20.0,效率降低,degraded,100.0,最佳状态,normal,0.0,无泄漏,normal,90.0,接近故障,critical,1,未稳定,2,临界,2,False,route_maintenance_review,public-derived-cycle-feature-table
736,156.74108,105.97058650000001,1.7399178333333336,2395.2073333333333,6.589428333333333,53.402816666666666,0.6044833333333333,20.0,效率降低,degraded,100.0,最佳状态,normal,0.0,无泄漏,normal,90.0,接近故障,critical,1,未稳定,2,临界,2,False,route_maintenance_review,public-derived-cycle-feature-table
737,156.79845333333333,106.00430833333336,1.7432701666666666,2400.387166666667,6.59196,52.866949999999996,0.6081499999999999,20.0,效率降低,degraded,100.0,最佳状态,normal,0.0,无泄漏,normal,90.0,接近故障,critical,1,未稳定,2,临界,2,False,route_maintenance_review,public-derived-cycle-feature-table
738,156.85824666666667,106.03545333333332,1.7417241666666665,2401.932533333333,6.598355,52.35418333333334,0.6003999999999999,20.0,效率降低,degraded,100.0,最佳状态,normal,0.0,无泄漏,normal,90.0,接近故障,critical,1,未稳定,2,临界,2,False,route_maintenance_review,public-derived-cycle-feature-table
739,156.97032833333333,106.11233666666666,1.7460435,2406.454566666667,6.604841666666666,51.927183333333325,0.6027,20.0,效率降低,degraded,100.0,最佳状态,normal,0.0,无泄漏,normal,90.0,接近故障,critical,1,未稳定,2,临界,2,False,route_maintenance_review,public-derived-cycle-feature-table
740,157.05513833333333,106.19496133333334,1.7453130000000001,2410.427366666667,6.610788333333333,51.56235,0.59865,20.0,效率降低,degraded,100.0,最佳状态,normal,0.0,无泄漏,normal,90.0,接近故障,critical,1,未稳定,2,临界,2,False,route_maintenance_review,public-derived-cycle-feature-table
741,157.09411333333335,106.22487533333334,1.7459088333333332,2412.3623333333335,6.602768333333333,51.15366666666666,0.5924999999999999,20.0,效率降低,degraded,100.0,最佳状态,normal,0.0,无泄漏,normal,90.0,接近故障,critical,1,未稳定,2,临界,2,False,route_maintenance_review,public-derived-cycle-feature-table
742,157.17695,106.297451,1.7532485,2413.9955,6.608311666666666,50.826066666666655,0.59325,20.0,效率降低,degraded,100.0,最佳状态,normal,0.0,无泄漏,normal,90.0,接近故障,critical,1,未稳定,2,临界,2,False,route_maintenance_review,public-derived-cycle-feature-table
743,157.21838,106.3449595,1.7571200000000002,2416.640633333333,6.606299999999999,50.551816666666674,0.59625,20.0,效率降低,degraded,100.0,最佳状态,normal,0.0,无泄漏,normal,90.0,接近故障,critical,1,未稳定,2,临界,2,False,route_maintenance_review,public-derived-cycle-feature-table
744,157.29922333333332,106.4139725,1.7578466666666666,2419.3899,6.610331666666667,50.29575,0.5957166666666666,20.0,效率降低,degraded,100.0,最佳状态,normal,0.0,无泄漏,normal,90.0,接近故障,critical,1,未稳定,2,临界,2,False,route_maintenance_review,public-derived-cycle-feature-table
745,157.36389666666668,106.48186233333335,1.7570499999999998,2420.1747666666665,6.626813333333333,50.064650000000015,0.5951,20.0,效率降低,degraded,100.0,最佳状态,normal,0.0,无泄漏,normal,90.0,接近故障,critical,1,未稳定,2,临界,2,False,route_maintenance_review,public-derived-cycle-feature-table
746,157.42090833333333,106.51326466666667,1.7616131666666668,2422.4923999999996,6.619996666666666,49.829600000000006,0.60205,20.0,效率降低,degraded,100.0,最佳状态,normal,0.0,无泄漏,normal,90.0,接近故障,critical,1,未稳定,2,临界,2,False,route_maintenance_review,public-derived-cycle-feature-table
747,157.44922333333335,106.55494766666666,1.7619403333333332,2422.3608,6.611695,49.64878333333332,0.59755,20.0,效率降低,degraded,100.0,最佳状态,normal,0.0,无泄漏,normal,90.0,接近故障,critical,1,未稳定,2,临界,2,False,route_maintenance_review,public-derived-cycle-feature-table
748,157.49885833333332,106.57205950000001,1.7582153333333335,2422.912533333333,6.612963333333334,49.44418333333333,0.5929833333333333,20.0,效率降低,degraded,100.0,最佳状态,normal,0.0,无泄漏,normal,90.0,接近故障,critical,1,未稳定,2,临界,2,False,route_maintenance_review,public-derived-cycle-feature-table
749,157.56042666666664,106.64620633333331,1.7652611666666664,2425.557,6.619833333333334,49.26983333333333,0.5928833333333333,20.0,效率降低,degraded,100.0,最佳状态,normal,0.0,无泄漏,normal,90.0,接近故障,critical,1,未稳定,2,临界,2,False,route_maintenance_review,public-derived-cycle-feature-table
750,157.6005233333333,106.67534950000001,1.757428,2426.8256,6.619078333333333,49.10301666666666,0.5932999999999998,20.0,效率降低,degraded,100.0,最佳状态,normal,0.0,无泄漏,normal,90.0,接近故障,critical,1,未稳定,2,临界,2,False,route_maintenance_review,public-derived-cycle-feature-table
751,157.62243500000002,106.69570016666667,1.7640373333333335,2426.3787666666667,6.617450000000001,48.97019999999999,0.5953666666666666,20.0,效率降低,degraded,100.0,最佳状态,normal,0.0,无泄漏,normal,90.0,接近故障,critical,1,未稳定,2,临界,2,False,route_maintenance_review,public-derived-cycle-feature-table
752,157.64981166666664,106.726237,1.757929,2428.6219666666666,6.62032,48.826,0.5954333333333334,20.0,效率降低,degraded,100.0,最佳状态,normal,0.0,无泄漏,normal,90.0,接近故障,critical,1,未稳定,2,临界,2,False,route_maintenance_review,public-derived-cycle-feature-table
753,157.67917500000001,106.75142083333334,1.7582323333333334,2430.6573333333336,6.628410000000001,48.71768333333333,0.5924666666666668,20.0,效率降低,degraded,100.0,最佳状态,normal,0.0,无泄漏,normal,90.0,接近故障,critical,1,未稳定,2,临界,2,False,route_maintenance_review,public-derived-cycle-feature-table
754,157.72889166666667,106.76782883333334,1.7651146666666666,2432.6734666666666,6.62945,48.59590000000001,0.5953333333333333,20.0,效率降低,degraded,100.0,最佳状态,normal,0.0,无泄漏,normal,90.0,接近故障,critical,1,未稳定,2,临界,2,False,route_maintenance_review,public-derived-cycle-feature-table
755,157.73134666666667,106.79135416666666,1.765287833333333,2433.4087,6.62626,48.50156666666667,0.5955166666666668,20.0,效率降低,degraded,100.0,最佳状态,normal,0.0,无泄漏,normal,90.0,接近故障,critical,1,未稳定,2,临界,2,False,route_maintenance_review,public-derived-cycle-feature-table
756,157.768325,106.81660933333333,1.7726278333333334,2434.1609,6.630953333333333,48.402233333333335,0.6003499999999999,20.0,效率降低,degraded,100.0,最佳状态,normal,0.0,无泄漏,normal,90.0,接近故障,critical,1,未稳定,2,临界,2,False,route_maintenance_review,public-derived-cycle-feature-table
757,157.78074333333333,106.84180866666668,1.7535749999999999,2436.6641333333337,6.627953333333333,48.31944999999999,0.5885499999999998,20.0,效率降低,degraded,100.0,最佳状态,normal,0.0,无泄漏,normal,90.0,接近故障,critical,1,未稳定,2,临界,2,False,route_maintenance_review,public-derived-cycle-feature-table
758,157.83074166666665,106.86778816666667,1.7628233333333332,2437.580966666667,6.6353800000000005,48.25505,0.6002333333333334,20.0,效率降低,degraded,100.0,最佳状态,normal,0.0,无泄漏,normal,90.0,接近故障,critical,1,未稳定,2,临界,2,False,route_maintenance_review,public-derived-cycle-feature-table
759,157.849355,106.89691200000001,1.7730476666666666,2438.9613,6.63145,48.19785,0.5925499999999999,20.0,效率降低,degraded,100.0,最佳状态,normal,0.0,无泄漏,normal,90.0,接近故障,critical,1,未稳定,2,临界,2,False,route_maintenance_review,public-derived-cycle-feature-table
760,157.855815,106.8987305,1.7662003333333332,2439.9898333333335,6.628801666666667,48.12743333333333,0.5947833333333333,20.0,效率降低,degraded,100.0,最佳状态,normal,0.0,无泄漏,normal,90.0,接近故障,critical,1,未稳定,2,临界,2,False,route_maintenance_review,public-derived-cycle-feature-table
761,157.87428666666665,106.91293566666668,1.7672396666666668,2439.2570333333333,6.631481666666666,48.052099999999996,0.5871666666666666,20.0,效率降低,degraded,100.0,最佳状态,normal,0.0,无泄漏,normal,90.0,接近故障,critical,1,未稳定,2,临界,2,False,route_maintenance_review,public-derived-cycle-feature-table
762,157.910305,106.93970133333333,1.7712086666666667,2438.8743999999997,6.628284999999999,48.01213333333333,0.5864499999999998,20.0,效率降低,degraded,100.0,最佳状态,normal,0.0,无泄漏,normal,90.0,接近故障,critical,1,未稳定,2,临界,2,False,route_maintenance_review,public-derived-cycle-feature-table
763,157.90751,106.94681399999999,1.764891166666667,2437.0248333333334,6.63323,47.96613333333334,0.5890333333333332,20.0,效率降低,degraded,100.0,最佳状态,normal,0.0,无泄漏,normal,90.0,接近故障,critical,1,未稳定,2,临界,2,False,route_maintenance_review,public-derived-cycle-feature-table
764,157.90997000000002,106.97393616666666,1.7792255,2436.2155,6.626108333333334,47.88185,0.5953333333333333,20.0,效率降低,degraded,100.0,最佳状态,normal,0.0,无泄漏,normal,90.0,接近故障,critical,1,未稳定,2,临界,2,False,route_maintenance_review,public-derived-cycle-feature-table
765,157.90233666666666,106.94133849999999,1.7775933333333334,2437.0411999999997,6.624798333333334,47.82413333333333,0.5917833333333334,20.0,效率降低,degraded,100.0,最佳状态,normal,0.0,无泄漏,normal,90.0,接近故障,critical,1,未稳定,2,临界,2,False,route_maintenance_review,public-derived-cycle-feature-table
766,157.9486816666667,106.97327566666667,1.7713258333333337,2436.3070666666663,6.6298200000000005,47.77179999999999,0.6027500000000001,20.0,效率降低,degraded,100.0,最佳状态,normal,0.0,无泄漏,normal,90.0,接近故障,critical,1,未稳定,2,临界,2,False,route_maintenance_review,public-derived-cycle-feature-table
767,157.95934333333335,107.00325216666667,1.7794729999999999,2437.4478666666664,6.623545,47.715999999999994,0.6094166666666666,20.0,效率降低,degraded,100.0,最佳状态,normal,0.0,无泄漏,normal,90.0,接近故障,critical,1,未稳定,2,临界,2,False,route_maintenance_review,public-derived-cycle-feature-table
768,157.96398333333335,107.02413683333333,1.7786355,2439.741233333333,6.625646666666668,47.68105,0.6100833333333333,20.0,效率降低,degraded,100.0,最佳状态,normal,0.0,无泄漏,normal,90.0,接近故障,critical,1,未稳定,2,临界,2,False,route_maintenance_review,public-derived-cycle-feature-table
769,157.95919333333333,107.05212816666666,1.7819633333333331,2440.3606333333337,6.630539999999999,47.64623333333334,0.6102000000000001,20.0,效率降低,degraded,100.0,最佳状态,normal,0.0,无泄漏,normal,90.0,接近故障,critical,1,未稳定,2,临界,2,False,route_maintenance_review,public-derived-cycle-feature-table
770,157.98342333333335,107.04632433333333,1.7855496666666668,2439.9112333333337,6.629115,47.61109999999999,0.6116833333333334,20.0,效率降低,degraded,100.0,最佳状态,normal,0.0,无泄漏,normal,90.0,接近故障,critical,1,未稳定,2,临界,2,False,route_maintenance_review,public-derived-cycle-feature-table
771,157.99379000000002,107.05686166666665,1.7926566666666668,2440.1193000000003,6.6305466666666675,47.56246666666667,0.6018166666666666,20.0,效率降低,degraded,100.0,最佳状态,normal,0.0,无泄漏,normal,90.0,接近故障,critical,1,未稳定,2,临界,2,False,route_maintenance_review,public-derived-cycle-feature-table
772,158.01235333333332,107.1006515,1.7858095,2441.2921,6.643676666666667,47.53556666666667,0.6016999999999999,20.0,效率降低,degraded,100.0,最佳状态,normal,0.0,无泄漏,normal,90.0,接近故障,critical,1,未稳定,2,临界,2,False,route_maintenance_review,public-derived-cycle-feature-table
773,158.03375,107.102963,1.7853726666666667,2442.896233333334,6.636858333333333,47.49145,0.5951666666666667,20.0,效率降低,degraded,100.0,最佳状态,normal,0.0,无泄漏,normal,90.0,接近故障,critical,1,未稳定,2,临界,2,False,route_maintenance_review,public-derived-cycle-feature-table
774,158.05827833333333,107.13891283333332,1.787269,2443.0297,6.637253333333334,47.474399999999996,0.5963999999999999,20.0,效率降低,degraded,100.0,最佳状态,normal,0.0,无泄漏,normal,90.0,接近故障,critical,1,未稳定,2,临界,2,False,route_maintenance_review,public-derived-cycle-feature-table
775,158.04647500000002,107.12291350000001,1.7864768333333334,2442.7999333333337,6.635070000000001,47.448400000000014,0.5968833333333332,20.0,效率降低,degraded,100.0,最佳状态,normal,0.0,无泄漏,normal,90.0,接近故障,critical,1,未稳定,2,临界,2,False,route_maintenance_review,public-derived-cycle-feature-table
776,158.08271666666667,107.1488565,1.7869441666666668,2444.4018,6.6386400000000005,47.4243,0.6039666666666664,20.0,效率降低,degraded,100.0,最佳状态,normal,0.0,无泄漏,normal,90.0,接近故障,critical,1,未稳定,2,临界,2,False,route_maintenance_review,public-derived-cycle-feature-table
777,158.07738833333335,107.13280900000001,1.7879731666666667,2443.700233333333,6.632716666666667,47.38898333333334,0.5952,20.0,效率降低,degraded,100.0,最佳状态,normal,0.0,无泄漏,normal,90.0,接近故障,critical,1,未稳定,2,临界,2,False,route_maintenance_review,public-derived-cycle-feature-table
778,158.08973166666664,107.15730266666667,1.7975838333333334,2443.9127,6.641578333333333,47.37876666666666,0.5963333333333333,20.0,效率降低,degraded,100.0,最佳状态,normal,0.0,无泄漏,normal,90.0,接近故障,critical,1,未稳定,2,临界,2,False,route_maintenance_review,public-derived-cycle-feature-table
779,158.08974666666666,107.14272600000001,1.7872646666666667,2443.9323999999997,6.63452,47.35445000000001,0.5976333333333333,20.0,效率降低,degraded,100.0,最佳状态,normal,0.0,无泄漏,normal,90.0,接近故障,critical,1,未稳定,2,临界,2,False,route_maintenance_review,public-derived-cycle-feature-table
780,158.08625999999998,107.13764533333332,1.7827644999999999,2444.331733333334,6.648858333333333,47.31648333333333,0.5981833333333334,20.0,效率降低,degraded,100.0,最佳状态,normal,0.0,无泄漏,normal,90.0,接近故障,critical,1,未稳定,2,临界,2,False,route_maintenance_review,public-derived-cycle-feature-table
781,158.1072166666667,107.1417365,1.7851660000000003,2445.253833333333,6.635326666666668,47.29060000000001,0.5961666666666666,20.0,效率降低,degraded,100.0,最佳状态,normal,0.0,无泄漏,normal,90.0,接近故障,critical,1,未稳定,2,临界,2,False,route_maintenance_review,public-derived-cycle-feature-table
782,158.129445,107.17462116666665,1.7838358333333333,2445.629066666667,6.654656666666667,47.282166666666676,0.6001333333333335,20.0,效率降低,degraded,100.0,最佳状态,normal,0.0,无泄漏,normal,90.0,接近故障,critical,1,未稳定,2,临界,2,False,route_maintenance_review,public-derived-cycle-feature-table
783,158.1283183333333,107.16625350000001,1.7889495,2445.411466666667,6.645401666666666,47.277016666666675,0.6003333333333332,20.0,效率降低,degraded,100.0,最佳状态,normal,0.0,无泄漏,normal,90.0,接近故障,critical,1,未稳定,2,临界,2,False,route_maintenance_review,public-derived-cycle-feature-table
784,158.11738,107.17362516666665,1.7843348333333333,2445.7664333333337,6.647168333333333,47.23591666666667,0.6028,20.0,效率降低,degraded,100.0,最佳状态,normal,0.0,无泄漏,normal,90.0,接近故障,critical,1,未稳定,2,临界,2,False,route_maintenance_review,public-derived-cycle-feature-table
785,158.11347,107.15042483333335,1.779957,2445.182333333333,6.6557200000000005,47.24223333333334,0.6068666666666664,20.0,效率降低,degraded,100.0,最佳状态,normal,0.0,无泄漏,normal,90.0,接近故障,critical,1,未稳定,2,临界,2,False,route_maintenance_review,public-derived-cycle-feature-table
786,158.11293833333332,107.16653749999999,1.7818355,2445.2280666666666,6.651003333333334,47.217083333333335,0.6009666666666666,20.0,效率降低,degraded,100.0,最佳状态,normal,0.0,无泄漏,normal,90.0,接近故障,critical,1,未稳定,2,临界,2,False,route_maintenance_review,public-derived-cycle-feature-table
787,158.13119833333332,107.19207666666667,1.7762284999999998,2447.0368000000003,6.636936666666667,47.192800000000005,0.5970833333333333,20.0,效率降低,degraded,100.0,最佳状态,normal,0.0,无泄漏,normal,90.0,接近故障,critical,1,未稳定,2,临界,2,False,route_maintenance_review,public-derived-cycle-feature-table
788,158.14437833333335,107.21847266666667,1.7849773333333336,2446.7646333333337,6.636363333333334,47.1508,0.6016333333333334,20.0,效率降低,degraded,100.0,最佳状态,normal,0.0,无泄漏,normal,90.0,接近故障,critical,1,未稳定,2,临界,2,False,route_maintenance_review,public-derived-cycle-feature-table
789,158.155095,107.21433866666666,1.7812225,2445.2790666666665,6.636338333333333,47.129633333333324,0.5983499999999999,20.0,效率降低,degraded,100.0,最佳状态,normal,0.0,无泄漏,normal,90.0,接近故障,critical,1,未稳定,2,临界,2,False,route_maintenance_review,public-derived-cycle-feature-table
790,158.17694,107.21470716666667,1.7863518333333335,2447.1281000000004,6.6349149999999995,47.109183333333334,0.5973333333333334,20.0,效率降低,degraded,100.0,最佳状态,normal,0.0,无泄漏,normal,90.0,接近故障,critical,1,未稳定,2,临界,2,False,route_maintenance_review,public-derived-cycle-feature-table
791,158.15000166666667,107.19297583333334,1.7751765000000002,2446.3706666666667,6.647068333333333,47.10606666666667,0.5963499999999999,20.0,效率降低,degraded,100.0,最佳状态,normal,0.0,无泄漏,normal,90.0,接近故障,critical,1,未稳定,2,临界,2,False,route_maintenance_review,public-derived-cycle-feature-table
792,158.13380166666667,107.18266433333334,1.784506333333333,2446.455766666667,6.632575,47.09401666666666,0.5971833333333333,20.0,效率降低,degraded,100.0,最佳状态,normal,0.0,无泄漏,normal,90.0,接近故障,critical,1,未稳定,2,临界,2,False,route_maintenance_review,public-derived-cycle-feature-table
793,158.14897666666667,107.19491149999999,1.7838726666666664,2445.6838333333335,6.6365099999999995,47.085166666666666,0.5955166666666667,20.0,效率降低,degraded,100.0,最佳状态,normal,0.0,无泄漏,normal,90.0,接近故障,critical,1,未稳定,2,临界,2,False,route_maintenance_review,public-derived-cycle-feature-table
794,158.150285,107.21976466666666,1.7838538333333334,2443.8373,6.629265,47.07933333333334,0.6015166666666666,20.0,效率降低,degraded,100.0,最佳状态,normal,0.0,无泄漏,normal,90.0,接近故障,critical,1,未稳定,2,临界,2,False,route_maintenance_review,public-derived-cycle-feature-table
795,158.15729166666668,107.219991,1.785287833333333,2442.2478333333333,6.632131666666667,47.077116666666676,0.6037499999999999,20.0,效率降低,degraded,100.0,最佳状态,normal,0.0,无泄漏,normal,90.0,接近故障,critical,1,未稳定,2,临界,2,False,route_maintenance_review,public-derived-cycle-feature-table
796,158.16341,107.21822199999998,1.7888696666666668,2443.4299666666666,6.628963333333333,47.05956666666667,0.6015999999999999,20.0,效率降低,degraded,100.0,最佳状态,normal,0.0,无泄漏,normal,90.0,接近故障,critical,1,未稳定,2,临界,2,False,route_maintenance_review,public-derived-cycle-feature-table
797,158.16306833333334,107.214607,1.7794126666666668,2442.9005,6.6454716666666656,47.0525,0.5970666666666666,20.0,效率降低,degraded,100.0,最佳状态,normal,0.0,无泄漏,normal,90.0,接近故障,critical,1,未稳定,2,临界,2,False,route_maintenance_review,public-derived-cycle-feature-table
798,158.17347166666667,107.21976916666667,1.7851396666666666,2442.1566666666668,6.632201666666666,47.014916666666664,0.5993999999999999,20.0,效率降低,degraded,100.0,最佳状态,normal,0.0,无泄漏,normal,90.0,接近故障,critical,1,未稳定,2,临界,2,False,route_maintenance_review,public-derived-cycle-feature-table
799,158.19520166666666,107.21673533333333,1.7776243333333333,2442.5179666666663,6.630511666666666,47.00468333333333,0.6050666666666668,20.0,效率降低,degraded,100.0,最佳状态,normal,0.0,无泄漏,normal,90.0,接近故障,critical,1,未稳定,2,临界,2,False,route_maintenance_review,public-derived-cycle-feature-table
800,158.16896500000001,107.199652,1.7849708333333334,2444.2228999999998,6.633586666666667,46.99778333333333,0.6061666666666665,20.0,效率降低,degraded,100.0,最佳状态,normal,0.0,无泄漏,normal,90.0,接近故障,critical,1,未稳定,2,临界,2,False,route_maintenance_review,public-derived-cycle-feature-table
801,158.15457833333332,107.21947516666667,1.7786796666666667,2442.1269333333335,6.633438333333333,47.006866666666674,0.6143666666666667,20.0,效率降低,degraded,100.0,最佳状态,normal,0.0,无泄漏,normal,90.0,接近故障,critical,1,未稳定,2,临界,2,False,route_maintenance_review,public-derived-cycle-feature-table
802,158.1943816666667,107.24381383333333,1.788625666666667,2442.7311,6.6283183333333335,46.955749999999995,0.6205,20.0,效率降低,degraded,100.0,最佳状态,normal,0.0,无泄漏,normal,90.0,接近故障,critical,1,未稳定,2,临界,2,False,route_maintenance_review,public-derived-cycle-feature-table
803,158.17137333333332,107.19954016666668,1.7805063333333333,2443.1146666666664,6.627615,46.971783333333335,0.6224500000000001,20.0,效率降低,degraded,100.0,最佳状态,normal,0.0,无泄漏,normal,90.0,接近故障,critical,1,未稳定,2,临界,2,False,route_maintenance_review,public-derived-cycle-feature-table
804,158.19260500000001,107.21548666666665,1.7822955000000003,2440.704533333333,6.632508333333334,46.98863333333335,0.6170833333333334,20.0,效率降低,degraded,100.0,最佳状态,normal,0.0,无泄漏,normal,90.0,接近故障,critical,1,未稳定,2,临界,2,False,route_maintenance_review,public-derived-cycle-feature-table
805,158.17937166666667,107.19576583333333,1.786531166666667,2439.7276666666667,6.632726666666667,46.97588333333333,0.6176499999999999,20.0,效率降低,degraded,100.0,最佳状态,normal,0.0,无泄漏,normal,90.0,接近故障,critical,1,未稳定,2,临界,2,False,route_maintenance_review,public-derived-cycle-feature-table
806,158.19114833333336,107.20910883333332,1.7771350000000001,2442.933466666667,6.635503333333332,46.92351666666668,0.5973333333333334,20.0,效率降低,degraded,100.0,最佳状态,normal,0.0,无泄漏,normal,90.0,接近故障,critical,1,未稳定,2,临界,2,False,route_maintenance_review,public-derived-cycle-feature-table
807,158.19841666666667,107.23067383333333,1.7895293333333335,2440.385233333333,6.628863333333333,46.93683333333332,0.5987833333333332,20.0,效率降低,degraded,100.0,最佳状态,normal,0.0,无泄漏,normal,90.0,接近故障,critical,1,未稳定,2,临界,2,False,route_maintenance_review,public-derived-cycle-feature-table
808,158.19239833333333,107.20476516666668,1.7923181666666665,2442.082,6.629121666666667,46.93026666666667,0.5915499999999998,20.0,效率降低,degraded,100.0,最佳状态,normal,0.0,无泄漏,normal,90.0,接近故障,critical,1,未稳定,2,临界,2,False,route_maintenance_review,public-derived-cycle-feature-table
809,158.21083333333334,107.23967816666665,1.792668,2443.8358666666663,6.635578333333334,46.934999999999995,0.6047333333333333,20.0,效率降低,degraded,100.0,最佳状态,normal,0.0,无泄漏,normal,90.0,接近故障,critical,1,未稳定,2,临界,2,False,route_maintenance_review,public-derived-cycle-feature-table
810,158.21603000000002,107.21973700000001,1.7995138333333331,2447.4782333333333,6.638458333333333,46.95375000000001,0.6028999999999999,20.0,效率降低,degraded,100.0,最佳状态,normal,0.0,无泄漏,normal,90.0,接近故障,critical,1,未稳定,2,临界,2,False,route_maintenance_review,public-derived-cycle-feature-table
811,158.23758166666667,107.24790366666667,1.7977838333333334,2450.230466666667,6.63137,46.93775,0.5932,20.0,效率降低,degraded,100.0,最佳状态,normal,0.0,无泄漏,normal,90.0,接近故障,critical,1,未稳定,2,临界,2,False,route_maintenance_review,public-derived-cycle-feature-table
812,158.22576166666667,107.24827816666667,1.7952584999999999,2446.921,6.6339749999999995,46.909200000000006,0.5897333333333332,20.0,效率降低,degraded,100.0,最佳状态,normal,0.0,无泄漏,normal,90.0,接近故障,critical,1,未稳定,2,临界,2,False,route_maintenance_review,public-derived-cycle-feature-table
813,158.22417000000002,107.24962383333333,1.7844786666666665,2446.014533333333,6.630908333333333,46.90523333333333,0.5949833333333333,20.0,效率降低,degraded,100.0,最佳状态,normal,0.0,无泄漏,normal,90.0,接近故障,critical,1,未稳定,2,临界,2,False,route_maintenance_review,public-derived-cycle-feature-table
814,158.234855,107.25216966666666,1.7913631666666667,2446.5041333333334,6.630331666666666,46.89113333333333,0.59245,20.0,效率降低,degraded,100.0,最佳状态,normal,0.0,无泄漏,normal,90.0,接近故障,critical,1,未稳定,2,临界,2,False,route_maintenance_review,public-derived-cycle-feature-table
815,158.23986499999998,107.24791499999999,1.7886761666666668,2448.673533333333,6.63805,46.89755,0.5942166666666666,20.0,效率降低,degraded,100.0,最佳状态,normal,0.0,无泄漏,normal,90.0,接近故障,critical,1,未稳定,2,临界,2,False,route_maintenance_review,public-derived-cycle-feature-table
816,158.23245833333334,107.25753966666669,1.7874094999999997,2448.5941666666668,6.630649999999999,46.91071666666667,0.5942166666666665,20.0,效率降低,degraded,100.0,最佳状态,normal,0.0,无泄漏,normal,90.0,接近故障,critical,1,未稳定,2,临界,2,False,route_maintenance_review,public-derived-cycle-feature-table
817,158.24389166666666,107.23966683333332,1.7891848333333333,2445.0587,6.645803333333333,46.89896666666667,0.5966833333333333,20.0,效率降低,degraded,100.0,最佳状态,normal,0.0,无泄漏,normal,90.0,接近故障,critical,1,未稳定,2,临界,2,False,route_maintenance_review,public-derived-cycle-feature-table
818,158.21730333333335,107.24427516666665,1.7953715,2444.967133333333,6.631728333333333,46.89311666666667,0.5969666666666666,20.0,效率降低,degraded,100.0,最佳状态,normal,0.0,无泄漏,normal,90.0,接近故障,critical,1,未稳定,2,临界,2,False,route_maintenance_review,public-derived-cycle-feature-table
819,158.23199666666667,107.24732833333333,1.7958321666666663,2448.157066666666,6.635751666666667,46.89418333333334,0.5981166666666666,20.0,效率降低,degraded,100.0,最佳状态,normal,0.0,无泄漏,normal,90.0,接近故障,critical,1,未稳定,2,临界,2,False,route_maintenance_review,public-derived-cycle-feature-table
820,158.25390333333334,107.25436983333334,1.8048016666666669,2448.0014333333334,6.63395,46.88199999999999,0.5969833333333334,20.0,效率降低,degraded,100.0,最佳状态,normal,0.0,无泄漏,normal,90.0,接近故障,critical,1,未稳定,2,临界,2,False,route_maintenance_review,public-derived-cycle-feature-table
821,158.25453,107.26461466666667,1.7993141666666668,2449.3714,6.634366666666667,46.87618333333333,0.5984833333333334,20.0,效率降低,degraded,100.0,最佳状态,normal,0.0,无泄漏,normal,90.0,接近故障,critical,1,未稳定,2,临界,2,False,route_maintenance_review,public-derived-cycle-feature-table
822,158.24327333333335,107.26915166666666,1.7915148333333333,2444.611933333333,6.626026666666666,46.86853333333334,0.6053666666666668,20.0,效率降低,degraded,100.0,最佳状态,normal,0.0,无泄漏,normal,90.0,接近故障,critical,1,未稳定,2,临界,2,False,route_maintenance_review,public-derived-cycle-feature-table
823,158.24515333333335,107.268901,1.7858980000000002,2443.224333333333,6.623991666666667,46.850983333333325,0.5929999999999999,20.0,效率降低,degraded,100.0,最佳状态,normal,0.0,无泄漏,normal,90.0,接近故障,critical,1,未稳定,2,临界,2,False,route_maintenance_review,public-derived-cycle-feature-table
824,158.24351000000001,107.25347266666665,1.7944486666666666,2444.820233333333,6.624899999999999,46.82963333333333,0.5879333333333332,20.0,效率降低,degraded,100.0,最佳状态,normal,0.0,无泄漏,normal,90.0,接近故障,critical,1,未稳定,2,临界,2,False,route_maintenance_review,public-derived-cycle-feature-table
825,158.24161666666666,107.26218450000002,1.7895691666666669,2444.381,6.63169,46.83761666666667,0.5874833333333332,20.0,效率降低,degraded,100.0,最佳状态,normal,0.0,无泄漏,normal,90.0,接近故障,critical,1,未稳定,2,临界,2,False,route_maintenance_review,public-derived-cycle-feature-table
826,158.23359333333335,107.24294866666668,1.7928221666666666,2443.625466666667,6.639913333333334,46.854150000000004,0.5893166666666666,20.0,效率降低,degraded,100.0,最佳状态,normal,0.0,无泄漏,normal,90.0,接近故障,critical,1,未稳定,2,临界,2,False,route_maintenance_review,public-derived-cycle-feature-table
827,158.24458666666666,107.27049416666667,1.7794865,2443.0690666666665,6.625516666666667,46.82266666666667,0.5892166666666666,20.0,效率降低,degraded,100.0,最佳状态,normal,0.0,无泄漏,normal,90.0,接近故障,critical,1,未稳定,2,临界,2,False,route_maintenance_review,public-derived-cycle-feature-table
828,158.25427000000002,107.27931666666665,1.7883218333333335,2442.314033333333,6.638336666666667,46.7975,0.5890333333333333,20.0,效率降低,degraded,100.0,最佳状态,normal,0.0,无泄漏,normal,90.0,接近故障,critical,1,未稳定,2,临界,2,False,route_maintenance_review,public-derived-cycle-feature-table
829,158.25141166666666,107.26394316666666,1.7886441666666666,2442.5308333333332,6.640423333333334,46.79891666666667,0.5913666666666664,20.0,效率降低,degraded,100.0,最佳状态,normal,0.0,无泄漏,normal,90.0,接近故障,critical,1,未稳定,2,临界,2,False,route_maintenance_review,public-derived-cycle-feature-table
830,158.245745,107.27346283333334,1.7811961666666667,2442.8819666666664,6.626671666666667,46.80408333333333,0.5944333333333333,20.0,效率降低,degraded,100.0,最佳状态,normal,0.0,无泄漏,normal,90.0,接近故障,critical,1,未稳定,2,临界,2,False,route_maintenance_review,public-derived-cycle-feature-table
831,158.25252,107.27605599999998,1.7886533333333334,2442.1378,6.640945,46.79881666666666,0.5932666666666666,20.0,效率降低,degraded,100.0,最佳状态,normal,0.0,无泄漏,normal,90.0,接近故障,critical,1,未稳定,2,临界,2,False,route_maintenance_review,public-derived-cycle-feature-table
832,158.25428,107.26710516666668,1.7943296666666666,2442.1533666666664,6.63874,46.80211666666666,0.5904999999999999,20.0,效率降低,degraded,100.0,最佳状态,normal,0.0,无泄漏,normal,90.0,接近故障,critical,1,未稳定,2,临界,2,False,route_maintenance_review,public-derived-cycle-feature-table
833,158.25592,107.26686283333333,1.7879375,2442.0385999999994,6.636668333333334,46.800333333333334,0.5916333333333333,20.0,效率降低,degraded,100.0,最佳状态,normal,0.0,无泄漏,normal,90.0,接近故障,critical,1,未稳定,2,临界,2,False,route_maintenance_review,public-derived-cycle-feature-table
834,158.25399166666665,107.27122266666667,1.802455,2441.960833333333,6.627618333333333,46.792633333333335,0.5933499999999999,20.0,效率降低,degraded,100.0,最佳状态,normal,0.0,无泄漏,normal,90.0,接近故障,critical,1,未稳定,2,临界,2,False,route_maintenance_review,public-derived-cycle-feature-table
835,158.24761999999998,107.26350183333334,1.801846,2442.7538999999997,6.647718333333334,46.76666666666666,0.6039833333333333,20.0,效率降低,degraded,100.0,最佳状态,normal,0.0,无泄漏,normal,90.0,接近故障,critical,1,未稳定,2,临界,2,False,route_maintenance_review,public-derived-cycle-feature-table
836,158.26219666666665,107.26662466666667,1.8034275000000002,2443.8923999999997,6.636709999999999,46.75406666666666,0.6038166666666666,20.0,效率降低,degraded,100.0,最佳状态,normal,0.0,无泄漏,normal,90.0,接近故障,critical,1,未稳定,2,临界,2,False,route_maintenance_review,public-derived-cycle-feature-table
837,158.25712666666666,107.2586475,1.8051456666666665,2445.8070666666663,6.639291666666667,46.77125,0.6033999999999999,20.0,效率降低,degraded,100.0,最佳状态,normal,0.0,无泄漏,normal,90.0,接近故障,critical,1,未稳定,2,临界,2,False,route_maintenance_review,public-derived-cycle-feature-table
838,158.27894833333335,107.27719083333334,1.7971613333333334,2447.7378666666664,6.643505,46.7687,0.6017166666666667,20.0,效率降低,degraded,100.0,最佳状态,normal,0.0,无泄漏,normal,90.0,接近故障,critical,1,未稳定,2,临界,2,False,route_maintenance_review,public-derived-cycle-feature-table
839,158.27769833333335,107.29161433333333,1.7997435,2448.512166666667,6.636356666666667,46.78855,0.6002500000000002,20.0,效率降低,degraded,100.0,最佳状态,normal,0.0,无泄漏,normal,90.0,接近故障,critical,1,未稳定,2,临界,2,False,route_maintenance_review,public-derived-cycle-feature-table
840,158.27166833333334,107.28379433333335,1.8095588333333332,2448.3706,6.640253333333334,46.783766666666665,0.5980499999999999,20.0,效率降低,degraded,100.0,最佳状态,normal,0.0,无泄漏,normal,90.0,接近故障,critical,1,未稳定,2,临界,2,False,route_maintenance_review,public-derived-cycle-feature-table
841,158.26864666666665,107.31240216666666,1.8043924999999998,2449.3905999999997,6.633304999999999,46.78468333333335,0.6036166666666668,20.0,效率降低,degraded,100.0,最佳状态,normal,0.0,无泄漏,normal,90.0,接近故障,critical,1,未稳定,2,临界,2,False,route_maintenance_review,public-derived-cycle-feature-table
842,158.28398833333333,107.29500783333334,1.7940916666666666,2444.5561666666667,6.63171,46.76641666666667,0.5961333333333333,20.0,效率降低,degraded,100.0,最佳状态,normal,0.0,无泄漏,normal,90.0,接近故障,critical,1,未稳定,2,临界,2,False,route_maintenance_review,public-derived-cycle-feature-table
843,158.26740333333333,107.28910266666665,1.7940523333333331,2443.5100999999995,6.641978333333333,46.755283333333324,0.5953333333333333,20.0,效率降低,degraded,100.0,最佳状态,normal,0.0,无泄漏,normal,90.0,接近故障,critical,1,未稳定,2,临界,2,False,route_maintenance_review,public-derived-cycle-feature-table
844,158.27765666666667,107.28191483333335,1.78956,2444.947,6.641304999999999,46.74365,0.5994833333333333,20.0,效率降低,degraded,100.0,最佳状态,normal,0.0,无泄漏,normal,90.0,接近故障,critical,1,未稳定,2,临界,2,False,route_maintenance_review,public-derived-cycle-feature-table
845,158.30375,107.31369499999998,1.7884308333333332,2447.3989666666666,6.6438283333333334,46.73171666666666,0.6052833333333333,20.0,效率降低,degraded,100.0,最佳状态,normal,0.0,无泄漏,normal,90.0,接近故障,critical,1,未稳定,2,临界,2,False,route_maintenance_review,public-derived-cycle-feature-table
846,158.302685,107.32003183333333,1.7824273333333334,2447.4335,6.631131666666667,46.70983333333333,0.6026,20.0,效率降低,degraded,100.0,最佳状态,normal,0.0,无泄漏,normal,90.0,接近故障,critical,1,未稳定,2,临界,2,False,route_maintenance_review,public-derived-cycle-feature-table
847,158.313765,107.33091183333333,1.7909521666666666,2449.7034,6.635186666666667,46.7023,0.5996333333333332,20.0,效率降低,degraded,100.0,最佳状态,normal,0.0,无泄漏,normal,90.0,接近故障,critical,1,未稳定,2,临界,2,False,route_maintenance_review,public-derived-cycle-feature-table
848,158.31846166666668,107.3416195,1.7952568333333334,2449.3658,6.630908333333333,46.69276666666666,0.6006,20.0,效率降低,degraded,100.0,最佳状态,normal,0.0,无泄漏,normal,90.0,接近故障,critical,1,未稳定,2,临界,2,False,route_maintenance_review,public-derived-cycle-feature-table
849,158.31188333333333,107.31009783333333,1.7854593333333333,2446.7612666666664,6.631258333333333,46.71828333333334,0.6037166666666668,20.0,效率降低,degraded,100.0,最佳状态,normal,0.0,无泄漏,normal,90.0,接近故障,critical,1,未稳定,2,临界,2,False,route_maintenance_review,public-derived-cycle-feature-table
850,158.33191666666667,107.32025516666666,1.7906438333333334,2447.457266666667,6.632278333333333,46.70643333333332,0.6017166666666667,20.0,效率降低,degraded,100.0,最佳状态,normal,0.0,无泄漏,normal,90.0,接近故障,critical,1,未稳定,2,临界,2,False,route_maintenance_review,public-derived-cycle-feature-table
851,158.30114666666665,107.28192483333333,1.7924114999999998,2447.635133333333,6.628045,46.702016666666665,0.6043833333333333,20.0,效率降低,degraded,100.0,最佳状态,normal,0.0,无泄漏,normal,90.0,接近故障,critical,1,未稳定,2,临界,2,False,route_maintenance_review,public-derived-cycle-feature-table
852,158.30014,107.30474783333332,1.7873401666666668,2446.8145999999997,6.631471666666667,46.689566666666664,0.6036166666666666,20.0,效率降低,degraded,100.0,最佳状态,normal,0.0,无泄漏,normal,90.0,接近故障,critical,1,未稳定,2,临界,2,False,route_maintenance_review,public-derived-cycle-feature-table
853,158.29341833333334,107.29935166666667,1.79678,2447.1305999999995,6.644193333333333,46.674,0.5975499999999998,20.0,效率降低,degraded,100.0,最佳状态,normal,0.0,无泄漏,normal,90.0,接近故障,critical,1,未稳定,2,临界,2,False,route_maintenance_review,public-derived-cycle-feature-table
854,158.29643666666666,107.30105166666668,1.7911836666666665,2447.3135999999995,6.6452333333333335,46.66916666666667,0.5945833333333331,20.0,效率降低,degraded,100.0,最佳状态,normal,0.0,无泄漏,normal,90.0,接近故障,critical,1,未稳定,2,临界,2,False,route_maintenance_review,public-derived-cycle-feature-table
855,158.30137833333333,107.30461133333334,1.7959103333333333,2446.0697,6.642355,46.65956666666666,0.5944333333333333,20.0,效率降低,degraded,100.0,最佳状态,normal,0.0,无泄漏,normal,90.0,接近故障,critical,1,未稳定,2,临界,2,False,route_maintenance_review,public-derived-cycle-feature-table
856,158.30837166666666,107.32393516666666,1.7923381666666665,2446.103566666666,6.639383333333334,46.64905,0.5938999999999999,20.0,效率降低,degraded,100.0,最佳状态,normal,0.0,无泄漏,normal,90.0,接近故障,critical,1,未稳定,2,临界,2,False,route_maintenance_review,public-derived-cycle-feature-table
857,158.33003,107.34065733333334,1.7926468333333336,2445.048933333333,6.634495,46.635033333333325,0.6002833333333333,20.0,效率降低,degraded,100.0,最佳状态,normal,0.0,无泄漏,normal,90.0,接近故障,critical,1,未稳定,2,临界,2,False,route_maintenance_review,public-derived-cycle-feature-table
858,158.31059333333332,107.32045566666667,1.786426,2444.3372,6.648585000000001,46.63654999999999,0.6052,20.0,效率降低,degraded,100.0,最佳状态,normal,0.0,无泄漏,normal,90.0,接近故障,critical,1,未稳定,2,临界,2,False,route_maintenance_review,public-derived-cycle-feature-table
859,158.309855,107.32154633333334,1.7909968333333333,2443.175,6.6318850000000005,46.627966666666666,0.5992000000000001,20.0,效率降低,degraded,100.0,最佳状态,normal,0.0,无泄漏,normal,90.0,接近故障,critical,1,未稳定,2,临界,2,False,route_maintenance_review,public-derived-cycle-feature-table
860,158.31813666666667,107.33589283333335,1.8003631666666666,2444.0045333333333,6.639053333333333,46.62668333333333,0.6049666666666668,20.0,效率降低,degraded,100.0,最佳状态,normal,0.0,无泄漏,normal,90.0,接近故障,critical,1,未稳定,2,临界,2,False,route_maintenance_review,public-derived-cycle-feature-table
861,158.32012,107.353711,1.7935656666666666,2447.7117,6.637056666666666,46.63793333333333,0.60615,20.0,效率降低,degraded,100.0,最佳状态,normal,0.0,无泄漏,normal,90.0,接近故障,critical,1,未稳定,2,临界,2,False,route_maintenance_review,public-derived-cycle-feature-table
862,158.32883666666666,107.35606083333333,1.7865645,2449.0202,6.642445,46.634466666666654,0.6031166666666666,20.0,效率降低,degraded,100.0,最佳状态,normal,0.0,无泄漏,normal,90.0,接近故障,critical,1,未稳定,2,临界,2,False,route_maintenance_review,public-derived-cycle-feature-table
863,158.311,107.32815000000001,1.7929633333333335,2450.5072,6.646041666666667,46.639149999999994,0.6064666666666666,20.0,效率降低,degraded,100.0,最佳状态,normal,0.0,无泄漏,normal,90.0,接近故障,critical,1,未稳定,2,临界,2,False,route_maintenance_review,public-derived-cycle-feature-table
864,158.32162,107.33465666666666,1.7944328333333333,2449.8438,6.634848333333333,46.62419999999999,0.6017833333333332,20.0,效率降低,degraded,100.0,最佳状态,normal,0.0,无泄漏,normal,90.0,接近故障,critical,1,未稳定,2,临界,2,False,route_maintenance_review,public-derived-cycle-feature-table
865,158.30166666666668,107.32602399999999,1.8020195,2450.945,6.647570000000001,46.621399999999994,0.6027166666666669,20.0,效率降低,degraded,100.0,最佳状态,normal,0.0,无泄漏,normal,90.0,接近故障,critical,1,未稳定,2,临界,2,False,route_maintenance_review,public-derived-cycle-feature-table
866,158.29912,107.31165933333334,1.7960005,2449.6501333333335,6.63218,46.61335,0.5942333333333333,20.0,效率降低,degraded,100.0,最佳状态,normal,0.0,无泄漏,normal,90.0,接近故障,critical,1,未稳定,2,临界,2,False,route_maintenance_review,public-derived-cycle-feature-table
867,158.30953833333334,107.32406833333332,1.781247,2448.548433333333,6.635226666666667,46.60441666666666,0.5932166666666666,20.0,效率降低,degraded,100.0,最佳状态,normal,0.0,无泄漏,normal,90.0,接近故障,critical,1,未稳定,2,临界,2,False,route_maintenance_review,public-derived-cycle-feature-table
868,158.31342,107.31660199999999,1.7857509999999999,2449.136766666667,6.636891666666667,46.602616666666655,0.5943666666666666,20.0,效率降低,degraded,100.0,最佳状态,normal,0.0,无泄漏,normal,90.0,接近故障,critical,1,未稳定,2,临界,2,False,route_maintenance_review,public-derived-cycle-feature-table
869,158.32372666666666,107.33977833333333,1.7810478333333333,2450.2275,6.6490599999999995,46.60914999999999,0.5911666666666665,20.0,效率降低,degraded,100.0,最佳状态,normal,0.0,无泄漏,normal,90.0,接近故障,critical,1,未稳定,2,临界,2,False,route_maintenance_review,public-derived-cycle-feature-table
870,158.32785333333334,107.33219799999999,1.782593,2453.265933333333,6.634493333333333,46.61575,0.5943666666666666,20.0,效率降低,degraded,100.0,最佳状态,normal,0.0,无泄漏,normal,90.0,接近故障,critical,1,未稳定,2,临界,2,False,route_maintenance_review,public-derived-cycle-feature-table
871,158.32217500000002,107.34289400000002,1.7796086666666666,2455.1165,6.643713333333333,46.60481666666667,0.6010500000000001,20.0,效率降低,degraded,100.0,最佳状态,normal,0.0,无泄漏,normal,90.0,接近故障,critical,1,未稳定,2,临界,2,False,route_maintenance_review,public-derived-cycle-feature-table
872,158.32209333333336,107.34323783333332,1.7774904999999999,2456.1855,6.647133333333333,46.597466666666655,0.5822166666666667,20.0,效率降低,degraded,100.0,最佳状态,normal,0.0,无泄漏,normal,90.0,接近故障,critical,1,未稳定,2,临界,2,False,route_maintenance_review,public-derived-cycle-feature-table
873,158.30934166666665,107.32594083333333,1.7770525000000001,2452.9324333333334,6.641436666666666,46.586,0.6023999999999999,20.0,效率降低,degraded,100.0,最佳状态,normal,0.0,无泄漏,normal,90.0,接近故障,critical,1,未稳定,2,临界,2,False,route_maintenance_review,public-derived-cycle-feature-table
874,158.30828499999998,107.3239005,1.7770246666666665,2452.1013666666668,6.641146666666667,46.5923,0.7037666666666668,20.0,效率降低,degraded,100.0,最佳状态,normal,0.0,无泄漏,normal,90.0,接近故障,critical,1,未稳定,2,临界,2,False,route_maintenance_review,public-derived-cycle-feature-table
875,158.34005833333336,107.35813716666668,1.7788795,2452.3226333333337,6.6403783333333335,46.53843333333334,0.6101000000000002,20.0,效率降低,degraded,100.0,最佳状态,normal,0.0,无泄漏,normal,90.0,接近故障,critical,1,未稳定,2,临界,2,False,route_maintenance_review,public-derived-cycle-feature-table
876,158.33019166666665,107.347695,1.7805118333333334,2452.3509000000004,6.649446666666666,46.55791666666666,0.6137666666666667,20.0,效率降低,degraded,100.0,最佳状态,normal,0.0,无泄漏,normal,90.0,接近故障,critical,1,未稳定,2,临界,2,False,route_maintenance_review,public-derived-cycle-feature-table
877,158.31368333333336,107.34035366666666,1.7773165,2452.5223,6.63907,46.59703333333332,0.6058999999999999,20.0,效率降低,degraded,100.0,最佳状态,normal,0.0,无泄漏,normal,90.0,接近故障,critical,1,未稳定,2,临界,2,False,route_maintenance_review,public-derived-cycle-feature-table
878,158.32847500000003,107.34355416666666,1.7771678333333332,2452.201433333333,6.645661666666667,46.605233333333324,0.6081333333333333,20.0,效率降低,degraded,100.0,最佳状态,normal,0.0,无泄漏,normal,90.0,接近故障,critical,1,未稳定,2,临界,2,False,route_maintenance_review,public-derived-cycle-feature-table
879,158.30204166666667,107.31783916666667,1.7772973333333333,2453.1446333333333,6.6425133333333335,46.58619999999999,0.6122833333333333,20.0,效率降低,degraded,100.0,最佳状态,normal,0.0,无泄漏,normal,90.0,接近故障,critical,1,未稳定,2,临界,2,False,route_maintenance_review,public-derived-cycle-feature-table
880,158.33811500000002,107.35145233333331,1.7777558333333332,2449.8522333333335,6.639823333333334,46.58323333333333,0.6026166666666667,20.0,效率降低,degraded,100.0,最佳状态,normal,0.0,无泄漏,normal,90.0,接近故障,critical,1,未稳定,2,临界,2,False,route_maintenance_review,public-derived-cycle-feature-table
881,158.32932333333332,107.36194350000001,1.7818684999999999,2446.634266666667,6.640451666666667,46.55348333333333,0.5930833333333332,20.0,效率降低,degraded,100.0,最佳状态,normal,0.0,无泄漏,normal,90.0,接近故障,critical,1,未稳定,2,临界,2,False,route_maintenance_review,public-derived-cycle-feature-table
882,158.31755666666666,107.36201283333334,1.780031,2445.7855333333328,6.624381666666666,46.55636666666667,0.5951000000000001,20.0,效率降低,degraded,100.0,最佳状态,normal,0.0,无泄漏,normal,90.0,接近故障,critical,1,未稳定,2,临界,2,False,route_maintenance_review,public-derived-cycle-feature-table
883,158.3017233333333,107.3411655,1.7764178333333336,2448.5957,6.623808333333334,46.57861666666666,0.5841499999999998,20.0,效率降低,degraded,100.0,最佳状态,normal,0.0,无泄漏,normal,90.0,接近故障,critical,1,未稳定,2,临界,2,False,route_maintenance_review,public-derived-cycle-feature-table
884,158.30699333333334,107.35966433333334,1.7801448333333332,2446.9552,6.62198,46.59468333333333,0.5787333333333333,20.0,效率降低,degraded,100.0,最佳状态,normal,0.0,无泄漏,normal,90.0,接近故障,critical,1,未稳定,2,临界,2,False,route_maintenance_review,public-derived-cycle-feature-table
885,158.30556333333334,107.35841333333333,1.7748761666666668,2445.5351666666666,6.63105,46.58069999999999,0.5896999999999999,20.0,效率降低,degraded,100.0,最佳状态,normal,0.0,无泄漏,normal,90.0,接近故障,critical,1,未稳定,2,临界,2,False,route_maintenance_review,public-derived-cycle-feature-table
886,158.30509833333332,107.33281333333333,1.7775621666666666,2446.3093,6.631806666666666,46.53681666666667,0.5944166666666669,20.0,效率降低,degraded,100.0,最佳状态,normal,0.0,无泄漏,normal,90.0,接近故障,critical,1,未稳定,2,临界,2,False,route_maintenance_review,public-derived-cycle-feature-table
887,158.30780000000001,107.33550666666667,1.7789173333333335,2447.422733333333,6.630603333333333,46.53038333333334,0.6075333333333333,20.0,效率降低,degraded,100.0,最佳状态,normal,0.0,无泄漏,normal,90.0,接近故障,critical,1,未稳定,2,临界,2,False,route_maintenance_review,public-derived-cycle-feature-table
888,158.30881666666664,107.35484299999999,1.7808321666666664,2447.874133333333,6.627035,46.51463333333334,0.6108000000000001,20.0,效率降低,degraded,100.0,最佳状态,normal,0.0,无泄漏,normal,90.0,接近故障,critical,1,未稳定,2,临界,2,False,route_maintenance_review,public-derived-cycle-feature-table
889,158.33844833333333,107.37722266666667,1.7843196666666665,2447.3881666666666,6.635831666666666,46.50585,0.6093500000000003,20.0,效率降低,degraded,100.0,最佳状态,normal,0.0,无泄漏,normal,90.0,接近故障,critical,1,未稳定,2,临界,2,False,route_maintenance_review,public-derived-cycle-feature-table
890,158.30042166666667,107.35074266666666,1.7845308333333332,2444.5725999999995,6.638915,46.51865,0.6136,20.0,效率降低,degraded,100.0,最佳状态,normal,0.0,无泄漏,normal,90.0,接近故障,critical,1,未稳定,2,临界,2,False,route_maintenance_review,public-derived-cycle-feature-table
891,158.324255,107.36033833333333,1.7759926666666668,2445.4567999999995,6.635586666666667,46.49808333333333,0.6005666666666667,20.0,效率降低,degraded,100.0,最佳状态,normal,0.0,无泄漏,normal,90.0,接近故障,critical,1,未稳定,2,临界,2,False,route_maintenance_review,public-derived-cycle-feature-table
892,158.323565,107.35878449999998,1.7926311666666668,2446.4088333333334,6.633171666666667,46.48743333333333,0.5963166666666665,20.0,效率降低,degraded,100.0,最佳状态,normal,0.0,无泄漏,normal,90.0,接近故障,critical,1,未稳定,2,临界,2,False,route_maintenance_review,public-derived-cycle-feature-table
893,158.31604833333333,107.3611505,1.7913795,2445.7997333333333,6.633871666666667,46.477399999999996,0.5947,20.0,效率降低,degraded,100.0,最佳状态,normal,0.0,无泄漏,normal,90.0,接近故障,critical,1,未稳定,2,临界,2,False,route_maintenance_review,public-derived-cycle-feature-table
894,158.33345833333334,107.35951583333333,1.7934945,2446.9870333333333,6.647621666666667,46.47405,0.5960666666666667,20.0,效率降低,degraded,100.0,最佳状态,normal,0.0,无泄漏,normal,90.0,接近故障,critical,1,未稳定,2,临界,2,False,route_maintenance_review,public-derived-cycle-feature-table
895,158.31311166666666,107.37122999999998,1.7883991666666668,2447.229833333333,6.634813333333333,46.49326666666666,0.5919499999999999,20.0,效率降低,degraded,100.0,最佳状态,normal,0.0,无泄漏,normal,90.0,接近故障,critical,1,未稳定,2,临界,2,False,route_maintenance_review,public-derived-cycle-feature-table
896,158.32975833333333,107.38300100000001,1.7872216666666667,2446.9797666666664,6.632825,46.514233333333344,0.59265,20.0,效率降低,degraded,100.0,最佳状态,normal,0.0,无泄漏,normal,90.0,接近故障,critical,1,未稳定,2,临界,2,False,route_maintenance_review,public-derived-cycle-feature-table
897,158.29908,107.36787866666667,1.7830675,2446.8698666666664,6.632178333333333,46.51756666666666,0.5922999999999999,20.0,效率降低,degraded,100.0,最佳状态,normal,0.0,无泄漏,normal,90.0,接近故障,critical,1,未稳定,2,临界,2,False,route_maintenance_review,public-derived-cycle-feature-table
898,158.32635499999998,107.37925316666669,1.7761829999999996,2446.2822666666666,6.635448333333334,46.48598333333333,0.59495,20.0,效率降低,degraded,100.0,最佳状态,normal,0.0,无泄漏,normal,90.0,接近故障,critical,1,未稳定,2,临界,2,False,route_maintenance_review,public-derived-cycle-feature-table
899,158.32249666666667,107.3773895,1.7841533333333337,2444.7234666666664,6.634996666666668,46.474066666666666,0.6061666666666665,20.0,效率降低,degraded,100.0,最佳状态,normal,0.0,无泄漏,normal,90.0,接近故障,critical,1,未稳定,2,临界,2,False,route_maintenance_review,public-derived-cycle-feature-table
900,158.32556000000002,107.37874700000002,1.7796305000000001,2444.2758999999996,6.636791666666666,46.447966666666666,0.6022833333333334,20.0,效率降低,degraded,100.0,最佳状态,normal,0.0,无泄漏,normal,90.0,接近故障,critical,1,未稳定,2,临界,2,False,route_maintenance_review,public-derived-cycle-feature-table
901,158.3338216666667,107.37562516666665,1.7841571666666665,2445.2830666666664,6.641331666666666,46.46566666666666,0.6066333333333332,20.0,效率降低,degraded,100.0,最佳状态,normal,0.0,无泄漏,normal,90.0,接近故障,critical,1,未稳定,2,临界,2,False,route_maintenance_review,public-derived-cycle-feature-table
902,158.33408666666668,107.36300516666665,1.7937921666666667,2443.1875,6.6279449999999995,46.45998333333333,0.6099166666666666,20.0,效率降低,degraded,100.0,最佳状态,normal,0.0,无泄漏,normal,90.0,接近故障,critical,1,未稳定,2,临界,2,False,route_maintenance_review,public-derived-cycle-feature-table
903,158.33191,107.35577233333332,1.7968003333333333,2441.7545,6.630473333333333,46.450149999999994,0.6052666666666667,20.0,效率降低,degraded,100.0,最佳状态,normal,0.0,无泄漏,normal,90.0,接近故障,critical,1,未稳定,2,临界,2,False,route_maintenance_review,public-derived-cycle-feature-table
904,158.336765,107.38454649999997,1.7959120000000002,2441.738933333333,6.6405199999999995,46.46436666666668,0.6098999999999998,20.0,效率降低,degraded,100.0,最佳状态,normal,0.0,无泄漏,normal,90.0,接近故障,critical,1,未稳定,2,临界,2,False,route_maintenance_review,public-derived-cycle-feature-table
905,158.34873166666668,107.37246966666666,1.7854418333333333,2438.6557,6.638928333333333,46.47146666666667,0.6071833333333333,20.0,效率降低,degraded,100.0,最佳状态,normal,0.0,无泄漏,normal,90.0,接近故障,critical,1,未稳定,2,临界,2,False,route_maintenance_review,public-derived-cycle-feature-table
906,158.35635166666668,107.40152099999999,1.782909833333333,2438.816433333333,6.636621666666667,46.49924999999999,0.6064833333333333,20.0,效率降低,degraded,100.0,最佳状态,normal,0.0,无泄漏,normal,90.0,接近故障,critical,1,未稳定,2,临界,2,False,route_maintenance_review,public-derived-cycle-feature-table
907,158.34342833333335,107.38846483333333,1.7859996666666667,2438.4310666666665,6.633288333333334,46.49448333333333,0.6037,20.0,效率降低,degraded,100.0,最佳状态,normal,0.0,无泄漏,normal,90.0,接近故障,critical,1,未稳定,2,临界,2,False,route_maintenance_review,public-derived-cycle-feature-table
908,158.346915,107.39417466666667,1.7831111666666668,2439.9802,6.638441666666668,46.489616666666656,0.6098333333333333,20.0,效率降低,degraded,100.0,最佳状态,normal,0.0,无泄漏,normal,90.0,接近故障,critical,1,未稳定,2,临界,2,False,route_maintenance_review,public-derived-cycle-feature-table
909,158.34794333333332,107.39300233333333,1.785464,2442.755533333333,6.6422566666666665,46.471366666666654,0.59505,20.0,效率降低,degraded,100.0,最佳状态,normal,0.0,无泄漏,normal,90.0,接近故障,critical,1,未稳定,2,临界,2,False,route_maintenance_review,public-derived-cycle-feature-table
910,158.35427833333333,107.390352,1.7868051666666667,2443.0706999999998,6.635408333333333,46.491583333333324,0.6053666666666666,20.0,效率降低,degraded,100.0,最佳状态,normal,0.0,无泄漏,normal,90.0,接近故障,critical,1,未稳定,2,临界,2,False,route_maintenance_review,public-derived-cycle-feature-table
911,158.344555,107.38076483333332,1.7880325,2441.1265666666663,6.639176666666668,46.445233333333334,0.6015333333333331,20.0,效率降低,degraded,100.0,最佳状态,normal,0.0,无泄漏,normal,90.0,接近故障,critical,1,未稳定,2,临界,2,False,route_maintenance_review,public-derived-cycle-feature-table
912,158.34351666666666,107.39380133333333,1.7825266666666666,2439.483066666666,6.634695,46.45818333333333,0.6063500000000001,20.0,效率降低,degraded,100.0,最佳状态,normal,0.0,无泄漏,normal,90.0,接近故障,critical,1,未稳定,2,临界,2,False,route_maintenance_review,public-derived-cycle-feature-table
913,158.33547166666665,107.36000616666666,1.7872140000000003,2439.3196,6.630858333333333,46.44401666666666,0.6072666666666666,20.0,效率降低,degraded,100.0,最佳状态,normal,0.0,无泄漏,normal,90.0,接近故障,critical,1,未稳定,2,临界,2,False,route_maintenance_review,public-derived-cycle-feature-table
914,158.34706,107.373822,1.7836235,2442.228566666666,6.643118333333334,46.434349999999995,0.6173,20.0,效率降低,degraded,100.0,最佳状态,normal,0.0,无泄漏,normal,90.0,接近故障,critical,1,未稳定,2,临界,2,False,route_maintenance_review,public-derived-cycle-feature-table
915,158.36943999999997,107.423576,1.7890808333333335,2442.139933333333,6.6393683333333335,46.42615000000001,0.6161333333333334,20.0,效率降低,degraded,100.0,最佳状态,normal,0.0,无泄漏,normal,90.0,接近故障,critical,1,未稳定,2,临界,2,False,route_maintenance_review,public-derived-cycle-feature-table
916,158.364835,107.38383633333332,1.77907,2443.442433333333,6.63276,46.45001666666667,0.6152666666666667,20.0,效率降低,degraded,100.0,最佳状态,normal,0.0,无泄漏,normal,90.0,接近故障,critical,1,未稳定,2,临界,2,False,route_maintenance_review,public-derived-cycle-feature-table
917,158.40546333333333,107.44225533333334,1.7857483333333333,2446.0553666666665,6.636613333333333,46.42156666666666,0.6145833333333335,20.0,效率降低,degraded,100.0,最佳状态,normal,0.0,无泄漏,normal,90.0,接近故障,critical,1,未稳定,2,临界,2,False,route_maintenance_review,public-derived-cycle-feature-table
918,158.369235,107.37385350000001,1.7786826666666666,2444.6424666666667,6.639148333333333,46.42566666666666,0.6159499999999999,20.0,效率降低,degraded,100.0,最佳状态,normal,0.0,无泄漏,normal,90.0,接近故障,critical,1,未稳定,2,临界,2,False,route_maintenance_review,public-derived-cycle-feature-table
919,158.35245333333333,107.39390533333334,1.782745833333333,2442.7693666666664,6.637715,46.43891666666666,0.6251833333333333,20.0,效率降低,degraded,100.0,最佳状态,normal,0.0,无泄漏,normal,90.0,接近故障,critical,1,未稳定,2,临界,2,False,route_maintenance_review,public-derived-cycle-feature-table
920,158.36513166666666,107.37786216666666,1.7789883333333334,2440.982033333333,6.640486666666667,46.44551666666667,0.6266500000000002,20.0,效率降低,degraded,100.0,最佳状态,normal,0.0,无泄漏,normal,90.0,接近故障,critical,1,未稳定,2,临界,2,False,route_maintenance_review,public-derived-cycle-feature-table
921,158.36896000000002,107.3849265,1.7796139999999998,2441.0675333333334,6.63909,46.44573333333333,0.6276833333333334,20.0,效率降低,degraded,100.0,最佳状态,normal,0.0,无泄漏,normal,90.0,接近故障,critical,1,未稳定,2,临界,2,False,route_maintenance_review,public-derived-cycle-feature-table
922,158.40695666666667,107.4268825,1.7770615,2443.548133333333,6.63682,46.42231666666667,0.6250666666666668,20.0,效率降低,degraded,100.0,最佳状态,normal,0.0,无泄漏,normal,90.0,接近故障,critical,1,未稳定,2,临界,2,False,route_maintenance_review,public-derived-cycle-feature-table
923,158.3984,107.40299166666667,1.7877575000000003,2445.0582000000004,6.644091666666666,46.37948333333333,0.6245166666666668,20.0,效率降低,degraded,100.0,最佳状态,normal,0.0,无泄漏,normal,90.0,接近故障,critical,1,未稳定,2,临界,2,False,route_maintenance_review,public-derived-cycle-feature-table
924,158.38238833333335,107.41499233333332,1.7851035,2445.0035666666668,6.63936,46.372150000000005,0.6243,20.0,效率降低,degraded,100.0,最佳状态,normal,0.0,无泄漏,normal,90.0,接近故障,critical,1,未稳定,2,临界,2,False,route_maintenance_review,public-derived-cycle-feature-table
925,158.37679166666666,107.39909866666667,1.7903028333333333,2445.035533333333,6.642155,46.3914,0.6233666666666668,20.0,效率降低,degraded,100.0,最佳状态,normal,0.0,无泄漏,normal,90.0,接近故障,critical,1,未稳定,2,临界,2,False,route_maintenance_review,public-derived-cycle-feature-table
926,158.393765,107.396997,1.7820515000000001,2442.7471666666665,6.651726666666667,46.38161666666665,0.6152833333333334,20.0,效率降低,degraded,100.0,最佳状态,normal,0.0,无泄漏,normal,90.0,接近故障,critical,1,未稳定,2,临界,2,False,route_maintenance_review,public-derived-cycle-feature-table
927,158.38807333333332,107.420545,1.7797915,2442.8976666666667,6.637628333333334,46.37003333333333,0.6219000000000001,20.0,效率降低,degraded,100.0,最佳状态,normal,0.0,无泄漏,normal,90.0,接近故障,critical,1,未稳定,2,临界,2,False,route_maintenance_review,public-derived-cycle-feature-table
928,158.39378499999998,107.40575266666666,1.778302333333333,2440.9251999999997,6.653295000000001,46.37288333333333,0.6286833333333334,20.0,效率降低,degraded,100.0,最佳状态,normal,0.0,无泄漏,normal,90.0,接近故障,critical,1,未稳定,2,临界,2,False,route_maintenance_review,public-derived-cycle-feature-table
929,158.383705,107.38123116666667,1.7752921666666668,2437.2277,6.63379,46.379366666666655,0.6317833333333334,20.0,效率降低,degraded,100.0,最佳状态,normal,0.0,无泄漏,normal,90.0,接近故障,critical,1,未稳定,2,临界,2,False,route_maintenance_review,public-derived-cycle-feature-table
930,158.38837166666667,107.40344683333335,1.7891015000000001,2438.622,6.643090000000001,46.39003333333334,0.6259000000000001,20.0,效率降低,degraded,100.0,最佳状态,normal,0.0,无泄漏,normal,90.0,接近故障,critical,1,未稳定,2,临界,2,False,route_maintenance_review,public-derived-cycle-feature-table
931,158.37523499999998,107.38837233333332,1.775884,2444.9182,6.641318333333333,46.4059,0.6241000000000001,20.0,效率降低,degraded,100.0,最佳状态,normal,0.0,无泄漏,normal,90.0,接近故障,critical,1,未稳定,2,临界,2,False,route_maintenance_review,public-derived-cycle-feature-table
932,158.37653,107.40456766666667,1.7761636666666667,2445.0732666666668,6.6361083333333335,46.394749999999995,0.6182666666666666,20.0,效率降低,degraded,100.0,最佳状态,normal,0.0,无泄漏,normal,90.0,接近故障,critical,1,未稳定,2,临界,2,False,route_maintenance_review,public-derived-cycle-feature-table
933,158.49522833333333,107.52807666666666,1.7821526666666665,2448.040033333333,6.670769999999999,46.334833333333336,0.6209500000000001,20.0,效率降低,degraded,100.0,最佳状态,normal,0.0,无泄漏,normal,130.0,最佳压力,normal,1,未稳定,1,退化,1,False,route_maintenance_review,public-derived-cycle-feature-table
934,158.52659,107.57297466666668,1.7875415,2451.6381,6.655316666666666,46.341316666666664,0.6215500000000002,20.0,效率降低,degraded,100.0,最佳状态,normal,0.0,无泄漏,normal,130.0,最佳压力,normal,1,未稳定,1,退化,1,False,route_maintenance_review,public-derived-cycle-feature-table
935,158.49608833333335,107.52936299999999,1.7864946666666668,2452.810266666667,6.656106666666667,46.326633333333334,0.6204333333333334,20.0,效率降低,degraded,100.0,最佳状态,normal,0.0,无泄漏,normal,130.0,最佳压力,normal,1,未稳定,1,退化,1,False,route_maintenance_review,public-derived-cycle-feature-table
936,158.49673166666668,107.55765716666666,1.7914839999999999,2451.6049,6.659878333333333,46.341916666666656,0.6226833333333331,20.0,效率降低,degraded,100.0,最佳状态,normal,0.0,无泄漏,normal,130.0,最佳压力,normal,1,未稳定,1,退化,1,False,route_maintenance_review,public-derived-cycle-feature-table
937,158.5008,107.57433933333333,1.7953945,2449.4308,6.654155,46.345966666666655,0.6216,20.0,效率降低,degraded,100.0,最佳状态,normal,0.0,无泄漏,normal,130.0,最佳压力,normal,1,未稳定,1,退化,1,False,route_maintenance_review,public-derived-cycle-feature-table
938,158.50944166666667,107.56999533333334,1.7909003333333333,2448.5225,6.650978333333333,46.34611666666665,0.6177,20.0,效率降低,degraded,100.0,最佳状态,normal,0.0,无泄漏,normal,130.0,最佳压力,normal,1,未稳定,1,退化,1,False,route_maintenance_review,public-derived-cycle-feature-table
939,158.50549666666666,107.56554333333334,1.7833261666666664,2447.3775,6.651998333333333,46.34969999999999,0.6149000000000001,20.0,效率降低,degraded,100.0,最佳状态,normal,0.0,无泄漏,normal,130.0,最佳压力,normal,1,未稳定,1,退化,1,False,route_maintenance_review,public-derived-cycle-feature-table
940,158.50264333333334,107.55180283333334,1.7872711666666667,2449.0095999999994,6.668386666666667,46.343599999999995,0.6202,20.0,效率降低,degraded,100.0,最佳状态,normal,0.0,无泄漏,normal,130.0,最佳压力,normal,1,未稳定,1,退化,1,False,route_maintenance_review,public-derived-cycle-feature-table
941,158.48674833333334,107.56017066666666,1.7853286666666666,2445.3392666666664,6.6524833333333335,46.333099999999995,0.6175833333333334,20.0,效率降低,degraded,100.0,最佳状态,normal,0.0,无泄漏,normal,130.0,最佳压力,normal,1,未稳定,1,退化,1,False,route_maintenance_review,public-derived-cycle-feature-table
942,158.50388333333333,107.54715216666666,1.7838656666666666,2446.3654333333334,6.64218,46.28391666666667,0.6058833333333331,20.0,效率降低,degraded,100.0,最佳状态,normal,0.0,无泄漏,normal,130.0,最佳压力,normal,1,未稳定,1,退化,1,False,route_maintenance_review,public-derived-cycle-feature-table
943,157.88228833333332,107.10987116666666,1.7166394999999999,2473.657,6.366383333333333,46.2326,0.6092833333333335,20.0,效率降低,degraded,100.0,最佳状态,normal,2.0,严重泄漏,critical,130.0,最佳压力,normal,1,未稳定,2,临界,2,False,route_maintenance_review,public-derived-cycle-feature-table
944,158.08734333333334,106.52943199999999,1.7102255,2476.9067333333332,6.32524,46.1653,0.6140000000000001,20.0,效率降低,degraded,73.0,接近故障,critical,2.0,严重泄漏,critical,130.0,最佳压力,normal,0,稳定,2,临界,3,False,route_maintenance_review,public-derived-cycle-feature-table
945,158.10058833333335,106.57409483333333,1.7046799999999998,2474.3159333333333,6.326834999999999,46.113200000000006,0.6169499999999999,20.0,效率降低,degraded,73.0,接近故障,critical,2.0,严重泄漏,critical,130.0,最佳压力,normal,0,稳定,2,临界,3,False,route_maintenance_review,public-derived-cycle-feature-table
946,158.111455,106.52912033333332,1.7047185000000002,2473.7603999999997,6.316425000000001,46.07790000000001,0.6189500000000001,20.0,效率降低,degraded,73.0,接近故障,critical,2.0,严重泄漏,critical,130.0,最佳压力,normal,0,稳定,2,临界,3,False,route_maintenance_review,public-derived-cycle-feature-table
947,158.10924666666665,106.580828,1.7085061666666668,2474.1574333333333,6.340103333333333,46.0731,0.6153166666666666,20.0,效率降低,degraded,73.0,接近故障,critical,2.0,严重泄漏,critical,130.0,最佳压力,normal,0,稳定,2,临界,3,False,route_maintenance_review,public-derived-cycle-feature-table
948,158.09281666666666,106.54300149999999,1.7020088333333334,2473.908433333333,6.316893333333334,46.04678333333334,0.6226333333333334,20.0,效率降低,degraded,73.0,接近故障,critical,2.0,严重泄漏,critical,130.0,最佳压力,normal,0,稳定,2,临界,3,False,route_maintenance_review,public-derived-cycle-feature-table
949,158.08480833333334,106.57475533333331,1.7040534999999999,2472.9755666666665,6.318910000000001,46.02591666666667,0.6217166666666666,20.0,效率降低,degraded,73.0,接近故障,critical,2.0,严重泄漏,critical,130.0,最佳压力,normal,0,稳定,2,临界,3,False,route_maintenance_review,public-derived-cycle-feature-table
950,158.08563,106.54201516666667,1.706153166666667,2473.6635,6.32294,46.02315,0.61955,20.0,效率降低,degraded,73.0,接近故障,critical,2.0,严重泄漏,critical,130.0,最佳压力,normal,0,稳定,2,临界,3,False,route_maintenance_review,public-derived-cycle-feature-table
951,158.12823500000002,106.57982116666668,1.7041128333333333,2472.176833333333,6.327001666666668,46.00163333333333,0.6217166666666668,20.0,效率降低,degraded,73.0,接近故障,critical,2.0,严重泄漏,critical,130.0,最佳压力,normal,0,稳定,2,临界,3,False,route_maintenance_review,public-derived-cycle-feature-table
952,158.12718666666666,106.58852750000001,1.6992658333333335,2470.8834333333334,6.337238333333333,45.999249999999996,0.62605,20.0,效率降低,degraded,73.0,接近故障,critical,2.0,严重泄漏,critical,130.0,最佳压力,normal,0,稳定,2,临界,3,False,route_maintenance_review,public-derived-cycle-feature-table
953,158.09180333333333,106.55946083333333,1.7055931666666668,2469.3799,6.318951666666667,45.99961666666666,0.6199833333333333,20.0,效率降低,degraded,73.0,接近故障,critical,2.0,严重泄漏,critical,130.0,最佳压力,normal,0,稳定,2,临界,3,False,route_maintenance_review,public-derived-cycle-feature-table
954,157.97158333333334,106.81550283333333,1.7097235,2468.4797666666664,6.353788333333333,45.99443333333334,0.62535,20.0,效率降低,degraded,80.0,严重滞后,critical,2.0,严重泄漏,critical,130.0,最佳压力,normal,0,稳定,2,临界,3,False,route_maintenance_review,public-derived-cycle-feature-table
955,158.00055833333334,106.83386883333333,1.7095171666666664,2472.2112333333334,6.355245,45.987500000000004,0.6283999999999998,20.0,效率降低,degraded,80.0,严重滞后,critical,2.0,严重泄漏,critical,130.0,最佳压力,normal,0,稳定,2,临界,3,False,route_maintenance_review,public-derived-cycle-feature-table
956,157.99564333333336,106.815353,1.7124791666666668,2473.0478333333335,6.352975,45.956316666666666,0.62825,20.0,效率降低,degraded,80.0,严重滞后,critical,2.0,严重泄漏,critical,130.0,最佳压力,normal,0,稳定,2,临界,3,False,route_maintenance_review,public-derived-cycle-feature-table
957,158.00162833333334,106.82304800000001,1.719157166666667,2475.028733333333,6.3504700000000005,45.950700000000005,0.6283833333333333,20.0,效率降低,degraded,80.0,严重滞后,critical,2.0,严重泄漏,critical,130.0,最佳压力,normal,0,稳定,2,临界,3,False,route_maintenance_review,public-derived-cycle-feature-table
958,158.02095666666668,106.82416283333333,1.7098921666666664,2474.6531666666665,6.350893333333333,45.93288333333332,0.6328666666666668,20.0,效率降低,degraded,80.0,严重滞后,critical,2.0,严重泄漏,critical,130.0,最佳压力,normal,0,稳定,2,临界,3,False,route_maintenance_review,public-derived-cycle-feature-table
959,158.02208666666664,106.81821566666666,1.714533,2475.427133333333,6.354443333333333,45.9426,0.6339166666666667,20.0,效率降低,degraded,80.0,严重滞后,critical,2.0,严重泄漏,critical,130.0,最佳压力,normal,0,稳定,2,临界,3,False,route_maintenance_review,public-derived-cycle-feature-table
960,157.99965500000002,106.797696,1.7023840000000001,2472.4423666666667,6.353458333333333,45.95266666666667,0.6291166666666667,20.0,效率降低,degraded,80.0,严重滞后,critical,2.0,严重泄漏,critical,130.0,最佳压力,normal,0,稳定,2,临界,3,False,route_maintenance_review,public-derived-cycle-feature-table
961,158.01424333333333,106.81428533333334,1.709077,2470.8522999999996,6.350625,45.96728333333333,0.6320499999999998,20.0,效率降低,degraded,80.0,严重滞后,critical,2.0,严重泄漏,critical,130.0,最佳压力,normal,0,稳定,2,临界,3,False,route_maintenance_review,public-derived-cycle-feature-table
962,158.00049333333334,106.82915483333333,1.7085790000000003,2471.4292333333333,6.349333333333333,45.983349999999994,0.6319666666666668,20.0,效率降低,degraded,80.0,严重滞后,critical,2.0,严重泄漏,critical,130.0,最佳压力,normal,0,稳定,2,临界,3,False,route_maintenance_review,public-derived-cycle-feature-table
963,157.98169,106.80532283333334,1.70919,2474.2353666666663,6.352716666666667,45.98186666666666,0.6268500000000002,20.0,效率降低,degraded,80.0,严重滞后,critical,2.0,严重泄漏,critical,130.0,最佳压力,normal,0,稳定,2,临界,3,False,route_maintenance_review,public-derived-cycle-feature-table
964,157.92189833333333,107.02459700000001,1.7222489999999997,2472.439033333333,6.36662,45.98185,0.6266833333333331,20.0,效率降低,degraded,90.0,轻微滞后,degraded,2.0,严重泄漏,critical,130.0,最佳压力,normal,0,稳定,2,临界,3,False,route_maintenance_review,public-derived-cycle-feature-table
965,157.91117500000001,107.01239149999999,1.7178050000000002,2470.8538666666664,6.364098333333333,45.99243333333334,0.6278333333333334,20.0,效率降低,degraded,90.0,轻微滞后,degraded,2.0,严重泄漏,critical,130.0,最佳压力,normal,0,稳定,2,临界,3,False,route_maintenance_review,public-derived-cycle-feature-table
966,157.90956166666666,106.99323383333332,1.7179573333333331,2469.158633333333,6.364118333333334,46.0067,0.6246333333333335,20.0,效率降低,degraded,90.0,轻微滞后,degraded,2.0,严重泄漏,critical,130.0,最佳压力,normal,0,稳定,2,临界,3,False,route_maintenance_review,public-derived-cycle-feature-table
967,157.88262666666668,106.98822866666666,1.7136719999999999,2467.589933333333,6.363693333333333,46.00658333333333,0.6294333333333334,20.0,效率降低,degraded,90.0,轻微滞后,degraded,2.0,严重泄漏,critical,130.0,最佳压力,normal,0,稳定,2,临界,3,False,route_maintenance_review,public-derived-cycle-feature-table
968,157.90145333333334,107.00006166666667,1.7212399999999999,2467.5009666666665,6.362096666666668,46.01218333333335,0.6284666666666666,20.0,效率降低,degraded,90.0,轻微滞后,degraded,2.0,严重泄漏,critical,130.0,最佳压力,normal,0,稳定,2,临界,3,False,route_maintenance_review,public-derived-cycle-feature-table
969,157.89245499999998,106.99374683333332,1.7187786666666665,2466.4571333333333,6.364668333333333,46.01355000000001,0.6288499999999999,20.0,效率降低,degraded,90.0,轻微滞后,degraded,2.0,严重泄漏,critical,130.0,最佳压力,normal,0,稳定,2,临界,3,False,route_maintenance_review,public-derived-cycle-feature-table
970,157.89140333333333,107.01163833333332,1.7146811666666666,2467.4575999999997,6.369185,46.03978333333335,0.6261,20.0,效率降低,degraded,90.0,轻微滞后,degraded,2.0,严重泄漏,critical,130.0,最佳压力,normal,0,稳定,2,临界,3,False,route_maintenance_review,public-derived-cycle-feature-table
971,157.90372666666667,107.00593983333333,1.7139943333333334,2466.1626666666666,6.364258333333334,46.027100000000004,0.6260333333333334,20.0,效率降低,degraded,90.0,轻微滞后,degraded,2.0,严重泄漏,critical,130.0,最佳压力,normal,0,稳定,2,临界,3,False,route_maintenance_review,public-derived-cycle-feature-table
972,157.90082666666666,107.0039205,1.7154219999999998,2466.177266666666,6.361791666666666,46.00868333333333,0.6319166666666668,20.0,效率降低,degraded,90.0,轻微滞后,degraded,2.0,严重泄漏,critical,130.0,最佳压力,normal,0,稳定,2,临界,3,False,route_maintenance_review,public-derived-cycle-feature-table
973,157.91075333333333,107.01060316666668,1.7164253333333332,2467.9092666666666,6.361486666666666,46.005750000000006,0.6239333333333333,20.0,效率降低,degraded,90.0,轻微滞后,degraded,2.0,严重泄漏,critical,130.0,最佳压力,normal,0,稳定,2,临界,3,False,route_maintenance_review,public-derived-cycle-feature-table
974,157.87322,107.16479483333333,1.7222498333333334,2465.7335666666663,6.353350000000001,45.99600000000001,0.6252333333333333,20.0,效率降低,degraded,100.0,最佳状态,normal,2.0,严重泄漏,critical,130.0,最佳压力,normal,0,稳定,2,临界,2,False,route_maintenance_review,public-derived-cycle-feature-table
975,157.84794833333333,107.14938033333334,1.7356821666666669,2465.4965999999995,6.35935,46.00053333333334,0.6266666666666667,20.0,效率降低,degraded,100.0,最佳状态,normal,2.0,严重泄漏,critical,130.0,最佳压力,normal,0,稳定,2,临界,2,False,route_maintenance_review,public-derived-cycle-feature-table
976,157.87248666666667,107.13252933333332,1.7365933333333332,2464.911666666667,6.366953333333334,46.0134,0.6283833333333333,20.0,效率降低,degraded,100.0,最佳状态,normal,2.0,严重泄漏,critical,130.0,最佳压力,normal,0,稳定,2,临界,2,False,route_maintenance_review,public-derived-cycle-feature-table
977,157.86318999999997,107.12183516666666,1.7259295000000001,2465.6341666666667,6.356505,46.014833333333335,0.6191000000000001,20.0,效率降低,degraded,100.0,最佳状态,normal,2.0,严重泄漏,critical,130.0,最佳压力,normal,0,稳定,2,临界,2,False,route_maintenance_review,public-derived-cycle-feature-table
978,157.85286333333335,107.13082483333334,1.7307321666666666,2466.149266666667,6.366635,46.00326666666667,0.62225,20.0,效率降低,degraded,100.0,最佳状态,normal,2.0,严重泄漏,critical,130.0,最佳压力,normal,0,稳定,2,临界,2,False,route_maintenance_review,public-derived-cycle-feature-table
979,157.85552499999997,107.1179885,1.7347748333333335,2466.0340333333334,6.371816666666666,45.997166666666665,0.6277333333333334,20.0,效率降低,degraded,100.0,最佳状态,normal,2.0,严重泄漏,critical,130.0,最佳压力,normal,0,稳定,2,临界,2,False,route_maintenance_review,public-derived-cycle-feature-table
980,157.86631,107.12800250000001,1.7343253333333335,2466.3944333333334,6.366993333333333,45.98035000000001,0.6250666666666667,20.0,效率降低,degraded,100.0,最佳状态,normal,2.0,严重泄漏,critical,130.0,最佳压力,normal,0,稳定,2,临界,2,False,route_maintenance_review,public-derived-cycle-feature-table
981,157.86618166666665,107.14873300000001,1.7338806666666666,2469.3705,6.3677600000000005,45.979466666666674,0.6241333333333334,20.0,效率降低,degraded,100.0,最佳状态,normal,2.0,严重泄漏,critical,130.0,最佳压力,normal,0,稳定,2,临界,2,False,route_maintenance_review,public-derived-cycle-feature-table
982,157.86610833333333,107.14791849999999,1.737131,2471.5977666666668,6.3663,45.976233333333326,0.6224000000000003,20.0,效率降低,degraded,100.0,最佳状态,normal,2.0,严重泄漏,critical,130.0,最佳压力,normal,0,稳定,2,临界,2,False,route_maintenance_review,public-derived-cycle-feature-table
983,157.88655166666666,107.16574166666666,1.727004166666667,2471.505766666666,6.372348333333333,45.96113333333333,0.6243500000000001,20.0,效率降低,degraded,100.0,最佳状态,normal,2.0,严重泄漏,critical,130.0,最佳压力,normal,0,稳定,2,临界,2,False,route_maintenance_review,public-derived-cycle-feature-table
984,158.09995333333333,107.33470783333333,1.7527688333333333,2460.3459,6.4697700000000005,45.98699999999999,0.6228,20.0,效率降低,degraded,100.0,最佳状态,normal,1.0,弱泄漏,degraded,130.0,最佳压力,normal,1,未稳定,1,退化,2,False,route_maintenance_review,public-derived-cycle-feature-table
985,158.35281333333333,106.77065566666667,1.7303985,2463.0532,6.424775000000001,45.98478333333333,0.6322166666666666,20.0,效率降低,degraded,73.0,接近故障,critical,1.0,弱泄漏,degraded,130.0,最佳压力,normal,0,稳定,2,临界,3,False,route_maintenance_review,public-derived-cycle-feature-table
986,158.36514999999997,106.75412983333332,1.7479371666666665,2463.463533333333,6.416828333333333,45.9825,0.625,20.0,效率降低,degraded,73.0,接近故障,critical,1.0,弱泄漏,degraded,130.0,最佳压力,normal,0,稳定,2,临界,3,False,route_maintenance_review,public-derived-cycle-feature-table
987,158.36707,106.75292950000001,1.7337636666666667,2461.1517999999996,6.411226666666667,45.9605,0.62625,20.0,效率降低,degraded,73.0,接近故障,critical,1.0,弱泄漏,degraded,130.0,最佳压力,normal,0,稳定,2,临界,3,False,route_maintenance_review,public-derived-cycle-feature-table
988,158.37296666666668,106.75212016666666,1.741526,2461.2548,6.417158333333333,45.95405000000001,0.6248166666666669,20.0,效率降低,degraded,73.0,接近故障,critical,1.0,弱泄漏,degraded,130.0,最佳压力,normal,0,稳定,2,临界,3,False,route_maintenance_review,public-derived-cycle-feature-table
989,158.3603983333333,106.74317099999999,1.7389706666666667,2459.8199666666665,6.418834999999999,45.960649999999994,0.6283666666666666,20.0,效率降低,degraded,73.0,接近故障,critical,1.0,弱泄漏,degraded,130.0,最佳压力,normal,0,稳定,2,临界,3,False,route_maintenance_review,public-derived-cycle-feature-table
990,158.36400833333335,106.751507,1.7326869999999999,2460.319466666667,6.427148333333333,45.9542,0.6275666666666666,20.0,效率降低,degraded,73.0,接近故障,critical,1.0,弱泄漏,degraded,130.0,最佳压力,normal,0,稳定,2,临界,3,False,route_maintenance_review,public-derived-cycle-feature-table
991,158.35823166666668,106.757202,1.7392374999999998,2461.8216333333335,6.439170000000001,45.967916666666675,0.6372666666666666,20.0,效率降低,degraded,73.0,接近故障,critical,1.0,弱泄漏,degraded,130.0,最佳压力,normal,0,稳定,2,临界,3,False,route_maintenance_review,public-derived-cycle-feature-table
992,158.36140166666667,106.7597595,1.743536,2465.1826,6.412111666666666,45.96311666666668,0.6362,20.0,效率降低,degraded,73.0,接近故障,critical,1.0,弱泄漏,degraded,130.0,最佳压力,normal,0,稳定,2,临界,3,False,route_maintenance_review,public-derived-cycle-feature-table
993,158.36722500000002,106.75375466666665,1.7356228333333334,2465.4,6.413615,45.94005,0.6369333333333334,20.0,效率降低,degraded,73.0,接近故障,critical,1.0,弱泄漏,degraded,130.0,最佳压力,normal,0,稳定,2,临界,3,False,route_maintenance_review,public-derived-cycle-feature-table
994,158.38176333333334,106.75381166666666,1.7357266666666669,2464.6213999999995,6.422456666666666,45.93730000000001,0.6378833333333334,20.0,效率降低,degraded,73.0,接近故障,critical,1.0,弱泄漏,degraded,130.0,最佳压力,normal,0,稳定,2,临界,3,False,route_maintenance_review,public-derived-cycle-feature-table
995,158.27836,107.03191833333334,1.7400495,2463.7598000000003,6.456363333333334,45.94156666666667,0.6330333333333332,20.0,效率降低,degraded,80.0,严重滞后,critical,1.0,弱泄漏,degraded,130.0,最佳压力,normal,0,稳定,2,临界,3,False,route_maintenance_review,public-derived-cycle-feature-table
996,158.29325666666668,107.02760866666667,1.7477355,2461.753233333333,6.457678333333334,45.94408333333333,0.6259833333333334,20.0,效率降低,degraded,80.0,严重滞后,critical,1.0,弱泄漏,degraded,130.0,最佳压力,normal,0,稳定,2,临界,3,False,route_maintenance_review,public-derived-cycle-feature-table
997,158.290235,107.03436716666667,1.7530588333333332,2461.9788666666664,6.457983333333333,45.91715,0.6290166666666667,20.0,效率降低,degraded,80.0,严重滞后,critical,1.0,弱泄漏,degraded,130.0,最佳压力,normal,0,稳定,2,临界,3,False,route_maintenance_review,public-derived-cycle-feature-table
998,158.29839166666667,107.001504,1.748513166666667,2462.4099333333334,6.456273333333334,45.91475,0.6366833333333335,20.0,效率降低,degraded,80.0,严重滞后,critical,1.0,弱泄漏,degraded,130.0,最佳压力,normal,0,稳定,2,临界,3,False,route_maintenance_review,public-derived-cycle-feature-table
999,158.27610833333333,107.02366416666666,1.7519878333333332,2462.749833333333,6.459861666666668,45.9337,0.6313333333333334,20.0,效率降低,degraded,80.0,严重滞后,critical,1.0,弱泄漏,degraded,130.0,最佳压力,normal,0,稳定,2,临界,3,False,route_maintenance_review,public-derived-cycle-feature-table
1000,158.29226666666665,107.00708733333333,1.757049833333333,2465.472533333333,6.4599866666666665,45.91283333333334,0.6309333333333333,20.0,效率降低,degraded,80.0,严重滞后,critical,1.0,弱泄漏,degraded,130.0,最佳压力,normal,0,稳定,2,临界,3,False,route_maintenance_review,public-derived-cycle-feature-table
1001,158.30271166666668,107.015886,1.7435811666666667,2463.6936,6.455665000000001,45.89688333333333,0.62885,20.0,效率降低,degraded,80.0,严重滞后,critical,1.0,弱泄漏,degraded,130.0,最佳压力,normal,0,稳定,2,临界,3,False,route_maintenance_review,public-derived-cycle-feature-table
1002,158.29491833333333,107.02504366666666,1.7412938333333332,2463.590133333333,6.455051666666667,45.881766666666664,0.6252333333333333,20.0,效率降低,degraded,80.0,严重滞后,critical,1.0,弱泄漏,degraded,130.0,最佳压力,normal,0,稳定,2,临界,3,False,route_maintenance_review,public-derived-cycle-feature-table
1003,158.27162333333334,107.00057166666667,1.741021,2461.5548,6.449733333333333,45.853383333333326,0.6279666666666668,20.0,效率降低,degraded,80.0,严重滞后,critical,1.0,弱泄漏,degraded,130.0,最佳压力,normal,0,稳定,2,临界,3,False,route_maintenance_review,public-derived-cycle-feature-table
1004,158.27873833333334,107.00473816666667,1.7381325,2460.3278666666665,6.4507900000000005,45.860033333333334,0.6249333333333332,20.0,效率降低,degraded,80.0,严重滞后,critical,1.0,弱泄漏,degraded,130.0,最佳压力,normal,0,稳定,2,临界,3,False,route_maintenance_review,public-derived-cycle-feature-table
1005,158.26043333333334,107.25229250000002,1.743795,2463.5962666666665,6.464856666666666,45.8308,0.6228166666666668,20.0,效率降低,degraded,90.0,轻微滞后,degraded,1.0,弱泄漏,degraded,130.0,最佳压力,normal,0,稳定,1,退化,3,False,route_maintenance_review,public-derived-cycle-feature-table
1006,158.24930166666667,107.25264783333333,1.7410676666666665,2462.7336999999998,6.462636666666667,45.84121666666667,0.6119833333333333,20.0,效率降低,degraded,90.0,轻微滞后,degraded,1.0,弱泄漏,degraded,130.0,最佳压力,normal,0,稳定,1,退化,3,False,route_maintenance_review,public-derived-cycle-feature-table
1007,158.22848833333333,107.20706733333333,1.7476536666666667,2458.5858666666663,6.462860000000001,45.82926666666666,0.6289166666666667,20.0,效率降低,degraded,90.0,轻微滞后,degraded,1.0,弱泄漏,degraded,130.0,最佳压力,normal,0,稳定,1,退化,3,False,route_maintenance_review,public-derived-cycle-feature-table
1008,158.23330833333333,107.21318316666665,1.7415795,2459.2063999999996,6.464663333333333,45.82923333333333,0.6253833333333335,20.0,效率降低,degraded,90.0,轻微滞后,degraded,1.0,弱泄漏,degraded,130.0,最佳压力,normal,0,稳定,1,退化,3,False,route_maintenance_review,public-derived-cycle-feature-table
1009,158.256385,107.22709900000001,1.7545990000000002,2460.208733333333,6.463708333333333,45.82556666666666,0.6262000000000001,20.0,效率降低,degraded,90.0,轻微滞后,degraded,1.0,弱泄漏,degraded,130.0,最佳压力,normal,0,稳定,1,退化,3,False,route_maintenance_review,public-derived-cycle-feature-table
1010,158.28598333333335,107.27192583333333,1.7577935,2460.1385,6.464493333333334,45.789,0.6256666666666667,20.0,效率降低,degraded,90.0,轻微滞后,degraded,1.0,弱泄漏,degraded,130.0,最佳压力,normal,0,稳定,1,退化,3,False,route_maintenance_review,public-derived-cycle-feature-table
1011,158.28011666666666,107.25883366666666,1.7460661666666668,2460.5187,6.4667699999999995,45.77923333333334,0.6308833333333334,20.0,效率降低,degraded,90.0,轻微滞后,degraded,1.0,弱泄漏,degraded,130.0,最佳压力,normal,0,稳定,1,退化,3,False,route_maintenance_review,public-derived-cycle-feature-table
1012,158.25929666666667,107.24625933333333,1.7564775000000004,2460.8725,6.466808333333334,45.802150000000005,0.6262000000000001,20.0,效率降低,degraded,90.0,轻微滞后,degraded,1.0,弱泄漏,degraded,130.0,最佳压力,normal,0,稳定,1,退化,3,False,route_maintenance_review,public-derived-cycle-feature-table
1013,158.27043333333336,107.24523516666666,1.7420601666666669,2463.6836,6.468923333333333,45.77981666666666,0.6259,20.0,效率降低,degraded,90.0,轻微滞后,degraded,1.0,弱泄漏,degraded,130.0,最佳压力,normal,0,稳定,1,退化,3,False,route_maintenance_review,public-derived-cycle-feature-table
1014,158.27781499999998,107.26404133333334,1.73892,2468.2145333333333,6.472018333333334,45.77005,0.6243666666666666,20.0,效率降低,degraded,90.0,轻微滞后,degraded,1.0,弱泄漏,degraded,130.0,最佳压力,normal,0,稳定,1,退化,3,False,route_maintenance_review,public-derived-cycle-feature-table
1015,158.22493999999998,107.38397216666667,1.749679,2467.5739666666664,6.470718333333332,45.76875000000002,0.6237999999999999,20.0,效率降低,degraded,100.0,最佳状态,normal,1.0,弱泄漏,degraded,130.0,最佳压力,normal,0,稳定,1,退化,2,False,route_maintenance_review,public-derived-cycle-feature-table
1016,158.22053,107.40494049999998,1.7412078333333336,2464.9640666666664,6.466875000000001,45.759566666666665,0.6214500000000002,20.0,效率降低,degraded,100.0,最佳状态,normal,1.0,弱泄漏,degraded,130.0,最佳压力,normal,0,稳定,1,退化,2,False,route_maintenance_review,public-derived-cycle-feature-table
1017,158.21006500000001,107.41650283333333,1.7462848333333334,2466.8451666666665,6.473515000000001,45.75633333333334,0.6238333333333334,20.0,效率降低,degraded,100.0,最佳状态,normal,1.0,弱泄漏,degraded,130.0,最佳压力,normal,0,稳定,1,退化,2,False,route_maintenance_review,public-derived-cycle-feature-table
1018,158.22782666666666,107.40216116666666,1.7436004999999999,2464.8380666666662,6.480426666666666,45.73619999999999,0.6208333333333332,20.0,效率降低,degraded,100.0,最佳状态,normal,1.0,弱泄漏,degraded,130.0,最佳压力,normal,0,稳定,1,退化,2,False,route_maintenance_review,public-derived-cycle-feature-table
1019,158.23594333333332,107.39432066666667,1.7639336666666667,2466.411833333333,6.4741816666666665,45.71918333333335,0.6287666666666667,20.0,效率降低,degraded,100.0,最佳状态,normal,1.0,弱泄漏,degraded,130.0,最佳压力,normal,0,稳定,1,退化,2,False,route_maintenance_review,public-derived-cycle-feature-table
1020,158.2395633333333,107.4193525,1.7589355000000002,2469.0355,6.465938333333334,45.71416666666667,0.6197500000000001,20.0,效率降低,degraded,100.0,最佳状态,normal,1.0,弱泄漏,degraded,130.0,最佳压力,normal,0,稳定,1,退化,2,False,route_maintenance_review,public-derived-cycle-feature-table
1021,158.2431983333333,107.412643,1.7627156666666666,2470.437333333333,6.476703333333332,45.690183333333344,0.6182333333333332,20.0,效率降低,degraded,100.0,最佳状态,normal,1.0,弱泄漏,degraded,130.0,最佳压力,normal,0,稳定,1,退化,2,False,route_maintenance_review,public-derived-cycle-feature-table
1022,158.24192833333333,107.40826216666669,1.7678088333333333,2470.4696,6.47057,45.69738333333334,0.6235166666666667,20.0,效率降低,degraded,100.0,最佳状态,normal,1.0,弱泄漏,degraded,130.0,最佳压力,normal,0,稳定,1,退化,2,False,route_maintenance_review,public-derived-cycle-feature-table
1023,158.23749666666666,107.42657516666667,1.7660466666666665,2469.7529,6.464285,45.705749999999995,0.6259166666666667,20.0,效率降低,degraded,100.0,最佳状态,normal,1.0,弱泄漏,degraded,130.0,最佳压力,normal,0,稳定,1,退化,2,False,route_maintenance_review,public-derived-cycle-feature-table
1024,158.25281,107.4393845,1.764775,2466.357433333333,6.466988333333332,45.718700000000005,0.6180166666666668,20.0,效率降低,degraded,100.0,最佳状态,normal,1.0,弱泄漏,degraded,130.0,最佳压力,normal,0,稳定,1,退化,2,False,route_maintenance_review,public-derived-cycle-feature-table
1025,158.620275,107.66746666666667,1.813347,2459.956,6.678453333333332,45.71248333333334,0.6212333333333334,20.0,效率降低,degraded,100.0,最佳状态,normal,0.0,无泄漏,normal,130.0,最佳压力,normal,1,未稳定,1,退化,1,False,route_maintenance_review,public-derived-cycle-feature-table
1026,158.86870000000002,107.06994633333335,1.8052921666666668,2464.4697666666666,6.624378333333333,45.70063333333334,0.6191166666666668,20.0,效率降低,degraded,73.0,接近故障,critical,0.0,无泄漏,normal,130.0,最佳压力,normal,0,稳定,2,临界,2,False,route_maintenance_review,public-derived-cycle-feature-table
1027,158.85946,107.09063,1.8020250000000002,2463.4810999999995,6.63749,45.7092,0.6262666666666667,20.0,效率降低,degraded,73.0,接近故障,critical,0.0,无泄漏,normal,130.0,最佳压力,normal,0,稳定,2,临界,2,False,route_maintenance_review,public-derived-cycle-feature-table
1028,158.87451666666666,107.092671,1.8028183333333334,2459.3543,6.644780000000001,45.70946666666667,0.6184333333333334,20.0,效率降低,degraded,73.0,接近故障,critical,0.0,无泄漏,normal,130.0,最佳压力,normal,0,稳定,2,临界,2,False,route_maintenance_review,public-derived-cycle-feature-table
1029,158.87314166666667,107.08469783333334,1.7885983333333333,2460.3677,6.631051666666666,45.71853333333333,0.6196666666666667,20.0,效率降低,degraded,73.0,接近故障,critical,0.0,无泄漏,normal,130.0,最佳压力,normal,0,稳定,2,临界,2,False,route_maintenance_review,public-derived-cycle-feature-table
1030,158.86298499999998,107.06908116666666,1.7846085,2460.4541,6.630733333333334,45.74115,0.6169166666666667,20.0,效率降低,degraded,73.0,接近故障,critical,0.0,无泄漏,normal,130.0,最佳压力,normal,0,稳定,2,临界,2,False,route_maintenance_review,public-derived-cycle-feature-table
1031,158.85509166666668,107.07657733333332,1.7900915,2460.046533333333,6.628526666666667,45.75725,0.6226833333333334,20.0,效率降低,degraded,73.0,接近故障,critical,0.0,无泄漏,normal,130.0,最佳压力,normal,0,稳定,2,临界,2,False,route_maintenance_review,public-derived-cycle-feature-table
1032,158.86044666666666,107.08377966666667,1.8009041666666665,2457.7875999999997,6.643458333333333,45.72038333333334,0.6162,20.0,效率降低,degraded,73.0,接近故障,critical,0.0,无泄漏,normal,130.0,最佳压力,normal,0,稳定,2,临界,2,False,route_maintenance_review,public-derived-cycle-feature-table
1033,158.86504166666666,107.08675266666668,1.8041951666666665,2459.7986333333333,6.626214999999999,45.740366666666674,0.6207166666666666,20.0,效率降低,degraded,73.0,接近故障,critical,0.0,无泄漏,normal,130.0,最佳压力,normal,0,稳定,2,临界,2,False,route_maintenance_review,public-derived-cycle-feature-table
1034,158.8678033333333,107.10319949999999,1.7892226666666666,2460.1623999999997,6.643458333333333,45.75783333333334,0.6160333333333335,20.0,效率降低,degraded,73.0,接近故障,critical,0.0,无泄漏,normal,130.0,最佳压力,normal,0,稳定,2,临界,2,False,route_maintenance_review,public-derived-cycle-feature-table
1035,158.86872000000002,107.09080383333333,1.7880908333333334,2459.0724333333333,6.633721666666668,45.74711666666667,0.6160333333333334,20.0,效率降低,degraded,73.0,接近故障,critical,0.0,无泄漏,normal,130.0,最佳压力,normal,0,稳定,2,临界,2,False,route_maintenance_review,public-derived-cycle-feature-table
1036,158.7940683333333,107.34517016666666,1.7916815,2457.9151666666667,6.662884999999999,45.74960000000001,0.6111500000000001,20.0,效率降低,degraded,80.0,严重滞后,critical,0.0,无泄漏,normal,130.0,最佳压力,normal,0,稳定,2,临界,2,False,route_maintenance_review,public-derived-cycle-feature-table
1037,158.77738666666667,107.31518983333332,1.789117833333333,2460.327433333333,6.663036666666667,45.71703333333334,0.6078,20.0,效率降低,degraded,80.0,严重滞后,critical,0.0,无泄漏,normal,130.0,最佳压力,normal,0,稳定,2,临界,2,False,route_maintenance_review,public-derived-cycle-feature-table
1038,158.7810333333333,107.35149249999999,1.786182333333333,2455.9612666666667,6.657673333333334,45.728233333333336,0.6244500000000001,20.0,效率降低,degraded,80.0,严重滞后,critical,0.0,无泄漏,normal,130.0,最佳压力,normal,0,稳定,2,临界,2,False,route_maintenance_review,public-derived-cycle-feature-table
1039,158.76025666666666,107.34078033333334,1.7918845,2454.6880333333334,6.663873333333333,45.718399999999995,0.6183833333333333,20.0,效率降低,degraded,80.0,严重滞后,critical,0.0,无泄漏,normal,130.0,最佳压力,normal,0,稳定,2,临界,2,False,route_maintenance_review,public-derived-cycle-feature-table
1040,158.75360999999998,107.33177616666667,1.788269333333333,2454.8380666666662,6.6628300000000005,45.70045000000002,0.6194166666666666,20.0,效率降低,degraded,80.0,严重滞后,critical,0.0,无泄漏,normal,130.0,最佳压力,normal,0,稳定,2,临界,2,False,route_maintenance_review,public-derived-cycle-feature-table
1041,158.75057833333332,107.34703266666666,1.7922580000000004,2457.6701,6.662100000000001,45.69181666666667,0.61835,20.0,效率降低,degraded,80.0,严重滞后,critical,0.0,无泄漏,normal,130.0,最佳压力,normal,0,稳定,2,临界,2,False,route_maintenance_review,public-derived-cycle-feature-table
1042,158.75555666666668,107.34847283333335,1.787245,2460.608333333333,6.667395,45.710150000000006,0.6153666666666666,20.0,效率降低,degraded,80.0,严重滞后,critical,0.0,无泄漏,normal,130.0,最佳压力,normal,0,稳定,2,临界,2,False,route_maintenance_review,public-derived-cycle-feature-table
1043,158.76617333333334,107.34918016666667,1.7856333333333332,2460.8575666666666,6.667988333333334,45.688483333333345,0.6124166666666667,20.0,效率降低,degraded,80.0,严重滞后,critical,0.0,无泄漏,normal,130.0,最佳压力,normal,0,稳定,2,临界,2,False,route_maintenance_review,public-derived-cycle-feature-table
1044,158.7469866666667,107.35681783333334,1.79013,2462.427166666667,6.665146666666667,45.727316666666674,0.6114833333333335,20.0,效率降低,degraded,80.0,严重滞后,critical,0.0,无泄漏,normal,130.0,最佳压力,normal,0,稳定,2,临界,2,False,route_maintenance_review,public-derived-cycle-feature-table
1045,158.75196166666666,107.323947,1.7953596666666665,2463.463,6.664956666666667,45.711149999999996,0.6067333333333333,20.0,效率降低,degraded,80.0,严重滞后,critical,0.0,无泄漏,normal,130.0,最佳压力,normal,0,稳定,2,临界,2,False,route_maintenance_review,public-derived-cycle-feature-table
1046,158.67827333333332,107.56249733333334,1.7904838333333333,2458.113033333333,6.674950000000001,45.692616666666666,0.6107833333333335,20.0,效率降低,degraded,90.0,轻微滞后,degraded,0.0,无泄漏,normal,130.0,最佳压力,normal,0,稳定,1,退化,2,False,route_maintenance_review,public-derived-cycle-feature-table
1047,158.68707666666666,107.5627785,1.7809565000000003,2452.7366666666667,6.6743483333333335,45.663066666666666,0.6114999999999999,20.0,效率降低,degraded,90.0,轻微滞后,degraded,0.0,无泄漏,normal,130.0,最佳压力,normal,0,稳定,1,退化,2,False,route_maintenance_review,public-derived-cycle-feature-table
1048,158.69006166666668,107.57794349999999,1.7832293333333333,2452.604733333333,6.674088333333333,45.647033333333326,0.6189166666666667,20.0,效率降低,degraded,90.0,轻微滞后,degraded,0.0,无泄漏,normal,130.0,最佳压力,normal,0,稳定,1,退化,2,False,route_maintenance_review,public-derived-cycle-feature-table
1049,158.683115,107.56025050000001,1.7819998333333333,2452.7733999999996,6.670863333333333,45.63873333333333,0.6144833333333332,20.0,效率降低,degraded,90.0,轻微滞后,degraded,0.0,无泄漏,normal,130.0,最佳压力,normal,0,稳定,1,退化,2,False,route_maintenance_review,public-derived-cycle-feature-table
1050,158.67887666666667,107.56773,1.7886963333333332,2453.3470666666663,6.675529999999999,45.66148333333332,0.6140166666666668,20.0,效率降低,degraded,90.0,轻微滞后,degraded,0.0,无泄漏,normal,130.0,最佳压力,normal,0,稳定,1,退化,2,False,route_maintenance_review,public-derived-cycle-feature-table
1051,158.68789833333332,107.57839033333335,1.8001208333333334,2452.413633333333,6.674908333333334,45.64478333333333,0.61455,20.0,效率降低,degraded,90.0,轻微滞后,degraded,0.0,无泄漏,normal,130.0,最佳压力,normal,0,稳定,1,退化,2,False,route_maintenance_review,public-derived-cycle-feature-table
1052,158.68200166666668,107.553326,1.8030110000000001,2451.2184666666667,6.6771199999999995,45.633400000000016,0.6155833333333333,20.0,效率降低,degraded,90.0,轻微滞后,degraded,0.0,无泄漏,normal,130.0,最佳压力,normal,0,稳定,1,退化,2,False,route_maintenance_review,public-derived-cycle-feature-table
1053,158.71910000000003,107.59475366666669,1.7907459999999997,2452.0884,6.676403333333334,45.623933333333326,0.61835,20.0,效率降低,degraded,90.0,轻微滞后,degraded,0.0,无泄漏,normal,130.0,最佳压力,normal,0,稳定,1,退化,2,False,route_maintenance_review,public-derived-cycle-feature-table
1054,158.70408,107.55941066666665,1.7976910000000001,2454.2961999999998,6.674308333333333,45.60785,0.6178333333333335,20.0,效率降低,degraded,90.0,轻微滞后,degraded,0.0,无泄漏,normal,130.0,最佳压力,normal,0,稳定,1,退化,2,False,route_maintenance_review,public-derived-cycle-feature-table
1055,158.70194166666667,107.55625566666666,1.7902315,2453.7515,6.67537,45.60269999999999,0.6091833333333335,20.0,效率降低,degraded,90.0,轻微滞后,degraded,0.0,无泄漏,normal,130.0,最佳压力,normal,0,稳定,1,退化,2,False,route_maintenance_review,public-derived-cycle-feature-table
1056,158.64264166666666,107.69856233333333,1.7927955000000002,2447.7158999999997,6.674063333333333,45.58676666666667,0.6112666666666667,20.0,效率降低,degraded,100.0,最佳状态,normal,0.0,无泄漏,normal,130.0,最佳压力,normal,0,稳定,1,退化,1,False,route_maintenance_review,public-derived-cycle-feature-table
1057,158.65687833333334,107.70913633333333,1.797259,2447.3605,6.677196666666667,45.567366666666665,0.6092500000000001,20.0,效率降低,degraded,100.0,最佳状态,normal,0.0,无泄漏,normal,130.0,最佳压力,normal,0,稳定,1,退化,1,False,route_maintenance_review,public-derived-cycle-feature-table
1058,158.64125166666668,107.69465633333333,1.8028668333333335,2446.3658,6.678975,45.5825,0.6107166666666667,20.0,效率降低,degraded,100.0,最佳状态,normal,0.0,无泄漏,normal,130.0,最佳压力,normal,0,稳定,1,退化,1,False,route_maintenance_review,public-derived-cycle-feature-table
1059,158.65713833333334,107.71652933333333,1.8114318333333335,2448.3833999999997,6.682553333333333,45.54638333333334,0.6089166666666668,20.0,效率降低,degraded,100.0,最佳状态,normal,0.0,无泄漏,normal,130.0,最佳压力,normal,0,稳定,1,退化,1,False,route_maintenance_review,public-derived-cycle-feature-table
1060,158.67117333333334,107.73033200000002,1.8076333333333332,2451.5981333333334,6.685093333333333,45.556099999999994,0.6123,20.0,效率降低,degraded,100.0,最佳状态,normal,0.0,无泄漏,normal,130.0,最佳压力,normal,0,稳定,1,退化,1,False,route_maintenance_review,public-derived-cycle-feature-table
1061,158.67059833333332,107.72045333333332,1.8047159999999998,2454.4596666666666,6.684803333333334,45.55594999999999,0.6052833333333332,20.0,效率降低,degraded,100.0,最佳状态,normal,0.0,无泄漏,normal,130.0,最佳压力,normal,0,稳定,1,退化,1,False,route_maintenance_review,public-derived-cycle-feature-table
1062,158.66995666666668,107.71789483333332,1.8071025,2455.4535333333333,6.667493333333334,45.56005000000001,0.5996166666666666,20.0,效率降低,degraded,100.0,最佳状态,normal,0.0,无泄漏,normal,130.0,最佳压力,normal,0,稳定,1,退化,1,False,route_maintenance_review,public-derived-cycle-feature-table
1063,158.65412833333335,107.69359833333334,1.8109385,2454.2010333333333,6.661843333333333,45.54855,0.6009833333333334,20.0,效率降低,degraded,100.0,最佳状态,normal,0.0,无泄漏,normal,130.0,最佳压力,normal,0,稳定,1,退化,1,False,route_maintenance_review,public-derived-cycle-feature-table
1064,158.67479333333333,107.71337766666666,1.8134990000000002,2454.8017,6.683043333333333,45.52498333333334,0.6022333333333335,20.0,效率降低,degraded,100.0,最佳状态,normal,0.0,无泄漏,normal,130.0,最佳压力,normal,0,稳定,1,退化,1,False,route_maintenance_review,public-derived-cycle-feature-table
1065,158.68434000000002,107.724603,1.8148525,2455.5435666666663,6.663531666666666,45.50945,0.5982333333333333,20.0,效率降低,degraded,100.0,最佳状态,normal,0.0,无泄漏,normal,130.0,最佳压力,normal,0,稳定,1,退化,1,False,route_maintenance_review,public-derived-cycle-feature-table
1066,158.56262166666667,107.65791516666667,1.815609,2458.0405,6.66474,45.42388333333334,0.5987666666666668,20.0,效率降低,degraded,100.0,最佳状态,normal,0.0,无泄漏,normal,115.0,轻微降低,degraded,1,未稳定,1,退化,2,False,route_maintenance_review,public-derived-cycle-feature-table
1067,158.64044,107.62613216666666,1.8098395,2456.4111666666668,6.655998333333334,45.443916666666674,0.6130666666666668,20.0,效率降低,degraded,100.0,最佳状态,normal,0.0,无泄漏,normal,115.0,轻微降低,degraded,1,未稳定,1,退化,2,False,route_maintenance_review,public-derived-cycle-feature-table
1068,158.638275,107.62572283333333,1.8034051666666668,2455.801233333333,6.657955,45.429333333333346,0.6057833333333333,20.0,效率降低,degraded,100.0,最佳状态,normal,0.0,无泄漏,normal,115.0,轻微降低,degraded,1,未稳定,1,退化,2,False,route_maintenance_review,public-derived-cycle-feature-table
1069,158.61272499999998,107.62410366666666,1.8049478333333333,2458.9563666666663,6.65538,45.42285000000001,0.6072333333333333,20.0,效率降低,degraded,100.0,最佳状态,normal,0.0,无泄漏,normal,115.0,轻微降低,degraded,1,未稳定,1,退化,2,False,route_maintenance_review,public-derived-cycle-feature-table
1070,158.63291833333332,107.63039733333332,1.7970674999999998,2459.2187999999996,6.65768,45.41043333333334,0.6015833333333335,20.0,效率降低,degraded,100.0,最佳状态,normal,0.0,无泄漏,normal,115.0,轻微降低,degraded,1,未稳定,1,退化,2,False,route_maintenance_review,public-derived-cycle-feature-table
1071,158.62775166666665,107.617753,1.8055204999999999,2458.5274333333327,6.664106666666666,45.424499999999995,0.60535,20.0,效率降低,degraded,100.0,最佳状态,normal,0.0,无泄漏,normal,115.0,轻微降低,degraded,1,未稳定,1,退化,2,False,route_maintenance_review,public-derived-cycle-feature-table
1072,158.63636166666666,107.63906383333334,1.8061726666666666,2453.827233333333,6.673900000000001,45.41223333333332,0.6068166666666666,20.0,效率降低,degraded,100.0,最佳状态,normal,0.0,无泄漏,normal,115.0,轻微降低,degraded,1,未稳定,1,退化,2,False,route_maintenance_review,public-derived-cycle-feature-table
1073,158.63035833333333,107.63468666666667,1.7967388333333334,2454.7300333333333,6.658738333333334,45.37193333333334,0.6096333333333335,20.0,效率降低,degraded,100.0,最佳状态,normal,0.0,无泄漏,normal,115.0,轻微降低,degraded,1,未稳定,1,退化,2,False,route_maintenance_review,public-derived-cycle-feature-table
1074,158.65471666666667,107.65850866666665,1.8063126666666667,2454.9447666666665,6.659963333333334,45.36516666666667,0.6051666666666669,20.0,效率降低,degraded,100.0,最佳状态,normal,0.0,无泄漏,normal,115.0,轻微降低,degraded,1,未稳定,1,退化,2,False,route_maintenance_review,public-derived-cycle-feature-table
1075,158.65040166666665,107.653469,1.8067308333333332,2455.966933333333,6.670886666666667,45.369783333333324,0.6039333333333333,20.0,效率降低,degraded,100.0,最佳状态,normal,0.0,无泄漏,normal,115.0,轻微降低,degraded,1,未稳定,1,退化,2,False,route_maintenance_review,public-derived-cycle-feature-table
1076,158.08772666666667,107.271795,1.7331478333333334,2483.336733333333,6.380303333333333,45.30736666666666,0.6137166666666667,20.0,效率降低,degraded,100.0,最佳状态,normal,2.0,严重泄漏,critical,115.0,轻微降低,degraded,1,未稳定,2,临界,3,False,route_maintenance_review,public-derived-cycle-feature-table
1077,158.27873333333335,106.66381666666668,1.731328166666667,2484.8990666666664,6.337000000000001,45.22741666666666,0.6130666666666668,20.0,效率降低,degraded,73.0,接近故障,critical,2.0,严重泄漏,critical,115.0,轻微降低,degraded,0,稳定,2,临界,4,False,route_maintenance_review,public-derived-cycle-feature-table
1078,158.27312333333333,106.62654066666667,1.7264899999999999,2484.1559666666667,6.3460383333333334,45.177800000000005,0.6139333333333333,20.0,效率降低,degraded,73.0,接近故障,critical,2.0,严重泄漏,critical,115.0,轻微降低,degraded,0,稳定,2,临界,4,False,route_maintenance_review,public-derived-cycle-feature-table
1079,158.31355000000002,106.6585355,1.7276736666666666,2485.115733333333,6.339928333333333,45.12430000000001,0.6126333333333333,20.0,效率降低,degraded,73.0,接近故障,critical,2.0,严重泄漏,critical,115.0,轻微降低,degraded,0,稳定,2,临界,4,False,route_maintenance_review,public-derived-cycle-feature-table
1080,158.29355166666667,106.65564350000001,1.722515,2487.8803,6.325976666666667,45.09911666666665,0.6092333333333333,20.0,效率降低,degraded,73.0,接近故障,critical,2.0,严重泄漏,critical,115.0,轻微降低,degraded,0,稳定,2,临界,4,False,route_maintenance_review,public-derived-cycle-feature-table
1081,158.290995,106.68766133333334,1.7322001666666669,2487.6035999999995,6.326801666666666,45.04308333333333,0.6163166666666667,20.0,效率降低,degraded,73.0,接近故障,critical,2.0,严重泄漏,critical,115.0,轻微降低,degraded,0,稳定,2,临界,4,False,route_maintenance_review,public-derived-cycle-feature-table
1082,158.285135,106.68978533333335,1.7224031666666664,2486.9753,6.328590000000001,44.99593333333333,0.6147833333333333,20.0,效率降低,degraded,73.0,接近故障,critical,2.0,严重泄漏,critical,115.0,轻微降低,degraded,0,稳定,2,临界,4,False,route_maintenance_review,public-derived-cycle-feature-table
1083,158.30859833333335,106.7070895,1.7174188333333336,2487.4864,6.324643333333334,44.96844999999999,0.6178333333333335,20.0,效率降低,degraded,73.0,接近故障,critical,2.0,严重泄漏,critical,115.0,轻微降低,degraded,0,稳定,2,临界,4,False,route_maintenance_review,public-derived-cycle-feature-table
1084,158.29372833333335,106.664406,1.7225906666666666,2487.3302999999996,6.335701666666666,44.96243333333334,0.6143999999999998,20.0,效率降低,degraded,73.0,接近故障,critical,2.0,严重泄漏,critical,115.0,轻微降低,degraded,0,稳定,2,临界,4,False,route_maintenance_review,public-derived-cycle-feature-table
1085,158.28392833333334,106.6971885,1.7159146666666665,2486.3659333333335,6.327646666666666,44.97844999999999,0.61365,20.0,效率降低,degraded,73.0,接近故障,critical,2.0,严重泄漏,critical,115.0,轻微降低,degraded,0,稳定,2,临界,4,False,route_maintenance_review,public-derived-cycle-feature-table
1086,158.27938333333333,106.69234533333332,1.7222541666666666,2485.6119,6.327755000000001,44.98126666666667,0.61325,20.0,效率降低,degraded,73.0,接近故障,critical,2.0,严重泄漏,critical,115.0,轻微降低,degraded,0,稳定,2,临界,4,False,route_maintenance_review,public-derived-cycle-feature-table
1087,158.15973000000002,106.9118995,1.7175541666666667,2483.4805999999994,6.367735,44.97443333333334,0.61885,20.0,效率降低,degraded,80.0,严重滞后,critical,2.0,严重泄漏,critical,115.0,轻微降低,degraded,0,稳定,2,临界,4,False,route_maintenance_review,public-derived-cycle-feature-table
1088,158.1661983333333,106.92942183333332,1.714828166666667,2479.8010666666664,6.366183333333334,44.98633333333333,0.6180666666666669,20.0,效率降低,degraded,80.0,严重滞后,critical,2.0,严重泄漏,critical,115.0,轻微降低,degraded,0,稳定,2,临界,4,False,route_maintenance_review,public-derived-cycle-feature-table
1089,158.20345166666667,106.95932916666666,1.7242355,2481.1688999999997,6.358366666666668,44.965916666666665,0.6220333333333335,20.0,效率降低,degraded,80.0,严重滞后,critical,2.0,严重泄漏,critical,115.0,轻微降低,degraded,0,稳定,2,临界,4,False,route_maintenance_review,public-derived-cycle-feature-table
1090,158.18953666666667,106.95084666666668,1.7139856666666669,2483.475633333333,6.365441666666667,44.94461666666667,0.6201666666666668,20.0,效率降低,degraded,80.0,严重滞后,critical,2.0,严重泄漏,critical,115.0,轻微降低,degraded,0,稳定,2,临界,4,False,route_maintenance_review,public-derived-cycle-feature-table
1091,158.22178666666667,106.97326683333334,1.7279765,2486.3469,6.360628333333334,44.934016666666665,0.6150000000000001,20.0,效率降低,degraded,80.0,严重滞后,critical,2.0,严重泄漏,critical,115.0,轻微降低,degraded,0,稳定,2,临界,4,False,route_maintenance_review,public-derived-cycle-feature-table
1092,158.23772166666666,106.98445483333334,1.7305345,2487.010033333333,6.362503333333334,44.94776666666667,0.6242,20.0,效率降低,degraded,80.0,严重滞后,critical,2.0,严重泄漏,critical,115.0,轻微降低,degraded,0,稳定,2,临界,4,False,route_maintenance_review,public-derived-cycle-feature-table
1093,158.22081833333334,106.96460916666668,1.7286883333333332,2483.6656666666668,6.359126666666667,44.954016666666675,0.6142500000000001,20.0,效率降低,degraded,80.0,严重滞后,critical,2.0,严重泄漏,critical,115.0,轻微降低,degraded,0,稳定,2,临界,4,False,route_maintenance_review,public-derived-cycle-feature-table
1094,158.24009833333335,106.98632116666667,1.7335278333333335,2483.4188999999997,6.35704,44.900099999999995,0.6149,20.0,效率降低,degraded,80.0,严重滞后,critical,2.0,严重泄漏,critical,115.0,轻微降低,degraded,0,稳定,2,临界,4,False,route_maintenance_review,public-derived-cycle-feature-table
1095,158.23671166666668,106.99978716666666,1.7266773333333334,2484.0859666666665,6.351238333333334,44.88435,0.6141499999999999,20.0,效率降低,degraded,80.0,严重滞后,critical,2.0,严重泄漏,critical,115.0,轻微降低,degraded,0,稳定,2,临界,4,False,route_maintenance_review,public-derived-cycle-feature-table
1096,158.21211666666667,106.9376385,1.7281790000000001,2484.2404333333334,6.357378333333333,44.88958333333334,0.6064166666666666,20.0,效率降低,degraded,80.0,严重滞后,critical,2.0,严重泄漏,critical,115.0,轻微降低,degraded,0,稳定,2,临界,4,False,route_maintenance_review,public-derived-cycle-feature-table
1097,158.13997,107.17486666666667,1.7300736666666665,2483.5421,6.372228333333333,44.89568333333334,0.6087666666666667,20.0,效率降低,degraded,90.0,轻微滞后,degraded,2.0,严重泄漏,critical,115.0,轻微降低,degraded,0,稳定,2,临界,4,False,route_maintenance_review,public-derived-cycle-feature-table
1098,158.12565999999998,107.16180833333335,1.7301996666666668,2483.171933333333,6.371048333333334,44.91831666666667,0.6093833333333335,20.0,效率降低,degraded,90.0,轻微滞后,degraded,2.0,严重泄漏,critical,115.0,轻微降低,degraded,0,稳定,2,临界,4,False,route_maintenance_review,public-derived-cycle-feature-table
1099,158.16326,107.18780716666666,1.731396666666667,2484.9760333333334,6.3732016666666675,44.93783333333333,0.6137499999999999,20.0,效率降低,degraded,90.0,轻微滞后,degraded,2.0,严重泄漏,critical,115.0,轻微降低,degraded,0,稳定,2,临界,4,False,route_maintenance_review,public-derived-cycle-feature-table
1100,158.13217833333334,107.15540999999999,1.7370095,2486.3680999999997,6.375918333333333,44.93678333333334,0.5893833333333334,20.0,效率降低,degraded,90.0,轻微滞后,degraded,2.0,严重泄漏,critical,115.0,轻微降低,degraded,0,稳定,2,临界,4,False,route_maintenance_review,public-derived-cycle-feature-table
1101,158.150595,107.16745866666668,1.734853,2485.9338333333335,6.37079,44.913566666666675,0.6142500000000001,20.0,效率降低,degraded,90.0,轻微滞后,degraded,2.0,严重泄漏,critical,115.0,轻微降低,degraded,0,稳定,2,临界,4,False,route_maintenance_review,public-derived-cycle-feature-table
1102,158.14207833333333,107.17390716666667,1.7356875,2484.623733333333,6.372578333333332,44.912483333333334,0.6135833333333334,20.0,效率降低,degraded,90.0,轻微滞后,degraded,2.0,严重泄漏,critical,115.0,轻微降低,degraded,0,稳定,2,临界,4,False,route_maintenance_review,public-derived-cycle-feature-table
1103,158.14130666666665,107.17058750000001,1.7373753333333335,2482.801433333333,6.367145,44.89516666666667,0.6113333333333332,20.0,效率降低,degraded,90.0,轻微滞后,degraded,2.0,严重泄漏,critical,115.0,轻微降低,degraded,0,稳定,2,临界,4,False,route_maintenance_review,public-derived-cycle-feature-table
1104,158.15732666666668,107.15872199999998,1.7303571666666666,2481.0362666666665,6.3739,44.89873333333333,0.6111166666666669,20.0,效率降低,degraded,90.0,轻微滞后,degraded,2.0,严重泄漏,critical,115.0,轻微降低,degraded,0,稳定,2,临界,4,False,route_maintenance_review,public-derived-cycle-feature-table
1105,158.154985,107.16907866666668,1.7337895,2480.3677,6.383021666666667,44.87976666666666,0.6125999999999999,20.0,效率降低,degraded,90.0,轻微滞后,degraded,2.0,严重泄漏,critical,115.0,轻微降低,degraded,0,稳定,2,临界,4,False,route_maintenance_review,public-derived-cycle-feature-table
1106,158.16008833333333,107.17087766666668,1.730456666666667,2480.7054,6.377923333333333,44.85178333333333,0.6188833333333333,20.0,效率降低,degraded,90.0,轻微滞后,degraded,2.0,严重泄漏,critical,115.0,轻微降低,degraded,0,稳定,2,临界,4,False,route_maintenance_review,public-derived-cycle-feature-table
1107,158.09969166666664,107.30056149999999,1.7293518333333335,2481.863633333333,6.3771,44.8405,0.6182166666666669,20.0,效率降低,degraded,100.0,最佳状态,normal,2.0,严重泄漏,critical,115.0,轻微降低,degraded,0,稳定,2,临界,3,False,route_maintenance_review,public-derived-cycle-feature-table
1108,158.10976833333334,107.3234035,1.7386353333333333,2484.7116666666666,6.371818333333334,44.845866666666666,0.6118166666666666,20.0,效率降低,degraded,100.0,最佳状态,normal,2.0,严重泄漏,critical,115.0,轻微降低,degraded,0,稳定,2,临界,3,False,route_maintenance_review,public-derived-cycle-feature-table
1109,158.130565,107.33137333333333,1.7314376666666667,2486.1883999999995,6.360961666666667,44.83665,0.6107833333333333,20.0,效率降低,degraded,100.0,最佳状态,normal,2.0,严重泄漏,critical,115.0,轻微降低,degraded,0,稳定,2,临界,3,False,route_maintenance_review,public-derived-cycle-feature-table
1110,158.11796,107.32321566666667,1.7307761666666668,2486.597133333333,6.374073333333334,44.855149999999995,0.6075666666666669,20.0,效率降低,degraded,100.0,最佳状态,normal,2.0,严重泄漏,critical,115.0,轻微降低,degraded,0,稳定,2,临界,3,False,route_maintenance_review,public-derived-cycle-feature-table
1111,158.10019499999999,107.325104,1.7314731666666667,2482.6513,6.366933333333333,44.84239999999999,0.6105833333333334,20.0,效率降低,degraded,100.0,最佳状态,normal,2.0,严重泄漏,critical,115.0,轻微降低,degraded,0,稳定,2,临界,3,False,route_maintenance_review,public-derived-cycle-feature-table
1112,158.12187833333334,107.34046833333335,1.7189076666666667,2481.753833333333,6.360035,44.841716666666656,0.6142500000000001,20.0,效率降低,degraded,100.0,最佳状态,normal,2.0,严重泄漏,critical,115.0,轻微降低,degraded,0,稳定,2,临界,3,False,route_maintenance_review,public-derived-cycle-feature-table
1113,158.1105233333333,107.322371,1.7164478333333337,2481.7227666666663,6.3598349999999995,44.840149999999994,0.61745,20.0,效率降低,degraded,100.0,最佳状态,normal,2.0,严重泄漏,critical,115.0,轻微降低,degraded,0,稳定,2,临界,3,False,route_maintenance_review,public-derived-cycle-feature-table
1114,158.12481499999998,107.34735083333334,1.7240073333333332,2481.5227666666665,6.369336666666666,44.827299999999994,0.6139333333333333,20.0,效率降低,degraded,100.0,最佳状态,normal,2.0,严重泄漏,critical,115.0,轻微降低,degraded,0,稳定,2,临界,3,False,route_maintenance_review,public-derived-cycle-feature-table
1115,158.12513333333334,107.35039116666665,1.7303144999999998,2481.8839,6.362506666666667,44.791399999999996,0.6152333333333332,20.0,效率降低,degraded,100.0,最佳状态,normal,2.0,严重泄漏,critical,115.0,轻微降低,degraded,0,稳定,2,临界,3,False,route_maintenance_review,public-derived-cycle-feature-table
1116,158.12771333333333,107.34139916666668,1.73243,2481.4755999999998,6.36826,44.794233333333324,0.6159166666666668,20.0,效率降低,degraded,100.0,最佳状态,normal,2.0,严重泄漏,critical,115.0,轻微降低,degraded,0,稳定,2,临界,3,False,route_maintenance_review,public-derived-cycle-feature-table
1117,158.36574,107.50248083333334,1.7672851666666665,2470.5939666666663,6.456284999999999,44.80718333333333,0.6156000000000001,20.0,效率降低,degraded,100.0,最佳状态,normal,1.0,弱泄漏,degraded,115.0,轻微降低,degraded,1,未稳定,1,退化,3,False,route_maintenance_review,public-derived-cycle-feature-table
1118,158.57831166666668,106.88937,1.7585819999999996,2473.6297666666665,6.415699999999999,44.83441666666666,0.6179833333333333,20.0,效率降低,degraded,73.0,接近故障,critical,1.0,弱泄漏,degraded,115.0,轻微降低,degraded,0,稳定,2,临界,4,False,route_maintenance_review,public-derived-cycle-feature-table
1119,158.56248666666664,106.87283583333334,1.7572766666666666,2472.5458666666664,6.426615,44.83889999999999,0.6199333333333333,20.0,效率降低,degraded,73.0,接近故障,critical,1.0,弱泄漏,degraded,115.0,轻微降低,degraded,0,稳定,2,临界,4,False,route_maintenance_review,public-derived-cycle-feature-table
1120,158.55715833333332,106.8772545,1.7555608333333332,2469.0437999999995,6.418746666666666,44.81811666666667,0.6220666666666668,20.0,效率降低,degraded,73.0,接近故障,critical,1.0,弱泄漏,degraded,115.0,轻微降低,degraded,0,稳定,2,临界,4,False,route_maintenance_review,public-derived-cycle-feature-table
1121,158.59969166666664,106.92610433333334,1.744460333333333,2468.3532999999998,6.433055,44.81388333333334,0.6222,20.0,效率降低,degraded,73.0,接近故障,critical,1.0,弱泄漏,degraded,115.0,轻微降低,degraded,0,稳定,2,临界,4,False,route_maintenance_review,public-derived-cycle-feature-table
1122,158.59796500000002,106.89223683333333,1.7519056666666666,2466.1657666666665,6.428663333333333,44.81904999999999,0.6264833333333334,20.0,效率降低,degraded,73.0,接近故障,critical,1.0,弱泄漏,degraded,115.0,轻微降低,degraded,0,稳定,2,临界,4,False,route_maintenance_review,public-derived-cycle-feature-table
1123,158.58644833333335,106.87070916666667,1.7584408333333335,2466.2448666666664,6.441825000000001,44.83953333333333,0.6231500000000001,20.0,效率降低,degraded,73.0,接近故障,critical,1.0,弱泄漏,degraded,115.0,轻微降低,degraded,0,稳定,2,临界,4,False,route_maintenance_review,public-derived-cycle-feature-table
1124,158.60234,106.91638983333333,1.7490993333333333,2467.5236666666665,6.435258333333333,44.82771666666667,0.6163166666666666,20.0,效率降低,degraded,73.0,接近故障,critical,1.0,弱泄漏,degraded,115.0,轻微降低,degraded,0,稳定,2,临界,4,False,route_maintenance_review,public-derived-cycle-feature-table
1125,158.60787333333334,106.91293483333334,1.7528963333333334,2471.347233333333,6.426161666666666,44.80788333333332,0.6188333333333331,20.0,效率降低,degraded,73.0,接近故障,critical,1.0,弱泄漏,degraded,115.0,轻微降低,degraded,0,稳定,2,临界,4,False,route_maintenance_review,public-derived-cycle-feature-table
1126,158.60244166666666,106.90453,1.760185,2477.0188999999996,6.424093333333333,44.80395,0.6138333333333333,20.0,效率降低,degraded,73.0,接近故障,critical,1.0,弱泄漏,degraded,115.0,轻微降低,degraded,0,稳定,2,临界,4,False,route_maintenance_review,public-derived-cycle-feature-table
1127,158.622695,106.91248116666668,1.7515791666666665,2474.5583666666666,6.430573333333333,44.79876666666666,0.61335,20.0,效率降低,degraded,73.0,接近故障,critical,1.0,弱泄漏,degraded,115.0,轻微降低,degraded,0,稳定,2,临界,4,False,route_maintenance_review,public-derived-cycle-feature-table
1128,158.52174666666667,107.15781133333334,1.7587131666666667,2472.756966666667,6.467766666666666,44.79071666666666,0.6147666666666666,20.0,效率降低,degraded,80.0,严重滞后,critical,1.0,弱泄漏,degraded,115.0,轻微降低,degraded,0,稳定,2,临界,4,False,route_maintenance_review,public-derived-cycle-feature-table
1129,158.55006,107.18900183333332,1.757716,2473.0951333333333,6.460106666666666,44.78436666666666,0.6135666666666667,20.0,效率降低,degraded,80.0,严重滞后,critical,1.0,弱泄漏,degraded,115.0,轻微降低,degraded,0,稳定,2,临界,4,False,route_maintenance_review,public-derived-cycle-feature-table
1130,158.54555999999997,107.19230633333333,1.7591311666666667,2473.3819666666664,6.4629900000000005,44.76703333333333,0.6164666666666665,20.0,效率降低,degraded,80.0,严重滞后,critical,1.0,弱泄漏,degraded,115.0,轻微降低,degraded,0,稳定,2,临界,4,False,route_maintenance_review,public-derived-cycle-feature-table
1131,158.5422616666667,107.18229866666667,1.7585426666666666,2473.7243999999996,6.465331666666668,44.75651666666666,0.6236999999999998,20.0,效率降低,degraded,80.0,严重滞后,critical,1.0,弱泄漏,degraded,115.0,轻微降低,degraded,0,稳定,2,临界,4,False,route_maintenance_review,public-derived-cycle-feature-table
1132,158.52971333333335,107.19768616666666,1.7611081666666666,2475.2615333333333,6.4581116666666665,44.73945,0.61345,20.0,效率降低,degraded,80.0,严重滞后,critical,1.0,弱泄漏,degraded,115.0,轻微降低,degraded,0,稳定,2,临界,4,False,route_maintenance_review,public-derived-cycle-feature-table
1133,158.52877,107.20294616666665,1.7633831666666668,2474.492166666667,6.465518333333334,44.73115,0.5975166666666668,20.0,效率降低,degraded,80.0,严重滞后,critical,1.0,弱泄漏,degraded,115.0,轻微降低,degraded,0,稳定,2,临界,4,False,route_maintenance_review,public-derived-cycle-feature-table
1134,158.52423833333333,107.20662983333335,1.765864833333333,2475.1366,6.461336666666666,44.73718333333333,0.61415,20.0,效率降低,degraded,80.0,严重滞后,critical,1.0,弱泄漏,degraded,115.0,轻微降低,degraded,0,稳定,2,临界,4,False,route_maintenance_review,public-derived-cycle-feature-table
1135,158.55461,107.22745200000001,1.766370833333333,2475.9276666666665,6.458286666666666,44.698949999999996,0.6137,20.0,效率降低,degraded,80.0,严重滞后,critical,1.0,弱泄漏,degraded,115.0,轻微降低,degraded,0,稳定,2,临界,4,False,route_maintenance_review,public-derived-cycle-feature-table
1136,158.526065,107.1726835,1.7586311666666667,2476.5517,6.461058333333333,44.70068333333333,0.6107999999999999,20.0,效率降低,degraded,80.0,严重滞后,critical,1.0,弱泄漏,degraded,115.0,轻微降低,degraded,0,稳定,2,临界,4,False,route_maintenance_review,public-derived-cycle-feature-table
1137,158.55619166666665,107.1981525,1.7606773333333334,2476.7581,6.46972,44.722916666666656,0.6137166666666668,20.0,效率降低,degraded,80.0,严重滞后,critical,1.0,弱泄漏,degraded,115.0,轻微降低,degraded,0,稳定,2,临界,4,False,route_maintenance_review,public-derived-cycle-feature-table
1138,158.50903499999998,107.40838883333333,1.7647253333333335,2474.7763999999997,6.481715,44.71506666666667,0.6161833333333333,20.0,效率降低,degraded,90.0,轻微滞后,degraded,1.0,弱泄漏,degraded,115.0,轻微降低,degraded,0,稳定,1,退化,4,False,route_maintenance_review,public-derived-cycle-feature-table
1139,158.51948666666667,107.43525516666666,1.7615554999999998,2475.367266666666,6.486073333333333,44.70736666666666,0.6164,20.0,效率降低,degraded,90.0,轻微滞后,degraded,1.0,弱泄漏,degraded,115.0,轻微降低,degraded,0,稳定,1,退化,4,False,route_maintenance_review,public-derived-cycle-feature-table
1140,158.53160666666668,107.45162083333332,1.7649176666666668,2476.4333666666666,6.4828133333333335,44.68593333333333,0.61385,20.0,效率降低,degraded,90.0,轻微滞后,degraded,1.0,弱泄漏,degraded,115.0,轻微降低,degraded,0,稳定,1,退化,4,False,route_maintenance_review,public-derived-cycle-feature-table
1141,158.51258833333333,107.40372916666666,1.7577813333333336,2473.615933333333,6.471765,44.666316666666674,0.6168833333333333,20.0,效率降低,degraded,90.0,轻微滞后,degraded,1.0,弱泄漏,degraded,115.0,轻微降低,degraded,0,稳定,1,退化,4,False,route_maintenance_review,public-derived-cycle-feature-table
1142,158.51565333333332,107.4296955,1.7574724999999998,2472.942,6.477125,44.6537,0.6177500000000001,20.0,效率降低,degraded,90.0,轻微滞后,degraded,1.0,弱泄漏,degraded,115.0,轻微降低,degraded,0,稳定,1,退化,4,False,route_maintenance_review,public-derived-cycle-feature-table
1143,158.49394666666666,107.42940133333335,1.7644138333333335,2473.4456666666665,6.484833333333334,44.65318333333333,0.6202500000000001,20.0,效率降低,degraded,90.0,轻微滞后,degraded,1.0,弱泄漏,degraded,115.0,轻微降低,degraded,0,稳定,1,退化,4,False,route_maintenance_review,public-derived-cycle-feature-table
1144,158.51076833333332,107.43648033333334,1.7590581666666665,2474.5844999999995,6.477756666666667,44.63406666666666,0.6170333333333333,20.0,效率降低,degraded,90.0,轻微滞后,degraded,1.0,弱泄漏,degraded,115.0,轻微降低,degraded,0,稳定,1,退化,4,False,route_maintenance_review,public-derived-cycle-feature-table
1145,158.52034666666668,107.45511883333333,1.7712168333333334,2476.049633333333,6.474758333333333,44.62165,0.61735,20.0,效率降低,degraded,90.0,轻微滞后,degraded,1.0,弱泄漏,degraded,115.0,轻微降低,degraded,0,稳定,1,退化,4,False,route_maintenance_review,public-derived-cycle-feature-table
1146,158.51115833333333,107.43322100000002,1.7690798333333333,2477.0522,6.47835,44.63229999999999,0.6225833333333332,20.0,效率降低,degraded,90.0,轻微滞后,degraded,1.0,弱泄漏,degraded,115.0,轻微降低,degraded,0,稳定,1,退化,4,False,route_maintenance_review,public-derived-cycle-feature-table
1147,158.5279483333333,107.46784766666664,1.763424333333333,2477.409466666667,6.47431,44.62948333333334,0.6232666666666666,20.0,效率降低,degraded,90.0,轻微滞后,degraded,1.0,弱泄漏,degraded,115.0,轻微降低,degraded,0,稳定,1,退化,4,False,route_maintenance_review,public-derived-cycle-feature-table
1148,158.46767166666666,107.58013316666664,1.7703558333333334,2475.5641333333333,6.466203333333333,44.59519999999999,0.6129166666666667,20.0,效率降低,degraded,100.0,最佳状态,normal,1.0,弱泄漏,degraded,115.0,轻微降低,degraded,0,稳定,1,退化,3,False,route_maintenance_review,public-derived-cycle-feature-table
1149,158.47768166666665,107.60316983333333,1.7648333333333333,2476.7545666666665,6.464013333333333,44.58898333333333,0.6125999999999999,20.0,效率降低,degraded,100.0,最佳状态,normal,1.0,弱泄漏,degraded,115.0,轻微降低,degraded,0,稳定,1,退化,3,False,route_maintenance_review,public-derived-cycle-feature-table
1150,158.46441333333334,107.57387666666666,1.7622618333333333,2471.4233,6.470398333333334,44.57893333333333,0.6101833333333332,20.0,效率降低,degraded,100.0,最佳状态,normal,1.0,弱泄漏,degraded,115.0,轻微降低,degraded,0,稳定,1,退化,3,False,route_maintenance_review,public-derived-cycle-feature-table
1151,158.47650833333333,107.6009605,1.7593518333333336,2469.6686,6.47229,44.56586666666667,0.6107666666666666,20.0,效率降低,degraded,100.0,最佳状态,normal,1.0,弱泄漏,degraded,115.0,轻微降低,degraded,0,稳定,1,退化,3,False,route_maintenance_review,public-derived-cycle-feature-table
1152,158.47206999999997,107.56536116666668,1.7598586666666667,2469.1018,6.4673533333333335,44.574783333333336,0.6064000000000002,20.0,效率降低,degraded,100.0,最佳状态,normal,1.0,弱泄漏,degraded,115.0,轻微降低,degraded,0,稳定,1,退化,3,False,route_maintenance_review,public-derived-cycle-feature-table
1153,158.45373833333332,107.5891135,1.7595573333333334,2467.3610666666664,6.4788,44.565866666666665,0.6103666666666666,20.0,效率降低,degraded,100.0,最佳状态,normal,1.0,弱泄漏,degraded,115.0,轻微降低,degraded,0,稳定,1,退化,3,False,route_maintenance_review,public-derived-cycle-feature-table
1154,158.47033,107.56743366666666,1.7699829999999999,2467.6122666666665,6.4876499999999995,44.538050000000005,0.6237166666666666,20.0,效率降低,degraded,100.0,最佳状态,normal,1.0,弱泄漏,degraded,115.0,轻微降低,degraded,0,稳定,1,退化,3,False,route_maintenance_review,public-derived-cycle-feature-table
1155,158.48224833333333,107.58300133333334,1.764808,2468.134433333333,6.479543333333334,44.52610000000001,0.6664333333333333,20.0,效率降低,degraded,100.0,最佳状态,normal,1.0,弱泄漏,degraded,115.0,轻微降低,degraded,0,稳定,1,退化,3,False,route_maintenance_review,public-derived-cycle-feature-table
1156,158.48938333333334,107.59601950000001,1.7725713333333333,2468.3072666666667,6.470821666666667,44.49915,0.6943,20.0,效率降低,degraded,100.0,最佳状态,normal,1.0,弱泄漏,degraded,115.0,轻微降低,degraded,0,稳定,1,退化,3,False,route_maintenance_review,public-derived-cycle-feature-table
1157,158.51069,107.6139865,1.7682210000000003,2471.103833333333,6.4776533333333335,44.46205,0.6247333333333334,20.0,效率降低,degraded,100.0,最佳状态,normal,1.0,弱泄漏,degraded,115.0,轻微降低,degraded,0,稳定,1,退化,3,False,route_maintenance_review,public-derived-cycle-feature-table
1158,158.89958833333333,107.87595449999999,1.8108031666666666,2461.538666666667,6.681285,44.472683333333336,0.6223,20.0,效率降低,degraded,100.0,最佳状态,normal,0.0,无泄漏,normal,115.0,轻微降低,degraded,1,未稳定,1,退化,2,False,route_maintenance_review,public-derived-cycle-feature-table
1159,159.10206666666667,107.25685966666667,1.7948696666666668,2464.354733333333,6.630006666666667,44.53061666666667,0.6216166666666666,20.0,效率降低,degraded,73.0,接近故障,critical,0.0,无泄漏,normal,115.0,轻微降低,degraded,0,稳定,2,临界,3,False,route_maintenance_review,public-derived-cycle-feature-table
1160,159.094665,107.22180250000001,1.8116598333333334,2460.068,6.625428333333334,44.574816666666656,0.6139833333333332,20.0,效率降低,degraded,73.0,接近故障,critical,0.0,无泄漏,normal,115.0,轻微降低,degraded,0,稳定,2,临界,3,False,route_maintenance_review,public-derived-cycle-feature-table
1161,159.10285000000002,107.25729383333334,1.8154341666666667,2459.901633333333,6.6285816666666655,44.57003333333333,0.6210166666666667,20.0,效率降低,degraded,73.0,接近故障,critical,0.0,无泄漏,normal,115.0,轻微降低,degraded,0,稳定,2,临界,3,False,route_maintenance_review,public-derived-cycle-feature-table
1162,159.114915,107.2672025,1.8030476666666666,2460.7646999999997,6.632630000000001,44.59361666666667,0.6127833333333335,20.0,效率降低,degraded,73.0,接近故障,critical,0.0,无泄漏,normal,115.0,轻微降低,degraded,0,稳定,2,临界,3,False,route_maintenance_review,public-derived-cycle-feature-table
1163,159.10586666666666,107.23504516666665,1.8070231666666665,2461.9550666666664,6.63332,44.61295000000002,0.6179000000000001,20.0,效率降低,degraded,73.0,接近故障,critical,0.0,无泄漏,normal,115.0,轻微降低,degraded,0,稳定,2,临界,3,False,route_maintenance_review,public-derived-cycle-feature-table
1164,159.07397,107.212525,1.803451333333333,2459.256233333333,6.632351666666667,44.61076666666666,0.6189833333333332,20.0,效率降低,degraded,73.0,接近故障,critical,0.0,无泄漏,normal,115.0,轻微降低,degraded,0,稳定,2,临界,3,False,route_maintenance_review,public-derived-cycle-feature-table
1165,159.11180833333336,107.234408,1.7999543333333334,2463.539033333333,6.633233333333333,44.619299999999996,0.6170166666666667,20.0,效率降低,degraded,73.0,接近故障,critical,0.0,无泄漏,normal,115.0,轻微降低,degraded,0,稳定,2,临界,3,False,route_maintenance_review,public-derived-cycle-feature-table
1166,159.11356,107.24805066666667,1.7992214999999996,2466.4910333333332,6.633463333333333,44.60936666666666,0.6136333333333333,20.0,效率降低,degraded,73.0,接近故障,critical,0.0,无泄漏,normal,115.0,轻微降低,degraded,0,稳定,2,临界,3,False,route_maintenance_review,public-derived-cycle-feature-table
1167,159.11789333333334,107.26056116666666,1.7926928333333334,2469.5312999999996,6.634135000000001,44.616883333333334,0.6092833333333333,20.0,效率降低,degraded,73.0,接近故障,critical,0.0,无泄漏,normal,115.0,轻微降低,degraded,0,稳定,2,临界,3,False,route_maintenance_review,public-derived-cycle-feature-table
1168,159.10896333333335,107.23463833333332,1.7986381666666666,2471.491833333333,6.646063333333334,44.62511666666666,0.6069999999999999,20.0,效率降低,degraded,73.0,接近故障,critical,0.0,无泄漏,normal,115.0,轻微降低,degraded,0,稳定,2,临界,3,False,route_maintenance_review,public-derived-cycle-feature-table
1169,159.02582833333332,107.51697883333334,1.7981036666666665,2471.334066666667,6.671111666666667,44.61881666666667,0.6057333333333332,20.0,效率降低,degraded,80.0,严重滞后,critical,0.0,无泄漏,normal,115.0,轻微降低,degraded,0,稳定,2,临界,3,False,route_maintenance_review,public-derived-cycle-feature-table
1170,159.0011483333333,107.49337683333333,1.81033,2471.795666666667,6.66867,44.63798333333333,0.6094666666666666,20.0,效率降低,degraded,80.0,严重滞后,critical,0.0,无泄漏,normal,115.0,轻微降低,degraded,0,稳定,2,临界,3,False,route_maintenance_review,public-derived-cycle-feature-table
1171,159.00138333333334,107.47889316666665,1.8050828333333333,2470.9237,6.66653,44.630766666666666,0.6102166666666667,20.0,效率降低,degraded,80.0,严重滞后,critical,0.0,无泄漏,normal,115.0,轻微降低,degraded,0,稳定,2,临界,3,False,route_maintenance_review,public-derived-cycle-feature-table
1172,159.0058633333333,107.50115716666666,1.8069633333333335,2470.187233333333,6.659701666666667,44.63941666666666,0.6137833333333333,20.0,效率降低,degraded,80.0,严重滞后,critical,0.0,无泄漏,normal,115.0,轻微降低,degraded,0,稳定,2,临界,3,False,route_maintenance_review,public-derived-cycle-feature-table
1173,159.01126833333336,107.504227,1.8084393333333335,2470.8576,6.668001666666666,44.63156666666665,0.6110666666666666,20.0,效率降低,degraded,80.0,严重滞后,critical,0.0,无泄漏,normal,115.0,轻微降低,degraded,0,稳定,2,临界,3,False,route_maintenance_review,public-derived-cycle-feature-table
1174,159.00330666666667,107.51136650000001,1.8014848333333333,2469.7853999999998,6.666149999999999,44.640366666666665,0.60905,20.0,效率降低,degraded,80.0,严重滞后,critical,0.0,无泄漏,normal,115.0,轻微降低,degraded,0,稳定,2,临界,3,False,route_maintenance_review,public-derived-cycle-feature-table
1175,159.01806,107.52634249999998,1.8044976666666668,2467.5577,6.657688333333334,44.64249999999999,0.6085166666666666,20.0,效率降低,degraded,80.0,严重滞后,critical,0.0,无泄漏,normal,115.0,轻微降低,degraded,0,稳定,2,临界,3,False,route_maintenance_review,public-derived-cycle-feature-table
1176,158.99463166666666,107.48016633333332,1.8014769999999998,2468.3461666666667,6.664956666666667,44.60931666666666,0.6115666666666667,20.0,效率降低,degraded,80.0,严重滞后,critical,0.0,无泄漏,normal,115.0,轻微降低,degraded,0,稳定,2,临界,3,False,route_maintenance_review,public-derived-cycle-feature-table
1177,159.00891166666665,107.48590583333332,1.8004738333333334,2470.3695,6.667456666666667,44.615516666666664,0.6060333333333333,20.0,效率降低,degraded,80.0,严重滞后,critical,0.0,无泄漏,normal,115.0,轻微降低,degraded,0,稳定,2,临界,3,False,route_maintenance_review,public-derived-cycle-feature-table
1178,158.998885,107.47436683333333,1.799539,2471.5870999999997,6.668228333333333,44.6186,0.60715,20.0,效率降低,degraded,80.0,严重滞后,critical,0.0,无泄漏,normal,115.0,轻微降低,degraded,0,稳定,2,临界,3,False,route_maintenance_review,public-derived-cycle-feature-table
1179,158.93469166666665,107.72695416666666,1.8031818333333334,2466.4892999999997,6.680271666666667,44.62096666666666,0.6034833333333333,20.0,效率降低,degraded,90.0,轻微滞后,degraded,0.0,无泄漏,normal,115.0,轻微降低,degraded,0,稳定,1,退化,3,False,route_maintenance_review,public-derived-cycle-feature-table
1180,158.93817333333334,107.71101683333333,1.799205,2465.6500666666666,6.686516666666666,44.61056666666666,0.6037833333333334,20.0,效率降低,degraded,90.0,轻微滞后,degraded,0.0,无泄漏,normal,115.0,轻微降低,degraded,0,稳定,1,退化,3,False,route_maintenance_review,public-derived-cycle-feature-table
1181,158.94530333333333,107.72581283333334,1.8044756666666666,2467.4446,6.691236666666667,44.601350000000004,0.5959666666666664,20.0,效率降低,degraded,90.0,轻微滞后,degraded,0.0,无泄漏,normal,115.0,轻微降低,degraded,0,稳定,1,退化,3,False,route_maintenance_review,public-derived-cycle-feature-table
1182,158.95542500000002,107.744853,1.7934678333333334,2467.4308,6.6806350000000005,44.599983333333334,0.5998666666666668,20.0,效率降低,degraded,90.0,轻微滞后,degraded,0.0,无泄漏,normal,115.0,轻微降低,degraded,0,稳定,1,退化,3,False,route_maintenance_review,public-derived-cycle-feature-table
1183,158.95281166666666,107.74541966666665,1.8037093333333332,2466.976533333333,6.68553,44.574000000000005,0.6044833333333333,20.0,效率降低,degraded,90.0,轻微滞后,degraded,0.0,无泄漏,normal,115.0,轻微降低,degraded,0,稳定,1,退化,3,False,route_maintenance_review,public-derived-cycle-feature-table
1184,158.93726166666667,107.738304,1.8063751666666668,2467.9607,6.681301666666666,44.56313333333334,0.6054999999999999,20.0,效率降低,degraded,90.0,轻微滞后,degraded,0.0,无泄漏,normal,115.0,轻微降低,degraded,0,稳定,1,退化,3,False,route_maintenance_review,public-derived-cycle-feature-table
1185,158.95269333333334,107.75758616666667,1.8078705,2469.3391,6.680415,44.56376666666666,0.5909,20.0,效率降低,degraded,90.0,轻微滞后,degraded,0.0,无泄漏,normal,115.0,轻微降低,degraded,0,稳定,1,退化,3,False,route_maintenance_review,public-derived-cycle-feature-table
1186,158.95622833333334,107.75710400000001,1.7975633333333332,2469.0683666666664,6.6743516666666665,44.591016666666654,0.6117666666666667,20.0,效率降低,degraded,90.0,轻微滞后,degraded,0.0,无泄漏,normal,115.0,轻微降低,degraded,0,稳定,1,退化,3,False,route_maintenance_review,public-derived-cycle-feature-table
1187,158.9371766666667,107.722044,1.8079496666666668,2468.5471,6.680008333333332,44.59676666666666,0.6069333333333334,20.0,效率降低,degraded,90.0,轻微滞后,degraded,0.0,无泄漏,normal,115.0,轻微降低,degraded,0,稳定,1,退化,3,False,route_maintenance_review,public-derived-cycle-feature-table
1188,158.93937166666666,107.7213925,1.8009115000000002,2468.199933333333,6.67486,44.58554999999999,0.6096166666666666,20.0,效率降低,degraded,90.0,轻微滞后,degraded,0.0,无泄漏,normal,115.0,轻微降低,degraded,0,稳定,1,退化,3,False,route_maintenance_review,public-derived-cycle-feature-table
1189,158.89976166666668,107.88947783333333,1.8006371666666667,2467.7827333333335,6.672145,44.61013333333334,0.6037166666666667,20.0,效率降低,degraded,100.0,最佳状态,normal,0.0,无泄漏,normal,115.0,轻微降低,degraded,0,稳定,1,退化,2,False,route_maintenance_review,public-derived-cycle-feature-table
1190,158.92047999999997,107.91407316666665,1.8022773333333335,2467.4775999999997,6.664264999999999,44.59088333333333,0.6010666666666665,20.0,效率降低,degraded,100.0,最佳状态,normal,0.0,无泄漏,normal,115.0,轻微降低,degraded,0,稳定,1,退化,2,False,route_maintenance_review,public-derived-cycle-feature-table
1191,158.90563500000002,107.90607166666668,1.8010279999999999,2465.1763,6.666796666666667,44.611066666666666,0.6022666666666666,20.0,效率降低,degraded,100.0,最佳状态,normal,0.0,无泄漏,normal,115.0,轻微降低,degraded,0,稳定,1,退化,2,False,route_maintenance_review,public-derived-cycle-feature-table
1192,158.9051883333333,107.87201866666666,1.8055071666666669,2463.2896333333333,6.679596666666667,44.6015,0.6098333333333333,20.0,效率降低,degraded,100.0,最佳状态,normal,0.0,无泄漏,normal,115.0,轻微降低,degraded,0,稳定,1,退化,2,False,route_maintenance_review,public-derived-cycle-feature-table
1193,158.90275,107.87467733333334,1.8079741666666669,2464.2413666666666,6.6693066666666665,44.5761,0.6092166666666667,20.0,效率降低,degraded,100.0,最佳状态,normal,0.0,无泄漏,normal,115.0,轻微降低,degraded,0,稳定,1,退化,2,False,route_maintenance_review,public-derived-cycle-feature-table
1194,158.90811333333332,107.92146833333334,1.799569666666667,2465.217966666666,6.6686483333333335,44.54475,0.6053,20.0,效率降低,degraded,100.0,最佳状态,normal,0.0,无泄漏,normal,115.0,轻微降低,degraded,0,稳定,1,退化,2,False,route_maintenance_review,public-derived-cycle-feature-table
1195,158.90703166666665,107.88850033333335,1.802042666666667,2466.472533333333,6.676476666666667,44.51795000000001,0.6014666666666667,20.0,效率降低,degraded,100.0,最佳状态,normal,0.0,无泄漏,normal,115.0,轻微降低,degraded,0,稳定,1,退化,2,False,route_maintenance_review,public-derived-cycle-feature-table
1196,158.90566166666667,107.91034016666666,1.7953915,2465.195333333333,6.6850466666666675,44.522083333333335,0.6058333333333334,20.0,效率降低,degraded,100.0,最佳状态,normal,0.0,无泄漏,normal,115.0,轻微降低,degraded,0,稳定,1,退化,2,False,route_maintenance_review,public-derived-cycle-feature-table
1197,158.91461333333334,107.906373,1.8032473333333334,2465.2414999999996,6.673486666666667,44.524616666666674,0.6020833333333334,20.0,效率降低,degraded,100.0,最佳状态,normal,0.0,无泄漏,normal,115.0,轻微降低,degraded,0,稳定,1,退化,2,False,route_maintenance_review,public-derived-cycle-feature-table
1198,158.919895,107.90311633333334,1.8106048333333336,2466.0048333333334,6.681685,44.527699999999996,0.6037499999999999,20.0,效率降低,degraded,100.0,最佳状态,normal,0.0,无泄漏,normal,115.0,轻微降低,degraded,0,稳定,1,退化,2,False,route_maintenance_review,public-derived-cycle-feature-table
1199,158.82563833333336,107.90642299999999,1.7993503333333332,2466.340166666667,6.671326666666667,44.4923,0.5994666666666666,20.0,效率降低,degraded,100.0,最佳状态,normal,0.0,无泄漏,normal,100.0,严重降低,critical,1,未稳定,2,临界,2,False,route_maintenance_review,public-derived-cycle-feature-table
1200,158.92765666666665,107.88578333333332,1.799905,2468.5000999999997,6.669946666666666,44.47581666666667,0.5993833333333335,20.0,效率降低,degraded,100.0,最佳状态,normal,0.0,无泄漏,normal,100.0,严重降低,critical,1,未稳定,2,临界,2,False,route_maintenance_review,public-derived-cycle-feature-table
1201,158.92456,107.88613066666666,1.7945821666666668,2468.4408,6.669953333333333,44.47798333333333,0.6077166666666666,20.0,效率降低,degraded,100.0,最佳状态,normal,0.0,无泄漏,normal,100.0,严重降低,critical,1,未稳定,2,临界,2,False,route_maintenance_review,public-derived-cycle-feature-table
1202,158.92236333333335,107.888787,1.8049651666666666,2469.9500666666663,6.659691666666666,44.47563333333333,0.6017333333333333,20.0,效率降低,degraded,100.0,最佳状态,normal,0.0,无泄漏,normal,100.0,严重降低,critical,1,未稳定,2,临界,2,False,route_maintenance_review,public-derived-cycle-feature-table
1203,158.932495,107.88853183333333,1.7993119999999998,2470.097233333333,6.665116666666666,44.43691666666667,0.6103999999999999,20.0,效率降低,degraded,100.0,最佳状态,normal,0.0,无泄漏,normal,100.0,严重降低,critical,1,未稳定,2,临界,2,False,route_maintenance_review,public-derived-cycle-feature-table
1204,158.933415,107.91185816666666,1.8043396666666667,2469.5588333333335,6.658623333333333,44.42551666666667,0.6033666666666667,20.0,效率降低,degraded,100.0,最佳状态,normal,0.0,无泄漏,normal,100.0,严重降低,critical,1,未稳定,2,临界,2,False,route_maintenance_review,public-derived-cycle-feature-table
1205,158.92698,107.88909416666668,1.8014281666666665,2469.5426999999995,6.660206666666666,44.44235000000001,0.6029833333333332,20.0,效率降低,degraded,100.0,最佳状态,normal,0.0,无泄漏,normal,100.0,严重降低,critical,1,未稳定,2,临界,2,False,route_maintenance_review,public-derived-cycle-feature-table
1206,158.92225,107.890697,1.7943723333333335,2472.048566666667,6.662803333333333,44.4057,0.6039499999999999,20.0,效率降低,degraded,100.0,最佳状态,normal,0.0,无泄漏,normal,100.0,严重降低,critical,1,未稳定,2,临界,2,False,route_maintenance_review,public-derived-cycle-feature-table
1207,158.95035,107.919246,1.7992093333333332,2469.936733333333,6.6643566666666665,44.4059,0.5984166666666667,20.0,效率降低,degraded,100.0,最佳状态,normal,0.0,无泄漏,normal,100.0,严重降低,critical,1,未稳定,2,临界,2,False,route_maintenance_review,public-derived-cycle-feature-table
1208,158.95051166666667,107.910495,1.7975505,2467.687966666666,6.676871666666666,44.40721666666666,0.6029666666666668,20.0,效率降低,degraded,100.0,最佳状态,normal,0.0,无泄漏,normal,100.0,严重降低,critical,1,未稳定,2,临界,2,False,route_maintenance_review,public-derived-cycle-feature-table
1209,158.35808166666666,107.51415700000001,1.7305960000000002,2497.2068666666664,6.39732,44.38495000000002,0.5932833333333333,20.0,效率降低,degraded,100.0,最佳状态,normal,2.0,严重泄漏,critical,100.0,严重降低,critical,1,未稳定,2,临界,3,False,route_maintenance_review,public-derived-cycle-feature-table
1210,158.53451666666666,106.91970433333334,1.7228938333333335,2496.2635999999998,6.345923333333334,44.275800000000004,0.60945,20.0,效率降低,degraded,73.0,接近故障,critical,2.0,严重泄漏,critical,100.0,严重降低,critical,0,稳定,2,临界,4,False,route_maintenance_review,public-derived-cycle-feature-table
1211,158.53680999999997,106.91586333333332,1.7271343333333333,2497.309233333333,6.348973333333333,44.23454999999999,0.6080666666666666,20.0,效率降低,degraded,73.0,接近故障,critical,2.0,严重泄漏,critical,100.0,严重降低,critical,0,稳定,2,临界,4,False,route_maintenance_review,public-derived-cycle-feature-table
1212,158.53360999999998,106.9287195,1.7268331666666665,2496.8161999999998,6.347331666666667,44.19768333333334,0.6062166666666667,20.0,效率降低,degraded,73.0,接近故障,critical,2.0,严重泄漏,critical,100.0,严重降低,critical,0,稳定,2,临界,4,False,route_maintenance_review,public-derived-cycle-feature-table
1213,158.5477283333333,106.93439466666666,1.7254735,2494.8018666666667,6.3341633333333345,44.164699999999996,0.6120999999999999,20.0,效率降低,degraded,73.0,接近故障,critical,2.0,严重泄漏,critical,100.0,严重降低,critical,0,稳定,2,临界,4,False,route_maintenance_review,public-derived-cycle-feature-table
1214,158.550705,106.95808533333334,1.7208329999999998,2496.535833333333,6.33239,44.1479,0.6054999999999999,20.0,效率降低,degraded,73.0,接近故障,critical,2.0,严重泄漏,critical,100.0,严重降低,critical,0,稳定,2,临界,4,False,route_maintenance_review,public-derived-cycle-feature-table
1215,158.55263666666667,106.94413466666668,1.7236965,2495.8307,6.331998333333334,44.111,0.6117666666666668,20.0,效率降低,degraded,73.0,接近故障,critical,2.0,严重泄漏,critical,100.0,严重降低,critical,0,稳定,2,临界,4,False,route_maintenance_review,public-derived-cycle-feature-table
1216,158.54595666666665,106.92683233333332,1.7141831666666667,2496.7369999999996,6.330023333333333,44.094100000000005,0.608,20.0,效率降低,degraded,73.0,接近故障,critical,2.0,严重泄漏,critical,100.0,严重降低,critical,0,稳定,2,临界,4,False,route_maintenance_review,public-derived-cycle-feature-table
1217,158.55267,106.96238233333334,1.7233558333333334,2497.6758333333332,6.33307,44.100383333333326,0.6119500000000001,20.0,效率降低,degraded,73.0,接近故障,critical,2.0,严重泄漏,critical,100.0,严重降低,critical,0,稳定,2,临界,4,False,route_maintenance_review,public-derived-cycle-feature-table
1218,158.54659833333332,106.96034699999998,1.7271440000000002,2495.462933333333,6.330235,44.1043,0.6083833333333332,20.0,效率降低,degraded,73.0,接近故障,critical,2.0,严重泄漏,critical,100.0,严重降低,critical,0,稳定,2,临界,4,False,route_maintenance_review,public-derived-cycle-feature-table
1219,158.55545833333332,106.939236,1.7368715,2490.4857666666667,6.331336666666666,44.09791666666667,0.6058500000000001,20.0,效率降低,degraded,73.0,接近故障,critical,2.0,严重泄漏,critical,100.0,严重降低,critical,0,稳定,2,临界,4,False,route_maintenance_review,public-derived-cycle-feature-table
1220,158.44444,107.1827815,1.7409590000000001,2489.7106666666664,6.360304999999999,44.091183333333326,0.6085333333333334,20.0,效率降低,degraded,80.0,严重滞后,critical,2.0,严重泄漏,critical,100.0,严重降低,critical,0,稳定,2,临界,4,False,route_maintenance_review,public-derived-cycle-feature-table
1221,158.44557833333332,107.17220166666667,1.7367036666666666,2489.7903333333334,6.362923333333333,44.11398333333333,0.6143333333333333,20.0,效率降低,degraded,80.0,严重滞后,critical,2.0,严重泄漏,critical,100.0,严重降低,critical,0,稳定,2,临界,4,False,route_maintenance_review,public-derived-cycle-feature-table
1222,158.45781,107.18837583333334,1.7320998333333333,2490.0797666666667,6.349891666666667,44.10358333333333,0.6150833333333333,20.0,效率降低,degraded,80.0,严重滞后,critical,2.0,严重泄漏,critical,100.0,严重降低,critical,0,稳定,2,临界,4,False,route_maintenance_review,public-derived-cycle-feature-table
1223,158.452085,107.18439566666667,1.7339710000000002,2491.645933333333,6.350398333333334,44.07451666666666,0.6231166666666667,20.0,效率降低,degraded,80.0,严重滞后,critical,2.0,严重泄漏,critical,100.0,严重降低,critical,0,稳定,2,临界,4,False,route_maintenance_review,public-derived-cycle-feature-table
1224,158.46205166666667,107.158959,1.7325211666666667,2491.4532999999997,6.364121666666667,44.0802,0.6157166666666668,20.0,效率降低,degraded,80.0,严重滞后,critical,2.0,严重泄漏,critical,100.0,严重降低,critical,0,稳定,2,临界,4,False,route_maintenance_review,public-derived-cycle-feature-table
1225,158.45560666666668,107.1731355,1.7303821666666666,2491.817833333333,6.36909,44.09881666666667,0.6263166666666666,20.0,效率降低,degraded,80.0,严重滞后,critical,2.0,严重泄漏,critical,100.0,严重降低,critical,0,稳定,2,临界,4,False,route_maintenance_review,public-derived-cycle-feature-table
1226,158.46463333333335,107.19961066666667,1.7270439999999998,2493.9643333333333,6.362803333333333,44.11764999999999,0.6204333333333332,20.0,效率降低,degraded,80.0,严重滞后,critical,2.0,严重泄漏,critical,100.0,严重降低,critical,0,稳定,2,临界,4,False,route_maintenance_review,public-derived-cycle-feature-table
1227,158.45223666666666,107.19964450000002,1.7365886666666666,2493.004033333333,6.364905,44.123866666666665,0.6183666666666667,20.0,效率降低,degraded,80.0,严重滞后,critical,2.0,严重泄漏,critical,100.0,严重降低,critical,0,稳定,2,临界,4,False,route_maintenance_review,public-derived-cycle-feature-table
1228,158.45368666666667,107.16443716666667,1.7338203333333337,2492.5801,6.36746,44.15588333333334,0.6139000000000002,20.0,效率降低,degraded,80.0,严重滞后,critical,2.0,严重泄漏,critical,100.0,严重降低,critical,0,稳定,2,临界,4,False,route_maintenance_review,public-derived-cycle-feature-table
1229,158.45788000000002,107.15765549999999,1.7319413333333336,2490.4378666666667,6.36588,44.15186666666668,0.6184499999999999,20.0,效率降低,degraded,80.0,严重滞后,critical,2.0,严重泄漏,critical,100.0,严重降低,critical,0,稳定,2,临界,4,False,route_maintenance_review,public-derived-cycle-feature-table
1230,158.37975333333333,107.34630299999999,1.7327678333333334,2489.3253999999997,6.3737233333333325,44.16781666666666,0.6184833333333334,20.0,效率降低,degraded,90.0,轻微滞后,degraded,2.0,严重泄漏,critical,100.0,严重降低,critical,0,稳定,2,临界,4,False,route_maintenance_review,public-derived-cycle-feature-table
1231,158.3793116666667,107.37785883333333,1.7386265000000003,2489.892033333333,6.372919999999999,44.18145000000001,0.6096,20.0,效率降低,degraded,90.0,轻微滞后,degraded,2.0,严重泄漏,critical,100.0,严重降低,critical,0,稳定,2,临界,4,False,route_maintenance_review,public-derived-cycle-feature-table
1232,158.38530333333335,107.38244949999999,1.7291786666666666,2491.7536,6.367685,44.152,0.6089166666666668,20.0,效率降低,degraded,90.0,轻微滞后,degraded,2.0,严重泄漏,critical,100.0,严重降低,critical,0,稳定,2,临界,4,False,route_maintenance_review,public-derived-cycle-feature-table
1233,158.37962166666665,107.36785083333334,1.7386306666666667,2491.5065999999997,6.373170000000001,44.12933333333333,0.6118666666666666,20.0,效率降低,degraded,90.0,轻微滞后,degraded,2.0,严重泄漏,critical,100.0,严重降低,critical,0,稳定,2,临界,4,False,route_maintenance_review,public-derived-cycle-feature-table
1234,158.38380166666667,107.35303466666666,1.7492866666666667,2493.639533333333,6.380743333333333,44.116616666666665,0.5978333333333334,20.0,效率降低,degraded,90.0,轻微滞后,degraded,2.0,严重泄漏,critical,100.0,严重降低,critical,0,稳定,2,临界,4,False,route_maintenance_review,public-derived-cycle-feature-table
1235,158.40555166666667,107.36431099999999,1.7544906666666666,2494.456533333333,6.370596666666667,44.15141666666667,0.6104500000000002,20.0,效率降低,degraded,90.0,轻微滞后,degraded,2.0,严重泄漏,critical,100.0,严重降低,critical,0,稳定,2,临界,4,False,route_maintenance_review,public-derived-cycle-feature-table
1236,158.41278666666668,107.38851016666666,1.7488071666666665,2494.5476333333336,6.368248333333334,44.12645,0.6114833333333334,20.0,效率降低,degraded,90.0,轻微滞后,degraded,2.0,严重泄漏,critical,100.0,严重降低,critical,0,稳定,2,临界,4,False,route_maintenance_review,public-derived-cycle-feature-table
1237,158.37645833333335,107.3700615,1.7438548333333335,2490.485633333333,6.370615,44.108333333333334,0.6114333333333334,20.0,效率降低,degraded,90.0,轻微滞后,degraded,2.0,严重泄漏,critical,100.0,严重降低,critical,0,稳定,2,临界,4,False,route_maintenance_review,public-derived-cycle-feature-table
1238,158.404295,107.38353533333334,1.7498758333333335,2490.8260999999998,6.367278333333333,44.10711666666666,0.609,20.0,效率降低,degraded,90.0,轻微滞后,degraded,2.0,严重泄漏,critical,100.0,严重降低,critical,0,稳定,2,临界,4,False,route_maintenance_review,public-derived-cycle-feature-table
1239,158.38947000000002,107.35180216666666,1.745165833333333,2490.5864666666666,6.3746116666666675,44.120016666666665,0.61285,20.0,效率降低,degraded,90.0,轻微滞后,degraded,2.0,严重泄漏,critical,100.0,严重降低,critical,0,稳定,2,临界,4,False,route_maintenance_review,public-derived-cycle-feature-table
1240,158.35335833333332,107.52235966666666,1.7426948333333334,2490.7942,6.363569999999999,44.11993333333333,0.6095499999999999,20.0,效率降低,degraded,100.0,最佳状态,normal,2.0,严重泄漏,critical,100.0,严重降低,critical,0,稳定,2,临界,3,False,route_maintenance_review,public-derived-cycle-feature-table
1241,158.37904166666667,107.54037733333332,1.733462,2496.1128666666664,6.373708333333334,44.13134999999999,0.6161166666666666,20.0,效率降低,degraded,100.0,最佳状态,normal,2.0,严重泄漏,critical,100.0,严重降低,critical,0,稳定,2,临界,3,False,route_maintenance_review,public-derived-cycle-feature-table
1242,158.32921,107.52266783333333,1.7425941666666667,2496.4214333333334,6.380416666666667,44.14016666666667,0.6193166666666666,20.0,效率降低,degraded,100.0,最佳状态,normal,2.0,严重泄漏,critical,100.0,严重降低,critical,0,稳定,2,临界,3,False,route_maintenance_review,public-derived-cycle-feature-table
1243,158.34806833333334,107.52938466666666,1.7408615,2486.3955666666666,6.372023333333333,44.134516666666656,0.6154833333333333,20.0,效率降低,degraded,100.0,最佳状态,normal,2.0,严重泄漏,critical,100.0,严重降低,critical,0,稳定,2,临界,3,False,route_maintenance_review,public-derived-cycle-feature-table
1244,158.34631,107.523287,1.7429148333333333,2484.160933333333,6.371506666666668,44.12613333333333,0.6116333333333334,20.0,效率降低,degraded,100.0,最佳状态,normal,2.0,严重泄漏,critical,100.0,严重降低,critical,0,稳定,2,临界,3,False,route_maintenance_review,public-derived-cycle-feature-table
1245,158.32085666666666,107.51158783333334,1.7358086666666668,2483.6349333333333,6.370426666666666,44.1087,0.6133333333333333,20.0,效率降低,degraded,100.0,最佳状态,normal,2.0,严重泄漏,critical,100.0,严重降低,critical,0,稳定,2,临界,3,False,route_maintenance_review,public-derived-cycle-feature-table
1246,158.31938166666666,107.51184283333333,1.7361024999999999,2483.9937999999997,6.360993333333334,44.10771666666666,0.6215833333333332,20.0,效率降低,degraded,100.0,最佳状态,normal,2.0,严重泄漏,critical,100.0,严重降低,critical,0,稳定,2,临界,3,False,route_maintenance_review,public-derived-cycle-feature-table
1247,158.32308833333335,107.51227333333334,1.7358276666666668,2485.4437,6.359134999999999,44.114749999999994,0.6135833333333331,20.0,效率降低,degraded,100.0,最佳状态,normal,2.0,严重泄漏,critical,100.0,严重降低,critical,0,稳定,2,临界,3,False,route_maintenance_review,public-derived-cycle-feature-table
1248,158.31363166666668,107.50491916666665,1.7448273333333333,2485.6402999999996,6.362491666666666,44.12466666666667,0.6109166666666667,20.0,效率降低,degraded,100.0,最佳状态,normal,2.0,严重泄漏,critical,100.0,严重降低,critical,0,稳定,2,临界,3,False,route_maintenance_review,public-derived-cycle-feature-table
1249,158.29817166666666,107.49836583333332,1.7411538333333332,2486.860533333333,6.364003333333334,44.125233333333334,0.6086166666666666,20.0,效率降低,degraded,100.0,最佳状态,normal,2.0,严重泄漏,critical,100.0,严重降低,critical,0,稳定,2,临界,3,False,route_maintenance_review,public-derived-cycle-feature-table
1250,158.54741833333333,107.68408600000001,1.7654056666666667,2477.355233333333,6.461623333333334,44.111666666666665,0.6155000000000002,20.0,效率降低,degraded,100.0,最佳状态,normal,1.0,弱泄漏,degraded,100.0,严重降低,critical,1,未稳定,2,临界,3,False,route_maintenance_review,public-derived-cycle-feature-table
1251,158.76865999999998,107.10559316666667,1.7468376666666667,2477.8181666666665,6.415231666666666,44.11204999999999,0.6109500000000002,20.0,效率降低,degraded,73.0,接近故障,critical,1.0,弱泄漏,degraded,100.0,严重降低,critical,0,稳定,2,临界,4,False,route_maintenance_review,public-derived-cycle-feature-table
1252,158.79360333333332,107.09441616666666,1.7514521666666667,2479.0174999999995,6.422726666666667,44.11703333333333,0.6167833333333334,20.0,效率降低,degraded,73.0,接近故障,critical,1.0,弱泄漏,degraded,100.0,严重降低,critical,0,稳定,2,临界,4,False,route_maintenance_review,public-derived-cycle-feature-table
1253,158.80336,107.08848383333333,1.7539983333333333,2479.8442,6.430753333333333,44.110483333333335,0.6175833333333336,20.0,效率降低,degraded,73.0,接近故障,critical,1.0,弱泄漏,degraded,100.0,严重降低,critical,0,稳定,2,临界,4,False,route_maintenance_review,public-derived-cycle-feature-table
1254,158.78955000000002,107.08973916666666,1.747317,2479.9834666666666,6.42615,44.10328333333333,0.6098166666666668,20.0,效率降低,degraded,73.0,接近故障,critical,1.0,弱泄漏,degraded,100.0,严重降低,critical,0,稳定,2,临界,4,False,route_maintenance_review,public-derived-cycle-feature-table
1255,158.81330333333335,107.10218833333333,1.7543816666666667,2480.6025,6.4272833333333335,44.11066666666667,0.6122333333333335,20.0,效率降低,degraded,73.0,接近故障,critical,1.0,弱泄漏,degraded,100.0,严重降低,critical,0,稳定,2,临界,4,False,route_maintenance_review,public-derived-cycle-feature-table
1256,158.81688166666666,107.10881683333335,1.7558356666666666,2481.4357666666665,6.4276116666666665,44.15003333333334,0.6146333333333334,20.0,效率降低,degraded,73.0,接近故障,critical,1.0,弱泄漏,degraded,100.0,严重降低,critical,0,稳定,2,临界,4,False,route_maintenance_review,public-derived-cycle-feature-table
1257,158.81073,107.09294316666666,1.747634,2479.5957999999996,6.436525,44.141966666666676,0.6173500000000001,20.0,效率降低,degraded,73.0,接近故障,critical,1.0,弱泄漏,degraded,100.0,严重降低,critical,0,稳定,2,临界,4,False,route_maintenance_review,public-derived-cycle-feature-table
1258,158.80965666666665,107.096672,1.7444865000000003,2472.8975333333333,6.4271416666666665,44.11328333333333,0.6206333333333335,20.0,效率降低,degraded,73.0,接近故障,critical,1.0,弱泄漏,degraded,100.0,严重降低,critical,0,稳定,2,临界,4,False,route_maintenance_review,public-derived-cycle-feature-table
1259,158.84497666666667,107.16176366666666,1.7475868333333335,2476.8755333333334,6.430070000000001,44.08383333333333,0.6161166666666666,20.0,效率降低,degraded,73.0,接近故障,critical,1.0,弱泄漏,degraded,100.0,严重降低,critical,0,稳定,2,临界,4,False,route_maintenance_review,public-derived-cycle-feature-table
1260,158.84835166666667,107.16522066666667,1.753686,2478.6321,6.434505000000001,44.07658333333334,0.6165833333333333,20.0,效率降低,degraded,73.0,接近故障,critical,1.0,弱泄漏,degraded,100.0,严重降低,critical,0,稳定,2,临界,4,False,route_maintenance_review,public-derived-cycle-feature-table
1261,158.7275283333333,107.36484166666668,1.7533416666666666,2476.719466666667,6.4634100000000005,44.050466666666665,0.6189833333333333,20.0,效率降低,degraded,80.0,严重滞后,critical,1.0,弱泄漏,degraded,100.0,严重降低,critical,0,稳定,2,临界,4,False,route_maintenance_review,public-derived-cycle-feature-table
1262,158.74117333333334,107.39822400000001,1.7616995,2479.1930999999995,6.459238333333334,44.08273333333333,0.6136499999999999,20.0,效率降低,degraded,80.0,严重滞后,critical,1.0,弱泄漏,degraded,100.0,严重降低,critical,0,稳定,2,临界,4,False,route_maintenance_review,public-derived-cycle-feature-table
1263,158.71608166666667,107.35400983333334,1.7591748333333332,2475.9739,6.456345,44.09061666666666,0.6106833333333335,20.0,效率降低,degraded,80.0,严重滞后,critical,1.0,弱泄漏,degraded,100.0,严重降低,critical,0,稳定,2,临界,4,False,route_maintenance_review,public-derived-cycle-feature-table
1264,158.72722666666664,107.35658716666667,1.7611670000000001,2476.0822,6.46048,44.05336666666667,0.6083500000000001,20.0,效率降低,degraded,80.0,严重滞后,critical,1.0,弱泄漏,degraded,100.0,严重降低,critical,0,稳定,2,临界,4,False,route_maintenance_review,public-derived-cycle-feature-table
1265,158.73015999999998,107.38743266666667,1.7542146666666667,2475.5269666666663,6.456779999999999,44.05169999999999,0.6142666666666667,20.0,效率降低,degraded,80.0,严重滞后,critical,1.0,弱泄漏,degraded,100.0,严重降低,critical,0,稳定,2,临界,4,False,route_maintenance_review,public-derived-cycle-feature-table
1266,158.75697833333334,107.40599566666667,1.7513923333333332,2475.6383333333333,6.452183333333333,44.033033333333336,0.5955666666666667,20.0,效率降低,degraded,80.0,严重滞后,critical,1.0,弱泄漏,degraded,100.0,严重降低,critical,0,稳定,2,临界,4,False,route_maintenance_review,public-derived-cycle-feature-table
1267,158.75178,107.407631,1.7548399999999997,2476.9330999999997,6.460344999999999,44.040400000000005,0.6142000000000001,20.0,效率降低,degraded,80.0,严重滞后,critical,1.0,弱泄漏,degraded,100.0,严重降低,critical,0,稳定,2,临界,4,False,route_maintenance_review,public-derived-cycle-feature-table
1268,158.73138833333334,107.37735216666667,1.7578699999999998,2477.309033333333,6.456943333333333,44.04963333333333,0.6174000000000001,20.0,效率降低,degraded,80.0,严重滞后,critical,1.0,弱泄漏,degraded,100.0,严重降低,critical,0,稳定,2,临界,4,False,route_maintenance_review,public-derived-cycle-feature-table
1269,158.75105666666667,107.36546916666667,1.7563761666666666,2478.797833333333,6.45821,44.05651666666665,0.6125,20.0,效率降低,degraded,80.0,严重滞后,critical,1.0,弱泄漏,degraded,100.0,严重降低,critical,0,稳定,2,临界,4,False,route_maintenance_review,public-derived-cycle-feature-table
1270,158.75290999999999,107.39326716666666,1.7485308333333336,2479.880266666666,6.457035000000001,44.05885,0.61665,20.0,效率降低,degraded,80.0,严重滞后,critical,1.0,弱泄漏,degraded,100.0,严重降低,critical,0,稳定,2,临界,4,False,route_maintenance_review,public-derived-cycle-feature-table
1271,158.70656000000002,107.60937033333333,1.7561726666666666,2480.1358,6.470088333333332,44.05051666666666,0.6175333333333334,20.0,效率降低,degraded,90.0,轻微滞后,degraded,1.0,弱泄漏,degraded,100.0,严重降低,critical,0,稳定,2,临界,4,False,route_maintenance_review,public-derived-cycle-feature-table
1272,158.68239499999999,107.59267616666668,1.7528968333333335,2480.4233999999997,6.470470000000001,44.06493333333333,0.6162666666666667,20.0,效率降低,degraded,90.0,轻微滞后,degraded,1.0,弱泄漏,degraded,100.0,严重降低,critical,0,稳定,2,临界,4,False,route_maintenance_review,public-derived-cycle-feature-table
1273,158.658965,107.574911,1.7463245,2480.9164333333333,6.477471666666666,44.091249999999995,0.6189166666666668,20.0,效率降低,degraded,90.0,轻微滞后,degraded,1.0,弱泄漏,degraded,100.0,严重降低,critical,0,稳定,2,临界,4,False,route_maintenance_review,public-derived-cycle-feature-table
1274,158.66392,107.59028116666667,1.7460803333333332,2479.2888999999996,6.471771666666666,44.09471666666666,0.6187499999999999,20.0,效率降低,degraded,90.0,轻微滞后,degraded,1.0,弱泄漏,degraded,100.0,严重降低,critical,0,稳定,2,临界,4,False,route_maintenance_review,public-derived-cycle-feature-table
1275,158.68189833333332,107.59151916666667,1.7611103333333333,2479.3069666666665,6.476496666666667,44.08798333333334,0.6173833333333334,20.0,效率降低,degraded,90.0,轻微滞后,degraded,1.0,弱泄漏,degraded,100.0,严重降低,critical,0,稳定,2,临界,4,False,route_maintenance_review,public-derived-cycle-feature-table
1276,158.68196666666668,107.58311366666668,1.763260166666667,2479.2918666666665,6.482446666666667,44.05328333333333,0.6152166666666666,20.0,效率降低,degraded,90.0,轻微滞后,degraded,1.0,弱泄漏,degraded,100.0,严重降低,critical,0,稳定,2,临界,4,False,route_maintenance_review,public-derived-cycle-feature-table
1277,158.673915,107.58998333333334,1.7632558333333332,2479.8158333333336,6.477648333333334,44.077133333333336,0.6169166666666667,20.0,效率降低,degraded,90.0,轻微滞后,degraded,1.0,弱泄漏,degraded,100.0,严重降低,critical,0,稳定,2,临界,4,False,route_maintenance_review,public-derived-cycle-feature-table
1278,158.69032666666666,107.61980100000001,1.758138166666667,2478.5849,6.4768783333333335,44.06201666666666,0.6134999999999999,20.0,效率降低,degraded,90.0,轻微滞后,degraded,1.0,弱泄漏,degraded,100.0,严重降低,critical,0,稳定,2,临界,4,False,route_maintenance_review,public-derived-cycle-feature-table
1279,158.70902999999998,107.62357633333335,1.7536373333333335,2477.368166666666,6.471878333333334,44.07686666666666,0.6146333333333334,20.0,效率降低,degraded,90.0,轻微滞后,degraded,1.0,弱泄漏,degraded,100.0,严重降低,critical,0,稳定,2,临界,4,False,route_maintenance_review,public-derived-cycle-feature-table
1280,158.693755,107.60020733333333,1.749884,2478.5290999999997,6.469831666666667,44.09115,0.6123,20.0,效率降低,degraded,90.0,轻微滞后,degraded,1.0,弱泄漏,degraded,100.0,严重降低,critical,0,稳定,2,临界,4,False,route_maintenance_review,public-derived-cycle-feature-table
1281,158.66234333333335,107.7542435,1.7515008333333333,2476.077433333333,6.4673083333333325,44.09761666666666,0.61375,20.0,效率降低,degraded,100.0,最佳状态,normal,1.0,弱泄漏,degraded,100.0,严重降低,critical,0,稳定,2,临界,3,False,route_maintenance_review,public-derived-cycle-feature-table
1282,158.65674833333333,107.77270283333333,1.7467656666666669,2474.1224333333334,6.46627,44.08115,0.6120333333333333,20.0,效率降低,degraded,100.0,最佳状态,normal,1.0,弱泄漏,degraded,100.0,严重降低,critical,0,稳定,2,临界,3,False,route_maintenance_review,public-derived-cycle-feature-table
1283,158.65467,107.76679566666667,1.7512256666666668,2473.9485666666665,6.46751,44.082150000000006,0.6018833333333333,20.0,效率降低,degraded,100.0,最佳状态,normal,1.0,弱泄漏,degraded,100.0,严重降低,critical,0,稳定,2,临界,3,False,route_maintenance_review,public-derived-cycle-feature-table
1284,158.63907166666667,107.75017816666667,1.7623936666666666,2474.4293,6.4644666666666675,44.08188333333332,0.6131833333333334,20.0,效率降低,degraded,100.0,最佳状态,normal,1.0,弱泄漏,degraded,100.0,严重降低,critical,0,稳定,2,临界,3,False,route_maintenance_review,public-derived-cycle-feature-table
1285,158.64158166666667,107.732959,1.7671081666666666,2474.9861333333333,6.469125,44.09063333333333,0.6116333333333335,20.0,效率降低,degraded,100.0,最佳状态,normal,1.0,弱泄漏,degraded,100.0,严重降低,critical,0,稳定,2,临界,3,False,route_maintenance_review,public-derived-cycle-feature-table
1286,158.64365833333332,107.74718183333333,1.7614663333333331,2475.5563,6.466788333333333,44.10273333333335,0.6116833333333334,20.0,效率降低,degraded,100.0,最佳状态,normal,1.0,弱泄漏,degraded,100.0,严重降低,critical,0,稳定,2,临界,3,False,route_maintenance_review,public-derived-cycle-feature-table
1287,158.644645,107.75445566666666,1.7560543333333334,2475.496,6.466478333333334,44.08126666666667,0.6146499999999999,20.0,效率降低,degraded,100.0,最佳状态,normal,1.0,弱泄漏,degraded,100.0,严重降低,critical,0,稳定,2,临界,3,False,route_maintenance_review,public-derived-cycle-feature-table
1288,158.64094666666668,107.74081983333333,1.755473,2474.5884666666666,6.464790000000001,44.10285,0.60855,20.0,效率降低,degraded,100.0,最佳状态,normal,1.0,弱泄漏,degraded,100.0,严重降低,critical,0,稳定,2,临界,3,False,route_maintenance_review,public-derived-cycle-feature-table
1289,158.59558333333334,107.73238166666667,1.7589301666666668,2470.7524999999996,6.461798333333333,44.13278333333333,0.6151333333333332,20.0,效率降低,degraded,100.0,最佳状态,normal,1.0,弱泄漏,degraded,100.0,严重降低,critical,0,稳定,2,临界,3,False,route_maintenance_review,public-derived-cycle-feature-table
1290,158.611045,107.73357183333333,1.7509166666666667,2474.6717,6.463331666666666,44.1325,0.6192,20.0,效率降低,degraded,100.0,最佳状态,normal,1.0,弱泄漏,degraded,100.0,严重降低,critical,0,稳定,2,临界,3,False,route_maintenance_review,public-derived-cycle-feature-table
1291,158.99449333333334,107.989021,1.796735,2464.8977666666665,6.666615,44.130983333333326,0.6143833333333332,20.0,效率降低,degraded,100.0,最佳状态,normal,0.0,无泄漏,normal,100.0,严重降低,critical,1,未稳定,2,临界,2,False,route_maintenance_review,public-derived-cycle-feature-table
1292,159.23222166666665,107.40821166666667,1.7939483333333335,2470.168833333333,6.631448333333333,44.181783333333335,0.6082666666666666,20.0,效率降低,degraded,73.0,接近故障,critical,0.0,无泄漏,normal,100.0,严重降低,critical,0,稳定,2,临界,3,False,route_maintenance_review,public-derived-cycle-feature-table
1293,159.213865,107.36954133333333,1.7819991666666666,2472.5912,6.631124999999999,44.208516666666675,0.6076333333333331,20.0,效率降低,degraded,73.0,接近故障,critical,0.0,无泄漏,normal,100.0,严重降低,critical,0,稳定,2,临界,3,False,route_maintenance_review,public-derived-cycle-feature-table
1294,159.21665666666667,107.39435533333334,1.7851473333333334,2470.0107,6.636791666666667,44.24166666666667,0.6089,20.0,效率降低,degraded,73.0,接近故障,critical,0.0,无泄漏,normal,100.0,严重降低,critical,0,稳定,2,临界,3,False,route_maintenance_review,public-derived-cycle-feature-table
1295,159.23891833333334,107.39853883333333,1.7897125,2467.7688666666663,6.630561666666667,44.257600000000004,0.6033833333333333,20.0,效率降低,degraded,73.0,接近故障,critical,0.0,无泄漏,normal,100.0,严重降低,critical,0,稳定,2,临界,3,False,route_maintenance_review,public-derived-cycle-feature-table
1296,159.22409333333331,107.36937083333333,1.7905898333333334,2466.6232999999997,6.625523333333333,44.29416666666667,0.6052999999999998,20.0,效率降低,degraded,73.0,接近故障,critical,0.0,无泄漏,normal,100.0,严重降低,critical,0,稳定,2,临界,3,False,route_maintenance_review,public-derived-cycle-feature-table
1297,159.22885000000002,107.37901016666666,1.7942456666666666,2468.104533333333,6.622628333333334,44.280116666666665,0.6118166666666665,20.0,效率降低,degraded,73.0,接近故障,critical,0.0,无泄漏,normal,100.0,严重降低,critical,0,稳定,2,临界,3,False,route_maintenance_review,public-derived-cycle-feature-table
1298,159.21937833333334,107.36734433333334,1.8014833333333335,2468.243933333333,6.622856666666666,44.293833333333346,0.6130499999999999,20.0,效率降低,degraded,73.0,接近故障,critical,0.0,无泄漏,normal,100.0,严重降低,critical,0,稳定,2,临界,3,False,route_maintenance_review,public-derived-cycle-feature-table
1299,159.20678666666666,107.38256849999999,1.7934591666666668,2468.0027,6.63084,44.317600000000006,0.6172166666666669,20.0,效率降低,degraded,73.0,接近故障,critical,0.0,无泄漏,normal,100.0,严重降低,critical,0,稳定,2,临界,3,False,route_maintenance_review,public-derived-cycle-feature-table
1300,159.2225,107.36647716666667,1.7999228333333335,2468.0215999999996,6.624184999999999,44.33493333333334,0.6144333333333332,20.0,效率降低,degraded,73.0,接近故障,critical,0.0,无泄漏,normal,100.0,严重降低,critical,0,稳定,2,临界,3,False,route_maintenance_review,public-derived-cycle-feature-table
1301,159.20006666666666,107.34567333333334,1.802164,2469.476266666666,6.6354033333333335,44.321200000000005,0.6159500000000001,20.0,效率降低,degraded,73.0,接近故障,critical,0.0,无泄漏,normal,100.0,严重降低,critical,0,稳定,2,临界,3,False,route_maintenance_review,public-derived-cycle-feature-table
1302,159.11423,107.609894,1.7994041666666665,2467.3141333333333,6.661636666666666,44.340466666666664,0.6149666666666668,20.0,效率降低,degraded,80.0,严重滞后,critical,0.0,无泄漏,normal,100.0,严重降低,critical,0,稳定,2,临界,3,False,route_maintenance_review,public-derived-cycle-feature-table
1303,159.10435833333332,107.59524933333334,1.7994286666666668,2464.2783666666664,6.663866666666666,44.34525,0.6165999999999999,20.0,效率降低,degraded,80.0,严重滞后,critical,0.0,无泄漏,normal,100.0,严重降低,critical,0,稳定,2,临界,3,False,route_maintenance_review,public-derived-cycle-feature-table
1304,159.106645,107.59361799999999,1.8040658333333335,2464.7047666666667,6.659630000000001,44.34711666666667,0.6176833333333334,20.0,效率降低,degraded,80.0,严重滞后,critical,0.0,无泄漏,normal,100.0,严重降低,critical,0,稳定,2,临界,3,False,route_maintenance_review,public-derived-cycle-feature-table
1305,159.11285666666666,107.60889816666666,1.801497,2464.9546333333333,6.660333333333333,44.339749999999995,0.6120166666666667,20.0,效率降低,degraded,80.0,严重滞后,critical,0.0,无泄漏,normal,100.0,严重降低,critical,0,稳定,2,临界,3,False,route_maintenance_review,public-derived-cycle-feature-table
1306,159.1345,107.63991633333332,1.8076403333333335,2463.1948333333335,6.666388333333333,44.34696666666667,0.6162500000000002,20.0,效率降低,degraded,80.0,严重滞后,critical,0.0,无泄漏,normal,100.0,严重降低,critical,0,稳定,2,临界,3,False,route_maintenance_review,public-derived-cycle-feature-table
1307,159.11896000000002,107.61512800000001,1.8026216666666666,2462.3988666666664,6.663603333333333,44.3367,0.6167333333333335,20.0,效率降低,degraded,80.0,严重滞后,critical,0.0,无泄漏,normal,100.0,严重降低,critical,0,稳定,2,临界,3,False,route_maintenance_review,public-derived-cycle-feature-table
1308,159.11231833333332,107.62842083333332,1.8086251666666666,2460.7153666666663,6.6660200000000005,44.33548333333333,0.6166166666666666,20.0,效率降低,degraded,80.0,严重滞后,critical,0.0,无泄漏,normal,100.0,严重降低,critical,0,稳定,2,临界,3,False,route_maintenance_review,public-derived-cycle-feature-table
1309,159.12369333333334,107.624332,1.7978871666666667,2461.1340999999998,6.667825000000001,44.31015000000001,0.6124833333333334,20.0,效率降低,degraded,80.0,严重滞后,critical,0.0,无泄漏,normal,100.0,严重降低,critical,0,稳定,2,临界,3,False,route_maintenance_review,public-derived-cycle-feature-table
1310,159.12672999999998,107.641272,1.7915698333333334,2460.6251333333335,6.656483333333333,44.29003333333334,0.6119,20.0,效率降低,degraded,80.0,严重滞后,critical,0.0,无泄漏,normal,100.0,严重降低,critical,0,稳定,2,临界,3,False,route_maintenance_review,public-derived-cycle-feature-table
1311,159.09867500000001,107.63944433333333,1.7968471666666668,2460.235633333333,6.662301666666667,44.3226,0.6138666666666668,20.0,效率降低,degraded,80.0,严重滞后,critical,0.0,无泄漏,normal,100.0,严重降低,critical,0,稳定,2,临界,3,False,route_maintenance_review,public-derived-cycle-feature-table
1312,159.03251,107.84353166666668,1.7993613333333336,2457.7238333333335,6.669736666666666,44.30785,0.6182333333333333,20.0,效率降低,degraded,90.0,轻微滞后,degraded,0.0,无泄漏,normal,100.0,严重降低,critical,0,稳定,2,临界,3,False,route_maintenance_review,public-derived-cycle-feature-table
1313,159.06119166666664,107.86841966666667,1.8069326666666665,2459.3548,6.667973333333332,44.29885000000001,0.6146333333333336,20.0,效率降低,degraded,90.0,轻微滞后,degraded,0.0,无泄漏,normal,100.0,严重降低,critical,0,稳定,2,临界,3,False,route_maintenance_review,public-derived-cycle-feature-table
1314,159.0633633333333,107.85930700000002,1.8027964999999997,2463.188333333333,6.676693333333333,44.32038333333334,0.6099500000000001,20.0,效率降低,degraded,90.0,轻微滞后,degraded,0.0,无泄漏,normal,100.0,严重降低,critical,0,稳定,2,临界,3,False,route_maintenance_review,public-derived-cycle-feature-table
1315,159.04503499999998,107.836505,1.7971323333333333,2464.487166666667,6.67045,44.318783333333336,0.6020500000000001,20.0,效率降低,degraded,90.0,轻微滞后,degraded,0.0,无泄漏,normal,100.0,严重降低,critical,0,稳定,2,临界,3,False,route_maintenance_review,public-derived-cycle-feature-table
1316,159.0354066666667,107.83492683333333,1.7960455000000002,2463.755933333333,6.672886666666668,44.34546666666667,0.6057833333333333,20.0,效率降低,degraded,90.0,轻微滞后,degraded,0.0,无泄漏,normal,100.0,严重降低,critical,0,稳定,2,临界,3,False,route_maintenance_review,public-derived-cycle-feature-table
1317,159.026025,107.80770766666667,1.7980473333333333,2464.6875,6.667649999999999,44.34518333333334,0.6022499999999998,20.0,效率降低,degraded,90.0,轻微滞后,degraded,0.0,无泄漏,normal,100.0,严重降低,critical,0,稳定,2,临界,3,False,route_maintenance_review,public-derived-cycle-feature-table
1318,159.02567166666668,107.81336366666667,1.7967841666666666,2465.6844666666666,6.674876666666666,44.378400000000006,0.60215,20.0,效率降低,degraded,90.0,轻微滞后,degraded,0.0,无泄漏,normal,100.0,严重降低,critical,0,稳定,2,临界,3,False,route_maintenance_review,public-derived-cycle-feature-table
1319,159.02949333333333,107.83675733333334,1.7869371666666667,2466.1183666666666,6.668748333333333,44.38491666666667,0.59535,20.0,效率降低,degraded,90.0,轻微滞后,degraded,0.0,无泄漏,normal,100.0,严重降低,critical,0,稳定,2,临界,3,False,route_maintenance_review,public-derived-cycle-feature-table
1320,159.03870833333335,107.81165116666666,1.8023633333333333,2466.0622,6.673578333333334,44.37470000000001,0.6053666666666666,20.0,效率降低,degraded,90.0,轻微滞后,degraded,0.0,无泄漏,normal,100.0,严重降低,critical,0,稳定,2,临界,3,False,route_maintenance_review,public-derived-cycle-feature-table
1321,159.03647999999998,107.81975016666665,1.794619,2463.7834666666663,6.675566666666667,44.37661666666667,0.5975333333333334,20.0,效率降低,degraded,90.0,轻微滞后,degraded,0.0,无泄漏,normal,100.0,严重降低,critical,0,稳定,2,临界,3,False,route_maintenance_review,public-derived-cycle-feature-table
1322,158.97397166666667,107.97381933333335,1.8065548333333332,2463.825766666667,6.66874,44.38238333333334,0.5992833333333334,20.0,效率降低,degraded,100.0,最佳状态,normal,0.0,无泄漏,normal,100.0,严重降低,critical,0,稳定,2,临界,2,False,route_maintenance_review,public-derived-cycle-feature-table
1323,158.989445,107.98380983333334,1.8063565,2464.3076,6.672445000000001,44.38953333333334,0.6022166666666667,20.0,效率降低,degraded,100.0,最佳状态,normal,0.0,无泄漏,normal,100.0,严重降低,critical,0,稳定,2,临界,2,False,route_maintenance_review,public-derived-cycle-feature-table
1324,159.01209500000002,108.02027166666664,1.7987348333333333,2464.4543666666664,6.671226666666667,44.38625,0.6030166666666665,20.0,效率降低,degraded,100.0,最佳状态,normal,0.0,无泄漏,normal,100.0,严重降低,critical,0,稳定,2,临界,2,False,route_maintenance_review,public-derived-cycle-feature-table
1325,158.99141833333334,107.97301816666666,1.7995081666666666,2463.9000666666666,6.666994999999999,44.37473333333333,0.6074666666666668,20.0,效率降低,degraded,100.0,最佳状态,normal,0.0,无泄漏,normal,100.0,严重降低,critical,0,稳定,2,临界,2,False,route_maintenance_review,public-derived-cycle-feature-table
1326,158.97132666666667,107.9661955,1.8052301666666668,2458.6335,6.671223333333333,44.377050000000004,0.6163166666666665,20.0,效率降低,degraded,100.0,最佳状态,normal,0.0,无泄漏,normal,100.0,严重降低,critical,0,稳定,2,临界,2,False,route_maintenance_review,public-derived-cycle-feature-table
1327,158.98148666666665,107.95639750000001,1.8150236666666666,2456.825,6.667893333333333,44.39281666666666,0.6133333333333334,20.0,效率降低,degraded,100.0,最佳状态,normal,0.0,无泄漏,normal,100.0,严重降低,critical,0,稳定,2,临界,2,False,route_maintenance_review,public-derived-cycle-feature-table
1328,158.974835,107.98130400000001,1.8006513333333332,2457.328633333333,6.664063333333333,44.39585000000001,0.6072833333333333,20.0,效率降低,degraded,100.0,最佳状态,normal,0.0,无泄漏,normal,100.0,严重降低,critical,0,稳定,2,临界,2,False,route_maintenance_review,public-derived-cycle-feature-table
1329,159.00471333333334,107.99391816666666,1.7921158333333334,2458.5821333333333,6.662846666666666,44.363450000000014,0.6062500000000001,20.0,效率降低,degraded,100.0,最佳状态,normal,0.0,无泄漏,normal,100.0,严重降低,critical,0,稳定,2,临界,2,False,route_maintenance_review,public-derived-cycle-feature-table
1330,159.01360499999998,108.02485583333332,1.789311333333333,2460.071,6.664416666666666,44.365050000000004,0.6054333333333333,20.0,效率降低,degraded,100.0,最佳状态,normal,0.0,无泄漏,normal,100.0,严重降低,critical,0,稳定,2,临界,2,False,route_maintenance_review,public-derived-cycle-feature-table
1331,159.00836333333334,107.97649849999999,1.7902478333333331,2461.666066666666,6.66779,44.35065,0.5918500000000001,20.0,效率降低,degraded,100.0,最佳状态,normal,0.0,无泄漏,normal,100.0,严重降低,critical,0,稳定,2,临界,2,False,route_maintenance_review,public-derived-cycle-feature-table
1332,158.94230666666667,107.95030933333334,1.8002151666666668,2468.578466666667,6.6622216666666665,44.318949999999994,0.5981166666666666,20.0,效率降低,degraded,100.0,最佳状态,normal,0.0,无泄漏,normal,90.0,接近故障,critical,1,未稳定,2,临界,2,False,route_maintenance_review,public-derived-cycle-feature-table
1333,158.99939333333336,107.96326450000001,1.8017113333333334,2468.9323,6.660396666666667,44.31701666666667,0.6020666666666666,20.0,效率降低,degraded,100.0,最佳状态,normal,0.0,无泄漏,normal,90.0,接近故障,critical,1,未稳定,2,临界,2,False,route_maintenance_review,public-derived-cycle-feature-table
1334,158.99457333333334,107.95442116666666,1.7947164999999998,2468.5152,6.658363333333333,44.33415,0.6040499999999999,20.0,效率降低,degraded,100.0,最佳状态,normal,0.0,无泄漏,normal,90.0,接近故障,critical,1,未稳定,2,临界,2,False,route_maintenance_review,public-derived-cycle-feature-table
1335,158.99369000000002,107.94551183333333,1.8050603333333333,2465.8572999999997,6.663284999999999,44.327116666666676,0.6054,20.0,效率降低,degraded,100.0,最佳状态,normal,0.0,无泄漏,normal,90.0,接近故障,critical,1,未稳定,2,临界,2,False,route_maintenance_review,public-derived-cycle-feature-table
1336,158.96783166666665,107.94658733333333,1.7954613333333334,2462.6105999999995,6.660686666666666,44.33913333333332,0.60815,20.0,效率降低,degraded,100.0,最佳状态,normal,0.0,无泄漏,normal,90.0,接近故障,critical,1,未稳定,2,临界,2,False,route_maintenance_review,public-derived-cycle-feature-table
1337,158.98610833333333,107.96736833333333,1.807816,2457.2643999999996,6.660926666666667,44.33111666666667,0.6098833333333334,20.0,效率降低,degraded,100.0,最佳状态,normal,0.0,无泄漏,normal,90.0,接近故障,critical,1,未稳定,2,临界,2,False,route_maintenance_review,public-derived-cycle-feature-table
1338,158.97725333333332,107.9674165,1.8087506666666668,2456.4449,6.662286666666668,44.31078333333333,0.60625,20.0,效率降低,degraded,100.0,最佳状态,normal,0.0,无泄漏,normal,90.0,接近故障,critical,1,未稳定,2,临界,2,False,route_maintenance_review,public-derived-cycle-feature-table
1339,158.975705,107.9499825,1.8100238333333334,2457.6680333333334,6.662905,44.30568333333334,0.6050000000000001,20.0,效率降低,degraded,100.0,最佳状态,normal,0.0,无泄漏,normal,90.0,接近故障,critical,1,未稳定,2,临界,2,False,route_maintenance_review,public-derived-cycle-feature-table
1340,158.98913333333334,107.9599085,1.804308,2461.9869666666664,6.666869999999999,44.30995000000001,0.6068166666666667,20.0,效率降低,degraded,100.0,最佳状态,normal,0.0,无泄漏,normal,90.0,接近故障,critical,1,未稳定,2,临界,2,False,route_maintenance_review,public-derived-cycle-feature-table
1341,158.99352333333331,107.98191466666667,1.8114186666666665,2463.6509666666666,6.658038333333334,44.299299999999995,0.6128666666666669,20.0,效率降低,degraded,100.0,最佳状态,normal,0.0,无泄漏,normal,90.0,接近故障,critical,1,未稳定,2,临界,2,False,route_maintenance_review,public-derived-cycle-feature-table
1342,158.401745,107.54632233333335,1.7405365000000002,2492.4953333333333,6.379761666666667,44.282533333333326,0.6090666666666668,20.0,效率降低,degraded,100.0,最佳状态,normal,2.0,严重泄漏,critical,90.0,接近故障,critical,1,未稳定,2,临界,3,False,route_maintenance_review,public-derived-cycle-feature-table
1343,158.59349166666667,106.9689465,1.718562,2490.802,6.330533333333333,44.16381666666666,0.6139500000000001,20.0,效率降低,degraded,73.0,接近故障,critical,2.0,严重泄漏,critical,90.0,接近故障,critical,0,稳定,2,临界,4,False,route_maintenance_review,public-derived-cycle-feature-table
1344,158.59324333333333,106.98064116666667,1.7342874999999998,2490.5553666666665,6.332344999999999,44.10711666666666,0.6080166666666666,20.0,效率降低,degraded,73.0,接近故障,critical,2.0,严重泄漏,critical,90.0,接近故障,critical,0,稳定,2,临界,4,False,route_maintenance_review,public-derived-cycle-feature-table
1345,158.61282,106.97937283333333,1.7378986666666667,2489.7752,6.3318183333333335,44.06893333333335,0.6156666666666667,20.0,效率降低,degraded,73.0,接近故障,critical,2.0,严重泄漏,critical,90.0,接近故障,critical,0,稳定,2,临界,4,False,route_maintenance_review,public-derived-cycle-feature-table
1346,158.60760666666664,106.98917549999999,1.7344058333333336,2489.3651333333332,6.332231666666667,44.05203333333334,0.6106666666666666,20.0,效率降低,degraded,73.0,接近故障,critical,2.0,严重泄漏,critical,90.0,接近故障,critical,0,稳定,2,临界,4,False,route_maintenance_review,public-derived-cycle-feature-table
1347,158.5948983333333,106.95102250000001,1.7400638333333334,2488.6173,6.326175,44.03415,0.6109500000000001,20.0,效率降低,degraded,73.0,接近故障,critical,2.0,严重泄漏,critical,90.0,接近故障,critical,0,稳定,2,临界,4,False,route_maintenance_review,public-derived-cycle-feature-table
1348,158.60992333333334,106.974256,1.731455,2489.005133333333,6.324248333333333,44.01203333333335,0.6071333333333334,20.0,效率降低,degraded,73.0,接近故障,critical,2.0,严重泄漏,critical,90.0,接近故障,critical,0,稳定,2,临界,4,False,route_maintenance_review,public-derived-cycle-feature-table
1349,158.60459333333336,106.95029283333334,1.7328226666666666,2488.4955999999997,6.320876666666666,44.015750000000004,0.6058999999999999,20.0,效率降低,degraded,73.0,接近故障,critical,2.0,严重泄漏,critical,90.0,接近故障,critical,0,稳定,2,临界,4,False,route_maintenance_review,public-derived-cycle-feature-table
1350,158.58670166666667,106.92968033333332,1.7422566666666668,2488.6368333333335,6.324935,44.02535,0.6073166666666666,20.0,效率降低,degraded,73.0,接近故障,critical,2.0,严重泄漏,critical,90.0,接近故障,critical,0,稳定,2,临界,4,False,route_maintenance_review,public-derived-cycle-feature-table
1351,158.59876833333334,106.95286683333333,1.7391011666666667,2488.469666666667,6.324743333333332,44.018433333333334,0.6024333333333333,20.0,效率降低,degraded,73.0,接近故障,critical,2.0,严重泄漏,critical,90.0,接近故障,critical,0,稳定,2,临界,4,False,route_maintenance_review,public-derived-cycle-feature-table
1352,158.5904033333333,106.9584105,1.7350595,2486.606733333333,6.327200000000001,44.04358333333332,0.6014999999999999,20.0,效率降低,degraded,73.0,接近故障,critical,2.0,严重泄漏,critical,90.0,接近故障,critical,0,稳定,2,临界,4,False,route_maintenance_review,public-derived-cycle-feature-table
1353,158.522725,107.251317,1.7341653333333331,2485.5149666666666,6.356234999999999,44.04538333333333,0.6079833333333333,20.0,效率降低,degraded,80.0,严重滞后,critical,2.0,严重泄漏,critical,90.0,接近故障,critical,0,稳定,2,临界,4,False,route_maintenance_review,public-derived-cycle-feature-table
1354,158.51065499999999,107.23823499999999,1.7369468333333333,2484.9593333333332,6.3495816666666665,44.06116666666666,0.5994833333333333,20.0,效率降低,degraded,80.0,严重滞后,critical,2.0,严重泄漏,critical,90.0,接近故障,critical,0,稳定,2,临界,4,False,route_maintenance_review,public-derived-cycle-feature-table
1355,158.51430333333334,107.21340966666668,1.7304341666666665,2483.6488,6.359115,44.057533333333325,0.6105333333333333,20.0,效率降低,degraded,80.0,严重滞后,critical,2.0,严重泄漏,critical,90.0,接近故障,critical,0,稳定,2,临界,4,False,route_maintenance_review,public-derived-cycle-feature-table
1356,158.49484999999999,107.20722216666668,1.7330866666666667,2484.0598,6.354403333333333,44.03485,0.6100666666666665,20.0,效率降低,degraded,80.0,严重滞后,critical,2.0,严重泄漏,critical,90.0,接近故障,critical,0,稳定,2,临界,4,False,route_maintenance_review,public-derived-cycle-feature-table
1357,158.47007666666667,107.19248216666665,1.7393756666666669,2482.9257,6.357926666666666,44.022416666666665,0.6088333333333332,20.0,效率降低,degraded,80.0,严重滞后,critical,2.0,严重泄漏,critical,90.0,接近故障,critical,0,稳定,2,临界,4,False,route_maintenance_review,public-derived-cycle-feature-table
1358,158.47907333333333,107.19667866666667,1.7369843333333332,2483.3561666666665,6.354716666666667,44.04136666666667,0.6034166666666666,20.0,效率降低,degraded,80.0,严重滞后,critical,2.0,严重泄漏,critical,90.0,接近故障,critical,0,稳定,2,临界,4,False,route_maintenance_review,public-derived-cycle-feature-table
1359,158.50273666666666,107.24395349999999,1.7351511666666666,2485.3441666666668,6.337866666666667,44.06918333333333,0.6092166666666667,20.0,效率降低,degraded,80.0,严重滞后,critical,2.0,严重泄漏,critical,90.0,接近故障,critical,0,稳定,2,临界,4,False,route_maintenance_review,public-derived-cycle-feature-table
1360,158.50331500000001,107.21777066666668,1.7435026666666666,2481.496333333333,6.357313333333333,44.047616666666656,0.6136833333333332,20.0,效率降低,degraded,80.0,严重滞后,critical,2.0,严重泄漏,critical,90.0,接近故障,critical,0,稳定,2,临界,4,False,route_maintenance_review,public-derived-cycle-feature-table
1361,158.511205,107.24516249999999,1.7381071666666668,2480.5479,6.339778333333333,44.04795000000001,0.6212833333333333,20.0,效率降低,degraded,80.0,严重滞后,critical,2.0,严重泄漏,critical,90.0,接近故障,critical,0,稳定,2,临界,4,False,route_maintenance_review,public-derived-cycle-feature-table
1362,158.517665,107.21942049999998,1.7360938333333331,2485.2205,6.3458516666666664,44.075533333333325,0.6220666666666668,20.0,效率降低,degraded,80.0,严重滞后,critical,2.0,严重泄漏,critical,90.0,接近故障,critical,0,稳定,2,临界,4,False,route_maintenance_review,public-derived-cycle-feature-table
1363,158.46923166666667,107.43350833333334,1.7503676666666668,2485.7053666666666,6.358648333333334,44.109049999999996,0.6227666666666667,20.0,效率降低,degraded,90.0,轻微滞后,degraded,2.0,严重泄漏,critical,90.0,接近故障,critical,0,稳定,2,临界,4,False,route_maintenance_review,public-derived-cycle-feature-table
1364,158.438365,107.43750916666666,1.7473059999999998,2481.319233333333,6.364895,44.08098333333333,0.6128333333333332,20.0,效率降低,degraded,90.0,轻微滞后,degraded,2.0,严重泄漏,critical,90.0,接近故障,critical,0,稳定,2,临界,4,False,route_maintenance_review,public-derived-cycle-feature-table
1365,158.45386333333332,107.44457566666667,1.7493413333333332,2483.4420333333333,6.36242,44.04899999999999,0.6195000000000002,20.0,效率降低,degraded,90.0,轻微滞后,degraded,2.0,严重泄漏,critical,90.0,接近故障,critical,0,稳定,2,临界,4,False,route_maintenance_review,public-derived-cycle-feature-table
1366,158.43785499999998,107.43132283333333,1.7526951666666668,2481.3987666666662,6.364578333333334,44.04891666666666,0.6206000000000002,20.0,效率降低,degraded,90.0,轻微滞后,degraded,2.0,严重泄漏,critical,90.0,接近故障,critical,0,稳定,2,临界,4,False,route_maintenance_review,public-derived-cycle-feature-table
1367,158.45637,107.45958749999998,1.7418063333333333,2481.5913,6.357011666666668,44.00475000000001,0.6234000000000001,20.0,效率降低,degraded,90.0,轻微滞后,degraded,2.0,严重泄漏,critical,90.0,接近故障,critical,0,稳定,2,临界,4,False,route_maintenance_review,public-derived-cycle-feature-table
1368,158.44254666666666,107.43027066666667,1.7462664999999997,2482.9145999999996,6.364193333333333,44.00265,0.6201833333333332,20.0,效率降低,degraded,90.0,轻微滞后,degraded,2.0,严重泄漏,critical,90.0,接近故障,critical,0,稳定,2,临界,4,False,route_maintenance_review,public-derived-cycle-feature-table
1369,158.46245,107.465299,1.7514953333333332,2481.866433333333,6.362026666666666,44.027166666666666,0.61905,20.0,效率降低,degraded,90.0,轻微滞后,degraded,2.0,严重泄漏,critical,90.0,接近故障,critical,0,稳定,2,临界,4,False,route_maintenance_review,public-derived-cycle-feature-table
1370,158.44915166666667,107.46711833333335,1.7439856666666669,2483.2983666666664,6.352213333333333,44.03883333333333,0.6123499999999998,20.0,效率降低,degraded,90.0,轻微滞后,degraded,2.0,严重泄漏,critical,90.0,接近故障,critical,0,稳定,2,临界,4,False,route_maintenance_review,public-derived-cycle-feature-table
1371,158.46267666666668,107.46917649999999,1.7335623333333332,2482.5098666666668,6.366928333333334,44.01969999999999,0.6177499999999999,20.0,效率降低,degraded,90.0,轻微滞后,degraded,2.0,严重泄漏,critical,90.0,接近故障,critical,0,稳定,2,临界,4,False,route_maintenance_review,public-derived-cycle-feature-table
1372,158.45035333333334,107.45988616666668,1.7363333333333333,2480.4270333333334,6.363151666666667,44.03278333333333,0.6125833333333334,20.0,效率降低,degraded,90.0,轻微滞后,degraded,2.0,严重泄漏,critical,90.0,接近故障,critical,0,稳定,2,临界,4,False,route_maintenance_review,public-derived-cycle-feature-table
1373,158.40978166666667,107.60725383333332,1.7376233333333333,2480.7607,6.364645,44.046883333333334,0.6169499999999999,20.0,效率降低,degraded,100.0,最佳状态,normal,2.0,严重泄漏,critical,90.0,接近故障,critical,0,稳定,2,临界,3,False,route_maintenance_review,public-derived-cycle-feature-table
1374,158.41112833333332,107.5954535,1.7391876666666668,2480.458,6.362815,44.047233333333324,0.6171333333333333,20.0,效率降低,degraded,100.0,最佳状态,normal,2.0,严重泄漏,critical,90.0,接近故障,critical,0,稳定,2,临界,3,False,route_maintenance_review,public-derived-cycle-feature-table
1375,158.3959,107.59085049999999,1.7301938333333333,2482.3742666666662,6.365879999999999,44.06001666666667,0.6087333333333335,20.0,效率降低,degraded,100.0,最佳状态,normal,2.0,严重泄漏,critical,90.0,接近故障,critical,0,稳定,2,临界,3,False,route_maintenance_review,public-derived-cycle-feature-table
1376,158.4017616666667,107.58326266666667,1.7297326666666668,2482.154,6.365074999999999,44.07614999999999,0.6081833333333334,20.0,效率降低,degraded,100.0,最佳状态,normal,2.0,严重泄漏,critical,90.0,接近故障,critical,0,稳定,2,临界,3,False,route_maintenance_review,public-derived-cycle-feature-table
1377,158.36008166666667,107.57608483333334,1.7235421666666668,2481.4642,6.360648333333334,44.0662,0.6074333333333334,20.0,效率降低,degraded,100.0,最佳状态,normal,2.0,严重泄漏,critical,90.0,接近故障,critical,0,稳定,2,临界,3,False,route_maintenance_review,public-derived-cycle-feature-table
1378,158.35661166666665,107.55914,1.7273239999999999,2480.2093666666665,6.359498333333334,44.08045,0.6171166666666668,20.0,效率降低,degraded,100.0,最佳状态,normal,2.0,严重泄漏,critical,90.0,接近故障,critical,0,稳定,2,临界,3,False,route_maintenance_review,public-derived-cycle-feature-table
1379,158.37496166666668,107.56270283333332,1.7418661666666666,2480.6785999999997,6.362816666666666,44.065149999999996,0.6154500000000002,20.0,效率降低,degraded,100.0,最佳状态,normal,2.0,严重泄漏,critical,90.0,接近故障,critical,0,稳定,2,临界,3,False,route_maintenance_review,public-derived-cycle-feature-table
1380,158.37098166666667,107.56438050000001,1.7397883333333333,2481.222333333333,6.370473333333334,44.06251666666667,0.6186999999999999,20.0,效率降低,degraded,100.0,最佳状态,normal,2.0,严重泄漏,critical,90.0,接近故障,critical,0,稳定,2,临界,3,False,route_maintenance_review,public-derived-cycle-feature-table
1381,158.359905,107.58053066666665,1.736274,2482.4552666666664,6.357541666666666,44.0773,0.6144833333333334,20.0,效率降低,degraded,100.0,最佳状态,normal,2.0,严重泄漏,critical,90.0,接近故障,critical,0,稳定,2,临界,3,False,route_maintenance_review,public-derived-cycle-feature-table
1382,158.36250833333335,107.57094716666666,1.7480153333333335,2480.926633333333,6.352461666666668,44.0725,0.6105666666666667,20.0,效率降低,degraded,100.0,最佳状态,normal,2.0,严重泄漏,critical,90.0,接近故障,critical,0,稳定,2,临界,3,False,route_maintenance_review,public-derived-cycle-feature-table
1383,158.61338666666666,107.77483266666667,1.7580916666666666,2470.7342999999996,6.448289999999999,44.08050000000001,0.6172166666666666,20.0,效率降低,degraded,100.0,最佳状态,normal,1.0,弱泄漏,degraded,90.0,接近故障,critical,1,未稳定,2,临界,3,False,route_maintenance_review,public-derived-cycle-feature-table
1384,158.83839,107.17064666666667,1.7505156666666668,2471.6236,6.409188333333333,44.09455000000001,0.6111166666666666,20.0,效率降低,degraded,73.0,接近故障,critical,1.0,弱泄漏,degraded,90.0,接近故障,critical,0,稳定,2,临界,4,False,route_maintenance_review,public-derived-cycle-feature-table
1385,158.847005,107.16649449999998,1.7451271666666666,2470.7896,6.41041,44.08788333333335,0.6121666666666667,20.0,效率降低,degraded,73.0,接近故障,critical,1.0,弱泄漏,degraded,90.0,接近故障,critical,0,稳定,2,临界,4,False,route_maintenance_review,public-derived-cycle-feature-table
1386,158.85219,107.18494299999999,1.746219,2472.322466666667,6.412708333333334,44.07283333333334,0.6134166666666668,20.0,效率降低,degraded,73.0,接近故障,critical,1.0,弱泄漏,degraded,90.0,接近故障,critical,0,稳定,2,临界,4,False,route_maintenance_review,public-derived-cycle-feature-table
1387,158.82431833333334,107.1330915,1.7494696666666665,2470.8763,6.417256666666667,44.092216666666666,0.6066166666666667,20.0,效率降低,degraded,73.0,接近故障,critical,1.0,弱泄漏,degraded,90.0,接近故障,critical,0,稳定,2,临界,4,False,route_maintenance_review,public-derived-cycle-feature-table
1388,158.84968166666667,107.1401855,1.7445541666666669,2470.5495,6.411931666666667,44.09203333333335,0.6073333333333334,20.0,效率降低,degraded,73.0,接近故障,critical,1.0,弱泄漏,degraded,90.0,接近故障,critical,0,稳定,2,临界,4,False,route_maintenance_review,public-derived-cycle-feature-table
1389,158.87195666666668,107.17792966666666,1.7624638333333333,2470.474533333333,6.411491666666667,44.0766,0.6052333333333332,20.0,效率降低,degraded,73.0,接近故障,critical,1.0,弱泄漏,degraded,90.0,接近故障,critical,0,稳定,2,临界,4,False,route_maintenance_review,public-derived-cycle-feature-table
1390,158.85218,107.17459233333334,1.7516098333333332,2470.077933333333,6.416405,44.053799999999995,0.6057500000000001,20.0,效率降低,degraded,73.0,接近故障,critical,1.0,弱泄漏,degraded,90.0,接近故障,critical,0,稳定,2,临界,4,False,route_maintenance_review,public-derived-cycle-feature-table
1391,158.86419,107.19006483333332,1.7580139999999997,2469.7066333333332,6.422065,44.03925,0.6107833333333335,20.0,效率降低,degraded,73.0,接近故障,critical,1.0,弱泄漏,degraded,90.0,接近故障,critical,0,稳定,2,临界,4,False,route_maintenance_review,public-derived-cycle-feature-table
1392,158.86290166666666,107.156733,1.751191666666667,2467.920333333333,6.422405,44.05179999999999,0.6138333333333333,20.0,效率降低,degraded,73.0,接近故障,critical,1.0,弱泄漏,degraded,90.0,接近故障,critical,0,稳定,2,临界,4,False,route_maintenance_review,public-derived-cycle-feature-table
1393,158.87905333333333,107.18865616666665,1.7566536666666663,2467.496766666666,6.42377,44.05973333333334,0.6171166666666665,20.0,效率降低,degraded,73.0,接近故障,critical,1.0,弱泄漏,degraded,90.0,接近故障,critical,0,稳定,2,临界,4,False,route_maintenance_review,public-derived-cycle-feature-table
1394,158.76943,107.39302433333333,1.7636403333333335,2468.2763,6.4536533333333335,44.072250000000004,0.6046166666666667,20.0,效率降低,degraded,80.0,严重滞后,critical,1.0,弱泄漏,degraded,90.0,接近故障,critical,0,稳定,2,临界,4,False,route_maintenance_review,public-derived-cycle-feature-table
1395,158.77124666666666,107.4035855,1.7647318333333335,2467.3235666666665,6.452156666666666,44.07685,0.5955833333333335,20.0,效率降低,degraded,80.0,严重滞后,critical,1.0,弱泄漏,degraded,90.0,接近故障,critical,0,稳定,2,临界,4,False,route_maintenance_review,public-derived-cycle-feature-table
1396,158.7935733333333,107.43027933333333,1.7599306666666668,2467.5303666666664,6.438385,44.075516666666665,0.5973833333333334,20.0,效率降低,degraded,80.0,严重滞后,critical,1.0,弱泄漏,degraded,90.0,接近故障,critical,0,稳定,2,临界,4,False,route_maintenance_review,public-derived-cycle-feature-table
1397,158.75373666666664,107.38536166666667,1.7604839999999997,2467.809466666666,6.44663,44.08501666666667,0.6197333333333332,20.0,效率降低,degraded,80.0,严重滞后,critical,1.0,弱泄漏,degraded,90.0,接近故障,critical,0,稳定,2,临界,4,False,route_maintenance_review,public-derived-cycle-feature-table
1398,158.79142000000002,107.43243450000001,1.7608233333333332,2469.207,6.433684999999999,44.07500000000001,0.6135499999999999,20.0,效率降低,degraded,80.0,严重滞后,critical,1.0,弱泄漏,degraded,90.0,接近故障,critical,0,稳定,2,临界,4,False,route_maintenance_review,public-derived-cycle-feature-table
1399,158.772625,107.41245649999999,1.7534985000000003,2466.9029666666665,6.433988333333334,44.054866666666676,0.6178833333333333,20.0,效率降低,degraded,80.0,严重滞后,critical,1.0,弱泄漏,degraded,90.0,接近故障,critical,0,稳定,2,临界,4,False,route_maintenance_review,public-derived-cycle-feature-table
1400,158.78164666666666,107.41433133333334,1.7490728333333334,2467.8273999999997,6.4436333333333335,44.04946666666667,0.6131666666666666,20.0,效率降低,degraded,80.0,严重滞后,critical,1.0,弱泄漏,degraded,90.0,接近故障,critical,0,稳定,2,临界,4,False,route_maintenance_review,public-derived-cycle-feature-table
1401,158.78931666666668,107.425694,1.76372,2469.0279666666665,6.443988333333333,44.0934,0.6144499999999999,20.0,效率降低,degraded,80.0,严重滞后,critical,1.0,弱泄漏,degraded,90.0,接近故障,critical,0,稳定,2,临界,4,False,route_maintenance_review,public-derived-cycle-feature-table
1402,158.73554833333333,107.37206616666667,1.7711148333333333,2467.226933333333,6.447583333333333,44.08511666666668,0.6121333333333333,20.0,效率降低,degraded,80.0,严重滞后,critical,1.0,弱泄漏,degraded,90.0,接近故障,critical,0,稳定,2,临界,4,False,route_maintenance_review,public-derived-cycle-feature-table
1403,158.77007500000002,107.42823850000002,1.7668156666666668,2471.161466666667,6.444214999999999,44.07445,0.6153166666666667,20.0,效率降低,degraded,80.0,严重滞后,critical,1.0,弱泄漏,degraded,90.0,接近故障,critical,0,稳定,2,临界,4,False,route_maintenance_review,public-derived-cycle-feature-table
1404,158.71612333333334,107.65633399999999,1.7619885000000002,2471.2787,6.453225000000001,44.074850000000005,0.6155,20.0,效率降低,degraded,90.0,轻微滞后,degraded,1.0,弱泄漏,degraded,90.0,接近故障,critical,0,稳定,2,临界,4,False,route_maintenance_review,public-derived-cycle-feature-table
1405,158.71125333333333,107.63286716666666,1.7633253333333336,2468.6313333333333,6.450421666666666,44.07313333333333,0.6094166666666667,20.0,效率降低,degraded,90.0,轻微滞后,degraded,1.0,弱泄漏,degraded,90.0,接近故障,critical,0,稳定,2,临界,4,False,route_maintenance_review,public-derived-cycle-feature-table
1406,158.69988,107.61699300000002,1.7627053333333333,2470.207233333333,6.458213333333333,44.079116666666664,0.6170833333333333,20.0,效率降低,degraded,90.0,轻微滞后,degraded,1.0,弱泄漏,degraded,90.0,接近故障,critical,0,稳定,2,临界,4,False,route_maintenance_review,public-derived-cycle-feature-table
1407,158.68859,107.61020566666666,1.7587903333333337,2470.5514,6.458663333333333,44.08628333333332,0.6145000000000002,20.0,效率降低,degraded,90.0,轻微滞后,degraded,1.0,弱泄漏,degraded,90.0,接近故障,critical,0,稳定,2,临界,4,False,route_maintenance_review,public-derived-cycle-feature-table
1408,158.69488333333334,107.62058566666666,1.7612143333333334,2471.191,6.454888333333333,44.12116666666666,0.6093500000000002,20.0,效率降低,degraded,90.0,轻微滞后,degraded,1.0,弱泄漏,degraded,90.0,接近故障,critical,0,稳定,2,临界,4,False,route_maintenance_review,public-derived-cycle-feature-table
1409,158.69521166666667,107.61249883333333,1.7649641666666667,2471.545,6.464361666666667,44.143100000000004,0.6193500000000002,20.0,效率降低,degraded,90.0,轻微滞后,degraded,1.0,弱泄漏,degraded,90.0,接近故障,critical,0,稳定,2,临界,4,False,route_maintenance_review,public-derived-cycle-feature-table
1410,158.68065666666666,107.58872983333333,1.7561544999999998,2470.3201,6.467981666666667,44.139283333333324,0.6162166666666666,20.0,效率降低,degraded,90.0,轻微滞后,degraded,1.0,弱泄漏,degraded,90.0,接近故障,critical,0,稳定,2,临界,4,False,route_maintenance_review,public-derived-cycle-feature-table
1411,158.69897833333334,107.61789316666666,1.7573728333333332,2467.647233333333,6.458231666666666,44.16176666666667,0.6110333333333333,20.0,效率降低,degraded,90.0,轻微滞后,degraded,1.0,弱泄漏,degraded,90.0,接近故障,critical,0,稳定,2,临界,4,False,route_maintenance_review,public-derived-cycle-feature-table
1412,158.68414,107.601297,1.7628856666666668,2466.9096666666665,6.464423333333334,44.16831666666667,0.6071500000000001,20.0,效率降低,degraded,90.0,轻微滞后,degraded,1.0,弱泄漏,degraded,90.0,接近故障,critical,0,稳定,2,临界,4,False,route_maintenance_review,public-derived-cycle-feature-table
1413,158.68332333333333,107.60057549999999,1.762456166666667,2467.6594,6.465511666666667,44.1794,0.6136166666666667,20.0,效率降低,degraded,90.0,轻微滞后,degraded,1.0,弱泄漏,degraded,90.0,接近故障,critical,0,稳定,2,临界,4,False,route_maintenance_review,public-derived-cycle-feature-table
1414,158.643825,107.74527483333333,1.7622173333333333,2467.7573333333335,6.457098333333334,44.16951666666668,0.6092333333333334,20.0,效率降低,degraded,100.0,最佳状态,normal,1.0,弱泄漏,degraded,90.0,接近故障,critical,0,稳定,2,临界,3,False,route_maintenance_review,public-derived-cycle-feature-table
1415,158.64531166666666,107.74077333333334,1.765349,2467.7053666666666,6.457524999999999,44.16313333333333,0.6064,20.0,效率降低,degraded,100.0,最佳状态,normal,1.0,弱泄漏,degraded,90.0,接近故障,critical,0,稳定,2,临界,3,False,route_maintenance_review,public-derived-cycle-feature-table
1416,158.654235,107.742517,1.7606286666666664,2467.8352333333332,6.456006666666667,44.158966666666664,0.6103500000000002,20.0,效率降低,degraded,100.0,最佳状态,normal,1.0,弱泄漏,degraded,90.0,接近故障,critical,0,稳定,2,临界,3,False,route_maintenance_review,public-derived-cycle-feature-table
1417,158.66353166666667,107.74852099999998,1.7598425,2469.1515666666664,6.45457,44.16068333333333,0.6077499999999998,20.0,效率降低,degraded,100.0,最佳状态,normal,1.0,弱泄漏,degraded,90.0,接近故障,critical,0,稳定,2,临界,3,False,route_maintenance_review,public-derived-cycle-feature-table
1418,158.63815166666666,107.7415625,1.7498285000000002,2466.527766666666,6.450511666666666,44.178999999999995,0.6003000000000001,20.0,效率降低,degraded,100.0,最佳状态,normal,1.0,弱泄漏,degraded,90.0,接近故障,critical,0,稳定,2,临界,3,False,route_maintenance_review,public-derived-cycle-feature-table
1419,158.66404,107.76455733333334,1.7535160000000003,2465.9315333333334,6.453478333333333,44.19945,0.6045,20.0,效率降低,degraded,100.0,最佳状态,normal,1.0,弱泄漏,degraded,90.0,接近故障,critical,0,稳定,2,临界,3,False,route_maintenance_review,public-derived-cycle-feature-table
1420,158.62763333333334,107.72154466666667,1.7557985000000003,2465.4044,6.454211666666668,44.205666666666666,0.6018333333333333,20.0,效率降低,degraded,100.0,最佳状态,normal,1.0,弱泄漏,degraded,90.0,接近故障,critical,0,稳定,2,临界,3,False,route_maintenance_review,public-derived-cycle-feature-table
1421,158.63937333333334,107.73278666666666,1.7574290000000001,2465.2180666666663,6.4529716666666666,44.21773333333333,0.6144166666666667,20.0,效率降低,degraded,100.0,最佳状态,normal,1.0,弱泄漏,degraded,90.0,接近故障,critical,0,稳定,2,临界,3,False,route_maintenance_review,public-derived-cycle-feature-table
1422,158.62647166666665,107.71521616666666,1.7555318333333334,2467.625966666667,6.460561666666667,44.2145,0.6124166666666667,20.0,效率降低,degraded,100.0,最佳状态,normal,1.0,弱泄漏,degraded,90.0,接近故障,critical,0,稳定,2,临界,3,False,route_maintenance_review,public-derived-cycle-feature-table
1423,158.64168500000002,107.732791,1.7567455,2467.4521,6.454148333333334,44.22978333333333,0.6205666666666668,20.0,效率降低,degraded,100.0,最佳状态,normal,1.0,弱泄漏,degraded,90.0,接近故障,critical,0,稳定,2,临界,3,False,route_maintenance_review,public-derived-cycle-feature-table
1424,159.04308666666668,107.99717799999999,1.7956061666666665,2458.1106666666665,6.655166666666666,44.25795,0.6144666666666667,20.0,效率降低,degraded,100.0,最佳状态,normal,0.0,无泄漏,normal,90.0,接近故障,critical,1,未稳定,2,临界,2,False,route_maintenance_review,public-derived-cycle-feature-table
1425,159.25178833333334,107.36156799999999,1.7850310000000003,2459.6285666666668,6.615883333333333,44.27758333333334,0.61315,20.0,效率降低,degraded,73.0,接近故障,critical,0.0,无泄漏,normal,90.0,接近故障,critical,0,稳定,2,临界,3,False,route_maintenance_review,public-derived-cycle-feature-table
1426,159.2377,107.35146183333333,1.7911385,2457.4732333333336,6.6183716666666665,44.329283333333336,0.6123833333333334,20.0,效率降低,degraded,73.0,接近故障,critical,0.0,无泄漏,normal,90.0,接近故障,critical,0,稳定,2,临界,3,False,route_maintenance_review,public-derived-cycle-feature-table
1427,159.24409166666666,107.35916433333333,1.7878293333333335,2457.214433333333,6.620781666666667,44.38258333333333,0.6122666666666666,20.0,效率降低,degraded,73.0,接近故障,critical,0.0,无泄漏,normal,90.0,接近故障,critical,0,稳定,2,临界,3,False,route_maintenance_review,public-derived-cycle-feature-table
1428,159.242175,107.38922933333335,1.7966239999999998,2459.2635,6.622928333333332,44.38175000000001,0.6154833333333336,20.0,效率降低,degraded,73.0,接近故障,critical,0.0,无泄漏,normal,90.0,接近故障,critical,0,稳定,2,临界,3,False,route_maintenance_review,public-derived-cycle-feature-table
1429,159.23918333333336,107.35399450000001,1.7926751666666665,2459.4012666666663,6.622295,44.37941666666667,0.6084999999999999,20.0,效率降低,degraded,73.0,接近故障,critical,0.0,无泄漏,normal,90.0,接近故障,critical,0,稳定,2,临界,3,False,route_maintenance_review,public-derived-cycle-feature-table
1430,159.19833500000001,107.33134383333332,1.7916188333333334,2458.77,6.6259933333333345,44.41491666666668,0.6119000000000001,20.0,效率降低,degraded,73.0,接近故障,critical,0.0,无泄漏,normal,90.0,接近故障,critical,0,稳定,2,临界,3,False,route_maintenance_review,public-derived-cycle-feature-table
1431,159.20341833333333,107.3282845,1.7890091666666668,2457.3932666666665,6.621436666666668,44.430733333333336,0.6079333333333332,20.0,效率降低,degraded,73.0,接近故障,critical,0.0,无泄漏,normal,90.0,接近故障,critical,0,稳定,2,临界,3,False,route_maintenance_review,public-derived-cycle-feature-table
1432,159.21491833333334,107.34514783333333,1.7971781666666666,2457.5970666666663,6.623408333333334,44.470316666666676,0.6066666666666668,20.0,效率降低,degraded,73.0,接近故障,critical,0.0,无泄漏,normal,90.0,接近故障,critical,0,稳定,2,临界,3,False,route_maintenance_review,public-derived-cycle-feature-table
1433,159.23172833333334,107.38443450000001,1.7881434999999999,2458.5734999999995,6.615686666666665,44.503683333333335,0.6016166666666666,20.0,效率降低,degraded,73.0,接近故障,critical,0.0,无泄漏,normal,90.0,接近故障,critical,0,稳定,2,临界,3,False,route_maintenance_review,public-derived-cycle-feature-table
1434,159.20506833333334,107.34865633333335,1.785739833333333,2457.400666666667,6.615893333333332,44.505199999999995,0.6096833333333334,20.0,效率降低,degraded,73.0,接近故障,critical,0.0,无泄漏,normal,90.0,接近故障,critical,0,稳定,2,临界,3,False,route_maintenance_review,public-derived-cycle-feature-table
1435,159.08551833333334,107.55660066666667,1.7996320000000001,2453.3123666666665,6.649068333333333,44.50851666666666,0.6189833333333332,20.0,效率降低,degraded,80.0,严重滞后,critical,0.0,无泄漏,normal,90.0,接近故障,critical,0,稳定,2,临界,3,False,route_maintenance_review,public-derived-cycle-feature-table
1436,159.12636666666666,107.61712166666666,1.7984716666666667,2453.6836333333326,6.631548333333333,44.49103333333334,0.6187500000000002,20.0,效率降低,degraded,80.0,严重滞后,critical,0.0,无泄漏,normal,90.0,接近故障,critical,0,稳定,2,临界,3,False,route_maintenance_review,public-derived-cycle-feature-table
1437,159.12482500000002,107.60796016666666,1.796747,2452.3017,6.624980000000001,44.52555,0.6142666666666667,20.0,效率降低,degraded,80.0,严重滞后,critical,0.0,无泄漏,normal,90.0,接近故障,critical,0,稳定,2,临界,3,False,route_maintenance_review,public-derived-cycle-feature-table
1438,159.11695,107.60819883333333,1.7952755,2466.6719,6.64426,44.51916666666667,0.7029333333333333,20.0,效率降低,degraded,80.0,严重滞后,critical,0.0,无泄漏,normal,90.0,接近故障,critical,0,稳定,2,临界,3,False,route_maintenance_review,public-derived-cycle-feature-table
1439,159.12749666666667,107.61782716666667,1.793583,2467.0323666666663,6.647711666666667,44.46191666666666,0.6061666666666666,20.0,效率降低,degraded,80.0,严重滞后,critical,0.0,无泄漏,normal,90.0,接近故障,critical,0,稳定,2,临界,3,False,route_maintenance_review,public-derived-cycle-feature-table
1440,159.11627,107.57386550000001,1.7974496666666666,2466.6874999999995,6.653035,44.44010000000001,0.6070333333333334,20.0,效率降低,degraded,80.0,严重滞后,critical,0.0,无泄漏,normal,90.0,接近故障,critical,0,稳定,2,临界,3,False,route_maintenance_review,public-derived-cycle-feature-table
1441,159.13082833333334,107.630947,1.792775,2466.294933333333,6.638695000000001,44.48055,0.60165,20.0,效率降低,degraded,80.0,严重滞后,critical,0.0,无泄漏,normal,90.0,接近故障,critical,0,稳定,2,临界,3,False,route_maintenance_review,public-derived-cycle-feature-table
1442,159.14254499999998,107.63615666666668,1.7868146666666669,2467.0807333333332,6.6369549999999995,44.501716666666674,0.5982333333333333,20.0,效率降低,degraded,80.0,严重滞后,critical,0.0,无泄漏,normal,90.0,接近故障,critical,0,稳定,2,临界,3,False,route_maintenance_review,public-derived-cycle-feature-table
1443,159.1411433333333,107.61523516666668,1.7904361666666666,2468.368833333333,6.6425149999999995,44.51648333333334,0.5988666666666665,20.0,效率降低,degraded,80.0,严重滞后,critical,0.0,无泄漏,normal,90.0,接近故障,critical,0,稳定,2,临界,3,False,route_maintenance_review,public-derived-cycle-feature-table
1444,159.11098833333332,107.57692316666665,1.7969961666666665,2467.7839,6.656269999999999,44.53251666666667,0.60325,20.0,效率降低,degraded,80.0,严重滞后,critical,0.0,无泄漏,normal,90.0,接近故障,critical,0,稳定,2,临界,3,False,route_maintenance_review,public-derived-cycle-feature-table
1445,159.06990833333333,107.84139533333332,1.8016629999999998,2469.309333333333,6.661335,44.51826666666667,0.60695,20.0,效率降低,degraded,90.0,轻微滞后,degraded,0.0,无泄漏,normal,90.0,接近故障,critical,0,稳定,2,临界,3,False,route_maintenance_review,public-derived-cycle-feature-table
1446,159.0422716666667,107.80384683333334,1.7974309999999998,2470.6235999999994,6.6663716666666675,44.554416666666654,0.5997833333333334,20.0,效率降低,degraded,90.0,轻微滞后,degraded,0.0,无泄漏,normal,90.0,接近故障,critical,0,稳定,2,临界,3,False,route_maintenance_review,public-derived-cycle-feature-table
1447,159.05114,107.8209155,1.7931081666666668,2470.210966666667,6.660393333333334,44.558733333333336,0.5949000000000001,20.0,效率降低,degraded,90.0,轻微滞后,degraded,0.0,无泄漏,normal,90.0,接近故障,critical,0,稳定,2,临界,3,False,route_maintenance_review,public-derived-cycle-feature-table
1448,159.043585,107.811528,1.805959,2469.1268333333333,6.65694,44.57996666666666,0.5943500000000002,20.0,效率降低,degraded,90.0,轻微滞后,degraded,0.0,无泄漏,normal,90.0,接近故障,critical,0,稳定,2,临界,3,False,route_maintenance_review,public-derived-cycle-feature-table
1449,159.02554,107.81767983333334,1.807363,2468.3448,6.6670050000000005,44.588449999999995,0.5975166666666667,20.0,效率降低,degraded,90.0,轻微滞后,degraded,0.0,无泄漏,normal,90.0,接近故障,critical,0,稳定,2,临界,3,False,route_maintenance_review,public-derived-cycle-feature-table
1450,159.03980833333335,107.8066725,1.806432,2468.4645666666665,6.657508333333333,44.595749999999995,0.59685,20.0,效率降低,degraded,90.0,轻微滞后,degraded,0.0,无泄漏,normal,90.0,接近故障,critical,0,稳定,2,临界,3,False,route_maintenance_review,public-derived-cycle-feature-table
1451,159.038565,107.79469166666667,1.8049590000000002,2468.4692666666665,6.6605,44.61535,0.5952666666666667,20.0,效率降低,degraded,90.0,轻微滞后,degraded,0.0,无泄漏,normal,90.0,接近故障,critical,0,稳定,2,临界,3,False,route_maintenance_review,public-derived-cycle-feature-table
1452,159.02595666666667,107.78543199999999,1.7981363333333331,2469.1403666666665,6.653006666666666,44.6453,0.5929166666666668,20.0,效率降低,degraded,90.0,轻微滞后,degraded,0.0,无泄漏,normal,90.0,接近故障,critical,0,稳定,2,临界,3,False,route_maintenance_review,public-derived-cycle-feature-table
1453,159.03846166666668,107.79679083333333,1.8027078333333333,2470.413433333333,6.666505000000001,44.644800000000004,0.5996,20.0,效率降低,degraded,90.0,轻微滞后,degraded,0.0,无泄漏,normal,90.0,接近故障,critical,0,稳定,2,临界,3,False,route_maintenance_review,public-derived-cycle-feature-table
1454,159.00767,107.78310116666668,1.7934078333333334,2468.6076,6.656371666666667,44.66583333333334,0.5941333333333333,20.0,效率降低,degraded,90.0,轻微滞后,degraded,0.0,无泄漏,normal,90.0,接近故障,critical,0,稳定,2,临界,3,False,route_maintenance_review,public-derived-cycle-feature-table
1455,158.99902,107.968,1.8014689999999998,2466.2085999999995,6.661763333333333,44.69555,0.6015666666666667,20.0,效率降低,degraded,100.0,最佳状态,normal,0.0,无泄漏,normal,90.0,接近故障,critical,0,稳定,2,临界,2,False,route_maintenance_review,public-derived-cycle-feature-table
1456,158.960895,107.89940066666666,1.7947998333333333,2465.49,6.65873,44.694816666666675,0.5967833333333333,20.0,效率降低,degraded,100.0,最佳状态,normal,0.0,无泄漏,normal,90.0,接近故障,critical,0,稳定,2,临界,2,False,route_maintenance_review,public-derived-cycle-feature-table
1457,158.96817166666668,107.92032316666666,1.7985845,2462.7148333333334,6.6638166666666665,44.691,0.5918833333333334,20.0,效率降低,degraded,100.0,最佳状态,normal,0.0,无泄漏,normal,90.0,接近故障,critical,0,稳定,2,临界,2,False,route_maintenance_review,public-derived-cycle-feature-table
1458,158.94902833333333,107.90407166666668,1.7967711666666668,2460.074733333333,6.663768333333334,44.71736666666666,0.6005333333333333,20.0,效率降低,degraded,100.0,最佳状态,normal,0.0,无泄漏,normal,90.0,接近故障,critical,0,稳定,2,临界,2,False,route_maintenance_review,public-derived-cycle-feature-table
1459,158.95870166666666,107.89569316666666,1.8041806666666664,2460.047966666667,6.664376666666667,44.7474,0.6018333333333333,20.0,效率降低,degraded,100.0,最佳状态,normal,0.0,无泄漏,normal,90.0,接近故障,critical,0,稳定,2,临界,2,False,route_maintenance_review,public-derived-cycle-feature-table
1460,158.97203833333333,107.91641516666665,1.7963486666666668,2457.9615666666664,6.665183333333332,44.75103333333334,0.6067166666666667,20.0,效率降低,degraded,100.0,最佳状态,normal,0.0,无泄漏,normal,90.0,接近故障,critical,0,稳定,2,临界,2,False,route_maintenance_review,public-derived-cycle-feature-table
1461,158.968505,107.93469250000001,1.7945461666666667,2457.7956,6.662645,44.7667,0.5998166666666667,20.0,效率降低,degraded,100.0,最佳状态,normal,0.0,无泄漏,normal,90.0,接近故障,critical,0,稳定,2,临界,2,False,route_maintenance_review,public-derived-cycle-feature-table
1462,158.9523233333333,107.91671216666667,1.803906166666667,2458.9327999999996,6.661105,44.78991666666666,0.59345,20.0,效率降低,degraded,100.0,最佳状态,normal,0.0,无泄漏,normal,90.0,接近故障,critical,0,稳定,2,临界,2,False,route_maintenance_review,public-derived-cycle-feature-table
1463,158.96144833333332,107.92454066666666,1.8013255,2460.0923333333335,6.661195,44.78706666666666,0.6003999999999999,20.0,效率降低,degraded,100.0,最佳状态,normal,0.0,无泄漏,normal,90.0,接近故障,critical,0,稳定,2,临界,2,False,route_maintenance_review,public-derived-cycle-feature-table
1464,158.9552283333333,107.896633,1.7979431666666665,2460.6672666666664,6.664868333333333,44.82001666666666,0.5955999999999999,20.0,效率降低,degraded,100.0,最佳状态,normal,0.0,无泄漏,normal,90.0,接近故障,critical,0,稳定,2,临界,2,False,route_maintenance_review,public-derived-cycle-feature-table
1465,159.00827333333334,107.92580566666668,1.8076791666666667,2465.298933333333,6.66055,44.66558333333333,0.6151833333333333,100.0,完全正常,normal,100.0,最佳状态,normal,0.0,无泄漏,normal,90.0,接近故障,critical,1,未稳定,2,临界,1,False,route_maintenance_review,public-derived-cycle-feature-table
1466,159.29041833333332,108.14868600000001,1.8386425,2476.7093999999997,6.6663033333333335,43.32748333333334,0.6134666666666667,100.0,完全正常,normal,100.0,最佳状态,normal,0.0,无泄漏,normal,90.0,接近故障,critical,1,未稳定,2,临界,1,False,route_maintenance_review,public-derived-cycle-feature-table
1467,159.54952000000003,108.37049216666666,1.8675100000000002,2489.0773,6.668008333333333,41.86936666666667,0.61125,100.0,完全正常,normal,100.0,最佳状态,normal,0.0,无泄漏,normal,90.0,接近故障,critical,1,未稳定,2,临界,1,False,route_maintenance_review,public-derived-cycle-feature-table
1468,159.72404166666666,108.52507383333332,1.8955311666666665,2497.6776,6.659473333333333,40.887233333333334,0.6079166666666665,100.0,完全正常,normal,100.0,最佳状态,normal,0.0,无泄漏,normal,90.0,接近故障,critical,1,未稳定,2,临界,1,False,route_maintenance_review,public-derived-cycle-feature-table
1469,159.87006333333332,108.60756516666666,1.9181435000000002,2504.2167666666664,6.679496666666667,40.12236666666666,0.59875,100.0,完全正常,normal,100.0,最佳状态,normal,0.0,无泄漏,normal,90.0,接近故障,critical,1,未稳定,2,临界,1,False,route_maintenance_review,public-derived-cycle-feature-table
1470,159.9943583333333,108.70786149999999,1.9283298333333332,2514.343966666667,6.667073333333333,39.46159999999999,0.5941,100.0,完全正常,normal,100.0,最佳状态,normal,0.0,无泄漏,normal,90.0,接近故障,critical,1,未稳定,2,临界,1,False,route_maintenance_review,public-derived-cycle-feature-table
1471,160.10465833333333,108.7619535,1.9410626666666666,2513.8752999999997,6.672713333333333,38.899250000000016,0.5867333333333334,100.0,完全正常,normal,100.0,最佳状态,normal,0.0,无泄漏,normal,90.0,接近故障,critical,1,未稳定,2,临界,1,False,route_maintenance_review,public-derived-cycle-feature-table
1472,160.173665,108.82193433333333,1.9505293333333333,2518.2418999999995,6.676628333333333,38.43548333333333,0.5807166666666664,100.0,完全正常,normal,100.0,最佳状态,normal,0.0,无泄漏,normal,90.0,接近故障,critical,1,未稳定,2,临界,1,False,route_maintenance_review,public-derived-cycle-feature-table
1473,160.283825,108.89696383333334,1.9702858333333333,2521.8015333333333,6.68672,38.04606666666666,0.5847333333333331,100.0,完全正常,normal,100.0,最佳状态,normal,0.0,无泄漏,normal,90.0,接近故障,critical,1,未稳定,2,临界,1,False,route_maintenance_review,public-derived-cycle-feature-table
1474,160.33865166666666,108.95411933333334,1.9763408333333334,2522.1368666666663,6.673150000000001,37.701283333333336,0.5777999999999999,100.0,完全正常,normal,100.0,最佳状态,normal,0.0,无泄漏,normal,90.0,接近故障,critical,1,未稳定,2,临界,1,False,route_maintenance_review,public-derived-cycle-feature-table
1475,160.3954283333333,108.99184866666666,1.973589,2527.9126,6.673679999999999,37.425149999999995,0.5728666666666666,100.0,完全正常,normal,100.0,最佳状态,normal,0.0,无泄漏,normal,90.0,接近故障,critical,1,未稳定,2,临界,1,False,route_maintenance_review,public-derived-cycle-feature-table
1476,160.47150833333333,109.05524799999998,1.9757991666666668,2530.4262,6.674381666666666,37.18411666666667,0.5718166666666666,100.0,完全正常,normal,100.0,最佳状态,normal,0.0,无泄漏,normal,90.0,接近故障,critical,1,未稳定,2,临界,1,False,route_maintenance_review,public-derived-cycle-feature-table
1477,160.50725500000001,109.11657033333334,1.9718268333333333,2532.1857,6.692023333333333,36.94676666666666,0.5748333333333334,100.0,完全正常,normal,100.0,最佳状态,normal,0.0,无泄漏,normal,90.0,接近故障,critical,1,未稳定,2,临界,1,False,route_maintenance_review,public-derived-cycle-feature-table
1478,160.56750166666666,109.1862385,1.9796373333333335,2534.384433333333,6.676721666666666,36.74986666666667,0.5690833333333333,100.0,完全正常,normal,100.0,最佳状态,normal,0.0,无泄漏,normal,90.0,接近故障,critical,1,未稳定,2,临界,1,False,route_maintenance_review,public-derived-cycle-feature-table
1479,160.6035566666667,109.19081550000001,1.9707871666666663,2536.0323666666663,6.672465000000001,36.599683333333324,0.5668833333333333,100.0,完全正常,normal,100.0,最佳状态,normal,0.0,无泄漏,normal,90.0,接近故障,critical,1,未稳定,2,临界,1,False,route_maintenance_review,public-derived-cycle-feature-table
1480,160.64055333333332,109.233095,1.9808278333333333,2539.3768333333333,6.695656666666667,36.45085000000001,0.5637666666666666,100.0,完全正常,normal,100.0,最佳状态,normal,0.0,无泄漏,normal,90.0,接近故障,critical,1,未稳定,2,临界,1,False,route_maintenance_review,public-derived-cycle-feature-table
1481,160.68443333333332,109.26675116666667,1.975494,2539.8383999999996,6.678536666666666,36.32133333333333,0.5710166666666666,100.0,完全正常,normal,100.0,最佳状态,normal,0.0,无泄漏,normal,90.0,接近故障,critical,1,未稳定,2,临界,1,False,route_maintenance_review,public-derived-cycle-feature-table
1482,160.71608,109.30354333333334,1.9796794999999998,2541.072,6.682300000000001,36.2147,0.5626499999999999,100.0,完全正常,normal,100.0,最佳状态,normal,0.0,无泄漏,normal,90.0,接近故障,critical,1,未稳定,2,临界,1,False,route_maintenance_review,public-derived-cycle-feature-table
1483,160.73826,109.29803299999999,1.9982618333333333,2542.7238,6.695851666666667,36.13303333333332,0.5635499999999999,100.0,完全正常,normal,100.0,最佳状态,normal,0.0,无泄漏,normal,90.0,接近故障,critical,1,未稳定,2,临界,1,False,route_maintenance_review,public-derived-cycle-feature-table
1484,160.75221,109.33641399999999,2.006051,2542.1409666666664,6.682659999999999,36.055699999999995,0.5654666666666665,100.0,完全正常,normal,100.0,最佳状态,normal,0.0,无泄漏,normal,90.0,接近故障,critical,1,未稳定,2,临界,1,False,route_maintenance_review,public-derived-cycle-feature-table
1485,160.77718000000002,109.34558066666666,1.9912556666666665,2542.9579666666664,6.694794999999999,35.97546666666666,0.5605666666666665,100.0,完全正常,normal,100.0,最佳状态,normal,0.0,无泄漏,normal,90.0,接近故障,critical,1,未稳定,2,临界,1,False,route_maintenance_review,public-derived-cycle-feature-table
1486,160.827295,109.38916916666668,1.9938836666666666,2543.8275,6.67765,35.910516666666666,0.5590333333333333,100.0,完全正常,normal,100.0,最佳状态,normal,0.0,无泄漏,normal,90.0,接近故障,critical,1,未稳定,2,临界,1,False,route_maintenance_review,public-derived-cycle-feature-table
1487,160.84259833333334,109.403734,1.9956091666666664,2544.255733333333,6.67905,35.87305,0.5586833333333334,100.0,完全正常,normal,100.0,最佳状态,normal,0.0,无泄漏,normal,90.0,接近故障,critical,1,未稳定,2,临界,1,False,route_maintenance_review,public-derived-cycle-feature-table
1488,160.8376966666667,109.41194750000001,1.9938921666666665,2546.3585,6.698790000000001,35.79865,0.55915,100.0,完全正常,normal,100.0,最佳状态,normal,0.0,无泄漏,normal,90.0,接近故障,critical,1,未稳定,2,临界,1,False,route_maintenance_review,public-derived-cycle-feature-table
1489,160.874635,109.45182700000001,1.9941886666666666,2548.2521,6.6972216666666675,35.746500000000005,0.5611166666666667,100.0,完全正常,normal,100.0,最佳状态,normal,0.0,无泄漏,normal,90.0,接近故障,critical,1,未稳定,2,临界,1,False,route_maintenance_review,public-derived-cycle-feature-table
1490,160.89118499999998,109.44677850000002,1.9945963333333332,2547.7259,6.677696666666668,35.71953333333334,0.5567,100.0,完全正常,normal,100.0,最佳状态,normal,0.0,无泄漏,normal,90.0,接近故障,critical,1,未稳定,2,临界,1,False,route_maintenance_review,public-derived-cycle-feature-table
1491,160.92471833333335,109.46449899999999,2.005685,2542.4101,6.690298333333334,35.68558333333333,0.5644833333333332,100.0,完全正常,normal,100.0,最佳状态,normal,0.0,无泄漏,normal,90.0,接近故障,critical,1,未稳定,2,临界,1,False,route_maintenance_review,public-derived-cycle-feature-table
1492,160.925235,109.46281066666667,1.9960243333333332,2543.041433333333,6.696106666666667,35.649166666666666,0.5587166666666666,100.0,完全正常,normal,100.0,最佳状态,normal,0.0,无泄漏,normal,90.0,接近故障,critical,1,未稳定,2,临界,1,False,route_maintenance_review,public-derived-cycle-feature-table
1493,160.94793666666664,109.48627466666667,2.005946,2542.4541666666664,6.680828333333334,35.60891666666667,0.5681833333333334,100.0,完全正常,normal,100.0,最佳状态,normal,0.0,无泄漏,normal,90.0,接近故障,critical,1,未稳定,2,临界,1,False,route_maintenance_review,public-derived-cycle-feature-table
1494,160.91398666666666,109.46221533333333,2.0048576666666666,2541.450033333333,6.6777033333333335,35.58748333333334,0.5650833333333334,100.0,完全正常,normal,100.0,最佳状态,normal,0.0,无泄漏,normal,90.0,接近故障,critical,1,未稳定,2,临界,1,False,route_maintenance_review,public-derived-cycle-feature-table
1495,160.93769166666664,109.48685966666667,1.991656166666667,2541.5852333333332,6.681209999999999,35.559783333333336,0.5623333333333332,100.0,完全正常,normal,100.0,最佳状态,normal,0.0,无泄漏,normal,90.0,接近故障,critical,1,未稳定,2,临界,1,False,route_maintenance_review,public-derived-cycle-feature-table
1496,160.93801333333334,109.47510366666667,1.9949398333333332,2541.514733333333,6.6797683333333335,35.53326666666667,0.5606166666666667,100.0,完全正常,normal,100.0,最佳状态,normal,0.0,无泄漏,normal,90.0,接近故障,critical,1,未稳定,2,临界,1,False,route_maintenance_review,public-derived-cycle-feature-table
1497,160.96044666666668,109.46377366666667,1.9952536666666665,2542.2926666666663,6.677945,35.52653333333333,0.5625333333333332,100.0,完全正常,normal,100.0,最佳状态,normal,0.0,无泄漏,normal,90.0,接近故障,critical,1,未稳定,2,临界,1,False,route_maintenance_review,public-derived-cycle-feature-table
1498,160.97642166666668,109.50042583333332,2.000833666666667,2542.8014,6.67763,35.516333333333336,0.56005,100.0,完全正常,normal,100.0,最佳状态,normal,0.0,无泄漏,normal,90.0,接近故障,critical,1,未稳定,2,临界,1,False,route_maintenance_review,public-derived-cycle-feature-table
1499,160.96353666666667,109.48284883333334,2.0133616666666665,2541.4983333333334,6.689561666666667,35.50181666666666,0.5632833333333334,100.0,完全正常,normal,100.0,最佳状态,normal,0.0,无泄漏,normal,90.0,接近故障,critical,1,未稳定,2,临界,1,False,route_maintenance_review,public-derived-cycle-feature-table
1500,160.97222,109.50480366666667,2.009738833333333,2541.1586666666667,6.685034999999999,35.49755,0.5606000000000001,100.0,完全正常,normal,100.0,最佳状态,normal,0.0,无泄漏,normal,90.0,接近故障,critical,1,未稳定,2,临界,1,False,route_maintenance_review,public-derived-cycle-feature-table
1501,160.97288333333333,109.48650033333332,2.0121854999999997,2545.461233333333,6.679085,35.48783333333333,0.5608166666666665,100.0,完全正常,normal,100.0,最佳状态,normal,0.0,无泄漏,normal,90.0,接近故障,critical,1,未稳定,2,临界,1,False,route_maintenance_review,public-derived-cycle-feature-table
1502,160.981955,109.49953333333333,2.0087265,2544.6524666666664,6.678608333333333,35.47796666666666,0.5597333333333333,100.0,完全正常,normal,100.0,最佳状态,normal,0.0,无泄漏,normal,90.0,接近故障,critical,1,未稳定,2,临界,1,False,route_maintenance_review,public-derived-cycle-feature-table
1503,160.98787833333333,109.51836050000001,1.9963206666666664,2545.7263666666668,6.689968333333333,35.476966666666655,0.5629000000000001,100.0,完全正常,normal,100.0,最佳状态,normal,0.0,无泄漏,normal,90.0,接近故障,critical,1,未稳定,2,临界,1,False,route_maintenance_review,public-derived-cycle-feature-table
1504,160.98724666666666,109.489907,2.001538666666667,2545.003033333333,6.704226666666667,35.46491666666667,0.56255,100.0,完全正常,normal,100.0,最佳状态,normal,0.0,无泄漏,normal,90.0,接近故障,critical,1,未稳定,2,临界,1,False,route_maintenance_review,public-derived-cycle-feature-table
1505,160.99958833333335,109.518759,2.0102349999999998,2546.0051666666664,6.68233,35.45313333333333,0.56245,100.0,完全正常,normal,100.0,最佳状态,normal,0.0,无泄漏,normal,90.0,接近故障,critical,1,未稳定,2,临界,1,False,route_maintenance_review,public-derived-cycle-feature-table
1506,160.9858416666667,109.50578883333334,2.005631166666667,2545.660533333333,6.68799,35.448883333333335,0.56185,100.0,完全正常,normal,100.0,最佳状态,normal,0.0,无泄漏,normal,90.0,接近故障,critical,1,未稳定,2,临界,1,False,route_maintenance_review,public-derived-cycle-feature-table
1507,160.98149833333332,109.49175766666666,2.0020643333333332,2545.5382999999997,6.677773333333334,35.44311666666666,0.5584,100.0,完全正常,normal,100.0,最佳状态,normal,0.0,无泄漏,normal,90.0,接近故障,critical,1,未稳定,2,临界,1,False,route_maintenance_review,public-derived-cycle-feature-table
1508,161.01038166666666,109.532951,2.0098815,2545.863,6.680383333333333,35.434,0.5558166666666667,100.0,完全正常,normal,100.0,最佳状态,normal,0.0,无泄漏,normal,90.0,接近故障,critical,1,未稳定,2,临界,1,False,route_maintenance_review,public-derived-cycle-feature-table
1509,160.98136499999998,109.50373883333333,2.005695333333333,2544.577266666666,6.689278333333333,35.43756666666666,0.5566000000000001,100.0,完全正常,normal,100.0,最佳状态,normal,0.0,无泄漏,normal,90.0,接近故障,critical,1,未稳定,2,临界,1,False,route_maintenance_review,public-derived-cycle-feature-table
1510,161.00248499999998,109.517895,2.0079215,2543.6407,6.6809400000000005,35.429133333333326,0.5623666666666666,100.0,完全正常,normal,100.0,最佳状态,normal,0.0,无泄漏,normal,90.0,接近故障,critical,1,未稳定,2,临界,1,False,route_maintenance_review,public-derived-cycle-feature-table
1511,160.98325333333332,109.5134285,2.0060326666666666,2545.2208333333333,6.698341666666666,35.426449999999996,0.5573166666666667,100.0,完全正常,normal,100.0,最佳状态,normal,0.0,无泄漏,normal,90.0,接近故障,critical,1,未稳定,2,临界,1,False,route_maintenance_review,public-derived-cycle-feature-table
1512,160.99858,109.51284199999998,2.0139569999999996,2545.9707999999996,6.68591,35.43501666666666,0.5519166666666666,100.0,完全正常,normal,100.0,最佳状态,normal,0.0,无泄漏,normal,90.0,接近故障,critical,1,未稳定,2,临界,1,False,route_maintenance_review,public-derived-cycle-feature-table
1513,161.00853666666666,109.5161505,2.0033268333333334,2547.0966333333326,6.695601666666667,35.434083333333334,0.5563499999999999,100.0,完全正常,normal,100.0,最佳状态,normal,0.0,无泄漏,normal,90.0,接近故障,critical,1,未稳定,2,临界,1,False,route_maintenance_review,public-derived-cycle-feature-table
1514,161.00621833333335,109.55577516666668,2.0040853333333333,2545.558633333333,6.6742333333333335,35.438016666666655,0.5565666666666667,100.0,完全正常,normal,100.0,最佳状态,normal,0.0,无泄漏,normal,90.0,接近故障,critical,1,未稳定,2,临界,1,False,route_maintenance_review,public-derived-cycle-feature-table
1515,160.99747333333335,109.53741416666666,2.001013166666667,2545.4264,6.681033333333333,35.42949999999999,0.5559333333333334,100.0,完全正常,normal,100.0,最佳状态,normal,0.0,无泄漏,normal,90.0,接近故障,critical,1,未稳定,2,临界,1,False,route_maintenance_review,public-derived-cycle-feature-table
1516,161.00188666666668,109.53229866666665,2.0163133333333336,2545.1706999999997,6.697098333333333,35.449333333333335,0.5579666666666667,100.0,完全正常,normal,100.0,最佳状态,normal,0.0,无泄漏,normal,90.0,接近故障,critical,1,未稳定,2,临界,1,False,route_maintenance_review,public-derived-cycle-feature-table
1517,160.993875,109.560052,2.0126649999999997,2543.7761666666665,6.69236,35.450066666666665,0.5545666666666667,100.0,完全正常,normal,100.0,最佳状态,normal,0.0,无泄漏,normal,90.0,接近故障,critical,1,未稳定,2,临界,1,False,route_maintenance_review,public-derived-cycle-feature-table
1518,161.000735,109.55247716666666,2.01401,2543.6133666666665,6.696005,35.44445,0.5614833333333332,100.0,完全正常,normal,100.0,最佳状态,normal,0.0,无泄漏,normal,90.0,接近故障,critical,1,未稳定,2,临界,1,False,route_maintenance_review,public-derived-cycle-feature-table
1519,161.00267833333334,109.54970833333333,2.0218728333333336,2543.8426333333337,6.691941666666667,35.43933333333334,0.5662833333333332,100.0,完全正常,normal,100.0,最佳状态,normal,0.0,无泄漏,normal,90.0,接近故障,critical,1,未稳定,2,临界,1,False,route_maintenance_review,public-derived-cycle-feature-table
1520,160.99208,109.558859,2.017627333333333,2544.7251333333334,6.695985,35.44256666666666,0.5581333333333333,100.0,完全正常,normal,100.0,最佳状态,normal,0.0,无泄漏,normal,90.0,接近故障,critical,1,未稳定,2,临界,1,False,route_maintenance_review,public-derived-cycle-feature-table
1521,161.01729999999998,109.57520366666668,2.023398333333333,2545.0208333333335,6.6918083333333325,35.42973333333334,0.56075,100.0,完全正常,normal,100.0,最佳状态,normal,0.0,无泄漏,normal,90.0,接近故障,critical,1,未稳定,2,临界,1,False,route_maintenance_review,public-derived-cycle-feature-table
1522,161.00416833333333,109.56239333333333,2.007235666666667,2541.9621666666667,6.69586,35.422850000000004,0.5660499999999999,100.0,完全正常,normal,100.0,最佳状态,normal,0.0,无泄漏,normal,90.0,接近故障,critical,1,未稳定,2,临界,1,False,route_maintenance_review,public-derived-cycle-feature-table
1523,161.00440666666665,109.57133866666669,2.0143403333333327,2542.4793999999997,6.688908333333334,35.412683333333334,0.5632333333333334,100.0,完全正常,normal,100.0,最佳状态,normal,0.0,无泄漏,normal,90.0,接近故障,critical,1,未稳定,2,临界,1,False,route_maintenance_review,public-derived-cycle-feature-table
1524,161.01935333333333,109.59707350000002,2.017084,2539.4177666666665,6.689958333333333,35.409800000000004,0.5700666666666667,100.0,完全正常,normal,100.0,最佳状态,normal,0.0,无泄漏,normal,90.0,接近故障,critical,1,未稳定,2,临界,1,False,route_maintenance_review,public-derived-cycle-feature-table
1525,161.02912666666666,109.58692933333332,2.010691,2541.793533333333,6.683253333333334,35.41291666666667,0.5648833333333332,100.0,完全正常,normal,100.0,最佳状态,normal,0.0,无泄漏,normal,90.0,接近故障,critical,1,未稳定,2,临界,1,False,route_maintenance_review,public-derived-cycle-feature-table
1526,161.0317783333333,109.60664416666667,2.0054328333333333,2543.0126333333333,6.678138333333333,35.41668333333334,0.5597499999999999,100.0,完全正常,normal,100.0,最佳状态,normal,0.0,无泄漏,normal,90.0,接近故障,critical,1,未稳定,2,临界,1,False,route_maintenance_review,public-derived-cycle-feature-table
1527,161.03983833333334,109.60375216666667,2.0160181666666666,2542.3986333333332,6.692441666666667,35.410583333333335,0.5623666666666666,100.0,完全正常,normal,100.0,最佳状态,normal,0.0,无泄漏,normal,90.0,接近故障,critical,1,未稳定,2,临界,1,False,route_maintenance_review,public-derived-cycle-feature-table
1528,161.03923999999998,109.586995,2.0165023333333334,2540.109633333333,6.678333333333334,35.40958333333333,0.5639000000000001,100.0,完全正常,normal,100.0,最佳状态,normal,0.0,无泄漏,normal,90.0,接近故障,critical,1,未稳定,2,临界,1,False,route_maintenance_review,public-derived-cycle-feature-table
1529,161.03446,109.6004975,2.0125723333333334,2540.1747,6.695663333333333,35.39533333333333,0.5629833333333334,100.0,完全正常,normal,100.0,最佳状态,normal,0.0,无泄漏,normal,90.0,接近故障,critical,1,未稳定,2,临界,1,False,route_maintenance_review,public-derived-cycle-feature-table
1530,161.04255666666668,109.6046775,2.0072948333333334,2541.8357666666666,6.693700000000001,35.3906,0.5656,100.0,完全正常,normal,100.0,最佳状态,normal,0.0,无泄漏,normal,90.0,接近故障,critical,1,未稳定,2,临界,1,False,route_maintenance_review,public-derived-cycle-feature-table
1531,161.0168216666667,109.57400033333333,2.010661166666667,2543.339,6.683374999999999,35.39126666666666,0.56835,100.0,完全正常,normal,100.0,最佳状态,normal,0.0,无泄漏,normal,90.0,接近故障,critical,1,未稳定,2,临界,1,False,route_maintenance_review,public-derived-cycle-feature-table
1532,161.04304333333334,109.60047250000001,2.0180241666666663,2542.8563,6.681916666666666,35.391,0.5755166666666666,100.0,完全正常,normal,100.0,最佳状态,normal,0.0,无泄漏,normal,90.0,接近故障,critical,1,未稳定,2,临界,1,False,route_maintenance_review,public-derived-cycle-feature-table
1533,161.02530333333334,109.58775999999999,2.0135878333333332,2540.9663666666665,6.679810000000001,35.39546666666666,0.5697166666666666,100.0,完全正常,normal,100.0,最佳状态,normal,0.0,无泄漏,normal,90.0,接近故障,critical,1,未稳定,2,临界,1,False,route_maintenance_review,public-derived-cycle-feature-table
1534,161.01512166666666,109.58358849999999,2.020439,2540.7085333333334,6.692408333333334,35.38433333333333,0.56475,100.0,完全正常,normal,100.0,最佳状态,normal,0.0,无泄漏,normal,90.0,接近故障,critical,1,未稳定,2,临界,1,False,route_maintenance_review,public-derived-cycle-feature-table
1535,161.02485,109.58312583333334,2.0116375,2545.775733333333,6.699105,35.407650000000004,0.5565166666666668,100.0,完全正常,normal,100.0,最佳状态,normal,0.0,无泄漏,normal,90.0,接近故障,critical,1,未稳定,2,临界,1,False,route_maintenance_review,public-derived-cycle-feature-table
1536,161.02723166666667,109.58993916666667,2.006102166666667,2546.6930666666663,6.688040000000001,35.39998333333333,0.5593833333333332,100.0,完全正常,normal,100.0,最佳状态,normal,0.0,无泄漏,normal,90.0,接近故障,critical,1,未稳定,2,临界,1,False,route_maintenance_review,public-derived-cycle-feature-table
1537,161.041955,109.60545016666664,2.0057763333333334,2545.7893999999997,6.681983333333333,35.396433333333334,0.5682666666666666,100.0,完全正常,normal,100.0,最佳状态,normal,0.0,无泄漏,normal,90.0,接近故障,critical,1,未稳定,2,临界,1,False,route_maintenance_review,public-derived-cycle-feature-table
1538,161.042145,109.60566133333333,1.9964786666666665,2543.768433333333,6.6964049999999995,35.39791666666666,0.5606833333333332,100.0,完全正常,normal,100.0,最佳状态,normal,0.0,无泄漏,normal,90.0,接近故障,critical,1,未稳定,2,临界,1,False,route_maintenance_review,public-derived-cycle-feature-table
1539,161.02624,109.59212850000002,2.0019216666666666,2543.9070333333334,6.701148333333333,35.400999999999996,0.5640333333333333,100.0,完全正常,normal,100.0,最佳状态,normal,0.0,无泄漏,normal,90.0,接近故障,critical,1,未稳定,2,临界,1,False,route_maintenance_review,public-derived-cycle-feature-table
1540,161.024485,109.576602,2.0068216666666667,2544.223633333333,6.688973333333333,35.40561666666666,0.5666166666666668,100.0,完全正常,normal,100.0,最佳状态,normal,0.0,无泄漏,normal,90.0,接近故障,critical,1,未稳定,2,临界,1,False,route_maintenance_review,public-derived-cycle-feature-table
1541,161.028465,109.57946683333333,2.0084831666666667,2543.4368999999997,6.678890000000001,35.41576666666666,0.5647999999999999,100.0,完全正常,normal,100.0,最佳状态,normal,0.0,无泄漏,normal,90.0,接近故障,critical,1,未稳定,2,临界,1,False,route_maintenance_review,public-derived-cycle-feature-table
1542,161.03703166666668,109.60074616666665,1.9932383333333334,2544.0330999999996,6.682589999999999,35.41155,0.5630999999999999,100.0,完全正常,normal,100.0,最佳状态,normal,0.0,无泄漏,normal,90.0,接近故障,critical,1,未稳定,2,临界,1,False,route_maintenance_review,public-derived-cycle-feature-table
1543,161.03424666666666,109.59146833333332,2.001224166666667,2543.5987999999998,6.6929333333333325,35.40938333333334,0.5623833333333332,100.0,完全正常,normal,100.0,最佳状态,normal,0.0,无泄漏,normal,90.0,接近故障,critical,1,未稳定,2,临界,1,False,route_maintenance_review,public-derived-cycle-feature-table
1544,161.023915,109.60407416666668,2.0027459999999997,2543.8573666666666,6.6813433333333325,35.41056666666667,0.5593,100.0,完全正常,normal,100.0,最佳状态,normal,0.0,无泄漏,normal,90.0,接近故障,critical,1,未稳定,2,临界,1,False,route_maintenance_review,public-derived-cycle-feature-table
1545,161.01904833333333,109.60683983333332,2.0067959999999996,2545.8995666666665,6.6977649999999995,35.41361666666666,0.56,100.0,完全正常,normal,100.0,最佳状态,normal,0.0,无泄漏,normal,90.0,接近故障,critical,1,未稳定,2,临界,1,False,route_maintenance_review,public-derived-cycle-feature-table
1546,161.022035,109.61369016666667,2.0031165,2544.1848,6.6902583333333325,35.41463333333333,0.5637,100.0,完全正常,normal,100.0,最佳状态,normal,0.0,无泄漏,normal,90.0,接近故障,critical,1,未稳定,2,临界,1,False,route_maintenance_review,public-derived-cycle-feature-table
1547,161.02283500000001,109.57851416666666,2.0096498333333335,2543.451133333333,6.699153333333333,35.41981666666667,0.5620333333333333,100.0,完全正常,normal,100.0,最佳状态,normal,0.0,无泄漏,normal,90.0,接近故障,critical,1,未稳定,2,临界,1,False,route_maintenance_review,public-derived-cycle-feature-table
1548,161.04212166666667,109.59168566666668,1.9928003333333333,2544.875833333333,6.686733333333334,35.42225,0.5657499999999999,100.0,完全正常,normal,100.0,最佳状态,normal,0.0,无泄漏,normal,90.0,接近故障,critical,1,未稳定,2,临界,1,False,route_maintenance_review,public-derived-cycle-feature-table
1549,161.03247166666668,109.59639383333334,1.996269833333333,2545.2194,6.687983333333333,35.42711666666666,0.56285,100.0,完全正常,normal,100.0,最佳状态,normal,0.0,无泄漏,normal,90.0,接近故障,critical,1,未稳定,2,临界,1,False,route_maintenance_review,public-derived-cycle-feature-table
1550,161.02000166666667,109.59339533333333,1.9929091666666667,2544.816233333333,6.697094999999999,35.4415,0.5628666666666666,100.0,完全正常,normal,100.0,最佳状态,normal,0.0,无泄漏,normal,90.0,接近故障,critical,1,未稳定,2,临界,1,False,route_maintenance_review,public-derived-cycle-feature-table
1551,161.02866166666666,109.6036335,1.9844948333333334,2544.8192666666664,6.681781666666666,35.435116666666666,0.5644166666666666,100.0,完全正常,normal,100.0,最佳状态,normal,0.0,无泄漏,normal,90.0,接近故障,critical,1,未稳定,2,临界,1,False,route_maintenance_review,public-derived-cycle-feature-table
1552,161.03767333333334,109.60743683333334,1.9859421666666668,2544.090833333333,6.70342,35.42678333333333,0.5604999999999999,100.0,完全正常,normal,100.0,最佳状态,normal,0.0,无泄漏,normal,90.0,接近故障,critical,1,未稳定,2,临界,1,False,route_maintenance_review,public-derived-cycle-feature-table
1553,161.0167,109.59345983333334,1.9957411666666667,2544.7599999999998,6.688459999999999,35.440216666666664,0.5599999999999999,100.0,完全正常,normal,100.0,最佳状态,normal,0.0,无泄漏,normal,90.0,接近故障,critical,1,未稳定,2,临界,1,False,route_maintenance_review,public-derived-cycle-feature-table
1554,161.04777166666668,109.62024966666665,2.0025346666666666,2544.7956999999997,6.678676666666667,35.436816666666665,0.5612499999999999,100.0,完全正常,normal,100.0,最佳状态,normal,0.0,无泄漏,normal,90.0,接近故障,critical,1,未稳定,2,临界,1,False,route_maintenance_review,public-derived-cycle-feature-table
1555,161.01143000000002,109.57784833333335,1.9992276666666666,2543.5148666666664,6.6869483333333335,35.43761666666666,0.5561333333333335,100.0,完全正常,normal,100.0,最佳状态,normal,0.0,无泄漏,normal,90.0,接近故障,critical,1,未稳定,2,临界,1,False,route_maintenance_review,public-derived-cycle-feature-table
1556,161.01313833333336,109.5580965,2.000516333333333,2544.9683666666665,6.691248333333334,35.45248333333334,0.5619,100.0,完全正常,normal,100.0,最佳状态,normal,0.0,无泄漏,normal,90.0,接近故障,critical,1,未稳定,2,临界,1,False,route_maintenance_review,public-derived-cycle-feature-table
1557,161.02585166666668,109.58577633333334,2.0047683333333333,2545.6510666666663,6.677935,35.46816666666667,0.5553666666666666,100.0,完全正常,normal,100.0,最佳状态,normal,0.0,无泄漏,normal,90.0,接近故障,critical,1,未稳定,2,临界,1,False,route_maintenance_review,public-derived-cycle-feature-table
1558,161.01881000000003,109.59156866666667,2.0032655,2544.2075666666665,6.680335,35.468966666666674,0.5556166666666666,100.0,完全正常,normal,100.0,最佳状态,normal,0.0,无泄漏,normal,90.0,接近故障,critical,1,未稳定,2,临界,1,False,route_maintenance_review,public-derived-cycle-feature-table
1559,161.01212333333334,109.58937650000001,2.0084348333333333,2545.17,6.690385,35.46616666666667,0.5627333333333333,100.0,完全正常,normal,100.0,最佳状态,normal,0.0,无泄漏,normal,90.0,接近故障,critical,1,未稳定,2,临界,1,False,route_maintenance_review,public-derived-cycle-feature-table
1560,161.0184316666667,109.59487966666666,2.0064648333333333,2547.034566666667,6.702858333333333,35.46673333333334,0.5640166666666669,100.0,完全正常,normal,100.0,最佳状态,normal,0.0,无泄漏,normal,90.0,接近故障,critical,1,未稳定,2,临界,1,False,route_maintenance_review,public-derived-cycle-feature-table
1561,161.026355,109.59757400000001,2.0105276666666665,2545.9017,6.679728333333333,35.48216666666667,0.5595000000000001,100.0,完全正常,normal,100.0,最佳状态,normal,0.0,无泄漏,normal,90.0,接近故障,critical,1,未稳定,2,临界,1,False,route_maintenance_review,public-derived-cycle-feature-table
1562,161.01504166666666,109.58853083333334,2.012494,2545.6020666666664,6.703199999999999,35.49713333333332,0.5611333333333334,100.0,完全正常,normal,100.0,最佳状态,normal,0.0,无泄漏,normal,90.0,接近故障,critical,1,未稳定,2,临界,1,False,route_maintenance_review,public-derived-cycle-feature-table
1563,161.03755666666666,109.6019935,1.993837,2543.9813999999997,6.691496666666667,35.49855,0.5666833333333333,100.0,完全正常,normal,100.0,最佳状态,normal,0.0,无泄漏,normal,90.0,接近故障,critical,1,未稳定,2,临界,1,False,route_maintenance_review,public-derived-cycle-feature-table
1564,161.03951500000002,109.60532266666667,2.0031708333333333,2543.388066666667,6.6996649999999995,35.513433333333325,0.5647499999999999,100.0,完全正常,normal,100.0,最佳状态,normal,0.0,无泄漏,normal,90.0,接近故障,critical,1,未稳定,2,临界,1,False,route_maintenance_review,public-derived-cycle-feature-table
1565,161.00750833333333,109.58421583333335,2.0043343333333334,2544.5627999999997,6.696936666666667,35.51631666666667,0.5606833333333333,100.0,完全正常,normal,100.0,最佳状态,normal,0.0,无泄漏,normal,90.0,接近故障,critical,1,未稳定,2,临界,1,False,route_maintenance_review,public-derived-cycle-feature-table
1566,161.01493833333333,109.60016283333334,2.0025351666666666,2545.344433333333,6.693131666666667,35.5166,0.5613166666666666,100.0,完全正常,normal,100.0,最佳状态,normal,0.0,无泄漏,normal,90.0,接近故障,critical,1,未稳定,2,临界,1,False,route_maintenance_review,public-derived-cycle-feature-table
1567,161.002075,109.58800349999999,2.0020955000000002,2544.4714666666664,6.699305,35.52466666666666,0.5632833333333334,100.0,完全正常,normal,100.0,最佳状态,normal,0.0,无泄漏,normal,90.0,接近故障,critical,1,未稳定,2,临界,1,False,route_maintenance_review,public-derived-cycle-feature-table
1568,161.0176933333333,109.58046666666665,1.9998776666666667,2544.6603666666665,6.68591,35.52935,0.5618500000000001,100.0,完全正常,normal,100.0,最佳状态,normal,0.0,无泄漏,normal,90.0,接近故障,critical,1,未稳定,2,临界,1,False,route_maintenance_review,public-derived-cycle-feature-table
1569,161.02705,109.599587,2.011619,2545.2025,6.683026666666667,35.53383333333333,0.5665666666666667,100.0,完全正常,normal,100.0,最佳状态,normal,0.0,无泄漏,normal,90.0,接近故障,critical,1,未稳定,2,临界,1,False,route_maintenance_review,public-derived-cycle-feature-table
1570,161.02213833333334,109.57923516666666,2.0017666666666663,2542.6663666666664,6.690935,35.53464999999999,0.5673333333333334,100.0,完全正常,normal,100.0,最佳状态,normal,0.0,无泄漏,normal,90.0,接近故障,critical,1,未稳定,2,临界,1,False,route_maintenance_review,public-derived-cycle-feature-table
1571,161.02371,109.5905585,2.000897666666667,2544.019233333333,6.694978333333333,35.546033333333334,0.5625666666666667,100.0,完全正常,normal,100.0,最佳状态,normal,0.0,无泄漏,normal,90.0,接近故障,critical,1,未稳定,2,临界,1,False,route_maintenance_review,public-derived-cycle-feature-table
1572,161.00475500000002,109.59799383333333,1.9984683333333333,2544.199566666666,6.674186666666667,35.54774999999999,0.5612833333333334,100.0,完全正常,normal,100.0,最佳状态,normal,0.0,无泄漏,normal,90.0,接近故障,critical,1,未稳定,2,临界,1,False,route_maintenance_review,public-derived-cycle-feature-table
1573,161.01217166666666,109.58169683333331,1.9962108333333333,2541.918,6.695323333333334,35.55553333333333,0.5600166666666667,100.0,完全正常,normal,100.0,最佳状态,normal,0.0,无泄漏,normal,90.0,接近故障,critical,1,未稳定,2,临界,1,False,route_maintenance_review,public-derived-cycle-feature-table
1574,161.02884166666666,109.58863366666665,1.9974571666666667,2541.637166666667,6.698666666666666,35.54756666666667,0.5596833333333333,100.0,完全正常,normal,100.0,最佳状态,normal,0.0,无泄漏,normal,90.0,接近故障,critical,1,未稳定,2,临界,1,False,route_maintenance_review,public-derived-cycle-feature-table
1575,161.02744833333333,109.59174916666666,1.9912498333333333,2542.0128666666665,6.686751666666667,35.54781666666667,0.5639333333333333,100.0,完全正常,normal,100.0,最佳状态,normal,0.0,无泄漏,normal,90.0,接近故障,critical,1,未稳定,2,临界,1,False,route_maintenance_review,public-derived-cycle-feature-table
1576,161.03094666666667,109.59107416666666,1.9904496666666667,2541.2987,6.686191666666666,35.540066666666675,0.5599000000000001,100.0,完全正常,normal,100.0,最佳状态,normal,0.0,无泄漏,normal,90.0,接近故障,critical,1,未稳定,2,临界,1,False,route_maintenance_review,public-derived-cycle-feature-table
1577,161.026625,109.58979833333333,2.0032498333333333,2541.0870999999997,6.682621666666666,35.53915,0.5583666666666666,100.0,完全正常,normal,100.0,最佳状态,normal,0.0,无泄漏,normal,90.0,接近故障,critical,1,未稳定,2,临界,1,False,route_maintenance_review,public-derived-cycle-feature-table
1578,161.01838666666666,109.580403,2.0018499999999997,2542.2040333333334,6.692996666666667,35.54589999999999,0.5654999999999999,100.0,完全正常,normal,100.0,最佳状态,normal,0.0,无泄漏,normal,90.0,接近故障,critical,1,未稳定,2,临界,1,False,route_maintenance_review,public-derived-cycle-feature-table
1579,161.02073333333334,109.57457716666667,2.0103693333333332,2542.7837999999997,6.684103333333334,35.54319999999999,0.5625,100.0,完全正常,normal,100.0,最佳状态,normal,0.0,无泄漏,normal,90.0,接近故障,critical,1,未稳定,2,临界,1,False,route_maintenance_review,public-derived-cycle-feature-table
1580,161.03780833333332,109.60452466666668,1.9972333333333332,2541.163433333333,6.698923333333334,35.54143333333333,0.567,100.0,完全正常,normal,100.0,最佳状态,normal,0.0,无泄漏,normal,90.0,接近故障,critical,1,未稳定,2,临界,1,False,route_maintenance_review,public-derived-cycle-feature-table
1581,161.0298633333333,109.594763,2.0051441666666663,2542.9321333333332,6.680906666666667,35.543400000000005,0.5691833333333334,100.0,完全正常,normal,100.0,最佳状态,normal,0.0,无泄漏,normal,90.0,接近故障,critical,1,未稳定,2,临界,1,False,route_maintenance_review,public-derived-cycle-feature-table
1582,161.02557166666665,109.6107715,2.0045268333333333,2542.0092666666665,6.679288333333332,35.537000000000006,0.5650666666666667,100.0,完全正常,normal,100.0,最佳状态,normal,0.0,无泄漏,normal,90.0,接近故障,critical,1,未稳定,2,临界,1,False,route_maintenance_review,public-derived-cycle-feature-table
1583,161.00505666666666,109.61238050000001,1.9924596666666667,2540.3872666666666,6.687286666666665,35.54425,0.5615999999999999,100.0,完全正常,normal,100.0,最佳状态,normal,0.0,无泄漏,normal,90.0,接近故障,critical,1,未稳定,2,临界,1,False,route_maintenance_review,public-derived-cycle-feature-table
1584,160.9941,109.56816433333334,1.9921653333333333,2540.362733333333,6.676168333333334,35.54076666666666,0.5597833333333333,100.0,完全正常,normal,100.0,最佳状态,normal,0.0,无泄漏,normal,90.0,接近故障,critical,1,未稳定,2,临界,1,False,route_maintenance_review,public-derived-cycle-feature-table
1585,161.01071833333333,109.60211950000001,1.9908173333333334,2540.0978666666665,6.6792750000000005,35.53295000000001,0.5623166666666666,100.0,完全正常,normal,100.0,最佳状态,normal,0.0,无泄漏,normal,90.0,接近故障,critical,1,未稳定,2,临界,1,False,route_maintenance_review,public-derived-cycle-feature-table
1586,161.00990666666667,109.59256633333334,1.996089,2539.9049666666665,6.696511666666667,35.53281666666666,0.5626999999999999,100.0,完全正常,normal,100.0,最佳状态,normal,0.0,无泄漏,normal,90.0,接近故障,critical,1,未稳定,2,临界,1,False,route_maintenance_review,public-derived-cycle-feature-table
1587,161.01130333333333,109.59673933333333,1.997721,2540.4156666666668,6.684986666666666,35.53483333333333,0.5507166666666667,100.0,完全正常,normal,100.0,最佳状态,normal,0.0,无泄漏,normal,90.0,接近故障,critical,1,未稳定,2,临界,1,False,route_maintenance_review,public-derived-cycle-feature-table
1588,161.01544833333332,109.60840733333333,2.00787,2541.6827666666663,6.688376666666667,35.51905,0.55245,100.0,完全正常,normal,100.0,最佳状态,normal,0.0,无泄漏,normal,90.0,接近故障,critical,1,未稳定,2,临界,1,False,route_maintenance_review,public-derived-cycle-feature-table
1589,161.03168333333335,109.62304249999998,2.000537,2541.2880666666665,6.6951149999999995,35.51421666666667,0.5560833333333333,100.0,完全正常,normal,100.0,最佳状态,normal,0.0,无泄漏,normal,90.0,接近故障,critical,1,未稳定,2,临界,1,False,route_maintenance_review,public-derived-cycle-feature-table
1590,161.0224366666667,109.59885250000002,2.008573833333333,2542.3109666666664,6.685131666666666,35.50225,0.55565,100.0,完全正常,normal,100.0,最佳状态,normal,0.0,无泄漏,normal,90.0,接近故障,critical,1,未稳定,2,临界,1,False,route_maintenance_review,public-derived-cycle-feature-table
1591,161.03432000000004,109.613623,2.00575,2541.8808,6.682978333333334,35.49791666666667,0.5594500000000001,100.0,完全正常,normal,100.0,最佳状态,normal,0.0,无泄漏,normal,90.0,接近故障,critical,1,未稳定,2,临界,1,False,route_maintenance_review,public-derived-cycle-feature-table
1592,161.02405333333334,109.614128,2.0134735,2540.3732,6.69872,35.49476666666666,0.5622999999999999,100.0,完全正常,normal,100.0,最佳状态,normal,0.0,无泄漏,normal,90.0,接近故障,critical,1,未稳定,2,临界,1,False,route_maintenance_review,public-derived-cycle-feature-table
1593,161.03344,109.59251,2.0089981666666663,2540.884766666666,6.68212,35.48490000000001,0.5612499999999999,100.0,完全正常,normal,100.0,最佳状态,normal,0.0,无泄漏,normal,90.0,接近故障,critical,1,未稳定,2,临界,1,False,route_maintenance_review,public-derived-cycle-feature-table
1594,161.02447500000002,109.58551016666667,2.0060335,2540.8332999999993,6.7009333333333325,35.48371666666666,0.5614666666666667,100.0,完全正常,normal,100.0,最佳状态,normal,0.0,无泄漏,normal,90.0,接近故障,critical,1,未稳定,2,临界,1,False,route_maintenance_review,public-derived-cycle-feature-table
1595,161.04676500000002,109.59426083333332,2.006154,2540.3830666666663,6.683561666666667,35.47554999999999,0.5623666666666666,100.0,完全正常,normal,100.0,最佳状态,normal,0.0,无泄漏,normal,90.0,接近故障,critical,1,未稳定,2,临界,1,False,route_maintenance_review,public-derived-cycle-feature-table
1596,161.03539333333333,109.60085333333333,2.011200333333333,2540.4132666666665,6.691491666666666,35.480916666666666,0.5563166666666668,100.0,完全正常,normal,100.0,最佳状态,normal,0.0,无泄漏,normal,90.0,接近故障,critical,1,未稳定,2,临界,1,False,route_maintenance_review,public-derived-cycle-feature-table
1597,161.02567333333334,109.58636299999999,2.004450166666667,2540.6546,6.6792766666666665,35.46821666666667,0.5600666666666666,100.0,完全正常,normal,100.0,最佳状态,normal,0.0,无泄漏,normal,90.0,接近故障,critical,1,未稳定,2,临界,1,False,route_maintenance_review,public-derived-cycle-feature-table
1598,161.02639833333333,109.59744449999998,2.0036256666666663,2541.0438999999997,6.697226666666666,35.47948333333333,0.5618166666666667,100.0,完全正常,normal,100.0,最佳状态,normal,0.0,无泄漏,normal,90.0,接近故障,critical,1,未稳定,2,临界,1,False,route_maintenance_review,public-derived-cycle-feature-table
1599,161.038325,109.59220700000002,2.008206833333333,2543.890033333333,6.6871849999999995,35.471999999999994,0.5622666666666666,100.0,完全正常,normal,100.0,最佳状态,normal,0.0,无泄漏,normal,90.0,接近故障,critical,1,未稳定,2,临界,1,False,route_maintenance_review,public-derived-cycle-feature-table
1600,161.02797166666667,109.60244416666667,1.998479,2547.265033333333,6.68426,35.4799,0.5637500000000001,100.0,完全正常,normal,100.0,最佳状态,normal,0.0,无泄漏,normal,90.0,接近故障,critical,1,未稳定,2,临界,1,False,route_maintenance_review,public-derived-cycle-feature-table
1601,161.02182000000002,109.60432816666665,1.9969518333333331,2544.230633333333,6.696490000000001,35.47558333333333,0.5622166666666665,100.0,完全正常,normal,100.0,最佳状态,normal,0.0,无泄漏,normal,90.0,接近故障,critical,1,未稳定,2,临界,1,False,route_maintenance_review,public-derived-cycle-feature-table
1602,161.00548333333333,109.58555566666668,1.997901,2543.0568,6.678999999999999,35.48799999999999,0.5521499999999999,100.0,完全正常,normal,100.0,最佳状态,normal,0.0,无泄漏,normal,90.0,接近故障,critical,1,未稳定,2,临界,1,False,route_maintenance_review,public-derived-cycle-feature-table
1603,161.013055,109.61577183333334,2.002873,2543.5875,6.689046666666666,35.47776666666667,0.5548333333333333,100.0,完全正常,normal,100.0,最佳状态,normal,0.0,无泄漏,normal,90.0,接近故障,critical,1,未稳定,2,临界,1,False,route_maintenance_review,public-derived-cycle-feature-table
1604,161.02331166666667,109.58859716666666,1.9999566666666666,2544.1313666666665,6.6931416666666665,35.47344999999999,0.5525666666666668,100.0,完全正常,normal,100.0,最佳状态,normal,0.0,无泄漏,normal,90.0,接近故障,critical,1,未稳定,2,临界,1,False,route_maintenance_review,public-derived-cycle-feature-table
1605,161.0344716666667,109.598102,2.0046299999999997,2544.5956666666666,6.687413333333334,35.465916666666665,0.5580833333333335,100.0,完全正常,normal,100.0,最佳状态,normal,0.0,无泄漏,normal,90.0,接近故障,critical,1,未稳定,2,临界,1,False,route_maintenance_review,public-derived-cycle-feature-table
1606,161.020305,109.57688866666666,2.0052173333333334,2544.9003000000002,6.704446666666666,35.475649999999995,0.55105,100.0,完全正常,normal,100.0,最佳状态,normal,0.0,无泄漏,normal,90.0,接近故障,critical,1,未稳定,2,临界,1,False,route_maintenance_review,public-derived-cycle-feature-table
1607,161.041265,109.59337366666668,2.0011573333333335,2546.7533333333336,6.705448333333333,35.482016666666674,0.5536166666666668,100.0,完全正常,normal,100.0,最佳状态,normal,0.0,无泄漏,normal,90.0,接近故障,critical,1,未稳定,2,临界,1,False,route_maintenance_review,public-derived-cycle-feature-table
1608,161.060795,109.62795899999999,2.0045366666666666,2547.859733333333,6.700408333333333,35.47116666666667,0.5534333333333333,100.0,完全正常,normal,100.0,最佳状态,normal,0.0,无泄漏,normal,90.0,接近故障,critical,1,未稳定,2,临界,1,False,route_maintenance_review,public-derived-cycle-feature-table
1609,161.05764166666668,109.60322433333332,1.9997734999999999,2548.7128666666667,6.685768333333332,35.47011666666666,0.5701833333333333,100.0,完全正常,normal,100.0,最佳状态,normal,0.0,无泄漏,normal,90.0,接近故障,critical,1,未稳定,2,临界,1,False,route_maintenance_review,public-derived-cycle-feature-table
1610,161.04286333333332,109.60532416666666,2.0030278333333333,2548.1788666666666,6.697988333333334,35.47543333333333,0.5556833333333332,100.0,完全正常,normal,100.0,最佳状态,normal,0.0,无泄漏,normal,90.0,接近故障,critical,1,未稳定,2,临界,1,False,route_maintenance_review,public-derived-cycle-feature-table
1611,161.06210833333333,109.61826616666667,2.0049463333333333,2548.3606999999997,6.683765,35.47221666666667,0.5550833333333335,100.0,完全正常,normal,100.0,最佳状态,normal,0.0,无泄漏,normal,90.0,接近故障,critical,1,未稳定,2,临界,1,False,route_maintenance_review,public-derived-cycle-feature-table
1612,161.03851333333336,109.58227283333335,2.0052426666666667,2548.9439,6.694439999999999,35.46611666666668,0.55495,100.0,完全正常,normal,100.0,最佳状态,normal,0.0,无泄漏,normal,90.0,接近故障,critical,1,未稳定,2,临界,1,False,route_maintenance_review,public-derived-cycle-feature-table
1613,161.03315833333332,109.60147266666665,1.9941648333333333,2547.9348666666665,6.687313333333333,35.4753,0.5599833333333334,100.0,完全正常,normal,100.0,最佳状态,normal,0.0,无泄漏,normal,90.0,接近故障,critical,1,未稳定,2,临界,1,False,route_maintenance_review,public-derived-cycle-feature-table
1614,161.036345,109.59538233333333,1.9946846666666667,2547.0689666666667,6.684965,35.47861666666667,0.5582666666666667,100.0,完全正常,normal,100.0,最佳状态,normal,0.0,无泄漏,normal,90.0,接近故障,critical,1,未稳定,2,临界,1,False,route_maintenance_review,public-derived-cycle-feature-table
1615,161.04007000000001,109.60996783333334,2.002058,2549.507966666667,6.681781666666666,35.47241666666666,0.5569,100.0,完全正常,normal,100.0,最佳状态,normal,0.0,无泄漏,normal,90.0,接近故障,critical,1,未稳定,2,临界,1,False,route_maintenance_review,public-derived-cycle-feature-table
1616,161.0536766666667,109.60570600000001,1.997724166666667,2549.8806999999997,6.696308333333334,35.4582,0.5611666666666667,100.0,完全正常,normal,100.0,最佳状态,normal,0.0,无泄漏,normal,90.0,接近故障,critical,1,未稳定,2,临界,1,False,route_maintenance_review,public-derived-cycle-feature-table
1617,161.07087833333333,109.63640616666666,1.996766166666667,2548.1165666666666,6.692206666666666,35.465650000000004,0.5558833333333334,100.0,完全正常,normal,100.0,最佳状态,normal,0.0,无泄漏,normal,90.0,接近故障,critical,1,未稳定,2,临界,1,False,route_maintenance_review,public-derived-cycle-feature-table
1618,161.05103499999998,109.59948466666667,2.0005646666666665,2549.267766666667,6.698493333333333,35.46468333333333,0.5615833333333333,100.0,完全正常,normal,100.0,最佳状态,normal,0.0,无泄漏,normal,90.0,接近故障,critical,1,未稳定,2,临界,1,False,route_maintenance_review,public-derived-cycle-feature-table
1619,161.02612833333333,109.57870883333334,2.0018333333333334,2548.5143333333335,6.689396666666666,35.458233333333325,0.5544,100.0,完全正常,normal,100.0,最佳状态,normal,0.0,无泄漏,normal,90.0,接近故障,critical,1,未稳定,2,临界,1,False,route_maintenance_review,public-derived-cycle-feature-table
1620,161.06080666666665,109.60138866666665,1.9981695,2543.0130999999997,6.689878333333333,35.44783333333333,0.5538166666666666,100.0,完全正常,normal,100.0,最佳状态,normal,0.0,无泄漏,normal,90.0,接近故障,critical,1,未稳定,2,临界,1,False,route_maintenance_review,public-derived-cycle-feature-table
1621,161.06812666666667,109.61125816666667,2.0002876666666665,2545.162233333333,6.689933333333333,35.45188333333333,0.5562166666666666,100.0,完全正常,normal,100.0,最佳状态,normal,0.0,无泄漏,normal,90.0,接近故障,critical,1,未稳定,2,临界,1,False,route_maintenance_review,public-derived-cycle-feature-table
1622,161.05033833333334,109.61057183333332,1.9977428333333334,2543.8569666666663,6.6852149999999995,35.4565,0.5543666666666667,100.0,完全正常,normal,100.0,最佳状态,normal,0.0,无泄漏,normal,90.0,接近故障,critical,1,未稳定,2,临界,1,False,route_maintenance_review,public-derived-cycle-feature-table
1623,161.05417500000001,109.63403466666666,2.0049928333333336,2543.8468999999996,6.686525,35.44586666666667,0.5556,100.0,完全正常,normal,100.0,最佳状态,normal,0.0,无泄漏,normal,90.0,接近故障,critical,1,未稳定,2,临界,1,False,route_maintenance_review,public-derived-cycle-feature-table
1624,161.03134833333334,109.617004,2.0028008333333336,2544.0100666666663,6.687246666666667,35.43809999999999,0.5589000000000001,100.0,完全正常,normal,100.0,最佳状态,normal,0.0,无泄漏,normal,90.0,接近故障,critical,1,未稳定,2,临界,1,False,route_maintenance_review,public-derived-cycle-feature-table
1625,161.03300333333334,109.59085149999999,1.99012,2545.3729333333335,6.697218333333334,35.44118333333333,0.5580166666666666,100.0,完全正常,normal,100.0,最佳状态,normal,0.0,无泄漏,normal,90.0,接近故障,critical,1,未稳定,2,临界,1,False,route_maintenance_review,public-derived-cycle-feature-table
1626,161.038765,109.61420833333334,2.0099643333333335,2544.5711666666666,6.684271666666667,35.43534999999999,0.5536166666666666,100.0,完全正常,normal,100.0,最佳状态,normal,0.0,无泄漏,normal,90.0,接近故障,critical,1,未稳定,2,临界,1,False,route_maintenance_review,public-derived-cycle-feature-table
1627,161.04466833333333,109.61243366666666,2.0014433333333335,2544.5033333333336,6.68479,35.42713333333334,0.5554666666666667,100.0,完全正常,normal,100.0,最佳状态,normal,0.0,无泄漏,normal,90.0,接近故障,critical,1,未稳定,2,临界,1,False,route_maintenance_review,public-derived-cycle-feature-table
1628,161.03309333333334,109.59014950000002,1.9957396666666665,2543.042,6.687633333333333,35.42778333333332,0.5516500000000001,100.0,完全正常,normal,100.0,最佳状态,normal,0.0,无泄漏,normal,90.0,接近故障,critical,1,未稳定,2,临界,1,False,route_maintenance_review,public-derived-cycle-feature-table
1629,161.03870833333335,109.60035033333332,2.0041143333333333,2543.8702999999996,6.697891666666668,35.44136666666667,0.5517500000000001,100.0,完全正常,normal,100.0,最佳状态,normal,0.0,无泄漏,normal,90.0,接近故障,critical,1,未稳定,2,临界,1,False,route_maintenance_review,public-derived-cycle-feature-table
1630,161.040695,109.57309333333332,1.9999334999999998,2547.3501333333334,6.687563333333333,35.43475,0.5521,100.0,完全正常,normal,100.0,最佳状态,normal,0.0,无泄漏,normal,90.0,接近故障,critical,1,未稳定,2,临界,1,False,route_maintenance_review,public-derived-cycle-feature-table
1631,161.0400116666667,109.61202399999999,2.002730666666667,2547.8645999999994,6.692911666666667,35.41665,0.5496666666666666,100.0,完全正常,normal,100.0,最佳状态,normal,0.0,无泄漏,normal,90.0,接近故障,critical,1,未稳定,2,临界,1,False,route_maintenance_review,public-derived-cycle-feature-table
1632,161.05595833333334,109.60689966666668,2.0054571666666665,2547.4537,6.701943333333333,35.41579999999999,0.5498166666666667,100.0,完全正常,normal,100.0,最佳状态,normal,0.0,无泄漏,normal,90.0,接近故障,critical,1,未稳定,2,临界,1,False,route_maintenance_review,public-derived-cycle-feature-table
1633,161.02900833333334,109.57904416666666,2.004001666666667,2547.767666666666,6.691145000000001,35.40608333333333,0.5436666666666666,100.0,完全正常,normal,100.0,最佳状态,normal,0.0,无泄漏,normal,90.0,接近故障,critical,1,未稳定,2,临界,1,False,route_maintenance_review,public-derived-cycle-feature-table
1634,161.04567666666668,109.60735650000001,2.0100835,2549.0661,6.7007933333333325,35.40461666666667,0.5397166666666668,100.0,完全正常,normal,100.0,最佳状态,normal,0.0,无泄漏,normal,90.0,接近故障,critical,1,未稳定,2,临界,1,False,route_maintenance_review,public-derived-cycle-feature-table
1635,161.04683166666666,109.61762033333332,2.0061541666666667,2549.7291,6.6796516666666665,35.40835,0.5400500000000001,100.0,完全正常,normal,100.0,最佳状态,normal,0.0,无泄漏,normal,90.0,接近故障,critical,1,未稳定,2,临界,1,False,route_maintenance_review,public-derived-cycle-feature-table
1636,161.04618166666668,109.60787516666667,2.007150333333333,2548.5934666666667,6.685981666666667,35.40838333333333,0.5482166666666667,100.0,完全正常,normal,100.0,最佳状态,normal,0.0,无泄漏,normal,90.0,接近故障,critical,1,未稳定,2,临界,1,False,route_maintenance_review,public-derived-cycle-feature-table
1637,161.03591333333333,109.58202483333334,2.0119371666666668,2547.346633333333,6.689255,35.398716666666665,0.5492000000000001,100.0,完全正常,normal,100.0,最佳状态,normal,0.0,无泄漏,normal,90.0,接近故障,critical,1,未稳定,2,临界,1,False,route_maintenance_review,public-derived-cycle-feature-table
1638,161.05535166666667,109.62150216666667,1.9983889999999997,2548.3673,6.6857766666666665,35.41558333333332,0.5430499999999999,100.0,完全正常,normal,100.0,最佳状态,normal,0.0,无泄漏,normal,90.0,接近故障,critical,1,未稳定,2,临界,1,False,route_maintenance_review,public-derived-cycle-feature-table
1639,161.05984333333333,109.60990066666669,1.9958504999999997,2547.467133333333,6.6864799999999995,35.41971666666666,0.5471166666666666,100.0,完全正常,normal,100.0,最佳状态,normal,0.0,无泄漏,normal,90.0,接近故障,critical,1,未稳定,2,临界,1,False,route_maintenance_review,public-derived-cycle-feature-table
1640,161.06129333333334,109.593023,2.0023596666666665,2547.796533333333,6.6845783333333335,35.42111666666666,0.5471999999999999,100.0,完全正常,normal,100.0,最佳状态,normal,0.0,无泄漏,normal,90.0,接近故障,critical,1,未稳定,2,临界,1,False,route_maintenance_review,public-derived-cycle-feature-table
1641,161.05896166666668,109.60001866666666,2.0055761666666663,2545.8722999999995,6.696188333333333,35.42681666666666,0.5467,100.0,完全正常,normal,100.0,最佳状态,normal,0.0,无泄漏,normal,90.0,接近故障,critical,1,未稳定,2,临界,1,False,route_maintenance_review,public-derived-cycle-feature-table
1642,161.0547633333333,109.59146683333333,2.0020488333333333,2547.752233333333,6.701393333333334,35.42093333333333,0.55015,100.0,完全正常,normal,100.0,最佳状态,normal,0.0,无泄漏,normal,90.0,接近故障,critical,1,未稳定,2,临界,1,False,route_maintenance_review,public-derived-cycle-feature-table
1643,161.062045,109.615786,1.9987326666666667,2549.295833333333,6.693099999999999,35.42258333333333,0.5530166666666666,100.0,完全正常,normal,100.0,最佳状态,normal,0.0,无泄漏,normal,90.0,接近故障,critical,1,未稳定,2,临界,1,False,route_maintenance_review,public-derived-cycle-feature-table
1644,161.04595,109.60781416666667,2.0041965,2548.8448333333336,6.70265,35.4295,0.5579833333333333,100.0,完全正常,normal,100.0,最佳状态,normal,0.0,无泄漏,normal,90.0,接近故障,critical,1,未稳定,2,临界,1,False,route_maintenance_review,public-derived-cycle-feature-table
1645,161.06493666666668,109.63484616666668,2.012346666666667,2549.9968,6.700506666666667,35.429583333333326,0.5528000000000001,100.0,完全正常,normal,100.0,最佳状态,normal,0.0,无泄漏,normal,90.0,接近故障,critical,1,未稳定,2,临界,1,False,route_maintenance_review,public-derived-cycle-feature-table
1646,161.053015,109.60922616666667,2.0195635,2547.7947,6.693881666666666,35.43766666666667,0.5497666666666667,100.0,完全正常,normal,100.0,最佳状态,normal,0.0,无泄漏,normal,90.0,接近故障,critical,1,未稳定,2,临界,1,False,route_maintenance_review,public-derived-cycle-feature-table
1647,161.04659333333333,109.61884900000001,2.0019195,2547.7302666666665,6.701003333333333,35.442616666666666,0.5521666666666667,100.0,完全正常,normal,100.0,最佳状态,normal,0.0,无泄漏,normal,90.0,接近故障,critical,1,未稳定,2,临界,1,False,route_maintenance_review,public-derived-cycle-feature-table
1648,161.025545,109.61375183333332,1.9951771666666667,2543.8245,6.695186666666667,35.44636666666666,0.5580999999999999,100.0,完全正常,normal,100.0,最佳状态,normal,0.0,无泄漏,normal,90.0,接近故障,critical,1,未稳定,2,临界,1,False,route_maintenance_review,public-derived-cycle-feature-table
1649,161.035985,109.59808633333334,1.9987634999999997,2543.805533333333,6.698528333333334,35.458650000000006,0.5567666666666667,100.0,完全正常,normal,100.0,最佳状态,normal,0.0,无泄漏,normal,90.0,接近故障,critical,1,未稳定,2,临界,1,False,route_maintenance_review,public-derived-cycle-feature-table
1650,161.03157166666668,109.57446733333333,2.002262333333333,2544.4062666666664,6.703345,35.48478333333333,0.5532666666666667,100.0,完全正常,normal,100.0,最佳状态,normal,0.0,无泄漏,normal,90.0,接近故障,critical,1,未稳定,2,临界,1,False,route_maintenance_review,public-derived-cycle-feature-table
1651,161.03213333333335,109.59841816666666,1.9974146666666666,2545.071633333333,6.695374999999999,35.498283333333326,0.5575499999999999,100.0,完全正常,normal,100.0,最佳状态,normal,0.0,无泄漏,normal,90.0,接近故障,critical,1,未稳定,2,临界,1,False,route_maintenance_review,public-derived-cycle-feature-table
1652,161.0398166666667,109.59056700000001,2.0081205,2544.626733333333,6.695353333333333,35.505533333333325,0.5514666666666665,100.0,完全正常,normal,100.0,最佳状态,normal,0.0,无泄漏,normal,90.0,接近故障,critical,1,未稳定,2,临界,1,False,route_maintenance_review,public-derived-cycle-feature-table
1653,161.04172833333334,109.57733716666665,2.0022523333333333,2542.1881,6.692678333333333,35.51101666666667,0.55505,100.0,完全正常,normal,100.0,最佳状态,normal,0.0,无泄漏,normal,90.0,接近故障,critical,1,未稳定,2,临界,1,False,route_maintenance_review,public-derived-cycle-feature-table
1654,161.047945,109.57938033333332,2.0080503333333333,2542.090533333333,6.687085000000001,35.51421666666667,0.5627,100.0,完全正常,normal,100.0,最佳状态,normal,0.0,无泄漏,normal,90.0,接近故障,critical,1,未稳定,2,临界,1,False,route_maintenance_review,public-derived-cycle-feature-table
1655,161.03851166666666,109.5992945,1.9970838333333334,2542.7074333333335,6.679516666666666,35.52195,0.5567333333333333,100.0,完全正常,normal,100.0,最佳状态,normal,0.0,无泄漏,normal,90.0,接近故障,critical,1,未稳定,2,临界,1,False,route_maintenance_review,public-derived-cycle-feature-table
1656,161.05039333333332,109.58378049999999,2.0039528333333334,2540.641133333333,6.684703333333333,35.53106666666666,0.5629833333333333,100.0,完全正常,normal,100.0,最佳状态,normal,0.0,无泄漏,normal,90.0,接近故障,critical,1,未稳定,2,临界,1,False,route_maintenance_review,public-derived-cycle-feature-table
1657,161.04675166666667,109.58217633333332,2.008773833333333,2541.3349,6.69618,35.52981666666666,0.56155,100.0,完全正常,normal,100.0,最佳状态,normal,0.0,无泄漏,normal,90.0,接近故障,critical,1,未稳定,2,临界,1,False,route_maintenance_review,public-derived-cycle-feature-table
1658,161.043675,109.57073549999998,1.9960646666666666,2541.5876333333335,6.684161666666666,35.53785,0.5502166666666667,100.0,完全正常,normal,100.0,最佳状态,normal,0.0,无泄漏,normal,90.0,接近故障,critical,1,未稳定,2,临界,1,False,route_maintenance_review,public-derived-cycle-feature-table
1659,161.04737333333333,109.573312,2.0131371666666666,2541.3618666666666,6.700896666666668,35.53606666666667,0.5541,100.0,完全正常,normal,100.0,最佳状态,normal,0.0,无泄漏,normal,90.0,接近故障,critical,1,未稳定,2,临界,1,False,route_maintenance_review,public-derived-cycle-feature-table
1660,161.02992,109.57130333333335,2.0106211666666667,2543.0155,6.698343333333333,35.54268333333334,0.5471666666666667,100.0,完全正常,normal,100.0,最佳状态,normal,0.0,无泄漏,normal,90.0,接近故障,critical,1,未稳定,2,临界,1,False,route_maintenance_review,public-derived-cycle-feature-table
1661,161.03554166666666,109.58869549999999,2.006391,2545.8976666666663,6.680763333333333,35.54475,0.5505,100.0,完全正常,normal,100.0,最佳状态,normal,0.0,无泄漏,normal,90.0,接近故障,critical,1,未稳定,2,临界,1,False,route_maintenance_review,public-derived-cycle-feature-table
1662,161.02630000000002,109.56151966666667,1.999749,2545.5553333333332,6.688075,35.55233333333332,0.5419333333333333,100.0,完全正常,normal,100.0,最佳状态,normal,0.0,无泄漏,normal,90.0,接近故障,critical,1,未稳定,2,临界,1,False,route_maintenance_review,public-derived-cycle-feature-table
1663,161.016855,109.56247166666668,2.012557,2545.0353666666665,6.682503333333334,35.55478333333334,0.5383,100.0,完全正常,normal,100.0,最佳状态,normal,0.0,无泄漏,normal,90.0,接近故障,critical,1,未稳定,2,临界,1,False,route_maintenance_review,public-derived-cycle-feature-table
1664,161.02413333333334,109.55983516666666,2.0143231666666668,2546.8043,6.691025,35.5656,0.5445166666666666,100.0,完全正常,normal,100.0,最佳状态,normal,0.0,无泄漏,normal,90.0,接近故障,critical,1,未稳定,2,临界,1,False,route_maintenance_review,public-derived-cycle-feature-table
1665,161.16038166666667,109.72911566666664,2.014937333333333,2555.5599666666667,6.696788333333332,35.540949999999995,0.5376999999999998,100.0,完全正常,normal,100.0,最佳状态,normal,0.0,无泄漏,normal,130.0,最佳压力,normal,1,未稳定,0,正常,0,False,route_maintenance_review,public-derived-cycle-feature-table
1666,161.18154833333335,109.73510516666667,2.003395333333333,2551.296233333333,6.70099,35.556450000000005,0.5383166666666667,100.0,完全正常,normal,100.0,最佳状态,normal,0.0,无泄漏,normal,130.0,最佳压力,normal,1,未稳定,0,正常,0,False,route_maintenance_review,public-derived-cycle-feature-table
1667,161.16179833333334,109.71708483333333,2.009565,2548.8037,6.692855,35.56948333333334,0.5522500000000001,100.0,完全正常,normal,100.0,最佳状态,normal,0.0,无泄漏,normal,130.0,最佳压力,normal,1,未稳定,0,正常,0,False,route_maintenance_review,public-derived-cycle-feature-table
1668,161.14350833333333,109.69297483333334,2.012397333333333,2552.3546,6.709993333333333,35.582800000000006,0.5447500000000001,100.0,完全正常,normal,100.0,最佳状态,normal,0.0,无泄漏,normal,130.0,最佳压力,normal,1,未稳定,0,正常,0,False,route_maintenance_review,public-derived-cycle-feature-table
1669,161.16270833333334,109.69660583333334,2.0141013333333335,2550.8912333333333,6.707068333333333,35.592466666666674,0.5473166666666667,100.0,完全正常,normal,100.0,最佳状态,normal,0.0,无泄漏,normal,130.0,最佳压力,normal,1,未稳定,0,正常,0,False,route_maintenance_review,public-derived-cycle-feature-table
1670,161.17113666666665,109.71211800000002,2.0113916666666665,2550.303,6.714425,35.601016666666666,0.5501,100.0,完全正常,normal,100.0,最佳状态,normal,0.0,无泄漏,normal,130.0,最佳压力,normal,1,未稳定,0,正常,0,False,route_maintenance_review,public-derived-cycle-feature-table
1671,161.15229,109.71187283333333,2.0148753333333334,2550.229733333333,6.716776666666666,35.59466666666666,0.5499333333333334,100.0,完全正常,normal,100.0,最佳状态,normal,0.0,无泄漏,normal,130.0,最佳压力,normal,1,未稳定,0,正常,0,False,route_maintenance_review,public-derived-cycle-feature-table
1672,161.15317333333334,109.71793916666667,2.003536,2549.7131999999997,6.698840000000001,35.60648333333334,0.5523333333333333,100.0,完全正常,normal,100.0,最佳状态,normal,0.0,无泄漏,normal,130.0,最佳压力,normal,1,未稳定,0,正常,0,False,route_maintenance_review,public-derived-cycle-feature-table
1673,161.157905,109.717236,2.0065558333333335,2549.2575,6.722706666666666,35.622800000000005,0.5524333333333333,100.0,完全正常,normal,100.0,最佳状态,normal,0.0,无泄漏,normal,130.0,最佳压力,normal,1,未稳定,0,正常,0,False,route_maintenance_review,public-derived-cycle-feature-table
1674,161.13044499999998,109.68366066666665,2.0061880000000003,2551.5821666666666,6.7124966666666674,35.64528333333333,0.5506333333333334,100.0,完全正常,normal,100.0,最佳状态,normal,0.0,无泄漏,normal,130.0,最佳压力,normal,1,未稳定,0,正常,0,False,route_maintenance_review,public-derived-cycle-feature-table
1675,160.48119333333332,109.22228116666668,1.9395870000000002,2578.0081333333333,6.452145000000001,35.63098333333334,0.54825,100.0,完全正常,normal,100.0,最佳状态,normal,2.0,严重泄漏,critical,130.0,最佳压力,normal,1,未稳定,2,临界,1,False,route_maintenance_review,public-derived-cycle-feature-table
1676,160.70803666666666,108.67438866666666,1.9198573333333333,2579.7404333333334,6.393258333333334,35.599183333333336,0.5507333333333334,100.0,完全正常,normal,73.0,接近故障,critical,2.0,严重泄漏,critical,130.0,最佳压力,normal,0,稳定,2,临界,2,False,route_maintenance_review,public-derived-cycle-feature-table
1677,160.71196999999998,108.6717405,1.9173946666666668,2577.7545,6.396038333333332,35.58745,0.55,100.0,完全正常,normal,73.0,接近故障,critical,2.0,严重泄漏,critical,130.0,最佳压力,normal,0,稳定,2,临界,2,False,route_maintenance_review,public-derived-cycle-feature-table
1678,160.71169166666667,108.68061416666667,1.9157816666666667,2577.5926333333327,6.395871666666667,35.56605000000001,0.5416833333333333,100.0,完全正常,normal,73.0,接近故障,critical,2.0,严重泄漏,critical,130.0,最佳压力,normal,0,稳定,2,临界,2,False,route_maintenance_review,public-derived-cycle-feature-table
1679,160.684505,108.65899383333333,1.9091906666666667,2577.9458666666665,6.395053333333333,35.57518333333334,0.5466000000000001,100.0,完全正常,normal,73.0,接近故障,critical,2.0,严重泄漏,critical,130.0,最佳压力,normal,0,稳定,2,临界,2,False,route_maintenance_review,public-derived-cycle-feature-table
1680,160.69598666666667,108.66857033333334,1.9105124999999998,2578.3343999999997,6.389198333333334,35.57286666666666,0.5425833333333333,100.0,完全正常,normal,73.0,接近故障,critical,2.0,严重泄漏,critical,130.0,最佳压力,normal,0,稳定,2,临界,2,False,route_maintenance_review,public-derived-cycle-feature-table
1681,160.69683333333333,108.64859766666667,1.9200978333333332,2578.4430666666663,6.3872566666666675,35.58386666666667,0.5508166666666667,100.0,完全正常,normal,73.0,接近故障,critical,2.0,严重泄漏,critical,130.0,最佳压力,normal,0,稳定,2,临界,2,False,route_maintenance_review,public-derived-cycle-feature-table
1682,160.69605,108.67251583333334,1.910344,2577.2189666666663,6.3871883333333335,35.61573333333333,0.5609333333333334,100.0,完全正常,normal,73.0,接近故障,critical,2.0,严重泄漏,critical,130.0,最佳压力,normal,0,稳定,2,临界,2,False,route_maintenance_review,public-derived-cycle-feature-table
1683,160.69847,108.68399083333334,1.9120813333333335,2579.291333333333,6.393626666666667,35.63485000000001,0.5501999999999999,100.0,完全正常,normal,73.0,接近故障,critical,2.0,严重泄漏,critical,130.0,最佳压力,normal,0,稳定,2,临界,2,False,route_maintenance_review,public-derived-cycle-feature-table
1684,160.66921333333335,108.65034649999998,1.9097053333333334,2582.4676333333337,6.39131,35.6444,0.55365,100.0,完全正常,normal,73.0,接近故障,critical,2.0,严重泄漏,critical,130.0,最佳压力,normal,0,稳定,2,临界,2,False,route_maintenance_review,public-derived-cycle-feature-table
1685,160.66795666666667,108.67616683333334,1.9076913333333334,2579.5230666666666,6.3916699999999995,35.64576666666667,0.5507666666666666,100.0,完全正常,normal,73.0,接近故障,critical,2.0,严重泄漏,critical,130.0,最佳压力,normal,0,稳定,2,临界,2,False,route_maintenance_review,public-derived-cycle-feature-table
1686,160.5634083333333,108.89948516666668,1.9107723333333333,2579.8015,6.419178333333334,35.651516666666666,0.5514833333333333,100.0,完全正常,normal,80.0,严重滞后,critical,2.0,严重泄漏,critical,130.0,最佳压力,normal,0,稳定,2,临界,2,False,route_maintenance_review,public-derived-cycle-feature-table
1687,160.56726,108.90981016666667,1.9152208333333332,2578.378166666667,6.416265,35.66611666666667,0.5460333333333334,100.0,完全正常,normal,80.0,严重滞后,critical,2.0,严重泄漏,critical,130.0,最佳压力,normal,0,稳定,2,临界,2,False,route_maintenance_review,public-derived-cycle-feature-table
1688,160.57772833333334,108.90396166666667,1.9183645000000003,2577.6140333333333,6.417841666666667,35.665000000000006,0.5465,100.0,完全正常,normal,80.0,严重滞后,critical,2.0,严重泄漏,critical,130.0,最佳压力,normal,0,稳定,2,临界,2,False,route_maintenance_review,public-derived-cycle-feature-table
1689,160.59500666666668,108.92510583333333,1.917927,2579.8738666666663,6.419393333333333,35.66053333333334,0.5459666666666667,100.0,完全正常,normal,80.0,严重滞后,critical,2.0,严重泄漏,critical,130.0,最佳压力,normal,0,稳定,2,临界,2,False,route_maintenance_review,public-derived-cycle-feature-table
1690,160.58273166666666,108.9209685,1.9226638333333335,2578.4140666666663,6.4188366666666665,35.65509999999999,0.5410166666666665,100.0,完全正常,normal,80.0,严重滞后,critical,2.0,严重泄漏,critical,130.0,最佳压力,normal,0,稳定,2,临界,2,False,route_maintenance_review,public-derived-cycle-feature-table
1691,160.5765516666667,108.9013245,1.9209761666666667,2579.205966666667,6.418158333333334,35.658816666666674,0.5461833333333334,100.0,完全正常,normal,80.0,严重滞后,critical,2.0,严重泄漏,critical,130.0,最佳压力,normal,0,稳定,2,临界,2,False,route_maintenance_review,public-derived-cycle-feature-table
1692,160.57927333333333,108.91829750000001,1.9216411666666664,2578.6759666666667,6.41596,35.665366666666664,0.5376500000000001,100.0,完全正常,normal,80.0,严重滞后,critical,2.0,严重泄漏,critical,130.0,最佳压力,normal,0,稳定,2,临界,2,False,route_maintenance_review,public-derived-cycle-feature-table
1693,160.5496533333333,108.91007250000001,1.9216998333333335,2579.9083666666666,6.414791666666667,35.66536666666668,0.5418166666666667,100.0,完全正常,normal,80.0,严重滞后,critical,2.0,严重泄漏,critical,130.0,最佳压力,normal,0,稳定,2,临界,2,False,route_maintenance_review,public-derived-cycle-feature-table
1694,160.56632333333332,108.90671683333333,1.9161625,2577.1314666666667,6.414980000000001,35.67875000000001,0.5452833333333333,100.0,完全正常,normal,80.0,严重滞后,critical,2.0,严重泄漏,critical,130.0,最佳压力,normal,0,稳定,2,临界,2,False,route_maintenance_review,public-derived-cycle-feature-table
1695,160.56479166666668,108.92517466666668,1.9286493333333334,2577.812933333333,6.418213333333333,35.68103333333333,0.5490333333333335,100.0,完全正常,normal,80.0,严重滞后,critical,2.0,严重泄漏,critical,130.0,最佳压力,normal,0,稳定,2,临界,2,False,route_maintenance_review,public-derived-cycle-feature-table
1696,160.50668166666668,109.12559816666665,1.9295076666666666,2579.2916000000005,6.433448333333334,35.69136666666667,0.5389166666666667,100.0,完全正常,normal,90.0,轻微滞后,degraded,2.0,严重泄漏,critical,130.0,最佳压力,normal,0,稳定,2,临界,2,False,route_maintenance_review,public-derived-cycle-feature-table
1697,160.49459833333336,109.12870666666666,1.9309131666666666,2579.4948999999997,6.432755,35.690783333333336,0.53945,100.0,完全正常,normal,90.0,轻微滞后,degraded,2.0,严重泄漏,critical,130.0,最佳压力,normal,0,稳定,2,临界,2,False,route_maintenance_review,public-derived-cycle-feature-table
1698,160.494885,109.10933333333334,1.9283748333333333,2578.3267999999994,6.43246,35.69468333333332,0.5395500000000001,100.0,完全正常,normal,90.0,轻微滞后,degraded,2.0,严重泄漏,critical,130.0,最佳压力,normal,0,稳定,2,临界,2,False,route_maintenance_review,public-derived-cycle-feature-table
1699,160.50794666666667,109.13951683333333,1.9219931666666668,2578.8007,6.42953,35.71005000000001,0.5364666666666668,100.0,完全正常,normal,90.0,轻微滞后,degraded,2.0,严重泄漏,critical,130.0,最佳压力,normal,0,稳定,2,临界,2,False,route_maintenance_review,public-derived-cycle-feature-table
1700,160.50019333333333,109.10701050000002,1.918447166666667,2577.7489666666665,6.429421666666667,35.70931666666667,0.5380333333333333,100.0,完全正常,normal,90.0,轻微滞后,degraded,2.0,严重泄漏,critical,130.0,最佳压力,normal,0,稳定,2,临界,2,False,route_maintenance_review,public-derived-cycle-feature-table
1701,160.49849833333334,109.10673433333332,1.9251983333333333,2576.704533333333,6.427121666666667,35.70283333333334,0.5335000000000001,100.0,完全正常,normal,90.0,轻微滞后,degraded,2.0,严重泄漏,critical,130.0,最佳压力,normal,0,稳定,2,临界,2,False,route_maintenance_review,public-derived-cycle-feature-table
1702,160.49389333333332,109.08617566666666,1.9212078333333336,2575.0971666666665,6.427731666666667,35.70113333333334,0.5417833333333334,100.0,完全正常,normal,90.0,轻微滞后,degraded,2.0,严重泄漏,critical,130.0,最佳压力,normal,0,稳定,2,临界,2,False,route_maintenance_review,public-derived-cycle-feature-table
1703,160.48381666666668,109.071214,1.9211064999999998,2573.8611,6.423381666666666,35.71136666666667,0.5431333333333334,100.0,完全正常,normal,90.0,轻微滞后,degraded,2.0,严重泄漏,critical,130.0,最佳压力,normal,0,稳定,2,临界,2,False,route_maintenance_review,public-derived-cycle-feature-table
1704,160.4945,109.09691516666668,1.9211288333333336,2576.8436,6.425854999999999,35.705799999999996,0.5392333333333333,100.0,完全正常,normal,90.0,轻微滞后,degraded,2.0,严重泄漏,critical,130.0,最佳压力,normal,0,稳定,2,临界,2,False,route_maintenance_review,public-derived-cycle-feature-table
1705,160.50693833333332,109.10751950000001,1.9205433333333333,2580.2821,6.430621666666667,35.71334999999999,0.5324833333333333,100.0,完全正常,normal,90.0,轻微滞后,degraded,2.0,严重泄漏,critical,130.0,最佳压力,normal,0,稳定,2,临界,2,False,route_maintenance_review,public-derived-cycle-feature-table
1706,160.45424666666668,109.25060233333335,1.9269500000000002,2581.3680666666664,6.435555,35.72136666666667,0.5368833333333334,100.0,完全正常,normal,100.0,最佳状态,normal,2.0,严重泄漏,critical,130.0,最佳压力,normal,0,稳定,2,临界,1,False,route_maintenance_review,public-derived-cycle-feature-table
1707,160.42525666666668,109.24339333333333,1.9320466666666665,2580.6235666666666,6.434986666666667,35.720116666666655,0.5345166666666668,100.0,完全正常,normal,100.0,最佳状态,normal,2.0,严重泄漏,critical,130.0,最佳压力,normal,0,稳定,2,临界,1,False,route_maintenance_review,public-derived-cycle-feature-table
1708,160.43141833333334,109.2464245,1.934185,2580.1358666666665,6.433548333333334,35.73998333333334,0.5296666666666667,100.0,完全正常,normal,100.0,最佳状态,normal,2.0,严重泄漏,critical,130.0,最佳压力,normal,0,稳定,2,临界,1,False,route_maintenance_review,public-derived-cycle-feature-table
1709,160.44146999999998,109.25627916666666,1.9279316666666666,2576.8779,6.430678333333333,35.74390000000001,0.5340166666666667,100.0,完全正常,normal,100.0,最佳状态,normal,2.0,严重泄漏,critical,130.0,最佳压力,normal,0,稳定,2,临界,1,False,route_maintenance_review,public-derived-cycle-feature-table
1710,160.42943499999998,109.21646050000001,1.913492833333333,2572.737166666667,6.42369,35.74111666666666,0.5368833333333334,100.0,完全正常,normal,100.0,最佳状态,normal,2.0,严重泄漏,critical,130.0,最佳压力,normal,0,稳定,2,临界,1,False,route_maintenance_review,public-derived-cycle-feature-table
1711,160.45357666666666,109.24585166666667,1.9269384999999999,2575.1450666666665,6.432006666666666,35.73965,0.5331833333333333,100.0,完全正常,normal,100.0,最佳状态,normal,2.0,严重泄漏,critical,130.0,最佳压力,normal,0,稳定,2,临界,1,False,route_maintenance_review,public-derived-cycle-feature-table
1712,160.44758,109.25111016666666,1.9213325,2575.347866666666,6.431491666666667,35.749900000000004,0.538,100.0,完全正常,normal,100.0,最佳状态,normal,2.0,严重泄漏,critical,130.0,最佳压力,normal,0,稳定,2,临界,1,False,route_maintenance_review,public-derived-cycle-feature-table
1713,160.457745,109.24737233333332,1.922821,2575.0879999999997,6.437766666666667,35.74816666666667,0.5358666666666667,100.0,完全正常,normal,100.0,最佳状态,normal,2.0,严重泄漏,critical,130.0,最佳压力,normal,0,稳定,2,临界,1,False,route_maintenance_review,public-derived-cycle-feature-table
1714,160.44296833333334,109.26661483333334,1.9205493333333334,2574.8958,6.429344999999999,35.7575,0.5403333333333333,100.0,完全正常,normal,100.0,最佳状态,normal,2.0,严重泄漏,critical,130.0,最佳压力,normal,0,稳定,2,临界,1,False,route_maintenance_review,public-derived-cycle-feature-table
1715,160.43263000000002,109.24739600000001,1.9159840000000001,2574.7972,6.430368333333333,35.775749999999995,0.5392833333333334,100.0,完全正常,normal,100.0,最佳状态,normal,2.0,严重泄漏,critical,130.0,最佳压力,normal,0,稳定,2,临界,1,False,route_maintenance_review,public-derived-cycle-feature-table
1716,160.67112833333334,109.42187333333334,1.9512361666666667,2564.397966666667,6.530103333333333,35.79011666666668,0.5433,100.0,完全正常,normal,100.0,最佳状态,normal,1.0,弱泄漏,degraded,130.0,最佳压力,normal,1,未稳定,1,退化,1,False,route_maintenance_review,public-derived-cycle-feature-table
1717,160.91775666666666,108.83058033333334,1.947128,2569.7727,6.480511666666667,35.80426666666666,0.5381166666666667,100.0,完全正常,normal,73.0,接近故障,critical,1.0,弱泄漏,degraded,130.0,最佳压力,normal,0,稳定,2,临界,2,False,route_maintenance_review,public-derived-cycle-feature-table
1718,160.91546166666666,108.84560016666667,1.929262,2567.6458666666667,6.481088333333334,35.810849999999995,0.53455,100.0,完全正常,normal,73.0,接近故障,critical,1.0,弱泄漏,degraded,130.0,最佳压力,normal,0,稳定,2,临界,2,False,route_maintenance_review,public-derived-cycle-feature-table
1719,160.91883333333334,108.85436966666667,1.9246783333333333,2569.2675666666664,6.48647,35.82536666666666,0.53305,100.0,完全正常,normal,73.0,接近故障,critical,1.0,弱泄漏,degraded,130.0,最佳压力,normal,0,稳定,2,临界,2,False,route_maintenance_review,public-derived-cycle-feature-table
1720,160.90485833333335,108.83493033333335,1.9323333333333332,2571.1728333333335,6.486586666666667,35.85203333333333,0.53305,100.0,完全正常,normal,73.0,接近故障,critical,1.0,弱泄漏,degraded,130.0,最佳压力,normal,0,稳定,2,临界,2,False,route_maintenance_review,public-derived-cycle-feature-table
1721,160.91459833333334,108.83147566666668,1.9350285,2570.4685,6.482575,35.86101666666668,0.5389833333333333,100.0,完全正常,normal,73.0,接近故障,critical,1.0,弱泄漏,degraded,130.0,最佳压力,normal,0,稳定,2,临界,2,False,route_maintenance_review,public-derived-cycle-feature-table
1722,160.88914,108.81543049999998,1.9330884999999998,2567.7260666666666,6.4882116666666665,35.866049999999994,0.5397166666666667,100.0,完全正常,normal,73.0,接近故障,critical,1.0,弱泄漏,degraded,130.0,最佳压力,normal,0,稳定,2,临界,2,False,route_maintenance_review,public-derived-cycle-feature-table
1723,160.91340166666666,108.86078549999999,1.9369135,2564.9943000000003,6.4799299999999995,35.88300000000001,0.5393333333333333,100.0,完全正常,normal,73.0,接近故障,critical,1.0,弱泄漏,degraded,130.0,最佳压力,normal,0,稳定,2,临界,2,False,route_maintenance_review,public-derived-cycle-feature-table
1724,160.88568500000002,108.8110825,1.9391859999999996,2566.1658333333335,6.492123333333333,35.88763333333334,0.5311666666666668,100.0,完全正常,normal,73.0,接近故障,critical,1.0,弱泄漏,degraded,130.0,最佳压力,normal,0,稳定,2,临界,2,False,route_maintenance_review,public-derived-cycle-feature-table
1725,160.90746166666668,108.84972499999999,1.9439206666666669,2568.565,6.484415,35.88983333333333,0.6431000000000001,100.0,完全正常,normal,73.0,接近故障,critical,1.0,弱泄漏,degraded,130.0,最佳压力,normal,0,稳定,2,临界,2,False,route_maintenance_review,public-derived-cycle-feature-table
1726,160.92878166666665,108.8531805,1.9461813333333333,2569.2173999999995,6.4937483333333335,35.85651666666666,0.5294333333333333,100.0,完全正常,normal,73.0,接近故障,critical,1.0,弱泄漏,degraded,130.0,最佳压力,normal,0,稳定,2,临界,2,False,route_maintenance_review,public-derived-cycle-feature-table
1727,160.79926333333336,109.06447800000001,1.9439573333333335,2568.7736,6.513843333333333,35.867116666666675,0.5317333333333334,100.0,完全正常,normal,80.0,严重滞后,critical,1.0,弱泄漏,degraded,130.0,最佳压力,normal,0,稳定,2,临界,2,False,route_maintenance_review,public-derived-cycle-feature-table
1728,160.79770166666665,109.06298566666669,1.9346124999999998,2555.2044,6.50745,35.86851666666667,0.53705,100.0,完全正常,normal,80.0,严重滞后,critical,1.0,弱泄漏,degraded,130.0,最佳压力,normal,0,稳定,2,临界,2,False,route_maintenance_review,public-derived-cycle-feature-table
1729,160.79466166666666,109.045076,1.9367561666666666,2553.8892,6.503968333333334,35.880900000000004,0.5384666666666666,100.0,完全正常,normal,80.0,严重滞后,critical,1.0,弱泄漏,degraded,130.0,最佳压力,normal,0,稳定,2,临界,2,False,route_maintenance_review,public-derived-cycle-feature-table
1730,160.7905,109.0707765,1.9446816666666666,2554.600433333333,6.508284999999999,35.88813333333334,0.534,100.0,完全正常,normal,80.0,严重滞后,critical,1.0,弱泄漏,degraded,130.0,最佳压力,normal,0,稳定,2,临界,2,False,route_maintenance_review,public-derived-cycle-feature-table
1731,160.78383833333334,109.0784765,1.9366380000000003,2554.010233333333,6.510336666666667,35.896499999999996,0.5391666666666666,100.0,完全正常,normal,80.0,严重滞后,critical,1.0,弱泄漏,degraded,130.0,最佳压力,normal,0,稳定,2,临界,2,False,route_maintenance_review,public-derived-cycle-feature-table
1732,160.77103166666666,109.05425216666667,1.9355123333333335,2553.7403,6.5005049999999995,35.8974,0.5428333333333334,100.0,完全正常,normal,80.0,严重滞后,critical,1.0,弱泄漏,degraded,130.0,最佳压力,normal,0,稳定,2,临界,2,False,route_maintenance_review,public-derived-cycle-feature-table
1733,160.78119833333332,109.05747933333332,1.945155,2552.6345333333334,6.512133333333333,35.906299999999995,0.5460833333333334,100.0,完全正常,normal,80.0,严重滞后,critical,1.0,弱泄漏,degraded,130.0,最佳压力,normal,0,稳定,2,临界,2,False,route_maintenance_review,public-derived-cycle-feature-table
1734,160.76856,109.05805699999999,1.9532358333333335,2552.1335666666664,6.506413333333334,35.90585000000001,0.5432333333333335,100.0,完全正常,normal,80.0,严重滞后,critical,1.0,弱泄漏,degraded,130.0,最佳压力,normal,0,稳定,2,临界,2,False,route_maintenance_review,public-derived-cycle-feature-table
1735,160.77980166666669,109.06733566666666,1.9417266666666668,2553.7317,6.5112950000000005,35.916033333333324,0.5508333333333334,100.0,完全正常,normal,80.0,严重滞后,critical,1.0,弱泄漏,degraded,130.0,最佳压力,normal,0,稳定,2,临界,2,False,route_maintenance_review,public-derived-cycle-feature-table
1736,160.78558666666666,109.057538,1.950234,2553.872033333333,6.509341666666667,35.9359,0.5386833333333333,100.0,完全正常,normal,80.0,严重滞后,critical,1.0,弱泄漏,degraded,130.0,最佳压力,normal,0,稳定,2,临界,2,False,route_maintenance_review,public-derived-cycle-feature-table
1737,160.720045,109.283603,1.9535268333333333,2551.248733333333,6.529171666666667,35.944833333333335,0.5437,100.0,完全正常,normal,90.0,轻微滞后,degraded,1.0,弱泄漏,degraded,130.0,最佳压力,normal,0,稳定,1,退化,2,False,route_maintenance_review,public-derived-cycle-feature-table
1738,160.70183833333334,109.27798250000001,1.9547925000000002,2552.0589333333332,6.529588333333333,35.947583333333334,0.5456666666666667,100.0,完全正常,normal,90.0,轻微滞后,degraded,1.0,弱泄漏,degraded,130.0,最佳压力,normal,0,稳定,1,退化,2,False,route_maintenance_review,public-derived-cycle-feature-table
1739,160.662945,109.24687483333335,1.9604631666666665,2550.608333333333,6.525969999999999,35.93951666666667,0.5464833333333333,100.0,完全正常,normal,90.0,轻微滞后,degraded,1.0,弱泄漏,degraded,130.0,最佳压力,normal,0,稳定,1,退化,2,False,route_maintenance_review,public-derived-cycle-feature-table
1740,160.68546,109.26012533333335,1.957248,2550.898533333333,6.524293333333333,35.943999999999996,0.5432,100.0,完全正常,normal,90.0,轻微滞后,degraded,1.0,弱泄漏,degraded,130.0,最佳压力,normal,0,稳定,1,退化,2,False,route_maintenance_review,public-derived-cycle-feature-table
1741,160.68666333333334,109.28470516666667,1.9615600000000002,2550.548833333333,6.522431666666666,35.94293333333334,0.5417166666666666,100.0,完全正常,normal,90.0,轻微滞后,degraded,1.0,弱泄漏,degraded,130.0,最佳压力,normal,0,稳定,1,退化,2,False,route_maintenance_review,public-derived-cycle-feature-table
1742,160.67798666666664,109.23737533333335,1.9537646666666666,2550.5208333333335,6.519828333333333,35.955616666666664,0.5425500000000001,100.0,完全正常,normal,90.0,轻微滞后,degraded,1.0,弱泄漏,degraded,130.0,最佳压力,normal,0,稳定,1,退化,2,False,route_maintenance_review,public-derived-cycle-feature-table
1743,160.683775,109.24148233333335,1.957331,2550.782433333333,6.5220866666666675,35.96028333333334,0.5469166666666666,100.0,完全正常,normal,90.0,轻微滞后,degraded,1.0,弱泄漏,degraded,130.0,最佳压力,normal,0,稳定,1,退化,2,False,route_maintenance_review,public-derived-cycle-feature-table
1744,160.68281166666665,109.23500333333334,1.9661239999999998,2550.211033333333,6.523390000000001,35.97231666666666,0.5443499999999999,100.0,完全正常,normal,90.0,轻微滞后,degraded,1.0,弱泄漏,degraded,130.0,最佳压力,normal,0,稳定,1,退化,2,False,route_maintenance_review,public-derived-cycle-feature-table
1745,160.69470333333334,109.2589155,1.9519099999999998,2551.2639666666664,6.521731666666668,35.96275000000001,0.5452499999999999,100.0,完全正常,normal,90.0,轻微滞后,degraded,1.0,弱泄漏,degraded,130.0,最佳压力,normal,0,稳定,1,退化,2,False,route_maintenance_review,public-derived-cycle-feature-table
1746,160.70479833333334,109.26074166666668,1.9535603333333336,2551.426633333333,6.523568333333333,35.96511666666667,0.5468333333333334,100.0,完全正常,normal,90.0,轻微滞后,degraded,1.0,弱泄漏,degraded,130.0,最佳压力,normal,0,稳定,1,退化,2,False,route_maintenance_review,public-derived-cycle-feature-table
1747,160.625985,109.37759000000001,1.9651461666666667,2550.9251999999997,6.52694,35.96086666666666,0.5529166666666666,100.0,完全正常,normal,100.0,最佳状态,normal,1.0,弱泄漏,degraded,130.0,最佳压力,normal,0,稳定,1,退化,1,False,route_maintenance_review,public-derived-cycle-feature-table
1748,160.64771833333333,109.42213933333333,1.9573773333333333,2551.794766666667,6.533341666666667,35.973683333333334,0.5503833333333332,100.0,完全正常,normal,100.0,最佳状态,normal,1.0,弱泄漏,degraded,130.0,最佳压力,normal,0,稳定,1,退化,1,False,route_maintenance_review,public-derived-cycle-feature-table
1749,160.65796,109.41523099999999,1.9527183333333336,2554.0308999999997,6.535333333333333,35.984433333333335,0.5527833333333333,100.0,完全正常,normal,100.0,最佳状态,normal,1.0,弱泄漏,degraded,130.0,最佳压力,normal,0,稳定,1,退化,1,False,route_maintenance_review,public-derived-cycle-feature-table
1750,160.65231,109.4179955,1.9533516666666668,2551.4557,6.519636666666666,35.9722,0.5491333333333334,100.0,完全正常,normal,100.0,最佳状态,normal,1.0,弱泄漏,degraded,130.0,最佳压力,normal,0,稳定,1,退化,1,False,route_maintenance_review,public-derived-cycle-feature-table
1751,160.62183333333334,109.388931,1.9534733333333334,2547.9009666666666,6.51349,35.988350000000004,0.5530833333333333,100.0,完全正常,normal,100.0,最佳状态,normal,1.0,弱泄漏,degraded,130.0,最佳压力,normal,0,稳定,1,退化,1,False,route_maintenance_review,public-derived-cycle-feature-table
1752,160.62179,109.40833799999999,1.9608103333333335,2550.0303666666664,6.5235899999999996,35.98363333333334,0.5467000000000001,100.0,完全正常,normal,100.0,最佳状态,normal,1.0,弱泄漏,degraded,130.0,最佳压力,normal,0,稳定,1,退化,1,False,route_maintenance_review,public-derived-cycle-feature-table
1753,160.61828333333332,109.37524116666665,1.9528354999999997,2549.841833333333,6.528968333333334,35.98578333333332,0.5570333333333333,100.0,完全正常,normal,100.0,最佳状态,normal,1.0,弱泄漏,degraded,130.0,最佳压力,normal,0,稳定,1,退化,1,False,route_maintenance_review,public-derived-cycle-feature-table
1754,160.60765666666666,109.38229583333333,1.952381666666667,2549.5205,6.517473333333333,35.98075000000001,0.5478833333333333,100.0,完全正常,normal,100.0,最佳状态,normal,1.0,弱泄漏,degraded,130.0,最佳压力,normal,0,稳定,1,退化,1,False,route_maintenance_review,public-derived-cycle-feature-table
1755,160.62113333333332,109.37924333333332,1.948234,2548.8871999999997,6.530918333333332,36.00583333333334,0.5536666666666666,100.0,完全正常,normal,100.0,最佳状态,normal,1.0,弱泄漏,degraded,130.0,最佳压力,normal,0,稳定,1,退化,1,False,route_maintenance_review,public-derived-cycle-feature-table
1756,160.64909833333334,109.41456516666668,1.9470515000000002,2550.2781333333332,6.516466666666667,36.01336666666667,0.5490166666666666,100.0,完全正常,normal,100.0,最佳状态,normal,1.0,弱泄漏,degraded,130.0,最佳压力,normal,0,稳定,1,退化,1,False,route_maintenance_review,public-derived-cycle-feature-table
1757,161.03402666666668,109.66355683333333,2.001585,2540.360233333333,6.709458333333333,36.02588333333334,0.5513333333333333,100.0,完全正常,normal,100.0,最佳状态,normal,0.0,无泄漏,normal,130.0,最佳压力,normal,1,未稳定,0,正常,0,False,route_maintenance_review,public-derived-cycle-feature-table
1758,161.27117666666666,109.04850383333334,1.9841088333333334,2541.6453666666666,6.667253333333333,36.03393333333334,0.5444666666666667,100.0,完全正常,normal,73.0,接近故障,critical,0.0,无泄漏,normal,130.0,最佳压力,normal,0,稳定,2,临界,1,False,route_maintenance_review,public-derived-cycle-feature-table
1759,161.28262833333335,109.05318733333333,1.9824058333333336,2539.2766333333334,6.662100000000001,36.05306666666666,0.5572333333333332,100.0,完全正常,normal,73.0,接近故障,critical,0.0,无泄漏,normal,130.0,最佳压力,normal,0,稳定,2,临界,1,False,route_maintenance_review,public-derived-cycle-feature-table
1760,161.266775,109.07431416666667,1.9924213333333334,2538.1924666666664,6.658533333333333,36.076116666666664,0.5507000000000001,100.0,完全正常,normal,73.0,接近故障,critical,0.0,无泄漏,normal,130.0,最佳压力,normal,0,稳定,2,临界,1,False,route_maintenance_review,public-derived-cycle-feature-table
1761,161.266635,109.03931883333333,1.999694,2537.9300999999996,6.661266666666667,36.09116666666667,0.5489999999999999,100.0,完全正常,normal,73.0,接近故障,critical,0.0,无泄漏,normal,130.0,最佳压力,normal,0,稳定,2,临界,1,False,route_maintenance_review,public-derived-cycle-feature-table
1762,161.26285499999997,109.03934266666667,2.013931,2537.693033333333,6.673498333333334,36.1098,0.5481,100.0,完全正常,normal,73.0,接近故障,critical,0.0,无泄漏,normal,130.0,最佳压力,normal,0,稳定,2,临界,1,False,route_maintenance_review,public-derived-cycle-feature-table
1763,161.25875333333335,109.034579,2.0043895,2536.896233333333,6.659253333333333,36.11815,0.5509833333333334,100.0,完全正常,normal,73.0,接近故障,critical,0.0,无泄漏,normal,130.0,最佳压力,normal,0,稳定,2,临界,1,False,route_maintenance_review,public-derived-cycle-feature-table
1764,161.27251166666667,109.04186999999999,1.9999005,2536.9858666666664,6.665980000000001,36.12058333333333,0.5551333333333335,100.0,完全正常,normal,73.0,接近故障,critical,0.0,无泄漏,normal,130.0,最佳压力,normal,0,稳定,2,临界,1,False,route_maintenance_review,public-derived-cycle-feature-table
1765,161.27221666666665,109.0672495,1.995312,2538.895433333333,6.662286666666667,36.11973333333333,0.5437666666666666,100.0,完全正常,normal,73.0,接近故障,critical,0.0,无泄漏,normal,130.0,最佳压力,normal,0,稳定,2,临界,1,False,route_maintenance_review,public-derived-cycle-feature-table
1766,161.259955,109.07619383333332,1.9947765,2538.7762,6.666943333333333,36.141533333333335,0.5480833333333331,100.0,完全正常,normal,73.0,接近故障,critical,0.0,无泄漏,normal,130.0,最佳压力,normal,0,稳定,2,临界,1,False,route_maintenance_review,public-derived-cycle-feature-table
1767,161.27280666666667,109.06796916666666,1.9954699999999999,2539.6312,6.664528333333333,36.152366666666666,0.5580166666666667,100.0,完全正常,normal,73.0,接近故障,critical,0.0,无泄漏,normal,130.0,最佳压力,normal,0,稳定,2,临界,1,False,route_maintenance_review,public-derived-cycle-feature-table
1768,161.16646,109.32100033333333,1.999843666666667,2537.5433333333335,6.695060000000001,36.169066666666666,0.5503666666666667,100.0,完全正常,normal,80.0,严重滞后,critical,0.0,无泄漏,normal,130.0,最佳压力,normal,0,稳定,2,临界,1,False,route_maintenance_review,public-derived-cycle-feature-table
1769,161.15474333333333,109.30292533333333,1.9970363333333334,2536.6966666666663,6.691998333333332,36.1566,0.5475166666666667,100.0,完全正常,normal,80.0,严重滞后,critical,0.0,无泄漏,normal,130.0,最佳压力,normal,0,稳定,2,临界,1,False,route_maintenance_review,public-derived-cycle-feature-table
1770,161.1613066666667,109.3020045,2.0012768333333333,2536.4330666666665,6.696151666666665,36.171683333333334,0.5494666666666668,100.0,完全正常,normal,80.0,严重滞后,critical,0.0,无泄漏,normal,130.0,最佳压力,normal,0,稳定,2,临界,1,False,route_maintenance_review,public-derived-cycle-feature-table
1771,161.17882,109.29586183333335,2.000362,2535.3332666666665,6.696546666666666,36.177116666666656,0.5565166666666668,100.0,完全正常,normal,80.0,严重滞后,critical,0.0,无泄漏,normal,130.0,最佳压力,normal,0,稳定,2,临界,1,False,route_maintenance_review,public-derived-cycle-feature-table
1772,161.16064333333335,109.29583116666666,1.9828116666666664,2534.449633333333,6.694055,36.1789,0.5565333333333334,100.0,完全正常,normal,80.0,严重滞后,critical,0.0,无泄漏,normal,130.0,最佳压力,normal,0,稳定,2,临界,1,False,route_maintenance_review,public-derived-cycle-feature-table
1773,161.17512666666667,109.318922,1.9849994999999998,2535.4077666666667,6.692538333333333,36.19148333333333,0.5456333333333333,100.0,完全正常,normal,80.0,严重滞后,critical,0.0,无泄漏,normal,130.0,最佳压力,normal,0,稳定,2,临界,1,False,route_maintenance_review,public-derived-cycle-feature-table
1774,161.17743833333333,109.31458133333332,1.9912691666666666,2537.5503,6.6946433333333335,36.18968333333334,0.5528666666666667,100.0,完全正常,normal,80.0,严重滞后,critical,0.0,无泄漏,normal,130.0,最佳压力,normal,0,稳定,2,临界,1,False,route_maintenance_review,public-derived-cycle-feature-table
1775,161.167375,109.29803633333333,1.9887146666666669,2540.1195,6.692356666666666,36.194316666666666,0.5470333333333334,100.0,完全正常,normal,80.0,严重滞后,critical,0.0,无泄漏,normal,130.0,最佳压力,normal,0,稳定,2,临界,1,False,route_maintenance_review,public-derived-cycle-feature-table
1776,161.16567833333332,109.30262966666668,1.9990896666666667,2542.2945,6.69372,36.20550000000001,0.5464666666666667,100.0,完全正常,normal,80.0,严重滞后,critical,0.0,无泄漏,normal,130.0,最佳压力,normal,0,稳定,2,临界,1,False,route_maintenance_review,public-derived-cycle-feature-table
1777,161.13687833333333,109.28469633333333,2.002338,2544.108333333333,6.69373,36.201649999999994,0.5454000000000001,100.0,完全正常,normal,80.0,严重滞后,critical,0.0,无泄漏,normal,130.0,最佳压力,normal,0,稳定,2,临界,1,False,route_maintenance_review,public-derived-cycle-feature-table
1778,161.05797833333332,109.49362633333334,2.0171718333333333,2542.3048999999996,6.707283333333334,36.2284,0.5443666666666668,100.0,完全正常,normal,90.0,轻微滞后,degraded,0.0,无泄漏,normal,130.0,最佳压力,normal,0,稳定,1,退化,1,False,route_maintenance_review,public-derived-cycle-feature-table
1779,161.07913166666668,109.51478816666668,2.0075911666666664,2542.716,6.708165,36.22828333333334,0.5477666666666666,100.0,完全正常,normal,90.0,轻微滞后,degraded,0.0,无泄漏,normal,130.0,最佳压力,normal,0,稳定,1,退化,1,False,route_maintenance_review,public-derived-cycle-feature-table
1780,161.06916666666666,109.48251433333334,2.0071161666666666,2540.2795666666666,6.708291666666668,36.24415,0.5468833333333334,100.0,完全正常,normal,90.0,轻微滞后,degraded,0.0,无泄漏,normal,130.0,最佳压力,normal,0,稳定,1,退化,1,False,route_maintenance_review,public-derived-cycle-feature-table
1781,161.0573633333333,109.46315066666668,2.0075438333333335,2537.9357,6.70642,36.23743333333333,0.5485666666666666,100.0,完全正常,normal,90.0,轻微滞后,degraded,0.0,无泄漏,normal,130.0,最佳压力,normal,0,稳定,1,退化,1,False,route_maintenance_review,public-derived-cycle-feature-table
1782,161.06112333333334,109.48120433333334,1.998136,2538.440433333333,6.7090216666666675,36.225516666666664,0.5496166666666668,100.0,完全正常,normal,90.0,轻微滞后,degraded,0.0,无泄漏,normal,130.0,最佳压力,normal,0,稳定,1,退化,1,False,route_maintenance_review,public-derived-cycle-feature-table
1783,161.03752666666665,109.47160099999998,1.9999923333333336,2538.8588999999997,6.70538,36.23446666666666,0.5571166666666667,100.0,完全正常,normal,90.0,轻微滞后,degraded,0.0,无泄漏,normal,130.0,最佳压力,normal,0,稳定,1,退化,1,False,route_maintenance_review,public-derived-cycle-feature-table
1784,161.05992833333332,109.502388,1.9985606666666669,2537.152133333333,6.705016666666667,36.23588333333334,0.5522500000000001,100.0,完全正常,normal,90.0,轻微滞后,degraded,0.0,无泄漏,normal,130.0,最佳压力,normal,0,稳定,1,退化,1,False,route_maintenance_review,public-derived-cycle-feature-table
1785,161.06345166666665,109.50949466666668,1.9991598333333331,2538.2729666666664,6.708116666666666,36.2273,0.5432166666666667,100.0,完全正常,normal,90.0,轻微滞后,degraded,0.0,无泄漏,normal,130.0,最佳压力,normal,0,稳定,1,退化,1,False,route_maintenance_review,public-derived-cycle-feature-table
1786,161.05212166666666,109.48721949999998,2.0051403333333333,2537.713533333333,6.703413333333334,36.21248333333333,0.54955,100.0,完全正常,normal,90.0,轻微滞后,degraded,0.0,无泄漏,normal,130.0,最佳压力,normal,0,稳定,1,退化,1,False,route_maintenance_review,public-derived-cycle-feature-table
1787,161.05556666666666,109.48227633333335,2.004977333333333,2538.375933333333,6.705741666666667,36.24054999999999,0.5500666666666667,100.0,完全正常,normal,90.0,轻微滞后,degraded,0.0,无泄漏,normal,130.0,最佳压力,normal,0,稳定,1,退化,1,False,route_maintenance_review,public-derived-cycle-feature-table
1788,161.01096166666667,109.63508816666668,1.9976808333333331,2539.0661333333333,6.7006033333333335,36.255449999999996,0.5505666666666666,100.0,完全正常,normal,100.0,最佳状态,normal,0.0,无泄漏,normal,130.0,最佳压力,normal,0,稳定,0,正常,0,False,route_maintenance_review,public-derived-cycle-feature-table
1789,161.01089166666665,109.63387016666665,1.9967553333333332,2536.7674333333334,6.715363333333333,36.25856666666666,0.5582333333333334,100.0,完全正常,normal,100.0,最佳状态,normal,0.0,无泄漏,normal,130.0,最佳压力,normal,0,稳定,0,正常,0,False,route_maintenance_review,public-derived-cycle-feature-table
1790,160.99623,109.61976000000001,1.9965741666666665,2533.853733333333,6.714625000000001,36.25521666666667,0.5452166666666667,100.0,完全正常,normal,100.0,最佳状态,normal,0.0,无泄漏,normal,130.0,最佳压力,normal,0,稳定,0,正常,0,False,route_maintenance_review,public-derived-cycle-feature-table
1791,160.99547,109.62824183333335,1.9959318333333333,2532.3059666666663,6.711988333333332,36.26379999999999,0.5503833333333332,100.0,完全正常,normal,100.0,最佳状态,normal,0.0,无泄漏,normal,130.0,最佳压力,normal,0,稳定,0,正常,0,False,route_maintenance_review,public-derived-cycle-feature-table
1792,160.995915,109.616655,1.9902460000000002,2531.4423333333334,6.719341666666666,36.271416666666674,0.55835,100.0,完全正常,normal,100.0,最佳状态,normal,0.0,无泄漏,normal,130.0,最佳压力,normal,0,稳定,0,正常,0,False,route_maintenance_review,public-derived-cycle-feature-table
1793,160.97973666666667,109.6016325,2.0034435,2531.4000333333333,6.694871666666666,36.28958333333333,0.5537500000000001,100.0,完全正常,normal,100.0,最佳状态,normal,0.0,无泄漏,normal,130.0,最佳压力,normal,0,稳定,0,正常,0,False,route_maintenance_review,public-derived-cycle-feature-table
1794,161.000865,109.612488,1.9998663333333333,2530.3535333333334,6.698801666666666,36.29938333333333,0.5554333333333333,100.0,完全正常,normal,100.0,最佳状态,normal,0.0,无泄漏,normal,130.0,最佳压力,normal,0,稳定,0,正常,0,False,route_maintenance_review,public-derived-cycle-feature-table
1795,160.991895,109.59694983333334,2.000637,2531.1295,6.712548333333334,36.31105,0.5551833333333334,100.0,完全正常,normal,100.0,最佳状态,normal,0.0,无泄漏,normal,130.0,最佳压力,normal,0,稳定,0,正常,0,False,route_maintenance_review,public-derived-cycle-feature-table
1796,161.00595666666666,109.62272916666667,1.998913,2535.166933333333,6.701888333333334,36.30121666666666,0.54635,100.0,完全正常,normal,100.0,最佳状态,normal,0.0,无泄漏,normal,130.0,最佳压力,normal,0,稳定,0,正常,0,False,route_maintenance_review,public-derived-cycle-feature-table
1797,161.01298833333334,109.61325466666665,2.0090895,2536.423733333333,6.712688333333333,36.30741666666666,0.5488500000000001,100.0,完全正常,normal,100.0,最佳状态,normal,0.0,无泄漏,normal,130.0,最佳压力,normal,0,稳定,0,正常,0,False,route_maintenance_review,public-derived-cycle-feature-table
1798,160.857425,109.51073416666667,1.998783,2538.802933333333,6.705025,36.26075,0.54415,100.0,完全正常,normal,100.0,最佳状态,normal,0.0,无泄漏,normal,115.0,轻微降低,degraded,1,未稳定,1,退化,1,False,route_maintenance_review,public-derived-cycle-feature-table
1799,160.9148083333333,109.52146133333333,1.9907048333333333,2537.986733333333,6.695335,36.27138333333333,0.5424833333333333,100.0,完全正常,normal,100.0,最佳状态,normal,0.0,无泄漏,normal,115.0,轻微降低,degraded,1,未稳定,1,退化,1,False,route_maintenance_review,public-derived-cycle-feature-table
1800,160.89263666666668,109.50727883333334,1.9848651666666666,2535.2285999999995,6.692268333333333,36.2753,0.5523166666666666,100.0,完全正常,normal,100.0,最佳状态,normal,0.0,无泄漏,normal,115.0,轻微降低,degraded,1,未稳定,1,退化,1,False,route_maintenance_review,public-derived-cycle-feature-table
1801,160.90776666666667,109.50560066666668,1.9993799999999997,2532.9862,6.69128,36.28209999999999,0.54995,100.0,完全正常,normal,100.0,最佳状态,normal,0.0,无泄漏,normal,115.0,轻微降低,degraded,1,未稳定,1,退化,1,False,route_maintenance_review,public-derived-cycle-feature-table
1802,160.898485,109.49751966666668,2.0041898333333332,2532.9421666666667,6.70447,36.28391666666666,0.5498833333333334,100.0,完全正常,normal,100.0,最佳状态,normal,0.0,无泄漏,normal,115.0,轻微降低,degraded,1,未稳定,1,退化,1,False,route_maintenance_review,public-derived-cycle-feature-table
1803,160.88241833333333,109.49026233333333,1.9917805000000002,2535.334233333333,6.69193,36.30031666666667,0.5465333333333333,100.0,完全正常,normal,100.0,最佳状态,normal,0.0,无泄漏,normal,115.0,轻微降低,degraded,1,未稳定,1,退化,1,False,route_maintenance_review,public-derived-cycle-feature-table
1804,160.91112333333334,109.50248300000001,1.9970143333333332,2535.3131,6.693606666666667,36.28925,0.5462333333333332,100.0,完全正常,normal,100.0,最佳状态,normal,0.0,无泄漏,normal,115.0,轻微降低,degraded,1,未稳定,1,退化,1,False,route_maintenance_review,public-derived-cycle-feature-table
1805,160.90962666666667,109.51749216666668,2.0004055,2536.9892,6.695364999999999,36.28966666666666,0.5439,100.0,完全正常,normal,100.0,最佳状态,normal,0.0,无泄漏,normal,115.0,轻微降低,degraded,1,未稳定,1,退化,1,False,route_maintenance_review,public-derived-cycle-feature-table
1806,160.91163333333333,109.536507,1.9982236666666668,2537.8973666666666,6.6930250000000004,36.2976,0.5466666666666667,100.0,完全正常,normal,100.0,最佳状态,normal,0.0,无泄漏,normal,115.0,轻微降低,degraded,1,未稳定,1,退化,1,False,route_maintenance_review,public-derived-cycle-feature-table
1807,160.89438833333332,109.51643883333334,1.9991041666666667,2536.757733333333,6.702406666666667,36.32145,0.5442166666666667,100.0,完全正常,normal,100.0,最佳状态,normal,0.0,无泄漏,normal,115.0,轻微降低,degraded,1,未稳定,1,退化,1,False,route_maintenance_review,public-derived-cycle-feature-table
1808,160.25722333333334,109.04959066666666,1.9170194999999997,2561.439233333333,6.42856,36.300549999999994,0.5387333333333333,100.0,完全正常,normal,100.0,最佳状态,normal,2.0,严重泄漏,critical,115.0,轻微降低,degraded,1,未稳定,2,临界,2,False,route_maintenance_review,public-derived-cycle-feature-table
1809,160.43035833333332,108.43124516666666,1.9109286666666667,2564.1449666666663,6.386690000000001,36.2625,0.54925,100.0,完全正常,normal,73.0,接近故障,critical,2.0,严重泄漏,critical,115.0,轻微降低,degraded,0,稳定,2,临界,3,False,route_maintenance_review,public-derived-cycle-feature-table
1810,160.44954166666668,108.457448,1.9138983333333333,2563.9538666666663,6.384018333333334,36.239000000000004,0.54355,100.0,完全正常,normal,73.0,接近故障,critical,2.0,严重泄漏,critical,115.0,轻微降低,degraded,0,稳定,2,临界,3,False,route_maintenance_review,public-derived-cycle-feature-table
1811,160.45427166666667,108.45244983333333,1.9200768333333331,2564.4554000000003,6.376931666666666,36.20743333333334,0.5451833333333334,100.0,完全正常,normal,73.0,接近故障,critical,2.0,严重泄漏,critical,115.0,轻微降低,degraded,0,稳定,2,临界,3,False,route_maintenance_review,public-derived-cycle-feature-table
1812,160.45248666666666,108.43230766666667,1.9041273333333335,2561.4791333333333,6.380848333333334,36.19121666666667,0.5463333333333333,100.0,完全正常,normal,73.0,接近故障,critical,2.0,严重泄漏,critical,115.0,轻微降低,degraded,0,稳定,2,临界,3,False,route_maintenance_review,public-derived-cycle-feature-table
1813,160.44127333333333,108.41434816666666,1.9065568333333334,2560.502433333333,6.37917,36.193783333333336,0.5493333333333333,100.0,完全正常,normal,73.0,接近故障,critical,2.0,严重泄漏,critical,115.0,轻微降低,degraded,0,稳定,2,临界,3,False,route_maintenance_review,public-derived-cycle-feature-table
1814,160.44643166666665,108.4189415,1.896554,2560.478666666667,6.370888333333334,36.193633333333324,0.5451833333333334,100.0,完全正常,normal,73.0,接近故障,critical,2.0,严重泄漏,critical,115.0,轻微降低,degraded,0,稳定,2,临界,3,False,route_maintenance_review,public-derived-cycle-feature-table
1815,160.45888,108.43768183333333,1.9023045000000003,2560.0022999999997,6.37334,36.1942,0.55285,100.0,完全正常,normal,73.0,接近故障,critical,2.0,严重泄漏,critical,115.0,轻微降低,degraded,0,稳定,2,临界,3,False,route_maintenance_review,public-derived-cycle-feature-table
1816,160.45109333333335,108.44562133333334,1.903871,2560.2370666666666,6.381403333333333,36.194066666666664,0.5470833333333334,100.0,完全正常,normal,73.0,接近故障,critical,2.0,严重泄漏,critical,115.0,轻微降低,degraded,0,稳定,2,临界,3,False,route_maintenance_review,public-derived-cycle-feature-table
1817,160.43302833333334,108.43659166666666,1.8993596666666666,2560.0441,6.376551666666667,36.193149999999996,0.5487000000000001,100.0,完全正常,normal,73.0,接近故障,critical,2.0,严重泄漏,critical,115.0,轻微降低,degraded,0,稳定,2,临界,3,False,route_maintenance_review,public-derived-cycle-feature-table
1818,160.45117166666665,108.44413366666664,1.9032708333333332,2560.1691,6.375308333333334,36.224700000000006,0.5422166666666667,100.0,完全正常,normal,73.0,接近故障,critical,2.0,严重泄漏,critical,115.0,轻微降低,degraded,0,稳定,2,临界,3,False,route_maintenance_review,public-derived-cycle-feature-table
1819,160.33762833333333,108.68281949999998,1.9192308333333334,2558.833,6.40172,36.23385,0.5407333333333334,100.0,完全正常,normal,80.0,严重滞后,critical,2.0,严重泄漏,critical,115.0,轻微降低,degraded,0,稳定,2,临界,3,False,route_maintenance_review,public-derived-cycle-feature-table
1820,160.3213483333333,108.67948816666667,1.9197845,2558.5852333333332,6.4066366666666665,36.23431666666667,0.5486833333333333,100.0,完全正常,normal,80.0,严重滞后,critical,2.0,严重泄漏,critical,115.0,轻微降低,degraded,0,稳定,2,临界,3,False,route_maintenance_review,public-derived-cycle-feature-table
1821,160.32036499999998,108.68905599999998,1.9117601666666666,2558.3344666666667,6.4064766666666655,36.25591666666667,0.5434333333333333,100.0,完全正常,normal,80.0,严重滞后,critical,2.0,严重泄漏,critical,115.0,轻微降低,degraded,0,稳定,2,临界,3,False,route_maintenance_review,public-derived-cycle-feature-table
1822,160.32425833333332,108.70312566666666,1.9196031666666669,2558.506966666667,6.403858333333333,36.26531666666666,0.54015,100.0,完全正常,normal,80.0,严重滞后,critical,2.0,严重泄漏,critical,115.0,轻微降低,degraded,0,稳定,2,临界,3,False,route_maintenance_review,public-derived-cycle-feature-table
1823,160.34706666666668,108.70293166666666,1.9202373333333331,2558.7458333333334,6.406748333333334,36.2626,0.5404,100.0,完全正常,normal,80.0,严重滞后,critical,2.0,严重泄漏,critical,115.0,轻微降低,degraded,0,稳定,2,临界,3,False,route_maintenance_review,public-derived-cycle-feature-table
1824,160.315775,108.67291883333334,1.9167755,2557.4564666666665,6.407775,36.285650000000004,0.5425,100.0,完全正常,normal,80.0,严重滞后,critical,2.0,严重泄漏,critical,115.0,轻微降低,degraded,0,稳定,2,临界,3,False,route_maintenance_review,public-derived-cycle-feature-table
1825,160.34560333333334,108.68790233333335,1.9181491666666668,2556.1112,6.408138333333333,36.301500000000004,0.5540666666666667,100.0,完全正常,normal,80.0,严重滞后,critical,2.0,严重泄漏,critical,115.0,轻微降低,degraded,0,稳定,2,临界,3,False,route_maintenance_review,public-derived-cycle-feature-table
1826,160.33764833333333,108.68163199999998,1.9288491666666665,2556.6495666666665,6.405071666666668,36.308350000000004,0.5396333333333333,100.0,完全正常,normal,80.0,严重滞后,critical,2.0,严重泄漏,critical,115.0,轻微降低,degraded,0,稳定,2,临界,3,False,route_maintenance_review,public-derived-cycle-feature-table
1827,160.34960166666667,108.66754266666668,1.9167360000000002,2556.954533333333,6.406783333333334,36.31713333333333,0.5434166666666667,100.0,完全正常,normal,80.0,严重滞后,critical,2.0,严重泄漏,critical,115.0,轻微降低,degraded,0,稳定,2,临界,3,False,route_maintenance_review,public-derived-cycle-feature-table
1828,160.34595833333333,108.67108233333335,1.9287775000000003,2557.7724,6.409086666666666,36.324283333333334,0.541,100.0,完全正常,normal,80.0,严重滞后,critical,2.0,严重泄漏,critical,115.0,轻微降低,degraded,0,稳定,2,临界,3,False,route_maintenance_review,public-derived-cycle-feature-table
1829,160.25315833333332,108.8975535,1.9358075000000001,2556.1460666666662,6.418395,36.326533333333344,0.5461333333333334,100.0,完全正常,normal,90.0,轻微滞后,degraded,2.0,严重泄漏,critical,115.0,轻微降低,degraded,0,稳定,2,临界,3,False,route_maintenance_review,public-derived-cycle-feature-table
1830,160.23622333333333,108.86748250000001,1.9227733333333332,2556.7772999999997,6.421441666666667,36.333266666666674,0.5470166666666666,100.0,完全正常,normal,90.0,轻微滞后,degraded,2.0,严重泄漏,critical,115.0,轻微降低,degraded,0,稳定,2,临界,3,False,route_maintenance_review,public-derived-cycle-feature-table
1831,160.20745166666666,108.88720233333333,1.9262318333333333,2555.273633333333,6.419781666666666,36.34625000000001,0.55445,100.0,完全正常,normal,90.0,轻微滞后,degraded,2.0,严重泄漏,critical,115.0,轻微降低,degraded,0,稳定,2,临界,3,False,route_maintenance_review,public-derived-cycle-feature-table
1832,160.19964000000002,108.8604755,1.926056,2553.033933333333,6.417086666666666,36.35941666666667,0.54665,100.0,完全正常,normal,90.0,轻微滞后,degraded,2.0,严重泄漏,critical,115.0,轻微降低,degraded,0,稳定,2,临界,3,False,route_maintenance_review,public-derived-cycle-feature-table
1833,160.21287666666666,108.86217716666668,1.9276806666666668,2556.9602999999997,6.419371666666668,36.35556666666666,0.5466333333333334,100.0,完全正常,normal,90.0,轻微滞后,degraded,2.0,严重泄漏,critical,115.0,轻微降低,degraded,0,稳定,2,临界,3,False,route_maintenance_review,public-derived-cycle-feature-table
1834,160.21943333333334,108.87288416666665,1.9306491666666667,2558.4571,6.419953333333334,36.35966666666666,0.5462833333333333,100.0,完全正常,normal,90.0,轻微滞后,degraded,2.0,严重泄漏,critical,115.0,轻微降低,degraded,0,稳定,2,临界,3,False,route_maintenance_review,public-derived-cycle-feature-table
1835,160.20564833333333,108.86225733333333,1.9320439999999999,2557.670766666666,6.4185316666666665,36.36088333333333,0.5369166666666667,100.0,完全正常,normal,90.0,轻微滞后,degraded,2.0,严重泄漏,critical,115.0,轻微降低,degraded,0,稳定,2,临界,3,False,route_maintenance_review,public-derived-cycle-feature-table
1836,160.21149,108.86139183333334,1.926639166666667,2557.5878666666667,6.419843333333334,36.37263333333333,0.5399,100.0,完全正常,normal,90.0,轻微滞后,degraded,2.0,严重泄漏,critical,115.0,轻微降低,degraded,0,稳定,2,临界,3,False,route_maintenance_review,public-derived-cycle-feature-table
1837,160.2094833333333,108.85627033333333,1.9312658333333332,2557.0033333333336,6.419058333333333,36.34856666666667,0.5457000000000001,100.0,完全正常,normal,90.0,轻微滞后,degraded,2.0,严重泄漏,critical,115.0,轻微降低,degraded,0,稳定,2,临界,3,False,route_maintenance_review,public-derived-cycle-feature-table
1838,160.23313000000002,108.88042066666667,1.9271888333333336,2557.564233333333,6.417855000000001,36.35593333333333,0.5469333333333334,100.0,完全正常,normal,90.0,轻微滞后,degraded,2.0,严重泄漏,critical,115.0,轻微降低,degraded,0,稳定,2,临界,3,False,route_maintenance_review,public-derived-cycle-feature-table
1839,160.16876666666664,109.012154,1.931010166666667,2556.8406666666665,6.413995,36.35158333333333,0.54895,100.0,完全正常,normal,100.0,最佳状态,normal,2.0,严重泄漏,critical,115.0,轻微降低,degraded,0,稳定,2,临界,2,False,route_maintenance_review,public-derived-cycle-feature-table
1840,160.17798666666667,109.03418033333332,1.9269033333333336,2555.904666666667,6.419131666666666,36.35519999999999,0.5487500000000001,100.0,完全正常,normal,100.0,最佳状态,normal,2.0,严重泄漏,critical,115.0,轻微降低,degraded,0,稳定,2,临界,2,False,route_maintenance_review,public-derived-cycle-feature-table
1841,160.16267,109.02017750000002,1.9206268333333334,2554.8553333333334,6.412771666666667,36.360433333333326,0.5448333333333333,100.0,完全正常,normal,100.0,最佳状态,normal,2.0,严重泄漏,critical,115.0,轻微降低,degraded,0,稳定,2,临界,2,False,route_maintenance_review,public-derived-cycle-feature-table
1842,160.17762,109.0170365,1.9279655000000002,2555.2150666666666,6.4125016666666665,36.345683333333334,0.5488333333333333,100.0,完全正常,normal,100.0,最佳状态,normal,2.0,严重泄漏,critical,115.0,轻微降低,degraded,0,稳定,2,临界,2,False,route_maintenance_review,public-derived-cycle-feature-table
1843,160.18044166666664,109.01447583333334,1.9264180000000002,2556.0484666666666,6.422189999999999,36.36168333333333,0.5447166666666666,100.0,完全正常,normal,100.0,最佳状态,normal,2.0,严重泄漏,critical,115.0,轻微降低,degraded,0,稳定,2,临界,2,False,route_maintenance_review,public-derived-cycle-feature-table
1844,160.18720166666668,109.02505533333333,1.920598,2556.7776333333336,6.415801666666666,36.366949999999996,0.5483166666666667,100.0,完全正常,normal,100.0,最佳状态,normal,2.0,严重泄漏,critical,115.0,轻微降低,degraded,0,稳定,2,临界,2,False,route_maintenance_review,public-derived-cycle-feature-table
1845,160.20171833333333,109.029375,1.9092111666666667,2555.571433333333,6.416343333333333,36.34621666666666,0.5546333333333333,100.0,完全正常,normal,100.0,最佳状态,normal,2.0,严重泄漏,critical,115.0,轻微降低,degraded,0,稳定,2,临界,2,False,route_maintenance_review,public-derived-cycle-feature-table
1846,160.203955,109.0358105,1.9211985,2556.8390666666664,6.417788333333333,36.33756666666667,0.5544166666666667,100.0,完全正常,normal,100.0,最佳状态,normal,2.0,严重泄漏,critical,115.0,轻微降低,degraded,0,稳定,2,临界,2,False,route_maintenance_review,public-derived-cycle-feature-table
1847,160.19818999999998,109.03978333333333,1.9258341666666667,2559.1521000000002,6.4154800000000005,36.34441666666666,0.5513,100.0,完全正常,normal,100.0,最佳状态,normal,2.0,严重泄漏,critical,115.0,轻微降低,degraded,0,稳定,2,临界,2,False,route_maintenance_review,public-derived-cycle-feature-table
1848,160.19485,109.01557833333335,1.9257756666666668,2560.2691666666665,6.41769,36.338483333333336,0.5561166666666667,100.0,完全正常,normal,100.0,最佳状态,normal,2.0,严重泄漏,critical,115.0,轻微降低,degraded,0,稳定,2,临界,2,False,route_maintenance_review,public-derived-cycle-feature-table
1849,160.50386666666665,109.26638316666667,1.9485078333333334,2549.1041333333333,6.506865000000001,36.352650000000004,0.5519666666666666,100.0,完全正常,normal,100.0,最佳状态,normal,1.0,弱泄漏,degraded,115.0,轻微降低,degraded,1,未稳定,1,退化,2,False,route_maintenance_review,public-derived-cycle-feature-table
1850,160.71621,108.67820466666669,1.9308204999999998,2551.2176333333337,6.467461666666666,36.35156666666667,0.5589166666666666,100.0,完全正常,normal,73.0,接近故障,critical,1.0,弱泄漏,degraded,115.0,轻微降低,degraded,0,稳定,2,临界,3,False,route_maintenance_review,public-derived-cycle-feature-table
1851,160.69117666666668,108.64189166666667,1.9356658333333332,2550.7736999999997,6.474925,36.352916666666665,0.5500833333333333,100.0,完全正常,normal,73.0,接近故障,critical,1.0,弱泄漏,degraded,115.0,轻微降低,degraded,0,稳定,2,临界,3,False,route_maintenance_review,public-derived-cycle-feature-table
1852,160.70713666666668,108.63759516666667,1.9472300000000002,2551.0049999999997,6.477865,36.3453,0.5514499999999999,100.0,完全正常,normal,73.0,接近故障,critical,1.0,弱泄漏,degraded,115.0,轻微降低,degraded,0,稳定,2,临界,3,False,route_maintenance_review,public-derived-cycle-feature-table
1853,160.70333000000002,108.6558965,1.9504478333333333,2552.1923333333334,6.473155,36.35418333333334,0.5518166666666667,100.0,完全正常,normal,73.0,接近故障,critical,1.0,弱泄漏,degraded,115.0,轻微降低,degraded,0,稳定,2,临界,3,False,route_maintenance_review,public-derived-cycle-feature-table
1854,160.69441166666667,108.634094,1.9399776666666666,2552.1106333333337,6.475023333333334,36.34941666666667,0.5512833333333336,100.0,完全正常,normal,73.0,接近故障,critical,1.0,弱泄漏,degraded,115.0,轻微降低,degraded,0,稳定,2,临界,3,False,route_maintenance_review,public-derived-cycle-feature-table
1855,160.67706166666667,108.635167,1.9454268333333333,2551.872566666667,6.475413333333334,36.360099999999996,0.5509833333333333,100.0,完全正常,normal,73.0,接近故障,critical,1.0,弱泄漏,degraded,115.0,轻微降低,degraded,0,稳定,2,临界,3,False,route_maintenance_review,public-derived-cycle-feature-table
1856,160.725835,108.67709816666665,1.9425568333333334,2552.9192666666668,6.478891666666667,36.36434999999999,0.5505333333333333,100.0,完全正常,normal,73.0,接近故障,critical,1.0,弱泄漏,degraded,115.0,轻微降低,degraded,0,稳定,2,临界,3,False,route_maintenance_review,public-derived-cycle-feature-table
1857,160.73813833333335,108.64959666666668,1.9384823333333334,2551.8772000000004,6.474571666666668,36.37386666666667,0.5524166666666667,100.0,完全正常,normal,73.0,接近故障,critical,1.0,弱泄漏,degraded,115.0,轻微降低,degraded,0,稳定,2,临界,3,False,route_maintenance_review,public-derived-cycle-feature-table
1858,160.72864500000003,108.66328316666667,1.9461651666666666,2552.8470666666663,6.479291666666668,36.3704,0.5577000000000001,100.0,完全正常,normal,73.0,接近故障,critical,1.0,弱泄漏,degraded,115.0,轻微降低,degraded,0,稳定,2,临界,3,False,route_maintenance_review,public-derived-cycle-feature-table
1859,160.72724166666666,108.64360083333332,1.9400246666666667,2550.9256666666665,6.479621666666667,36.379883333333325,0.5496833333333334,100.0,完全正常,normal,73.0,接近故障,critical,1.0,弱泄漏,degraded,115.0,轻微降低,degraded,0,稳定,2,临界,3,False,route_maintenance_review,public-derived-cycle-feature-table
1860,160.63813333333334,108.89402083333333,1.9466618333333336,2552.3742666666667,6.511755000000002,36.36483333333333,0.5501166666666666,100.0,完全正常,normal,80.0,严重滞后,critical,1.0,弱泄漏,degraded,115.0,轻微降低,degraded,0,稳定,2,临界,3,False,route_maintenance_review,public-derived-cycle-feature-table
1861,160.62675333333334,108.90055816666666,1.9491173333333334,2552.474266666667,6.507991666666667,36.362066666666664,0.5515666666666666,100.0,完全正常,normal,80.0,严重滞后,critical,1.0,弱泄漏,degraded,115.0,轻微降低,degraded,0,稳定,2,临界,3,False,route_maintenance_review,public-derived-cycle-feature-table
1862,160.62238,108.88758333333334,1.9549313333333334,2552.934566666667,6.512728333333334,36.36826666666666,0.5504833333333333,100.0,完全正常,normal,80.0,严重滞后,critical,1.0,弱泄漏,degraded,115.0,轻微降低,degraded,0,稳定,2,临界,3,False,route_maintenance_review,public-derived-cycle-feature-table
1863,160.63619666666668,108.91687650000001,1.9583160000000002,2553.0564666666664,6.507815000000001,36.36323333333333,0.5488833333333335,100.0,完全正常,normal,80.0,严重滞后,critical,1.0,弱泄漏,degraded,115.0,轻微降低,degraded,0,稳定,2,临界,3,False,route_maintenance_review,public-derived-cycle-feature-table
1864,160.62918166666668,108.90850166666667,1.9476863333333332,2552.8727000000003,6.511198333333334,36.356899999999996,0.5518500000000001,100.0,完全正常,normal,80.0,严重滞后,critical,1.0,弱泄漏,degraded,115.0,轻微降低,degraded,0,稳定,2,临界,3,False,route_maintenance_review,public-derived-cycle-feature-table
1865,160.64425500000002,108.92509083333331,1.9473151666666666,2553.2968666666666,6.508651666666667,36.345400000000005,0.55105,100.0,完全正常,normal,80.0,严重滞后,critical,1.0,弱泄漏,degraded,115.0,轻微降低,degraded,0,稳定,2,临界,3,False,route_maintenance_review,public-derived-cycle-feature-table
1866,160.64032,108.92552883333333,1.9418665000000002,2552.752933333333,6.504918333333333,36.33056666666666,0.5544333333333333,100.0,完全正常,normal,80.0,严重滞后,critical,1.0,弱泄漏,degraded,115.0,轻微降低,degraded,0,稳定,2,临界,3,False,route_maintenance_review,public-derived-cycle-feature-table
1867,160.63437,108.90893516666667,1.9483615,2552.7241999999997,6.510316666666667,36.3258,0.5437,100.0,完全正常,normal,80.0,严重滞后,critical,1.0,弱泄漏,degraded,115.0,轻微降低,degraded,0,稳定,2,临界,3,False,route_maintenance_review,public-derived-cycle-feature-table
1868,160.66650166666668,108.92299316666667,1.9502073333333334,2553.166166666667,6.510393333333333,36.2977,0.5484666666666665,100.0,完全正常,normal,80.0,严重滞后,critical,1.0,弱泄漏,degraded,115.0,轻微降低,degraded,0,稳定,2,临界,3,False,route_maintenance_review,public-derived-cycle-feature-table
1869,160.66838166666665,108.9202995,1.9429076666666667,2552.383933333333,6.508161666666666,36.27998333333333,0.5485166666666667,100.0,完全正常,normal,80.0,严重滞后,critical,1.0,弱泄漏,degraded,115.0,轻微降低,degraded,0,稳定,2,临界,3,False,route_maintenance_review,public-derived-cycle-feature-table
1870,160.58794,109.149505,1.9562131666666664,2549.7716333333333,6.522123333333334,36.268383333333325,0.5453333333333333,100.0,完全正常,normal,90.0,轻微滞后,degraded,1.0,弱泄漏,degraded,115.0,轻微降低,degraded,0,稳定,1,退化,3,False,route_maintenance_review,public-derived-cycle-feature-table
1871,160.60795333333334,109.14079116666666,1.9558726666666668,2548.3564333333334,6.522031666666668,36.245749999999994,0.5501666666666666,100.0,完全正常,normal,90.0,轻微滞后,degraded,1.0,弱泄漏,degraded,115.0,轻微降低,degraded,0,稳定,1,退化,3,False,route_maintenance_review,public-derived-cycle-feature-table
1872,160.61731833333332,109.15099783333332,1.9549325000000002,2552.1049666666668,6.524448333333334,36.229850000000006,0.5519,100.0,完全正常,normal,90.0,轻微滞后,degraded,1.0,弱泄漏,degraded,115.0,轻微降低,degraded,0,稳定,1,退化,3,False,route_maintenance_review,public-derived-cycle-feature-table
1873,160.60476,109.117641,1.9559544999999998,2553.4896333333336,6.5205616666666675,36.20559999999999,0.5501,100.0,完全正常,normal,90.0,轻微滞后,degraded,1.0,弱泄漏,degraded,115.0,轻微降低,degraded,0,稳定,1,退化,3,False,route_maintenance_review,public-derived-cycle-feature-table
1874,160.61396,109.14231166666669,1.963663,2554.0056666666665,6.521966666666668,36.18671666666666,0.5449333333333333,100.0,完全正常,normal,90.0,轻微滞后,degraded,1.0,弱泄漏,degraded,115.0,轻微降低,degraded,0,稳定,1,退化,3,False,route_maintenance_review,public-derived-cycle-feature-table
1875,160.62649166666668,109.16218816666665,1.956055833333333,2555.3395333333333,6.523971666666666,36.175533333333334,0.5456833333333333,100.0,完全正常,normal,90.0,轻微滞后,degraded,1.0,弱泄漏,degraded,115.0,轻微降低,degraded,0,稳定,1,退化,3,False,route_maintenance_review,public-derived-cycle-feature-table
1876,160.6352633333333,109.18269183333335,1.9544923333333333,2554.6535,6.520581666666667,36.186083333333336,0.5473166666666667,100.0,完全正常,normal,90.0,轻微滞后,degraded,1.0,弱泄漏,degraded,115.0,轻微降低,degraded,0,稳定,1,退化,3,False,route_maintenance_review,public-derived-cycle-feature-table
1877,160.61994666666666,109.15223233333332,1.9514755000000001,2553.2308333333335,6.521091666666667,36.181666666666665,0.5421833333333335,100.0,完全正常,normal,90.0,轻微滞后,degraded,1.0,弱泄漏,degraded,115.0,轻微降低,degraded,0,稳定,1,退化,3,False,route_maintenance_review,public-derived-cycle-feature-table
1878,160.61619666666667,109.14973433333333,1.944223,2556.1392666666666,6.524216666666667,36.18811666666667,0.5498,100.0,完全正常,normal,90.0,轻微滞后,degraded,1.0,弱泄漏,degraded,115.0,轻微降低,degraded,0,稳定,1,退化,3,False,route_maintenance_review,public-derived-cycle-feature-table
1879,160.6101766666667,109.15688533333334,1.9386678333333336,2553.7001333333333,6.520081666666667,36.18778333333332,0.5398833333333334,100.0,完全正常,normal,90.0,轻微滞后,degraded,1.0,弱泄漏,degraded,115.0,轻微降低,degraded,0,稳定,1,退化,3,False,route_maintenance_review,public-derived-cycle-feature-table
1880,160.56538500000002,109.3014105,1.9486746666666666,2553.1261333333337,6.523953333333334,36.1697,0.5465166666666668,100.0,完全正常,normal,100.0,最佳状态,normal,1.0,弱泄漏,degraded,115.0,轻微降低,degraded,0,稳定,1,退化,2,False,route_maintenance_review,public-derived-cycle-feature-table
1881,160.55662666666666,109.29459166666668,1.9608988333333333,2552.9708333333333,6.520633333333333,36.142999999999994,0.54045,100.0,完全正常,normal,100.0,最佳状态,normal,1.0,弱泄漏,degraded,115.0,轻微降低,degraded,0,稳定,1,退化,2,False,route_maintenance_review,public-derived-cycle-feature-table
1882,160.57417833333335,109.30870633333333,1.9482369999999998,2552.4353,6.515829999999999,36.14591666666666,0.5433166666666668,100.0,完全正常,normal,100.0,最佳状态,normal,1.0,弱泄漏,degraded,115.0,轻微降低,degraded,0,稳定,1,退化,2,False,route_maintenance_review,public-derived-cycle-feature-table
1883,160.56275666666667,109.32381216666667,1.9487443333333334,2552.0713666666666,6.513335,36.13406666666666,0.5381833333333332,100.0,完全正常,normal,100.0,最佳状态,normal,1.0,弱泄漏,degraded,115.0,轻微降低,degraded,0,稳定,1,退化,2,False,route_maintenance_review,public-derived-cycle-feature-table
1884,160.5534,109.28923949999998,1.9550481666666668,2550.8816,6.5231683333333335,36.13505,0.5464333333333333,100.0,完全正常,normal,100.0,最佳状态,normal,1.0,弱泄漏,degraded,115.0,轻微降低,degraded,0,稳定,1,退化,2,False,route_maintenance_review,public-derived-cycle-feature-table
1885,160.55085833333334,109.30802216666665,1.951399,2550.631033333333,6.5192266666666665,36.13203333333333,0.5433333333333333,100.0,完全正常,normal,100.0,最佳状态,normal,1.0,弱泄漏,degraded,115.0,轻微降低,degraded,0,稳定,1,退化,2,False,route_maintenance_review,public-derived-cycle-feature-table
1886,160.57669833333333,109.31332166666668,1.9469228333333333,2550.0074666666665,6.515001666666667,36.120533333333334,0.54315,100.0,完全正常,normal,100.0,最佳状态,normal,1.0,弱泄漏,degraded,115.0,轻微降低,degraded,0,稳定,1,退化,2,False,route_maintenance_review,public-derived-cycle-feature-table
1887,160.56176833333333,109.30139983333333,1.9501348333333335,2551.5426666666667,6.51562,36.1234,0.5484333333333333,100.0,完全正常,normal,100.0,最佳状态,normal,1.0,弱泄漏,degraded,115.0,轻微降低,degraded,0,稳定,1,退化,2,False,route_maintenance_review,public-derived-cycle-feature-table
1888,160.58899833333334,109.32769233333333,1.9543018333333333,2552.4413,6.513016666666666,36.11208333333333,0.5386666666666666,100.0,完全正常,normal,100.0,最佳状态,normal,1.0,弱泄漏,degraded,115.0,轻微降低,degraded,0,稳定,1,退化,2,False,route_maintenance_review,public-derived-cycle-feature-table
1889,160.57456666666667,109.31894183333334,1.9483599999999999,2552.038966666667,6.514355,36.10573333333334,0.53515,100.0,完全正常,normal,100.0,最佳状态,normal,1.0,弱泄漏,degraded,115.0,轻微降低,degraded,0,稳定,1,退化,2,False,route_maintenance_review,public-derived-cycle-feature-table
1890,160.962575,109.57002116666666,2.0063545,2543.0011666666664,6.707005,36.10440000000001,0.5369833333333334,100.0,完全正常,normal,100.0,最佳状态,normal,0.0,无泄漏,normal,115.0,轻微降低,degraded,1,未稳定,1,退化,1,False,route_maintenance_review,public-derived-cycle-feature-table
1891,161.22656333333333,108.96724416666666,1.9923435,2544.7847666666667,6.660313333333334,36.1171,0.5401666666666667,100.0,完全正常,normal,73.0,接近故障,critical,0.0,无泄漏,normal,115.0,轻微降低,degraded,0,稳定,2,临界,2,False,route_maintenance_review,public-derived-cycle-feature-table
1892,161.2042316666667,108.95509183333333,1.9968188333333334,2544.3197,6.661321666666667,36.126333333333335,0.5395833333333333,100.0,完全正常,normal,73.0,接近故障,critical,0.0,无泄漏,normal,115.0,轻微降低,degraded,0,稳定,2,临界,2,False,route_maintenance_review,public-derived-cycle-feature-table
1893,161.19673166666666,108.99511650000001,1.9970168333333331,2544.956166666667,6.660915,36.146866666666675,0.5397833333333334,100.0,完全正常,normal,73.0,接近故障,critical,0.0,无泄漏,normal,115.0,轻微降低,degraded,0,稳定,2,临界,2,False,route_maintenance_review,public-derived-cycle-feature-table
1894,161.20174833333334,108.97758516666667,1.9964606666666664,2543.172666666667,6.658493333333333,36.1569,0.5368166666666666,100.0,完全正常,normal,73.0,接近故障,critical,0.0,无泄漏,normal,115.0,轻微降低,degraded,0,稳定,2,临界,2,False,route_maintenance_review,public-derived-cycle-feature-table
1895,161.225665,108.98566066666665,1.995286333333333,2541.447133333333,6.663606666666667,36.17656666666666,0.5408666666666667,100.0,完全正常,normal,73.0,接近故障,critical,0.0,无泄漏,normal,115.0,轻微降低,degraded,0,稳定,2,临界,2,False,route_maintenance_review,public-derived-cycle-feature-table
1896,161.211525,108.9647185,1.9929755000000002,2541.6928333333335,6.656009999999999,36.176233333333336,0.53415,100.0,完全正常,normal,73.0,接近故障,critical,0.0,无泄漏,normal,115.0,轻微降低,degraded,0,稳定,2,临界,2,False,route_maintenance_review,public-derived-cycle-feature-table
1897,161.20207833333336,108.95806300000001,1.987354,2542.3831999999998,6.660401666666667,36.182916666666664,0.5407166666666666,100.0,完全正常,normal,73.0,接近故障,critical,0.0,无泄漏,normal,115.0,轻微降低,degraded,0,稳定,2,临界,2,False,route_maintenance_review,public-derived-cycle-feature-table
1898,161.20905166666668,109.01071383333334,1.9854015,2542.4888666666666,6.663679999999999,36.192883333333334,0.5383,100.0,完全正常,normal,73.0,接近故障,critical,0.0,无泄漏,normal,115.0,轻微降低,degraded,0,稳定,2,临界,2,False,route_maintenance_review,public-derived-cycle-feature-table
1899,161.19865833333333,109.00553783333332,1.9899391666666666,2542.443733333333,6.66247,36.19434999999999,0.5415333333333334,100.0,完全正常,normal,73.0,接近故障,critical,0.0,无泄漏,normal,115.0,轻微降低,degraded,0,稳定,2,临界,2,False,route_maintenance_review,public-derived-cycle-feature-table
1900,161.18679333333333,108.97238966666667,1.9997855,2542.3768999999998,6.670381666666667,36.2027,0.5337333333333335,100.0,完全正常,normal,73.0,接近故障,critical,0.0,无泄漏,normal,115.0,轻微降低,degraded,0,稳定,2,临界,2,False,route_maintenance_review,public-derived-cycle-feature-table
1901,161.09790166666667,109.24149949999999,2.0020883333333335,2541.145133333333,6.685705,36.20081666666667,0.5335,100.0,完全正常,normal,80.0,严重滞后,critical,0.0,无泄漏,normal,115.0,轻微降低,degraded,0,稳定,2,临界,2,False,route_maintenance_review,public-derived-cycle-feature-table
1902,161.09026333333335,109.22048149999999,2.0057555,2541.3871333333336,6.692756666666668,36.198233333333334,0.53185,100.0,完全正常,normal,80.0,严重滞后,critical,0.0,无泄漏,normal,115.0,轻微降低,degraded,0,稳定,2,临界,2,False,route_maintenance_review,public-derived-cycle-feature-table
1903,161.09020666666666,109.22926766666667,1.9930856666666665,2542.444733333333,6.692294999999999,36.2093,0.54225,100.0,完全正常,normal,80.0,严重滞后,critical,0.0,无泄漏,normal,115.0,轻微降低,degraded,0,稳定,2,临界,2,False,route_maintenance_review,public-derived-cycle-feature-table
1904,161.10025666666664,109.22688000000001,1.9873526666666663,2542.2102666666665,6.69586,36.21945000000001,0.5383333333333334,100.0,完全正常,normal,80.0,严重滞后,critical,0.0,无泄漏,normal,115.0,轻微降低,degraded,0,稳定,2,临界,2,False,route_maintenance_review,public-derived-cycle-feature-table
1905,161.12974666666668,109.24357433333333,1.996698,2542.5290666666665,6.698285,36.22216666666667,0.5428166666666666,100.0,完全正常,normal,80.0,严重滞后,critical,0.0,无泄漏,normal,115.0,轻微降低,degraded,0,稳定,2,临界,2,False,route_maintenance_review,public-derived-cycle-feature-table
1906,161.10688333333334,109.22321733333334,1.9908206666666668,2541.4672,6.693803333333332,36.22631666666667,0.5351166666666667,100.0,完全正常,normal,80.0,严重滞后,critical,0.0,无泄漏,normal,115.0,轻微降低,degraded,0,稳定,2,临界,2,False,route_maintenance_review,public-derived-cycle-feature-table
1907,161.11730333333335,109.24407233333334,1.9938225000000003,2541.3794,6.694111666666666,36.23715,0.53495,100.0,完全正常,normal,80.0,严重滞后,critical,0.0,无泄漏,normal,115.0,轻微降低,degraded,0,稳定,2,临界,2,False,route_maintenance_review,public-derived-cycle-feature-table
1908,161.11454666666668,109.23765233333333,1.9950646666666665,2540.7340666666664,6.69238,36.24625,0.5355666666666666,100.0,完全正常,normal,80.0,严重滞后,critical,0.0,无泄漏,normal,115.0,轻微降低,degraded,0,稳定,2,临界,2,False,route_maintenance_review,public-derived-cycle-feature-table
1909,161.11985833333333,109.23990066666668,1.9977936666666665,2541.3448999999996,6.691721666666667,36.245400000000004,0.5319166666666667,100.0,完全正常,normal,80.0,严重滞后,critical,0.0,无泄漏,normal,115.0,轻微降低,degraded,0,稳定,2,临界,2,False,route_maintenance_review,public-derived-cycle-feature-table
1910,161.10855,109.234848,1.9967159999999997,2541.8379666666665,6.689653333333333,36.25430000000001,0.5366166666666667,100.0,完全正常,normal,80.0,严重滞后,critical,0.0,无泄漏,normal,115.0,轻微降低,degraded,0,稳定,2,临界,2,False,route_maintenance_review,public-derived-cycle-feature-table
1911,161.008225,109.42684716666666,2.009281666666667,2542.881033333333,6.705485,36.25673333333334,0.5374666666666668,100.0,完全正常,normal,90.0,轻微滞后,degraded,0.0,无泄漏,normal,115.0,轻微降低,degraded,0,稳定,1,退化,2,False,route_maintenance_review,public-derived-cycle-feature-table
1912,161.03351,109.452709,2.0091061666666667,2544.0098000000003,6.706168333333333,36.25621666666667,0.5302833333333334,100.0,完全正常,normal,90.0,轻微滞后,degraded,0.0,无泄漏,normal,115.0,轻微降低,degraded,0,稳定,1,退化,2,False,route_maintenance_review,public-derived-cycle-feature-table
1913,161.03953333333334,109.4457455,2.0003785,2544.4890333333333,6.703555,36.252316666666665,0.5354833333333334,100.0,完全正常,normal,90.0,轻微滞后,degraded,0.0,无泄漏,normal,115.0,轻微降低,degraded,0,稳定,1,退化,2,False,route_maintenance_review,public-derived-cycle-feature-table
1914,161.02566833333333,109.43645433333334,2.0025268333333335,2541.666266666666,6.703729999999999,36.25130000000001,0.5334833333333334,100.0,完全正常,normal,90.0,轻微滞后,degraded,0.0,无泄漏,normal,115.0,轻微降低,degraded,0,稳定,1,退化,2,False,route_maintenance_review,public-derived-cycle-feature-table
1915,161.02086333333332,109.439176,1.9992663333333334,2542.7478666666666,6.7025516666666665,36.25361666666666,0.5346833333333334,100.0,完全正常,normal,90.0,轻微滞后,degraded,0.0,无泄漏,normal,115.0,轻微降低,degraded,0,稳定,1,退化,2,False,route_maintenance_review,public-derived-cycle-feature-table
1916,161.03852166666667,109.47010083333333,1.9977408333333333,2544.993033333333,6.704413333333334,36.26518333333334,0.5333,100.0,完全正常,normal,90.0,轻微滞后,degraded,0.0,无泄漏,normal,115.0,轻微降低,degraded,0,稳定,1,退化,2,False,route_maintenance_review,public-derived-cycle-feature-table
1917,161.019615,109.42487483333332,1.998601,2540.8425,6.707610000000001,36.280300000000004,0.5365500000000001,100.0,完全正常,normal,90.0,轻微滞后,degraded,0.0,无泄漏,normal,115.0,轻微降低,degraded,0,稳定,1,退化,2,False,route_maintenance_review,public-derived-cycle-feature-table
1918,160.98809333333335,109.42290783333334,2.00286,2541.4128666666666,6.7072449999999995,36.2891,0.5340833333333334,100.0,完全正常,normal,90.0,轻微滞后,degraded,0.0,无泄漏,normal,115.0,轻微降低,degraded,0,稳定,1,退化,2,False,route_maintenance_review,public-derived-cycle-feature-table
1919,161.00650666666667,109.424375,2.0010193333333333,2540.5981666666667,6.707201666666666,36.30136666666667,0.5368666666666667,100.0,完全正常,normal,90.0,轻微滞后,degraded,0.0,无泄漏,normal,115.0,轻微降低,degraded,0,稳定,1,退化,2,False,route_maintenance_review,public-derived-cycle-feature-table
1920,161.00848833333333,109.43133966666666,1.9991596666666664,2544.0956333333334,6.704675000000001,36.29769999999999,0.5421833333333335,100.0,完全正常,normal,90.0,轻微滞后,degraded,0.0,无泄漏,normal,115.0,轻微降低,degraded,0,稳定,1,退化,2,False,route_maintenance_review,public-derived-cycle-feature-table
1921,160.93326666666667,109.5485775,2.001423,2543.2465666666662,6.702951666666666,36.3004,0.5405833333333334,100.0,完全正常,normal,100.0,最佳状态,normal,0.0,无泄漏,normal,115.0,轻微降低,degraded,0,稳定,1,退化,1,False,route_maintenance_review,public-derived-cycle-feature-table
1922,160.94871,109.56547016666667,2.0020398333333334,2542.2916666666665,6.699441666666666,36.308416666666666,0.5317500000000001,100.0,完全正常,normal,100.0,最佳状态,normal,0.0,无泄漏,normal,115.0,轻微降低,degraded,0,稳定,1,退化,1,False,route_maintenance_review,public-derived-cycle-feature-table
1923,160.94072833333334,109.5725065,1.9974311666666666,2540.0814666666665,6.705898333333333,36.321916666666674,0.5325166666666666,100.0,完全正常,normal,100.0,最佳状态,normal,0.0,无泄漏,normal,115.0,轻微降低,degraded,0,稳定,1,退化,1,False,route_maintenance_review,public-derived-cycle-feature-table
1924,160.95862333333332,109.55957516666669,2.009653166666667,2540.244333333333,6.70552,36.31206666666667,0.5347333333333334,100.0,完全正常,normal,100.0,最佳状态,normal,0.0,无泄漏,normal,115.0,轻微降低,degraded,0,稳定,1,退化,1,False,route_maintenance_review,public-derived-cycle-feature-table
1925,160.942635,109.57652816666666,2.0035793333333336,2537.1647666666668,6.693678333333334,36.32548333333333,0.5306833333333334,100.0,完全正常,normal,100.0,最佳状态,normal,0.0,无泄漏,normal,115.0,轻微降低,degraded,0,稳定,1,退化,1,False,route_maintenance_review,public-derived-cycle-feature-table
1926,160.92190499999998,109.55166,2.0117463333333334,2539.7113999999997,6.69639,36.309333333333335,0.5295833333333334,100.0,完全正常,normal,100.0,最佳状态,normal,0.0,无泄漏,normal,115.0,轻微降低,degraded,0,稳定,1,退化,1,False,route_maintenance_review,public-derived-cycle-feature-table
1927,160.91839500000003,109.52871083333334,2.0130625,2540.6379333333334,6.70547,36.32156666666667,0.5301833333333332,100.0,完全正常,normal,100.0,最佳状态,normal,0.0,无泄漏,normal,115.0,轻微降低,degraded,0,稳定,1,退化,1,False,route_maintenance_review,public-derived-cycle-feature-table
1928,160.93926166666668,109.55757033333333,2.0087046666666666,2542.0884666666666,6.705455000000001,36.32218333333334,0.5243666666666668,100.0,完全正常,normal,100.0,最佳状态,normal,0.0,无泄漏,normal,115.0,轻微降低,degraded,0,稳定,1,退化,1,False,route_maintenance_review,public-derived-cycle-feature-table
1929,160.93476333333334,109.5463145,2.0045266666666666,2540.6699,6.707768333333333,36.336,0.5306166666666665,100.0,完全正常,normal,100.0,最佳状态,normal,0.0,无泄漏,normal,115.0,轻微降低,degraded,0,稳定,1,退化,1,False,route_maintenance_review,public-derived-cycle-feature-table
1930,160.92297833333333,109.56506666666667,2.000682666666667,2537.7127666666665,6.705471666666667,36.340599999999995,0.5373166666666667,100.0,完全正常,normal,100.0,最佳状态,normal,0.0,无泄漏,normal,115.0,轻微降低,degraded,0,稳定,1,退化,1,False,route_maintenance_review,public-derived-cycle-feature-table
1931,160.87548333333334,109.52823966666666,2.010111,2542.2902,6.700166666666666,36.29743333333333,0.5370000000000001,100.0,完全正常,normal,100.0,最佳状态,normal,0.0,无泄漏,normal,100.0,严重降低,critical,1,未稳定,2,临界,1,False,route_maintenance_review,public-derived-cycle-feature-table
1932,160.92460833333334,109.52475133333334,1.9960775,2539.6926333333327,6.6934033333333325,36.30729999999999,0.5391666666666667,100.0,完全正常,normal,100.0,最佳状态,normal,0.0,无泄漏,normal,100.0,严重降低,critical,1,未稳定,2,临界,1,False,route_maintenance_review,public-derived-cycle-feature-table
1933,160.92307833333334,109.52848999999999,2.0063445,2541.9816333333333,6.691621666666668,36.311499999999995,0.5427666666666667,100.0,完全正常,normal,100.0,最佳状态,normal,0.0,无泄漏,normal,100.0,严重降低,critical,1,未稳定,2,临界,1,False,route_maintenance_review,public-derived-cycle-feature-table
1934,160.93701499999997,109.56049316666667,2.0023828333333333,2539.7588666666666,6.693453333333333,36.315250000000006,0.53205,100.0,完全正常,normal,100.0,最佳状态,normal,0.0,无泄漏,normal,100.0,严重降低,critical,1,未稳定,2,临界,1,False,route_maintenance_review,public-derived-cycle-feature-table
1935,160.92311166666664,109.52223916666668,1.9998211666666665,2542.893733333333,6.703078333333334,36.31678333333333,0.5371666666666667,100.0,完全正常,normal,100.0,最佳状态,normal,0.0,无泄漏,normal,100.0,严重降低,critical,1,未稳定,2,临界,1,False,route_maintenance_review,public-derived-cycle-feature-table
1936,160.9167666666667,109.52455466666666,1.9932268333333334,2539.2144,6.6903250000000005,36.31413333333333,0.5408000000000002,100.0,完全正常,normal,100.0,最佳状态,normal,0.0,无泄漏,normal,100.0,严重降低,critical,1,未稳定,2,临界,1,False,route_maintenance_review,public-derived-cycle-feature-table
1937,160.91895,109.53179133333333,2.000942333333333,2539.2180666666663,6.695339999999999,36.3202,0.53395,100.0,完全正常,normal,100.0,最佳状态,normal,0.0,无泄漏,normal,100.0,严重降低,critical,1,未稳定,2,临界,1,False,route_maintenance_review,public-derived-cycle-feature-table
1938,160.92954333333333,109.5431175,1.994277,2540.1246333333333,6.705621666666666,36.31706666666666,0.5357,100.0,完全正常,normal,100.0,最佳状态,normal,0.0,无泄漏,normal,100.0,严重降低,critical,1,未稳定,2,临界,1,False,route_maintenance_review,public-derived-cycle-feature-table
1939,160.93036666666666,109.54030466666666,2.0002676666666668,2537.388433333333,6.689101666666667,36.32045,0.5355000000000001,100.0,完全正常,normal,100.0,最佳状态,normal,0.0,无泄漏,normal,100.0,严重降低,critical,1,未稳定,2,临界,1,False,route_maintenance_review,public-derived-cycle-feature-table
1940,160.92855,109.54193849999999,1.9924008333333332,2537.5728999999997,6.70085,36.31858333333333,0.5440333333333334,100.0,完全正常,normal,100.0,最佳状态,normal,0.0,无泄漏,normal,100.0,严重降低,critical,1,未稳定,2,临界,1,False,route_maintenance_review,public-derived-cycle-feature-table
1941,160.26792833333332,109.0502135,1.9183171666666667,2566.7418333333335,6.419018333333334,36.311249999999994,0.5306166666666666,100.0,完全正常,normal,100.0,最佳状态,normal,2.0,严重泄漏,critical,100.0,严重降低,critical,1,未稳定,2,临界,2,False,route_maintenance_review,public-derived-cycle-feature-table
1942,160.47179166666666,108.47381283333335,1.9073829999999998,2567.4885666666664,6.381313333333333,36.271300000000004,0.5319333333333334,100.0,完全正常,normal,73.0,接近故障,critical,2.0,严重泄漏,critical,100.0,严重降低,critical,0,稳定,2,临界,3,False,route_maintenance_review,public-derived-cycle-feature-table
1943,160.47361166666667,108.48935533333334,1.9035259999999998,2568.706233333333,6.376779999999999,36.24974999999999,0.5394000000000001,100.0,完全正常,normal,73.0,接近故障,critical,2.0,严重泄漏,critical,100.0,严重降低,critical,0,稳定,2,临界,3,False,route_maintenance_review,public-derived-cycle-feature-table
1944,160.47217166666667,108.47290366666667,1.9124458333333332,2565.180633333333,6.378221666666667,36.219100000000005,0.5388333333333333,100.0,完全正常,normal,73.0,接近故障,critical,2.0,严重泄漏,critical,100.0,严重降低,critical,0,稳定,2,临界,3,False,route_maintenance_review,public-derived-cycle-feature-table
1945,160.4776516666667,108.48047833333334,1.9129796666666667,2568.6688,6.377181666666666,36.19756666666667,0.5397333333333333,100.0,完全正常,normal,73.0,接近故障,critical,2.0,严重泄漏,critical,100.0,严重降低,critical,0,稳定,2,临界,3,False,route_maintenance_review,public-derived-cycle-feature-table
1946,160.47760333333332,108.47075016666666,1.9147671666666666,2565.5814666666665,6.373988333333333,36.199016666666665,0.5350333333333334,100.0,完全正常,normal,73.0,接近故障,critical,2.0,严重泄漏,critical,100.0,严重降低,critical,0,稳定,2,临界,3,False,route_maintenance_review,public-derived-cycle-feature-table
1947,160.48437666666666,108.503296,1.896812,2567.8260666666665,6.375671666666667,36.20033333333333,0.5372166666666666,100.0,完全正常,normal,73.0,接近故障,critical,2.0,严重泄漏,critical,100.0,严重降低,critical,0,稳定,2,临界,3,False,route_maintenance_review,public-derived-cycle-feature-table
1948,160.48924666666667,108.49441533333332,1.9097126666666666,2564.9479333333334,6.374965,36.20643333333333,0.5381000000000001,100.0,完全正常,normal,73.0,接近故障,critical,2.0,严重泄漏,critical,100.0,严重降低,critical,0,稳定,2,临界,3,False,route_maintenance_review,public-derived-cycle-feature-table
1949,160.49212333333332,108.51669616666668,1.9103075000000003,2565.9152666666664,6.372401666666667,36.19996666666667,0.5392166666666667,100.0,完全正常,normal,73.0,接近故障,critical,2.0,严重泄漏,critical,100.0,严重降低,critical,0,稳定,2,临界,3,False,route_maintenance_review,public-derived-cycle-feature-table
1950,160.476145,108.48581783333333,1.912218666666667,2562.6215666666662,6.377068333333333,36.199933333333334,0.54185,100.0,完全正常,normal,73.0,接近故障,critical,2.0,严重泄漏,critical,100.0,严重降低,critical,0,稳定,2,临界,3,False,route_maintenance_review,public-derived-cycle-feature-table
1951,160.49383,108.50401666666666,1.906775166666667,2562.3896,6.370918333333333,36.228683333333336,0.5326500000000001,100.0,完全正常,normal,73.0,接近故障,critical,2.0,严重泄漏,critical,100.0,严重降低,critical,0,稳定,2,临界,3,False,route_maintenance_review,public-derived-cycle-feature-table
1952,160.39652666666666,108.74681066666668,1.9105634999999999,2560.846933333333,6.393211666666666,36.22081666666667,0.5384333333333333,100.0,完全正常,normal,80.0,严重滞后,critical,2.0,严重泄漏,critical,100.0,严重降低,critical,0,稳定,2,临界,3,False,route_maintenance_review,public-derived-cycle-feature-table
1953,160.41581333333332,108.75686250000001,1.9131858333333336,2563.3505999999998,6.396848333333333,36.23445,0.5367833333333334,100.0,完全正常,normal,80.0,严重滞后,critical,2.0,严重泄漏,critical,100.0,严重降低,critical,0,稳定,2,临界,3,False,route_maintenance_review,public-derived-cycle-feature-table
1954,160.37655833333332,108.71205366666668,1.9203236666666665,2560.9155,6.3895,36.244,0.5311333333333333,100.0,完全正常,normal,80.0,严重滞后,critical,2.0,严重泄漏,critical,100.0,严重降低,critical,0,稳定,2,临界,3,False,route_maintenance_review,public-derived-cycle-feature-table
1955,160.36131833333332,108.71697016666667,1.9120633333333334,2563.1769,6.398970000000001,36.248783333333336,0.5396833333333333,100.0,完全正常,normal,80.0,严重滞后,critical,2.0,严重泄漏,critical,100.0,严重降低,critical,0,稳定,2,临界,3,False,route_maintenance_review,public-derived-cycle-feature-table
1956,160.36564500000003,108.71277183333332,1.9145971666666664,2559.5207333333333,6.392648333333333,36.26326666666667,0.5345166666666666,100.0,完全正常,normal,80.0,严重滞后,critical,2.0,严重泄漏,critical,100.0,严重降低,critical,0,稳定,2,临界,3,False,route_maintenance_review,public-derived-cycle-feature-table
1957,160.34813666666665,108.703311,1.9247155000000002,2559.9555666666665,6.401965000000001,36.26160000000001,0.54435,100.0,完全正常,normal,80.0,严重滞后,critical,2.0,严重泄漏,critical,100.0,严重降低,critical,0,稳定,2,临界,3,False,route_maintenance_review,public-derived-cycle-feature-table
1958,160.36797166666665,108.7213035,1.9315335000000002,2563.798733333333,6.3947449999999995,36.282816666666676,0.54085,100.0,完全正常,normal,80.0,严重滞后,critical,2.0,严重泄漏,critical,100.0,严重降低,critical,0,稳定,2,临界,3,False,route_maintenance_review,public-derived-cycle-feature-table
1959,160.36067833333334,108.6935565,1.9271918333333333,2559.686266666667,6.391233333333333,36.29926666666667,0.53485,100.0,完全正常,normal,80.0,严重滞后,critical,2.0,严重泄漏,critical,100.0,严重降低,critical,0,稳定,2,临界,3,False,route_maintenance_review,public-derived-cycle-feature-table
1960,160.3626,108.73082699999999,1.9239683333333333,2560.475966666667,6.395955,36.301233333333336,0.5370000000000001,100.0,完全正常,normal,80.0,严重滞后,critical,2.0,严重泄漏,critical,100.0,严重降低,critical,0,稳定,2,临界,3,False,route_maintenance_review,public-derived-cycle-feature-table
1961,160.38509833333333,108.74604,1.9175780000000002,2561.5684666666666,6.389938333333333,36.29198333333333,0.5408833333333334,100.0,完全正常,normal,80.0,严重滞后,critical,2.0,严重泄漏,critical,100.0,严重降低,critical,0,稳定,2,临界,3,False,route_maintenance_review,public-derived-cycle-feature-table
1962,160.29166666666666,108.91804083333334,1.9254399999999998,2557.5158333333334,6.412888333333334,36.30945,0.5436833333333334,100.0,完全正常,normal,90.0,轻微滞后,degraded,2.0,严重泄漏,critical,100.0,严重降低,critical,0,稳定,2,临界,3,False,route_maintenance_review,public-derived-cycle-feature-table
1963,160.30375,108.9280365,1.9228155,2556.1069666666667,6.413021666666666,36.31206666666667,0.5437500000000001,100.0,完全正常,normal,90.0,轻微滞后,degraded,2.0,严重泄漏,critical,100.0,严重降低,critical,0,稳定,2,临界,3,False,route_maintenance_review,public-derived-cycle-feature-table
1964,160.30730333333335,108.93125883333335,1.9301968333333335,2560.6329,6.412826666666667,36.304383333333334,0.5369166666666667,100.0,完全正常,normal,90.0,轻微滞后,degraded,2.0,严重泄漏,critical,100.0,严重降低,critical,0,稳定,2,临界,3,False,route_maintenance_review,public-derived-cycle-feature-table
1965,160.308175,108.9296115,1.9186066666666666,2565.1095666666665,6.416053333333334,36.30525,0.54655,100.0,完全正常,normal,90.0,轻微滞后,degraded,2.0,严重泄漏,critical,100.0,严重降低,critical,0,稳定,2,临界,3,False,route_maintenance_review,public-derived-cycle-feature-table
1966,160.3208183333333,108.944214,1.9285944999999998,2562.1357,6.412316666666666,36.30724999999999,0.5444166666666667,100.0,完全正常,normal,90.0,轻微滞后,degraded,2.0,严重泄漏,critical,100.0,严重降低,critical,0,稳定,2,临界,3,False,route_maintenance_review,public-derived-cycle-feature-table
1967,160.27928166666666,108.90671566666667,1.923549,2555.0871666666667,6.408393333333334,36.31271666666667,0.5389166666666667,100.0,完全正常,normal,90.0,轻微滞后,degraded,2.0,严重泄漏,critical,100.0,严重降低,critical,0,稳定,2,临界,3,False,route_maintenance_review,public-derived-cycle-feature-table
1968,160.27304833333335,108.92790266666667,1.9294380000000002,2554.4066666666668,6.408791666666666,36.32313333333333,0.5353833333333334,100.0,完全正常,normal,90.0,轻微滞后,degraded,2.0,严重泄漏,critical,100.0,严重降低,critical,0,稳定,2,临界,3,False,route_maintenance_review,public-derived-cycle-feature-table
1969,160.25680833333334,108.89600550000002,1.9304461666666666,2553.8232666666668,6.416546666666667,36.3243,0.5416166666666666,100.0,完全正常,normal,90.0,轻微滞后,degraded,2.0,严重泄漏,critical,100.0,严重降低,critical,0,稳定,2,临界,3,False,route_maintenance_review,public-derived-cycle-feature-table
1970,160.24626666666666,108.89847416666666,1.92724,2554.2682666666665,6.412071666666667,36.325916666666664,0.54185,100.0,完全正常,normal,90.0,轻微滞后,degraded,2.0,严重泄漏,critical,100.0,严重降低,critical,0,稳定,2,临界,3,False,route_maintenance_review,public-derived-cycle-feature-table
1971,160.25987333333333,108.905267,1.9232943333333332,2556.687,6.412116666666668,36.33015,0.5379500000000002,100.0,完全正常,normal,90.0,轻微滞后,degraded,2.0,严重泄漏,critical,100.0,严重降低,critical,0,稳定,2,临界,3,False,route_maintenance_review,public-derived-cycle-feature-table
1972,160.19890666666666,109.0538215,1.9227261666666666,2557.0560666666665,6.406906666666666,36.326766666666664,0.5385500000000002,100.0,完全正常,normal,100.0,最佳状态,normal,2.0,严重泄漏,critical,100.0,严重降低,critical,0,稳定,2,临界,2,False,route_maintenance_review,public-derived-cycle-feature-table
1973,160.18959666666666,109.04563166666668,1.9302623333333335,2555.6648,6.402545,36.33673333333333,0.5430833333333334,100.0,完全正常,normal,100.0,最佳状态,normal,2.0,严重泄漏,critical,100.0,严重降低,critical,0,稳定,2,临界,2,False,route_maintenance_review,public-derived-cycle-feature-table
1974,160.20046166666668,109.05348616666664,1.9256875,2557.8772666666664,6.40565,36.34246666666666,0.5442166666666667,100.0,完全正常,normal,100.0,最佳状态,normal,2.0,严重泄漏,critical,100.0,严重降低,critical,0,稳定,2,临界,2,False,route_maintenance_review,public-derived-cycle-feature-table
1975,160.17924166666666,109.03169516666667,1.9114158333333335,2554.557,6.413528333333333,36.33341666666666,0.5448166666666666,100.0,完全正常,normal,100.0,最佳状态,normal,2.0,严重泄漏,critical,100.0,严重降低,critical,0,稳定,2,临界,2,False,route_maintenance_review,public-derived-cycle-feature-table
1976,160.18157666666667,109.0272845,1.9228206666666667,2554.7049999999995,6.413731666666666,36.341683333333336,0.54795,100.0,完全正常,normal,100.0,最佳状态,normal,2.0,严重泄漏,critical,100.0,严重降低,critical,0,稳定,2,临界,2,False,route_maintenance_review,public-derived-cycle-feature-table
1977,160.20314333333334,109.06187,1.9128646666666667,2555.5879,6.410806666666668,36.35276666666667,0.5444833333333333,100.0,完全正常,normal,100.0,最佳状态,normal,2.0,严重泄漏,critical,100.0,严重降低,critical,0,稳定,2,临界,2,False,route_maintenance_review,public-derived-cycle-feature-table
1978,160.19648666666666,109.05589400000001,1.9150503333333333,2554.484933333333,6.409996666666667,36.35808333333333,0.5440833333333334,100.0,完全正常,normal,100.0,最佳状态,normal,2.0,严重泄漏,critical,100.0,严重降低,critical,0,稳定,2,临界,2,False,route_maintenance_review,public-derived-cycle-feature-table
1979,160.18524333333332,109.04389283333335,1.9179948333333334,2556.747533333333,6.408203333333333,36.36481666666667,0.5387500000000001,100.0,完全正常,normal,100.0,最佳状态,normal,2.0,严重泄漏,critical,100.0,严重降低,critical,0,稳定,2,临界,2,False,route_maintenance_review,public-derived-cycle-feature-table
1980,160.19260833333334,109.04263550000002,1.9222018333333333,2553.4230999999995,6.412348333333334,36.37151666666667,0.5369666666666667,100.0,完全正常,normal,100.0,最佳状态,normal,2.0,严重泄漏,critical,100.0,严重降低,critical,0,稳定,2,临界,2,False,route_maintenance_review,public-derived-cycle-feature-table
1981,160.199095,109.05156516666668,1.9165584999999998,2557.9622,6.4052983333333335,36.34748333333334,0.5415333333333335,100.0,完全正常,normal,100.0,最佳状态,normal,2.0,严重泄漏,critical,100.0,严重降低,critical,0,稳定,2,临界,2,False,route_maintenance_review,public-derived-cycle-feature-table
1982,160.47127666666668,109.27962916666667,1.9508286666666665,2543.7473,6.504020000000001,36.3465,0.5410833333333334,100.0,完全正常,normal,100.0,最佳状态,normal,1.0,弱泄漏,degraded,100.0,严重降低,critical,1,未稳定,2,临界,2,False,route_maintenance_review,public-derived-cycle-feature-table
1983,160.69461833333332,108.665177,1.9422639999999998,2545.7006333333334,6.466378333333334,36.350766666666665,0.5400333333333334,100.0,完全正常,normal,73.0,接近故障,critical,1.0,弱泄漏,degraded,100.0,严重降低,critical,0,稳定,2,临界,3,False,route_maintenance_review,public-derived-cycle-feature-table
1984,160.70281833333334,108.65437983333334,1.9302623333333335,2546.578233333333,6.4658299999999995,36.3496,0.5442666666666667,100.0,完全正常,normal,73.0,接近故障,critical,1.0,弱泄漏,degraded,100.0,严重降低,critical,0,稳定,2,临界,3,False,route_maintenance_review,public-derived-cycle-feature-table
1985,160.73063666666667,108.679946,1.9353765,2549.314733333333,6.463323333333333,36.3503,0.5386833333333333,100.0,完全正常,normal,73.0,接近故障,critical,1.0,弱泄漏,degraded,100.0,严重降低,critical,0,稳定,2,临界,3,False,route_maintenance_review,public-derived-cycle-feature-table
1986,160.70632833333332,108.66498533333333,1.9293174999999998,2546.353833333333,6.465388333333333,36.35151666666666,0.5391166666666667,100.0,完全正常,normal,73.0,接近故障,critical,1.0,弱泄漏,degraded,100.0,严重降低,critical,0,稳定,2,临界,3,False,route_maintenance_review,public-derived-cycle-feature-table
1987,160.69838,108.64920049999999,1.9371268333333331,2547.5608333333334,6.46636,36.35074999999999,0.5338666666666667,100.0,完全正常,normal,73.0,接近故障,critical,1.0,弱泄漏,degraded,100.0,严重降低,critical,0,稳定,2,临界,3,False,route_maintenance_review,public-derived-cycle-feature-table
1988,160.7136866666667,108.6654755,1.9457445,2548.805833333333,6.4664383333333335,36.35213333333334,0.5411833333333333,100.0,完全正常,normal,73.0,接近故障,critical,1.0,弱泄漏,degraded,100.0,严重降低,critical,0,稳定,2,临界,3,False,route_maintenance_review,public-derived-cycle-feature-table
1989,160.74459000000002,108.67979866666667,1.9344831666666669,2547.7822,6.46595,36.35583333333334,0.5415666666666666,100.0,完全正常,normal,73.0,接近故障,critical,1.0,弱泄漏,degraded,100.0,严重降低,critical,0,稳定,2,临界,3,False,route_maintenance_review,public-derived-cycle-feature-table
1990,160.76086166666667,108.67791066666665,1.9383193333333333,2551.253533333333,6.46759,36.34678333333333,0.5446333333333333,100.0,完全正常,normal,73.0,接近故障,critical,1.0,弱泄漏,degraded,100.0,严重降低,critical,0,稳定,2,临界,3,False,route_maintenance_review,public-derived-cycle-feature-table
1991,160.80363166666666,108.73113500000001,1.9444366666666666,2550.212,6.469860000000001,36.34131666666667,0.5440833333333334,100.0,完全正常,normal,73.0,接近故障,critical,1.0,弱泄漏,degraded,100.0,严重降低,critical,0,稳定,2,临界,3,False,route_maintenance_review,public-derived-cycle-feature-table
1992,160.76310666666666,108.68404199999999,1.9345016666666668,2549.0776333333333,6.472508333333333,36.33943333333333,0.5518166666666666,100.0,完全正常,normal,73.0,接近故障,critical,1.0,弱泄漏,degraded,100.0,严重降低,critical,0,稳定,2,临界,3,False,route_maintenance_review,public-derived-cycle-feature-table
1993,160.64658166666666,108.90917483333335,1.9358426666666668,2547.953833333333,6.499878333333333,36.340683333333345,0.5502833333333332,100.0,完全正常,normal,80.0,严重滞后,critical,1.0,弱泄漏,degraded,100.0,严重降低,critical,0,稳定,2,临界,3,False,route_maintenance_review,public-derived-cycle-feature-table
1994,160.651385,108.934661,1.9346584999999998,2547.7655,6.49076,36.33135000000001,0.5452,100.0,完全正常,normal,80.0,严重滞后,critical,1.0,弱泄漏,degraded,100.0,严重降低,critical,0,稳定,2,临界,3,False,route_maintenance_review,public-derived-cycle-feature-table
1995,160.64556166666665,108.91006883333333,1.9377558333333333,2547.5371999999998,6.4988116666666675,36.333299999999994,0.5457666666666667,100.0,完全正常,normal,80.0,严重滞后,critical,1.0,弱泄漏,degraded,100.0,严重降低,critical,0,稳定,2,临界,3,False,route_maintenance_review,public-derived-cycle-feature-table
1996,160.65025333333332,108.93785466666667,1.9320499999999998,2548.0702666666666,6.499948333333333,36.310683333333344,0.5416666666666667,100.0,完全正常,normal,80.0,严重滞后,critical,1.0,弱泄漏,degraded,100.0,严重降低,critical,0,稳定,2,临界,3,False,route_maintenance_review,public-derived-cycle-feature-table
1997,160.6494,108.90635533333334,1.9293326666666666,2548.981433333333,6.495726666666666,36.305233333333334,0.5399666666666666,100.0,完全正常,normal,80.0,严重滞后,critical,1.0,弱泄漏,degraded,100.0,严重降低,critical,0,稳定,2,临界,3,False,route_maintenance_review,public-derived-cycle-feature-table
1998,160.67083166666666,108.948123,1.9304298333333336,2549.3926666666666,6.4866,36.3071,0.5455333333333333,100.0,完全正常,normal,80.0,严重滞后,critical,1.0,弱泄漏,degraded,100.0,严重降低,critical,0,稳定,2,临界,3,False,route_maintenance_review,public-derived-cycle-feature-table
1999,160.642245,108.92400233333333,1.9269308333333335,2547.4824,6.495425,36.28618333333334,0.5330666666666667,100.0,完全正常,normal,80.0,严重滞后,critical,1.0,弱泄漏,degraded,100.0,严重降低,critical,0,稳定,2,临界,3,False,route_maintenance_review,public-derived-cycle-feature-table
2000,160.66169666666664,108.92095683333332,1.9227456666666667,2547.3135666666662,6.498418333333333,36.283816666666674,0.54275,100.0,完全正常,normal,80.0,严重滞后,critical,1.0,弱泄漏,degraded,100.0,严重降低,critical,0,稳定,2,临界,3,False,route_maintenance_review,public-derived-cycle-feature-table
2001,160.64139500000002,108.94395883333334,1.9278136666666665,2545.5946,6.490346666666667,36.27076666666667,0.5395333333333333,100.0,完全正常,normal,80.0,严重滞后,critical,1.0,弱泄漏,degraded,100.0,严重降低,critical,0,稳定,2,临界,3,False,route_maintenance_review,public-derived-cycle-feature-table
2002,160.654635,108.9347165,1.9288671666666668,2547.9505999999997,6.495593333333334,36.2606,0.5428666666666667,100.0,完全正常,normal,80.0,严重滞后,critical,1.0,弱泄漏,degraded,100.0,严重降低,critical,0,稳定,2,临界,3,False,route_maintenance_review,public-derived-cycle-feature-table
2003,160.59796666666665,109.14080816666667,1.9327720000000002,2545.9503666666665,6.5123316666666655,36.25883333333333,0.54315,100.0,完全正常,normal,90.0,轻微滞后,degraded,1.0,弱泄漏,degraded,100.0,严重降低,critical,0,稳定,2,临界,3,False,route_maintenance_review,public-derived-cycle-feature-table
2004,160.56296333333333,109.11381383333332,1.9410041666666669,2544.9707,6.51282,36.25536666666667,0.5359666666666667,100.0,完全正常,normal,90.0,轻微滞后,degraded,1.0,弱泄漏,degraded,100.0,严重降低,critical,0,稳定,2,临界,3,False,route_maintenance_review,public-derived-cycle-feature-table
2005,160.57918666666666,109.114294,1.9428858333333334,2548.1705333333334,6.51345,36.24268333333334,0.5388000000000001,100.0,完全正常,normal,90.0,轻微滞后,degraded,1.0,弱泄漏,degraded,100.0,严重降低,critical,0,稳定,2,临界,3,False,route_maintenance_review,public-derived-cycle-feature-table
2006,160.58206666666666,109.12340300000001,1.9427433333333333,2546.9105666666665,6.514241666666666,36.25771666666666,0.5447,100.0,完全正常,normal,90.0,轻微滞后,degraded,1.0,弱泄漏,degraded,100.0,严重降低,critical,0,稳定,2,临界,3,False,route_maintenance_review,public-derived-cycle-feature-table
2007,160.58776,109.14059283333334,1.9383811666666666,2546.5453333333335,6.510904999999999,36.26806666666667,0.5446333333333334,100.0,完全正常,normal,90.0,轻微滞后,degraded,1.0,弱泄漏,degraded,100.0,严重降低,critical,0,稳定,2,临界,3,False,route_maintenance_review,public-derived-cycle-feature-table
2008,160.59299166666665,109.136014,1.9442661666666665,2547.311433333333,6.513181666666667,36.26070000000001,0.5456333333333333,100.0,完全正常,normal,90.0,轻微滞后,degraded,1.0,弱泄漏,degraded,100.0,严重降低,critical,0,稳定,2,临界,3,False,route_maintenance_review,public-derived-cycle-feature-table
2009,160.56796666666668,109.12274399999998,1.9326855000000003,2548.2114666666666,6.51565,36.27136666666667,0.5344333333333334,100.0,完全正常,normal,90.0,轻微滞后,degraded,1.0,弱泄漏,degraded,100.0,严重降低,critical,0,稳定,2,临界,3,False,route_maintenance_review,public-derived-cycle-feature-table
2010,160.60239833333333,109.168207,1.9363215,2548.599,6.506936666666667,36.261250000000004,0.5461000000000001,100.0,完全正常,normal,90.0,轻微滞后,degraded,1.0,弱泄漏,degraded,100.0,严重降低,critical,0,稳定,2,临界,3,False,route_maintenance_review,public-derived-cycle-feature-table
2011,160.60171333333335,109.1582945,1.9299456666666666,2548.6205333333332,6.515223333333333,36.26245000000001,0.5488666666666667,100.0,完全正常,normal,90.0,轻微滞后,degraded,1.0,弱泄漏,degraded,100.0,严重降低,critical,0,稳定,2,临界,3,False,route_maintenance_review,public-derived-cycle-feature-table
2012,160.61307333333335,109.14322616666666,1.9361434999999998,2547.691233333333,6.512063333333333,36.24823333333333,0.5797166666666668,100.0,完全正常,normal,90.0,轻微滞后,degraded,1.0,弱泄漏,degraded,100.0,严重降低,critical,0,稳定,2,临界,3,False,route_maintenance_review,public-derived-cycle-feature-table
2013,160.543735,109.270273,1.9483348333333337,2545.5092999999997,6.51049,36.205133333333336,0.5508666666666667,100.0,完全正常,normal,100.0,最佳状态,normal,1.0,弱泄漏,degraded,100.0,严重降低,critical,0,稳定,2,临界,2,False,route_maintenance_review,public-derived-cycle-feature-table
2014,160.5686366666667,109.29978866666666,1.9393639999999999,2545.057166666666,6.508918333333334,36.18725000000001,0.5429499999999998,100.0,完全正常,normal,100.0,最佳状态,normal,1.0,弱泄漏,degraded,100.0,严重降低,critical,0,稳定,2,临界,2,False,route_maintenance_review,public-derived-cycle-feature-table
2015,160.56107666666665,109.29982783333332,1.9488758333333331,2547.5697333333333,6.507076666666666,36.19565,0.5401666666666667,100.0,完全正常,normal,100.0,最佳状态,normal,1.0,弱泄漏,degraded,100.0,严重降低,critical,0,稳定,2,临界,2,False,route_maintenance_review,public-derived-cycle-feature-table
2016,160.555145,109.27658066666666,1.9472188333333331,2547.218933333333,6.511405,36.191216666666655,0.5455166666666666,100.0,完全正常,normal,100.0,最佳状态,normal,1.0,弱泄漏,degraded,100.0,严重降低,critical,0,稳定,2,临界,2,False,route_maintenance_review,public-derived-cycle-feature-table
2017,160.55820166666666,109.26730133333332,1.9469518333333333,2547.1174333333333,6.515948333333332,36.191433333333336,0.5419166666666667,100.0,完全正常,normal,100.0,最佳状态,normal,1.0,弱泄漏,degraded,100.0,严重降低,critical,0,稳定,2,临界,2,False,route_maintenance_review,public-derived-cycle-feature-table
2018,160.57852,109.29398450000001,1.9522558333333333,2546.888433333333,6.514455000000001,36.18065,0.5406166666666667,100.0,完全正常,normal,100.0,最佳状态,normal,1.0,弱泄漏,degraded,100.0,严重降低,critical,0,稳定,2,临界,2,False,route_maintenance_review,public-derived-cycle-feature-table
2019,160.57949166666666,109.31818516666667,1.9412596666666668,2547.0637666666667,6.5112283333333325,36.17098333333333,0.5486833333333333,100.0,完全正常,normal,100.0,最佳状态,normal,1.0,弱泄漏,degraded,100.0,严重降低,critical,0,稳定,2,临界,2,False,route_maintenance_review,public-derived-cycle-feature-table
2020,160.57330166666668,109.29332883333333,1.946629,2547.4805,6.51383,36.15918333333333,0.5422833333333333,100.0,完全正常,normal,100.0,最佳状态,normal,1.0,弱泄漏,degraded,100.0,严重降低,critical,0,稳定,2,临界,2,False,route_maintenance_review,public-derived-cycle-feature-table
2021,160.60522,109.3413175,1.9380673333333331,2547.5695666666666,6.509086666666667,36.166199999999996,0.54095,100.0,完全正常,normal,100.0,最佳状态,normal,1.0,弱泄漏,degraded,100.0,严重降低,critical,0,稳定,2,临界,2,False,route_maintenance_review,public-derived-cycle-feature-table
2022,160.59094499999998,109.31295650000001,1.9452081666666667,2547.4314,6.519011666666666,36.16415,0.5410833333333334,100.0,完全正常,normal,100.0,最佳状态,normal,1.0,弱泄漏,degraded,100.0,严重降低,critical,0,稳定,2,临界,2,False,route_maintenance_review,public-derived-cycle-feature-table
2023,160.97553166666665,109.5836205,2.0041365,2539.4299666666666,6.701226666666666,36.18364999999999,0.54805,100.0,完全正常,normal,100.0,最佳状态,normal,0.0,无泄漏,normal,100.0,严重降低,critical,1,未稳定,2,临界,1,False,route_maintenance_review,public-derived-cycle-feature-table
2024,161.22491333333332,108.977419,2.0005593333333334,2538.8714,6.659283333333334,36.186383333333325,0.5456,100.0,完全正常,normal,73.0,接近故障,critical,0.0,无泄漏,normal,100.0,严重降低,critical,0,稳定,2,临界,2,False,route_maintenance_review,public-derived-cycle-feature-table
2025,161.219665,108.98622033333332,1.9905713333333332,2538.2325,6.658793333333333,36.19023333333333,0.5447166666666666,100.0,完全正常,normal,73.0,接近故障,critical,0.0,无泄漏,normal,100.0,严重降低,critical,0,稳定,2,临界,2,False,route_maintenance_review,public-derived-cycle-feature-table
2026,161.22914166666664,108.97789550000002,1.9912408333333333,2538.7607,6.656711666666666,36.20151666666666,0.5445333333333334,100.0,完全正常,normal,73.0,接近故障,critical,0.0,无泄漏,normal,100.0,严重降低,critical,0,稳定,2,临界,2,False,route_maintenance_review,public-derived-cycle-feature-table
2027,161.20444666666666,108.976845,1.9937390000000001,2540.0374666666667,6.657505,36.21848333333333,0.5440000000000002,100.0,完全正常,normal,73.0,接近故障,critical,0.0,无泄漏,normal,100.0,严重降低,critical,0,稳定,2,临界,2,False,route_maintenance_review,public-derived-cycle-feature-table
2028,161.21344333333332,108.97512433333334,1.9962048333333333,2540.077733333333,6.6547116666666675,36.22164999999999,0.5396000000000001,100.0,完全正常,normal,73.0,接近故障,critical,0.0,无泄漏,normal,100.0,严重降低,critical,0,稳定,2,临界,2,False,route_maintenance_review,public-derived-cycle-feature-table
2029,161.20854666666668,108.961403,1.9911171666666665,2539.606333333333,6.656038333333333,36.20523333333334,0.5458833333333334,100.0,完全正常,normal,73.0,接近故障,critical,0.0,无泄漏,normal,100.0,严重降低,critical,0,稳定,2,临界,2,False,route_maintenance_review,public-derived-cycle-feature-table
2030,161.2027733333333,108.97552783333332,1.987844,2539.0948000000003,6.658155,36.218716666666666,0.5454666666666667,100.0,完全正常,normal,73.0,接近故障,critical,0.0,无泄漏,normal,100.0,严重降低,critical,0,稳定,2,临界,2,False,route_maintenance_review,public-derived-cycle-feature-table
2031,161.20135000000002,108.95357516666665,1.9903683333333333,2539.8775666666666,6.660401666666667,36.20471666666666,0.5511333333333333,100.0,完全正常,normal,73.0,接近故障,critical,0.0,无泄漏,normal,100.0,严重降低,critical,0,稳定,2,临界,2,False,route_maintenance_review,public-derived-cycle-feature-table
2032,161.18615166666666,108.95404066666666,1.9922861666666665,2541.4546666666665,6.655796666666666,36.19958333333333,0.5449,100.0,完全正常,normal,73.0,接近故障,critical,0.0,无泄漏,normal,100.0,严重降低,critical,0,稳定,2,临界,2,False,route_maintenance_review,public-derived-cycle-feature-table
2033,161.21020666666666,108.96888766666666,1.9884145000000002,2542.1786333333334,6.659056666666667,36.20243333333334,0.5509,100.0,完全正常,normal,73.0,接近故障,critical,0.0,无泄漏,normal,100.0,严重降低,critical,0,稳定,2,临界,2,False,route_maintenance_review,public-derived-cycle-feature-table
2034,161.09763999999998,109.20923266666667,2.0060063333333336,2540.5399666666667,6.687858333333333,36.2246,0.5519000000000001,100.0,完全正常,normal,80.0,严重滞后,critical,0.0,无泄漏,normal,100.0,严重降低,critical,0,稳定,2,临界,2,False,route_maintenance_review,public-derived-cycle-feature-table
2035,161.10007166666665,109.22182716666667,2.0048661666666665,2540.722433333333,6.68384,36.21413333333333,0.5482833333333335,100.0,完全正常,normal,80.0,严重滞后,critical,0.0,无泄漏,normal,100.0,严重降低,critical,0,稳定,2,临界,2,False,route_maintenance_review,public-derived-cycle-feature-table
2036,161.11572,109.23420983333335,2.000371,2539.6522333333332,6.688116666666667,36.21651666666667,0.5458666666666667,100.0,完全正常,normal,80.0,严重滞后,critical,0.0,无泄漏,normal,100.0,严重降低,critical,0,稳定,2,临界,2,False,route_maintenance_review,public-derived-cycle-feature-table
2037,161.11181166666665,109.22571916666666,2.0026808333333332,2539.4476666666665,6.685451666666667,36.22523333333333,0.5469166666666666,100.0,完全正常,normal,80.0,严重滞后,critical,0.0,无泄漏,normal,100.0,严重降低,critical,0,稳定,2,临界,2,False,route_maintenance_review,public-derived-cycle-feature-table
2038,161.09787333333333,109.21218183333333,2.0000813333333336,2539.7887666666666,6.686411666666666,36.22158333333333,0.5442833333333333,100.0,完全正常,normal,80.0,严重滞后,critical,0.0,无泄漏,normal,100.0,严重降低,critical,0,稳定,2,临界,2,False,route_maintenance_review,public-derived-cycle-feature-table
2039,161.07754333333332,109.206538,1.9944363333333335,2540.2836666666662,6.684298333333333,36.22758333333333,0.5491666666666667,100.0,完全正常,normal,80.0,严重滞后,critical,0.0,无泄漏,normal,100.0,严重降低,critical,0,稳定,2,临界,2,False,route_maintenance_review,public-derived-cycle-feature-table
2040,161.09486166666667,109.23170799999998,1.9941411666666664,2541.8400666666666,6.683191666666667,36.21576666666667,0.5466500000000001,100.0,完全正常,normal,80.0,严重滞后,critical,0.0,无泄漏,normal,100.0,严重降低,critical,0,稳定,2,临界,2,False,route_maintenance_review,public-derived-cycle-feature-table
2041,161.08883,109.23596866666665,1.9892438333333333,2541.123,6.674921666666666,36.23156666666667,0.5483333333333333,100.0,完全正常,normal,80.0,严重滞后,critical,0.0,无泄漏,normal,100.0,严重降低,critical,0,稳定,2,临界,2,False,route_maintenance_review,public-derived-cycle-feature-table
2042,161.099725,109.24693516666667,1.992692333333333,2540.7408,6.682599999999999,36.243216666666655,0.5491166666666666,100.0,完全正常,normal,80.0,严重滞后,critical,0.0,无泄漏,normal,100.0,严重降低,critical,0,稳定,2,临界,2,False,route_maintenance_review,public-derived-cycle-feature-table
2043,161.098415,109.22759083333332,1.9915638333333332,2539.9145,6.686235,36.231633333333335,0.5501499999999999,100.0,完全正常,normal,80.0,严重滞后,critical,0.0,无泄漏,normal,100.0,严重降低,critical,0,稳定,2,临界,2,False,route_maintenance_review,public-derived-cycle-feature-table
2044,161.008015,109.42161216666666,1.9984233333333334,2538.7693666666664,6.696015,36.22536666666667,0.5485666666666666,100.0,完全正常,normal,90.0,轻微滞后,degraded,0.0,无泄漏,normal,100.0,严重降低,critical,0,稳定,2,临界,2,False,route_maintenance_review,public-derived-cycle-feature-table
2045,161.01425,109.433567,1.9950961666666664,2538.2743666666665,6.6942200000000005,36.21905,0.5442,100.0,完全正常,normal,90.0,轻微滞后,degraded,0.0,无泄漏,normal,100.0,严重降低,critical,0,稳定,2,临界,2,False,route_maintenance_review,public-derived-cycle-feature-table
2046,161.02186333333333,109.44376500000001,2.000257833333333,2539.4056,6.692768333333334,36.19173333333333,0.5514833333333333,100.0,完全正常,normal,90.0,轻微滞后,degraded,0.0,无泄漏,normal,100.0,严重降低,critical,0,稳定,2,临界,2,False,route_maintenance_review,public-derived-cycle-feature-table
2047,161.027145,109.45397133333333,1.9919441666666668,2537.0736999999995,6.692776666666667,36.182649999999995,0.5481833333333334,100.0,完全正常,normal,90.0,轻微滞后,degraded,0.0,无泄漏,normal,100.0,严重降低,critical,0,稳定,2,临界,2,False,route_maintenance_review,public-derived-cycle-feature-table
2048,161.031215,109.46845983333334,1.9965411666666666,2537.997533333333,6.695801666666666,36.15786666666667,0.5461666666666666,100.0,完全正常,normal,90.0,轻微滞后,degraded,0.0,无泄漏,normal,100.0,严重降低,critical,0,稳定,2,临界,2,False,route_maintenance_review,public-derived-cycle-feature-table
2049,161.02130833333334,109.43952099999998,2.0024086666666667,2537.5764,6.694834999999999,36.160000000000004,0.5458166666666667,100.0,完全正常,normal,90.0,轻微滞后,degraded,0.0,无泄漏,normal,100.0,严重降低,critical,0,稳定,2,临界,2,False,route_maintenance_review,public-derived-cycle-feature-table
2050,161.02356833333332,109.4483035,2.0015004999999997,2537.8399666666664,6.6883783333333335,36.16576666666667,0.5471166666666666,100.0,完全正常,normal,90.0,轻微滞后,degraded,0.0,无泄漏,normal,100.0,严重降低,critical,0,稳定,2,临界,2,False,route_maintenance_review,public-derived-cycle-feature-table
2051,161.03348166666666,109.44095349999998,1.9987583333333332,2536.6528999999996,6.695193333333333,36.178966666666675,0.5457500000000001,100.0,完全正常,normal,90.0,轻微滞后,degraded,0.0,无泄漏,normal,100.0,严重降低,critical,0,稳定,2,临界,2,False,route_maintenance_review,public-derived-cycle-feature-table
2052,161.01945166666667,109.42137333333334,2.0000651666666664,2536.291133333333,6.699111666666667,36.15998333333334,0.5463333333333333,100.0,完全正常,normal,90.0,轻微滞后,degraded,0.0,无泄漏,normal,100.0,严重降低,critical,0,稳定,2,临界,2,False,route_maintenance_review,public-derived-cycle-feature-table
2053,161.03502666666665,109.47201249999999,1.9990321666666666,2538.3943999999997,6.694681666666666,36.162033333333326,0.5519166666666667,100.0,完全正常,normal,90.0,轻微滞后,degraded,0.0,无泄漏,normal,100.0,严重降低,critical,0,稳定,2,临界,2,False,route_maintenance_review,public-derived-cycle-feature-table
2054,160.96232666666666,109.58174816666667,2.0015273333333337,2537.6092,6.698218333333332,36.1498,0.5524499999999999,100.0,完全正常,normal,100.0,最佳状态,normal,0.0,无泄漏,normal,100.0,严重降低,critical,0,稳定,2,临界,1,False,route_maintenance_review,public-derived-cycle-feature-table
2055,160.98948833333333,109.6271405,2.0046373333333336,2539.2465666666662,6.693115,36.137899999999995,0.54145,100.0,完全正常,normal,100.0,最佳状态,normal,0.0,无泄漏,normal,100.0,严重降低,critical,0,稳定,2,临界,1,False,route_maintenance_review,public-derived-cycle-feature-table
2056,161.00016666666667,109.63728483333334,2.0031675,2538.7034,6.695285,36.14373333333333,0.5456833333333333,100.0,完全正常,normal,100.0,最佳状态,normal,0.0,无泄漏,normal,100.0,严重降低,critical,0,稳定,2,临界,1,False,route_maintenance_review,public-derived-cycle-feature-table
2057,160.98611333333332,109.60584500000002,2.0092695,2537.9711333333335,6.6924133333333335,36.127366666666674,0.5464,100.0,完全正常,normal,100.0,最佳状态,normal,0.0,无泄漏,normal,100.0,严重降低,critical,0,稳定,2,临界,1,False,route_maintenance_review,public-derived-cycle-feature-table
2058,160.97739833333333,109.63228666666666,2.001363,2537.273733333333,6.690446666666666,36.13348333333334,0.5459333333333334,100.0,完全正常,normal,100.0,最佳状态,normal,0.0,无泄漏,normal,100.0,严重降低,critical,0,稳定,2,临界,1,False,route_maintenance_review,public-derived-cycle-feature-table
2059,160.9849066666667,109.61845249999999,1.992787833333333,2537.490933333333,6.689041666666667,36.133966666666666,0.5419333333333333,100.0,完全正常,normal,100.0,最佳状态,normal,0.0,无泄漏,normal,100.0,严重降低,critical,0,稳定,2,临界,1,False,route_maintenance_review,public-derived-cycle-feature-table
2060,160.98305833333333,109.60107816666667,1.9895925,2538.0727666666667,6.689471666666667,36.118500000000004,0.5443833333333333,100.0,完全正常,normal,100.0,最佳状态,normal,0.0,无泄漏,normal,100.0,严重降低,critical,0,稳定,2,临界,1,False,route_maintenance_review,public-derived-cycle-feature-table
2061,160.95728,109.580219,2.0053159999999997,2537.3738999999996,6.6876999999999995,36.11655000000001,0.5404166666666668,100.0,完全正常,normal,100.0,最佳状态,normal,0.0,无泄漏,normal,100.0,严重降低,critical,0,稳定,2,临界,1,False,route_maintenance_review,public-derived-cycle-feature-table
2062,160.9713066666667,109.607054,1.9949956666666664,2537.3327999999997,6.686858333333333,36.10546666666667,0.5435833333333332,100.0,完全正常,normal,100.0,最佳状态,normal,0.0,无泄漏,normal,100.0,严重降低,critical,0,稳定,2,临界,1,False,route_maintenance_review,public-derived-cycle-feature-table
2063,160.987935,109.6209816666667,2.0043545000000003,2538.4023666666667,6.690123333333333,36.09694999999999,0.5466333333333334,100.0,完全正常,normal,100.0,最佳状态,normal,0.0,无泄漏,normal,100.0,严重降低,critical,0,稳定,2,临界,1,False,route_maintenance_review,public-derived-cycle-feature-table
2064,160.95962833333334,109.59101516666666,1.9935251666666662,2543.002133333333,6.6905,36.07558333333334,0.5502833333333333,100.0,完全正常,normal,100.0,最佳状态,normal,0.0,无泄漏,normal,90.0,接近故障,critical,1,未稳定,2,临界,1,False,route_maintenance_review,public-derived-cycle-feature-table
2065,161.00256333333334,109.61116416666668,1.9834848333333333,2541.1324999999997,6.68042,36.07631666666667,0.5449666666666668,100.0,完全正常,normal,100.0,最佳状态,normal,0.0,无泄漏,normal,90.0,接近故障,critical,1,未稳定,2,临界,1,False,route_maintenance_review,public-derived-cycle-feature-table
2066,160.996245,109.583391,1.989111166666667,2539.8859666666663,6.68324,36.07443333333334,0.5485833333333333,100.0,完全正常,normal,100.0,最佳状态,normal,0.0,无泄漏,normal,90.0,接近故障,critical,1,未稳定,2,临界,1,False,route_maintenance_review,public-derived-cycle-feature-table
2067,160.99240333333333,109.60421583333333,1.9976820000000002,2539.6302333333333,6.67875,36.08373333333334,0.5421833333333335,100.0,完全正常,normal,100.0,最佳状态,normal,0.0,无泄漏,normal,90.0,接近故障,critical,1,未稳定,2,临界,1,False,route_maintenance_review,public-derived-cycle-feature-table
2068,161.01275333333334,109.60129783333333,1.9870616666666667,2539.457033333333,6.682618333333333,36.062050000000006,0.54695,100.0,完全正常,normal,100.0,最佳状态,normal,0.0,无泄漏,normal,90.0,接近故障,critical,1,未稳定,2,临界,1,False,route_maintenance_review,public-derived-cycle-feature-table
2069,161.01325166666666,109.59303883333334,1.9945175,2539.746833333333,6.6800516666666665,36.055416666666666,0.5428166666666667,100.0,完全正常,normal,100.0,最佳状态,normal,0.0,无泄漏,normal,90.0,接近故障,critical,1,未稳定,2,临界,1,False,route_maintenance_review,public-derived-cycle-feature-table
2070,161.03620333333336,109.62119416666667,1.9925548333333334,2542.0631,6.6845316666666665,36.06010000000001,0.5413666666666666,100.0,完全正常,normal,100.0,最佳状态,normal,0.0,无泄漏,normal,90.0,接近故障,critical,1,未稳定,2,临界,1,False,route_maintenance_review,public-derived-cycle-feature-table
2071,161.026705,109.589732,1.991391,2542.0829,6.68683,36.05246666666667,0.5392666666666667,100.0,完全正常,normal,100.0,最佳状态,normal,0.0,无泄漏,normal,90.0,接近故障,critical,1,未稳定,2,临界,1,False,route_maintenance_review,public-derived-cycle-feature-table
2072,161.01999333333333,109.59205200000001,2.00404,2540.7435333333333,6.680679999999999,36.05121666666666,0.5405666666666668,100.0,完全正常,normal,100.0,最佳状态,normal,0.0,无泄漏,normal,90.0,接近故障,critical,1,未稳定,2,临界,1,False,route_maintenance_review,public-derived-cycle-feature-table
2073,161.01823166666668,109.59788716666667,1.9923359999999999,2540.4957666666664,6.679963333333332,36.03771666666667,0.5482833333333333,100.0,完全正常,normal,100.0,最佳状态,normal,0.0,无泄漏,normal,90.0,接近故障,critical,1,未稳定,2,临界,1,False,route_maintenance_review,public-derived-cycle-feature-table
2074,160.36759666666669,109.13290083333334,1.9218133333333336,2566.093033333333,6.413921666666666,36.01091666666667,0.5426666666666667,100.0,完全正常,normal,100.0,最佳状态,normal,2.0,严重泄漏,critical,90.0,接近故障,critical,1,未稳定,2,临界,2,False,route_maintenance_review,public-derived-cycle-feature-table
2075,160.6108383333333,108.57022816666665,1.9038621666666664,2568.4175999999998,6.369681666666666,35.96641666666667,0.5447000000000001,100.0,完全正常,normal,73.0,接近故障,critical,2.0,严重泄漏,critical,90.0,接近故障,critical,0,稳定,2,临界,3,False,route_maintenance_review,public-derived-cycle-feature-table
2076,160.59960666666666,108.60712766666666,1.9031546666666666,2567.611533333333,6.369256666666667,35.92933333333333,0.54055,100.0,完全正常,normal,73.0,接近故障,critical,2.0,严重泄漏,critical,90.0,接近故障,critical,0,稳定,2,临界,3,False,route_maintenance_review,public-derived-cycle-feature-table
2077,160.58285333333333,108.547836,1.9016935,2566.6323666666667,6.363320000000001,35.90485,0.5486500000000001,100.0,完全正常,normal,73.0,接近故障,critical,2.0,严重泄漏,critical,90.0,接近故障,critical,0,稳定,2,临界,3,False,route_maintenance_review,public-derived-cycle-feature-table
2078,160.59111166666668,108.56653016666668,1.891899,2566.607933333333,6.365823333333333,35.882533333333335,0.5428833333333334,100.0,完全正常,normal,73.0,接近故障,critical,2.0,严重泄漏,critical,90.0,接近故障,critical,0,稳定,2,临界,3,False,route_maintenance_review,public-derived-cycle-feature-table
2079,160.59720166666665,108.56655333333335,1.9077668333333335,2566.037233333333,6.362455,35.86921666666668,0.5461333333333332,100.0,完全正常,normal,73.0,接近故障,critical,2.0,严重泄漏,critical,90.0,接近故障,critical,0,稳定,2,临界,3,False,route_maintenance_review,public-derived-cycle-feature-table
2080,160.589855,108.57037583333333,1.899573,2565.799233333333,6.36637,35.865500000000004,0.5470833333333333,100.0,完全正常,normal,73.0,接近故障,critical,2.0,严重泄漏,critical,90.0,接近故障,critical,0,稳定,2,临界,3,False,route_maintenance_review,public-derived-cycle-feature-table
2081,160.58947666666668,108.55715099999999,1.9046615000000002,2565.0657666666666,6.362523333333334,35.86480000000001,0.5560833333333334,100.0,完全正常,normal,73.0,接近故障,critical,2.0,严重泄漏,critical,90.0,接近故障,critical,0,稳定,2,临界,3,False,route_maintenance_review,public-derived-cycle-feature-table
2082,160.59342999999998,108.56903466666667,1.9055608333333334,2566.956,6.368193333333334,35.86548333333334,0.5536833333333335,100.0,完全正常,normal,73.0,接近故障,critical,2.0,严重泄漏,critical,90.0,接近故障,critical,0,稳定,2,临界,3,False,route_maintenance_review,public-derived-cycle-feature-table
2083,160.60200333333333,108.57783316666668,1.9060218333333336,2567.9862333333335,6.368706666666667,35.87786666666668,0.55405,100.0,完全正常,normal,73.0,接近故障,critical,2.0,严重泄漏,critical,90.0,接近故障,critical,0,稳定,2,临界,3,False,route_maintenance_review,public-derived-cycle-feature-table
2084,160.618185,108.56147866666666,1.8934384999999998,2566.4136333333336,6.364663333333334,35.863616666666665,0.5541500000000001,100.0,完全正常,normal,73.0,接近故障,critical,2.0,严重泄漏,critical,90.0,接近故障,critical,0,稳定,2,临界,3,False,route_maintenance_review,public-derived-cycle-feature-table
2085,160.50266833333333,108.80890666666667,1.8955608333333334,2562.4151666666667,6.393926666666667,35.856633333333335,0.5532,100.0,完全正常,normal,80.0,严重滞后,critical,2.0,严重泄漏,critical,90.0,接近故障,critical,0,稳定,2,临界,3,False,route_maintenance_review,public-derived-cycle-feature-table
2086,160.491205,108.79673816666667,1.9046869999999998,2562.9454333333338,6.39107,35.8546,0.5564833333333333,100.0,完全正常,normal,80.0,严重滞后,critical,2.0,严重泄漏,critical,90.0,接近故障,critical,0,稳定,2,临界,3,False,route_maintenance_review,public-derived-cycle-feature-table
2087,160.53930833333334,108.85410783333333,1.9051248333333333,2567.6492333333335,6.381541666666667,35.853433333333335,0.5526666666666666,100.0,完全正常,normal,80.0,严重滞后,critical,2.0,严重泄漏,critical,90.0,接近故障,critical,0,稳定,2,临界,3,False,route_maintenance_review,public-derived-cycle-feature-table
2088,160.54032999999998,108.8405185,1.9043186666666667,2566.0236,6.381715000000001,35.850500000000004,0.5533666666666667,100.0,完全正常,normal,80.0,严重滞后,critical,2.0,严重泄漏,critical,90.0,接近故障,critical,0,稳定,2,临界,3,False,route_maintenance_review,public-derived-cycle-feature-table
2089,160.52363166666666,108.82938233333333,1.9016506666666664,2565.2820333333334,6.382175,35.85685,0.5531666666666666,100.0,完全正常,normal,80.0,严重滞后,critical,2.0,严重泄漏,critical,90.0,接近故障,critical,0,稳定,2,临界,3,False,route_maintenance_review,public-derived-cycle-feature-table
2090,160.5343466666667,108.856124,1.8986973333333332,2565.020233333333,6.378996666666667,35.868950000000005,0.5469166666666667,100.0,完全正常,normal,80.0,严重滞后,critical,2.0,严重泄漏,critical,90.0,接近故障,critical,0,稳定,2,临界,3,False,route_maintenance_review,public-derived-cycle-feature-table
2091,160.49989333333332,108.79356100000001,1.9034825,2565.1231,6.389516666666666,35.86045,0.5505833333333333,100.0,完全正常,normal,80.0,严重滞后,critical,2.0,严重泄漏,critical,90.0,接近故障,critical,0,稳定,2,临界,3,False,route_maintenance_review,public-derived-cycle-feature-table
2092,160.50012166666667,108.8072635,1.89761,2565.1046333333334,6.39233,35.86614999999999,0.54925,100.0,完全正常,normal,80.0,严重滞后,critical,2.0,严重泄漏,critical,90.0,接近故障,critical,0,稳定,2,临界,3,False,route_maintenance_review,public-derived-cycle-feature-table
2093,160.52690333333334,108.81523916666667,1.904975,2563.3494333333333,6.38526,35.85685000000001,0.5500333333333334,100.0,完全正常,normal,80.0,严重滞后,critical,2.0,严重泄漏,critical,90.0,接近故障,critical,0,稳定,2,临界,3,False,route_maintenance_review,public-derived-cycle-feature-table
2094,160.51706499999997,108.8458675,1.9026736666666666,2562.6102,6.376381666666667,35.8592,0.5477333333333333,100.0,完全正常,normal,80.0,严重滞后,critical,2.0,严重泄漏,critical,90.0,接近故障,critical,0,稳定,2,临界,3,False,route_maintenance_review,public-derived-cycle-feature-table
2095,160.4238,109.01279966666665,1.9152416666666667,2562.285033333333,6.400326666666667,35.85008333333334,0.5509000000000001,100.0,完全正常,normal,90.0,轻微滞后,degraded,2.0,严重泄漏,critical,90.0,接近故障,critical,0,稳定,2,临界,3,False,route_maintenance_review,public-derived-cycle-feature-table
2096,160.43426166666666,109.01092966666667,1.9049171666666667,2562.735833333333,6.405833333333334,35.843833333333336,0.5457833333333334,100.0,完全正常,normal,90.0,轻微滞后,degraded,2.0,严重泄漏,critical,90.0,接近故障,critical,0,稳定,2,临界,3,False,route_maintenance_review,public-derived-cycle-feature-table
2097,160.43257333333332,109.02274366666667,1.9064800000000002,2562.7977,6.403083333333334,35.83621666666667,0.5467,100.0,完全正常,normal,90.0,轻微滞后,degraded,2.0,严重泄漏,critical,90.0,接近故障,critical,0,稳定,2,临界,3,False,route_maintenance_review,public-derived-cycle-feature-table
2098,160.42818000000003,109.01505116666667,1.9002105000000002,2566.2395,6.405321666666667,35.83758333333333,0.5439166666666666,100.0,完全正常,normal,90.0,轻微滞后,degraded,2.0,严重泄漏,critical,90.0,接近故障,critical,0,稳定,2,临界,3,False,route_maintenance_review,public-derived-cycle-feature-table
2099,160.42051666666666,109.029015,1.899300166666667,2563.3287,6.390926666666666,35.840716666666665,0.5401166666666667,100.0,完全正常,normal,90.0,轻微滞后,degraded,2.0,严重泄漏,critical,90.0,接近故障,critical,0,稳定,2,临界,3,False,route_maintenance_review,public-derived-cycle-feature-table
2100,160.43131666666667,109.01542433333333,1.9041063333333332,2563.2187,6.40294,35.83871666666667,0.5452499999999999,100.0,完全正常,normal,90.0,轻微滞后,degraded,2.0,严重泄漏,critical,90.0,接近故障,critical,0,稳定,2,临界,3,False,route_maintenance_review,public-derived-cycle-feature-table
2101,160.44977,109.039804,1.9031675,2562.1638999999996,6.393286666666667,35.830916666666674,0.54705,100.0,完全正常,normal,90.0,轻微滞后,degraded,2.0,严重泄漏,critical,90.0,接近故障,critical,0,稳定,2,临界,3,False,route_maintenance_review,public-derived-cycle-feature-table
2102,160.46139333333332,109.03110616666666,1.9184519999999998,2562.482933333333,6.40477,35.82343333333334,0.5438333333333334,100.0,完全正常,normal,90.0,轻微滞后,degraded,2.0,严重泄漏,critical,90.0,接近故障,critical,0,稳定,2,临界,3,False,route_maintenance_review,public-derived-cycle-feature-table
2103,160.44235333333333,109.03061833333332,1.9167591666666668,2563.484233333333,6.401608333333334,35.8278,0.5437,100.0,完全正常,normal,90.0,轻微滞后,degraded,2.0,严重泄漏,critical,90.0,接近故障,critical,0,稳定,2,临界,3,False,route_maintenance_review,public-derived-cycle-feature-table
2104,160.43823,109.03341449999999,1.909569,2561.5409999999997,6.401325,35.827450000000006,0.5452666666666667,100.0,完全正常,normal,90.0,轻微滞后,degraded,2.0,严重泄漏,critical,90.0,接近故障,critical,0,稳定,2,临界,3,False,route_maintenance_review,public-derived-cycle-feature-table
2105,160.40000333333333,109.20770266666666,1.9089851666666666,2561.838133333333,6.40239,35.819566666666674,0.54475,100.0,完全正常,normal,100.0,最佳状态,normal,2.0,严重泄漏,critical,90.0,接近故障,critical,0,稳定,2,临界,2,False,route_maintenance_review,public-derived-cycle-feature-table
2106,160.387955,109.17013533333332,1.92114,2562.7930666666666,6.400585000000001,35.79913333333333,0.5453166666666667,100.0,完全正常,normal,100.0,最佳状态,normal,2.0,严重泄漏,critical,90.0,接近故障,critical,0,稳定,2,临界,2,False,route_maintenance_review,public-derived-cycle-feature-table
2107,160.44074333333333,109.21542866666665,1.9224740000000002,2564.647633333333,6.400995,35.82496666666667,0.5454833333333333,100.0,完全正常,normal,100.0,最佳状态,normal,2.0,严重泄漏,critical,90.0,接近故障,critical,0,稳定,2,临界,2,False,route_maintenance_review,public-derived-cycle-feature-table
2108,160.38812,109.15494633333334,1.9178743333333332,2563.5005333333334,6.401685,35.80651666666666,0.5423500000000001,100.0,完全正常,normal,100.0,最佳状态,normal,2.0,严重泄漏,critical,90.0,接近故障,critical,0,稳定,2,临界,2,False,route_maintenance_review,public-derived-cycle-feature-table
2109,160.39327,109.15768516666667,1.9160396666666666,2563.0359666666664,6.39889,35.785516666666666,0.5444333333333333,100.0,完全正常,normal,100.0,最佳状态,normal,2.0,严重泄漏,critical,90.0,接近故障,critical,0,稳定,2,临界,2,False,route_maintenance_review,public-derived-cycle-feature-table
2110,160.39239500000002,109.1809305,1.910202,2563.1255,6.404598333333333,35.77923333333334,0.5459499999999999,100.0,完全正常,normal,100.0,最佳状态,normal,2.0,严重泄漏,critical,90.0,接近故障,critical,0,稳定,2,临界,2,False,route_maintenance_review,public-derived-cycle-feature-table
2111,160.39884,109.16389783333335,1.9153391666666666,2564.1814,6.400846666666667,35.78268333333333,0.5410166666666666,100.0,完全正常,normal,100.0,最佳状态,normal,2.0,严重泄漏,critical,90.0,接近故障,critical,0,稳定,2,临界,2,False,route_maintenance_review,public-derived-cycle-feature-table
2112,160.41412,109.20887016666667,1.9165896666666666,2564.5942666666665,6.401175,35.78194999999999,0.5410333333333334,100.0,完全正常,normal,100.0,最佳状态,normal,2.0,严重泄漏,critical,90.0,接近故障,critical,0,稳定,2,临界,2,False,route_maintenance_review,public-derived-cycle-feature-table
2113,160.40153,109.1945195,1.9182748333333335,2563.6539666666667,6.403764999999999,35.77421666666667,0.5487666666666668,100.0,完全正常,normal,100.0,最佳状态,normal,2.0,严重泄漏,critical,90.0,接近故障,critical,0,稳定,2,临界,2,False,route_maintenance_review,public-derived-cycle-feature-table
2114,160.3998533333333,109.19313716666666,1.9152895,2560.474233333333,6.401465,35.772666666666666,0.5451166666666667,100.0,完全正常,normal,100.0,最佳状态,normal,2.0,严重泄漏,critical,90.0,接近故障,critical,0,稳定,2,临界,2,False,route_maintenance_review,public-derived-cycle-feature-table
2115,160.6712,109.39188616666665,1.9493121666666666,2549.226766666666,6.495866666666667,35.77303333333334,0.5442666666666667,100.0,完全正常,normal,100.0,最佳状态,normal,1.0,弱泄漏,degraded,90.0,接近故障,critical,1,未稳定,2,临界,2,False,route_maintenance_review,public-derived-cycle-feature-table
2116,160.92301499999996,108.788677,1.9314541666666665,2550.7221333333337,6.457863333333333,35.77961666666666,0.5509833333333334,100.0,完全正常,normal,73.0,接近故障,critical,1.0,弱泄漏,degraded,90.0,接近故障,critical,0,稳定,2,临界,3,False,route_maintenance_review,public-derived-cycle-feature-table
2117,160.90071500000002,108.77489849999999,1.9244141666666668,2549.1920333333333,6.457043333333333,35.76618333333332,0.5533499999999999,100.0,完全正常,normal,73.0,接近故障,critical,1.0,弱泄漏,degraded,90.0,接近故障,critical,0,稳定,2,临界,3,False,route_maintenance_review,public-derived-cycle-feature-table
2118,160.91691666666668,108.778384,1.9314528333333334,2552.212233333333,6.46049,35.77719999999999,0.5515333333333334,100.0,完全正常,normal,73.0,接近故障,critical,1.0,弱泄漏,degraded,90.0,接近故障,critical,0,稳定,2,临界,3,False,route_maintenance_review,public-derived-cycle-feature-table
2119,160.90479166666665,108.78163016666667,1.9407538333333334,2553.301233333333,6.460758333333334,35.7734,0.54755,100.0,完全正常,normal,73.0,接近故障,critical,1.0,弱泄漏,degraded,90.0,接近故障,critical,0,稳定,2,临界,3,False,route_maintenance_review,public-derived-cycle-feature-table
2120,160.912165,108.78799983333334,1.9274476666666667,2552.866,6.461196666666666,35.78391666666666,0.5505666666666668,100.0,完全正常,normal,73.0,接近故障,critical,1.0,弱泄漏,degraded,90.0,接近故障,critical,0,稳定,2,临界,3,False,route_maintenance_review,public-derived-cycle-feature-table
2121,160.90893000000003,108.80319566666668,1.930825666666667,2553.3118999999997,6.461726666666666,35.775633333333325,0.5484333333333333,100.0,完全正常,normal,73.0,接近故障,critical,1.0,弱泄漏,degraded,90.0,接近故障,critical,0,稳定,2,临界,3,False,route_maintenance_review,public-derived-cycle-feature-table
2122,160.88869666666668,108.7661075,1.9326858333333332,2552.380733333333,6.4617016666666665,35.765,0.5477666666666666,100.0,完全正常,normal,73.0,接近故障,critical,1.0,弱泄漏,degraded,90.0,接近故障,critical,0,稳定,2,临界,3,False,route_maintenance_review,public-derived-cycle-feature-table
2123,160.89479,108.81032266666666,1.9349009999999998,2551.3678666666665,6.464763333333334,35.7535,0.5515666666666666,100.0,完全正常,normal,73.0,接近故障,critical,1.0,弱泄漏,degraded,90.0,接近故障,critical,0,稳定,2,临界,3,False,route_maintenance_review,public-derived-cycle-feature-table
2124,160.885735,108.77783633333333,1.9306159999999999,2551.225,6.464665000000001,35.74023333333333,0.5485000000000001,100.0,完全正常,normal,73.0,接近故障,critical,1.0,弱泄漏,degraded,90.0,接近故障,critical,0,稳定,2,临界,3,False,route_maintenance_review,public-derived-cycle-feature-table
2125,160.90096166666666,108.78498016666667,1.9189390000000004,2548.7465,6.46185,35.7386,0.5547166666666665,100.0,完全正常,normal,73.0,接近故障,critical,1.0,弱泄漏,degraded,90.0,接近故障,critical,0,稳定,2,临界,3,False,route_maintenance_review,public-derived-cycle-feature-table
2126,160.80862333333334,109.039634,1.923905,2546.703766666666,6.486661666666666,35.74561666666666,0.5580666666666666,100.0,完全正常,normal,80.0,严重滞后,critical,1.0,弱泄漏,degraded,90.0,接近故障,critical,0,稳定,2,临界,3,False,route_maintenance_review,public-derived-cycle-feature-table
2127,160.81719833333332,109.06392916666665,1.9303974999999998,2547.9608000000003,6.477181666666667,35.74281666666666,0.55345,100.0,完全正常,normal,80.0,严重滞后,critical,1.0,弱泄漏,degraded,90.0,接近故障,critical,0,稳定,2,临界,3,False,route_maintenance_review,public-derived-cycle-feature-table
2128,160.82429333333334,109.05636933333334,1.9212085,2549.206,6.491453333333332,35.72858333333333,0.5537500000000002,100.0,完全正常,normal,80.0,严重滞后,critical,1.0,弱泄漏,degraded,90.0,接近故障,critical,0,稳定,2,临界,3,False,route_maintenance_review,public-derived-cycle-feature-table
2129,160.82741666666666,109.07989133333334,1.9326861666666666,2548.8326666666667,6.474068333333334,35.717549999999996,0.5522166666666666,100.0,完全正常,normal,80.0,严重滞后,critical,1.0,弱泄漏,degraded,90.0,接近故障,critical,0,稳定,2,临界,3,False,route_maintenance_review,public-derived-cycle-feature-table
2130,160.81411333333332,109.05068666666666,1.9337879999999998,2550.2314333333334,6.486041666666667,35.71938333333333,0.54615,100.0,完全正常,normal,80.0,严重滞后,critical,1.0,弱泄漏,degraded,90.0,接近故障,critical,0,稳定,2,临界,3,False,route_maintenance_review,public-derived-cycle-feature-table
2131,160.83262666666667,109.05839999999998,1.9423338333333335,2551.3811666666666,6.4874350000000005,35.69861666666667,0.5485333333333333,100.0,完全正常,normal,80.0,严重滞后,critical,1.0,弱泄漏,degraded,90.0,接近故障,critical,0,稳定,2,临界,3,False,route_maintenance_review,public-derived-cycle-feature-table
2132,160.81982166666666,109.05861133333333,1.936900833333333,2550.9910666666665,6.4837549999999995,35.695583333333346,0.5468500000000002,100.0,完全正常,normal,80.0,严重滞后,critical,1.0,弱泄漏,degraded,90.0,接近故障,critical,0,稳定,2,临界,3,False,route_maintenance_review,public-derived-cycle-feature-table
2133,160.84041,109.07994716666666,1.9267813333333335,2551.2653999999998,6.476378333333333,35.702349999999996,0.5514499999999999,100.0,完全正常,normal,80.0,严重滞后,critical,1.0,弱泄漏,degraded,90.0,接近故障,critical,0,稳定,2,临界,3,False,route_maintenance_review,public-derived-cycle-feature-table
2134,160.82309833333335,109.07561366666667,1.9280635000000002,2550.6412,6.478100000000001,35.685716666666664,0.5483,100.0,完全正常,normal,80.0,严重滞后,critical,1.0,弱泄漏,degraded,90.0,接近故障,critical,0,稳定,2,临界,3,False,route_maintenance_review,public-derived-cycle-feature-table
2135,160.81286833333334,109.03556950000001,1.929043166666667,2549.232033333333,6.485178333333334,35.67683333333333,0.5489833333333334,100.0,完全正常,normal,80.0,严重滞后,critical,1.0,弱泄漏,degraded,90.0,接近故障,critical,0,稳定,2,临界,3,False,route_maintenance_review,public-derived-cycle-feature-table
2136,160.74121666666667,109.25461899999999,1.9332074999999997,2548.665833333333,6.50648,35.677099999999996,0.5502166666666668,100.0,完全正常,normal,90.0,轻微滞后,degraded,1.0,弱泄漏,degraded,90.0,接近故障,critical,0,稳定,2,临界,3,False,route_maintenance_review,public-derived-cycle-feature-table
2137,160.72173666666666,109.262884,1.9288733333333332,2548.9891666666663,6.498973333333334,35.66556666666667,0.5456500000000001,100.0,完全正常,normal,90.0,轻微滞后,degraded,1.0,弱泄漏,degraded,90.0,接近故障,critical,0,稳定,2,临界,3,False,route_maintenance_review,public-derived-cycle-feature-table
2138,160.71971499999998,109.26748366666666,1.927116,2548.8304,6.4930166666666675,35.65466666666667,0.5478833333333334,100.0,完全正常,normal,90.0,轻微滞后,degraded,1.0,弱泄漏,degraded,90.0,接近故障,critical,0,稳定,2,临界,3,False,route_maintenance_review,public-derived-cycle-feature-table
2139,160.7447683333333,109.27238049999998,1.9379540000000004,2549.9042,6.492306666666666,35.63676666666667,0.5447833333333333,100.0,完全正常,normal,90.0,轻微滞后,degraded,1.0,弱泄漏,degraded,90.0,接近故障,critical,0,稳定,2,临界,3,False,route_maintenance_review,public-derived-cycle-feature-table
2140,160.745705,109.28542333333334,1.9423238333333332,2549.6677999999997,6.492446666666666,35.61815000000001,0.5475166666666668,100.0,完全正常,normal,90.0,轻微滞后,degraded,1.0,弱泄漏,degraded,90.0,接近故障,critical,0,稳定,2,临界,3,False,route_maintenance_review,public-derived-cycle-feature-table
2141,160.72689166666666,109.26143433333334,1.9361681666666666,2550.0350666666664,6.4946166666666665,35.61003333333334,0.5501333333333335,100.0,完全正常,normal,90.0,轻微滞后,degraded,1.0,弱泄漏,degraded,90.0,接近故障,critical,0,稳定,2,临界,3,False,route_maintenance_review,public-derived-cycle-feature-table
2142,160.74172333333334,109.26219683333335,1.942587666666667,2549.5379,6.490193333333333,35.60923333333333,0.5412833333333334,100.0,完全正常,normal,90.0,轻微滞后,degraded,1.0,弱泄漏,degraded,90.0,接近故障,critical,0,稳定,2,临界,3,False,route_maintenance_review,public-derived-cycle-feature-table
2143,160.74501999999998,109.26876266666669,1.9474868333333333,2550.712033333333,6.492108333333333,35.600683333333336,0.5484000000000001,100.0,完全正常,normal,90.0,轻微滞后,degraded,1.0,弱泄漏,degraded,90.0,接近故障,critical,0,稳定,2,临界,3,False,route_maintenance_review,public-derived-cycle-feature-table
2144,160.732215,109.24429333333333,1.9395683333333333,2551.615233333333,6.491345,35.598933333333335,0.5506333333333333,100.0,完全正常,normal,90.0,轻微滞后,degraded,1.0,弱泄漏,degraded,90.0,接近故障,critical,0,稳定,2,临界,3,False,route_maintenance_review,public-derived-cycle-feature-table
2145,160.74044666666668,109.24891183333334,1.9358218333333335,2550.6964,6.49083,35.592949999999995,0.5431166666666667,100.0,完全正常,normal,90.0,轻微滞后,degraded,1.0,弱泄漏,degraded,90.0,接近故障,critical,0,稳定,2,临界,3,False,route_maintenance_review,public-derived-cycle-feature-table
2146,160.69285833333333,109.38681866666667,1.9441518333333334,2550.0383666666667,6.500123333333333,35.590066666666665,0.5449499999999999,100.0,完全正常,normal,100.0,最佳状态,normal,1.0,弱泄漏,degraded,90.0,接近故障,critical,0,稳定,2,临界,2,False,route_maintenance_review,public-derived-cycle-feature-table
2147,160.694295,109.39074533333333,1.9401871666666666,2549.3606666666665,6.505865,35.58218333333334,0.5544333333333333,100.0,完全正常,normal,100.0,最佳状态,normal,1.0,弱泄漏,degraded,90.0,接近故障,critical,0,稳定,2,临界,2,False,route_maintenance_review,public-derived-cycle-feature-table
2148,160.68497166666666,109.394867,1.946236,2550.681766666666,6.505608333333333,35.57193333333334,0.54895,100.0,完全正常,normal,100.0,最佳状态,normal,1.0,弱泄漏,degraded,90.0,接近故障,critical,0,稳定,2,临界,2,False,route_maintenance_review,public-derived-cycle-feature-table
2149,160.68229166666666,109.39050016666665,1.9556885000000002,2550.6650666666665,6.4977833333333335,35.560700000000004,0.5443833333333334,100.0,完全正常,normal,100.0,最佳状态,normal,1.0,弱泄漏,degraded,90.0,接近故障,critical,0,稳定,2,临界,2,False,route_maintenance_review,public-derived-cycle-feature-table
2150,160.700015,109.40306883333332,1.946387,2550.8058666666666,6.503728333333333,35.546,0.5427833333333335,100.0,完全正常,normal,100.0,最佳状态,normal,1.0,弱泄漏,degraded,90.0,接近故障,critical,0,稳定,2,临界,2,False,route_maintenance_review,public-derived-cycle-feature-table
2151,160.70513166666666,109.41539283333334,1.9484196666666664,2551.7150666666666,6.5057133333333335,35.54363333333334,0.5527333333333334,100.0,完全正常,normal,100.0,最佳状态,normal,1.0,弱泄漏,degraded,90.0,接近故障,critical,0,稳定,2,临界,2,False,route_maintenance_review,public-derived-cycle-feature-table
2152,160.67220833333334,109.39107383333332,1.9350891666666667,2553.1034,6.505655,35.5442,0.5500166666666666,100.0,完全正常,normal,100.0,最佳状态,normal,1.0,弱泄漏,degraded,90.0,接近故障,critical,0,稳定,2,临界,2,False,route_maintenance_review,public-derived-cycle-feature-table
2153,160.68321166666666,109.40556649999999,1.9428135000000002,2548.4133,6.505951666666666,35.54143333333334,0.5529833333333334,100.0,完全正常,normal,100.0,最佳状态,normal,1.0,弱泄漏,degraded,90.0,接近故障,critical,0,稳定,2,临界,2,False,route_maintenance_review,public-derived-cycle-feature-table
2154,160.710145,109.4445585,1.9443768333333333,2547.818,6.506589999999999,35.539366666666666,0.5550333333333334,100.0,完全正常,normal,100.0,最佳状态,normal,1.0,弱泄漏,degraded,90.0,接近故障,critical,0,稳定,2,临界,2,False,route_maintenance_review,public-derived-cycle-feature-table
2155,160.69602833333332,109.40649616666666,1.9409985000000003,2550.3421333333335,6.5085033333333335,35.54965000000001,0.5585666666666668,100.0,完全正常,normal,100.0,最佳状态,normal,1.0,弱泄漏,degraded,90.0,接近故障,critical,0,稳定,2,临界,2,False,route_maintenance_review,public-derived-cycle-feature-table
2156,161.13318666666666,109.71630333333334,1.992326,2539.0405666666666,6.690928333333333,35.54463333333333,0.5509999999999999,100.0,完全正常,normal,100.0,最佳状态,normal,0.0,无泄漏,normal,90.0,接近故障,critical,1,未稳定,2,临界,1,False,route_maintenance_review,public-derived-cycle-feature-table
2157,161.371575,109.08637449999999,1.9844833333333334,2541.4277,6.649818333333332,35.55826666666667,0.5566999999999999,100.0,完全正常,normal,73.0,接近故障,critical,0.0,无泄漏,normal,90.0,接近故障,critical,0,稳定,2,临界,2,False,route_maintenance_review,public-derived-cycle-feature-table
2158,161.38816833333334,109.11355250000001,1.9835420000000001,2540.1328,6.65081,35.574733333333334,0.5503666666666668,100.0,完全正常,normal,73.0,接近故障,critical,0.0,无泄漏,normal,90.0,接近故障,critical,0,稳定,2,临界,2,False,route_maintenance_review,public-derived-cycle-feature-table
2159,161.3746766666667,109.08488533333332,1.9855145000000003,2541.6603333333333,6.652339999999999,35.57601666666667,0.5618166666666667,100.0,完全正常,normal,73.0,接近故障,critical,0.0,无泄漏,normal,90.0,接近故障,critical,0,稳定,2,临界,2,False,route_maintenance_review,public-derived-cycle-feature-table
2160,161.37028166666667,109.118626,1.9927955000000002,2539.108066666666,6.652851666666667,35.58768333333334,0.5552666666666667,100.0,完全正常,normal,73.0,接近故障,critical,0.0,无泄漏,normal,90.0,接近故障,critical,0,稳定,2,临界,2,False,route_maintenance_review,public-derived-cycle-feature-table
2161,161.378305,109.13775266666667,1.9867374999999998,2542.1364666666664,6.6524133333333335,35.59301666666668,0.5565333333333334,100.0,完全正常,normal,73.0,接近故障,critical,0.0,无泄漏,normal,90.0,接近故障,critical,0,稳定,2,临界,2,False,route_maintenance_review,public-derived-cycle-feature-table
2162,161.40472333333332,109.12858833333334,1.988308,2544.1163666666666,6.6531899999999995,35.59411666666667,0.5509166666666666,100.0,完全正常,normal,73.0,接近故障,critical,0.0,无泄漏,normal,90.0,接近故障,critical,0,稳定,2,临界,2,False,route_maintenance_review,public-derived-cycle-feature-table
2163,161.40793833333333,109.15165900000001,1.9864748333333333,2545.236066666667,6.656353333333334,35.58671666666667,0.5607333333333334,100.0,完全正常,normal,73.0,接近故障,critical,0.0,无泄漏,normal,90.0,接近故障,critical,0,稳定,2,临界,2,False,route_maintenance_review,public-derived-cycle-feature-table
2164,161.37451166666668,109.13196883333333,1.9916075,2544.6034,6.655354999999999,35.59053333333333,0.5612666666666667,100.0,完全正常,normal,73.0,接近故障,critical,0.0,无泄漏,normal,90.0,接近故障,critical,0,稳定,2,临界,2,False,route_maintenance_review,public-derived-cycle-feature-table
2165,161.38341499999999,109.14168583333333,1.9799415000000002,2544.0591999999997,6.655583333333333,35.5631,0.5561166666666667,100.0,完全正常,normal,73.0,接近故障,critical,0.0,无泄漏,normal,90.0,接近故障,critical,0,稳定,2,临界,2,False,route_maintenance_review,public-derived-cycle-feature-table
2166,161.39620666666667,109.13202333333334,1.9769379999999999,2546.2712666666666,6.654796666666666,35.54659999999999,0.5537500000000001,100.0,完全正常,normal,73.0,接近故障,critical,0.0,无泄漏,normal,90.0,接近故障,critical,0,稳定,2,临界,2,False,route_maintenance_review,public-derived-cycle-feature-table
2167,161.32326166666667,109.41733116666666,1.979573,2545.300233333333,6.66683,35.5405,0.5577833333333333,100.0,完全正常,normal,80.0,严重滞后,critical,0.0,无泄漏,normal,90.0,接近故障,critical,0,稳定,2,临界,2,False,route_maintenance_review,public-derived-cycle-feature-table
2168,161.29613500000002,109.39904133333332,1.9777478333333336,2544.0664333333334,6.668831666666667,35.54261666666667,0.5584333333333333,100.0,完全正常,normal,80.0,严重滞后,critical,0.0,无泄漏,normal,90.0,接近故障,critical,0,稳定,2,临界,2,False,route_maintenance_review,public-derived-cycle-feature-table
2169,161.31853166666664,109.370432,1.9793623333333332,2542.204533333333,6.679503333333334,35.54181666666667,0.5488166666666667,100.0,完全正常,normal,80.0,严重滞后,critical,0.0,无泄漏,normal,90.0,接近故障,critical,0,稳定,2,临界,2,False,route_maintenance_review,public-derived-cycle-feature-table
2170,161.33571333333333,109.40604566666666,1.9885319999999997,2543.3324666666663,6.669328333333333,35.53953333333333,0.5567,100.0,完全正常,normal,80.0,严重滞后,critical,0.0,无泄漏,normal,90.0,接近故障,critical,0,稳定,2,临界,2,False,route_maintenance_review,public-derived-cycle-feature-table
2171,161.32009499999998,109.37227083333333,1.980274,2542.7481666666667,6.6656916666666675,35.54343333333334,0.5550999999999999,100.0,完全正常,normal,80.0,严重滞后,critical,0.0,无泄漏,normal,90.0,接近故障,critical,0,稳定,2,临界,2,False,route_maintenance_review,public-derived-cycle-feature-table
2172,161.3307616666667,109.39192266666666,1.9861821666666668,2541.663666666667,6.669538333333334,35.543383333333345,0.5447833333333333,100.0,完全正常,normal,80.0,严重滞后,critical,0.0,无泄漏,normal,90.0,接近故障,critical,0,稳定,2,临界,2,False,route_maintenance_review,public-derived-cycle-feature-table
2173,161.32825,109.40852033333334,1.9917288333333332,2543.0849999999996,6.669263333333333,35.53238333333333,0.5471166666666666,100.0,完全正常,normal,80.0,严重滞后,critical,0.0,无泄漏,normal,90.0,接近故障,critical,0,稳定,2,临界,2,False,route_maintenance_review,public-derived-cycle-feature-table
2174,161.337225,109.408112,1.995578,2543.041166666667,6.672911666666667,35.52669999999999,0.5453500000000001,100.0,完全正常,normal,80.0,严重滞后,critical,0.0,无泄漏,normal,90.0,接近故障,critical,0,稳定,2,临界,2,False,route_maintenance_review,public-derived-cycle-feature-table
2175,161.33098,109.37489066666667,1.9959508333333333,2542.839633333333,6.678211666666666,35.521966666666664,0.5435833333333334,100.0,完全正常,normal,80.0,严重滞后,critical,0.0,无泄漏,normal,90.0,接近故障,critical,0,稳定,2,临界,2,False,route_maintenance_review,public-derived-cycle-feature-table
2176,161.34216166666667,109.38595316666667,1.9943256666666667,2540.6483999999996,6.674418333333333,35.51296666666666,0.5558333333333335,100.0,完全正常,normal,80.0,严重滞后,critical,0.0,无泄漏,normal,90.0,接近故障,critical,0,稳定,2,临界,2,False,route_maintenance_review,public-derived-cycle-feature-table
2177,161.26189333333332,109.59747850000001,1.9905015,2538.5088666666666,6.688021666666667,35.51241666666667,0.5478,100.0,完全正常,normal,90.0,轻微滞后,degraded,0.0,无泄漏,normal,90.0,接近故障,critical,0,稳定,2,临界,2,False,route_maintenance_review,public-derived-cycle-feature-table
2178,161.24885,109.60682533333335,1.9896323333333332,2538.1818999999996,6.695073333333333,35.496466666666656,0.5544166666666667,100.0,完全正常,normal,90.0,轻微滞后,degraded,0.0,无泄漏,normal,90.0,接近故障,critical,0,稳定,2,临界,2,False,route_maintenance_review,public-derived-cycle-feature-table
2179,161.25788500000002,109.62853716666666,1.990837833333333,2538.1189999999997,6.684483333333333,35.473150000000004,0.5557166666666666,100.0,完全正常,normal,90.0,轻微滞后,degraded,0.0,无泄漏,normal,90.0,接近故障,critical,0,稳定,2,临界,2,False,route_maintenance_review,public-derived-cycle-feature-table
2180,161.23832833333333,109.59967866666665,1.9947581666666665,2538.206833333333,6.683056666666666,35.472166666666666,0.5563666666666666,100.0,完全正常,normal,90.0,轻微滞后,degraded,0.0,无泄漏,normal,90.0,接近故障,critical,0,稳定,2,临界,2,False,route_maintenance_review,public-derived-cycle-feature-table
2181,161.27537166666667,109.63945016666666,2.0111615,2539.548433333333,6.681331666666668,35.45041666666667,0.5484166666666667,100.0,完全正常,normal,90.0,轻微滞后,degraded,0.0,无泄漏,normal,90.0,接近故障,critical,0,稳定,2,临界,2,False,route_maintenance_review,public-derived-cycle-feature-table
2182,161.26765166666667,109.64258700000002,2.009996333333333,2543.212,6.6842999999999995,35.45218333333333,0.5513166666666666,100.0,完全正常,normal,90.0,轻微滞后,degraded,0.0,无泄漏,normal,90.0,接近故障,critical,0,稳定,2,临界,2,False,route_maintenance_review,public-derived-cycle-feature-table
2183,161.260115,109.63963116666667,1.9984553333333333,2543.497533333333,6.6875583333333335,35.44798333333333,0.5475999999999999,100.0,完全正常,normal,90.0,轻微滞后,degraded,0.0,无泄漏,normal,90.0,接近故障,critical,0,稳定,2,临界,2,False,route_maintenance_review,public-derived-cycle-feature-table
2184,161.256615,109.64128716666667,2.0071035,2543.0644666666667,6.6824433333333335,35.442933333333336,0.5493333333333333,100.0,完全正常,normal,90.0,轻微滞后,degraded,0.0,无泄漏,normal,90.0,接近故障,critical,0,稳定,2,临界,2,False,route_maintenance_review,public-derived-cycle-feature-table
2185,161.25792833333335,109.61625233333335,2.004569666666667,2544.1666,6.697163333333334,35.43333333333333,0.5463,100.0,完全正常,normal,90.0,轻微滞后,degraded,0.0,无泄漏,normal,90.0,接近故障,critical,0,稳定,2,临界,2,False,route_maintenance_review,public-derived-cycle-feature-table
2186,161.26269666666664,109.61728833333333,2.0005721666666667,2543.7165333333332,6.685529999999999,35.411449999999995,0.5470166666666666,100.0,完全正常,normal,90.0,轻微滞后,degraded,0.0,无泄漏,normal,90.0,接近故障,critical,0,稳定,2,临界,2,False,route_maintenance_review,public-derived-cycle-feature-table
2187,161.20585333333332,109.77660033333332,1.9934028333333336,2542.299033333333,6.694061666666666,35.40493333333333,0.5474833333333334,100.0,完全正常,normal,100.0,最佳状态,normal,0.0,无泄漏,normal,90.0,接近故障,critical,0,稳定,2,临界,1,False,route_maintenance_review,public-derived-cycle-feature-table
2188,161.2215116666667,109.76070916666664,2.004699,2544.3746666666666,6.6931183333333335,35.39768333333334,0.54845,100.0,完全正常,normal,100.0,最佳状态,normal,0.0,无泄漏,normal,90.0,接近故障,critical,0,稳定,2,临界,1,False,route_maintenance_review,public-derived-cycle-feature-table
2189,161.20608833333333,109.7538285,2.0007015,2542.845566666667,6.691213333333333,35.39101666666667,0.5463333333333333,100.0,完全正常,normal,100.0,最佳状态,normal,0.0,无泄漏,normal,90.0,接近故障,critical,0,稳定,2,临界,1,False,route_maintenance_review,public-derived-cycle-feature-table
2190,161.2231483333333,109.7807245,2.0026713333333332,2545.0042999999996,6.694731666666667,35.380583333333334,0.5494166666666668,100.0,完全正常,normal,100.0,最佳状态,normal,0.0,无泄漏,normal,90.0,接近故障,critical,0,稳定,2,临界,1,False,route_maintenance_review,public-derived-cycle-feature-table
2191,161.21355833333334,109.7736435,1.9899761666666667,2544.815,6.695208333333333,35.36501666666667,0.5528833333333334,100.0,完全正常,normal,100.0,最佳状态,normal,0.0,无泄漏,normal,90.0,接近故障,critical,0,稳定,2,临界,1,False,route_maintenance_review,public-derived-cycle-feature-table
2192,161.21762,109.78703849999998,2.0021968333333335,2545.0493666666666,6.695541666666667,35.38126666666666,0.5513666666666667,100.0,完全正常,normal,100.0,最佳状态,normal,0.0,无泄漏,normal,90.0,接近故障,critical,0,稳定,2,临界,1,False,route_maintenance_review,public-derived-cycle-feature-table
2193,161.23459333333332,109.79659316666668,2.00667,2545.462666666667,6.691490000000001,35.365783333333326,0.5495,100.0,完全正常,normal,100.0,最佳状态,normal,0.0,无泄漏,normal,90.0,接近故障,critical,0,稳定,2,临界,1,False,route_maintenance_review,public-derived-cycle-feature-table
2194,161.22672166666666,109.79173,1.9937578333333335,2545.667933333333,6.6959333333333335,35.35593333333333,0.5517333333333333,100.0,完全正常,normal,100.0,最佳状态,normal,0.0,无泄漏,normal,90.0,接近故障,critical,0,稳定,2,临界,1,False,route_maintenance_review,public-derived-cycle-feature-table
2195,161.22756333333334,109.81559633333333,2.0018986666666665,2546.1621666666665,6.694376666666667,35.35743333333333,0.5533833333333333,100.0,完全正常,normal,100.0,最佳状态,normal,0.0,无泄漏,normal,90.0,接近故障,critical,0,稳定,2,临界,1,False,route_maintenance_review,public-derived-cycle-feature-table
2196,161.20731666666666,109.75929150000002,2.0027903333333335,2546.288766666667,6.69506,35.342916666666675,0.5504166666666667,100.0,完全正常,normal,100.0,最佳状态,normal,0.0,无泄漏,normal,90.0,接近故障,critical,0,稳定,2,临界,1,False,route_maintenance_review,public-derived-cycle-feature-table
2197,161.2267,109.78835616666666,2.0010488333333334,2548.492433333334,6.693696666666666,35.32681666666666,0.5527666666666667,100.0,完全正常,normal,100.0,最佳状态,normal,0.0,无泄漏,normal,90.0,接近故障,critical,0,稳定,2,临界,1,False,route_maintenance_review,public-derived-cycle-feature-table
2198,161.23561166666664,109.79978650000001,2.0005343333333334,2547.4347666666663,6.6982133333333325,35.330216666666665,0.5500666666666666,100.0,完全正常,normal,100.0,最佳状态,normal,0.0,无泄漏,normal,90.0,接近故障,critical,0,稳定,2,临界,1,False,route_maintenance_review,public-derived-cycle-feature-table
2199,161.2442166666667,109.807411,1.9968370000000002,2546.9770333333336,6.698466666666667,35.33303333333333,0.5493,100.0,完全正常,normal,100.0,最佳状态,normal,0.0,无泄漏,normal,90.0,接近故障,critical,0,稳定,2,临界,1,False,route_maintenance_review,public-derived-cycle-feature-table
2200,161.23537333333334,109.80176066666667,1.9940495,2547.0404,6.693776666666666,35.320816666666666,0.5515166666666668,100.0,完全正常,normal,100.0,最佳状态,normal,0.0,无泄漏,normal,90.0,接近故障,critical,0,稳定,2,临界,1,False,route_maintenance_review,public-derived-cycle-feature-table
2201,161.22757166666665,109.77958116666666,2.0014375,2543.9110333333333,6.689930000000001,35.31378333333334,0.5508333333333334,100.0,完全正常,normal,100.0,最佳状态,normal,0.0,无泄漏,normal,90.0,接近故障,critical,0,稳定,2,临界,1,False,route_maintenance_review,public-derived-cycle-feature-table
2202,161.20607,109.7874805,1.9987806666666668,2543.4113333333335,6.6921816666666665,35.321600000000004,0.5474833333333333,100.0,完全正常,normal,100.0,最佳状态,normal,0.0,无泄漏,normal,90.0,接近故障,critical,0,稳定,2,临界,1,False,route_maintenance_review,public-derived-cycle-feature-table
2203,161.19212,109.75617433333335,1.9934361666666667,2542.7297666666664,6.693276666666667,35.319183333333335,0.5452333333333335,100.0,完全正常,normal,100.0,最佳状态,normal,0.0,无泄漏,normal,90.0,接近故障,critical,0,稳定,2,临界,1,False,route_maintenance_review,public-derived-cycle-feature-table
2204,161.20891666666665,109.79388383333334,2.007076833333333,2544.046333333333,6.684128333333335,35.32476666666666,0.5370166666666667,100.0,完全正常,normal,100.0,最佳状态,normal,0.0,无泄漏,normal,90.0,接近故障,critical,0,稳定,2,临界,1,False,route_maintenance_review,public-derived-cycle-feature-table
2205,161.21712833333333,109.79217649999998,2.0026901666666665,2543.8182999999995,6.692301666666668,35.32223333333334,0.5465833333333332,100.0,完全正常,normal,100.0,最佳状态,normal,0.0,无泄漏,normal,90.0,接近故障,critical,0,稳定,2,临界,1,False,route_maintenance_review,public-derived-cycle-feature-table
