source_row_index,timestamp,TP2,TP3,H1,DV_pressure,Reservoirs,Oil_temperature,Motor_current,COMP,DV_eletric,Towers,MPG,LPS,Pressure_switch,Oil_level,Caudal_impulses,known_failure_window,source_id,maintenance_action_allowed,data_nature
5605190,2020-04-17 17:08:56,-0.0180000000000006,8.248,8.238,-0.0240000000000009,8.248,49.45,0.04,1.0,0.0,1.0,1.0,0.0,1.0,1.0,1.0,False,DATA-09,False,public-derived-contiguous-slice
5605200,2020-04-17 17:09:08,-0.0180000000000006,8.248,8.238,-0.0240000000000009,8.248,49.45,0.04,0.0,0.0,0.0,0.0,0.0,0.0,0.0,0.0,False,DATA-09,False,public-derived-contiguous-slice
5605210,2020-04-17 17:09:21,-0.0180000000000006,8.248,8.238,-0.0240000000000009,8.248,49.45,0.04,1.0,0.0,1.0,1.0,0.0,1.0,1.0,1.0,False,DATA-09,False,public-derived-contiguous-slice
5605220,2020-04-17 17:09:33,-0.0180000000000006,8.248,8.238,-0.0240000000000009,8.248,49.45,0.04,1.0,0.0,1.0,1.0,0.0,1.0,1.0,1.0,False,DATA-09,False,public-derived-contiguous-slice
5605230,2020-04-17 17:09:45,-0.0180000000000006,8.248,8.238,-0.0240000000000009,8.248,49.45,0.04,1.0,0.0,1.0,1.0,0.0,1.0,1.0,1.0,False,DATA-09,False,public-derived-contiguous-slice
5605240,2020-04-17 17:09:57,-0.0180000000000006,8.248,8.238,-0.0240000000000009,8.248,49.45,0.04,1.0,0.0,1.0,1.0,0.0,1.0,1.0,1.0,False,DATA-09,False,public-derived-contiguous-slice
5605250,2020-04-17 17:10:09,-0.0180000000000006,8.248,8.238,-0.0240000000000009,8.248,49.45,0.04,0.0,0.0,0.0,0.0,0.0,0.0,0.0,0.0,False,DATA-09,False,public-derived-contiguous-slice
5605260,2020-04-17 17:10:22,-0.0180000000000006,8.248,8.238,-0.0240000000000009,8.248,49.45,0.04,1.0,0.0,1.0,1.0,0.0,1.0,1.0,1.0,False,DATA-09,False,public-derived-contiguous-slice
5605270,2020-04-17 17:10:34,-0.0180000000000006,8.248,8.238,-0.0240000000000009,8.248,49.45,0.04,1.0,0.0,1.0,1.0,0.0,1.0,1.0,1.0,False,DATA-09,False,public-derived-contiguous-slice
5605280,2020-04-17 17:10:45,-0.0180000000000006,8.248,8.238,-0.0240000000000009,8.248,49.45,0.04,1.0,0.0,1.0,1.0,0.0,1.0,1.0,1.0,False,DATA-09,False,public-derived-contiguous-slice
5605290,2020-04-17 17:10:57,-0.0180000000000006,8.248,8.238,-0.0240000000000009,8.248,49.45,0.04,1.0,0.0,1.0,1.0,0.0,1.0,1.0,1.0,False,DATA-09,False,public-derived-contiguous-slice
5605300,2020-04-17 17:11:09,-0.0180000000000006,8.248,8.238,-0.0240000000000009,8.248,49.45,0.04,1.0,0.0,1.0,1.0,0.0,1.0,1.0,1.0,False,DATA-09,False,public-derived-contiguous-slice
5605310,2020-04-17 17:11:21,-0.0180000000000006,8.248,8.238,-0.0240000000000009,8.248,49.45,0.04,1.0,0.0,1.0,1.0,0.0,1.0,1.0,1.0,False,DATA-09,False,public-derived-contiguous-slice
5605320,2020-04-17 17:11:33,-0.0180000000000006,8.248,8.238,-0.0240000000000009,8.248,49.45,0.04,1.0,0.0,1.0,1.0,0.0,1.0,1.0,1.0,False,DATA-09,False,public-derived-contiguous-slice
5605330,2020-04-17 17:11:45,-0.0180000000000006,8.248,8.238,-0.0240000000000009,8.248,49.45,0.04,0.0,0.0,0.0,0.0,0.0,0.0,0.0,0.0,False,DATA-09,False,public-derived-contiguous-slice
5605340,2020-04-17 17:11:58,-0.0180000000000006,8.248,8.238,-0.0240000000000009,8.248,49.45,0.04,1.0,0.0,1.0,1.0,0.0,1.0,1.0,1.0,False,DATA-09,False,public-derived-contiguous-slice
5605350,2020-04-17 17:12:10,-0.0180000000000006,8.248,8.238,-0.0240000000000009,8.248,49.45,0.04,1.0,0.0,1.0,1.0,0.0,1.0,1.0,1.0,False,DATA-09,False,public-derived-contiguous-slice
5605360,2020-04-17 17:12:22,-0.0180000000000006,8.248,8.238,-0.0240000000000009,8.248,49.45,0.04,1.0,0.0,1.0,1.0,0.0,1.0,1.0,1.0,False,DATA-09,False,public-derived-contiguous-slice
5605370,2020-04-17 17:12:33,-0.0180000000000006,8.248,8.238,-0.0240000000000009,8.248,49.45,0.04,1.0,0.0,1.0,1.0,0.0,1.0,1.0,1.0,False,DATA-09,False,public-derived-contiguous-slice
5605380,2020-04-17 17:12:45,-0.0180000000000006,8.248,8.238,-0.0240000000000009,8.248,49.45,0.04,0.0,0.0,0.0,0.0,0.0,0.0,0.0,0.0,False,DATA-09,False,public-derived-contiguous-slice
5605390,2020-04-17 17:12:58,-0.0180000000000006,8.248,8.238,-0.0240000000000009,8.248,49.45,0.04,1.0,0.0,1.0,1.0,0.0,1.0,1.0,1.0,False,DATA-09,False,public-derived-contiguous-slice
5605400,2020-04-17 17:13:10,-0.0180000000000006,8.248,8.238,-0.0240000000000009,8.248,49.45,0.04,1.0,0.0,1.0,1.0,0.0,1.0,1.0,1.0,False,DATA-09,False,public-derived-contiguous-slice
5605410,2020-04-17 17:13:22,-0.0180000000000006,8.248,8.238,-0.0240000000000009,8.248,49.45,0.04,1.0,0.0,1.0,1.0,0.0,1.0,1.0,1.0,False,DATA-09,False,public-derived-contiguous-slice
5605420,2020-04-17 17:13:34,-0.0180000000000006,8.248,8.238,-0.0240000000000009,8.248,49.45,0.04,1.0,0.0,1.0,1.0,0.0,1.0,1.0,1.0,False,DATA-09,False,public-derived-contiguous-slice
5605430,2020-04-17 17:13:46,-0.0180000000000006,8.248,8.238,-0.0240000000000009,8.248,49.45,0.04,0.0,0.0,0.0,0.0,0.0,0.0,0.0,0.0,False,DATA-09,False,public-derived-contiguous-slice
5605440,2020-04-17 17:13:59,-0.0180000000000006,8.248,8.238,-0.0240000000000009,8.248,49.45,0.04,1.0,0.0,1.0,1.0,0.0,1.0,1.0,1.0,False,DATA-09,False,public-derived-contiguous-slice
5605450,2020-04-17 17:14:11,-0.0180000000000006,8.248,8.238,-0.0240000000000009,8.248,49.45,0.04,1.0,0.0,1.0,1.0,0.0,1.0,1.0,1.0,False,DATA-09,False,public-derived-contiguous-slice
5605460,2020-04-17 17:14:23,-0.0180000000000006,8.248,8.238,-0.0240000000000009,8.248,49.45,0.04,1.0,0.0,1.0,1.0,0.0,1.0,1.0,1.0,False,DATA-09,False,public-derived-contiguous-slice
5605470,2020-04-17 17:14:34,-0.0180000000000006,8.248,8.238,-0.0240000000000009,8.248,49.45,0.04,1.0,0.0,1.0,1.0,0.0,1.0,1.0,1.0,False,DATA-09,False,public-derived-contiguous-slice
5605480,2020-04-17 17:14:46,-0.0180000000000006,8.248,8.238,-0.0240000000000009,8.248,49.45,0.04,1.0,0.0,1.0,1.0,0.0,1.0,1.0,1.0,False,DATA-09,False,public-derived-contiguous-slice
5605490,2020-04-17 17:14:58,-0.0180000000000006,8.248,8.238,-0.0240000000000009,8.248,49.45,0.04,0.0,0.0,0.0,0.0,0.0,0.0,0.0,0.0,False,DATA-09,False,public-derived-contiguous-slice
5605500,2020-04-17 17:15:11,-0.0180000000000006,8.248,8.238,-0.0240000000000009,8.248,49.45,0.04,1.0,0.0,1.0,1.0,0.0,1.0,1.0,1.0,False,DATA-09,False,public-derived-contiguous-slice
5605510,2020-04-17 17:15:23,-0.0180000000000006,8.248,8.238,-0.0240000000000009,8.248,49.45,0.04,1.0,0.0,1.0,1.0,0.0,1.0,1.0,1.0,False,DATA-09,False,public-derived-contiguous-slice
5605520,2020-04-17 17:15:35,-0.0180000000000006,8.248,8.238,-0.0240000000000009,8.248,49.45,0.04,1.0,0.0,1.0,1.0,0.0,1.0,1.0,1.0,False,DATA-09,False,public-derived-contiguous-slice
5605530,2020-04-17 17:15:47,-0.0180000000000006,8.248,8.238,-0.0240000000000009,8.248,49.45,0.04,1.0,0.0,1.0,1.0,0.0,1.0,1.0,1.0,False,DATA-09,False,public-derived-contiguous-slice
5605540,2020-04-17 17:15:59,-0.0180000000000006,8.248,8.238,-0.0240000000000009,8.248,49.45,0.04,0.0,0.0,0.0,0.0,0.0,0.0,0.0,0.0,False,DATA-09,False,public-derived-contiguous-slice
5605550,2020-04-17 17:16:12,-0.0180000000000006,8.248,8.238,-0.0240000000000009,8.248,49.45,0.04,1.0,0.0,1.0,1.0,0.0,1.0,1.0,1.0,False,DATA-09,False,public-derived-contiguous-slice
5605560,2020-04-17 17:16:23,-0.0180000000000006,8.248,8.238,-0.0240000000000009,8.248,49.45,0.04,1.0,0.0,1.0,1.0,0.0,1.0,1.0,1.0,False,DATA-09,False,public-derived-contiguous-slice
5605570,2020-04-17 17:16:35,-0.0180000000000006,8.248,8.238,-0.0240000000000009,8.248,49.45,0.04,1.0,0.0,1.0,1.0,0.0,1.0,1.0,1.0,False,DATA-09,False,public-derived-contiguous-slice
5605580,2020-04-17 17:16:47,-0.0180000000000006,8.248,8.238,-0.0240000000000009,8.248,49.45,0.04,1.0,0.0,1.0,1.0,0.0,1.0,1.0,1.0,False,DATA-09,False,public-derived-contiguous-slice
5605590,2020-04-17 17:16:59,-0.0180000000000006,8.248,8.238,-0.0240000000000009,8.248,49.45,0.04,0.0,0.0,0.0,0.0,0.0,0.0,0.0,0.0,False,DATA-09,False,public-derived-contiguous-slice
5605600,2020-04-17 17:17:12,-0.0180000000000006,8.248,8.238,-0.0240000000000009,8.248,49.45,0.04,1.0,0.0,1.0,1.0,0.0,1.0,1.0,1.0,False,DATA-09,False,public-derived-contiguous-slice
5605610,2020-04-17 17:17:24,-0.0180000000000006,8.248,8.238,-0.0240000000000009,8.248,49.45,0.04,1.0,0.0,1.0,1.0,0.0,1.0,1.0,1.0,False,DATA-09,False,public-derived-contiguous-slice
5605620,2020-04-17 17:17:36,-0.0180000000000006,8.248,8.238,-0.0240000000000009,8.248,49.45,0.04,1.0,0.0,1.0,1.0,0.0,1.0,1.0,1.0,False,DATA-09,False,public-derived-contiguous-slice
5605630,2020-04-17 17:17:48,-0.0180000000000006,8.248,8.238,-0.0240000000000009,8.248,49.45,0.04,1.0,0.0,1.0,1.0,0.0,1.0,1.0,1.0,False,DATA-09,False,public-derived-contiguous-slice
5605640,2020-04-17 17:18:00,-0.0180000000000006,8.248,8.238,-0.0240000000000009,8.248,49.45,0.04,1.0,0.0,1.0,1.0,0.0,1.0,1.0,1.0,False,DATA-09,False,public-derived-contiguous-slice
5605650,2020-04-17 17:18:11,-0.0180000000000006,8.248,8.238,-0.0240000000000009,8.248,49.45,0.04,0.0,0.0,0.0,0.0,0.0,0.0,0.0,0.0,False,DATA-09,False,public-derived-contiguous-slice
5605660,2020-04-17 17:18:24,-0.0180000000000006,8.248,8.238,-0.0240000000000009,8.248,49.45,0.04,1.0,0.0,1.0,1.0,0.0,1.0,1.0,1.0,False,DATA-09,False,public-derived-contiguous-slice
5605670,2020-04-17 17:18:36,-0.0180000000000006,8.248,8.238,-0.0240000000000009,8.248,49.45,0.04,1.0,0.0,1.0,1.0,0.0,1.0,1.0,1.0,False,DATA-09,False,public-derived-contiguous-slice
5605680,2020-04-17 17:18:48,-0.0180000000000006,8.248,8.238,-0.0240000000000009,8.248,49.45,0.04,1.0,0.0,1.0,1.0,0.0,1.0,1.0,1.0,False,DATA-09,False,public-derived-contiguous-slice
5605690,2020-04-17 17:19:00,-0.0180000000000006,8.248,8.238,-0.0240000000000009,8.248,49.45,0.04,1.0,0.0,1.0,1.0,0.0,1.0,1.0,1.0,False,DATA-09,False,public-derived-contiguous-slice
5605700,2020-04-17 17:19:12,-0.0180000000000006,8.248,8.238,-0.0240000000000009,8.248,49.45,0.04,1.0,0.0,1.0,1.0,0.0,1.0,1.0,1.0,False,DATA-09,False,public-derived-contiguous-slice
5605710,2020-04-17 17:19:24,-0.0180000000000006,8.248,8.238,-0.0240000000000009,8.248,49.45,0.04,0.0,0.0,0.0,0.0,0.0,0.0,0.0,0.0,False,DATA-09,False,public-derived-contiguous-slice
5605720,2020-04-17 17:19:36,-0.0180000000000006,8.248,8.238,-0.0240000000000009,8.248,49.45,0.04,1.0,0.0,1.0,1.0,0.0,1.0,1.0,1.0,False,DATA-09,False,public-derived-contiguous-slice
5605730,2020-04-17 17:19:49,-0.0180000000000006,8.248,8.238,-0.0240000000000009,8.248,49.45,0.04,1.0,0.0,1.0,1.0,0.0,1.0,1.0,1.0,False,DATA-09,False,public-derived-contiguous-slice
5605740,2020-04-17 17:20:00,-0.0180000000000006,8.248,8.238,-0.0240000000000009,8.248,49.45,0.04,1.0,0.0,1.0,1.0,0.0,1.0,1.0,1.0,False,DATA-09,False,public-derived-contiguous-slice
5605750,2020-04-17 17:20:12,-0.0180000000000006,8.248,8.238,-0.0240000000000009,8.248,49.45,0.04,1.0,0.0,1.0,1.0,0.0,1.0,1.0,1.0,False,DATA-09,False,public-derived-contiguous-slice
5605760,2020-04-17 17:20:24,-0.0180000000000006,8.248,8.238,-0.0240000000000009,8.248,49.45,0.04,0.0,0.0,0.0,0.0,0.0,0.0,0.0,0.0,False,DATA-09,False,public-derived-contiguous-slice
5605770,2020-04-17 17:20:37,-0.0180000000000006,8.248,8.238,-0.0240000000000009,8.248,49.45,0.04,1.0,0.0,1.0,1.0,0.0,1.0,1.0,1.0,False,DATA-09,False,public-derived-contiguous-slice
5605780,2020-04-17 17:20:49,-0.0180000000000006,8.248,8.238,-0.0240000000000009,8.248,49.45,0.04,1.0,0.0,1.0,1.0,0.0,1.0,1.0,1.0,False,DATA-09,False,public-derived-contiguous-slice
5605790,2020-04-17 17:21:01,-0.0180000000000006,8.248,8.238,-0.0240000000000009,8.248,49.45,0.04,1.0,0.0,1.0,1.0,0.0,1.0,1.0,1.0,False,DATA-09,False,public-derived-contiguous-slice
5605800,2020-04-17 17:21:13,-0.0180000000000006,8.248,8.238,-0.0240000000000009,8.248,49.45,0.04,1.0,0.0,1.0,1.0,0.0,1.0,1.0,1.0,False,DATA-09,False,public-derived-contiguous-slice
5605810,2020-04-17 17:21:25,-0.0180000000000006,8.248,8.238,-0.0240000000000009,8.248,49.45,0.04,1.0,0.0,1.0,1.0,0.0,1.0,1.0,1.0,False,DATA-09,False,public-derived-contiguous-slice
5605820,2020-04-17 17:21:37,-0.0180000000000006,8.248,8.238,-0.0240000000000009,8.248,49.45,0.04,0.0,0.0,0.0,0.0,0.0,0.0,0.0,0.0,False,DATA-09,False,public-derived-contiguous-slice
5605830,2020-04-17 17:21:48,-0.0180000000000006,8.248,8.238,-0.0240000000000009,8.248,49.45,0.04,0.0,0.0,0.0,0.0,0.0,0.0,0.0,0.0,False,DATA-09,False,public-derived-contiguous-slice
5605840,2020-04-17 17:22:01,-0.0180000000000006,8.248,8.238,-0.0240000000000009,8.248,49.45,0.04,1.0,0.0,1.0,1.0,0.0,1.0,1.0,1.0,False,DATA-09,False,public-derived-contiguous-slice
5605850,2020-04-17 17:22:13,-0.0180000000000006,8.248,8.238,-0.0240000000000009,8.248,49.45,0.04,1.0,0.0,1.0,1.0,0.0,1.0,1.0,1.0,False,DATA-09,False,public-derived-contiguous-slice
5605860,2020-04-17 17:22:25,-0.0180000000000006,8.248,8.238,-0.0240000000000009,8.248,49.45,0.04,1.0,0.0,1.0,1.0,0.0,1.0,1.0,1.0,False,DATA-09,False,public-derived-contiguous-slice
5605870,2020-04-17 17:22:37,-0.0180000000000006,8.248,8.238,-0.0240000000000009,8.248,49.45,0.04,1.0,0.0,1.0,1.0,0.0,1.0,1.0,1.0,False,DATA-09,False,public-derived-contiguous-slice
5605880,2020-04-17 17:22:49,-0.0180000000000006,8.248,8.238,-0.0240000000000009,8.248,49.45,0.04,0.0,0.0,0.0,0.0,0.0,0.0,0.0,0.0,False,DATA-09,False,public-derived-contiguous-slice
5605890,2020-04-17 17:23:02,-0.0180000000000006,8.248,8.238,-0.0240000000000009,8.248,49.45,0.04,1.0,0.0,1.0,1.0,0.0,1.0,1.0,1.0,False,DATA-09,False,public-derived-contiguous-slice
5605900,2020-04-17 17:23:14,-0.0180000000000006,8.248,8.238,-0.0240000000000009,8.248,49.45,0.04,1.0,0.0,1.0,1.0,0.0,1.0,1.0,1.0,False,DATA-09,False,public-derived-contiguous-slice
5605910,2020-04-17 17:23:26,-0.0180000000000006,8.248,8.238,-0.0240000000000009,8.248,49.45,0.04,1.0,0.0,1.0,1.0,0.0,1.0,1.0,1.0,False,DATA-09,False,public-derived-contiguous-slice
5605920,2020-04-17 17:23:37,-0.0180000000000006,8.248,8.238,-0.0240000000000009,8.248,49.45,0.04,1.0,0.0,1.0,1.0,0.0,1.0,1.0,1.0,False,DATA-09,False,public-derived-contiguous-slice
5605930,2020-04-17 17:23:49,-0.0180000000000006,8.248,8.238,-0.0240000000000009,8.248,49.45,0.04,1.0,0.0,1.0,1.0,0.0,1.0,1.0,1.0,False,DATA-09,False,public-derived-contiguous-slice
5605940,2020-04-17 17:24:01,-0.0180000000000006,8.248,8.238,-0.0240000000000009,8.248,49.45,0.04,1.0,0.0,1.0,1.0,0.0,1.0,1.0,1.0,False,DATA-09,False,public-derived-contiguous-slice
5605950,2020-04-17 17:24:13,-0.0180000000000006,8.248,8.238,-0.0240000000000009,8.248,49.45,0.04,0.0,0.0,0.0,0.0,0.0,0.0,0.0,0.0,False,DATA-09,False,public-derived-contiguous-slice
5605960,2020-04-17 17:24:26,-0.0180000000000006,8.248,8.238,-0.0240000000000009,8.248,49.45,0.04,1.0,0.0,1.0,1.0,0.0,1.0,1.0,1.0,False,DATA-09,False,public-derived-contiguous-slice
5605970,2020-04-17 17:24:38,-0.0180000000000006,8.248,8.238,-0.0240000000000009,8.248,49.45,0.04,1.0,0.0,1.0,1.0,0.0,1.0,1.0,1.0,False,DATA-09,False,public-derived-contiguous-slice
5605980,2020-04-17 17:24:50,-0.0180000000000006,8.248,8.238,-0.0240000000000009,8.248,49.45,0.04,1.0,0.0,1.0,1.0,0.0,1.0,1.0,1.0,False,DATA-09,False,public-derived-contiguous-slice
5605990,2020-04-17 17:25:02,-0.0180000000000006,8.248,8.238,-0.0240000000000009,8.248,49.45,0.04,1.0,0.0,1.0,1.0,0.0,1.0,1.0,1.0,False,DATA-09,False,public-derived-contiguous-slice
5606000,2020-04-17 17:25:14,-0.0180000000000006,8.248,8.238,-0.0240000000000009,8.248,49.45,0.04,0.0,0.0,0.0,0.0,0.0,0.0,0.0,0.0,False,DATA-09,False,public-derived-contiguous-slice
5606010,2020-04-17 17:25:25,-0.0180000000000006,8.248,8.238,-0.0240000000000009,8.248,49.45,0.04,0.0,0.0,0.0,0.0,0.0,0.0,0.0,0.0,False,DATA-09,False,public-derived-contiguous-slice
5606020,2020-04-17 17:25:37,-0.0180000000000006,8.248,8.238,-0.0240000000000009,8.248,49.45,0.04,0.0,0.0,0.0,0.0,0.0,0.0,0.0,0.0,False,DATA-09,False,public-derived-contiguous-slice
5606030,2020-04-17 17:25:50,-0.0180000000000006,8.248,8.238,-0.0240000000000009,8.248,49.45,0.04,1.0,0.0,1.0,1.0,0.0,1.0,1.0,1.0,False,DATA-09,False,public-derived-contiguous-slice
5606040,2020-04-17 17:26:02,-0.0180000000000006,8.248,8.238,-0.0240000000000009,8.248,49.45,0.04,1.0,0.0,1.0,1.0,0.0,1.0,1.0,1.0,False,DATA-09,False,public-derived-contiguous-slice
5606050,2020-04-17 17:26:14,-0.0180000000000006,8.248,8.238,-0.0240000000000009,8.248,49.45,0.04,1.0,0.0,1.0,1.0,0.0,1.0,1.0,1.0,False,DATA-09,False,public-derived-contiguous-slice
5606060,2020-04-17 17:26:26,-0.0180000000000006,8.248,8.238,-0.0240000000000009,8.248,49.45,0.04,1.0,0.0,1.0,1.0,0.0,1.0,1.0,1.0,False,DATA-09,False,public-derived-contiguous-slice
5606070,2020-04-17 17:26:38,-0.0180000000000006,8.248,8.238,-0.0240000000000009,8.248,49.45,0.04,1.0,0.0,1.0,1.0,0.0,1.0,1.0,1.0,False,DATA-09,False,public-derived-contiguous-slice
5606080,2020-04-17 17:26:50,-0.0180000000000006,8.248,8.238,-0.0240000000000009,8.248,49.45,0.04,0.0,0.0,0.0,0.0,0.0,0.0,0.0,0.0,False,DATA-09,False,public-derived-contiguous-slice
5606090,2020-04-17 17:27:03,-0.0180000000000006,8.248,8.238,-0.0240000000000009,8.248,49.45,0.04,1.0,0.0,1.0,1.0,0.0,1.0,1.0,1.0,False,DATA-09,False,public-derived-contiguous-slice
5606100,2020-04-17 17:27:15,-0.0180000000000006,8.248,8.238,-0.0240000000000009,8.248,49.45,0.04,1.0,0.0,1.0,1.0,0.0,1.0,1.0,1.0,False,DATA-09,False,public-derived-contiguous-slice
5606110,2020-04-17 17:27:26,-0.0180000000000006,8.248,8.238,-0.0240000000000009,8.248,49.45,0.04,1.0,0.0,1.0,1.0,0.0,1.0,1.0,1.0,False,DATA-09,False,public-derived-contiguous-slice
5606120,2020-04-17 17:27:38,-0.0180000000000006,8.248,8.238,-0.0240000000000009,8.248,49.45,0.04,1.0,0.0,1.0,1.0,0.0,1.0,1.0,1.0,False,DATA-09,False,public-derived-contiguous-slice
5606130,2020-04-17 17:27:50,-0.0180000000000006,8.248,8.238,-0.0240000000000009,8.248,49.45,0.04,1.0,0.0,1.0,1.0,0.0,1.0,1.0,1.0,False,DATA-09,False,public-derived-contiguous-slice
5606140,2020-04-17 17:28:02,-0.0180000000000006,8.248,8.238,-0.0240000000000009,8.248,49.45,0.04,0.0,0.0,0.0,0.0,0.0,0.0,0.0,0.0,False,DATA-09,False,public-derived-contiguous-slice
5606150,2020-04-17 17:28:15,-0.0180000000000006,8.248,8.238,-0.0240000000000009,8.248,49.45,0.04,1.0,0.0,1.0,1.0,0.0,1.0,1.0,1.0,False,DATA-09,False,public-derived-contiguous-slice
5606160,2020-04-17 17:28:27,-0.0180000000000006,8.248,8.238,-0.0240000000000009,8.248,49.45,0.04,1.0,0.0,1.0,1.0,0.0,1.0,1.0,1.0,False,DATA-09,False,public-derived-contiguous-slice
5606170,2020-04-17 17:28:39,-0.0180000000000006,8.248,8.238,-0.0240000000000009,8.248,49.45,0.04,1.0,0.0,1.0,1.0,0.0,1.0,1.0,1.0,False,DATA-09,False,public-derived-contiguous-slice
5606180,2020-04-17 17:28:51,-0.0180000000000006,8.248,8.238,-0.0240000000000009,8.248,49.45,0.04,1.0,0.0,1.0,1.0,0.0,1.0,1.0,1.0,False,DATA-09,False,public-derived-contiguous-slice
5606190,2020-04-17 17:29:03,-0.0180000000000006,8.248,8.238,-0.0240000000000009,8.248,49.45,0.04,1.0,0.0,1.0,1.0,0.0,1.0,1.0,1.0,False,DATA-09,False,public-derived-contiguous-slice
5606200,2020-04-17 17:29:14,-0.0180000000000006,8.248,8.238,-0.0240000000000009,8.248,49.45,0.04,0.0,0.0,0.0,0.0,0.0,0.0,0.0,0.0,False,DATA-09,False,public-derived-contiguous-slice
5606210,2020-04-17 17:29:27,-0.0180000000000006,8.248,8.238,-0.0240000000000009,8.248,49.45,0.04,1.0,0.0,1.0,1.0,0.0,1.0,1.0,1.0,False,DATA-09,False,public-derived-contiguous-slice
5606220,2020-04-17 17:29:39,-0.0180000000000006,8.248,8.238,-0.0240000000000009,8.248,49.45,0.04,1.0,0.0,1.0,1.0,0.0,1.0,1.0,1.0,False,DATA-09,False,public-derived-contiguous-slice
5606230,2020-04-17 17:29:51,-0.0180000000000006,8.248,8.238,-0.0240000000000009,8.248,49.45,0.04,1.0,0.0,1.0,1.0,0.0,1.0,1.0,1.0,False,DATA-09,False,public-derived-contiguous-slice
5606240,2020-04-17 17:30:03,-0.0180000000000006,8.248,8.238,-0.0240000000000009,8.248,49.45,0.04,1.0,0.0,1.0,1.0,0.0,1.0,1.0,1.0,False,DATA-09,False,public-derived-contiguous-slice
5606250,2020-04-17 17:30:15,-0.0180000000000006,8.248,8.238,-0.0240000000000009,8.248,49.45,0.04,1.0,0.0,1.0,1.0,0.0,1.0,1.0,1.0,False,DATA-09,False,public-derived-contiguous-slice
5606260,2020-04-17 17:30:27,-0.0180000000000006,8.248,8.238,-0.0240000000000009,8.248,49.45,0.04,0.0,0.0,0.0,0.0,0.0,0.0,0.0,0.0,False,DATA-09,False,public-derived-contiguous-slice
5606270,2020-04-17 17:30:40,-0.0180000000000006,8.248,8.238,-0.0240000000000009,8.248,49.45,0.04,1.0,0.0,1.0,1.0,0.0,1.0,1.0,1.0,False,DATA-09,False,public-derived-contiguous-slice
5606280,2020-04-17 17:30:52,-0.0180000000000006,8.248,8.238,-0.0240000000000009,8.248,49.45,0.04,1.0,0.0,1.0,1.0,0.0,1.0,1.0,1.0,False,DATA-09,False,public-derived-contiguous-slice
5606290,2020-04-17 17:31:03,-0.0180000000000006,8.248,8.238,-0.0240000000000009,8.248,49.45,0.04,1.0,0.0,1.0,1.0,0.0,1.0,1.0,1.0,False,DATA-09,False,public-derived-contiguous-slice
5606300,2020-04-17 17:31:15,-0.0180000000000006,8.248,8.238,-0.0240000000000009,8.248,49.45,0.04,1.0,0.0,1.0,1.0,0.0,1.0,1.0,1.0,False,DATA-09,False,public-derived-contiguous-slice
5606310,2020-04-17 17:31:27,-0.0180000000000006,8.248,8.238,-0.0240000000000009,8.248,49.45,0.04,1.0,0.0,1.0,1.0,0.0,1.0,1.0,1.0,False,DATA-09,False,public-derived-contiguous-slice
5606320,2020-04-17 17:31:39,-0.0180000000000006,8.248,8.238,-0.0240000000000009,8.248,49.45,0.04,0.0,0.0,0.0,0.0,0.0,0.0,0.0,0.0,False,DATA-09,False,public-derived-contiguous-slice
5606330,2020-04-17 17:31:51,-0.0180000000000006,8.248,8.238,-0.0240000000000009,8.248,49.45,0.04,0.0,0.0,0.0,0.0,0.0,0.0,0.0,0.0,False,DATA-09,False,public-derived-contiguous-slice
5606340,2020-04-17 17:32:03,-0.0180000000000006,8.248,8.238,-0.0240000000000009,8.248,49.45,0.04,0.0,0.0,0.0,0.0,0.0,0.0,0.0,0.0,False,DATA-09,False,public-derived-contiguous-slice
5606350,2020-04-17 17:32:16,-0.0180000000000006,8.248,8.238,-0.0240000000000009,8.248,49.45,0.04,1.0,0.0,1.0,1.0,0.0,1.0,1.0,1.0,False,DATA-09,False,public-derived-contiguous-slice
5606360,2020-04-17 17:32:28,-0.0180000000000006,8.248,8.238,-0.0240000000000009,8.248,49.45,0.04,1.0,0.0,1.0,1.0,0.0,1.0,1.0,1.0,False,DATA-09,False,public-derived-contiguous-slice
5606370,2020-04-17 17:32:40,-0.0180000000000006,8.248,8.238,-0.0240000000000009,8.248,49.45,0.04,1.0,0.0,1.0,1.0,0.0,1.0,1.0,1.0,False,DATA-09,False,public-derived-contiguous-slice
5606380,2020-04-17 17:32:51,-0.0180000000000006,8.248,8.238,-0.0240000000000009,8.248,49.45,0.04,1.0,0.0,1.0,1.0,0.0,1.0,1.0,1.0,False,DATA-09,False,public-derived-contiguous-slice
5606390,2020-04-17 17:33:03,-0.0180000000000006,8.248,8.238,-0.0240000000000009,8.248,49.45,0.04,1.0,0.0,1.0,1.0,0.0,1.0,1.0,1.0,False,DATA-09,False,public-derived-contiguous-slice
5606400,2020-04-17 17:33:15,-0.0180000000000006,8.248,8.238,-0.0240000000000009,8.248,49.45,0.04,1.0,0.0,1.0,1.0,0.0,1.0,1.0,1.0,False,DATA-09,False,public-derived-contiguous-slice
5606410,2020-04-17 17:33:27,-0.0180000000000006,8.248,8.238,-0.0240000000000009,8.248,49.45,0.04,0.0,0.0,0.0,0.0,0.0,0.0,0.0,0.0,False,DATA-09,False,public-derived-contiguous-slice
5606420,2020-04-17 17:33:40,-0.0180000000000006,8.248,8.238,-0.0240000000000009,8.248,49.45,0.04,1.0,0.0,1.0,1.0,0.0,1.0,1.0,1.0,False,DATA-09,False,public-derived-contiguous-slice
5606430,2020-04-17 17:33:52,-0.0180000000000006,8.248,8.238,-0.0240000000000009,8.248,49.45,0.04,1.0,0.0,1.0,1.0,0.0,1.0,1.0,1.0,False,DATA-09,False,public-derived-contiguous-slice
5606440,2020-04-17 17:34:04,-0.0180000000000006,8.248,8.238,-0.0240000000000009,8.248,49.45,0.04,1.0,0.0,1.0,1.0,0.0,1.0,1.0,1.0,False,DATA-09,False,public-derived-contiguous-slice
5606450,2020-04-17 17:34:16,-0.0180000000000006,8.248,8.238,-0.0240000000000009,8.248,49.45,0.04,1.0,0.0,1.0,1.0,0.0,1.0,1.0,1.0,False,DATA-09,False,public-derived-contiguous-slice
5606460,2020-04-17 17:34:28,-0.0180000000000006,8.248,8.238,-0.0240000000000009,8.248,49.45,0.04,0.0,0.0,0.0,0.0,0.0,0.0,0.0,0.0,False,DATA-09,False,public-derived-contiguous-slice
5606470,2020-04-17 17:34:39,-0.0180000000000006,8.248,8.238,-0.0240000000000009,8.248,49.45,0.04,0.0,0.0,0.0,0.0,0.0,0.0,0.0,0.0,False,DATA-09,False,public-derived-contiguous-slice
5606480,2020-04-17 17:34:52,-0.0180000000000006,8.248,8.238,-0.0240000000000009,8.248,49.45,0.04,1.0,0.0,1.0,1.0,0.0,1.0,1.0,1.0,False,DATA-09,False,public-derived-contiguous-slice
5606490,2020-04-17 17:35:04,-0.0180000000000006,8.248,8.238,-0.0240000000000009,8.248,49.45,0.04,1.0,0.0,1.0,1.0,0.0,1.0,1.0,1.0,False,DATA-09,False,public-derived-contiguous-slice
5606500,2020-04-17 17:35:16,-0.0180000000000006,8.248,8.238,-0.0240000000000009,8.248,49.45,0.04,1.0,0.0,1.0,1.0,0.0,1.0,1.0,1.0,False,DATA-09,False,public-derived-contiguous-slice
5606510,2020-04-17 17:35:28,-0.0180000000000006,8.248,8.238,-0.0240000000000009,8.248,49.45,0.04,1.0,0.0,1.0,1.0,0.0,1.0,1.0,1.0,False,DATA-09,False,public-derived-contiguous-slice
5606520,2020-04-17 17:35:40,-0.0180000000000006,8.248,8.238,-0.0240000000000009,8.248,49.45,0.04,1.0,0.0,1.0,1.0,0.0,1.0,1.0,1.0,False,DATA-09,False,public-derived-contiguous-slice
5606530,2020-04-17 17:35:52,-0.0180000000000006,8.248,8.238,-0.0240000000000009,8.248,49.45,0.04,0.0,0.0,0.0,0.0,0.0,0.0,0.0,0.0,False,DATA-09,False,public-derived-contiguous-slice
5606540,2020-04-17 17:36:05,-0.0180000000000006,8.248,8.238,-0.0240000000000009,8.248,49.45,0.04,1.0,0.0,1.0,1.0,0.0,1.0,1.0,1.0,False,DATA-09,False,public-derived-contiguous-slice
5606550,2020-04-17 17:36:17,-0.0180000000000006,8.248,8.238,-0.0240000000000009,8.248,49.45,0.04,1.0,0.0,1.0,1.0,0.0,1.0,1.0,1.0,False,DATA-09,False,public-derived-contiguous-slice
5606560,2020-04-17 17:36:28,-0.0180000000000006,8.248,8.238,-0.0240000000000009,8.248,49.45,0.04,1.0,0.0,1.0,1.0,0.0,1.0,1.0,1.0,False,DATA-09,False,public-derived-contiguous-slice
5606570,2020-04-17 17:36:40,-0.0180000000000006,8.248,8.238,-0.0240000000000009,8.248,49.45,0.04,1.0,0.0,1.0,1.0,0.0,1.0,1.0,1.0,False,DATA-09,False,public-derived-contiguous-slice
5606580,2020-04-17 17:36:52,-0.0180000000000006,8.248,8.238,-0.0240000000000009,8.248,49.45,0.04,1.0,0.0,1.0,1.0,0.0,1.0,1.0,1.0,False,DATA-09,False,public-derived-contiguous-slice
5606590,2020-04-17 17:37:04,-0.0180000000000006,8.248,8.238,-0.0240000000000009,8.248,49.45,0.04,1.0,0.0,1.0,1.0,0.0,1.0,1.0,1.0,False,DATA-09,False,public-derived-contiguous-slice
5606600,2020-04-17 17:37:16,-0.0180000000000006,8.248,8.238,-0.0240000000000009,8.248,49.45,0.04,0.0,0.0,0.0,0.0,0.0,0.0,0.0,0.0,False,DATA-09,False,public-derived-contiguous-slice
5606610,2020-04-17 17:37:29,-0.0180000000000006,8.248,8.238,-0.0240000000000009,8.248,49.45,0.04,1.0,0.0,1.0,1.0,0.0,1.0,1.0,1.0,False,DATA-09,False,public-derived-contiguous-slice
5606620,2020-04-17 17:37:41,-0.0180000000000006,8.248,8.238,-0.0240000000000009,8.248,49.45,0.04,1.0,0.0,1.0,1.0,0.0,1.0,1.0,1.0,False,DATA-09,False,public-derived-contiguous-slice
5606630,2020-04-17 17:37:53,-0.0180000000000006,8.248,8.238,-0.0240000000000009,8.248,49.45,0.04,1.0,0.0,1.0,1.0,0.0,1.0,1.0,1.0,False,DATA-09,False,public-derived-contiguous-slice
5606640,2020-04-17 17:38:05,-0.0180000000000006,8.248,8.238,-0.0240000000000009,8.248,49.45,0.04,1.0,0.0,1.0,1.0,0.0,1.0,1.0,1.0,False,DATA-09,False,public-derived-contiguous-slice
5606650,2020-04-17 17:38:16,-0.0180000000000006,8.248,8.238,-0.0240000000000009,8.248,49.45,0.04,1.0,0.0,1.0,1.0,0.0,1.0,1.0,1.0,False,DATA-09,False,public-derived-contiguous-slice
5606660,2020-04-17 17:38:28,-0.0180000000000006,8.248,8.238,-0.0240000000000009,8.248,49.45,0.04,1.0,0.0,1.0,1.0,0.0,1.0,1.0,1.0,False,DATA-09,False,public-derived-contiguous-slice
5606670,2020-04-17 17:38:40,-0.0180000000000006,8.248,8.238,-0.0240000000000009,8.248,49.45,0.04,0.0,0.0,0.0,0.0,0.0,0.0,0.0,0.0,False,DATA-09,False,public-derived-contiguous-slice
5606680,2020-04-17 17:38:53,-0.0180000000000006,8.248,8.238,-0.0240000000000009,8.248,49.45,0.04,1.0,0.0,1.0,1.0,0.0,1.0,1.0,1.0,False,DATA-09,False,public-derived-contiguous-slice
5606690,2020-04-17 17:39:05,-0.0180000000000006,8.248,8.238,-0.0240000000000009,8.248,49.45,0.04,1.0,0.0,1.0,1.0,0.0,1.0,1.0,1.0,False,DATA-09,False,public-derived-contiguous-slice
5606700,2020-04-17 17:39:17,-0.0180000000000006,8.248,8.238,-0.0240000000000009,8.248,49.45,0.04,1.0,0.0,1.0,1.0,0.0,1.0,1.0,1.0,False,DATA-09,False,public-derived-contiguous-slice
5606710,2020-04-17 17:39:29,-0.0180000000000006,8.248,8.238,-0.0240000000000009,8.248,49.45,0.04,1.0,0.0,1.0,1.0,0.0,1.0,1.0,1.0,False,DATA-09,False,public-derived-contiguous-slice
5606720,2020-04-17 17:39:41,-0.0180000000000006,8.248,8.238,-0.0240000000000009,8.248,49.45,0.04,0.0,0.0,0.0,0.0,0.0,0.0,0.0,0.0,False,DATA-09,False,public-derived-contiguous-slice
5606730,2020-04-17 17:39:54,-0.0180000000000006,8.248,8.238,-0.0240000000000009,8.248,49.45,0.04,1.0,0.0,1.0,1.0,0.0,1.0,1.0,1.0,False,DATA-09,False,public-derived-contiguous-slice
5606740,2020-04-17 17:40:05,-0.0180000000000006,8.248,8.238,-0.0240000000000009,8.248,49.45,0.04,1.0,0.0,1.0,1.0,0.0,1.0,1.0,1.0,False,DATA-09,False,public-derived-contiguous-slice
5606750,2020-04-17 17:40:17,-0.0180000000000006,8.248,8.238,-0.0240000000000009,8.248,49.45,0.04,1.0,0.0,1.0,1.0,0.0,1.0,1.0,1.0,False,DATA-09,False,public-derived-contiguous-slice
5606760,2020-04-17 17:40:29,-0.0180000000000006,8.248,8.238,-0.0240000000000009,8.248,49.45,0.04,1.0,0.0,1.0,1.0,0.0,1.0,1.0,1.0,False,DATA-09,False,public-derived-contiguous-slice
5606770,2020-04-17 17:40:41,-0.0180000000000006,8.248,8.238,-0.0240000000000009,8.248,49.45,0.04,0.0,0.0,0.0,0.0,0.0,0.0,0.0,0.0,False,DATA-09,False,public-derived-contiguous-slice
5606780,2020-04-17 17:40:54,-0.0180000000000006,8.248,8.238,-0.0240000000000009,8.248,49.45,0.04,1.0,0.0,1.0,1.0,0.0,1.0,1.0,1.0,False,DATA-09,False,public-derived-contiguous-slice
5606790,2020-04-17 17:41:06,-0.0180000000000006,8.248,8.238,-0.0240000000000009,8.248,49.45,0.04,1.0,0.0,1.0,1.0,0.0,1.0,1.0,1.0,False,DATA-09,False,public-derived-contiguous-slice
5606800,2020-04-17 17:41:18,-0.0180000000000006,8.248,8.238,-0.0240000000000009,8.248,49.45,0.04,1.0,0.0,1.0,1.0,0.0,1.0,1.0,1.0,False,DATA-09,False,public-derived-contiguous-slice
5606810,2020-04-17 17:41:30,-0.0180000000000006,8.248,8.238,-0.0240000000000009,8.248,49.45,0.04,1.0,0.0,1.0,1.0,0.0,1.0,1.0,1.0,False,DATA-09,False,public-derived-contiguous-slice
5606820,2020-04-17 17:41:42,-0.0180000000000006,8.248,8.238,-0.0240000000000009,8.248,49.45,0.04,0.0,0.0,0.0,0.0,0.0,0.0,0.0,0.0,False,DATA-09,False,public-derived-contiguous-slice
5606830,2020-04-17 17:41:54,-0.0180000000000006,8.248,8.238,-0.0240000000000009,8.248,49.45,0.04,0.0,0.0,0.0,0.0,0.0,0.0,0.0,0.0,False,DATA-09,False,public-derived-contiguous-slice
5606840,2020-04-17 17:42:06,-0.0180000000000006,8.248,8.238,-0.0240000000000009,8.248,49.45,0.04,1.0,0.0,1.0,1.0,0.0,1.0,1.0,1.0,False,DATA-09,False,public-derived-contiguous-slice
5606850,2020-04-17 17:42:18,-0.0180000000000006,8.248,8.238,-0.0240000000000009,8.248,49.45,0.04,1.0,0.0,1.0,1.0,0.0,1.0,1.0,1.0,False,DATA-09,False,public-derived-contiguous-slice
5606860,2020-04-17 17:42:30,-0.0180000000000006,8.248,8.238,-0.0240000000000009,8.248,49.45,0.04,1.0,0.0,1.0,1.0,0.0,1.0,1.0,1.0,False,DATA-09,False,public-derived-contiguous-slice
5606870,2020-04-17 17:42:42,-0.0180000000000006,8.248,8.238,-0.0240000000000009,8.248,49.45,0.04,1.0,0.0,1.0,1.0,0.0,1.0,1.0,1.0,False,DATA-09,False,public-derived-contiguous-slice
5606880,2020-04-17 17:42:54,-0.0180000000000006,8.248,8.238,-0.0240000000000009,8.248,49.45,0.04,0.0,0.0,0.0,0.0,0.0,0.0,0.0,0.0,False,DATA-09,False,public-derived-contiguous-slice
5606890,2020-04-17 17:43:07,-0.0180000000000006,8.248,8.238,-0.0240000000000009,8.248,49.45,0.04,1.0,0.0,1.0,1.0,0.0,1.0,1.0,1.0,False,DATA-09,False,public-derived-contiguous-slice
5606900,2020-04-17 17:43:19,-0.0180000000000006,8.248,8.238,-0.0240000000000009,8.248,49.45,0.04,1.0,0.0,1.0,1.0,0.0,1.0,1.0,1.0,False,DATA-09,False,public-derived-contiguous-slice
5606910,2020-04-17 17:43:31,-0.0180000000000006,8.248,8.238,-0.0240000000000009,8.248,49.45,0.04,1.0,0.0,1.0,1.0,0.0,1.0,1.0,1.0,False,DATA-09,False,public-derived-contiguous-slice
5606920,2020-04-17 17:43:43,-0.0180000000000006,8.248,8.238,-0.0240000000000009,8.248,49.45,0.04,1.0,0.0,1.0,1.0,0.0,1.0,1.0,1.0,False,DATA-09,False,public-derived-contiguous-slice
5606930,2020-04-17 17:43:54,-0.0180000000000006,8.248,8.238,-0.0240000000000009,8.248,49.45,0.04,1.0,0.0,1.0,1.0,0.0,1.0,1.0,1.0,False,DATA-09,False,public-derived-contiguous-slice
5606940,2020-04-17 17:44:06,-0.0180000000000006,8.248,8.238,-0.0240000000000009,8.248,49.45,0.04,1.0,0.0,1.0,1.0,0.0,1.0,1.0,1.0,False,DATA-09,False,public-derived-contiguous-slice
5606950,2020-04-17 17:44:18,-0.0180000000000006,8.248,8.238,-0.0240000000000009,8.248,49.45,0.04,1.0,0.0,1.0,1.0,0.0,1.0,1.0,1.0,False,DATA-09,False,public-derived-contiguous-slice
5606960,2020-04-17 17:44:30,-0.0180000000000006,8.248,8.238,-0.0240000000000009,8.248,49.45,0.04,0.0,0.0,0.0,0.0,0.0,0.0,0.0,0.0,False,DATA-09,False,public-derived-contiguous-slice
5606970,2020-04-17 17:44:42,-0.0180000000000006,8.248,8.238,-0.0240000000000009,8.248,49.45,0.04,0.0,0.0,0.0,0.0,0.0,0.0,0.0,0.0,False,DATA-09,False,public-derived-contiguous-slice
5606980,2020-04-17 17:44:55,-0.0180000000000006,8.248,8.238,-0.0240000000000009,8.248,49.45,0.04,1.0,0.0,1.0,1.0,0.0,1.0,1.0,1.0,False,DATA-09,False,public-derived-contiguous-slice
5606990,2020-04-17 17:45:07,-0.0180000000000006,8.248,8.238,-0.0240000000000009,8.248,49.45,0.04,1.0,0.0,1.0,1.0,0.0,1.0,1.0,1.0,False,DATA-09,False,public-derived-contiguous-slice
5607000,2020-04-17 17:45:19,-0.0180000000000006,8.248,8.238,-0.0240000000000009,8.248,49.45,0.04,1.0,0.0,1.0,1.0,0.0,1.0,1.0,1.0,False,DATA-09,False,public-derived-contiguous-slice
5607010,2020-04-17 17:45:31,-0.0180000000000006,8.248,8.238,-0.0240000000000009,8.248,49.45,0.04,1.0,0.0,1.0,1.0,0.0,1.0,1.0,1.0,False,DATA-09,False,public-derived-contiguous-slice
5607020,2020-04-17 17:45:42,-0.0180000000000006,8.248,8.238,-0.0240000000000009,8.248,49.45,0.04,0.0,0.0,0.0,0.0,0.0,0.0,0.0,0.0,False,DATA-09,False,public-derived-contiguous-slice
5607030,2020-04-17 17:45:54,-0.0180000000000006,8.248,8.238,-0.0240000000000009,8.248,49.45,0.04,0.0,0.0,0.0,0.0,0.0,0.0,0.0,0.0,False,DATA-09,False,public-derived-contiguous-slice
5607040,2020-04-17 17:46:07,-0.0180000000000006,8.248,8.238,-0.0240000000000009,8.248,49.45,0.04,1.0,0.0,1.0,1.0,0.0,1.0,1.0,1.0,False,DATA-09,False,public-derived-contiguous-slice
5607050,2020-04-17 17:46:19,-0.0180000000000006,8.248,8.238,-0.0240000000000009,8.248,49.45,0.04,1.0,0.0,1.0,1.0,0.0,1.0,1.0,1.0,False,DATA-09,False,public-derived-contiguous-slice
5607060,2020-04-17 17:46:31,-0.0180000000000006,8.248,8.238,-0.0240000000000009,8.248,49.45,0.04,1.0,0.0,1.0,1.0,0.0,1.0,1.0,1.0,False,DATA-09,False,public-derived-contiguous-slice
5607070,2020-04-17 17:46:43,-0.0180000000000006,8.248,8.238,-0.0240000000000009,8.248,49.45,0.04,1.0,0.0,1.0,1.0,0.0,1.0,1.0,1.0,False,DATA-09,False,public-derived-contiguous-slice
5607080,2020-04-17 17:46:55,-0.0180000000000006,8.248,8.238,-0.0240000000000009,8.248,49.45,0.04,0.0,0.0,0.0,0.0,0.0,0.0,0.0,0.0,False,DATA-09,False,public-derived-contiguous-slice
5607090,2020-04-17 17:47:08,-0.0180000000000006,8.248,8.238,-0.0240000000000009,8.248,49.45,0.04,1.0,0.0,1.0,1.0,0.0,1.0,1.0,1.0,False,DATA-09,False,public-derived-contiguous-slice
5607100,2020-04-17 17:47:20,-0.0180000000000006,8.248,8.238,-0.0240000000000009,8.248,49.45,0.04,1.0,0.0,1.0,1.0,0.0,1.0,1.0,1.0,False,DATA-09,False,public-derived-contiguous-slice
5607110,2020-04-17 17:47:31,-0.0180000000000006,8.248,8.238,-0.0240000000000009,8.248,49.45,0.04,1.0,0.0,1.0,1.0,0.0,1.0,1.0,1.0,False,DATA-09,False,public-derived-contiguous-slice
5607120,2020-04-17 17:47:43,-0.0180000000000006,8.248,8.238,-0.0240000000000009,8.248,49.45,0.04,1.0,0.0,1.0,1.0,0.0,1.0,1.0,1.0,False,DATA-09,False,public-derived-contiguous-slice
5607130,2020-04-17 17:47:55,-0.0180000000000006,8.248,8.238,-0.0240000000000009,8.248,49.45,0.04,1.0,0.0,1.0,1.0,0.0,1.0,1.0,1.0,False,DATA-09,False,public-derived-contiguous-slice
5607140,2020-04-17 17:48:07,-0.0180000000000006,8.248,8.238,-0.0240000000000009,8.248,49.45,0.04,0.0,0.0,0.0,0.0,0.0,0.0,0.0,0.0,False,DATA-09,False,public-derived-contiguous-slice
5607150,2020-04-17 17:48:20,-0.0180000000000006,8.248,8.238,-0.0240000000000009,8.248,49.45,0.04,1.0,0.0,1.0,1.0,0.0,1.0,1.0,1.0,False,DATA-09,False,public-derived-contiguous-slice
5607160,2020-04-17 17:48:32,-0.0180000000000006,8.248,8.238,-0.0240000000000009,8.248,49.45,0.04,1.0,0.0,1.0,1.0,0.0,1.0,1.0,1.0,False,DATA-09,False,public-derived-contiguous-slice
5607170,2020-04-17 17:48:44,-0.0180000000000006,8.248,8.238,-0.0240000000000009,8.248,49.45,0.04,1.0,0.0,1.0,1.0,0.0,1.0,1.0,1.0,False,DATA-09,False,public-derived-contiguous-slice
5607180,2020-04-17 17:48:56,-0.0180000000000006,8.248,8.238,-0.0240000000000009,8.248,49.45,0.04,1.0,0.0,1.0,1.0,0.0,1.0,1.0,1.0,False,DATA-09,False,public-derived-contiguous-slice
5607190,2020-04-17 17:49:08,-0.0180000000000006,8.248,8.238,-0.0240000000000009,8.248,49.45,0.04,1.0,0.0,1.0,1.0,0.0,1.0,1.0,1.0,False,DATA-09,False,public-derived-contiguous-slice
5607200,2020-04-17 17:49:20,-0.0180000000000006,8.248,8.238,-0.0240000000000009,8.248,49.45,0.04,1.0,0.0,1.0,1.0,0.0,1.0,1.0,1.0,False,DATA-09,False,public-derived-contiguous-slice
5607210,2020-04-17 17:49:32,-0.0180000000000006,8.248,8.238,-0.0240000000000009,8.248,49.45,0.04,0.0,0.0,0.0,0.0,0.0,0.0,0.0,0.0,False,DATA-09,False,public-derived-contiguous-slice
5607220,2020-04-17 17:49:43,-0.0180000000000006,8.248,8.238,-0.0240000000000009,8.248,49.45,0.04,1.0,0.0,1.0,1.0,0.0,1.0,1.0,1.0,False,DATA-09,False,public-derived-contiguous-slice
5607230,2020-04-17 17:49:55,-0.0180000000000006,8.248,8.238,-0.0240000000000009,8.248,49.45,0.04,0.0,0.0,0.0,0.0,0.0,0.0,0.0,0.0,False,DATA-09,False,public-derived-contiguous-slice
5607240,2020-04-17 17:50:08,-0.0180000000000006,8.248,8.238,-0.0240000000000009,8.248,49.45,0.04,1.0,0.0,1.0,1.0,0.0,1.0,1.0,1.0,False,DATA-09,False,public-derived-contiguous-slice
5607250,2020-04-17 17:50:20,-0.0180000000000006,8.248,8.238,-0.0240000000000009,8.248,49.45,0.04,1.0,0.0,1.0,1.0,0.0,1.0,1.0,1.0,False,DATA-09,False,public-derived-contiguous-slice
5607260,2020-04-17 17:50:32,-0.0180000000000006,8.248,8.238,-0.0240000000000009,8.248,49.45,0.04,1.0,0.0,1.0,1.0,0.0,1.0,1.0,1.0,False,DATA-09,False,public-derived-contiguous-slice
5607270,2020-04-17 17:50:44,-0.0180000000000006,8.248,8.238,-0.0240000000000009,8.248,49.45,0.04,1.0,0.0,1.0,1.0,0.0,1.0,1.0,1.0,False,DATA-09,False,public-derived-contiguous-slice
5607280,2020-04-17 17:50:56,-0.0180000000000006,8.248,8.238,-0.0240000000000009,8.248,49.45,0.04,1.0,0.0,1.0,1.0,0.0,1.0,1.0,1.0,False,DATA-09,False,public-derived-contiguous-slice
5607290,2020-04-17 17:51:08,-0.0180000000000006,8.248,8.238,-0.0240000000000009,8.248,49.45,0.04,0.0,0.0,0.0,0.0,0.0,0.0,0.0,0.0,False,DATA-09,False,public-derived-contiguous-slice
5607300,2020-04-17 17:51:21,-0.0180000000000006,8.248,8.238,-0.0240000000000009,8.248,49.45,0.04,1.0,0.0,1.0,1.0,0.0,1.0,1.0,1.0,False,DATA-09,False,public-derived-contiguous-slice
5607310,2020-04-17 17:51:33,-0.0180000000000006,8.248,8.238,-0.0240000000000009,8.248,49.45,0.04,1.0,0.0,1.0,1.0,0.0,1.0,1.0,1.0,False,DATA-09,False,public-derived-contiguous-slice
5607320,2020-04-17 17:51:44,-0.0180000000000006,8.248,8.238,-0.0240000000000009,8.248,49.45,0.04,1.0,0.0,1.0,1.0,0.0,1.0,1.0,1.0,False,DATA-09,False,public-derived-contiguous-slice
5607330,2020-04-17 17:51:56,-0.0180000000000006,8.248,8.238,-0.0240000000000009,8.248,49.45,0.04,1.0,0.0,1.0,1.0,0.0,1.0,1.0,1.0,False,DATA-09,False,public-derived-contiguous-slice
5607340,2020-04-17 17:52:08,-0.0180000000000006,8.248,8.238,-0.0240000000000009,8.248,49.45,0.04,1.0,0.0,1.0,1.0,0.0,1.0,1.0,1.0,False,DATA-09,False,public-derived-contiguous-slice
5607350,2020-04-17 17:52:20,-0.0180000000000006,8.248,8.238,-0.0240000000000009,8.248,49.45,0.04,1.0,0.0,1.0,1.0,0.0,1.0,1.0,1.0,False,DATA-09,False,public-derived-contiguous-slice
5607360,2020-04-17 17:52:32,-0.0180000000000006,8.248,8.238,-0.0240000000000009,8.248,49.45,0.04,0.0,0.0,0.0,0.0,0.0,0.0,0.0,0.0,False,DATA-09,False,public-derived-contiguous-slice
5607370,2020-04-17 17:52:44,-0.0180000000000006,8.248,8.238,-0.0240000000000009,8.248,49.45,0.04,0.0,0.0,0.0,0.0,0.0,0.0,0.0,0.0,False,DATA-09,False,public-derived-contiguous-slice
5607380,2020-04-17 17:52:57,-0.0180000000000006,8.248,8.238,-0.0240000000000009,8.248,49.45,0.04,1.0,0.0,1.0,1.0,0.0,1.0,1.0,1.0,False,DATA-09,False,public-derived-contiguous-slice
5607390,2020-04-17 17:53:09,-0.0180000000000006,8.248,8.238,-0.0240000000000009,8.248,49.45,0.04,1.0,0.0,1.0,1.0,0.0,1.0,1.0,1.0,False,DATA-09,False,public-derived-contiguous-slice
5607400,2020-04-17 17:53:21,-0.0180000000000006,8.248,8.238,-0.0240000000000009,8.248,49.45,0.04,1.0,0.0,1.0,1.0,0.0,1.0,1.0,1.0,False,DATA-09,False,public-derived-contiguous-slice
5607410,2020-04-17 17:53:33,-0.0180000000000006,8.248,8.238,-0.0240000000000009,8.248,49.45,0.04,1.0,0.0,1.0,1.0,0.0,1.0,1.0,1.0,False,DATA-09,False,public-derived-contiguous-slice
5607420,2020-04-17 17:53:44,-0.0180000000000006,8.248,8.238,-0.0240000000000009,8.248,49.45,0.04,1.0,0.0,1.0,1.0,0.0,1.0,1.0,1.0,False,DATA-09,False,public-derived-contiguous-slice
5607430,2020-04-17 17:53:56,-0.0180000000000006,8.248,8.238,-0.0240000000000009,8.248,49.45,0.04,1.0,0.0,1.0,1.0,0.0,1.0,1.0,1.0,False,DATA-09,False,public-derived-contiguous-slice
5607440,2020-04-17 17:54:08,-0.0180000000000006,8.248,8.238,-0.0240000000000009,8.248,49.45,0.04,0.0,0.0,0.0,0.0,0.0,0.0,0.0,0.0,False,DATA-09,False,public-derived-contiguous-slice
5607450,2020-04-17 17:54:21,-0.0180000000000006,8.248,8.238,-0.0240000000000009,8.248,49.45,0.04,1.0,0.0,1.0,1.0,0.0,1.0,1.0,1.0,False,DATA-09,False,public-derived-contiguous-slice
5607460,2020-04-17 17:54:33,-0.0180000000000006,8.248,8.238,-0.0240000000000009,8.248,49.45,0.04,1.0,0.0,1.0,1.0,0.0,1.0,1.0,1.0,False,DATA-09,False,public-derived-contiguous-slice
5607470,2020-04-17 17:54:45,-0.0180000000000006,8.248,8.238,-0.0240000000000009,8.248,49.45,0.04,1.0,0.0,1.0,1.0,0.0,1.0,1.0,1.0,False,DATA-09,False,public-derived-contiguous-slice
5607480,2020-04-17 17:54:57,-0.0180000000000006,8.248,8.238,-0.0240000000000009,8.248,49.45,0.04,1.0,0.0,1.0,1.0,0.0,1.0,1.0,1.0,False,DATA-09,False,public-derived-contiguous-slice
5607490,2020-04-17 17:55:09,-0.0180000000000006,8.248,8.238,-0.0240000000000009,8.248,49.45,0.04,1.0,0.0,1.0,1.0,0.0,1.0,1.0,1.0,False,DATA-09,False,public-derived-contiguous-slice
5607500,2020-04-17 17:55:21,-0.0180000000000006,8.248,8.238,-0.0240000000000009,8.248,49.45,0.04,0.0,0.0,0.0,0.0,0.0,0.0,0.0,0.0,False,DATA-09,False,public-derived-contiguous-slice
5607510,2020-04-17 17:55:34,-0.0180000000000006,8.248,8.238,-0.0240000000000009,8.248,49.45,0.04,1.0,0.0,1.0,1.0,0.0,1.0,1.0,1.0,False,DATA-09,False,public-derived-contiguous-slice
5607520,2020-04-17 17:55:45,-0.0180000000000006,8.248,8.238,-0.0240000000000009,8.248,49.45,0.04,1.0,0.0,1.0,1.0,0.0,1.0,1.0,1.0,False,DATA-09,False,public-derived-contiguous-slice
5607530,2020-04-17 17:55:57,-0.0180000000000006,8.248,8.238,-0.0240000000000009,8.248,49.45,0.04,1.0,0.0,1.0,1.0,0.0,1.0,1.0,1.0,False,DATA-09,False,public-derived-contiguous-slice
5607540,2020-04-17 17:56:09,-0.0180000000000006,8.248,8.238,-0.0240000000000009,8.248,49.45,0.04,1.0,0.0,1.0,1.0,0.0,1.0,1.0,1.0,False,DATA-09,False,public-derived-contiguous-slice
5607550,2020-04-17 17:56:21,-0.0180000000000006,8.248,8.238,-0.0240000000000009,8.248,49.45,0.04,0.0,0.0,0.0,0.0,0.0,0.0,0.0,0.0,False,DATA-09,False,public-derived-contiguous-slice
5607560,2020-04-17 17:56:34,-0.0180000000000006,8.248,8.238,-0.0240000000000009,8.248,49.45,0.04,1.0,0.0,1.0,1.0,0.0,1.0,1.0,1.0,False,DATA-09,False,public-derived-contiguous-slice
5607570,2020-04-17 17:56:46,-0.0180000000000006,8.248,8.238,-0.0240000000000009,8.248,49.45,0.04,1.0,0.0,1.0,1.0,0.0,1.0,1.0,1.0,False,DATA-09,False,public-derived-contiguous-slice
5607580,2020-04-17 17:56:57,-0.0180000000000006,8.248,8.238,-0.0240000000000009,8.248,49.45,0.04,1.0,0.0,1.0,1.0,0.0,1.0,1.0,1.0,False,DATA-09,False,public-derived-contiguous-slice
5607590,2020-04-17 17:57:09,-0.0180000000000006,8.248,8.238,-0.0240000000000009,8.248,49.45,0.04,0.0,0.0,0.0,0.0,0.0,0.0,0.0,0.0,False,DATA-09,False,public-derived-contiguous-slice
5607600,2020-04-17 17:57:22,-0.0180000000000006,8.248,8.238,-0.0240000000000009,8.248,49.45,0.04,1.0,0.0,1.0,1.0,0.0,1.0,1.0,1.0,False,DATA-09,False,public-derived-contiguous-slice
5607610,2020-04-17 17:57:33,-0.0180000000000006,8.248,8.238,-0.0240000000000009,8.248,49.45,0.04,1.0,0.0,1.0,1.0,0.0,1.0,1.0,1.0,False,DATA-09,False,public-derived-contiguous-slice
5607620,2020-04-17 17:57:45,-0.0180000000000006,8.248,8.238,-0.0240000000000009,8.248,49.45,0.04,1.0,0.0,1.0,1.0,0.0,1.0,1.0,1.0,False,DATA-09,False,public-derived-contiguous-slice
5607630,2020-04-17 17:57:57,-0.0180000000000006,8.248,8.238,-0.0240000000000009,8.248,49.45,0.04,0.0,0.0,0.0,0.0,0.0,0.0,0.0,0.0,False,DATA-09,False,public-derived-contiguous-slice
5607640,2020-04-17 17:58:10,-0.0180000000000006,8.248,8.238,-0.0240000000000009,8.248,49.45,0.04,1.0,0.0,1.0,1.0,0.0,1.0,1.0,1.0,False,DATA-09,False,public-derived-contiguous-slice
5607650,2020-04-17 17:58:22,-0.0180000000000006,8.248,8.238,-0.0240000000000009,8.248,49.45,0.04,1.0,0.0,1.0,1.0,0.0,1.0,1.0,1.0,False,DATA-09,False,public-derived-contiguous-slice
5607660,2020-04-17 17:58:34,-0.0180000000000006,8.248,8.238,-0.0240000000000009,8.248,49.45,0.04,1.0,0.0,1.0,1.0,0.0,1.0,1.0,1.0,False,DATA-09,False,public-derived-contiguous-slice
5607670,2020-04-17 17:58:46,-0.0180000000000006,8.248,8.238,-0.0240000000000009,8.248,49.45,0.04,1.0,0.0,1.0,1.0,0.0,1.0,1.0,1.0,False,DATA-09,False,public-derived-contiguous-slice
5607680,2020-04-17 17:58:58,-0.0180000000000006,8.248,8.238,-0.0240000000000009,8.248,49.45,0.04,1.0,0.0,1.0,1.0,0.0,1.0,1.0,1.0,False,DATA-09,False,public-derived-contiguous-slice
5607690,2020-04-17 17:59:10,-0.0180000000000006,8.248,8.238,-0.0240000000000009,8.248,49.45,0.04,1.0,0.0,1.0,1.0,0.0,1.0,1.0,1.0,False,DATA-09,False,public-derived-contiguous-slice
5607700,2020-04-17 17:59:22,-0.0180000000000006,8.248,8.238,-0.0240000000000009,8.248,49.45,0.04,1.0,0.0,1.0,1.0,0.0,1.0,1.0,1.0,False,DATA-09,False,public-derived-contiguous-slice
5607710,2020-04-17 17:59:33,-0.0180000000000006,8.248,8.238,-0.0240000000000009,8.248,49.45,0.04,1.0,0.0,1.0,1.0,0.0,1.0,1.0,1.0,False,DATA-09,False,public-derived-contiguous-slice
5607720,2020-04-17 17:59:45,-0.0180000000000006,8.248,8.238,-0.0240000000000009,8.248,49.45,0.04,0.0,0.0,0.0,0.0,0.0,0.0,0.0,0.0,False,DATA-09,False,public-derived-contiguous-slice
5607730,2020-04-17 17:59:58,-0.0180000000000006,8.248,8.238,-0.0240000000000009,8.248,49.45,0.04,1.0,0.0,1.0,1.0,0.0,1.0,1.0,1.0,False,DATA-09,False,public-derived-contiguous-slice
5607740,2020-04-17 18:00:10,-0.0180000000000006,8.248,8.238,-0.0240000000000009,8.248,49.45,0.04,1.0,0.0,1.0,1.0,0.0,1.0,1.0,1.0,False,DATA-09,False,public-derived-contiguous-slice
5607750,2020-04-17 18:00:22,-0.0180000000000006,8.248,8.238,-0.0240000000000009,8.248,49.45,0.04,1.0,0.0,1.0,1.0,0.0,1.0,1.0,1.0,False,DATA-09,False,public-derived-contiguous-slice
5607760,2020-04-17 18:00:34,-0.0180000000000006,8.248,8.238,-0.0240000000000009,8.248,49.45,0.04,1.0,0.0,1.0,1.0,0.0,1.0,1.0,1.0,False,DATA-09,False,public-derived-contiguous-slice
5607770,2020-04-17 18:00:46,-0.0180000000000006,8.248,8.238,-0.0240000000000009,8.248,49.45,0.04,0.0,0.0,0.0,0.0,0.0,0.0,0.0,0.0,False,DATA-09,False,public-derived-contiguous-slice
5607780,2020-04-17 18:00:58,-0.0180000000000006,8.248,8.238,-0.0240000000000009,8.248,49.45,0.04,0.0,0.0,0.0,0.0,0.0,0.0,0.0,0.0,False,DATA-09,False,public-derived-contiguous-slice
5607790,2020-04-17 18:01:11,-0.0180000000000006,8.248,8.238,-0.0240000000000009,8.248,49.45,0.04,1.0,0.0,1.0,1.0,0.0,1.0,1.0,1.0,False,DATA-09,False,public-derived-contiguous-slice
5607800,2020-04-17 18:01:23,-0.0180000000000006,8.248,8.238,-0.0240000000000009,8.248,49.45,0.04,1.0,0.0,1.0,1.0,0.0,1.0,1.0,1.0,False,DATA-09,False,public-derived-contiguous-slice
5607810,2020-04-17 18:01:34,-0.0180000000000006,8.248,8.238,-0.0240000000000009,8.248,49.45,0.04,1.0,0.0,1.0,1.0,0.0,1.0,1.0,1.0,False,DATA-09,False,public-derived-contiguous-slice
5607820,2020-04-17 18:01:46,-0.0180000000000006,8.248,8.238,-0.0240000000000009,8.248,49.45,0.04,1.0,0.0,1.0,1.0,0.0,1.0,1.0,1.0,False,DATA-09,False,public-derived-contiguous-slice
5607830,2020-04-17 18:01:58,-0.0180000000000006,8.248,8.238,-0.0240000000000009,8.248,49.45,0.04,0.0,0.0,0.0,0.0,0.0,0.0,0.0,0.0,False,DATA-09,False,public-derived-contiguous-slice
5607840,2020-04-17 18:02:11,-0.0180000000000006,8.248,8.238,-0.0240000000000009,8.248,49.45,0.04,1.0,0.0,1.0,1.0,0.0,1.0,1.0,1.0,False,DATA-09,False,public-derived-contiguous-slice
5607850,2020-04-17 18:02:23,-0.0180000000000006,8.248,8.238,-0.0240000000000009,8.248,49.45,0.04,1.0,0.0,1.0,1.0,0.0,1.0,1.0,1.0,False,DATA-09,False,public-derived-contiguous-slice
5607860,2020-04-17 18:02:35,-0.0180000000000006,8.248,8.238,-0.0240000000000009,8.248,49.45,0.04,1.0,0.0,1.0,1.0,0.0,1.0,1.0,1.0,False,DATA-09,False,public-derived-contiguous-slice
5607870,2020-04-17 18:02:47,-0.0180000000000006,8.248,8.238,-0.0240000000000009,8.248,49.45,0.04,1.0,0.0,1.0,1.0,0.0,1.0,1.0,1.0,False,DATA-09,False,public-derived-contiguous-slice
5607880,2020-04-17 18:02:59,-0.0180000000000006,8.248,8.238,-0.0240000000000009,8.248,49.45,0.04,1.0,0.0,1.0,1.0,0.0,1.0,1.0,1.0,False,DATA-09,False,public-derived-contiguous-slice
5607890,2020-04-17 18:03:11,-0.0180000000000006,8.248,8.238,-0.0240000000000009,8.248,49.45,0.04,0.0,0.0,0.0,0.0,0.0,0.0,0.0,0.0,False,DATA-09,False,public-derived-contiguous-slice
5607900,2020-04-17 18:03:24,-0.0180000000000006,8.248,8.238,-0.0240000000000009,8.248,49.45,0.04,1.0,0.0,1.0,1.0,0.0,1.0,1.0,1.0,False,DATA-09,False,public-derived-contiguous-slice
5607910,2020-04-17 18:03:35,-0.0180000000000006,8.248,8.238,-0.0240000000000009,8.248,49.45,0.04,1.0,0.0,1.0,1.0,0.0,1.0,1.0,1.0,False,DATA-09,False,public-derived-contiguous-slice
5607920,2020-04-17 18:03:47,-0.0180000000000006,8.248,8.238,-0.0240000000000009,8.248,49.45,0.04,1.0,0.0,1.0,1.0,0.0,1.0,1.0,1.0,False,DATA-09,False,public-derived-contiguous-slice
5607930,2020-04-17 18:03:59,-0.0180000000000006,8.248,8.238,-0.0240000000000009,8.248,49.45,0.04,1.0,0.0,1.0,1.0,0.0,1.0,1.0,1.0,False,DATA-09,False,public-derived-contiguous-slice
5607940,2020-04-17 18:04:11,-0.0180000000000006,8.248,8.238,-0.0240000000000009,8.248,49.45,0.04,1.0,0.0,1.0,1.0,0.0,1.0,1.0,1.0,False,DATA-09,False,public-derived-contiguous-slice
5607950,2020-04-17 18:04:23,-0.0180000000000006,8.248,8.238,-0.0240000000000009,8.248,49.45,0.04,1.0,0.0,1.0,1.0,0.0,1.0,1.0,1.0,False,DATA-09,False,public-derived-contiguous-slice
5607960,2020-04-17 18:04:35,-0.0180000000000006,8.248,8.238,-0.0240000000000009,8.248,49.45,0.04,1.0,0.0,1.0,1.0,0.0,1.0,1.0,1.0,False,DATA-09,False,public-derived-contiguous-slice
5607970,2020-04-17 18:04:47,-0.0180000000000006,8.248,8.238,-0.0240000000000009,8.248,49.45,0.04,0.0,0.0,0.0,0.0,0.0,0.0,0.0,0.0,False,DATA-09,False,public-derived-contiguous-slice
5607980,2020-04-17 18:05:00,-0.0180000000000006,8.248,8.238,-0.0240000000000009,8.248,49.45,0.04,1.0,0.0,1.0,1.0,0.0,1.0,1.0,1.0,False,DATA-09,False,public-derived-contiguous-slice
5607990,2020-04-17 18:05:12,-0.0180000000000006,8.248,8.238,-0.0240000000000009,8.248,49.45,0.04,1.0,0.0,1.0,1.0,0.0,1.0,1.0,1.0,False,DATA-09,False,public-derived-contiguous-slice
5608000,2020-04-17 18:05:24,-0.0180000000000006,8.248,8.238,-0.0240000000000009,8.248,49.45,0.04,1.0,0.0,1.0,1.0,0.0,1.0,1.0,1.0,False,DATA-09,False,public-derived-contiguous-slice
5608010,2020-04-17 18:05:36,-0.0180000000000006,8.248,8.238,-0.0240000000000009,8.248,49.45,0.04,1.0,0.0,1.0,1.0,0.0,1.0,1.0,1.0,False,DATA-09,False,public-derived-contiguous-slice
5608020,2020-04-17 18:05:47,-0.0180000000000006,8.248,8.238,-0.0240000000000009,8.248,49.45,0.04,1.0,0.0,1.0,1.0,0.0,1.0,1.0,1.0,False,DATA-09,False,public-derived-contiguous-slice
5608030,2020-04-17 18:05:59,-0.0180000000000006,8.248,8.238,-0.0240000000000009,8.248,49.45,0.04,1.0,0.0,1.0,1.0,0.0,1.0,1.0,1.0,False,DATA-09,False,public-derived-contiguous-slice
5608040,2020-04-17 18:06:11,-0.0180000000000006,8.248,8.238,-0.0240000000000009,8.248,49.45,0.04,1.0,0.0,1.0,1.0,0.0,1.0,1.0,1.0,False,DATA-09,False,public-derived-contiguous-slice
5608050,2020-04-17 18:06:23,-0.0180000000000006,8.248,8.238,-0.0240000000000009,8.248,49.45,0.04,0.0,0.0,0.0,0.0,0.0,0.0,0.0,0.0,False,DATA-09,False,public-derived-contiguous-slice
5608060,2020-04-17 18:06:36,-0.0180000000000006,8.248,8.238,-0.0240000000000009,8.248,49.45,0.04,1.0,0.0,1.0,1.0,0.0,1.0,1.0,1.0,False,DATA-09,False,public-derived-contiguous-slice
5608070,2020-04-17 18:06:48,-0.0180000000000006,8.248,8.238,-0.0240000000000009,8.248,49.45,0.04,1.0,0.0,1.0,1.0,0.0,1.0,1.0,1.0,False,DATA-09,False,public-derived-contiguous-slice
5608080,2020-04-17 18:07:00,-0.0180000000000006,8.248,8.238,-0.0240000000000009,8.248,49.45,0.04,1.0,0.0,1.0,1.0,0.0,1.0,1.0,1.0,False,DATA-09,False,public-derived-contiguous-slice
5608090,2020-04-17 18:07:12,-0.0180000000000006,8.248,8.238,-0.0240000000000009,8.248,49.45,0.04,1.0,0.0,1.0,1.0,0.0,1.0,1.0,1.0,False,DATA-09,False,public-derived-contiguous-slice
5608100,2020-04-17 18:07:24,-0.0180000000000006,8.248,8.238,-0.0240000000000009,8.248,49.45,0.04,0.0,0.0,0.0,0.0,0.0,0.0,0.0,0.0,False,DATA-09,False,public-derived-contiguous-slice
5608110,2020-04-17 18:07:36,-0.0180000000000006,8.248,8.238,-0.0240000000000009,8.248,49.45,0.04,1.0,0.0,1.0,1.0,0.0,1.0,1.0,1.0,False,DATA-09,False,public-derived-contiguous-slice
5608120,2020-04-17 18:07:48,-0.0180000000000006,8.248,8.238,-0.0240000000000009,8.248,49.45,0.04,1.0,0.0,1.0,1.0,0.0,1.0,1.0,1.0,False,DATA-09,False,public-derived-contiguous-slice
5608130,2020-04-17 18:08:00,-0.0180000000000006,8.248,8.238,-0.0240000000000009,8.248,49.45,0.04,1.0,0.0,1.0,1.0,0.0,1.0,1.0,1.0,False,DATA-09,False,public-derived-contiguous-slice
5608140,2020-04-17 18:08:12,-0.0180000000000006,8.248,8.238,-0.0240000000000009,8.248,49.45,0.04,1.0,0.0,1.0,1.0,0.0,1.0,1.0,1.0,False,DATA-09,False,public-derived-contiguous-slice
5608150,2020-04-17 18:08:24,-0.0180000000000006,8.248,8.238,-0.0240000000000009,8.248,49.45,0.04,1.0,0.0,1.0,1.0,0.0,1.0,1.0,1.0,False,DATA-09,False,public-derived-contiguous-slice
5608160,2020-04-17 18:08:36,-0.0180000000000006,8.248,8.238,-0.0240000000000009,8.248,49.45,0.04,1.0,0.0,1.0,1.0,0.0,1.0,1.0,1.0,False,DATA-09,False,public-derived-contiguous-slice
5608170,2020-04-17 18:08:48,-0.0180000000000006,8.248,8.238,-0.0240000000000009,8.248,49.45,0.04,0.0,0.0,0.0,0.0,0.0,0.0,0.0,0.0,False,DATA-09,False,public-derived-contiguous-slice
5608180,2020-04-17 18:09:00,-0.0180000000000006,8.248,8.238,-0.0240000000000009,8.248,49.45,0.04,0.0,0.0,0.0,0.0,0.0,0.0,0.0,0.0,False,DATA-09,False,public-derived-contiguous-slice
5608190,2020-04-17 18:09:13,-0.0180000000000006,8.248,8.238,-0.0240000000000009,8.248,49.45,0.04,1.0,0.0,1.0,1.0,0.0,1.0,1.0,1.0,False,DATA-09,False,public-derived-contiguous-slice
5608200,2020-04-17 18:09:24,-0.0180000000000006,8.248,8.238,-0.0240000000000009,8.248,49.45,0.04,1.0,0.0,1.0,1.0,0.0,1.0,1.0,1.0,False,DATA-09,False,public-derived-contiguous-slice
5608210,2020-04-17 18:09:36,-0.0180000000000006,8.248,8.238,-0.0240000000000009,8.248,49.45,0.04,1.0,0.0,1.0,1.0,0.0,1.0,1.0,1.0,False,DATA-09,False,public-derived-contiguous-slice
5608220,2020-04-17 18:09:48,-0.0180000000000006,8.248,8.238,-0.0240000000000009,8.248,49.45,0.04,1.0,0.0,1.0,1.0,0.0,1.0,1.0,1.0,False,DATA-09,False,public-derived-contiguous-slice
5608230,2020-04-17 18:10:00,-0.0180000000000006,8.248,8.238,-0.0240000000000009,8.248,49.45,0.04,1.0,0.0,1.0,1.0,0.0,1.0,1.0,1.0,False,DATA-09,False,public-derived-contiguous-slice
5608240,2020-04-17 18:10:12,-0.0180000000000006,8.248,8.238,-0.0240000000000009,8.248,49.45,0.04,0.0,0.0,0.0,0.0,0.0,0.0,0.0,0.0,False,DATA-09,False,public-derived-contiguous-slice
5608250,2020-04-17 18:10:25,-0.0180000000000006,8.248,8.238,-0.0240000000000009,8.248,49.45,0.04,1.0,0.0,1.0,1.0,0.0,1.0,1.0,1.0,False,DATA-09,False,public-derived-contiguous-slice
5608260,2020-04-17 18:10:37,-0.0180000000000006,8.248,8.238,-0.0240000000000009,8.248,49.45,0.04,1.0,0.0,1.0,1.0,0.0,1.0,1.0,1.0,False,DATA-09,False,public-derived-contiguous-slice
5608270,2020-04-17 18:10:49,-0.0180000000000006,8.248,8.238,-0.0240000000000009,8.248,49.45,0.04,1.0,0.0,1.0,1.0,0.0,1.0,1.0,1.0,False,DATA-09,False,public-derived-contiguous-slice
5608280,2020-04-17 18:11:01,-0.0180000000000006,8.248,8.238,-0.0240000000000009,8.248,49.45,0.04,1.0,0.0,1.0,1.0,0.0,1.0,1.0,1.0,False,DATA-09,False,public-derived-contiguous-slice
5608290,2020-04-17 18:11:13,-0.0180000000000006,8.248,8.238,-0.0240000000000009,8.248,49.45,0.04,0.0,0.0,0.0,0.0,0.0,0.0,0.0,0.0,False,DATA-09,False,public-derived-contiguous-slice
5608300,2020-04-17 18:11:25,-0.0180000000000006,8.248,8.238,-0.0240000000000009,8.248,49.45,0.04,1.0,0.0,1.0,1.0,0.0,1.0,1.0,1.0,False,DATA-09,False,public-derived-contiguous-slice
5608310,2020-04-17 18:11:37,-0.0180000000000006,8.248,8.238,-0.0240000000000009,8.248,49.45,0.04,1.0,0.0,1.0,1.0,0.0,1.0,1.0,1.0,False,DATA-09,False,public-derived-contiguous-slice
5608320,2020-04-17 18:11:49,-0.0180000000000006,8.248,8.238,-0.0240000000000009,8.248,49.45,0.04,1.0,0.0,1.0,1.0,0.0,1.0,1.0,1.0,False,DATA-09,False,public-derived-contiguous-slice
5608330,2020-04-17 18:12:01,-0.0180000000000006,8.248,8.238,-0.0240000000000009,8.248,49.45,0.04,1.0,0.0,1.0,1.0,0.0,1.0,1.0,1.0,False,DATA-09,False,public-derived-contiguous-slice
5608340,2020-04-17 18:12:13,-0.0180000000000006,8.248,8.238,-0.0240000000000009,8.248,49.45,0.04,0.0,0.0,0.0,0.0,0.0,0.0,0.0,0.0,False,DATA-09,False,public-derived-contiguous-slice
5608350,2020-04-17 18:12:26,-0.0180000000000006,8.248,8.238,-0.0240000000000009,8.248,49.45,0.04,1.0,0.0,1.0,1.0,0.0,1.0,1.0,1.0,False,DATA-09,False,public-derived-contiguous-slice
5608360,2020-04-17 18:12:38,-0.0180000000000006,8.248,8.238,-0.0240000000000009,8.248,49.45,0.04,1.0,0.0,1.0,1.0,0.0,1.0,1.0,1.0,False,DATA-09,False,public-derived-contiguous-slice
5608370,2020-04-17 18:12:50,-0.0180000000000006,8.248,8.238,-0.0240000000000009,8.248,49.45,0.04,1.0,0.0,1.0,1.0,0.0,1.0,1.0,1.0,False,DATA-09,False,public-derived-contiguous-slice
5608380,2020-04-17 18:13:02,-0.0180000000000006,8.248,8.238,-0.0240000000000009,8.248,49.45,0.04,1.0,0.0,1.0,1.0,0.0,1.0,1.0,1.0,False,DATA-09,False,public-derived-contiguous-slice
5608390,2020-04-17 18:13:13,-0.0180000000000006,8.248,8.238,-0.0240000000000009,8.248,49.45,0.04,1.0,0.0,1.0,1.0,0.0,1.0,1.0,1.0,False,DATA-09,False,public-derived-contiguous-slice
5608400,2020-04-17 18:13:25,-0.0180000000000006,8.248,8.238,-0.0240000000000009,8.248,49.45,0.04,1.0,0.0,1.0,1.0,0.0,1.0,1.0,1.0,False,DATA-09,False,public-derived-contiguous-slice
5608410,2020-04-17 18:13:37,-0.0180000000000006,8.248,8.238,-0.0240000000000009,8.248,49.45,0.04,0.0,0.0,0.0,0.0,0.0,0.0,0.0,0.0,False,DATA-09,False,public-derived-contiguous-slice
5608420,2020-04-17 18:13:50,-0.0180000000000006,8.248,8.238,-0.0240000000000009,8.248,49.45,0.04,1.0,0.0,1.0,1.0,0.0,1.0,1.0,1.0,False,DATA-09,False,public-derived-contiguous-slice
5608430,2020-04-17 18:14:02,-0.0180000000000006,8.248,8.238,-0.0240000000000009,8.248,49.45,0.04,1.0,0.0,1.0,1.0,0.0,1.0,1.0,1.0,False,DATA-09,False,public-derived-contiguous-slice
5608440,2020-04-17 18:14:14,-0.0180000000000006,8.248,8.238,-0.0240000000000009,8.248,49.45,0.04,1.0,0.0,1.0,1.0,0.0,1.0,1.0,1.0,False,DATA-09,False,public-derived-contiguous-slice
5608450,2020-04-17 18:14:26,-0.0180000000000006,8.248,8.238,-0.0240000000000009,8.248,49.45,0.04,0.0,0.0,0.0,0.0,0.0,0.0,0.0,0.0,False,DATA-09,False,public-derived-contiguous-slice
5608460,2020-04-17 18:14:39,-0.0180000000000006,8.248,8.238,-0.0240000000000009,8.248,49.45,0.04,1.0,0.0,1.0,1.0,0.0,1.0,1.0,1.0,False,DATA-09,False,public-derived-contiguous-slice
5608470,2020-04-17 18:14:51,-0.0180000000000006,8.248,8.238,-0.0240000000000009,8.248,49.45,0.04,1.0,0.0,1.0,1.0,0.0,1.0,1.0,1.0,False,DATA-09,False,public-derived-contiguous-slice
5608480,2020-04-17 18:15:02,-0.0180000000000006,8.248,8.238,-0.0240000000000009,8.248,49.45,0.04,1.0,0.0,1.0,1.0,0.0,1.0,1.0,1.0,False,DATA-09,False,public-derived-contiguous-slice
5608490,2020-04-17 18:15:14,-0.0180000000000006,8.248,8.238,-0.0240000000000009,8.248,49.45,0.04,1.0,0.0,1.0,1.0,0.0,1.0,1.0,1.0,False,DATA-09,False,public-derived-contiguous-slice
5608500,2020-04-17 18:15:26,-0.0180000000000006,8.248,8.238,-0.0240000000000009,8.248,49.45,0.04,0.0,0.0,0.0,0.0,0.0,0.0,0.0,0.0,False,DATA-09,False,public-derived-contiguous-slice
5608510,2020-04-17 18:15:39,-0.0180000000000006,8.248,8.238,-0.0240000000000009,8.248,49.45,0.04,1.0,0.0,1.0,1.0,0.0,1.0,1.0,1.0,False,DATA-09,False,public-derived-contiguous-slice
5608520,2020-04-17 18:15:51,-0.0180000000000006,8.248,8.238,-0.0240000000000009,8.248,49.45,0.04,1.0,0.0,1.0,1.0,0.0,1.0,1.0,1.0,False,DATA-09,False,public-derived-contiguous-slice
5608530,2020-04-17 18:16:03,-0.0180000000000006,8.248,8.238,-0.0240000000000009,8.248,49.45,0.04,1.0,0.0,1.0,1.0,0.0,1.0,1.0,1.0,False,DATA-09,False,public-derived-contiguous-slice
5608540,2020-04-17 18:16:15,-0.0180000000000006,8.248,8.238,-0.0240000000000009,8.248,49.45,0.04,1.0,0.0,1.0,1.0,0.0,1.0,1.0,1.0,False,DATA-09,False,public-derived-contiguous-slice
5608550,2020-04-17 18:16:27,-0.0180000000000006,8.248,8.238,-0.0240000000000009,8.248,49.45,0.04,1.0,0.0,1.0,1.0,0.0,1.0,1.0,1.0,False,DATA-09,False,public-derived-contiguous-slice
5608560,2020-04-17 18:16:39,-0.0180000000000006,8.248,8.238,-0.0240000000000009,8.248,49.45,0.04,1.0,0.0,1.0,1.0,0.0,1.0,1.0,1.0,False,DATA-09,False,public-derived-contiguous-slice
5608570,2020-04-17 18:16:50,-0.0180000000000006,8.248,8.238,-0.0240000000000009,8.248,49.45,0.04,0.0,0.0,0.0,0.0,0.0,0.0,0.0,0.0,False,DATA-09,False,public-derived-contiguous-slice
5608580,2020-04-17 18:17:03,-0.0180000000000006,8.248,8.238,-0.0240000000000009,8.248,49.45,0.04,1.0,0.0,1.0,1.0,0.0,1.0,1.0,1.0,False,DATA-09,False,public-derived-contiguous-slice
5608590,2020-04-17 18:17:15,-0.0180000000000006,8.248,8.238,-0.0240000000000009,8.248,49.45,0.04,1.0,0.0,1.0,1.0,0.0,1.0,1.0,1.0,False,DATA-09,False,public-derived-contiguous-slice
5608600,2020-04-17 18:17:27,-0.0180000000000006,8.248,8.238,-0.0240000000000009,8.248,49.45,0.04,1.0,0.0,1.0,1.0,0.0,1.0,1.0,1.0,False,DATA-09,False,public-derived-contiguous-slice
5608610,2020-04-17 18:17:39,-0.0180000000000006,8.248,8.238,-0.0240000000000009,8.248,49.45,0.04,1.0,0.0,1.0,1.0,0.0,1.0,1.0,1.0,False,DATA-09,False,public-derived-contiguous-slice
5608620,2020-04-17 18:17:51,-0.0180000000000006,8.248,8.238,-0.0240000000000009,8.248,49.45,0.04,0.0,0.0,0.0,0.0,0.0,0.0,0.0,0.0,False,DATA-09,False,public-derived-contiguous-slice
5608630,2020-04-17 18:18:04,-0.0180000000000006,8.248,8.238,-0.0240000000000009,8.248,49.45,0.04,1.0,0.0,1.0,1.0,0.0,1.0,1.0,1.0,False,DATA-09,False,public-derived-contiguous-slice
5608640,2020-04-17 18:18:16,-0.0180000000000006,8.248,8.238,-0.0240000000000009,8.248,49.45,0.04,1.0,0.0,1.0,1.0,0.0,1.0,1.0,1.0,False,DATA-09,False,public-derived-contiguous-slice
5608650,2020-04-17 18:18:28,-0.0180000000000006,8.248,8.238,-0.0240000000000009,8.248,49.45,0.04,1.0,0.0,1.0,1.0,0.0,1.0,1.0,1.0,False,DATA-09,False,public-derived-contiguous-slice
5608660,2020-04-17 18:18:40,-0.0180000000000006,8.248,8.238,-0.0240000000000009,8.248,49.45,0.04,1.0,0.0,1.0,1.0,0.0,1.0,1.0,1.0,False,DATA-09,False,public-derived-contiguous-slice
5608670,2020-04-17 18:18:51,-0.0180000000000006,8.248,8.238,-0.0240000000000009,8.248,49.45,0.04,1.0,0.0,1.0,1.0,0.0,1.0,1.0,1.0,False,DATA-09,False,public-derived-contiguous-slice
5608680,2020-04-17 18:19:03,-0.0180000000000006,8.248,8.238,-0.0240000000000009,8.248,49.45,0.04,1.0,0.0,1.0,1.0,0.0,1.0,1.0,1.0,False,DATA-09,False,public-derived-contiguous-slice
5608690,2020-04-17 18:19:15,-0.0180000000000006,8.248,8.238,-0.0240000000000009,8.248,49.45,0.04,1.0,0.0,1.0,1.0,0.0,1.0,1.0,1.0,False,DATA-09,False,public-derived-contiguous-slice
5608700,2020-04-17 18:19:27,-0.0180000000000006,8.248,8.238,-0.0240000000000009,8.248,49.45,0.04,1.0,0.0,1.0,1.0,0.0,1.0,1.0,1.0,False,DATA-09,False,public-derived-contiguous-slice
5608710,2020-04-17 18:19:39,-0.0180000000000006,8.248,8.238,-0.0240000000000009,8.248,49.45,0.04,0.0,0.0,0.0,0.0,0.0,0.0,0.0,0.0,False,DATA-09,False,public-derived-contiguous-slice
5608720,2020-04-17 18:19:52,-0.0180000000000006,8.248,8.238,-0.0240000000000009,8.248,49.45,0.04,1.0,0.0,1.0,1.0,0.0,1.0,1.0,1.0,False,DATA-09,False,public-derived-contiguous-slice
5608730,2020-04-17 18:20:04,-0.0180000000000006,8.248,8.238,-0.0240000000000009,8.248,49.45,0.04,1.0,0.0,1.0,1.0,0.0,1.0,1.0,1.0,False,DATA-09,False,public-derived-contiguous-slice
5608740,2020-04-17 18:20:16,-0.0180000000000006,8.248,8.238,-0.0240000000000009,8.248,49.45,0.04,1.0,0.0,1.0,1.0,0.0,1.0,1.0,1.0,False,DATA-09,False,public-derived-contiguous-slice
5608750,2020-04-17 18:20:28,-0.0180000000000006,8.248,8.238,-0.0240000000000009,8.248,49.45,0.04,1.0,0.0,1.0,1.0,0.0,1.0,1.0,1.0,False,DATA-09,False,public-derived-contiguous-slice
5608760,2020-04-17 18:20:39,-0.0180000000000006,8.248,8.238,-0.0240000000000009,8.248,49.45,0.04,1.0,0.0,1.0,1.0,0.0,1.0,1.0,1.0,False,DATA-09,False,public-derived-contiguous-slice
5608770,2020-04-17 18:20:51,-0.0180000000000006,8.248,8.238,-0.0240000000000009,8.248,49.45,0.04,0.0,0.0,0.0,0.0,0.0,0.0,0.0,0.0,False,DATA-09,False,public-derived-contiguous-slice
5608780,2020-04-17 18:21:04,-0.0180000000000006,8.248,8.238,-0.0240000000000009,8.248,49.45,0.04,1.0,0.0,1.0,1.0,0.0,1.0,1.0,1.0,False,DATA-09,False,public-derived-contiguous-slice
5608790,2020-04-17 18:21:16,-0.0180000000000006,8.248,8.238,-0.0240000000000009,8.248,49.45,0.04,1.0,0.0,1.0,1.0,0.0,1.0,1.0,1.0,False,DATA-09,False,public-derived-contiguous-slice
5608800,2020-04-17 18:21:28,-0.0180000000000006,8.248,8.238,-0.0240000000000009,8.248,49.45,0.04,1.0,0.0,1.0,1.0,0.0,1.0,1.0,1.0,False,DATA-09,False,public-derived-contiguous-slice
5608810,2020-04-17 18:21:40,-0.0180000000000006,8.248,8.238,-0.0240000000000009,8.248,49.45,0.04,1.0,0.0,1.0,1.0,0.0,1.0,1.0,1.0,False,DATA-09,False,public-derived-contiguous-slice
5608820,2020-04-17 18:21:52,-0.0180000000000006,8.248,8.238,-0.0240000000000009,8.248,49.45,0.04,0.0,0.0,0.0,0.0,0.0,0.0,0.0,0.0,False,DATA-09,False,public-derived-contiguous-slice
5608830,2020-04-17 18:22:05,-0.0180000000000006,8.248,8.238,-0.0240000000000009,8.248,49.45,0.04,1.0,0.0,1.0,1.0,0.0,1.0,1.0,1.0,False,DATA-09,False,public-derived-contiguous-slice
5608840,2020-04-17 18:22:17,-0.0180000000000006,8.248,8.238,-0.0240000000000009,8.248,49.45,0.04,1.0,0.0,1.0,1.0,0.0,1.0,1.0,1.0,False,DATA-09,False,public-derived-contiguous-slice
5608850,2020-04-17 18:22:28,-0.0180000000000006,8.248,8.238,-0.0240000000000009,8.248,49.45,0.04,1.0,0.0,1.0,1.0,0.0,1.0,1.0,1.0,False,DATA-09,False,public-derived-contiguous-slice
5608860,2020-04-17 18:22:40,-0.0180000000000006,8.248,8.238,-0.0240000000000009,8.248,49.45,0.04,1.0,0.0,1.0,1.0,0.0,1.0,1.0,1.0,False,DATA-09,False,public-derived-contiguous-slice
5608870,2020-04-17 18:22:52,-0.0180000000000006,8.248,8.238,-0.0240000000000009,8.248,49.45,0.04,0.0,0.0,0.0,0.0,0.0,0.0,0.0,0.0,False,DATA-09,False,public-derived-contiguous-slice
5608880,2020-04-17 18:23:04,-0.0180000000000006,8.248,8.238,-0.0240000000000009,8.248,49.45,0.04,0.0,0.0,0.0,0.0,0.0,0.0,0.0,0.0,False,DATA-09,False,public-derived-contiguous-slice
5608890,2020-04-17 18:23:17,-0.0180000000000006,8.248,8.238,-0.0240000000000009,8.248,49.45,0.04,1.0,0.0,1.0,1.0,0.0,1.0,1.0,1.0,False,DATA-09,False,public-derived-contiguous-slice
5608900,2020-04-17 18:23:29,-0.0180000000000006,8.248,8.238,-0.0240000000000009,8.248,49.45,0.04,1.0,0.0,1.0,1.0,0.0,1.0,1.0,1.0,False,DATA-09,False,public-derived-contiguous-slice
5608910,2020-04-17 18:23:41,-0.0180000000000006,8.248,8.238,-0.0240000000000009,8.248,49.45,0.04,1.0,0.0,1.0,1.0,0.0,1.0,1.0,1.0,False,DATA-09,False,public-derived-contiguous-slice
5608920,2020-04-17 18:23:53,-0.0180000000000006,8.248,8.238,-0.0240000000000009,8.248,49.45,0.04,1.0,0.0,1.0,1.0,0.0,1.0,1.0,1.0,False,DATA-09,False,public-derived-contiguous-slice
5608930,2020-04-17 18:24:05,-0.0180000000000006,8.248,8.238,-0.0240000000000009,8.248,49.45,0.04,1.0,0.0,1.0,1.0,0.0,1.0,1.0,1.0,False,DATA-09,False,public-derived-contiguous-slice
5608940,2020-04-17 18:24:16,-0.0180000000000006,8.248,8.238,-0.0240000000000009,8.248,49.45,0.04,1.0,0.0,1.0,1.0,0.0,1.0,1.0,1.0,False,DATA-09,False,public-derived-contiguous-slice
5608950,2020-04-17 18:24:28,-0.0180000000000006,8.248,8.238,-0.0240000000000009,8.248,49.45,0.04,0.0,0.0,0.0,0.0,0.0,0.0,0.0,0.0,False,DATA-09,False,public-derived-contiguous-slice
5608960,2020-04-17 18:24:40,-0.0180000000000006,8.248,8.238,-0.0240000000000009,8.248,49.45,0.04,1.0,0.0,1.0,1.0,0.0,1.0,1.0,1.0,False,DATA-09,False,public-derived-contiguous-slice
5608970,2020-04-17 18:24:52,-0.0180000000000006,8.248,8.238,-0.0240000000000009,8.248,49.45,0.04,0.0,0.0,0.0,0.0,0.0,0.0,0.0,0.0,False,DATA-09,False,public-derived-contiguous-slice
5608980,2020-04-17 18:25:05,-0.0180000000000006,8.248,8.238,-0.0240000000000009,8.248,49.45,0.04,1.0,0.0,1.0,1.0,0.0,1.0,1.0,1.0,False,DATA-09,False,public-derived-contiguous-slice
5608990,2020-04-17 18:25:17,-0.0180000000000006,8.248,8.238,-0.0240000000000009,8.248,49.45,0.04,1.0,0.0,1.0,1.0,0.0,1.0,1.0,1.0,False,DATA-09,False,public-derived-contiguous-slice
5609000,2020-04-17 18:25:29,-0.0180000000000006,8.248,8.238,-0.0240000000000009,8.248,49.45,0.04,1.0,0.0,1.0,1.0,0.0,1.0,1.0,1.0,False,DATA-09,False,public-derived-contiguous-slice
5609010,2020-04-17 18:25:41,-0.0180000000000006,8.248,8.238,-0.0240000000000009,8.248,49.45,0.04,1.0,0.0,1.0,1.0,0.0,1.0,1.0,1.0,False,DATA-09,False,public-derived-contiguous-slice
5609020,2020-04-17 18:25:53,-0.0180000000000006,8.248,8.238,-0.0240000000000009,8.248,49.45,0.04,0.0,0.0,0.0,0.0,0.0,0.0,0.0,0.0,False,DATA-09,False,public-derived-contiguous-slice
5609030,2020-04-17 18:26:06,-0.0180000000000006,8.248,8.238,-0.0240000000000009,8.248,49.45,0.04,1.0,0.0,1.0,1.0,0.0,1.0,1.0,1.0,False,DATA-09,False,public-derived-contiguous-slice
5609040,2020-04-17 18:26:17,-0.0180000000000006,8.248,8.238,-0.0240000000000009,8.248,49.45,0.04,1.0,0.0,1.0,1.0,0.0,1.0,1.0,1.0,False,DATA-09,False,public-derived-contiguous-slice
5609050,2020-04-17 18:26:29,-0.0180000000000006,8.248,8.238,-0.0240000000000009,8.248,49.45,0.04,1.0,0.0,1.0,1.0,0.0,1.0,1.0,1.0,False,DATA-09,False,public-derived-contiguous-slice
5609060,2020-04-17 18:26:41,-0.0180000000000006,8.248,8.238,-0.0240000000000009,8.248,49.45,0.04,1.0,0.0,1.0,1.0,0.0,1.0,1.0,1.0,False,DATA-09,False,public-derived-contiguous-slice
5609070,2020-04-17 18:26:53,-0.0180000000000006,8.248,8.238,-0.0240000000000009,8.248,49.45,0.04,0.0,0.0,0.0,0.0,0.0,0.0,0.0,0.0,False,DATA-09,False,public-derived-contiguous-slice
5609080,2020-04-17 18:27:06,-0.0180000000000006,8.248,8.238,-0.0240000000000009,8.248,49.45,0.04,1.0,0.0,1.0,1.0,0.0,1.0,1.0,1.0,False,DATA-09,False,public-derived-contiguous-slice
5609090,2020-04-17 18:27:18,-0.0180000000000006,8.248,8.238,-0.0240000000000009,8.248,49.45,0.04,1.0,0.0,1.0,1.0,0.0,1.0,1.0,1.0,False,DATA-09,False,public-derived-contiguous-slice
5609100,2020-04-17 18:27:30,-0.0180000000000006,8.248,8.238,-0.0240000000000009,8.248,49.45,0.04,1.0,0.0,1.0,1.0,0.0,1.0,1.0,1.0,False,DATA-09,False,public-derived-contiguous-slice
5609110,2020-04-17 18:27:42,-0.0180000000000006,8.248,8.238,-0.0240000000000009,8.248,49.45,0.04,1.0,0.0,1.0,1.0,0.0,1.0,1.0,1.0,False,DATA-09,False,public-derived-contiguous-slice
5609120,2020-04-17 18:27:54,-0.0180000000000006,8.248,8.238,-0.0240000000000009,8.248,49.45,0.04,1.0,0.0,1.0,1.0,0.0,1.0,1.0,1.0,False,DATA-09,False,public-derived-contiguous-slice
5609130,2020-04-17 18:28:06,-0.0180000000000006,8.248,8.238,-0.0240000000000009,8.248,49.45,0.04,0.0,0.0,0.0,0.0,0.0,0.0,0.0,0.0,False,DATA-09,False,public-derived-contiguous-slice
5609140,2020-04-17 18:28:18,-0.0180000000000006,8.248,8.238,-0.0240000000000009,8.248,49.45,0.04,1.0,0.0,1.0,1.0,0.0,1.0,1.0,1.0,False,DATA-09,False,public-derived-contiguous-slice
5609150,2020-04-17 18:28:30,-0.0180000000000006,8.248,8.238,-0.0240000000000009,8.248,49.45,0.04,1.0,0.0,1.0,1.0,0.0,1.0,1.0,1.0,False,DATA-09,False,public-derived-contiguous-slice
5609160,2020-04-17 18:28:42,-0.0180000000000006,8.248,8.238,-0.0240000000000009,8.248,49.45,0.04,1.0,0.0,1.0,1.0,0.0,1.0,1.0,1.0,False,DATA-09,False,public-derived-contiguous-slice
5609170,2020-04-17 18:28:54,-0.0180000000000006,8.248,8.238,-0.0240000000000009,8.248,49.45,0.04,1.0,0.0,1.0,1.0,0.0,1.0,1.0,1.0,False,DATA-09,False,public-derived-contiguous-slice
5609180,2020-04-17 18:29:06,-0.0180000000000006,8.248,8.238,-0.0240000000000009,8.248,49.45,0.04,1.0,0.0,1.0,1.0,0.0,1.0,1.0,1.0,False,DATA-09,False,public-derived-contiguous-slice
5609190,2020-04-17 18:29:18,-0.0180000000000006,8.248,8.238,-0.0240000000000009,8.248,49.45,0.04,0.0,0.0,0.0,0.0,0.0,0.0,0.0,0.0,False,DATA-09,False,public-derived-contiguous-slice
5609200,2020-04-17 18:29:31,-0.0180000000000006,8.248,8.238,-0.0240000000000009,8.248,49.45,0.04,1.0,0.0,1.0,1.0,0.0,1.0,1.0,1.0,False,DATA-09,False,public-derived-contiguous-slice
5609210,2020-04-17 18:29:43,-0.0180000000000006,8.248,8.238,-0.0240000000000009,8.248,49.45,0.04,1.0,0.0,1.0,1.0,0.0,1.0,1.0,1.0,False,DATA-09,False,public-derived-contiguous-slice
5609220,2020-04-17 18:29:55,-0.0180000000000006,8.248,8.238,-0.0240000000000009,8.248,49.45,0.04,1.0,0.0,1.0,1.0,0.0,1.0,1.0,1.0,False,DATA-09,False,public-derived-contiguous-slice
5609230,2020-04-17 18:30:07,-0.0180000000000006,8.248,8.238,-0.0240000000000009,8.248,49.45,0.04,1.0,0.0,1.0,1.0,0.0,1.0,1.0,1.0,False,DATA-09,False,public-derived-contiguous-slice
5609240,2020-04-17 18:30:19,-0.0180000000000006,8.248,8.238,-0.0240000000000009,8.248,49.45,0.04,1.0,0.0,1.0,1.0,0.0,1.0,1.0,1.0,False,DATA-09,False,public-derived-contiguous-slice
5609250,2020-04-17 18:30:30,-0.0180000000000006,8.248,8.238,-0.0240000000000009,8.248,49.45,0.04,1.0,0.0,1.0,1.0,0.0,1.0,1.0,1.0,False,DATA-09,False,public-derived-contiguous-slice
5609260,2020-04-17 18:30:42,-0.0180000000000006,8.248,8.238,-0.0240000000000009,8.248,49.45,0.04,1.0,0.0,1.0,1.0,0.0,1.0,1.0,1.0,False,DATA-09,False,public-derived-contiguous-slice
5609270,2020-04-17 18:30:54,-0.0180000000000006,8.248,8.238,-0.0240000000000009,8.248,49.45,0.04,0.0,0.0,0.0,0.0,0.0,0.0,0.0,0.0,False,DATA-09,False,public-derived-contiguous-slice
5609280,2020-04-17 18:31:07,-0.0180000000000006,8.248,8.238,-0.0240000000000009,8.248,49.45,0.04,1.0,0.0,1.0,1.0,0.0,1.0,1.0,1.0,False,DATA-09,False,public-derived-contiguous-slice
5609290,2020-04-17 18:31:19,-0.0180000000000006,8.248,8.238,-0.0240000000000009,8.248,49.45,0.04,1.0,0.0,1.0,1.0,0.0,1.0,1.0,1.0,False,DATA-09,False,public-derived-contiguous-slice
5609300,2020-04-17 18:31:31,-0.0180000000000006,8.248,8.238,-0.0240000000000009,8.248,49.45,0.04,1.0,0.0,1.0,1.0,0.0,1.0,1.0,1.0,False,DATA-09,False,public-derived-contiguous-slice
5609310,2020-04-17 18:31:43,-0.0180000000000006,8.248,8.238,-0.0240000000000009,8.248,49.45,0.04,1.0,0.0,1.0,1.0,0.0,1.0,1.0,1.0,False,DATA-09,False,public-derived-contiguous-slice
5609320,2020-04-17 18:31:55,-0.0180000000000006,8.248,8.238,-0.0240000000000009,8.248,49.45,0.04,0.0,0.0,0.0,0.0,0.0,0.0,0.0,0.0,False,DATA-09,False,public-derived-contiguous-slice
5609330,2020-04-17 18:32:08,-0.0180000000000006,8.248,8.238,-0.0240000000000009,8.248,49.45,0.04,1.0,0.0,1.0,1.0,0.0,1.0,1.0,1.0,False,DATA-09,False,public-derived-contiguous-slice
5609340,2020-04-17 18:32:20,-0.0180000000000006,8.248,8.238,-0.0240000000000009,8.248,49.45,0.04,1.0,0.0,1.0,1.0,0.0,1.0,1.0,1.0,False,DATA-09,False,public-derived-contiguous-slice
5609350,2020-04-17 18:32:31,-0.0180000000000006,8.248,8.238,-0.0240000000000009,8.248,49.45,0.04,1.0,0.0,1.0,1.0,0.0,1.0,1.0,1.0,False,DATA-09,False,public-derived-contiguous-slice
5609360,2020-04-17 18:32:43,-0.0180000000000006,8.248,8.238,-0.0240000000000009,8.248,49.45,0.04,1.0,0.0,1.0,1.0,0.0,1.0,1.0,1.0,False,DATA-09,False,public-derived-contiguous-slice
5609370,2020-04-17 18:32:55,-0.0180000000000006,8.248,8.238,-0.0240000000000009,8.248,49.45,0.04,1.0,0.0,1.0,1.0,0.0,1.0,1.0,1.0,False,DATA-09,False,public-derived-contiguous-slice
5609380,2020-04-17 18:33:07,-0.0180000000000006,8.248,8.238,-0.0240000000000009,8.248,49.45,0.04,0.0,0.0,0.0,0.0,0.0,0.0,0.0,0.0,False,DATA-09,False,public-derived-contiguous-slice
5609390,2020-04-17 18:33:20,-0.0180000000000006,8.248,8.238,-0.0240000000000009,8.248,49.45,0.04,1.0,0.0,1.0,1.0,0.0,1.0,1.0,1.0,False,DATA-09,False,public-derived-contiguous-slice
5609400,2020-04-17 18:33:32,-0.0180000000000006,8.248,8.238,-0.0240000000000009,8.248,49.45,0.04,1.0,0.0,1.0,1.0,0.0,1.0,1.0,1.0,False,DATA-09,False,public-derived-contiguous-slice
5609410,2020-04-17 18:33:44,-0.0180000000000006,8.248,8.238,-0.0240000000000009,8.248,49.45,0.04,1.0,0.0,1.0,1.0,0.0,1.0,1.0,1.0,False,DATA-09,False,public-derived-contiguous-slice
5609420,2020-04-17 18:33:56,-0.0180000000000006,8.248,8.238,-0.0240000000000009,8.248,49.45,0.04,1.0,0.0,1.0,1.0,0.0,1.0,1.0,1.0,False,DATA-09,False,public-derived-contiguous-slice
5609430,2020-04-17 18:34:08,-0.0180000000000006,8.248,8.238,-0.0240000000000009,8.248,49.45,0.04,0.0,0.0,0.0,0.0,0.0,0.0,0.0,0.0,False,DATA-09,False,public-derived-contiguous-slice
5609440,2020-04-17 18:34:20,-0.0180000000000006,8.248,8.238,-0.0240000000000009,8.248,49.45,0.04,1.0,0.0,1.0,1.0,0.0,1.0,1.0,1.0,False,DATA-09,False,public-derived-contiguous-slice
5609450,2020-04-17 18:34:32,-0.0180000000000006,8.248,8.238,-0.0240000000000009,8.248,49.45,0.04,1.0,0.0,1.0,1.0,0.0,1.0,1.0,1.0,False,DATA-09,False,public-derived-contiguous-slice
5609460,2020-04-17 18:34:44,-0.0180000000000006,8.248,8.238,-0.0240000000000009,8.248,49.45,0.04,1.0,0.0,1.0,1.0,0.0,1.0,1.0,1.0,False,DATA-09,False,public-derived-contiguous-slice
5609470,2020-04-17 18:34:56,-0.0180000000000006,8.248,8.238,-0.0240000000000009,8.248,49.45,0.04,1.0,0.0,1.0,1.0,0.0,1.0,1.0,1.0,False,DATA-09,False,public-derived-contiguous-slice
5609480,2020-04-17 18:35:08,-0.0180000000000006,8.248,8.238,-0.0240000000000009,8.248,49.45,0.04,1.0,0.0,1.0,1.0,0.0,1.0,1.0,1.0,False,DATA-09,False,public-derived-contiguous-slice
5609490,2020-04-17 18:35:20,-0.0180000000000006,8.248,8.238,-0.0240000000000009,8.248,49.45,0.04,1.0,0.0,1.0,1.0,0.0,1.0,1.0,1.0,False,DATA-09,False,public-derived-contiguous-slice
5609500,2020-04-17 18:35:32,-0.0180000000000006,8.248,8.238,-0.0240000000000009,8.248,49.45,0.04,0.0,0.0,0.0,0.0,0.0,0.0,0.0,0.0,False,DATA-09,False,public-derived-contiguous-slice
5609510,2020-04-17 18:35:45,-0.0180000000000006,8.248,8.238,-0.0240000000000009,8.248,49.45,0.04,1.0,0.0,1.0,1.0,0.0,1.0,1.0,1.0,False,DATA-09,False,public-derived-contiguous-slice
5609520,2020-04-17 18:35:57,-0.0180000000000006,8.248,8.238,-0.0240000000000009,8.248,49.45,0.04,1.0,0.0,1.0,1.0,0.0,1.0,1.0,1.0,False,DATA-09,False,public-derived-contiguous-slice
5609530,2020-04-17 18:36:08,-0.0180000000000006,8.248,8.238,-0.0240000000000009,8.248,49.45,0.04,1.0,0.0,1.0,1.0,0.0,1.0,1.0,1.0,False,DATA-09,False,public-derived-contiguous-slice
5609540,2020-04-17 18:36:20,-0.0180000000000006,8.248,8.238,-0.0240000000000009,8.248,49.45,0.04,1.0,0.0,1.0,1.0,0.0,1.0,1.0,1.0,False,DATA-09,False,public-derived-contiguous-slice
5609550,2020-04-17 18:36:32,-0.0180000000000006,8.248,8.238,-0.0240000000000009,8.248,49.45,0.04,0.0,0.0,0.0,0.0,0.0,0.0,0.0,0.0,False,DATA-09,False,public-derived-contiguous-slice
5609560,2020-04-17 18:36:45,-0.0180000000000006,8.248,8.238,-0.0240000000000009,8.248,49.45,0.04,1.0,0.0,1.0,1.0,0.0,1.0,1.0,1.0,False,DATA-09,False,public-derived-contiguous-slice
5609570,2020-04-17 18:36:57,-0.0180000000000006,8.248,8.238,-0.0240000000000009,8.248,49.45,0.04,1.0,0.0,1.0,1.0,0.0,1.0,1.0,1.0,False,DATA-09,False,public-derived-contiguous-slice
5609580,2020-04-17 18:37:09,-0.0180000000000006,8.248,8.238,-0.0240000000000009,8.248,49.45,0.04,1.0,0.0,1.0,1.0,0.0,1.0,1.0,1.0,False,DATA-09,False,public-derived-contiguous-slice
5609590,2020-04-17 18:37:21,-0.0180000000000006,8.248,8.238,-0.0240000000000009,8.248,49.45,0.04,1.0,0.0,1.0,1.0,0.0,1.0,1.0,1.0,False,DATA-09,False,public-derived-contiguous-slice
5609600,2020-04-17 18:37:33,-0.0180000000000006,8.248,8.238,-0.0240000000000009,8.248,49.45,0.04,0.0,0.0,0.0,0.0,0.0,0.0,0.0,0.0,False,DATA-09,False,public-derived-contiguous-slice
5609610,2020-04-17 18:37:46,-0.0180000000000006,8.248,8.238,-0.0240000000000009,8.248,49.45,0.04,1.0,0.0,1.0,1.0,0.0,1.0,1.0,1.0,False,DATA-09,False,public-derived-contiguous-slice
5609620,2020-04-17 18:37:57,-0.0180000000000006,8.248,8.238,-0.0240000000000009,8.248,49.45,0.04,1.0,0.0,1.0,1.0,0.0,1.0,1.0,1.0,False,DATA-09,False,public-derived-contiguous-slice
5609630,2020-04-17 18:38:09,-0.0180000000000006,8.248,8.238,-0.0240000000000009,8.248,49.45,0.04,1.0,0.0,1.0,1.0,0.0,1.0,1.0,1.0,False,DATA-09,False,public-derived-contiguous-slice
5609640,2020-04-17 18:38:21,-0.0180000000000006,8.248,8.238,-0.0240000000000009,8.248,49.45,0.04,1.0,0.0,1.0,1.0,0.0,1.0,1.0,1.0,False,DATA-09,False,public-derived-contiguous-slice
5609650,2020-04-17 18:38:33,-0.0180000000000006,8.248,8.238,-0.0240000000000009,8.248,49.45,0.04,1.0,0.0,1.0,1.0,0.0,1.0,1.0,1.0,False,DATA-09,False,public-derived-contiguous-slice
5609660,2020-04-17 18:38:45,-0.0180000000000006,8.248,8.238,-0.0240000000000009,8.248,49.45,0.04,0.0,0.0,0.0,0.0,0.0,0.0,0.0,0.0,False,DATA-09,False,public-derived-contiguous-slice
5609670,2020-04-17 18:38:58,-0.0180000000000006,8.248,8.238,-0.0240000000000009,8.248,49.45,0.04,1.0,0.0,1.0,1.0,0.0,1.0,1.0,1.0,False,DATA-09,False,public-derived-contiguous-slice
5609680,2020-04-17 18:39:10,-0.0180000000000006,8.248,8.238,-0.0240000000000009,8.248,49.45,0.04,1.0,0.0,1.0,1.0,0.0,1.0,1.0,1.0,False,DATA-09,False,public-derived-contiguous-slice
5609690,2020-04-17 18:39:22,-0.0180000000000006,8.248,8.238,-0.0240000000000009,8.248,49.45,0.04,1.0,0.0,1.0,1.0,0.0,1.0,1.0,1.0,False,DATA-09,False,public-derived-contiguous-slice
5609700,2020-04-17 18:39:34,-0.0180000000000006,8.248,8.238,-0.0240000000000009,8.248,49.45,0.04,1.0,0.0,1.0,1.0,0.0,1.0,1.0,1.0,False,DATA-09,False,public-derived-contiguous-slice
5609710,2020-04-17 18:39:46,-0.0180000000000006,8.248,8.238,-0.0240000000000009,8.248,49.45,0.04,0.0,0.0,0.0,0.0,0.0,0.0,0.0,0.0,False,DATA-09,False,public-derived-contiguous-slice
5609720,2020-04-17 18:39:58,-0.0180000000000006,8.248,8.238,-0.0240000000000009,8.248,49.45,0.04,1.0,0.0,1.0,1.0,0.0,1.0,1.0,1.0,False,DATA-09,False,public-derived-contiguous-slice
5609730,2020-04-17 18:40:10,-0.0180000000000006,8.248,8.238,-0.0240000000000009,8.248,49.45,0.04,1.0,0.0,1.0,1.0,0.0,1.0,1.0,1.0,False,DATA-09,False,public-derived-contiguous-slice
5609740,2020-04-17 18:40:22,-0.0180000000000006,8.248,8.238,-0.0240000000000009,8.248,49.45,0.04,1.0,0.0,1.0,1.0,0.0,1.0,1.0,1.0,False,DATA-09,False,public-derived-contiguous-slice
5609750,2020-04-17 18:40:34,-0.0180000000000006,8.248,8.238,-0.0240000000000009,8.248,49.45,0.04,1.0,0.0,1.0,1.0,0.0,1.0,1.0,1.0,False,DATA-09,False,public-derived-contiguous-slice
5609760,2020-04-17 18:40:46,-0.0180000000000006,8.248,8.238,-0.0240000000000009,8.248,49.45,0.04,0.0,0.0,0.0,0.0,0.0,0.0,0.0,0.0,False,DATA-09,False,public-derived-contiguous-slice
5609770,2020-04-17 18:40:59,-0.0180000000000006,8.248,8.238,-0.0240000000000009,8.248,49.45,0.04,1.0,0.0,1.0,1.0,0.0,1.0,1.0,1.0,False,DATA-09,False,public-derived-contiguous-slice
5609780,2020-04-17 18:41:11,-0.0180000000000006,8.248,8.238,-0.0240000000000009,8.248,49.45,0.04,1.0,0.0,1.0,1.0,0.0,1.0,1.0,1.0,False,DATA-09,False,public-derived-contiguous-slice
5609790,2020-04-17 18:41:23,-0.0180000000000006,8.248,8.238,-0.0240000000000009,8.248,49.45,0.04,1.0,0.0,1.0,1.0,0.0,1.0,1.0,1.0,False,DATA-09,False,public-derived-contiguous-slice
5609800,2020-04-17 18:41:35,-0.0180000000000006,8.248,8.238,-0.0240000000000009,8.248,49.45,0.04,1.0,0.0,1.0,1.0,0.0,1.0,1.0,1.0,False,DATA-09,False,public-derived-contiguous-slice
5609810,2020-04-17 18:41:46,-0.0180000000000006,8.248,8.238,-0.0240000000000009,8.248,49.45,0.04,1.0,0.0,1.0,1.0,0.0,1.0,1.0,1.0,False,DATA-09,False,public-derived-contiguous-slice
5609820,2020-04-17 18:41:58,-0.0180000000000006,8.248,8.238,-0.0240000000000009,8.248,49.45,0.04,1.0,0.0,1.0,1.0,0.0,1.0,1.0,1.0,False,DATA-09,False,public-derived-contiguous-slice
5609830,2020-04-17 18:42:10,-0.0180000000000006,8.248,8.238,-0.0240000000000009,8.248,49.45,0.04,0.0,0.0,0.0,0.0,0.0,0.0,0.0,0.0,False,DATA-09,False,public-derived-contiguous-slice
5609840,2020-04-17 18:42:22,-0.0180000000000006,8.248,8.238,-0.0240000000000009,8.248,49.45,0.04,0.0,0.0,0.0,0.0,0.0,0.0,0.0,0.0,False,DATA-09,False,public-derived-contiguous-slice
5609850,2020-04-17 18:42:35,-0.0180000000000006,8.248,8.238,-0.0240000000000009,8.248,49.45,0.04,1.0,0.0,1.0,1.0,0.0,1.0,1.0,1.0,False,DATA-09,False,public-derived-contiguous-slice
5609860,2020-04-17 18:42:47,-0.0180000000000006,8.248,8.238,-0.0240000000000009,8.248,49.45,0.04,1.0,0.0,1.0,1.0,0.0,1.0,1.0,1.0,False,DATA-09,False,public-derived-contiguous-slice
5609870,2020-04-17 18:42:59,-0.0180000000000006,8.248,8.238,-0.0240000000000009,8.248,49.45,0.04,1.0,0.0,1.0,1.0,0.0,1.0,1.0,1.0,False,DATA-09,False,public-derived-contiguous-slice
5609880,2020-04-17 18:43:11,-0.0180000000000006,8.248,8.238,-0.0240000000000009,8.248,49.45,0.04,1.0,0.0,1.0,1.0,0.0,1.0,1.0,1.0,False,DATA-09,False,public-derived-contiguous-slice
5609890,2020-04-17 18:43:23,-0.0180000000000006,8.248,8.238,-0.0240000000000009,8.248,49.45,0.04,0.0,0.0,0.0,0.0,0.0,0.0,0.0,0.0,False,DATA-09,False,public-derived-contiguous-slice
5609900,2020-04-17 18:43:35,-0.0180000000000006,8.248,8.238,-0.0240000000000009,8.248,49.45,0.04,0.0,0.0,0.0,0.0,0.0,0.0,0.0,0.0,False,DATA-09,False,public-derived-contiguous-slice
5609910,2020-04-17 18:43:47,-0.0180000000000006,8.248,8.238,-0.0240000000000009,8.248,49.45,0.04,1.0,0.0,1.0,1.0,0.0,1.0,1.0,1.0,False,DATA-09,False,public-derived-contiguous-slice
5609920,2020-04-17 18:43:59,-0.0180000000000006,8.248,8.238,-0.0240000000000009,8.248,49.45,0.04,1.0,0.0,1.0,1.0,0.0,1.0,1.0,1.0,False,DATA-09,False,public-derived-contiguous-slice
5609930,2020-04-17 18:44:11,-0.0180000000000006,8.248,8.238,-0.0240000000000009,8.248,49.45,0.04,1.0,0.0,1.0,1.0,0.0,1.0,1.0,1.0,False,DATA-09,False,public-derived-contiguous-slice
5609940,2020-04-17 18:44:23,-0.0180000000000006,8.248,8.238,-0.0240000000000009,8.248,49.45,0.04,1.0,0.0,1.0,1.0,0.0,1.0,1.0,1.0,False,DATA-09,False,public-derived-contiguous-slice
5609950,2020-04-17 18:44:35,-0.0180000000000006,8.248,8.238,-0.0240000000000009,8.248,49.45,0.04,1.0,0.0,1.0,1.0,0.0,1.0,1.0,1.0,False,DATA-09,False,public-derived-contiguous-slice
5609960,2020-04-17 18:44:47,-0.0180000000000006,8.248,8.238,-0.0240000000000009,8.248,49.45,0.04,0.0,0.0,0.0,0.0,0.0,0.0,0.0,0.0,False,DATA-09,False,public-derived-contiguous-slice
5609970,2020-04-17 18:44:59,-0.0180000000000006,8.248,8.238,-0.0240000000000009,8.248,49.45,0.04,0.0,0.0,0.0,0.0,0.0,0.0,0.0,0.0,False,DATA-09,False,public-derived-contiguous-slice
5609980,2020-04-17 18:45:12,-0.0180000000000006,8.248,8.238,-0.0240000000000009,8.248,49.45,0.04,1.0,0.0,1.0,1.0,0.0,1.0,1.0,1.0,False,DATA-09,False,public-derived-contiguous-slice
5609990,2020-04-17 18:45:24,-0.0180000000000006,8.248,8.238,-0.0240000000000009,8.248,49.45,0.04,1.0,0.0,1.0,1.0,0.0,1.0,1.0,1.0,False,DATA-09,False,public-derived-contiguous-slice
5610000,2020-04-17 18:45:35,-0.0180000000000006,8.248,8.238,-0.0240000000000009,8.248,49.45,0.04,1.0,0.0,1.0,1.0,0.0,1.0,1.0,1.0,False,DATA-09,False,public-derived-contiguous-slice
5610010,2020-04-17 18:45:47,-0.0180000000000006,8.248,8.238,-0.0240000000000009,8.248,49.45,0.04,1.0,0.0,1.0,1.0,0.0,1.0,1.0,1.0,False,DATA-09,False,public-derived-contiguous-slice
5610020,2020-04-17 18:45:59,-0.0180000000000006,8.248,8.238,-0.0240000000000009,8.248,49.45,0.04,0.0,0.0,0.0,0.0,0.0,0.0,0.0,0.0,False,DATA-09,False,public-derived-contiguous-slice
5610030,2020-04-17 18:46:12,-0.0180000000000006,8.248,8.238,-0.0240000000000009,8.248,49.45,0.04,1.0,0.0,1.0,1.0,0.0,1.0,1.0,1.0,False,DATA-09,False,public-derived-contiguous-slice
5610040,2020-04-17 18:46:24,-0.0180000000000006,8.248,8.238,-0.0240000000000009,8.248,49.45,0.04,1.0,0.0,1.0,1.0,0.0,1.0,1.0,1.0,False,DATA-09,False,public-derived-contiguous-slice
5610050,2020-04-17 18:46:36,-0.0180000000000006,8.248,8.238,-0.0240000000000009,8.248,49.45,0.04,1.0,0.0,1.0,1.0,0.0,1.0,1.0,1.0,False,DATA-09,False,public-derived-contiguous-slice
5610060,2020-04-17 18:46:48,-0.0180000000000006,8.248,8.238,-0.0240000000000009,8.248,49.45,0.04,1.0,0.0,1.0,1.0,0.0,1.0,1.0,1.0,False,DATA-09,False,public-derived-contiguous-slice
5610070,2020-04-17 18:47:00,-0.0180000000000006,8.248,8.238,-0.0240000000000009,8.248,49.45,0.04,0.0,0.0,0.0,0.0,0.0,0.0,0.0,0.0,False,DATA-09,False,public-derived-contiguous-slice
5610080,2020-04-17 18:47:13,-0.0180000000000006,8.248,8.238,-0.0240000000000009,8.248,49.45,0.04,1.0,0.0,1.0,1.0,0.0,1.0,1.0,1.0,False,DATA-09,False,public-derived-contiguous-slice
5610090,2020-04-17 18:47:25,-0.0180000000000006,8.248,8.238,-0.0240000000000009,8.248,49.45,0.04,1.0,0.0,1.0,1.0,0.0,1.0,1.0,1.0,False,DATA-09,False,public-derived-contiguous-slice
5610100,2020-04-17 18:47:36,-0.0180000000000006,8.248,8.238,-0.0240000000000009,8.248,49.45,0.04,1.0,0.0,1.0,1.0,0.0,1.0,1.0,1.0,False,DATA-09,False,public-derived-contiguous-slice
5610110,2020-04-17 18:47:48,-0.0180000000000006,8.248,8.238,-0.0240000000000009,8.248,49.45,0.04,1.0,0.0,1.0,1.0,0.0,1.0,1.0,1.0,False,DATA-09,False,public-derived-contiguous-slice
5610120,2020-04-17 18:48:00,-0.0180000000000006,8.248,8.238,-0.0240000000000009,8.248,49.45,0.04,1.0,0.0,1.0,1.0,0.0,1.0,1.0,1.0,False,DATA-09,False,public-derived-contiguous-slice
5610130,2020-04-17 18:48:12,-0.0180000000000006,8.248,8.238,-0.0240000000000009,8.248,49.45,0.04,0.0,0.0,0.0,0.0,0.0,0.0,0.0,0.0,False,DATA-09,False,public-derived-contiguous-slice
5610140,2020-04-17 18:48:24,-0.0180000000000006,8.248,8.238,-0.0240000000000009,8.248,49.45,0.04,0.0,0.0,0.0,0.0,0.0,0.0,0.0,0.0,False,DATA-09,False,public-derived-contiguous-slice
5610150,2020-04-17 18:48:37,-0.0180000000000006,8.248,8.238,-0.0240000000000009,8.248,49.45,0.04,1.0,0.0,1.0,1.0,0.0,1.0,1.0,1.0,False,DATA-09,False,public-derived-contiguous-slice
5610160,2020-04-17 18:48:49,-0.0180000000000006,8.248,8.238,-0.0240000000000009,8.248,49.45,0.04,1.0,0.0,1.0,1.0,0.0,1.0,1.0,1.0,False,DATA-09,False,public-derived-contiguous-slice
5610170,2020-04-17 18:49:01,-0.0180000000000006,8.248,8.238,-0.0240000000000009,8.248,49.45,0.04,1.0,0.0,1.0,1.0,0.0,1.0,1.0,1.0,False,DATA-09,False,public-derived-contiguous-slice
5610180,2020-04-17 18:49:13,-0.0180000000000006,8.248,8.238,-0.0240000000000009,8.248,49.45,0.04,1.0,0.0,1.0,1.0,0.0,1.0,1.0,1.0,False,DATA-09,False,public-derived-contiguous-slice
5610190,2020-04-17 18:49:25,-0.0180000000000006,8.248,8.238,-0.0240000000000009,8.248,49.45,0.04,1.0,0.0,1.0,1.0,0.0,1.0,1.0,1.0,False,DATA-09,False,public-derived-contiguous-slice
5610200,2020-04-17 18:49:36,-0.0180000000000006,8.248,8.238,-0.0240000000000009,8.248,49.45,0.04,0.0,0.0,0.0,0.0,0.0,0.0,0.0,0.0,False,DATA-09,False,public-derived-contiguous-slice
5610210,2020-04-17 18:49:49,-0.0180000000000006,8.248,8.238,-0.0240000000000009,8.248,49.45,0.04,1.0,0.0,1.0,1.0,0.0,1.0,1.0,1.0,False,DATA-09,False,public-derived-contiguous-slice
5610220,2020-04-17 18:50:01,-0.0180000000000006,8.248,8.238,-0.0240000000000009,8.248,49.45,0.04,1.0,0.0,1.0,1.0,0.0,1.0,1.0,1.0,False,DATA-09,False,public-derived-contiguous-slice
5610230,2020-04-17 18:50:13,-0.0180000000000006,8.248,8.238,-0.0240000000000009,8.248,49.45,0.04,1.0,0.0,1.0,1.0,0.0,1.0,1.0,1.0,False,DATA-09,False,public-derived-contiguous-slice
5610240,2020-04-17 18:50:25,-0.0180000000000006,8.248,8.238,-0.0240000000000009,8.248,49.45,0.04,1.0,0.0,1.0,1.0,0.0,1.0,1.0,1.0,False,DATA-09,False,public-derived-contiguous-slice
5610250,2020-04-17 18:50:37,-0.0180000000000006,8.248,8.238,-0.0240000000000009,8.248,49.45,0.04,1.0,0.0,1.0,1.0,0.0,1.0,1.0,1.0,False,DATA-09,False,public-derived-contiguous-slice
5610260,2020-04-17 18:50:49,-0.0180000000000006,8.248,8.238,-0.0240000000000009,8.248,49.45,0.04,0.0,0.0,0.0,0.0,0.0,0.0,0.0,0.0,False,DATA-09,False,public-derived-contiguous-slice
5610270,2020-04-17 18:51:02,-0.0180000000000006,8.248,8.238,-0.0240000000000009,8.248,49.45,0.04,1.0,0.0,1.0,1.0,0.0,1.0,1.0,1.0,False,DATA-09,False,public-derived-contiguous-slice
5610280,2020-04-17 18:51:14,-0.0180000000000006,8.248,8.238,-0.0240000000000009,8.248,49.45,0.04,1.0,0.0,1.0,1.0,0.0,1.0,1.0,1.0,False,DATA-09,False,public-derived-contiguous-slice
5610290,2020-04-17 18:51:26,-0.0180000000000006,8.248,8.238,-0.0240000000000009,8.248,49.45,0.04,1.0,0.0,1.0,1.0,0.0,1.0,1.0,1.0,False,DATA-09,False,public-derived-contiguous-slice
5610300,2020-04-17 18:51:37,-0.0180000000000006,8.248,8.238,-0.0240000000000009,8.248,49.45,0.04,1.0,0.0,1.0,1.0,0.0,1.0,1.0,1.0,False,DATA-09,False,public-derived-contiguous-slice
5610310,2020-04-17 18:51:49,-0.0180000000000006,8.248,8.238,-0.0240000000000009,8.248,49.45,0.04,1.0,0.0,1.0,1.0,0.0,1.0,1.0,1.0,False,DATA-09,False,public-derived-contiguous-slice
5610320,2020-04-17 18:52:01,-0.0180000000000006,8.248,8.238,-0.0240000000000009,8.248,49.45,0.04,1.0,0.0,1.0,1.0,0.0,1.0,1.0,1.0,False,DATA-09,False,public-derived-contiguous-slice
5610330,2020-04-17 18:52:13,-0.0180000000000006,8.248,8.238,-0.0240000000000009,8.248,49.45,0.04,0.0,0.0,0.0,0.0,0.0,0.0,0.0,0.0,False,DATA-09,False,public-derived-contiguous-slice
5610340,2020-04-17 18:52:26,-0.0180000000000006,8.248,8.238,-0.0240000000000009,8.248,49.45,0.04,1.0,0.0,1.0,1.0,0.0,1.0,1.0,1.0,False,DATA-09,False,public-derived-contiguous-slice
5610350,2020-04-17 18:52:38,-0.0180000000000006,8.248,8.238,-0.0240000000000009,8.248,49.45,0.04,1.0,0.0,1.0,1.0,0.0,1.0,1.0,1.0,False,DATA-09,False,public-derived-contiguous-slice
5610360,2020-04-17 18:52:50,-0.0180000000000006,8.248,8.238,-0.0240000000000009,8.248,49.45,0.04,1.0,0.0,1.0,1.0,0.0,1.0,1.0,1.0,False,DATA-09,False,public-derived-contiguous-slice
5610370,2020-04-17 18:53:02,-0.0180000000000006,8.248,8.238,-0.0240000000000009,8.248,49.45,0.04,1.0,0.0,1.0,1.0,0.0,1.0,1.0,1.0,False,DATA-09,False,public-derived-contiguous-slice
5610380,2020-04-17 18:53:14,-0.0180000000000006,8.248,8.238,-0.0240000000000009,8.248,49.45,0.04,1.0,0.0,1.0,1.0,0.0,1.0,1.0,1.0,False,DATA-09,False,public-derived-contiguous-slice
5610390,2020-04-17 18:53:26,-0.0180000000000006,8.248,8.238,-0.0240000000000009,8.248,49.45,0.04,0.0,0.0,0.0,0.0,0.0,0.0,0.0,0.0,False,DATA-09,False,public-derived-contiguous-slice
5610400,2020-04-17 18:53:38,-0.0180000000000006,8.248,8.238,-0.0240000000000009,8.248,49.45,0.04,1.0,0.0,1.0,1.0,0.0,1.0,1.0,1.0,False,DATA-09,False,public-derived-contiguous-slice
5610410,2020-04-17 18:53:50,-0.0180000000000006,8.248,8.238,-0.0240000000000009,8.248,49.45,0.04,1.0,0.0,1.0,1.0,0.0,1.0,1.0,1.0,False,DATA-09,False,public-derived-contiguous-slice
5610420,2020-04-17 18:54:02,-0.0180000000000006,8.248,8.238,-0.0240000000000009,8.248,49.45,0.04,1.0,0.0,1.0,1.0,0.0,1.0,1.0,1.0,False,DATA-09,False,public-derived-contiguous-slice
5610430,2020-04-17 18:54:14,-0.0180000000000006,8.248,8.238,-0.0240000000000009,8.248,49.45,0.04,1.0,0.0,1.0,1.0,0.0,1.0,1.0,1.0,False,DATA-09,False,public-derived-contiguous-slice
5610440,2020-04-17 18:54:26,-0.0180000000000006,8.248,8.238,-0.0240000000000009,8.248,49.45,0.04,0.0,0.0,0.0,0.0,0.0,0.0,0.0,0.0,False,DATA-09,False,public-derived-contiguous-slice
5610450,2020-04-17 18:54:38,-0.0180000000000006,8.248,8.238,-0.0240000000000009,8.248,49.45,0.04,0.0,0.0,0.0,0.0,0.0,0.0,0.0,0.0,False,DATA-09,False,public-derived-contiguous-slice
5610460,2020-04-17 18:54:51,-0.0180000000000006,8.248,8.238,-0.0240000000000009,8.248,49.45,0.04,1.0,0.0,1.0,1.0,0.0,1.0,1.0,1.0,False,DATA-09,False,public-derived-contiguous-slice
5610470,2020-04-17 18:55:03,-0.0180000000000006,8.248,8.238,-0.0240000000000009,8.248,49.45,0.04,1.0,0.0,1.0,1.0,0.0,1.0,1.0,1.0,False,DATA-09,False,public-derived-contiguous-slice
5610480,2020-04-17 18:55:15,-0.0180000000000006,8.248,8.238,-0.0240000000000009,8.248,49.45,0.04,1.0,0.0,1.0,1.0,0.0,1.0,1.0,1.0,False,DATA-09,False,public-derived-contiguous-slice
5610490,2020-04-17 18:55:27,-0.0180000000000006,8.248,8.238,-0.0240000000000009,8.248,49.45,0.04,1.0,0.0,1.0,1.0,0.0,1.0,1.0,1.0,False,DATA-09,False,public-derived-contiguous-slice
5610500,2020-04-17 18:55:38,-0.0180000000000006,8.248,8.238,-0.0240000000000009,8.248,49.45,0.04,0.0,0.0,0.0,0.0,0.0,0.0,0.0,0.0,False,DATA-09,False,public-derived-contiguous-slice
5610510,2020-04-17 18:55:51,-0.0180000000000006,8.248,8.238,-0.0240000000000009,8.248,49.45,0.04,1.0,0.0,1.0,1.0,0.0,1.0,1.0,1.0,False,DATA-09,False,public-derived-contiguous-slice
5610520,2020-04-17 18:56:03,-0.0180000000000006,8.248,8.238,-0.0240000000000009,8.248,49.45,0.04,1.0,0.0,1.0,1.0,0.0,1.0,1.0,1.0,False,DATA-09,False,public-derived-contiguous-slice
5610530,2020-04-17 18:56:15,-0.0180000000000006,8.248,8.238,-0.0240000000000009,8.248,49.45,0.04,1.0,0.0,1.0,1.0,0.0,1.0,1.0,1.0,False,DATA-09,False,public-derived-contiguous-slice
5610540,2020-04-17 18:56:27,-0.0180000000000006,8.248,8.238,-0.0240000000000009,8.248,49.45,0.04,1.0,0.0,1.0,1.0,0.0,1.0,1.0,1.0,False,DATA-09,False,public-derived-contiguous-slice
5610550,2020-04-17 18:56:39,-0.0180000000000006,8.248,8.238,-0.0240000000000009,8.248,49.45,0.04,1.0,0.0,1.0,1.0,0.0,1.0,1.0,1.0,False,DATA-09,False,public-derived-contiguous-slice
5610560,2020-04-17 18:56:51,-0.0180000000000006,8.248,8.238,-0.0240000000000009,8.248,49.45,0.04,1.0,0.0,1.0,1.0,0.0,1.0,1.0,1.0,False,DATA-09,False,public-derived-contiguous-slice
5610570,2020-04-17 18:57:03,-0.0180000000000006,8.248,8.238,-0.0240000000000009,8.248,49.45,0.04,0.0,0.0,0.0,0.0,0.0,0.0,0.0,0.0,False,DATA-09,False,public-derived-contiguous-slice
5610580,2020-04-17 18:57:16,-0.0180000000000006,8.248,8.238,-0.0240000000000009,8.248,49.45,0.04,1.0,0.0,1.0,1.0,0.0,1.0,1.0,1.0,False,DATA-09,False,public-derived-contiguous-slice
5610590,2020-04-17 18:57:28,-0.0180000000000006,8.248,8.238,-0.0240000000000009,8.248,49.45,0.04,1.0,0.0,1.0,1.0,0.0,1.0,1.0,1.0,False,DATA-09,False,public-derived-contiguous-slice
5610600,2020-04-17 18:57:39,-0.0180000000000006,8.248,8.238,-0.0240000000000009,8.248,49.45,0.04,1.0,0.0,1.0,1.0,0.0,1.0,1.0,1.0,False,DATA-09,False,public-derived-contiguous-slice
5610610,2020-04-17 18:57:51,-0.0180000000000006,8.248,8.238,-0.0240000000000009,8.248,49.45,0.04,1.0,0.0,1.0,1.0,0.0,1.0,1.0,1.0,False,DATA-09,False,public-derived-contiguous-slice
5610620,2020-04-17 18:58:03,-0.0180000000000006,8.248,8.238,-0.0240000000000009,8.248,49.45,0.04,0.0,0.0,0.0,0.0,0.0,0.0,0.0,0.0,False,DATA-09,False,public-derived-contiguous-slice
5610630,2020-04-17 18:58:15,-0.0180000000000006,8.248,8.238,-0.0240000000000009,8.248,49.45,0.04,0.0,0.0,0.0,0.0,0.0,0.0,0.0,0.0,False,DATA-09,False,public-derived-contiguous-slice
5610640,2020-04-17 18:58:28,-0.0180000000000006,8.248,8.238,-0.0240000000000009,8.248,49.45,0.04,1.0,0.0,1.0,1.0,0.0,1.0,1.0,1.0,False,DATA-09,False,public-derived-contiguous-slice
5610650,2020-04-17 18:58:40,-0.0180000000000006,8.248,8.238,-0.0240000000000009,8.248,49.45,0.04,1.0,0.0,1.0,1.0,0.0,1.0,1.0,1.0,False,DATA-09,False,public-derived-contiguous-slice
5610660,2020-04-17 18:58:52,-0.0180000000000006,8.248,8.238,-0.0240000000000009,8.248,49.45,0.04,1.0,0.0,1.0,1.0,0.0,1.0,1.0,1.0,False,DATA-09,False,public-derived-contiguous-slice
5610670,2020-04-17 18:59:04,-0.0180000000000006,8.248,8.238,-0.0240000000000009,8.248,49.45,0.04,1.0,0.0,1.0,1.0,0.0,1.0,1.0,1.0,False,DATA-09,False,public-derived-contiguous-slice
5610680,2020-04-17 18:59:16,-0.0180000000000006,8.248,8.238,-0.0240000000000009,8.248,49.45,0.04,1.0,0.0,1.0,1.0,0.0,1.0,1.0,1.0,False,DATA-09,False,public-derived-contiguous-slice
5610690,2020-04-17 18:59:28,-0.0180000000000006,8.248,8.238,-0.0240000000000009,8.248,49.45,0.04,0.0,0.0,0.0,0.0,0.0,0.0,0.0,0.0,False,DATA-09,False,public-derived-contiguous-slice
5610700,2020-04-17 18:59:40,-0.0180000000000006,8.248,8.238,-0.0240000000000009,8.248,49.45,0.04,1.0,0.0,1.0,1.0,0.0,1.0,1.0,1.0,False,DATA-09,False,public-derived-contiguous-slice
5610710,2020-04-17 18:59:52,-0.0180000000000006,8.248,8.238,-0.0240000000000009,8.248,49.45,0.04,1.0,0.0,1.0,1.0,0.0,1.0,1.0,1.0,False,DATA-09,False,public-derived-contiguous-slice
5610720,2020-04-17 19:00:04,-0.0180000000000006,8.248,8.238,-0.0240000000000009,8.248,49.45,0.04,1.0,0.0,1.0,1.0,0.0,1.0,1.0,1.0,False,DATA-09,False,public-derived-contiguous-slice
5610730,2020-04-17 19:00:16,-0.0180000000000006,8.248,8.238,-0.0240000000000009,8.248,49.45,0.04,1.0,0.0,1.0,1.0,0.0,1.0,1.0,1.0,False,DATA-09,False,public-derived-contiguous-slice
5610740,2020-04-17 19:00:28,-0.0180000000000006,8.248,8.238,-0.0240000000000009,8.248,49.45,0.04,0.0,0.0,0.0,0.0,0.0,0.0,0.0,0.0,False,DATA-09,False,public-derived-contiguous-slice
5610750,2020-04-17 19:00:41,-0.0180000000000006,8.248,8.238,-0.0240000000000009,8.248,49.45,0.04,1.0,0.0,1.0,1.0,0.0,1.0,1.0,1.0,False,DATA-09,False,public-derived-contiguous-slice
5610760,2020-04-17 19:00:53,-0.0180000000000006,8.248,8.238,-0.0240000000000009,8.248,49.45,0.04,1.0,0.0,1.0,1.0,0.0,1.0,1.0,1.0,False,DATA-09,False,public-derived-contiguous-slice
5610770,2020-04-17 19:01:05,-0.0180000000000006,8.248,8.238,-0.0240000000000009,8.248,49.45,0.04,1.0,0.0,1.0,1.0,0.0,1.0,1.0,1.0,False,DATA-09,False,public-derived-contiguous-slice
5610780,2020-04-17 19:01:17,-0.0180000000000006,8.248,8.238,-0.0240000000000009,8.248,49.45,0.04,1.0,0.0,1.0,1.0,0.0,1.0,1.0,1.0,False,DATA-09,False,public-derived-contiguous-slice
5610790,2020-04-17 19:01:29,-0.0180000000000006,8.248,8.238,-0.0240000000000009,8.248,49.45,0.04,0.0,0.0,0.0,0.0,0.0,0.0,0.0,0.0,False,DATA-09,False,public-derived-contiguous-slice
5610800,2020-04-17 19:01:41,-0.0180000000000006,8.248,8.238,-0.0240000000000009,8.248,49.45,0.04,1.0,0.0,1.0,1.0,0.0,1.0,1.0,1.0,False,DATA-09,False,public-derived-contiguous-slice
5610810,2020-04-17 19:01:53,-0.0180000000000006,8.248,8.238,-0.0240000000000009,8.248,49.45,0.04,1.0,0.0,1.0,1.0,0.0,1.0,1.0,1.0,False,DATA-09,False,public-derived-contiguous-slice
5610820,2020-04-17 19:02:05,-0.0180000000000006,8.248,8.238,-0.0240000000000009,8.248,49.45,0.04,1.0,0.0,1.0,1.0,0.0,1.0,1.0,1.0,False,DATA-09,False,public-derived-contiguous-slice
5610830,2020-04-17 19:02:17,-0.0180000000000006,8.248,8.238,-0.0240000000000009,8.248,49.45,0.04,1.0,0.0,1.0,1.0,0.0,1.0,1.0,1.0,False,DATA-09,False,public-derived-contiguous-slice
5610840,2020-04-17 19:02:29,-0.0180000000000006,8.248,8.238,-0.0240000000000009,8.248,49.45,0.04,1.0,0.0,1.0,1.0,0.0,1.0,1.0,1.0,False,DATA-09,False,public-derived-contiguous-slice
5610850,2020-04-17 19:02:41,-0.0180000000000006,8.248,8.238,-0.0240000000000009,8.248,49.45,0.04,1.0,0.0,1.0,1.0,0.0,1.0,1.0,1.0,False,DATA-09,False,public-derived-contiguous-slice
5610860,2020-04-17 19:02:53,-0.0180000000000006,8.248,8.238,-0.0240000000000009,8.248,49.45,0.04,0.0,0.0,0.0,0.0,0.0,0.0,0.0,0.0,False,DATA-09,False,public-derived-contiguous-slice
5610870,2020-04-17 19:03:06,-0.0180000000000006,8.248,8.238,-0.0240000000000009,8.248,49.45,0.04,1.0,0.0,1.0,1.0,0.0,1.0,1.0,1.0,False,DATA-09,False,public-derived-contiguous-slice
5610880,2020-04-17 19:03:18,-0.0180000000000006,8.248,8.238,-0.0240000000000009,8.248,49.45,0.04,1.0,0.0,1.0,1.0,0.0,1.0,1.0,1.0,False,DATA-09,False,public-derived-contiguous-slice
5610890,2020-04-17 19:03:29,-0.0180000000000006,8.248,8.238,-0.0240000000000009,8.248,49.45,0.04,1.0,0.0,1.0,1.0,0.0,1.0,1.0,1.0,False,DATA-09,False,public-derived-contiguous-slice
5610900,2020-04-17 19:03:41,-0.0180000000000006,8.248,8.238,-0.0240000000000009,8.248,49.45,0.04,0.0,0.0,0.0,0.0,0.0,0.0,0.0,0.0,False,DATA-09,False,public-derived-contiguous-slice
5610910,2020-04-17 19:03:53,-0.0180000000000006,8.248,8.238,-0.0240000000000009,8.248,49.45,0.04,0.0,0.0,0.0,0.0,0.0,0.0,0.0,0.0,False,DATA-09,False,public-derived-contiguous-slice
5610920,2020-04-17 19:04:05,-0.0180000000000006,8.248,8.238,-0.0240000000000009,8.248,49.45,0.04,0.0,0.0,0.0,0.0,0.0,0.0,0.0,0.0,False,DATA-09,False,public-derived-contiguous-slice
5610930,2020-04-17 19:04:18,-0.0180000000000006,8.248,8.238,-0.0240000000000009,8.248,49.45,0.04,1.0,0.0,1.0,1.0,0.0,1.0,1.0,1.0,False,DATA-09,False,public-derived-contiguous-slice
5610940,2020-04-17 19:04:30,-0.0180000000000006,8.248,8.238,-0.0240000000000009,8.248,49.45,0.04,1.0,0.0,1.0,1.0,0.0,1.0,1.0,1.0,False,DATA-09,False,public-derived-contiguous-slice
5610950,2020-04-17 19:04:42,-0.0180000000000006,8.248,8.238,-0.0240000000000009,8.248,49.45,0.04,1.0,0.0,1.0,1.0,0.0,1.0,1.0,1.0,False,DATA-09,False,public-derived-contiguous-slice
5610960,2020-04-17 19:04:54,-0.0180000000000006,8.248,8.238,-0.0240000000000009,8.248,49.45,0.04,1.0,0.0,1.0,1.0,0.0,1.0,1.0,1.0,False,DATA-09,False,public-derived-contiguous-slice
5610970,2020-04-17 19:05:06,-0.0180000000000006,8.248,8.238,-0.0240000000000009,8.248,49.45,0.04,0.0,0.0,0.0,0.0,0.0,0.0,0.0,0.0,False,DATA-09,False,public-derived-contiguous-slice
5610980,2020-04-17 19:05:18,-0.0180000000000006,8.248,8.238,-0.0240000000000009,8.248,49.45,0.04,1.0,0.0,1.0,1.0,0.0,1.0,1.0,1.0,False,DATA-09,False,public-derived-contiguous-slice
5610990,2020-04-17 19:05:30,-0.0180000000000006,8.248,8.238,-0.0240000000000009,8.248,49.45,0.04,1.0,0.0,1.0,1.0,0.0,1.0,1.0,1.0,False,DATA-09,False,public-derived-contiguous-slice
5611000,2020-04-17 19:05:42,-0.0180000000000006,8.248,8.238,-0.0240000000000009,8.248,49.45,0.04,1.0,0.0,1.0,1.0,0.0,1.0,1.0,1.0,False,DATA-09,False,public-derived-contiguous-slice
5611010,2020-04-17 19:05:54,-0.0180000000000006,8.248,8.238,-0.0240000000000009,8.248,49.45,0.04,1.0,0.0,1.0,1.0,0.0,1.0,1.0,1.0,False,DATA-09,False,public-derived-contiguous-slice
5611020,2020-04-17 19:06:06,-0.0180000000000006,8.248,8.238,-0.0240000000000009,8.248,49.45,0.04,1.0,0.0,1.0,1.0,0.0,1.0,1.0,1.0,False,DATA-09,False,public-derived-contiguous-slice
5611030,2020-04-17 19:06:18,-0.0180000000000006,8.248,8.238,-0.0240000000000009,8.248,49.45,0.04,1.0,0.0,1.0,1.0,0.0,1.0,1.0,1.0,False,DATA-09,False,public-derived-contiguous-slice
5611040,2020-04-17 19:06:30,-0.0180000000000006,8.248,8.238,-0.0240000000000009,8.248,49.45,0.04,0.0,0.0,0.0,0.0,0.0,0.0,0.0,0.0,False,DATA-09,False,public-derived-contiguous-slice
5611050,2020-04-17 19:06:43,-0.0180000000000006,8.248,8.238,-0.0240000000000009,8.248,49.45,0.04,1.0,0.0,1.0,1.0,0.0,1.0,1.0,1.0,False,DATA-09,False,public-derived-contiguous-slice
5611060,2020-04-17 19:06:55,-0.0180000000000006,8.248,8.238,-0.0240000000000009,8.248,49.45,0.04,1.0,0.0,1.0,1.0,0.0,1.0,1.0,1.0,False,DATA-09,False,public-derived-contiguous-slice
5611070,2020-04-17 19:07:06,-0.0180000000000006,8.248,8.238,-0.0240000000000009,8.248,49.45,0.04,1.0,0.0,1.0,1.0,0.0,1.0,1.0,1.0,False,DATA-09,False,public-derived-contiguous-slice
5611080,2020-04-17 19:07:18,-0.0180000000000006,8.248,8.238,-0.0240000000000009,8.248,49.45,0.04,1.0,0.0,1.0,1.0,0.0,1.0,1.0,1.0,False,DATA-09,False,public-derived-contiguous-slice
5611090,2020-04-17 19:07:30,-0.0180000000000006,8.248,8.238,-0.0240000000000009,8.248,49.45,0.04,0.0,0.0,0.0,0.0,0.0,0.0,0.0,0.0,False,DATA-09,False,public-derived-contiguous-slice
5611100,2020-04-17 19:07:43,-0.0180000000000006,8.248,8.238,-0.0240000000000009,8.248,49.45,0.04,1.0,0.0,1.0,1.0,0.0,1.0,1.0,1.0,False,DATA-09,False,public-derived-contiguous-slice
5611110,2020-04-17 19:07:55,-0.0180000000000006,8.248,8.238,-0.0240000000000009,8.248,49.45,0.04,1.0,0.0,1.0,1.0,0.0,1.0,1.0,1.0,False,DATA-09,False,public-derived-contiguous-slice
5611120,2020-04-17 19:08:07,-0.0180000000000006,8.248,8.238,-0.0240000000000009,8.248,49.45,0.04,1.0,0.0,1.0,1.0,0.0,1.0,1.0,1.0,False,DATA-09,False,public-derived-contiguous-slice
5611130,2020-04-17 19:08:19,-0.0180000000000006,8.248,8.238,-0.0240000000000009,8.248,49.45,0.04,1.0,0.0,1.0,1.0,0.0,1.0,1.0,1.0,False,DATA-09,False,public-derived-contiguous-slice
5611140,2020-04-17 19:08:31,-0.0180000000000006,8.248,8.238,-0.0240000000000009,8.248,49.45,0.04,1.0,0.0,1.0,1.0,0.0,1.0,1.0,1.0,False,DATA-09,False,public-derived-contiguous-slice
5611150,2020-04-17 19:08:43,-0.0180000000000006,8.248,8.238,-0.0240000000000009,8.248,49.45,0.04,0.0,0.0,0.0,0.0,0.0,0.0,0.0,0.0,False,DATA-09,False,public-derived-contiguous-slice
5611160,2020-04-17 19:08:55,-0.0180000000000006,8.248,8.238,-0.0240000000000009,8.248,49.45,0.04,1.0,0.0,1.0,1.0,0.0,1.0,1.0,1.0,False,DATA-09,False,public-derived-contiguous-slice
5611170,2020-04-17 19:09:07,-0.0180000000000006,8.248,8.238,-0.0240000000000009,8.248,49.45,0.04,1.0,0.0,1.0,1.0,0.0,1.0,1.0,1.0,False,DATA-09,False,public-derived-contiguous-slice
5611180,2020-04-17 19:09:19,-0.0180000000000006,8.248,8.238,-0.0240000000000009,8.248,49.45,0.04,1.0,0.0,1.0,1.0,0.0,1.0,1.0,1.0,False,DATA-09,False,public-derived-contiguous-slice
5611190,2020-04-17 19:09:31,-0.0180000000000006,8.248,8.238,-0.0240000000000009,8.248,49.45,0.04,1.0,0.0,1.0,1.0,0.0,1.0,1.0,1.0,False,DATA-09,False,public-derived-contiguous-slice
5611200,2020-04-17 19:09:43,-0.0180000000000006,8.248,8.238,-0.0240000000000009,8.248,49.45,0.04,0.0,0.0,0.0,0.0,0.0,0.0,0.0,0.0,False,DATA-09,False,public-derived-contiguous-slice
5611210,2020-04-17 19:09:56,-0.0180000000000006,8.248,8.238,-0.0240000000000009,8.248,49.45,0.04,1.0,0.0,1.0,1.0,0.0,1.0,1.0,1.0,False,DATA-09,False,public-derived-contiguous-slice
5611220,2020-04-17 19:10:08,-0.0180000000000006,8.248,8.238,-0.0240000000000009,8.248,49.45,0.04,1.0,0.0,1.0,1.0,0.0,1.0,1.0,1.0,False,DATA-09,False,public-derived-contiguous-slice
5611230,2020-04-17 19:10:20,-0.0180000000000006,8.248,8.238,-0.0240000000000009,8.248,49.45,0.04,1.0,0.0,1.0,1.0,0.0,1.0,1.0,1.0,False,DATA-09,False,public-derived-contiguous-slice
5611240,2020-04-17 19:10:32,-0.0180000000000006,8.248,8.238,-0.0240000000000009,8.248,49.45,0.04,1.0,0.0,1.0,1.0,0.0,1.0,1.0,1.0,False,DATA-09,False,public-derived-contiguous-slice
5611250,2020-04-17 19:10:43,-0.0180000000000006,8.248,8.238,-0.0240000000000009,8.248,49.45,0.04,0.0,0.0,0.0,0.0,0.0,0.0,0.0,0.0,False,DATA-09,False,public-derived-contiguous-slice
5611260,2020-04-17 19:10:56,-0.0180000000000006,8.248,8.238,-0.0240000000000009,8.248,49.45,0.04,1.0,0.0,1.0,1.0,0.0,1.0,1.0,1.0,False,DATA-09,False,public-derived-contiguous-slice
5611270,2020-04-17 19:11:08,-0.0180000000000006,8.248,8.238,-0.0240000000000009,8.248,49.45,0.04,1.0,0.0,1.0,1.0,0.0,1.0,1.0,1.0,False,DATA-09,False,public-derived-contiguous-slice
5611280,2020-04-17 19:11:20,-0.0180000000000006,8.248,8.238,-0.0240000000000009,8.248,49.45,0.04,1.0,0.0,1.0,1.0,0.0,1.0,1.0,1.0,False,DATA-09,False,public-derived-contiguous-slice
5611290,2020-04-17 19:11:32,-0.0180000000000006,8.248,8.238,-0.0240000000000009,8.248,49.45,0.04,1.0,0.0,1.0,1.0,0.0,1.0,1.0,1.0,False,DATA-09,False,public-derived-contiguous-slice
5611300,2020-04-17 19:11:44,-0.0180000000000006,8.248,8.238,-0.0240000000000009,8.248,49.45,0.04,1.0,0.0,1.0,1.0,0.0,1.0,1.0,1.0,False,DATA-09,False,public-derived-contiguous-slice
5611310,2020-04-17 19:11:56,-0.0180000000000006,8.248,8.238,-0.0240000000000009,8.248,49.45,0.04,0.0,0.0,0.0,0.0,0.0,0.0,0.0,0.0,False,DATA-09,False,public-derived-contiguous-slice
5611320,2020-04-17 19:12:09,-0.0180000000000006,8.248,8.238,-0.0240000000000009,8.248,49.45,0.04,1.0,0.0,1.0,1.0,0.0,1.0,1.0,1.0,False,DATA-09,False,public-derived-contiguous-slice
5611330,2020-04-17 19:12:21,-0.0180000000000006,8.248,8.238,-0.0240000000000009,8.248,49.45,0.04,1.0,0.0,1.0,1.0,0.0,1.0,1.0,1.0,False,DATA-09,False,public-derived-contiguous-slice
5611340,2020-04-17 19:12:32,-0.0180000000000006,8.248,8.238,-0.0240000000000009,8.248,49.45,0.04,1.0,0.0,1.0,1.0,0.0,1.0,1.0,1.0,False,DATA-09,False,public-derived-contiguous-slice
5611350,2020-04-17 19:12:44,-0.0180000000000006,8.248,8.238,-0.0240000000000009,8.248,49.45,0.04,1.0,0.0,1.0,1.0,0.0,1.0,1.0,1.0,False,DATA-09,False,public-derived-contiguous-slice
5611360,2020-04-17 19:12:56,-0.0180000000000006,8.248,8.238,-0.0240000000000009,8.248,49.45,0.04,1.0,0.0,1.0,1.0,0.0,1.0,1.0,1.0,False,DATA-09,False,public-derived-contiguous-slice
5611370,2020-04-17 19:13:08,-0.0180000000000006,8.248,8.238,-0.0240000000000009,8.248,49.45,0.04,0.0,0.0,0.0,0.0,0.0,0.0,0.0,0.0,False,DATA-09,False,public-derived-contiguous-slice
5611380,2020-04-17 19:13:21,-0.0180000000000006,8.248,8.238,-0.0240000000000009,8.248,49.45,0.04,1.0,0.0,1.0,1.0,0.0,1.0,1.0,1.0,False,DATA-09,False,public-derived-contiguous-slice
5611390,2020-04-17 19:13:33,-0.0180000000000006,8.248,8.238,-0.0240000000000009,8.248,49.45,0.04,1.0,0.0,1.0,1.0,0.0,1.0,1.0,1.0,False,DATA-09,False,public-derived-contiguous-slice
5611400,2020-04-17 19:13:45,-0.0180000000000006,8.248,8.238,-0.0240000000000009,8.248,49.45,0.04,1.0,0.0,1.0,1.0,0.0,1.0,1.0,1.0,False,DATA-09,False,public-derived-contiguous-slice
5611410,2020-04-17 19:13:57,-0.0180000000000006,8.248,8.238,-0.0240000000000009,8.248,49.45,0.04,1.0,0.0,1.0,1.0,0.0,1.0,1.0,1.0,False,DATA-09,False,public-derived-contiguous-slice
5611420,2020-04-17 19:14:09,-0.0180000000000006,8.248,8.238,-0.0240000000000009,8.248,49.45,0.04,1.0,0.0,1.0,1.0,0.0,1.0,1.0,1.0,False,DATA-09,False,public-derived-contiguous-slice
5611430,2020-04-17 19:14:20,-0.0180000000000006,8.248,8.238,-0.0240000000000009,8.248,49.45,0.04,0.0,0.0,0.0,0.0,0.0,0.0,0.0,0.0,False,DATA-09,False,public-derived-contiguous-slice
5611440,2020-04-17 19:14:33,-0.0180000000000006,8.248,8.238,-0.0240000000000009,8.248,49.45,0.04,1.0,0.0,1.0,1.0,0.0,1.0,1.0,1.0,False,DATA-09,False,public-derived-contiguous-slice
5611450,2020-04-17 19:14:45,-0.0180000000000006,8.248,8.238,-0.0240000000000009,8.248,49.45,0.04,1.0,0.0,1.0,1.0,0.0,1.0,1.0,1.0,False,DATA-09,False,public-derived-contiguous-slice
5611460,2020-04-17 19:14:57,-0.0180000000000006,8.248,8.238,-0.0240000000000009,8.248,49.45,0.04,1.0,0.0,1.0,1.0,0.0,1.0,1.0,1.0,False,DATA-09,False,public-derived-contiguous-slice
5611470,2020-04-17 19:15:09,-0.0180000000000006,8.248,8.238,-0.0240000000000009,8.248,49.45,0.04,1.0,0.0,1.0,1.0,0.0,1.0,1.0,1.0,False,DATA-09,False,public-derived-contiguous-slice
5611480,2020-04-17 19:15:21,-0.0180000000000006,8.248,8.238,-0.0240000000000009,8.248,49.45,0.04,1.0,0.0,1.0,1.0,0.0,1.0,1.0,1.0,False,DATA-09,False,public-derived-contiguous-slice
5611490,2020-04-17 19:15:33,-0.0180000000000006,8.248,8.238,-0.0240000000000009,8.248,49.45,0.04,1.0,0.0,1.0,1.0,0.0,1.0,1.0,1.0,False,DATA-09,False,public-derived-contiguous-slice
5611500,2020-04-17 19:15:45,-0.0180000000000006,8.248,8.238,-0.0240000000000009,8.248,49.45,0.04,0.0,0.0,0.0,0.0,0.0,0.0,0.0,0.0,False,DATA-09,False,public-derived-contiguous-slice
5611510,2020-04-17 19:15:58,-0.0180000000000006,8.248,8.238,-0.0240000000000009,8.248,49.45,0.04,1.0,0.0,1.0,1.0,0.0,1.0,1.0,1.0,False,DATA-09,False,public-derived-contiguous-slice
5611520,2020-04-17 19:16:09,-0.0180000000000006,8.248,8.238,-0.0240000000000009,8.248,49.45,0.04,1.0,0.0,1.0,1.0,0.0,1.0,1.0,1.0,False,DATA-09,False,public-derived-contiguous-slice
5611530,2020-04-17 19:16:21,-0.0180000000000006,8.248,8.238,-0.0240000000000009,8.248,49.45,0.04,1.0,0.0,1.0,1.0,0.0,1.0,1.0,1.0,False,DATA-09,False,public-derived-contiguous-slice
5611540,2020-04-17 19:16:33,-0.0180000000000006,8.248,8.238,-0.0240000000000009,8.248,49.45,0.04,1.0,0.0,1.0,1.0,0.0,1.0,1.0,1.0,False,DATA-09,False,public-derived-contiguous-slice
5611550,2020-04-17 19:16:45,-0.0180000000000006,8.248,8.238,-0.0240000000000009,8.248,49.45,0.04,1.0,0.0,1.0,1.0,0.0,1.0,1.0,1.0,False,DATA-09,False,public-derived-contiguous-slice
5611560,2020-04-17 19:16:57,-0.0180000000000006,8.248,8.238,-0.0240000000000009,8.248,49.45,0.04,0.0,0.0,0.0,0.0,0.0,0.0,0.0,0.0,False,DATA-09,False,public-derived-contiguous-slice
5611570,2020-04-17 19:17:10,-0.0180000000000006,8.248,8.238,-0.0240000000000009,8.248,49.45,0.04,1.0,0.0,1.0,1.0,0.0,1.0,1.0,1.0,False,DATA-09,False,public-derived-contiguous-slice
5611580,2020-04-17 19:17:22,-0.0180000000000006,8.248,8.238,-0.0240000000000009,8.248,49.45,0.04,1.0,0.0,1.0,1.0,0.0,1.0,1.0,1.0,False,DATA-09,False,public-derived-contiguous-slice
5611590,2020-04-17 19:17:34,-0.0180000000000006,8.248,8.238,-0.0240000000000009,8.248,49.45,0.04,1.0,0.0,1.0,1.0,0.0,1.0,1.0,1.0,False,DATA-09,False,public-derived-contiguous-slice
5611600,2020-04-17 19:17:46,-0.0180000000000006,8.248,8.238,-0.0240000000000009,8.248,49.45,0.04,1.0,0.0,1.0,1.0,0.0,1.0,1.0,1.0,False,DATA-09,False,public-derived-contiguous-slice
5611610,2020-04-17 19:17:58,-0.0180000000000006,8.248,8.238,-0.0240000000000009,8.248,49.45,0.04,0.0,0.0,0.0,0.0,0.0,0.0,0.0,0.0,False,DATA-09,False,public-derived-contiguous-slice
5611620,2020-04-17 19:18:10,-0.0180000000000006,8.248,8.238,-0.0240000000000009,8.248,49.45,0.04,1.0,0.0,1.0,1.0,0.0,1.0,1.0,1.0,False,DATA-09,False,public-derived-contiguous-slice
5611630,2020-04-17 19:18:22,-0.0180000000000006,8.248,8.238,-0.0240000000000009,8.248,49.45,0.04,1.0,0.0,1.0,1.0,0.0,1.0,1.0,1.0,False,DATA-09,False,public-derived-contiguous-slice
5611640,2020-04-17 19:18:34,-0.0180000000000006,8.248,8.238,-0.0240000000000009,8.248,49.45,0.04,1.0,0.0,1.0,1.0,0.0,1.0,1.0,1.0,False,DATA-09,False,public-derived-contiguous-slice
5611650,2020-04-17 19:18:46,-0.0180000000000006,8.248,8.238,-0.0240000000000009,8.248,49.45,0.04,1.0,0.0,1.0,1.0,0.0,1.0,1.0,1.0,False,DATA-09,False,public-derived-contiguous-slice
5611660,2020-04-17 19:18:58,-0.0180000000000006,8.248,8.238,-0.0240000000000009,8.248,49.45,0.04,1.0,0.0,1.0,1.0,0.0,1.0,1.0,1.0,False,DATA-09,False,public-derived-contiguous-slice
5611670,2020-04-17 19:19:10,-0.0180000000000006,8.248,8.238,-0.0240000000000009,8.248,49.45,0.04,0.0,0.0,0.0,0.0,0.0,0.0,0.0,0.0,False,DATA-09,False,public-derived-contiguous-slice
5611680,2020-04-17 19:19:23,-0.0180000000000006,8.248,8.238,-0.0240000000000009,8.248,49.45,0.04,1.0,0.0,1.0,1.0,0.0,1.0,1.0,1.0,False,DATA-09,False,public-derived-contiguous-slice
5611690,2020-04-17 19:19:35,-0.0180000000000006,8.248,8.238,-0.0240000000000009,8.248,49.45,0.04,1.0,0.0,1.0,1.0,0.0,1.0,1.0,1.0,False,DATA-09,False,public-derived-contiguous-slice
5611700,2020-04-17 19:19:47,-0.0180000000000006,8.248,8.238,-0.0240000000000009,8.248,49.45,0.04,1.0,0.0,1.0,1.0,0.0,1.0,1.0,1.0,False,DATA-09,False,public-derived-contiguous-slice
5611710,2020-04-17 19:19:58,-0.0180000000000006,8.248,8.238,-0.0240000000000009,8.248,49.45,0.04,1.0,0.0,1.0,1.0,0.0,1.0,1.0,1.0,False,DATA-09,False,public-derived-contiguous-slice
5611720,2020-04-17 19:20:10,-0.0180000000000006,8.248,8.238,-0.0240000000000009,8.248,49.45,0.04,0.0,0.0,0.0,0.0,0.0,0.0,0.0,0.0,False,DATA-09,False,public-derived-contiguous-slice
5611730,2020-04-17 19:20:23,-0.0180000000000006,8.248,8.238,-0.0240000000000009,8.248,49.45,0.04,1.0,0.0,1.0,1.0,0.0,1.0,1.0,1.0,False,DATA-09,False,public-derived-contiguous-slice
5611740,2020-04-17 19:20:35,-0.0180000000000006,8.248,8.238,-0.0240000000000009,8.248,49.45,0.04,1.0,0.0,1.0,1.0,0.0,1.0,1.0,1.0,False,DATA-09,False,public-derived-contiguous-slice
5611750,2020-04-17 19:20:47,-0.0180000000000006,8.248,8.238,-0.0240000000000009,8.248,49.45,0.04,1.0,0.0,1.0,1.0,0.0,1.0,1.0,1.0,False,DATA-09,False,public-derived-contiguous-slice
5611760,2020-04-17 19:20:59,-0.0180000000000006,8.248,8.238,-0.0240000000000009,8.248,49.45,0.04,1.0,0.0,1.0,1.0,0.0,1.0,1.0,1.0,False,DATA-09,False,public-derived-contiguous-slice
5611770,2020-04-17 19:21:11,-0.0180000000000006,8.248,8.238,-0.0240000000000009,8.248,49.45,0.04,1.0,0.0,1.0,1.0,0.0,1.0,1.0,1.0,False,DATA-09,False,public-derived-contiguous-slice
5611780,2020-04-17 19:21:23,-0.0180000000000006,8.248,8.238,-0.0240000000000009,8.248,49.45,0.04,0.0,0.0,0.0,0.0,0.0,0.0,0.0,0.0,False,DATA-09,False,public-derived-contiguous-slice
5611790,2020-04-17 19:21:35,-0.0180000000000006,8.248,8.238,-0.0240000000000009,8.248,49.45,0.04,0.0,0.0,0.0,0.0,0.0,0.0,0.0,0.0,False,DATA-09,False,public-derived-contiguous-slice
5611800,2020-04-17 19:21:47,-0.0180000000000006,8.248,8.238,-0.0240000000000009,8.248,49.45,0.04,1.0,0.0,1.0,1.0,0.0,1.0,1.0,1.0,False,DATA-09,False,public-derived-contiguous-slice
5611810,2020-04-17 19:21:59,-0.0180000000000006,8.248,8.238,-0.0240000000000009,8.248,49.45,0.04,1.0,0.0,1.0,1.0,0.0,1.0,1.0,1.0,False,DATA-09,False,public-derived-contiguous-slice
5611820,2020-04-17 19:22:11,-0.0180000000000006,8.248,8.238,-0.0240000000000009,8.248,49.45,0.04,1.0,0.0,1.0,1.0,0.0,1.0,1.0,1.0,False,DATA-09,False,public-derived-contiguous-slice
5611830,2020-04-17 19:22:23,-0.0180000000000006,8.248,8.238,-0.0240000000000009,8.248,49.45,0.04,1.0,0.0,1.0,1.0,0.0,1.0,1.0,1.0,False,DATA-09,False,public-derived-contiguous-slice
5611840,2020-04-17 19:22:35,-0.0180000000000006,8.248,8.238,-0.0240000000000009,8.248,49.45,0.04,1.0,0.0,1.0,1.0,0.0,1.0,1.0,1.0,False,DATA-09,False,public-derived-contiguous-slice
5611850,2020-04-17 19:22:47,-0.0180000000000006,8.248,8.238,-0.0240000000000009,8.248,49.45,0.04,1.0,0.0,1.0,1.0,0.0,1.0,1.0,1.0,False,DATA-09,False,public-derived-contiguous-slice
5611860,2020-04-17 19:22:59,-0.0180000000000006,8.248,8.238,-0.0240000000000009,8.248,49.45,0.04,1.0,0.0,1.0,1.0,0.0,1.0,1.0,1.0,False,DATA-09,False,public-derived-contiguous-slice
5611870,2020-04-17 19:23:11,-0.0180000000000006,8.248,8.238,-0.0240000000000009,8.248,49.45,0.04,0.0,0.0,0.0,0.0,0.0,0.0,0.0,0.0,False,DATA-09,False,public-derived-contiguous-slice
5611880,2020-04-17 19:23:24,-0.0180000000000006,8.248,8.238,-0.0240000000000009,8.248,49.45,0.04,1.0,0.0,1.0,1.0,0.0,1.0,1.0,1.0,False,DATA-09,False,public-derived-contiguous-slice
5611890,2020-04-17 19:23:35,-0.0180000000000006,8.248,8.238,-0.0240000000000009,8.248,49.45,0.04,1.0,0.0,1.0,1.0,0.0,1.0,1.0,1.0,False,DATA-09,False,public-derived-contiguous-slice
5611900,2020-04-17 19:23:47,-0.0180000000000006,8.248,8.238,-0.0240000000000009,8.248,49.45,0.04,1.0,0.0,1.0,1.0,0.0,1.0,1.0,1.0,False,DATA-09,False,public-derived-contiguous-slice
5611910,2020-04-17 19:23:59,-0.0180000000000006,8.248,8.238,-0.0240000000000009,8.248,49.45,0.04,1.0,0.0,1.0,1.0,0.0,1.0,1.0,1.0,False,DATA-09,False,public-derived-contiguous-slice
5611920,2020-04-17 19:24:11,-0.0180000000000006,8.248,8.238,-0.0240000000000009,8.248,49.45,0.04,0.0,0.0,0.0,0.0,0.0,0.0,0.0,0.0,False,DATA-09,False,public-derived-contiguous-slice
5611930,2020-04-17 19:24:24,-0.0180000000000006,8.248,8.238,-0.0240000000000009,8.248,49.45,0.04,1.0,0.0,1.0,1.0,0.0,1.0,1.0,1.0,False,DATA-09,False,public-derived-contiguous-slice
5611940,2020-04-17 19:24:36,-0.0180000000000006,8.248,8.238,-0.0240000000000009,8.248,49.45,0.04,1.0,0.0,1.0,1.0,0.0,1.0,1.0,1.0,False,DATA-09,False,public-derived-contiguous-slice
5611950,2020-04-17 19:24:48,-0.0180000000000006,8.248,8.238,-0.0240000000000009,8.248,49.45,0.04,1.0,0.0,1.0,1.0,0.0,1.0,1.0,1.0,False,DATA-09,False,public-derived-contiguous-slice
5611960,2020-04-17 19:25:00,-0.0180000000000006,8.248,8.238,-0.0240000000000009,8.248,49.45,0.04,1.0,0.0,1.0,1.0,0.0,1.0,1.0,1.0,False,DATA-09,False,public-derived-contiguous-slice
5611970,2020-04-17 19:25:12,-0.0180000000000006,8.248,8.238,-0.0240000000000009,8.248,49.45,0.04,1.0,0.0,1.0,1.0,0.0,1.0,1.0,1.0,False,DATA-09,False,public-derived-contiguous-slice
5611980,2020-04-17 19:25:23,-0.0180000000000006,8.248,8.238,-0.0240000000000009,8.248,49.45,0.04,0.0,0.0,0.0,0.0,0.0,0.0,0.0,0.0,False,DATA-09,False,public-derived-contiguous-slice
5611990,2020-04-17 19:25:36,-0.0180000000000006,8.248,8.238,-0.0240000000000009,8.248,49.45,0.04,1.0,0.0,1.0,1.0,0.0,1.0,1.0,1.0,False,DATA-09,False,public-derived-contiguous-slice
5612000,2020-04-17 19:25:48,-0.0180000000000006,8.248,8.238,-0.0240000000000009,8.248,49.45,0.04,1.0,0.0,1.0,1.0,0.0,1.0,1.0,1.0,False,DATA-09,False,public-derived-contiguous-slice
5612010,2020-04-17 19:26:00,-0.0180000000000006,8.248,8.238,-0.0240000000000009,8.248,49.45,0.04,1.0,0.0,1.0,1.0,0.0,1.0,1.0,1.0,False,DATA-09,False,public-derived-contiguous-slice
5612020,2020-04-17 19:26:12,-0.0180000000000006,8.248,8.238,-0.0240000000000009,8.248,49.45,0.04,1.0,0.0,1.0,1.0,0.0,1.0,1.0,1.0,False,DATA-09,False,public-derived-contiguous-slice
5612030,2020-04-17 19:26:24,-0.0180000000000006,8.248,8.238,-0.0240000000000009,8.248,49.45,0.04,0.0,0.0,0.0,0.0,0.0,0.0,0.0,0.0,False,DATA-09,False,public-derived-contiguous-slice
5612040,2020-04-17 19:26:37,-0.0180000000000006,8.248,8.238,-0.0240000000000009,8.248,49.45,0.04,1.0,0.0,1.0,1.0,0.0,1.0,1.0,1.0,False,DATA-09,False,public-derived-contiguous-slice
5612050,2020-04-17 19:26:49,-0.0180000000000006,8.248,8.238,-0.0240000000000009,8.248,49.45,0.04,1.0,0.0,1.0,1.0,0.0,1.0,1.0,1.0,False,DATA-09,False,public-derived-contiguous-slice
5612060,2020-04-17 19:27:01,-0.0180000000000006,8.248,8.238,-0.0240000000000009,8.248,49.45,0.04,1.0,0.0,1.0,1.0,0.0,1.0,1.0,1.0,False,DATA-09,False,public-derived-contiguous-slice
5612070,2020-04-17 19:27:12,-0.0180000000000006,8.248,8.238,-0.0240000000000009,8.248,49.45,0.04,1.0,0.0,1.0,1.0,0.0,1.0,1.0,1.0,False,DATA-09,False,public-derived-contiguous-slice
5612080,2020-04-17 19:27:24,-0.0180000000000006,8.248,8.238,-0.0240000000000009,8.248,49.45,0.04,1.0,0.0,1.0,1.0,0.0,1.0,1.0,1.0,False,DATA-09,False,public-derived-contiguous-slice
5612090,2020-04-17 19:27:36,-0.0180000000000006,8.248,8.238,-0.0240000000000009,8.248,49.45,0.04,0.0,0.0,0.0,0.0,0.0,0.0,0.0,0.0,False,DATA-09,False,public-derived-contiguous-slice
5612100,2020-04-17 19:27:49,-0.0180000000000006,8.248,8.238,-0.0240000000000009,8.248,49.45,0.04,1.0,0.0,1.0,1.0,0.0,1.0,1.0,1.0,False,DATA-09,False,public-derived-contiguous-slice
5612110,2020-04-17 19:28:01,-0.0180000000000006,8.248,8.238,-0.0240000000000009,8.248,49.45,0.04,1.0,0.0,1.0,1.0,0.0,1.0,1.0,1.0,False,DATA-09,False,public-derived-contiguous-slice
5612120,2020-04-17 19:28:13,-0.0180000000000006,8.248,8.238,-0.0240000000000009,8.248,49.45,0.04,1.0,0.0,1.0,1.0,0.0,1.0,1.0,1.0,False,DATA-09,False,public-derived-contiguous-slice
5612130,2020-04-17 19:28:25,-0.0180000000000006,8.248,8.238,-0.0240000000000009,8.248,49.45,0.04,1.0,0.0,1.0,1.0,0.0,1.0,1.0,1.0,False,DATA-09,False,public-derived-contiguous-slice
5612140,2020-04-17 19:28:37,-0.0180000000000006,8.248,8.238,-0.0240000000000009,8.248,49.45,0.04,0.0,0.0,0.0,0.0,0.0,0.0,0.0,0.0,False,DATA-09,False,public-derived-contiguous-slice
5612150,2020-04-17 19:28:50,-0.0180000000000006,8.248,8.238,-0.0240000000000009,8.248,49.45,0.04,1.0,0.0,1.0,1.0,0.0,1.0,1.0,1.0,False,DATA-09,False,public-derived-contiguous-slice
5612160,2020-04-17 19:29:01,-0.0180000000000006,8.248,8.238,-0.0240000000000009,8.248,49.45,0.04,1.0,0.0,1.0,1.0,0.0,1.0,1.0,1.0,False,DATA-09,False,public-derived-contiguous-slice
5612170,2020-04-17 19:29:13,-0.0180000000000006,8.248,8.238,-0.0240000000000009,8.248,49.45,0.04,1.0,0.0,1.0,1.0,0.0,1.0,1.0,1.0,False,DATA-09,False,public-derived-contiguous-slice
5612180,2020-04-17 19:29:25,-0.0180000000000006,8.248,8.238,-0.0240000000000009,8.248,49.45,0.04,1.0,0.0,1.0,1.0,0.0,1.0,1.0,1.0,False,DATA-09,False,public-derived-contiguous-slice
5612190,2020-04-17 19:29:37,-0.0180000000000006,8.248,8.238,-0.0240000000000009,8.248,49.45,0.04,0.0,0.0,0.0,0.0,0.0,0.0,0.0,0.0,False,DATA-09,False,public-derived-contiguous-slice
5612200,2020-04-17 19:29:50,-0.0180000000000006,8.248,8.238,-0.0240000000000009,8.248,49.45,0.04,1.0,0.0,1.0,1.0,0.0,1.0,1.0,1.0,False,DATA-09,False,public-derived-contiguous-slice
5612210,2020-04-17 19:30:02,-0.0180000000000006,8.248,8.238,-0.0240000000000009,8.248,49.45,0.04,1.0,0.0,1.0,1.0,0.0,1.0,1.0,1.0,False,DATA-09,False,public-derived-contiguous-slice
5612220,2020-04-17 19:30:14,-0.0180000000000006,8.248,8.238,-0.0240000000000009,8.248,49.45,0.04,1.0,0.0,1.0,1.0,0.0,1.0,1.0,1.0,False,DATA-09,False,public-derived-contiguous-slice
5612230,2020-04-17 19:30:26,-0.0180000000000006,8.248,8.238,-0.0240000000000009,8.248,49.45,0.04,1.0,0.0,1.0,1.0,0.0,1.0,1.0,1.0,False,DATA-09,False,public-derived-contiguous-slice
5612240,2020-04-17 19:30:38,-0.0180000000000006,8.248,8.238,-0.0240000000000009,8.248,49.45,0.04,0.0,0.0,0.0,0.0,0.0,0.0,0.0,0.0,False,DATA-09,False,public-derived-contiguous-slice
5612250,2020-04-17 19:30:50,-0.0180000000000006,8.248,8.238,-0.0240000000000009,8.248,49.45,0.04,1.0,0.0,1.0,1.0,0.0,1.0,1.0,1.0,False,DATA-09,False,public-derived-contiguous-slice
5612260,2020-04-17 19:31:02,-0.0180000000000006,8.248,8.238,-0.0240000000000009,8.248,49.45,0.04,1.0,0.0,1.0,1.0,0.0,1.0,1.0,1.0,False,DATA-09,False,public-derived-contiguous-slice
5612270,2020-04-17 19:31:14,-0.0180000000000006,8.248,8.238,-0.0240000000000009,8.248,49.45,0.04,1.0,0.0,1.0,1.0,0.0,1.0,1.0,1.0,False,DATA-09,False,public-derived-contiguous-slice
5612280,2020-04-17 19:31:26,-0.0180000000000006,8.248,8.238,-0.0240000000000009,8.248,49.45,0.04,1.0,0.0,1.0,1.0,0.0,1.0,1.0,1.0,False,DATA-09,False,public-derived-contiguous-slice
5612290,2020-04-17 19:31:38,-0.0180000000000006,8.248,8.238,-0.0240000000000009,8.248,49.45,0.04,1.0,0.0,1.0,1.0,0.0,1.0,1.0,1.0,False,DATA-09,False,public-derived-contiguous-slice
5612300,2020-04-17 19:31:50,-0.0180000000000006,8.248,8.238,-0.0240000000000009,8.248,49.45,0.04,1.0,0.0,1.0,1.0,0.0,1.0,1.0,1.0,False,DATA-09,False,public-derived-contiguous-slice
5612310,2020-04-17 19:32:02,-0.0180000000000006,8.248,8.238,-0.0240000000000009,8.248,49.45,0.04,1.0,0.0,1.0,1.0,0.0,1.0,1.0,1.0,False,DATA-09,False,public-derived-contiguous-slice
5612320,2020-04-17 19:32:14,-0.0180000000000006,8.248,8.238,-0.0240000000000009,8.248,49.45,0.04,0.0,0.0,0.0,0.0,0.0,0.0,0.0,0.0,False,DATA-09,False,public-derived-contiguous-slice
5612330,2020-04-17 19:32:26,-0.0180000000000006,8.248,8.238,-0.0240000000000009,8.248,49.45,0.04,1.0,0.0,1.0,1.0,0.0,1.0,1.0,1.0,False,DATA-09,False,public-derived-contiguous-slice
5612340,2020-04-17 19:32:37,-0.0180000000000006,8.248,8.238,-0.0240000000000009,8.248,49.45,0.04,0.0,0.0,0.0,0.0,0.0,0.0,0.0,0.0,False,DATA-09,False,public-derived-contiguous-slice
5612350,2020-04-17 19:32:50,-0.0180000000000006,8.248,8.238,-0.0240000000000009,8.248,49.45,0.04,1.0,0.0,1.0,1.0,0.0,1.0,1.0,1.0,False,DATA-09,False,public-derived-contiguous-slice
5612360,2020-04-17 19:33:02,-0.0180000000000006,8.248,8.238,-0.0240000000000009,8.248,49.45,0.04,1.0,0.0,1.0,1.0,0.0,1.0,1.0,1.0,False,DATA-09,False,public-derived-contiguous-slice
5612370,2020-04-17 19:33:14,-0.0180000000000006,8.248,8.238,-0.0240000000000009,8.248,49.45,0.04,1.0,0.0,1.0,1.0,0.0,1.0,1.0,1.0,False,DATA-09,False,public-derived-contiguous-slice
5612380,2020-04-17 19:33:26,-0.0180000000000006,8.248,8.238,-0.0240000000000009,8.248,49.45,0.04,1.0,0.0,1.0,1.0,0.0,1.0,1.0,1.0,False,DATA-09,False,public-derived-contiguous-slice
5612390,2020-04-17 19:33:38,-0.0180000000000006,8.248,8.238,-0.0240000000000009,8.248,49.45,0.04,0.0,0.0,0.0,0.0,0.0,0.0,0.0,0.0,False,DATA-09,False,public-derived-contiguous-slice
5612400,2020-04-17 19:33:51,-0.0180000000000006,8.248,8.238,-0.0240000000000009,8.248,49.45,0.04,1.0,0.0,1.0,1.0,0.0,1.0,1.0,1.0,False,DATA-09,False,public-derived-contiguous-slice
5612410,2020-04-17 19:34:03,-0.0180000000000006,8.248,8.238,-0.0240000000000009,8.248,49.45,0.04,1.0,0.0,1.0,1.0,0.0,1.0,1.0,1.0,False,DATA-09,False,public-derived-contiguous-slice
5612420,2020-04-17 19:34:15,-0.0180000000000006,8.248,8.238,-0.0240000000000009,8.248,49.45,0.04,1.0,0.0,1.0,1.0,0.0,1.0,1.0,1.0,False,DATA-09,False,public-derived-contiguous-slice
5612430,2020-04-17 19:34:26,-0.0180000000000006,8.248,8.238,-0.0240000000000009,8.248,49.45,0.04,1.0,0.0,1.0,1.0,0.0,1.0,1.0,1.0,False,DATA-09,False,public-derived-contiguous-slice
5612440,2020-04-17 19:34:38,-0.0180000000000006,8.248,8.238,-0.0240000000000009,8.248,49.45,0.04,1.0,0.0,1.0,1.0,0.0,1.0,1.0,1.0,False,DATA-09,False,public-derived-contiguous-slice
5612450,2020-04-17 19:34:50,-0.0180000000000006,8.248,8.238,-0.0240000000000009,8.248,49.45,0.04,0.0,0.0,0.0,0.0,0.0,0.0,0.0,0.0,False,DATA-09,False,public-derived-contiguous-slice
5612460,2020-04-17 19:35:03,-0.0180000000000006,8.248,8.238,-0.0240000000000009,8.248,49.45,0.04,1.0,0.0,1.0,1.0,0.0,1.0,1.0,1.0,False,DATA-09,False,public-derived-contiguous-slice
5612470,2020-04-17 19:35:15,-0.0180000000000006,8.248,8.238,-0.0240000000000009,8.248,49.45,0.04,1.0,0.0,1.0,1.0,0.0,1.0,1.0,1.0,False,DATA-09,False,public-derived-contiguous-slice
5612480,2020-04-17 19:35:27,-0.0180000000000006,8.248,8.238,-0.0240000000000009,8.248,49.45,0.04,1.0,0.0,1.0,1.0,0.0,1.0,1.0,1.0,False,DATA-09,False,public-derived-contiguous-slice
5612490,2020-04-17 19:35:39,-0.0180000000000006,8.248,8.238,-0.0240000000000009,8.248,49.45,0.04,1.0,0.0,1.0,1.0,0.0,1.0,1.0,1.0,False,DATA-09,False,public-derived-contiguous-slice
5612500,2020-04-17 19:35:51,-0.0180000000000006,8.248,8.238,-0.0240000000000009,8.248,49.45,0.04,1.0,0.0,1.0,1.0,0.0,1.0,1.0,1.0,False,DATA-09,False,public-derived-contiguous-slice
5612510,2020-04-17 19:36:03,-0.0180000000000006,8.248,8.238,-0.0240000000000009,8.248,49.45,0.04,1.0,0.0,1.0,1.0,0.0,1.0,1.0,1.0,False,DATA-09,False,public-derived-contiguous-slice
5612520,2020-04-17 19:36:15,-0.0180000000000006,8.248,8.238,-0.0240000000000009,8.248,49.45,0.04,0.0,0.0,0.0,0.0,0.0,0.0,0.0,0.0,False,DATA-09,False,public-derived-contiguous-slice
5612530,2020-04-17 19:36:27,-0.0180000000000006,8.248,8.238,-0.0240000000000009,8.248,49.45,0.04,1.0,0.0,1.0,1.0,0.0,1.0,1.0,1.0,False,DATA-09,False,public-derived-contiguous-slice
5612540,2020-04-17 19:36:38,-0.0180000000000006,8.248,8.238,-0.0240000000000009,8.248,49.45,0.04,0.0,0.0,0.0,0.0,0.0,0.0,0.0,0.0,False,DATA-09,False,public-derived-contiguous-slice
5612550,2020-04-17 19:36:51,-0.0180000000000006,8.248,8.238,-0.0240000000000009,8.248,49.45,0.04,1.0,0.0,1.0,1.0,0.0,1.0,1.0,1.0,False,DATA-09,False,public-derived-contiguous-slice
5612560,2020-04-17 19:37:03,-0.0180000000000006,8.248,8.238,-0.0240000000000009,8.248,49.45,0.04,1.0,0.0,1.0,1.0,0.0,1.0,1.0,1.0,False,DATA-09,False,public-derived-contiguous-slice
5612570,2020-04-17 19:37:15,-0.0180000000000006,8.248,8.238,-0.0240000000000009,8.248,49.45,0.04,1.0,0.0,1.0,1.0,0.0,1.0,1.0,1.0,False,DATA-09,False,public-derived-contiguous-slice
5612580,2020-04-17 19:37:27,-0.0180000000000006,8.248,8.238,-0.0240000000000009,8.248,49.45,0.04,1.0,0.0,1.0,1.0,0.0,1.0,1.0,1.0,False,DATA-09,False,public-derived-contiguous-slice
5612590,2020-04-17 19:37:39,-0.0180000000000006,8.248,8.238,-0.0240000000000009,8.248,49.45,0.04,0.0,0.0,0.0,0.0,0.0,0.0,0.0,0.0,False,DATA-09,False,public-derived-contiguous-slice
5612600,2020-04-17 19:37:52,-0.0180000000000006,8.248,8.238,-0.0240000000000009,8.248,49.45,0.04,1.0,0.0,1.0,1.0,0.0,1.0,1.0,1.0,False,DATA-09,False,public-derived-contiguous-slice
5612610,2020-04-17 19:38:04,-0.0180000000000006,8.248,8.238,-0.0240000000000009,8.248,49.45,0.04,1.0,0.0,1.0,1.0,0.0,1.0,1.0,1.0,False,DATA-09,False,public-derived-contiguous-slice
5612620,2020-04-17 19:38:15,-0.0180000000000006,8.248,8.238,-0.0240000000000009,8.248,49.45,0.04,1.0,0.0,1.0,1.0,0.0,1.0,1.0,1.0,False,DATA-09,False,public-derived-contiguous-slice
5612630,2020-04-17 19:38:27,-0.0180000000000006,8.248,8.238,-0.0240000000000009,8.248,49.45,0.04,1.0,0.0,1.0,1.0,0.0,1.0,1.0,1.0,False,DATA-09,False,public-derived-contiguous-slice
5612640,2020-04-17 19:38:39,-0.0180000000000006,8.248,8.238,-0.0240000000000009,8.248,49.45,0.04,0.0,0.0,0.0,0.0,0.0,0.0,0.0,0.0,False,DATA-09,False,public-derived-contiguous-slice
5612650,2020-04-17 19:38:52,-0.0180000000000006,8.248,8.238,-0.0240000000000009,8.248,49.45,0.04,1.0,0.0,1.0,1.0,0.0,1.0,1.0,1.0,False,DATA-09,False,public-derived-contiguous-slice
5612660,2020-04-17 19:39:04,-0.0180000000000006,8.248,8.238,-0.0240000000000009,8.248,49.45,0.04,1.0,0.0,1.0,1.0,0.0,1.0,1.0,1.0,False,DATA-09,False,public-derived-contiguous-slice
5612670,2020-04-17 19:39:16,-0.0180000000000006,8.248,8.238,-0.0240000000000009,8.248,49.45,0.04,1.0,0.0,1.0,1.0,0.0,1.0,1.0,1.0,False,DATA-09,False,public-derived-contiguous-slice
5612680,2020-04-17 19:39:28,-0.0180000000000006,8.248,8.238,-0.0240000000000009,8.248,49.45,0.04,1.0,0.0,1.0,1.0,0.0,1.0,1.0,1.0,False,DATA-09,False,public-derived-contiguous-slice
5612690,2020-04-17 19:39:40,-0.0180000000000006,8.248,8.238,-0.0240000000000009,8.248,49.45,0.04,1.0,0.0,1.0,1.0,0.0,1.0,1.0,1.0,False,DATA-09,False,public-derived-contiguous-slice
5612700,2020-04-17 19:39:52,-0.0180000000000006,8.248,8.238,-0.0240000000000009,8.248,49.45,0.04,0.0,0.0,0.0,0.0,0.0,0.0,0.0,0.0,False,DATA-09,False,public-derived-contiguous-slice
5612710,2020-04-17 19:40:04,-0.0180000000000006,8.248,8.238,-0.0240000000000009,8.248,49.45,0.04,1.0,0.0,1.0,1.0,0.0,1.0,1.0,1.0,False,DATA-09,False,public-derived-contiguous-slice
5612720,2020-04-17 19:40:16,-0.0180000000000006,8.248,8.238,-0.0240000000000009,8.248,49.45,0.04,1.0,0.0,1.0,1.0,0.0,1.0,1.0,1.0,False,DATA-09,False,public-derived-contiguous-slice
5612730,2020-04-17 19:40:28,-0.0180000000000006,8.248,8.238,-0.0240000000000009,8.248,49.45,0.04,1.0,0.0,1.0,1.0,0.0,1.0,1.0,1.0,False,DATA-09,False,public-derived-contiguous-slice
5612740,2020-04-17 19:40:40,-0.0180000000000006,8.248,8.238,-0.0240000000000009,8.248,49.45,0.04,1.0,0.0,1.0,1.0,0.0,1.0,1.0,1.0,False,DATA-09,False,public-derived-contiguous-slice
5612750,2020-04-17 19:40:52,-0.0180000000000006,8.248,8.238,-0.0240000000000009,8.248,49.45,0.04,0.0,0.0,0.0,0.0,0.0,0.0,0.0,0.0,False,DATA-09,False,public-derived-contiguous-slice
5612760,2020-04-17 19:41:05,-0.0180000000000006,8.248,8.238,-0.0240000000000009,8.248,49.45,0.04,1.0,0.0,1.0,1.0,0.0,1.0,1.0,1.0,False,DATA-09,False,public-derived-contiguous-slice
5612770,2020-04-17 19:41:17,-0.0180000000000006,8.248,8.238,-0.0240000000000009,8.248,49.45,0.04,1.0,0.0,1.0,1.0,0.0,1.0,1.0,1.0,False,DATA-09,False,public-derived-contiguous-slice
5612780,2020-04-17 19:41:29,-0.0180000000000006,8.248,8.238,-0.0240000000000009,8.248,49.45,0.04,1.0,0.0,1.0,1.0,0.0,1.0,1.0,1.0,False,DATA-09,False,public-derived-contiguous-slice
5612790,2020-04-17 19:41:41,-0.0180000000000006,8.248,8.238,-0.0240000000000009,8.248,49.45,0.04,1.0,0.0,1.0,1.0,0.0,1.0,1.0,1.0,False,DATA-09,False,public-derived-contiguous-slice
5612800,2020-04-17 19:41:53,-0.0180000000000006,8.248,8.238,-0.0240000000000009,8.248,49.45,0.04,1.0,0.0,1.0,1.0,0.0,1.0,1.0,1.0,False,DATA-09,False,public-derived-contiguous-slice
5612810,2020-04-17 19:42:04,-0.0180000000000006,8.248,8.238,-0.0240000000000009,8.248,49.45,0.04,0.0,0.0,0.0,0.0,0.0,0.0,0.0,0.0,False,DATA-09,False,public-derived-contiguous-slice
5612820,2020-04-17 19:42:17,-0.0180000000000006,8.248,8.238,-0.0240000000000009,8.248,49.45,0.04,1.0,0.0,1.0,1.0,0.0,1.0,1.0,1.0,False,DATA-09,False,public-derived-contiguous-slice
5612830,2020-04-17 19:42:29,-0.0180000000000006,8.248,8.238,-0.0240000000000009,8.248,49.45,0.04,1.0,0.0,1.0,1.0,0.0,1.0,1.0,1.0,False,DATA-09,False,public-derived-contiguous-slice
5612840,2020-04-17 19:42:41,-0.0180000000000006,8.248,8.238,-0.0240000000000009,8.248,49.45,0.04,1.0,0.0,1.0,1.0,0.0,1.0,1.0,1.0,False,DATA-09,False,public-derived-contiguous-slice
5612850,2020-04-17 19:42:53,-0.0180000000000006,8.248,8.238,-0.0240000000000009,8.248,49.45,0.04,1.0,0.0,1.0,1.0,0.0,1.0,1.0,1.0,False,DATA-09,False,public-derived-contiguous-slice
5612860,2020-04-17 19:43:05,-0.0180000000000006,8.248,8.238,-0.0240000000000009,8.248,49.45,0.04,0.0,0.0,0.0,0.0,0.0,0.0,0.0,0.0,False,DATA-09,False,public-derived-contiguous-slice
5612870,2020-04-17 19:43:18,-0.0180000000000006,8.248,8.238,-0.0240000000000009,8.248,49.45,0.04,1.0,0.0,1.0,1.0,0.0,1.0,1.0,1.0,False,DATA-09,False,public-derived-contiguous-slice
5612880,2020-04-17 19:43:30,-0.0180000000000006,8.248,8.238,-0.0240000000000009,8.248,49.45,0.04,1.0,0.0,1.0,1.0,0.0,1.0,1.0,1.0,False,DATA-09,False,public-derived-contiguous-slice
5612890,2020-04-17 19:43:42,-0.0180000000000006,8.248,8.238,-0.0240000000000009,8.248,49.45,0.04,1.0,0.0,1.0,1.0,0.0,1.0,1.0,1.0,False,DATA-09,False,public-derived-contiguous-slice
5612900,2020-04-17 19:43:54,-0.0180000000000006,8.248,8.238,-0.0240000000000009,8.248,49.45,0.04,1.0,0.0,1.0,1.0,0.0,1.0,1.0,1.0,False,DATA-09,False,public-derived-contiguous-slice
5612910,2020-04-17 19:44:05,-0.0180000000000006,8.248,8.238,-0.0240000000000009,8.248,49.45,0.04,1.0,0.0,1.0,1.0,0.0,1.0,1.0,1.0,False,DATA-09,False,public-derived-contiguous-slice
5612920,2020-04-17 19:44:17,-0.0180000000000006,8.248,8.238,-0.0240000000000009,8.248,49.45,0.04,0.0,0.0,0.0,0.0,0.0,0.0,0.0,0.0,False,DATA-09,False,public-derived-contiguous-slice
5612930,2020-04-17 19:44:30,-0.0180000000000006,8.248,8.238,-0.0240000000000009,8.248,49.45,0.04,1.0,0.0,1.0,1.0,0.0,1.0,1.0,1.0,False,DATA-09,False,public-derived-contiguous-slice
5612940,2020-04-17 19:44:42,-0.0180000000000006,8.248,8.238,-0.0240000000000009,8.248,49.45,0.04,1.0,0.0,1.0,1.0,0.0,1.0,1.0,1.0,False,DATA-09,False,public-derived-contiguous-slice
5612950,2020-04-17 19:44:54,-0.0180000000000006,8.248,8.238,-0.0240000000000009,8.248,49.45,0.04,1.0,0.0,1.0,1.0,0.0,1.0,1.0,1.0,False,DATA-09,False,public-derived-contiguous-slice
5612960,2020-04-17 19:45:06,-0.0180000000000006,8.248,8.238,-0.0240000000000009,8.248,49.45,0.04,1.0,0.0,1.0,1.0,0.0,1.0,1.0,1.0,False,DATA-09,False,public-derived-contiguous-slice
5612970,2020-04-17 19:45:18,-0.0180000000000006,8.248,8.238,-0.0240000000000009,8.248,49.45,0.04,0.0,0.0,0.0,0.0,0.0,0.0,0.0,0.0,False,DATA-09,False,public-derived-contiguous-slice
5612980,2020-04-17 19:45:31,-0.0180000000000006,8.248,8.238,-0.0240000000000009,8.248,49.45,0.04,1.0,0.0,1.0,1.0,0.0,1.0,1.0,1.0,False,DATA-09,False,public-derived-contiguous-slice
5612990,2020-04-17 19:45:43,-0.0180000000000006,8.248,8.238,-0.0240000000000009,8.248,49.45,0.04,1.0,0.0,1.0,1.0,0.0,1.0,1.0,1.0,False,DATA-09,False,public-derived-contiguous-slice
5613000,2020-04-17 19:45:55,-0.0180000000000006,8.248,8.238,-0.0240000000000009,8.248,49.45,0.04,1.0,0.0,1.0,1.0,0.0,1.0,1.0,1.0,False,DATA-09,False,public-derived-contiguous-slice
5613010,2020-04-17 19:46:06,-0.0180000000000006,8.248,8.238,-0.0240000000000009,8.248,49.45,0.04,1.0,0.0,1.0,1.0,0.0,1.0,1.0,1.0,False,DATA-09,False,public-derived-contiguous-slice
5613020,2020-04-17 19:46:18,-0.0180000000000006,8.248,8.238,-0.0240000000000009,8.248,49.45,0.04,1.0,0.0,1.0,1.0,0.0,1.0,1.0,1.0,False,DATA-09,False,public-derived-contiguous-slice
5613030,2020-04-17 19:46:30,-0.0180000000000006,8.248,8.238,-0.0240000000000009,8.248,49.45,0.04,1.0,0.0,1.0,1.0,0.0,1.0,1.0,1.0,False,DATA-09,False,public-derived-contiguous-slice
5613040,2020-04-17 19:46:42,-0.0180000000000006,8.248,8.238,-0.0240000000000009,8.248,49.45,0.04,1.0,0.0,1.0,1.0,0.0,1.0,1.0,1.0,False,DATA-09,False,public-derived-contiguous-slice
5613050,2020-04-17 19:46:54,-0.0180000000000006,8.248,8.238,-0.0240000000000009,8.248,49.45,0.04,0.0,0.0,0.0,0.0,0.0,0.0,0.0,0.0,False,DATA-09,False,public-derived-contiguous-slice
5613060,2020-04-17 19:47:07,-0.0180000000000006,8.248,8.238,-0.0240000000000009,8.248,49.45,0.04,1.0,0.0,1.0,1.0,0.0,1.0,1.0,1.0,False,DATA-09,False,public-derived-contiguous-slice
5613070,2020-04-17 19:47:19,-0.0180000000000006,8.248,8.238,-0.0240000000000009,8.248,49.45,0.04,1.0,0.0,1.0,1.0,0.0,1.0,1.0,1.0,False,DATA-09,False,public-derived-contiguous-slice
5613080,2020-04-17 19:47:31,-0.0180000000000006,8.248,8.238,-0.0240000000000009,8.248,49.45,0.04,1.0,0.0,1.0,1.0,0.0,1.0,1.0,1.0,False,DATA-09,False,public-derived-contiguous-slice
5613090,2020-04-17 19:47:43,-0.0180000000000006,8.248,8.238,-0.0240000000000009,8.248,49.45,0.04,1.0,0.0,1.0,1.0,0.0,1.0,1.0,1.0,False,DATA-09,False,public-derived-contiguous-slice
5613100,2020-04-17 19:47:55,-0.0180000000000006,8.248,8.238,-0.0240000000000009,8.248,49.45,0.04,1.0,0.0,1.0,1.0,0.0,1.0,1.0,1.0,False,DATA-09,False,public-derived-contiguous-slice
5613110,2020-04-17 19:48:06,-0.0180000000000006,8.248,8.238,-0.0240000000000009,8.248,49.45,0.04,1.0,0.0,1.0,1.0,0.0,1.0,1.0,1.0,False,DATA-09,False,public-derived-contiguous-slice
5613120,2020-04-17 19:48:18,-0.0180000000000006,8.248,8.238,-0.0240000000000009,8.248,49.45,0.04,1.0,0.0,1.0,1.0,0.0,1.0,1.0,1.0,False,DATA-09,False,public-derived-contiguous-slice
5613130,2020-04-17 19:48:30,-0.0180000000000006,8.248,8.238,-0.0240000000000009,8.248,49.45,0.04,0.0,0.0,0.0,0.0,0.0,0.0,0.0,0.0,False,DATA-09,False,public-derived-contiguous-slice
5613140,2020-04-17 19:48:43,-0.0180000000000006,8.248,8.238,-0.0240000000000009,8.248,49.45,0.04,1.0,0.0,1.0,1.0,0.0,1.0,1.0,1.0,False,DATA-09,False,public-derived-contiguous-slice
5613150,2020-04-17 19:48:55,-0.0180000000000006,8.248,8.238,-0.0240000000000009,8.248,49.45,0.04,1.0,0.0,1.0,1.0,0.0,1.0,1.0,1.0,False,DATA-09,False,public-derived-contiguous-slice
5613160,2020-04-17 19:49:07,-0.0180000000000006,8.248,8.238,-0.0240000000000009,8.248,49.45,0.04,1.0,0.0,1.0,1.0,0.0,1.0,1.0,1.0,False,DATA-09,False,public-derived-contiguous-slice
5613170,2020-04-17 19:49:19,-0.0180000000000006,8.248,8.238,-0.0240000000000009,8.248,49.45,0.04,1.0,0.0,1.0,1.0,0.0,1.0,1.0,1.0,False,DATA-09,False,public-derived-contiguous-slice
5613180,2020-04-17 19:49:31,-0.0180000000000006,8.248,8.238,-0.0240000000000009,8.248,49.45,0.04,0.0,0.0,0.0,0.0,0.0,0.0,0.0,0.0,False,DATA-09,False,public-derived-contiguous-slice
5613190,2020-04-17 19:49:44,-0.0180000000000006,8.248,8.238,-0.0240000000000009,8.248,49.45,0.04,1.0,0.0,1.0,1.0,0.0,1.0,1.0,1.0,False,DATA-09,False,public-derived-contiguous-slice
5613200,2020-04-17 19:49:56,-0.0180000000000006,8.248,8.238,-0.0240000000000009,8.248,49.45,0.04,1.0,0.0,1.0,1.0,0.0,1.0,1.0,1.0,False,DATA-09,False,public-derived-contiguous-slice
5613210,2020-04-17 19:50:07,-0.0180000000000006,8.248,8.238,-0.0240000000000009,8.248,49.45,0.04,1.0,0.0,1.0,1.0,0.0,1.0,1.0,1.0,False,DATA-09,False,public-derived-contiguous-slice
5613220,2020-04-17 19:50:19,-0.0180000000000006,8.248,8.238,-0.0240000000000009,8.248,49.45,0.04,1.0,0.0,1.0,1.0,0.0,1.0,1.0,1.0,False,DATA-09,False,public-derived-contiguous-slice
5613230,2020-04-17 19:50:31,-0.0180000000000006,8.248,8.238,-0.0240000000000009,8.248,49.45,0.04,1.0,0.0,1.0,1.0,0.0,1.0,1.0,1.0,False,DATA-09,False,public-derived-contiguous-slice
5613240,2020-04-17 19:50:43,-0.0180000000000006,8.248,8.238,-0.0240000000000009,8.248,49.45,0.04,1.0,0.0,1.0,1.0,0.0,1.0,1.0,1.0,False,DATA-09,False,public-derived-contiguous-slice
5613250,2020-04-17 19:50:55,-0.0180000000000006,8.248,8.238,-0.0240000000000009,8.248,49.45,0.04,1.0,0.0,1.0,1.0,0.0,1.0,1.0,1.0,False,DATA-09,False,public-derived-contiguous-slice
5613260,2020-04-17 19:51:07,-0.0180000000000006,8.248,8.238,-0.0240000000000009,8.248,49.45,0.04,0.0,0.0,0.0,0.0,0.0,0.0,0.0,0.0,False,DATA-09,False,public-derived-contiguous-slice
5613270,2020-04-17 19:51:19,-0.0180000000000006,8.248,8.238,-0.0240000000000009,8.248,49.45,0.04,0.0,0.0,0.0,0.0,0.0,0.0,0.0,0.0,False,DATA-09,False,public-derived-contiguous-slice
5613280,2020-04-17 19:51:32,-0.0180000000000006,8.248,8.238,-0.0240000000000009,8.248,49.45,0.04,1.0,0.0,1.0,1.0,0.0,1.0,1.0,1.0,False,DATA-09,False,public-derived-contiguous-slice
5613290,2020-04-17 19:51:44,-0.0180000000000006,8.248,8.238,-0.0240000000000009,8.248,49.45,0.04,1.0,0.0,1.0,1.0,0.0,1.0,1.0,1.0,False,DATA-09,False,public-derived-contiguous-slice
5613300,2020-04-17 19:51:56,-0.0180000000000006,8.248,8.238,-0.0240000000000009,8.248,49.45,0.04,1.0,0.0,1.0,1.0,0.0,1.0,1.0,1.0,False,DATA-09,False,public-derived-contiguous-slice
5613310,2020-04-17 19:52:07,-0.0180000000000006,8.248,8.238,-0.0240000000000009,8.248,49.45,0.04,1.0,0.0,1.0,1.0,0.0,1.0,1.0,1.0,False,DATA-09,False,public-derived-contiguous-slice
5613320,2020-04-17 19:52:19,-0.0180000000000006,8.248,8.238,-0.0240000000000009,8.248,49.45,0.04,1.0,0.0,1.0,1.0,0.0,1.0,1.0,1.0,False,DATA-09,False,public-derived-contiguous-slice
5613330,2020-04-17 19:52:31,-0.0180000000000006,8.248,8.238,-0.0240000000000009,8.248,49.45,0.04,0.0,0.0,0.0,0.0,0.0,0.0,0.0,0.0,False,DATA-09,False,public-derived-contiguous-slice
5613340,2020-04-17 19:52:44,-0.0180000000000006,8.248,8.238,-0.0240000000000009,8.248,49.45,0.04,1.0,0.0,1.0,1.0,0.0,1.0,1.0,1.0,False,DATA-09,False,public-derived-contiguous-slice
5613350,2020-04-17 19:52:56,-0.0180000000000006,8.248,8.238,-0.0240000000000009,8.248,49.45,0.04,1.0,0.0,1.0,1.0,0.0,1.0,1.0,1.0,False,DATA-09,False,public-derived-contiguous-slice
5613360,2020-04-17 19:53:08,-0.0180000000000006,8.248,8.238,-0.0240000000000009,8.248,49.45,0.04,1.0,0.0,1.0,1.0,0.0,1.0,1.0,1.0,False,DATA-09,False,public-derived-contiguous-slice
5613370,2020-04-17 19:53:20,-0.0180000000000006,8.248,8.238,-0.0240000000000009,8.248,49.45,0.04,1.0,0.0,1.0,1.0,0.0,1.0,1.0,1.0,False,DATA-09,False,public-derived-contiguous-slice
5613380,2020-04-17 19:53:32,-0.0180000000000006,8.248,8.238,-0.0240000000000009,8.248,49.45,0.04,0.0,0.0,0.0,0.0,0.0,0.0,0.0,0.0,False,DATA-09,False,public-derived-contiguous-slice
5613390,2020-04-17 19:53:45,-0.0180000000000006,8.248,8.238,-0.0240000000000009,8.248,49.45,0.04,1.0,0.0,1.0,1.0,0.0,1.0,1.0,1.0,False,DATA-09,False,public-derived-contiguous-slice
5613400,2020-04-17 19:53:56,-0.0180000000000006,8.248,8.238,-0.0240000000000009,8.248,49.45,0.04,1.0,0.0,1.0,1.0,0.0,1.0,1.0,1.0,False,DATA-09,False,public-derived-contiguous-slice
5613410,2020-04-17 19:54:08,-0.0180000000000006,8.248,8.238,-0.0240000000000009,8.248,49.45,0.04,1.0,0.0,1.0,1.0,0.0,1.0,1.0,1.0,False,DATA-09,False,public-derived-contiguous-slice
5613420,2020-04-17 19:54:20,-0.0180000000000006,8.248,8.238,-0.0240000000000009,8.248,49.45,0.04,1.0,0.0,1.0,1.0,0.0,1.0,1.0,1.0,False,DATA-09,False,public-derived-contiguous-slice
5613430,2020-04-17 19:54:32,-0.0180000000000006,8.248,8.238,-0.0240000000000009,8.248,49.45,0.04,1.0,0.0,1.0,1.0,0.0,1.0,1.0,1.0,False,DATA-09,False,public-derived-contiguous-slice
5613440,2020-04-17 19:54:44,-0.0180000000000006,8.248,8.238,-0.0240000000000009,8.248,49.45,0.04,1.0,0.0,1.0,1.0,0.0,1.0,1.0,1.0,False,DATA-09,False,public-derived-contiguous-slice
5613450,2020-04-17 19:54:56,-0.0180000000000006,8.248,8.238,-0.0240000000000009,8.248,49.45,0.04,0.0,0.0,0.0,0.0,0.0,0.0,0.0,0.0,False,DATA-09,False,public-derived-contiguous-slice
5613460,2020-04-17 19:55:09,-0.0180000000000006,8.248,8.238,-0.0240000000000009,8.248,49.45,0.04,1.0,0.0,1.0,1.0,0.0,1.0,1.0,1.0,False,DATA-09,False,public-derived-contiguous-slice
5613470,2020-04-17 19:55:20,-0.0180000000000006,8.248,8.238,-0.0240000000000009,8.248,49.45,0.04,0.0,0.0,0.0,0.0,0.0,0.0,0.0,0.0,False,DATA-09,False,public-derived-contiguous-slice
5613480,2020-04-17 19:55:33,-0.0180000000000006,8.248,8.238,-0.0240000000000009,8.248,49.45,0.04,1.0,0.0,1.0,1.0,0.0,1.0,1.0,1.0,False,DATA-09,False,public-derived-contiguous-slice
5613490,2020-04-17 19:55:45,-0.0180000000000006,8.248,8.238,-0.0240000000000009,8.248,49.45,0.04,1.0,0.0,1.0,1.0,0.0,1.0,1.0,1.0,False,DATA-09,False,public-derived-contiguous-slice
5613500,2020-04-17 19:55:56,-0.0180000000000006,8.248,8.238,-0.0240000000000009,8.248,49.45,0.04,1.0,0.0,1.0,1.0,0.0,1.0,1.0,1.0,False,DATA-09,False,public-derived-contiguous-slice
5613510,2020-04-17 19:56:08,-0.0180000000000006,8.248,8.238,-0.0240000000000009,8.248,49.45,0.04,1.0,0.0,1.0,1.0,0.0,1.0,1.0,1.0,False,DATA-09,False,public-derived-contiguous-slice
5613520,2020-04-17 19:56:20,-0.0180000000000006,8.248,8.238,-0.0240000000000009,8.248,49.45,0.04,1.0,0.0,1.0,1.0,0.0,1.0,1.0,1.0,False,DATA-09,False,public-derived-contiguous-slice
5613530,2020-04-17 19:56:32,-0.0180000000000006,8.248,8.238,-0.0240000000000009,8.248,49.45,0.04,0.0,0.0,0.0,0.0,0.0,0.0,0.0,0.0,False,DATA-09,False,public-derived-contiguous-slice
5613540,2020-04-17 19:56:45,-0.0180000000000006,8.248,8.238,-0.0240000000000009,8.248,49.45,0.04,1.0,0.0,1.0,1.0,0.0,1.0,1.0,1.0,False,DATA-09,False,public-derived-contiguous-slice
5613550,2020-04-17 19:56:57,-0.0180000000000006,8.248,8.238,-0.0240000000000009,8.248,49.45,0.04,1.0,0.0,1.0,1.0,0.0,1.0,1.0,1.0,False,DATA-09,False,public-derived-contiguous-slice
5613560,2020-04-17 19:57:09,-0.0180000000000006,8.248,8.238,-0.0240000000000009,8.248,49.45,0.04,1.0,0.0,1.0,1.0,0.0,1.0,1.0,1.0,False,DATA-09,False,public-derived-contiguous-slice
5613570,2020-04-17 19:57:21,-0.0180000000000006,8.248,8.238,-0.0240000000000009,8.248,49.45,0.04,1.0,0.0,1.0,1.0,0.0,1.0,1.0,1.0,False,DATA-09,False,public-derived-contiguous-slice
5613580,2020-04-17 19:57:33,-0.0180000000000006,8.248,8.238,-0.0240000000000009,8.248,49.45,0.04,0.0,0.0,0.0,0.0,0.0,0.0,0.0,0.0,False,DATA-09,False,public-derived-contiguous-slice
5613590,2020-04-17 19:57:45,-0.0180000000000006,8.248,8.238,-0.0240000000000009,8.248,49.45,0.04,1.0,0.0,1.0,1.0,0.0,1.0,1.0,1.0,False,DATA-09,False,public-derived-contiguous-slice
5613600,2020-04-17 19:57:57,-0.0180000000000006,8.248,8.238,-0.0240000000000009,8.248,49.45,0.04,1.0,0.0,1.0,1.0,0.0,1.0,1.0,1.0,False,DATA-09,False,public-derived-contiguous-slice
5613610,2020-04-17 19:58:09,-0.0180000000000006,8.248,8.238,-0.0240000000000009,8.248,49.45,0.04,1.0,0.0,1.0,1.0,0.0,1.0,1.0,1.0,False,DATA-09,False,public-derived-contiguous-slice
5613620,2020-04-17 19:58:21,-0.0180000000000006,8.248,8.238,-0.0240000000000009,8.248,49.45,0.04,1.0,0.0,1.0,1.0,0.0,1.0,1.0,1.0,False,DATA-09,False,public-derived-contiguous-slice
5613630,2020-04-17 19:58:33,-0.0180000000000006,8.248,8.238,-0.0240000000000009,8.248,49.45,0.04,0.0,0.0,0.0,0.0,0.0,0.0,0.0,0.0,False,DATA-09,False,public-derived-contiguous-slice
5613640,2020-04-17 19:58:46,-0.0180000000000006,8.248,8.238,-0.0240000000000009,8.248,49.45,0.04,1.0,0.0,1.0,1.0,0.0,1.0,1.0,1.0,False,DATA-09,False,public-derived-contiguous-slice
5613650,2020-04-17 19:58:58,-0.0180000000000006,8.248,8.238,-0.0240000000000009,8.248,49.45,0.04,1.0,0.0,1.0,1.0,0.0,1.0,1.0,1.0,False,DATA-09,False,public-derived-contiguous-slice
5613660,2020-04-17 19:59:10,-0.0180000000000006,8.248,8.238,-0.0240000000000009,8.248,49.45,0.04,1.0,0.0,1.0,1.0,0.0,1.0,1.0,1.0,False,DATA-09,False,public-derived-contiguous-slice
5613670,2020-04-17 19:59:22,-0.0180000000000006,8.248,8.238,-0.0240000000000009,8.248,49.45,0.04,1.0,0.0,1.0,1.0,0.0,1.0,1.0,1.0,False,DATA-09,False,public-derived-contiguous-slice
5613680,2020-04-17 19:59:33,-0.0180000000000006,8.248,8.238,-0.0240000000000009,8.248,49.45,0.04,1.0,0.0,1.0,1.0,0.0,1.0,1.0,1.0,False,DATA-09,False,public-derived-contiguous-slice
5613690,2020-04-17 19:59:45,-0.0180000000000006,8.248,8.238,-0.0240000000000009,8.248,49.45,0.04,0.0,0.0,0.0,0.0,0.0,0.0,0.0,0.0,False,DATA-09,False,public-derived-contiguous-slice
5613700,2020-04-17 19:59:58,-0.0180000000000006,8.248,8.238,-0.0240000000000009,8.248,49.45,0.04,1.0,0.0,1.0,1.0,0.0,1.0,1.0,1.0,False,DATA-09,False,public-derived-contiguous-slice
5613710,2020-04-17 20:00:10,-0.0180000000000006,8.248,8.238,-0.0240000000000009,8.248,49.45,0.04,1.0,0.0,1.0,1.0,0.0,1.0,1.0,1.0,False,DATA-09,False,public-derived-contiguous-slice
5613720,2020-04-17 20:00:22,-0.0180000000000006,8.248,8.238,-0.0240000000000009,8.248,49.45,0.04,1.0,0.0,1.0,1.0,0.0,1.0,1.0,1.0,False,DATA-09,False,public-derived-contiguous-slice
5613730,2020-04-17 20:00:34,-0.0180000000000006,8.248,8.238,-0.0240000000000009,8.248,49.45,0.04,1.0,0.0,1.0,1.0,0.0,1.0,1.0,1.0,False,DATA-09,False,public-derived-contiguous-slice
5613740,2020-04-17 20:00:46,-0.0180000000000006,8.248,8.238,-0.0240000000000009,8.248,49.45,0.04,0.0,0.0,0.0,0.0,0.0,0.0,0.0,0.0,False,DATA-09,False,public-derived-contiguous-slice
5613750,2020-04-17 20:00:59,-0.0180000000000006,8.248,8.238,-0.0240000000000009,8.248,49.45,0.04,1.0,0.0,1.0,1.0,0.0,1.0,1.0,1.0,False,DATA-09,False,public-derived-contiguous-slice
5613760,2020-04-17 20:01:11,-0.0180000000000006,8.248,8.238,-0.0240000000000009,8.248,49.45,0.04,1.0,0.0,1.0,1.0,0.0,1.0,1.0,1.0,False,DATA-09,False,public-derived-contiguous-slice
5613770,2020-04-17 20:01:22,-0.0180000000000006,8.248,8.238,-0.0240000000000009,8.248,49.45,0.04,1.0,0.0,1.0,1.0,0.0,1.0,1.0,1.0,False,DATA-09,False,public-derived-contiguous-slice
5613780,2020-04-17 20:01:34,-0.0180000000000006,8.248,8.238,-0.0240000000000009,8.248,49.45,0.04,1.0,0.0,1.0,1.0,0.0,1.0,1.0,1.0,False,DATA-09,False,public-derived-contiguous-slice
5613790,2020-04-17 20:01:46,-0.0180000000000006,8.248,8.238,-0.0240000000000009,8.248,49.45,0.04,1.0,0.0,1.0,1.0,0.0,1.0,1.0,1.0,False,DATA-09,False,public-derived-contiguous-slice
5613800,2020-04-17 20:01:58,-0.0180000000000006,8.248,8.238,-0.0240000000000009,8.248,49.45,0.04,0.0,0.0,0.0,0.0,0.0,0.0,0.0,0.0,False,DATA-09,False,public-derived-contiguous-slice
5613810,2020-04-17 20:02:10,-0.0180000000000006,8.248,8.238,-0.0240000000000009,8.248,49.45,0.04,1.0,0.0,1.0,1.0,0.0,1.0,1.0,1.0,False,DATA-09,False,public-derived-contiguous-slice
5613820,2020-04-17 20:02:23,-0.0180000000000006,8.248,8.238,-0.0240000000000009,8.248,49.45,0.04,1.0,0.0,1.0,1.0,0.0,1.0,1.0,1.0,False,DATA-09,False,public-derived-contiguous-slice
5613830,2020-04-17 20:02:35,-0.0180000000000006,8.248,8.238,-0.0240000000000009,8.248,49.45,0.04,1.0,0.0,1.0,1.0,0.0,1.0,1.0,1.0,False,DATA-09,False,public-derived-contiguous-slice
5613840,2020-04-17 20:02:47,-0.0180000000000006,8.248,8.238,-0.0240000000000009,8.248,49.45,0.04,1.0,0.0,1.0,1.0,0.0,1.0,1.0,1.0,False,DATA-09,False,public-derived-contiguous-slice
5613850,2020-04-17 20:02:59,-0.0180000000000006,8.248,8.238,-0.0240000000000009,8.248,49.45,0.04,1.0,0.0,1.0,1.0,0.0,1.0,1.0,1.0,False,DATA-09,False,public-derived-contiguous-slice
5613860,2020-04-17 20:03:10,-0.0180000000000006,8.248,8.238,-0.0240000000000009,8.248,49.45,0.04,0.0,0.0,0.0,0.0,0.0,0.0,0.0,0.0,False,DATA-09,False,public-derived-contiguous-slice
5613870,2020-04-17 20:03:23,-0.0180000000000006,8.248,8.238,-0.0240000000000009,8.248,49.45,0.04,1.0,0.0,1.0,1.0,0.0,1.0,1.0,1.0,False,DATA-09,False,public-derived-contiguous-slice
5613880,2020-04-17 20:03:35,-0.0180000000000006,8.248,8.238,-0.0240000000000009,8.248,49.45,0.04,1.0,0.0,1.0,1.0,0.0,1.0,1.0,1.0,False,DATA-09,False,public-derived-contiguous-slice
5613890,2020-04-17 20:03:47,-0.0180000000000006,8.248,8.238,-0.0240000000000009,8.248,49.45,0.04,1.0,0.0,1.0,1.0,0.0,1.0,1.0,1.0,False,DATA-09,False,public-derived-contiguous-slice
5613900,2020-04-17 20:03:59,-0.0180000000000006,8.248,8.238,-0.0240000000000009,8.248,49.45,0.04,1.0,0.0,1.0,1.0,0.0,1.0,1.0,1.0,False,DATA-09,False,public-derived-contiguous-slice
5613910,2020-04-17 20:04:11,-0.0180000000000006,8.248,8.238,-0.0240000000000009,8.248,49.45,0.04,1.0,0.0,1.0,1.0,0.0,1.0,1.0,1.0,False,DATA-09,False,public-derived-contiguous-slice
5613920,2020-04-17 20:04:23,-0.0180000000000006,8.248,8.238,-0.0240000000000009,8.248,49.45,0.04,0.0,0.0,0.0,0.0,0.0,0.0,0.0,0.0,False,DATA-09,False,public-derived-contiguous-slice
5613930,2020-04-17 20:04:36,-0.0180000000000006,8.248,8.238,-0.0240000000000009,8.248,49.45,0.04,1.0,0.0,1.0,1.0,0.0,1.0,1.0,1.0,False,DATA-09,False,public-derived-contiguous-slice
5613940,2020-04-17 20:04:48,-0.0180000000000006,8.248,8.238,-0.0240000000000009,8.248,49.45,0.04,1.0,0.0,1.0,1.0,0.0,1.0,1.0,1.0,False,DATA-09,False,public-derived-contiguous-slice
5613950,2020-04-17 20:05:00,-0.0180000000000006,8.248,8.238,-0.0240000000000009,8.248,49.45,0.04,1.0,0.0,1.0,1.0,0.0,1.0,1.0,1.0,False,DATA-09,False,public-derived-contiguous-slice
5613960,2020-04-17 20:05:11,-0.0180000000000006,8.248,8.238,-0.0240000000000009,8.248,49.45,0.04,1.0,0.0,1.0,1.0,0.0,1.0,1.0,1.0,False,DATA-09,False,public-derived-contiguous-slice
5613970,2020-04-17 20:05:23,-0.0180000000000006,8.248,8.238,-0.0240000000000009,8.248,49.45,0.04,1.0,0.0,1.0,1.0,0.0,1.0,1.0,1.0,False,DATA-09,False,public-derived-contiguous-slice
5613980,2020-04-17 20:05:35,-0.0180000000000006,8.248,8.238,-0.0240000000000009,8.248,49.45,0.04,0.0,0.0,0.0,0.0,0.0,0.0,0.0,0.0,False,DATA-09,False,public-derived-contiguous-slice
5613990,2020-04-17 20:05:48,-0.0180000000000006,8.248,8.238,-0.0240000000000009,8.248,49.45,0.04,1.0,0.0,1.0,1.0,0.0,1.0,1.0,1.0,False,DATA-09,False,public-derived-contiguous-slice
5614000,2020-04-17 20:06:00,-0.0180000000000006,8.248,8.238,-0.0240000000000009,8.248,49.45,0.04,1.0,0.0,1.0,1.0,0.0,1.0,1.0,1.0,False,DATA-09,False,public-derived-contiguous-slice
5614010,2020-04-17 20:06:12,-0.0180000000000006,8.248,8.238,-0.0240000000000009,8.248,49.45,0.04,1.0,0.0,1.0,1.0,0.0,1.0,1.0,1.0,False,DATA-09,False,public-derived-contiguous-slice
5614020,2020-04-17 20:06:24,-0.0180000000000006,8.248,8.238,-0.0240000000000009,8.248,49.45,0.04,1.0,0.0,1.0,1.0,0.0,1.0,1.0,1.0,False,DATA-09,False,public-derived-contiguous-slice
5614030,2020-04-17 20:06:36,-0.0180000000000006,8.248,8.238,-0.0240000000000009,8.248,49.45,0.04,0.0,0.0,0.0,0.0,0.0,0.0,0.0,0.0,False,DATA-09,False,public-derived-contiguous-slice
5614040,2020-04-17 20:06:49,-0.0180000000000006,8.248,8.238,-0.0240000000000009,8.248,49.45,0.04,1.0,0.0,1.0,1.0,0.0,1.0,1.0,1.0,False,DATA-09,False,public-derived-contiguous-slice
5614050,2020-04-17 20:07:01,-0.0180000000000006,8.248,8.238,-0.0240000000000009,8.248,49.45,0.04,1.0,0.0,1.0,1.0,0.0,1.0,1.0,1.0,False,DATA-09,False,public-derived-contiguous-slice
5614060,2020-04-17 20:07:12,-0.0180000000000006,8.248,8.238,-0.0240000000000009,8.248,49.45,0.04,1.0,0.0,1.0,1.0,0.0,1.0,1.0,1.0,False,DATA-09,False,public-derived-contiguous-slice
5614070,2020-04-17 20:07:24,-0.0180000000000006,8.248,8.238,-0.0240000000000009,8.248,49.45,0.04,1.0,0.0,1.0,1.0,0.0,1.0,1.0,1.0,False,DATA-09,False,public-derived-contiguous-slice
5614080,2020-04-17 20:07:36,-0.0180000000000006,8.248,8.238,-0.0240000000000009,8.248,49.45,0.04,0.0,0.0,0.0,0.0,0.0,0.0,0.0,0.0,False,DATA-09,False,public-derived-contiguous-slice
5614090,2020-04-17 20:07:49,-0.0180000000000006,8.248,8.238,-0.0240000000000009,8.248,49.45,0.04,1.0,0.0,1.0,1.0,0.0,1.0,1.0,1.0,False,DATA-09,False,public-derived-contiguous-slice
5614100,2020-04-17 20:08:01,-0.0180000000000006,8.248,8.238,-0.0240000000000009,8.248,49.45,0.04,1.0,0.0,1.0,1.0,0.0,1.0,1.0,1.0,False,DATA-09,False,public-derived-contiguous-slice
5614110,2020-04-17 20:08:13,-0.0180000000000006,8.248,8.238,-0.0240000000000009,8.248,49.45,0.04,1.0,0.0,1.0,1.0,0.0,1.0,1.0,1.0,False,DATA-09,False,public-derived-contiguous-slice
5614120,2020-04-17 20:08:25,-0.0180000000000006,8.248,8.238,-0.0240000000000009,8.248,49.45,0.04,1.0,0.0,1.0,1.0,0.0,1.0,1.0,1.0,False,DATA-09,False,public-derived-contiguous-slice
5614130,2020-04-17 20:08:37,-0.0180000000000006,8.248,8.238,-0.0240000000000009,8.248,49.45,0.04,1.0,0.0,1.0,1.0,0.0,1.0,1.0,1.0,False,DATA-09,False,public-derived-contiguous-slice
5614140,2020-04-17 20:08:49,-0.0180000000000006,8.248,8.238,-0.0240000000000009,8.248,49.45,0.04,0.0,0.0,0.0,0.0,0.0,0.0,0.0,0.0,False,DATA-09,False,public-derived-contiguous-slice
5614150,2020-04-17 20:09:01,-0.0180000000000006,8.248,8.238,-0.0240000000000009,8.248,49.45,0.04,1.0,0.0,1.0,1.0,0.0,1.0,1.0,1.0,False,DATA-09,False,public-derived-contiguous-slice
5614160,2020-04-17 20:09:13,-0.0180000000000006,8.248,8.238,-0.0240000000000009,8.248,49.45,0.04,1.0,0.0,1.0,1.0,0.0,1.0,1.0,1.0,False,DATA-09,False,public-derived-contiguous-slice
5614170,2020-04-17 20:09:25,-0.0180000000000006,8.248,8.238,-0.0240000000000009,8.248,49.45,0.04,1.0,0.0,1.0,1.0,0.0,1.0,1.0,1.0,False,DATA-09,False,public-derived-contiguous-slice
5614180,2020-04-17 20:09:37,-0.0180000000000006,8.248,8.238,-0.0240000000000009,8.248,49.45,0.04,1.0,0.0,1.0,1.0,0.0,1.0,1.0,1.0,False,DATA-09,False,public-derived-contiguous-slice
5614190,2020-04-17 20:09:49,-0.0180000000000006,8.248,8.238,-0.0240000000000009,8.248,49.45,0.04,0.0,0.0,0.0,0.0,0.0,0.0,0.0,0.0,False,DATA-09,False,public-derived-contiguous-slice
5614200,2020-04-17 20:10:02,-0.0180000000000006,8.248,8.238,-0.0240000000000009,8.248,49.45,0.04,1.0,0.0,1.0,1.0,0.0,1.0,1.0,1.0,False,DATA-09,False,public-derived-contiguous-slice
5614210,2020-04-17 20:10:14,-0.0180000000000006,8.248,8.238,-0.0240000000000009,8.248,49.45,0.04,1.0,0.0,1.0,1.0,0.0,1.0,1.0,1.0,False,DATA-09,False,public-derived-contiguous-slice
5614220,2020-04-17 20:10:26,-0.0180000000000006,8.248,8.238,-0.0240000000000009,8.248,49.45,0.04,1.0,0.0,1.0,1.0,0.0,1.0,1.0,1.0,False,DATA-09,False,public-derived-contiguous-slice
5614230,2020-04-17 20:10:38,-0.0180000000000006,8.248,8.238,-0.0240000000000009,8.248,49.45,0.04,1.0,0.0,1.0,1.0,0.0,1.0,1.0,1.0,False,DATA-09,False,public-derived-contiguous-slice
5614240,2020-04-17 20:10:49,-0.0180000000000006,8.248,8.238,-0.0240000000000009,8.248,49.45,0.04,0.0,0.0,0.0,0.0,0.0,0.0,0.0,0.0,False,DATA-09,False,public-derived-contiguous-slice
5614250,2020-04-17 20:11:01,-0.0180000000000006,8.248,8.238,-0.0240000000000009,8.248,49.45,0.04,1.0,0.0,1.0,1.0,0.0,1.0,1.0,1.0,False,DATA-09,False,public-derived-contiguous-slice
5614260,2020-04-17 20:11:13,-0.0180000000000006,8.248,8.238,-0.0240000000000009,8.248,49.45,0.04,0.0,0.0,0.0,0.0,0.0,0.0,0.0,0.0,False,DATA-09,False,public-derived-contiguous-slice
5614270,2020-04-17 20:11:26,-0.0180000000000006,8.248,8.238,-0.0240000000000009,8.248,49.45,0.04,1.0,0.0,1.0,1.0,0.0,1.0,1.0,1.0,False,DATA-09,False,public-derived-contiguous-slice
5614280,2020-04-17 20:11:38,-0.0180000000000006,8.248,8.238,-0.0240000000000009,8.248,49.45,0.04,1.0,0.0,1.0,1.0,0.0,1.0,1.0,1.0,False,DATA-09,False,public-derived-contiguous-slice
5614290,2020-04-17 20:11:50,-0.0180000000000006,8.248,8.238,-0.0240000000000009,8.248,49.45,0.04,1.0,0.0,1.0,1.0,0.0,1.0,1.0,1.0,False,DATA-09,False,public-derived-contiguous-slice
5614300,2020-04-17 20:12:02,-0.0180000000000006,8.248,8.238,-0.0240000000000009,8.248,49.45,0.04,1.0,0.0,1.0,1.0,0.0,1.0,1.0,1.0,False,DATA-09,False,public-derived-contiguous-slice
5614310,2020-04-17 20:12:14,-0.0180000000000006,8.248,8.238,-0.0240000000000009,8.248,49.45,0.04,0.0,0.0,0.0,0.0,0.0,0.0,0.0,0.0,False,DATA-09,False,public-derived-contiguous-slice
5614320,2020-04-17 20:12:27,-0.0180000000000006,8.248,8.238,-0.0240000000000009,8.248,49.45,0.04,1.0,0.0,1.0,1.0,0.0,1.0,1.0,1.0,False,DATA-09,False,public-derived-contiguous-slice
5614330,2020-04-17 20:12:38,-0.0180000000000006,8.248,8.238,-0.0240000000000009,8.248,49.45,0.04,1.0,0.0,1.0,1.0,0.0,1.0,1.0,1.0,False,DATA-09,False,public-derived-contiguous-slice
5614340,2020-04-17 20:12:50,-0.0180000000000006,8.248,8.238,-0.0240000000000009,8.248,49.45,0.04,1.0,0.0,1.0,1.0,0.0,1.0,1.0,1.0,False,DATA-09,False,public-derived-contiguous-slice
5614350,2020-04-17 20:13:02,-0.0180000000000006,8.248,8.238,-0.0240000000000009,8.248,49.45,0.04,1.0,0.0,1.0,1.0,0.0,1.0,1.0,1.0,False,DATA-09,False,public-derived-contiguous-slice
5614360,2020-04-17 20:13:14,-0.0180000000000006,8.248,8.238,-0.0240000000000009,8.248,49.45,0.04,0.0,0.0,0.0,0.0,0.0,0.0,0.0,0.0,False,DATA-09,False,public-derived-contiguous-slice
5614370,2020-04-17 20:13:27,-0.0180000000000006,8.248,8.238,-0.0240000000000009,8.248,49.45,0.04,1.0,0.0,1.0,1.0,0.0,1.0,1.0,1.0,False,DATA-09,False,public-derived-contiguous-slice
5614380,2020-04-17 20:13:39,-0.0180000000000006,8.248,8.238,-0.0240000000000009,8.248,49.45,0.04,1.0,0.0,1.0,1.0,0.0,1.0,1.0,1.0,False,DATA-09,False,public-derived-contiguous-slice
5614390,2020-04-17 20:13:51,-0.0180000000000006,8.248,8.238,-0.0240000000000009,8.248,49.45,0.04,1.0,0.0,1.0,1.0,0.0,1.0,1.0,1.0,False,DATA-09,False,public-derived-contiguous-slice
5614400,2020-04-17 20:14:03,-0.0180000000000006,8.248,8.238,-0.0240000000000009,8.248,49.45,0.04,1.0,0.0,1.0,1.0,0.0,1.0,1.0,1.0,False,DATA-09,False,public-derived-contiguous-slice
5614410,2020-04-17 20:14:15,-0.0180000000000006,8.248,8.238,-0.0240000000000009,8.248,49.45,0.04,0.0,0.0,0.0,0.0,0.0,0.0,0.0,0.0,False,DATA-09,False,public-derived-contiguous-slice
5614420,2020-04-17 20:14:27,-0.0180000000000006,8.248,8.238,-0.0240000000000009,8.248,49.45,0.04,1.0,0.0,1.0,1.0,0.0,1.0,1.0,1.0,False,DATA-09,False,public-derived-contiguous-slice
5614430,2020-04-17 20:14:39,-0.0180000000000006,8.248,8.238,-0.0240000000000009,8.248,49.45,0.04,1.0,0.0,1.0,1.0,0.0,1.0,1.0,1.0,False,DATA-09,False,public-derived-contiguous-slice
5614440,2020-04-17 20:14:51,-0.0180000000000006,8.248,8.238,-0.0240000000000009,8.248,49.45,0.04,1.0,0.0,1.0,1.0,0.0,1.0,1.0,1.0,False,DATA-09,False,public-derived-contiguous-slice
5614450,2020-04-17 20:15:03,-0.0180000000000006,8.248,8.238,-0.0240000000000009,8.248,49.45,0.04,1.0,0.0,1.0,1.0,0.0,1.0,1.0,1.0,False,DATA-09,False,public-derived-contiguous-slice
5614460,2020-04-17 20:15:15,-0.0180000000000006,8.248,8.238,-0.0240000000000009,8.248,49.45,0.04,1.0,0.0,1.0,1.0,0.0,1.0,1.0,1.0,False,DATA-09,False,public-derived-contiguous-slice
5614470,2020-04-17 20:15:27,-0.0180000000000006,8.248,8.238,-0.0240000000000009,8.248,49.45,0.04,1.0,0.0,1.0,1.0,0.0,1.0,1.0,1.0,False,DATA-09,False,public-derived-contiguous-slice
5614480,2020-04-17 20:15:39,-0.0180000000000006,8.248,8.238,-0.0240000000000009,8.248,49.45,0.04,0.0,0.0,0.0,0.0,0.0,0.0,0.0,0.0,False,DATA-09,False,public-derived-contiguous-slice
5614490,2020-04-17 20:15:52,-0.0180000000000006,8.248,8.238,-0.0240000000000009,8.248,49.45,0.04,1.0,0.0,1.0,1.0,0.0,1.0,1.0,1.0,False,DATA-09,False,public-derived-contiguous-slice
5614500,2020-04-17 20:16:04,-0.0180000000000006,8.248,8.238,-0.0240000000000009,8.248,49.45,0.04,1.0,0.0,1.0,1.0,0.0,1.0,1.0,1.0,False,DATA-09,False,public-derived-contiguous-slice
5614510,2020-04-17 20:16:15,-0.0180000000000006,8.248,8.238,-0.0240000000000009,8.248,49.45,0.04,1.0,0.0,1.0,1.0,0.0,1.0,1.0,1.0,False,DATA-09,False,public-derived-contiguous-slice
5614520,2020-04-17 20:16:27,-0.0180000000000006,8.248,8.238,-0.0240000000000009,8.248,49.45,0.04,0.0,0.0,0.0,0.0,0.0,0.0,0.0,0.0,False,DATA-09,False,public-derived-contiguous-slice
5614530,2020-04-17 20:16:40,-0.0180000000000006,8.248,8.238,-0.0240000000000009,8.248,49.45,0.04,1.0,0.0,1.0,1.0,0.0,1.0,1.0,1.0,False,DATA-09,False,public-derived-contiguous-slice
5614540,2020-04-17 20:16:52,-0.0180000000000006,8.248,8.238,-0.0240000000000009,8.248,49.45,0.04,1.0,0.0,1.0,1.0,0.0,1.0,1.0,1.0,False,DATA-09,False,public-derived-contiguous-slice
5614550,2020-04-17 20:17:04,-0.0180000000000006,8.248,8.238,-0.0240000000000009,8.248,49.45,0.04,1.0,0.0,1.0,1.0,0.0,1.0,1.0,1.0,False,DATA-09,False,public-derived-contiguous-slice
5614560,2020-04-17 20:17:16,-0.0180000000000006,8.248,8.238,-0.0240000000000009,8.248,49.45,0.04,1.0,0.0,1.0,1.0,0.0,1.0,1.0,1.0,False,DATA-09,False,public-derived-contiguous-slice
5614570,2020-04-17 20:17:28,-0.0180000000000006,8.248,8.238,-0.0240000000000009,8.248,49.45,0.04,1.0,0.0,1.0,1.0,0.0,1.0,1.0,1.0,False,DATA-09,False,public-derived-contiguous-slice
5614580,2020-04-17 20:17:40,-0.0180000000000006,8.248,8.238,-0.0240000000000009,8.248,49.45,0.04,0.0,0.0,0.0,0.0,0.0,0.0,0.0,0.0,False,DATA-09,False,public-derived-contiguous-slice
5614590,2020-04-17 20:17:53,-0.0180000000000006,8.248,8.238,-0.0240000000000009,8.248,49.45,0.04,1.0,0.0,1.0,1.0,0.0,1.0,1.0,1.0,False,DATA-09,False,public-derived-contiguous-slice
5614600,2020-04-17 20:18:04,-0.0180000000000006,8.248,8.238,-0.0240000000000009,8.248,49.45,0.04,1.0,0.0,1.0,1.0,0.0,1.0,1.0,1.0,False,DATA-09,False,public-derived-contiguous-slice
5614610,2020-04-17 20:18:16,-0.0180000000000006,8.248,8.238,-0.0240000000000009,8.248,49.45,0.04,1.0,0.0,1.0,1.0,0.0,1.0,1.0,1.0,False,DATA-09,False,public-derived-contiguous-slice
5614620,2020-04-17 20:18:28,-0.0180000000000006,8.248,8.238,-0.0240000000000009,8.248,49.45,0.04,1.0,0.0,1.0,1.0,0.0,1.0,1.0,1.0,False,DATA-09,False,public-derived-contiguous-slice
5614630,2020-04-17 20:18:40,-0.0180000000000006,8.248,8.238,-0.0240000000000009,8.248,49.45,0.04,1.0,0.0,1.0,1.0,0.0,1.0,1.0,1.0,False,DATA-09,False,public-derived-contiguous-slice
5614640,2020-04-17 20:18:52,-0.0180000000000006,8.248,8.238,-0.0240000000000009,8.248,49.45,0.04,1.0,0.0,1.0,1.0,0.0,1.0,1.0,1.0,False,DATA-09,False,public-derived-contiguous-slice
5614650,2020-04-17 20:19:04,-0.0180000000000006,8.248,8.238,-0.0240000000000009,8.248,49.45,0.04,1.0,0.0,1.0,1.0,0.0,1.0,1.0,1.0,False,DATA-09,False,public-derived-contiguous-slice
5614660,2020-04-17 20:19:16,-0.0180000000000006,8.248,8.238,-0.0240000000000009,8.248,49.45,0.04,0.0,0.0,0.0,0.0,0.0,0.0,0.0,0.0,False,DATA-09,False,public-derived-contiguous-slice
5614670,2020-04-17 20:19:29,-0.0180000000000006,8.248,8.238,-0.0240000000000009,8.248,49.45,0.04,1.0,0.0,1.0,1.0,0.0,1.0,1.0,1.0,False,DATA-09,False,public-derived-contiguous-slice
5614680,2020-04-17 20:19:41,-0.0180000000000006,8.248,8.238,-0.0240000000000009,8.248,49.45,0.04,1.0,0.0,1.0,1.0,0.0,1.0,1.0,1.0,False,DATA-09,False,public-derived-contiguous-slice
5614690,2020-04-17 20:19:52,-0.0180000000000006,8.248,8.238,-0.0240000000000009,8.248,49.45,0.04,1.0,0.0,1.0,1.0,0.0,1.0,1.0,1.0,False,DATA-09,False,public-derived-contiguous-slice
5614700,2020-04-17 20:20:04,-0.0180000000000006,8.248,8.238,-0.0240000000000009,8.248,49.45,0.04,1.0,0.0,1.0,1.0,0.0,1.0,1.0,1.0,False,DATA-09,False,public-derived-contiguous-slice
5614710,2020-04-17 20:20:16,-0.0180000000000006,8.248,8.238,-0.0240000000000009,8.248,49.45,0.04,0.0,0.0,0.0,0.0,0.0,0.0,0.0,0.0,False,DATA-09,False,public-derived-contiguous-slice
5614720,2020-04-17 20:20:29,-0.0180000000000006,8.248,8.238,-0.0240000000000009,8.248,49.45,0.04,1.0,0.0,1.0,1.0,0.0,1.0,1.0,1.0,False,DATA-09,False,public-derived-contiguous-slice
5614730,2020-04-17 20:20:41,-0.0180000000000006,8.248,8.238,-0.0240000000000009,8.248,49.45,0.04,1.0,0.0,1.0,1.0,0.0,1.0,1.0,1.0,False,DATA-09,False,public-derived-contiguous-slice
5614740,2020-04-17 20:20:53,-0.0180000000000006,8.248,8.238,-0.0240000000000009,8.248,49.45,0.04,1.0,0.0,1.0,1.0,0.0,1.0,1.0,1.0,False,DATA-09,False,public-derived-contiguous-slice
5614750,2020-04-17 20:21:05,-0.0180000000000006,8.248,8.238,-0.0240000000000009,8.248,49.45,0.04,1.0,0.0,1.0,1.0,0.0,1.0,1.0,1.0,False,DATA-09,False,public-derived-contiguous-slice
5614760,2020-04-17 20:21:17,-0.0180000000000006,8.248,8.238,-0.0240000000000009,8.248,49.45,0.04,0.0,0.0,0.0,0.0,0.0,0.0,0.0,0.0,False,DATA-09,False,public-derived-contiguous-slice
5614770,2020-04-17 20:21:30,-0.0180000000000006,8.248,8.238,-0.0240000000000009,8.248,49.45,0.04,1.0,0.0,1.0,1.0,0.0,1.0,1.0,1.0,False,DATA-09,False,public-derived-contiguous-slice
5614780,2020-04-17 20:21:41,-0.0180000000000006,8.248,8.238,-0.0240000000000009,8.248,49.45,0.04,1.0,0.0,1.0,1.0,0.0,1.0,1.0,1.0,False,DATA-09,False,public-derived-contiguous-slice
5614790,2020-04-17 20:21:53,-0.0180000000000006,8.248,8.238,-0.0240000000000009,8.248,49.45,0.04,1.0,0.0,1.0,1.0,0.0,1.0,1.0,1.0,False,DATA-09,False,public-derived-contiguous-slice
5614800,2020-04-17 20:22:05,-0.0180000000000006,8.248,8.238,-0.0240000000000009,8.248,49.45,0.04,1.0,0.0,1.0,1.0,0.0,1.0,1.0,1.0,False,DATA-09,False,public-derived-contiguous-slice
5614810,2020-04-17 20:22:17,-0.0180000000000006,8.248,8.238,-0.0240000000000009,8.248,49.45,0.04,1.0,0.0,1.0,1.0,0.0,1.0,1.0,1.0,False,DATA-09,False,public-derived-contiguous-slice
5614820,2020-04-17 20:22:29,-0.0180000000000006,8.248,8.238,-0.0240000000000009,8.248,49.45,0.04,0.0,0.0,0.0,0.0,0.0,0.0,0.0,0.0,False,DATA-09,False,public-derived-contiguous-slice
5614830,2020-04-17 20:22:41,-0.0180000000000006,8.248,8.238,-0.0240000000000009,8.248,49.45,0.04,0.0,0.0,0.0,0.0,0.0,0.0,0.0,0.0,False,DATA-09,False,public-derived-contiguous-slice
5614840,2020-04-17 20:22:53,-0.0180000000000006,8.248,8.238,-0.0240000000000009,8.248,49.45,0.04,0.0,0.0,0.0,0.0,0.0,0.0,0.0,0.0,False,DATA-09,False,public-derived-contiguous-slice
5614850,2020-04-17 20:23:06,-0.0180000000000006,8.248,8.238,-0.0240000000000009,8.248,49.45,0.04,1.0,0.0,1.0,1.0,0.0,1.0,1.0,1.0,False,DATA-09,False,public-derived-contiguous-slice
5614860,2020-04-17 20:23:18,-0.0180000000000006,8.248,8.238,-0.0240000000000009,8.248,49.45,0.04,1.0,0.0,1.0,1.0,0.0,1.0,1.0,1.0,False,DATA-09,False,public-derived-contiguous-slice
5614870,2020-04-17 20:23:30,-0.0180000000000006,8.248,8.238,-0.0240000000000009,8.248,49.45,0.04,1.0,0.0,1.0,1.0,0.0,1.0,1.0,1.0,False,DATA-09,False,public-derived-contiguous-slice
5614880,2020-04-17 20:23:41,-0.0180000000000006,8.248,8.238,-0.0240000000000009,8.248,49.45,0.04,1.0,0.0,1.0,1.0,0.0,1.0,1.0,1.0,False,DATA-09,False,public-derived-contiguous-slice
5614890,2020-04-17 20:23:53,-0.0180000000000006,8.248,8.238,-0.0240000000000009,8.248,49.45,0.04,0.0,0.0,0.0,0.0,0.0,0.0,0.0,0.0,False,DATA-09,False,public-derived-contiguous-slice
5614900,2020-04-17 20:24:05,-0.0180000000000006,8.248,8.238,-0.0240000000000009,8.248,49.45,0.04,0.0,0.0,0.0,0.0,0.0,0.0,0.0,0.0,False,DATA-09,False,public-derived-contiguous-slice
5614910,2020-04-17 20:24:18,-0.0180000000000006,8.248,8.238,-0.0240000000000009,8.248,49.45,0.04,1.0,0.0,1.0,1.0,0.0,1.0,1.0,1.0,False,DATA-09,False,public-derived-contiguous-slice
5614920,2020-04-17 20:24:30,-0.0180000000000006,8.248,8.238,-0.0240000000000009,8.248,49.45,0.04,1.0,0.0,1.0,1.0,0.0,1.0,1.0,1.0,False,DATA-09,False,public-derived-contiguous-slice
5614930,2020-04-17 20:24:42,-0.0180000000000006,8.248,8.238,-0.0240000000000009,8.248,49.45,0.04,1.0,0.0,1.0,1.0,0.0,1.0,1.0,1.0,False,DATA-09,False,public-derived-contiguous-slice
5614940,2020-04-17 20:24:54,-0.0180000000000006,8.248,8.238,-0.0240000000000009,8.248,49.45,0.04,1.0,0.0,1.0,1.0,0.0,1.0,1.0,1.0,False,DATA-09,False,public-derived-contiguous-slice
5614950,2020-04-17 20:25:06,-0.0180000000000006,8.248,8.238,-0.0240000000000009,8.248,49.45,0.04,1.0,0.0,1.0,1.0,0.0,1.0,1.0,1.0,False,DATA-09,False,public-derived-contiguous-slice
5614960,2020-04-17 20:25:18,-0.0180000000000006,8.248,8.238,-0.0240000000000009,8.248,49.45,0.04,0.0,0.0,0.0,0.0,0.0,0.0,0.0,0.0,False,DATA-09,False,public-derived-contiguous-slice
5614970,2020-04-17 20:25:30,-0.0180000000000006,8.248,8.238,-0.0240000000000009,8.248,49.45,0.04,1.0,0.0,1.0,1.0,0.0,1.0,1.0,1.0,False,DATA-09,False,public-derived-contiguous-slice
5614980,2020-04-17 20:25:42,-0.0180000000000006,8.248,8.238,-0.0240000000000009,8.248,49.45,0.04,1.0,0.0,1.0,1.0,0.0,1.0,1.0,1.0,False,DATA-09,False,public-derived-contiguous-slice
5614990,2020-04-17 20:25:54,-0.0180000000000006,8.248,8.238,-0.0240000000000009,8.248,49.45,0.04,1.0,0.0,1.0,1.0,0.0,1.0,1.0,1.0,False,DATA-09,False,public-derived-contiguous-slice
5615000,2020-04-17 20:26:06,-0.0180000000000006,8.248,8.238,-0.0240000000000009,8.248,49.45,0.04,1.0,0.0,1.0,1.0,0.0,1.0,1.0,1.0,False,DATA-09,False,public-derived-contiguous-slice
5615010,2020-04-17 20:26:18,-0.0180000000000006,8.248,8.238,-0.0240000000000009,8.248,49.45,0.04,0.0,0.0,0.0,0.0,0.0,0.0,0.0,0.0,False,DATA-09,False,public-derived-contiguous-slice
5615020,2020-04-17 20:26:31,-0.0180000000000006,8.248,8.238,-0.0240000000000009,8.248,49.45,0.04,1.0,0.0,1.0,1.0,0.0,1.0,1.0,1.0,False,DATA-09,False,public-derived-contiguous-slice
5615030,2020-04-17 20:26:43,-0.0180000000000006,8.248,8.238,-0.0240000000000009,8.248,49.45,0.04,1.0,0.0,1.0,1.0,0.0,1.0,1.0,1.0,False,DATA-09,False,public-derived-contiguous-slice
5615040,2020-04-17 20:26:55,-0.0180000000000006,8.248,8.238,-0.0240000000000009,8.248,49.45,0.04,1.0,0.0,1.0,1.0,0.0,1.0,1.0,1.0,False,DATA-09,False,public-derived-contiguous-slice
5615050,2020-04-17 20:27:07,-0.0180000000000006,8.248,8.238,-0.0240000000000009,8.248,49.45,0.04,1.0,0.0,1.0,1.0,0.0,1.0,1.0,1.0,False,DATA-09,False,public-derived-contiguous-slice
5615060,2020-04-17 20:27:18,-0.0180000000000006,8.248,8.238,-0.0240000000000009,8.248,49.45,0.04,1.0,0.0,1.0,1.0,0.0,1.0,1.0,1.0,False,DATA-09,False,public-derived-contiguous-slice
5615070,2020-04-17 20:27:30,-0.0180000000000006,8.248,8.238,-0.0240000000000009,8.248,49.45,0.04,0.0,0.0,0.0,0.0,0.0,0.0,0.0,0.0,False,DATA-09,False,public-derived-contiguous-slice
5615080,2020-04-17 20:27:43,-0.0180000000000006,8.248,8.238,-0.0240000000000009,8.248,49.45,0.04,1.0,0.0,1.0,1.0,0.0,1.0,1.0,1.0,False,DATA-09,False,public-derived-contiguous-slice
5615090,2020-04-17 20:27:55,-0.0180000000000006,8.248,8.238,-0.0240000000000009,8.248,49.45,0.04,1.0,0.0,1.0,1.0,0.0,1.0,1.0,1.0,False,DATA-09,False,public-derived-contiguous-slice
5615100,2020-04-17 20:28:07,-0.0180000000000006,8.248,8.238,-0.0240000000000009,8.248,49.45,0.04,1.0,0.0,1.0,1.0,0.0,1.0,1.0,1.0,False,DATA-09,False,public-derived-contiguous-slice
5615110,2020-04-17 20:28:19,-0.0180000000000006,8.248,8.238,-0.0240000000000009,8.248,49.45,0.04,1.0,0.0,1.0,1.0,0.0,1.0,1.0,1.0,False,DATA-09,False,public-derived-contiguous-slice
5615120,2020-04-17 20:28:31,-0.0180000000000006,8.248,8.238,-0.0240000000000009,8.248,49.45,0.04,0.0,0.0,0.0,0.0,0.0,0.0,0.0,0.0,False,DATA-09,False,public-derived-contiguous-slice
5615130,2020-04-17 20:28:43,-0.0180000000000006,8.248,8.238,-0.0240000000000009,8.248,49.45,0.04,0.0,0.0,0.0,0.0,0.0,0.0,0.0,0.0,False,DATA-09,False,public-derived-contiguous-slice
5615140,2020-04-17 20:28:56,-0.0180000000000006,8.248,8.238,-0.0240000000000009,8.248,49.45,0.04,1.0,0.0,1.0,1.0,0.0,1.0,1.0,1.0,False,DATA-09,False,public-derived-contiguous-slice
5615150,2020-04-17 20:29:07,-0.0180000000000006,8.248,8.238,-0.0240000000000009,8.248,49.45,0.04,1.0,0.0,1.0,1.0,0.0,1.0,1.0,1.0,False,DATA-09,False,public-derived-contiguous-slice
5615160,2020-04-17 20:29:19,-0.0180000000000006,8.248,8.238,-0.0240000000000009,8.248,49.45,0.04,1.0,0.0,1.0,1.0,0.0,1.0,1.0,1.0,False,DATA-09,False,public-derived-contiguous-slice
5615170,2020-04-17 20:29:31,-0.0180000000000006,8.248,8.238,-0.0240000000000009,8.248,49.45,0.04,1.0,0.0,1.0,1.0,0.0,1.0,1.0,1.0,False,DATA-09,False,public-derived-contiguous-slice
5615180,2020-04-17 20:29:43,-0.0180000000000006,8.248,8.238,-0.0240000000000009,8.248,49.45,0.04,0.0,0.0,0.0,0.0,0.0,0.0,0.0,0.0,False,DATA-09,False,public-derived-contiguous-slice
5615190,2020-04-17 20:29:56,-0.0180000000000006,8.248,8.238,-0.0240000000000009,8.248,49.45,0.04,1.0,0.0,1.0,1.0,0.0,1.0,1.0,1.0,False,DATA-09,False,public-derived-contiguous-slice
5615200,2020-04-17 20:30:08,-0.0180000000000006,8.248,8.238,-0.0240000000000009,8.248,49.45,0.04,1.0,0.0,1.0,1.0,0.0,1.0,1.0,1.0,False,DATA-09,False,public-derived-contiguous-slice
5615210,2020-04-17 20:30:20,-0.0180000000000006,8.248,8.238,-0.0240000000000009,8.248,49.45,0.04,1.0,0.0,1.0,1.0,0.0,1.0,1.0,1.0,False,DATA-09,False,public-derived-contiguous-slice
5615220,2020-04-17 20:30:32,-0.0180000000000006,8.248,8.238,-0.0240000000000009,8.248,49.45,0.04,1.0,0.0,1.0,1.0,0.0,1.0,1.0,1.0,False,DATA-09,False,public-derived-contiguous-slice
5615230,2020-04-17 20:30:44,-0.0180000000000006,8.248,8.238,-0.0240000000000009,8.248,49.45,0.04,1.0,0.0,1.0,1.0,0.0,1.0,1.0,1.0,False,DATA-09,False,public-derived-contiguous-slice
5615240,2020-04-17 20:30:55,-0.0180000000000006,8.248,8.238,-0.0240000000000009,8.248,49.45,0.04,1.0,0.0,1.0,1.0,0.0,1.0,1.0,1.0,False,DATA-09,False,public-derived-contiguous-slice
5615250,2020-04-17 20:31:07,-0.0180000000000006,8.248,8.238,-0.0240000000000009,8.248,49.45,0.04,0.0,0.0,0.0,0.0,0.0,0.0,0.0,0.0,False,DATA-09,False,public-derived-contiguous-slice
5615260,2020-04-17 20:31:19,-0.0180000000000006,8.248,8.238,-0.0240000000000009,8.248,49.45,0.04,0.0,0.0,0.0,0.0,0.0,0.0,0.0,0.0,False,DATA-09,False,public-derived-contiguous-slice
5615270,2020-04-17 20:31:32,-0.0180000000000006,8.248,8.238,-0.0240000000000009,8.248,49.45,0.04,1.0,0.0,1.0,1.0,0.0,1.0,1.0,1.0,False,DATA-09,False,public-derived-contiguous-slice
5615280,2020-04-17 20:31:44,-0.0180000000000006,8.248,8.238,-0.0240000000000009,8.248,49.45,0.04,1.0,0.0,1.0,1.0,0.0,1.0,1.0,1.0,False,DATA-09,False,public-derived-contiguous-slice
5615290,2020-04-17 20:31:56,-0.0180000000000006,8.248,8.238,-0.0240000000000009,8.248,49.45,0.04,1.0,0.0,1.0,1.0,0.0,1.0,1.0,1.0,False,DATA-09,False,public-derived-contiguous-slice
5615300,2020-04-17 20:32:08,-0.0180000000000006,8.248,8.238,-0.0240000000000009,8.248,49.45,0.04,1.0,0.0,1.0,1.0,0.0,1.0,1.0,1.0,False,DATA-09,False,public-derived-contiguous-slice
5615310,2020-04-17 20:32:20,-0.0180000000000006,8.248,8.238,-0.0240000000000009,8.248,49.45,0.04,1.0,0.0,1.0,1.0,0.0,1.0,1.0,1.0,False,DATA-09,False,public-derived-contiguous-slice
5615320,2020-04-17 20:32:32,-0.0180000000000006,8.248,8.238,-0.0240000000000009,8.248,49.45,0.04,0.0,0.0,0.0,0.0,0.0,0.0,0.0,0.0,False,DATA-09,False,public-derived-contiguous-slice
5615330,2020-04-17 20:32:43,-0.0180000000000006,8.248,8.238,-0.0240000000000009,8.248,49.45,0.04,0.0,0.0,0.0,0.0,0.0,0.0,0.0,0.0,False,DATA-09,False,public-derived-contiguous-slice
5615340,2020-04-17 20:32:56,-0.0180000000000006,8.248,8.238,-0.0240000000000009,8.248,49.45,0.04,1.0,0.0,1.0,1.0,0.0,1.0,1.0,1.0,False,DATA-09,False,public-derived-contiguous-slice
5615350,2020-04-17 20:33:08,-0.0180000000000006,8.248,8.238,-0.0240000000000009,8.248,49.45,0.04,1.0,0.0,1.0,1.0,0.0,1.0,1.0,1.0,False,DATA-09,False,public-derived-contiguous-slice
5615360,2020-04-17 20:33:20,-0.0180000000000006,8.248,8.238,-0.0240000000000009,8.248,49.45,0.04,1.0,0.0,1.0,1.0,0.0,1.0,1.0,1.0,False,DATA-09,False,public-derived-contiguous-slice
5615370,2020-04-17 20:33:32,-0.0180000000000006,8.248,8.238,-0.0240000000000009,8.248,49.45,0.04,0.0,0.0,0.0,0.0,0.0,0.0,0.0,0.0,False,DATA-09,False,public-derived-contiguous-slice
5615380,2020-04-17 20:33:45,-0.0180000000000006,8.248,8.238,-0.0240000000000009,8.248,49.45,0.04,1.0,0.0,1.0,1.0,0.0,1.0,1.0,1.0,False,DATA-09,False,public-derived-contiguous-slice
5615390,2020-04-17 20:33:57,-0.0180000000000006,8.248,8.238,-0.0240000000000009,8.248,49.45,0.04,1.0,0.0,1.0,1.0,0.0,1.0,1.0,1.0,False,DATA-09,False,public-derived-contiguous-slice
5615400,2020-04-17 20:34:09,-0.0180000000000006,8.248,8.238,-0.0240000000000009,8.248,49.45,0.04,1.0,0.0,1.0,1.0,0.0,1.0,1.0,1.0,False,DATA-09,False,public-derived-contiguous-slice
5615410,2020-04-17 20:34:21,-0.0180000000000006,8.248,8.238,-0.0240000000000009,8.248,49.45,0.04,1.0,0.0,1.0,1.0,0.0,1.0,1.0,1.0,False,DATA-09,False,public-derived-contiguous-slice
5615420,2020-04-17 20:34:32,-0.0180000000000006,8.248,8.238,-0.0240000000000009,8.248,49.45,0.04,0.0,0.0,0.0,0.0,0.0,0.0,0.0,0.0,False,DATA-09,False,public-derived-contiguous-slice
5615430,2020-04-17 20:34:45,-0.0180000000000006,8.248,8.238,-0.0240000000000009,8.248,49.45,0.04,1.0,0.0,1.0,1.0,0.0,1.0,1.0,1.0,False,DATA-09,False,public-derived-contiguous-slice
5615440,2020-04-17 20:34:57,-0.0180000000000006,8.248,8.238,-0.0240000000000009,8.248,49.45,0.04,1.0,0.0,1.0,1.0,0.0,1.0,1.0,1.0,False,DATA-09,False,public-derived-contiguous-slice
5615450,2020-04-17 20:35:09,-0.0180000000000006,8.248,8.238,-0.0240000000000009,8.248,49.45,0.04,1.0,0.0,1.0,1.0,0.0,1.0,1.0,1.0,False,DATA-09,False,public-derived-contiguous-slice
5615460,2020-04-17 20:35:21,-0.0180000000000006,8.248,8.238,-0.0240000000000009,8.248,49.45,0.04,1.0,0.0,1.0,1.0,0.0,1.0,1.0,1.0,False,DATA-09,False,public-derived-contiguous-slice
5615470,2020-04-17 20:35:33,-0.0180000000000006,8.248,8.238,-0.0240000000000009,8.248,49.45,0.04,1.0,0.0,1.0,1.0,0.0,1.0,1.0,1.0,False,DATA-09,False,public-derived-contiguous-slice
5615480,2020-04-17 20:35:45,-0.0180000000000006,8.248,8.238,-0.0240000000000009,8.248,49.45,0.04,1.0,0.0,1.0,1.0,0.0,1.0,1.0,1.0,False,DATA-09,False,public-derived-contiguous-slice
5615490,2020-04-17 20:35:57,-0.0180000000000006,8.248,8.238,-0.0240000000000009,8.248,49.45,0.04,1.0,0.0,1.0,1.0,0.0,1.0,1.0,1.0,False,DATA-09,False,public-derived-contiguous-slice
5615500,2020-04-17 20:36:09,-0.0180000000000006,8.248,8.238,-0.0240000000000009,8.248,49.45,0.04,1.0,0.0,1.0,1.0,0.0,1.0,1.0,1.0,False,DATA-09,False,public-derived-contiguous-slice
5615510,2020-04-17 20:36:21,-0.0180000000000006,8.248,8.238,-0.0240000000000009,8.248,49.45,0.04,0.0,0.0,0.0,0.0,0.0,0.0,0.0,0.0,False,DATA-09,False,public-derived-contiguous-slice
5615520,2020-04-17 20:36:33,-0.0180000000000006,8.248,8.238,-0.0240000000000009,8.248,49.45,0.04,1.0,0.0,1.0,1.0,0.0,1.0,1.0,1.0,False,DATA-09,False,public-derived-contiguous-slice
5615530,2020-04-17 20:36:45,-0.0180000000000006,8.248,8.238,-0.0240000000000009,8.248,49.45,0.04,1.0,0.0,1.0,1.0,0.0,1.0,1.0,1.0,False,DATA-09,False,public-derived-contiguous-slice
5615540,2020-04-17 20:36:57,-0.0180000000000006,8.248,8.238,-0.0240000000000009,8.248,49.45,0.04,1.0,0.0,1.0,1.0,0.0,1.0,1.0,1.0,False,DATA-09,False,public-derived-contiguous-slice
5615550,2020-04-17 20:37:09,-0.0180000000000006,8.248,8.238,-0.0240000000000009,8.248,49.45,0.04,1.0,0.0,1.0,1.0,0.0,1.0,1.0,1.0,False,DATA-09,False,public-derived-contiguous-slice
5615560,2020-04-17 20:37:21,-0.0180000000000006,8.248,8.238,-0.0240000000000009,8.248,49.45,0.04,1.0,0.0,1.0,1.0,0.0,1.0,1.0,1.0,False,DATA-09,False,public-derived-contiguous-slice
5615570,2020-04-17 20:37:33,-0.0180000000000006,8.248,8.238,-0.0240000000000009,8.248,49.45,0.04,0.0,0.0,0.0,0.0,0.0,0.0,0.0,0.0,False,DATA-09,False,public-derived-contiguous-slice
5615580,2020-04-17 20:37:46,-0.0180000000000006,8.248,8.238,-0.0240000000000009,8.248,49.45,0.04,1.0,0.0,1.0,1.0,0.0,1.0,1.0,1.0,False,DATA-09,False,public-derived-contiguous-slice
5615590,2020-04-17 20:37:58,-0.0180000000000006,8.248,8.238,-0.0240000000000009,8.248,49.45,0.04,1.0,0.0,1.0,1.0,0.0,1.0,1.0,1.0,False,DATA-09,False,public-derived-contiguous-slice
5615600,2020-04-17 20:38:10,-0.0180000000000006,8.248,8.238,-0.0240000000000009,8.248,49.45,0.04,1.0,0.0,1.0,1.0,0.0,1.0,1.0,1.0,False,DATA-09,False,public-derived-contiguous-slice
5615610,2020-04-17 20:38:21,-0.0180000000000006,8.248,8.238,-0.0240000000000009,8.248,49.45,0.04,1.0,0.0,1.0,1.0,0.0,1.0,1.0,1.0,False,DATA-09,False,public-derived-contiguous-slice
5615620,2020-04-17 20:38:33,-0.0180000000000006,8.248,8.238,-0.0240000000000009,8.248,49.45,0.04,1.0,0.0,1.0,1.0,0.0,1.0,1.0,1.0,False,DATA-09,False,public-derived-contiguous-slice
5615630,2020-04-17 20:38:45,-0.0180000000000006,8.248,8.238,-0.0240000000000009,8.248,49.45,0.04,0.0,0.0,0.0,0.0,0.0,0.0,0.0,0.0,False,DATA-09,False,public-derived-contiguous-slice
5615640,2020-04-17 20:38:58,-0.0180000000000006,8.248,8.238,-0.0240000000000009,8.248,49.45,0.04,1.0,0.0,1.0,1.0,0.0,1.0,1.0,1.0,False,DATA-09,False,public-derived-contiguous-slice
5615650,2020-04-17 20:39:10,-0.0180000000000006,8.248,8.238,-0.0240000000000009,8.248,49.45,0.04,1.0,0.0,1.0,1.0,0.0,1.0,1.0,1.0,False,DATA-09,False,public-derived-contiguous-slice
5615660,2020-04-17 20:39:22,-0.0180000000000006,8.248,8.238,-0.0240000000000009,8.248,49.45,0.04,1.0,0.0,1.0,1.0,0.0,1.0,1.0,1.0,False,DATA-09,False,public-derived-contiguous-slice
5615670,2020-04-17 20:39:34,-0.0180000000000006,8.248,8.238,-0.0240000000000009,8.248,49.45,0.04,1.0,0.0,1.0,1.0,0.0,1.0,1.0,1.0,False,DATA-09,False,public-derived-contiguous-slice
5615680,2020-04-17 20:39:46,-0.0180000000000006,8.248,8.238,-0.0240000000000009,8.248,49.45,0.04,0.0,0.0,0.0,0.0,0.0,0.0,0.0,0.0,False,DATA-09,False,public-derived-contiguous-slice
5615690,2020-04-17 20:39:58,-0.0180000000000006,8.248,8.238,-0.0240000000000009,8.248,49.45,0.04,0.0,0.0,0.0,0.0,0.0,0.0,0.0,0.0,False,DATA-09,False,public-derived-contiguous-slice
5615700,2020-04-17 20:40:10,-0.0180000000000006,8.248,8.238,-0.0240000000000009,8.248,49.45,0.04,1.0,0.0,1.0,1.0,0.0,1.0,1.0,1.0,False,DATA-09,False,public-derived-contiguous-slice
5615710,2020-04-17 20:40:22,-0.0180000000000006,8.248,8.238,-0.0240000000000009,8.248,49.45,0.04,1.0,0.0,1.0,1.0,0.0,1.0,1.0,1.0,False,DATA-09,False,public-derived-contiguous-slice
5615720,2020-04-17 20:40:34,-0.0180000000000006,8.248,8.238,-0.0240000000000009,8.248,49.45,0.04,1.0,0.0,1.0,1.0,0.0,1.0,1.0,1.0,False,DATA-09,False,public-derived-contiguous-slice
5615730,2020-04-17 20:40:46,-0.0180000000000006,8.248,8.238,-0.0240000000000009,8.248,49.45,0.04,1.0,0.0,1.0,1.0,0.0,1.0,1.0,1.0,False,DATA-09,False,public-derived-contiguous-slice
5615740,2020-04-17 20:40:58,-0.0180000000000006,8.248,8.238,-0.0240000000000009,8.248,49.45,0.04,0.0,0.0,0.0,0.0,0.0,0.0,0.0,0.0,False,DATA-09,False,public-derived-contiguous-slice
5615750,2020-04-17 20:41:11,-0.0180000000000006,8.248,8.238,-0.0240000000000009,8.248,49.45,0.04,1.0,0.0,1.0,1.0,0.0,1.0,1.0,1.0,False,DATA-09,False,public-derived-contiguous-slice
5615760,2020-04-17 20:41:23,-0.0180000000000006,8.248,8.238,-0.0240000000000009,8.248,49.45,0.04,1.0,0.0,1.0,1.0,0.0,1.0,1.0,1.0,False,DATA-09,False,public-derived-contiguous-slice
5615770,2020-04-17 20:41:35,-0.0180000000000006,8.248,8.238,-0.0240000000000009,8.248,49.45,0.04,1.0,0.0,1.0,1.0,0.0,1.0,1.0,1.0,False,DATA-09,False,public-derived-contiguous-slice
5615780,2020-04-17 20:41:47,-0.0180000000000006,8.248,8.238,-0.0240000000000009,8.248,49.45,0.04,1.0,0.0,1.0,1.0,0.0,1.0,1.0,1.0,False,DATA-09,False,public-derived-contiguous-slice
5615790,2020-04-17 20:41:59,-0.0180000000000006,8.248,8.238,-0.0240000000000009,8.248,49.45,0.04,1.0,0.0,1.0,1.0,0.0,1.0,1.0,1.0,False,DATA-09,False,public-derived-contiguous-slice
5615800,2020-04-17 20:42:10,-0.0180000000000006,8.248,8.238,-0.0240000000000009,8.248,49.45,0.04,0.0,0.0,0.0,0.0,0.0,0.0,0.0,0.0,False,DATA-09,False,public-derived-contiguous-slice
5615810,2020-04-17 20:42:23,-0.0180000000000006,8.248,8.238,-0.0240000000000009,8.248,49.45,0.04,1.0,0.0,1.0,1.0,0.0,1.0,1.0,1.0,False,DATA-09,False,public-derived-contiguous-slice
5615820,2020-04-17 20:42:35,-0.0180000000000006,8.248,8.238,-0.0240000000000009,8.248,49.45,0.04,1.0,0.0,1.0,1.0,0.0,1.0,1.0,1.0,False,DATA-09,False,public-derived-contiguous-slice
5615830,2020-04-17 20:42:47,-0.0180000000000006,8.248,8.238,-0.0240000000000009,8.248,49.45,0.04,1.0,0.0,1.0,1.0,0.0,1.0,1.0,1.0,False,DATA-09,False,public-derived-contiguous-slice
5615840,2020-04-17 20:42:59,-0.0180000000000006,8.248,8.238,-0.0240000000000009,8.248,49.45,0.04,1.0,0.0,1.0,1.0,0.0,1.0,1.0,1.0,False,DATA-09,False,public-derived-contiguous-slice
5615850,2020-04-17 20:43:11,-0.0180000000000006,8.248,8.238,-0.0240000000000009,8.248,49.45,0.04,0.0,0.0,0.0,0.0,0.0,0.0,0.0,0.0,False,DATA-09,False,public-derived-contiguous-slice
5615860,2020-04-17 20:43:24,-0.0180000000000006,8.248,8.238,-0.0240000000000009,8.248,49.45,0.04,1.0,0.0,1.0,1.0,0.0,1.0,1.0,1.0,False,DATA-09,False,public-derived-contiguous-slice
5615870,2020-04-17 20:43:36,-0.0180000000000006,8.248,8.238,-0.0240000000000009,8.248,49.45,0.04,1.0,0.0,1.0,1.0,0.0,1.0,1.0,1.0,False,DATA-09,False,public-derived-contiguous-slice
5615880,2020-04-17 20:43:48,-0.0180000000000006,8.248,8.238,-0.0240000000000009,8.248,49.45,0.04,1.0,0.0,1.0,1.0,0.0,1.0,1.0,1.0,False,DATA-09,False,public-derived-contiguous-slice
5615890,2020-04-17 20:44:00,-0.0180000000000006,8.248,8.238,-0.0240000000000009,8.248,49.45,0.04,1.0,0.0,1.0,1.0,0.0,1.0,1.0,1.0,False,DATA-09,False,public-derived-contiguous-slice
5615900,2020-04-17 20:44:11,-0.0180000000000006,8.248,8.238,-0.0240000000000009,8.248,49.45,0.04,1.0,0.0,1.0,1.0,0.0,1.0,1.0,1.0,False,DATA-09,False,public-derived-contiguous-slice
5615910,2020-04-17 20:44:23,-0.0180000000000006,8.248,8.238,-0.0240000000000009,8.248,49.45,0.04,0.0,0.0,0.0,0.0,0.0,0.0,0.0,0.0,False,DATA-09,False,public-derived-contiguous-slice
5615920,2020-04-17 20:44:35,-0.0180000000000006,8.248,8.238,-0.0240000000000009,8.248,49.45,0.04,0.0,0.0,0.0,0.0,0.0,0.0,0.0,0.0,False,DATA-09,False,public-derived-contiguous-slice
5615930,2020-04-17 20:44:48,-0.0180000000000006,8.248,8.238,-0.0240000000000009,8.248,49.45,0.04,1.0,0.0,1.0,1.0,0.0,1.0,1.0,1.0,False,DATA-09,False,public-derived-contiguous-slice
5615940,2020-04-17 20:45:00,-0.0180000000000006,8.248,8.238,-0.0240000000000009,8.248,49.45,0.04,1.0,0.0,1.0,1.0,0.0,1.0,1.0,1.0,False,DATA-09,False,public-derived-contiguous-slice
5615950,2020-04-17 20:45:12,-0.0180000000000006,8.248,8.238,-0.0240000000000009,8.248,49.45,0.04,1.0,0.0,1.0,1.0,0.0,1.0,1.0,1.0,False,DATA-09,False,public-derived-contiguous-slice
5615960,2020-04-17 20:45:24,-0.0180000000000006,8.248,8.238,-0.0240000000000009,8.248,49.45,0.04,1.0,0.0,1.0,1.0,0.0,1.0,1.0,1.0,False,DATA-09,False,public-derived-contiguous-slice
5615970,2020-04-17 20:45:36,-0.0180000000000006,8.248,8.238,-0.0240000000000009,8.248,49.45,0.04,0.0,0.0,0.0,0.0,0.0,0.0,0.0,0.0,False,DATA-09,False,public-derived-contiguous-slice
5615980,2020-04-17 20:45:49,-0.0180000000000006,8.248,8.238,-0.0240000000000009,8.248,49.45,0.04,1.0,0.0,1.0,1.0,0.0,1.0,1.0,1.0,False,DATA-09,False,public-derived-contiguous-slice
5615990,2020-04-17 20:46:01,-0.0180000000000006,8.248,8.238,-0.0240000000000009,8.248,49.45,0.04,1.0,0.0,1.0,1.0,0.0,1.0,1.0,1.0,False,DATA-09,False,public-derived-contiguous-slice
5616000,2020-04-17 20:46:12,-0.0180000000000006,8.248,8.238,-0.0240000000000009,8.248,49.45,0.04,1.0,0.0,1.0,1.0,0.0,1.0,1.0,1.0,False,DATA-09,False,public-derived-contiguous-slice
5616010,2020-04-17 20:46:24,-0.0180000000000006,8.248,8.238,-0.0240000000000009,8.248,49.45,0.04,1.0,0.0,1.0,1.0,0.0,1.0,1.0,1.0,False,DATA-09,False,public-derived-contiguous-slice
5616020,2020-04-17 20:46:36,-0.0180000000000006,8.248,8.238,-0.0240000000000009,8.248,49.45,0.04,1.0,0.0,1.0,1.0,0.0,1.0,1.0,1.0,False,DATA-09,False,public-derived-contiguous-slice
5616030,2020-04-17 20:46:48,-0.0180000000000006,8.248,8.238,-0.0240000000000009,8.248,49.45,0.04,0.0,0.0,0.0,0.0,0.0,0.0,0.0,0.0,False,DATA-09,False,public-derived-contiguous-slice
5616040,2020-04-17 20:47:00,-0.0180000000000006,8.248,8.238,-0.0240000000000009,8.248,49.45,0.04,0.0,0.0,0.0,0.0,0.0,0.0,0.0,0.0,False,DATA-09,False,public-derived-contiguous-slice
5616050,2020-04-17 20:47:13,-0.0180000000000006,8.248,8.238,-0.0240000000000009,8.248,49.45,0.04,1.0,0.0,1.0,1.0,0.0,1.0,1.0,1.0,False,DATA-09,False,public-derived-contiguous-slice
5616060,2020-04-17 20:47:25,-0.0180000000000006,8.248,8.238,-0.0240000000000009,8.248,49.45,0.04,1.0,0.0,1.0,1.0,0.0,1.0,1.0,1.0,False,DATA-09,False,public-derived-contiguous-slice
5616070,2020-04-17 20:47:37,-0.0180000000000006,8.248,8.238,-0.0240000000000009,8.248,49.45,0.04,1.0,0.0,1.0,1.0,0.0,1.0,1.0,1.0,False,DATA-09,False,public-derived-contiguous-slice
5616080,2020-04-17 20:47:49,-0.0180000000000006,8.248,8.238,-0.0240000000000009,8.248,49.45,0.04,1.0,0.0,1.0,1.0,0.0,1.0,1.0,1.0,False,DATA-09,False,public-derived-contiguous-slice
5616090,2020-04-17 20:48:01,-0.0180000000000006,8.248,8.238,-0.0240000000000009,8.248,49.45,0.04,1.0,0.0,1.0,1.0,0.0,1.0,1.0,1.0,False,DATA-09,False,public-derived-contiguous-slice
5616100,2020-04-17 20:48:12,-0.0180000000000006,8.248,8.238,-0.0240000000000009,8.248,49.45,0.04,0.0,0.0,0.0,0.0,0.0,0.0,0.0,0.0,False,DATA-09,False,public-derived-contiguous-slice
5616110,2020-04-17 20:48:25,-0.0180000000000006,8.248,8.238,-0.0240000000000009,8.248,49.45,0.04,1.0,0.0,1.0,1.0,0.0,1.0,1.0,1.0,False,DATA-09,False,public-derived-contiguous-slice
5616120,2020-04-17 20:48:37,-0.0180000000000006,8.248,8.238,-0.0240000000000009,8.248,49.45,0.04,1.0,0.0,1.0,1.0,0.0,1.0,1.0,1.0,False,DATA-09,False,public-derived-contiguous-slice
5616130,2020-04-17 20:48:49,-0.0180000000000006,8.248,8.238,-0.0240000000000009,8.248,49.45,0.04,1.0,0.0,1.0,1.0,0.0,1.0,1.0,1.0,False,DATA-09,False,public-derived-contiguous-slice
5616140,2020-04-17 20:49:01,-0.0180000000000006,8.248,8.238,-0.0240000000000009,8.248,49.45,0.04,1.0,0.0,1.0,1.0,0.0,1.0,1.0,1.0,False,DATA-09,False,public-derived-contiguous-slice
5616150,2020-04-17 20:49:13,-0.0180000000000006,8.248,8.238,-0.0240000000000009,8.248,49.45,0.04,1.0,0.0,1.0,1.0,0.0,1.0,1.0,1.0,False,DATA-09,False,public-derived-contiguous-slice
5616160,2020-04-17 20:49:25,-0.0180000000000006,8.248,8.238,-0.0240000000000009,8.248,49.45,0.04,0.0,0.0,0.0,0.0,0.0,0.0,0.0,0.0,False,DATA-09,False,public-derived-contiguous-slice
5616170,2020-04-17 20:49:38,-0.0180000000000006,8.248,8.238,-0.0240000000000009,8.248,49.45,0.04,1.0,0.0,1.0,1.0,0.0,1.0,1.0,1.0,False,DATA-09,False,public-derived-contiguous-slice
5616180,2020-04-17 20:49:50,-0.0180000000000006,8.248,8.238,-0.0240000000000009,8.248,49.45,0.04,1.0,0.0,1.0,1.0,0.0,1.0,1.0,1.0,False,DATA-09,False,public-derived-contiguous-slice
5616190,2020-04-17 20:50:01,-0.0180000000000006,8.248,8.238,-0.0240000000000009,8.248,49.45,0.04,1.0,0.0,1.0,1.0,0.0,1.0,1.0,1.0,False,DATA-09,False,public-derived-contiguous-slice
5616200,2020-04-17 20:50:13,-0.0180000000000006,8.248,8.238,-0.0240000000000009,8.248,49.45,0.04,1.0,0.0,1.0,1.0,0.0,1.0,1.0,1.0,False,DATA-09,False,public-derived-contiguous-slice
5616210,2020-04-17 20:50:25,-0.0180000000000006,8.248,8.238,-0.0240000000000009,8.248,49.45,0.04,1.0,0.0,1.0,1.0,0.0,1.0,1.0,1.0,False,DATA-09,False,public-derived-contiguous-slice
5616220,2020-04-17 20:50:37,-0.0180000000000006,8.248,8.238,-0.0240000000000009,8.248,49.45,0.04,0.0,0.0,0.0,0.0,0.0,0.0,0.0,0.0,False,DATA-09,False,public-derived-contiguous-slice
5616230,2020-04-17 20:50:50,-0.0180000000000006,8.248,8.238,-0.0240000000000009,8.248,49.45,0.04,1.0,0.0,1.0,1.0,0.0,1.0,1.0,1.0,False,DATA-09,False,public-derived-contiguous-slice
5616240,2020-04-17 20:51:02,-0.0180000000000006,8.248,8.238,-0.0240000000000009,8.248,49.45,0.04,1.0,0.0,1.0,1.0,0.0,1.0,1.0,1.0,False,DATA-09,False,public-derived-contiguous-slice
5616250,2020-04-17 20:51:14,-0.0180000000000006,8.248,8.238,-0.0240000000000009,8.248,49.45,0.04,1.0,0.0,1.0,1.0,0.0,1.0,1.0,1.0,False,DATA-09,False,public-derived-contiguous-slice
5616260,2020-04-17 20:51:26,-0.0180000000000006,8.248,8.238,-0.0240000000000009,8.248,49.45,0.04,1.0,0.0,1.0,1.0,0.0,1.0,1.0,1.0,False,DATA-09,False,public-derived-contiguous-slice
5616270,2020-04-17 20:51:38,-0.0180000000000006,8.248,8.238,-0.0240000000000009,8.248,49.45,0.04,1.0,0.0,1.0,1.0,0.0,1.0,1.0,1.0,False,DATA-09,False,public-derived-contiguous-slice
5616280,2020-04-17 20:51:49,-0.0180000000000006,8.248,8.238,-0.0240000000000009,8.248,49.45,0.04,0.0,0.0,0.0,0.0,0.0,0.0,0.0,0.0,False,DATA-09,False,public-derived-contiguous-slice
5616290,2020-04-17 20:52:02,-0.0180000000000006,8.248,8.238,-0.0240000000000009,8.248,49.45,0.04,1.0,0.0,1.0,1.0,0.0,1.0,1.0,1.0,False,DATA-09,False,public-derived-contiguous-slice
5616300,2020-04-17 20:52:14,-0.0180000000000006,8.248,8.238,-0.0240000000000009,8.248,49.45,0.04,1.0,0.0,1.0,1.0,0.0,1.0,1.0,1.0,False,DATA-09,False,public-derived-contiguous-slice
5616310,2020-04-17 20:52:26,-0.0180000000000006,8.248,8.238,-0.0240000000000009,8.248,49.45,0.04,1.0,0.0,1.0,1.0,0.0,1.0,1.0,1.0,False,DATA-09,False,public-derived-contiguous-slice
5616320,2020-04-17 20:52:38,-0.0180000000000006,8.248,8.238,-0.0240000000000009,8.248,49.45,0.04,1.0,0.0,1.0,1.0,0.0,1.0,1.0,1.0,False,DATA-09,False,public-derived-contiguous-slice
5616330,2020-04-17 20:52:50,-0.0180000000000006,8.248,8.238,-0.0240000000000009,8.248,49.45,0.04,0.0,0.0,0.0,0.0,0.0,0.0,0.0,0.0,False,DATA-09,False,public-derived-contiguous-slice
5616340,2020-04-17 20:53:03,-0.0180000000000006,8.248,8.238,-0.0240000000000009,8.248,49.45,0.04,1.0,0.0,1.0,1.0,0.0,1.0,1.0,1.0,False,DATA-09,False,public-derived-contiguous-slice
5616350,2020-04-17 20:53:15,-0.0180000000000006,8.248,8.238,-0.0240000000000009,8.248,49.45,0.04,1.0,0.0,1.0,1.0,0.0,1.0,1.0,1.0,False,DATA-09,False,public-derived-contiguous-slice
5616360,2020-04-17 20:53:27,-0.0180000000000006,8.248,8.238,-0.0240000000000009,8.248,49.45,0.04,1.0,0.0,1.0,1.0,0.0,1.0,1.0,1.0,False,DATA-09,False,public-derived-contiguous-slice
5616370,2020-04-17 20:53:38,-0.0180000000000006,8.248,8.238,-0.0240000000000009,8.248,49.45,0.04,1.0,0.0,1.0,1.0,0.0,1.0,1.0,1.0,False,DATA-09,False,public-derived-contiguous-slice
5616380,2020-04-17 20:53:50,-0.0180000000000006,8.248,8.238,-0.0240000000000009,8.248,49.45,0.04,1.0,0.0,1.0,1.0,0.0,1.0,1.0,1.0,False,DATA-09,False,public-derived-contiguous-slice
5616390,2020-04-17 20:54:02,-0.0180000000000006,8.248,8.238,-0.0240000000000009,8.248,49.45,0.04,1.0,0.0,1.0,1.0,0.0,1.0,1.0,1.0,False,DATA-09,False,public-derived-contiguous-slice
5616400,2020-04-17 20:54:14,-0.0180000000000006,8.248,8.238,-0.0240000000000009,8.248,49.45,0.04,1.0,0.0,1.0,1.0,0.0,1.0,1.0,1.0,False,DATA-09,False,public-derived-contiguous-slice
5616410,2020-04-17 20:54:26,-0.0180000000000006,8.248,8.238,-0.0240000000000009,8.248,49.45,0.04,0.0,0.0,0.0,0.0,0.0,0.0,0.0,0.0,False,DATA-09,False,public-derived-contiguous-slice
5616420,2020-04-17 20:54:39,-0.0180000000000006,8.248,8.238,-0.0240000000000009,8.248,49.45,0.04,1.0,0.0,1.0,1.0,0.0,1.0,1.0,1.0,False,DATA-09,False,public-derived-contiguous-slice
5616430,2020-04-17 20:54:51,-0.0180000000000006,8.248,8.238,-0.0240000000000009,8.248,49.45,0.04,1.0,0.0,1.0,1.0,0.0,1.0,1.0,1.0,False,DATA-09,False,public-derived-contiguous-slice
5616440,2020-04-17 20:55:03,-0.0180000000000006,8.248,8.238,-0.0240000000000009,8.248,49.45,0.04,1.0,0.0,1.0,1.0,0.0,1.0,1.0,1.0,False,DATA-09,False,public-derived-contiguous-slice
5616450,2020-04-17 20:55:15,-0.0180000000000006,8.248,8.238,-0.0240000000000009,8.248,49.45,0.04,1.0,0.0,1.0,1.0,0.0,1.0,1.0,1.0,False,DATA-09,False,public-derived-contiguous-slice
5616460,2020-04-17 20:55:27,-0.0180000000000006,8.248,8.238,-0.0240000000000009,8.248,49.45,0.04,1.0,0.0,1.0,1.0,0.0,1.0,1.0,1.0,False,DATA-09,False,public-derived-contiguous-slice
5616470,2020-04-17 20:55:38,-0.0180000000000006,8.248,8.238,-0.0240000000000009,8.248,49.45,0.04,0.0,0.0,0.0,0.0,0.0,0.0,0.0,0.0,False,DATA-09,False,public-derived-contiguous-slice
5616480,2020-04-17 20:55:51,-0.0180000000000006,8.248,8.238,-0.0240000000000009,8.248,49.45,0.04,1.0,0.0,1.0,1.0,0.0,1.0,1.0,1.0,False,DATA-09,False,public-derived-contiguous-slice
5616490,2020-04-17 20:56:03,-0.0180000000000006,8.248,8.238,-0.0240000000000009,8.248,49.45,0.04,1.0,0.0,1.0,1.0,0.0,1.0,1.0,1.0,False,DATA-09,False,public-derived-contiguous-slice
5616500,2020-04-17 20:56:15,-0.0180000000000006,8.248,8.238,-0.0240000000000009,8.248,49.45,0.04,1.0,0.0,1.0,1.0,0.0,1.0,1.0,1.0,False,DATA-09,False,public-derived-contiguous-slice
5616510,2020-04-17 20:56:27,-0.0180000000000006,8.248,8.238,-0.0240000000000009,8.248,49.45,0.04,1.0,0.0,1.0,1.0,0.0,1.0,1.0,1.0,False,DATA-09,False,public-derived-contiguous-slice
5616520,2020-04-17 20:56:39,-0.0180000000000006,8.248,8.238,-0.0240000000000009,8.248,49.45,0.04,0.0,0.0,0.0,0.0,0.0,0.0,0.0,0.0,False,DATA-09,False,public-derived-contiguous-slice
5616530,2020-04-17 20:56:52,-0.0180000000000006,8.248,8.238,-0.0240000000000009,8.248,49.45,0.04,1.0,0.0,1.0,1.0,0.0,1.0,1.0,1.0,False,DATA-09,False,public-derived-contiguous-slice
5616540,2020-04-17 20:57:04,-0.0180000000000006,8.248,8.238,-0.0240000000000009,8.248,49.45,0.04,1.0,0.0,1.0,1.0,0.0,1.0,1.0,1.0,False,DATA-09,False,public-derived-contiguous-slice
5616550,2020-04-17 20:57:16,-0.0180000000000006,8.248,8.238,-0.0240000000000009,8.248,49.45,0.04,1.0,0.0,1.0,1.0,0.0,1.0,1.0,1.0,False,DATA-09,False,public-derived-contiguous-slice
5616560,2020-04-17 20:57:27,-0.0180000000000006,8.248,8.238,-0.0240000000000009,8.248,49.45,0.04,1.0,0.0,1.0,1.0,0.0,1.0,1.0,1.0,False,DATA-09,False,public-derived-contiguous-slice
5616570,2020-04-17 20:57:39,-0.0180000000000006,8.248,8.238,-0.0240000000000009,8.248,49.45,0.04,0.0,0.0,0.0,0.0,0.0,0.0,0.0,0.0,False,DATA-09,False,public-derived-contiguous-slice
5616580,2020-04-17 20:57:51,-0.0180000000000006,8.248,8.238,-0.0240000000000009,8.248,49.45,0.04,0.0,0.0,0.0,0.0,0.0,0.0,0.0,0.0,False,DATA-09,False,public-derived-contiguous-slice
5616590,2020-04-17 20:58:04,-0.0180000000000006,8.248,8.238,-0.0240000000000009,8.248,49.45,0.04,1.0,0.0,1.0,1.0,0.0,1.0,1.0,1.0,False,DATA-09,False,public-derived-contiguous-slice
5616600,2020-04-17 20:58:16,-0.0180000000000006,8.248,8.238,-0.0240000000000009,8.248,49.45,0.04,1.0,0.0,1.0,1.0,0.0,1.0,1.0,1.0,False,DATA-09,False,public-derived-contiguous-slice
5616610,2020-04-17 20:58:28,-0.0180000000000006,8.248,8.238,-0.0240000000000009,8.248,49.45,0.04,1.0,0.0,1.0,1.0,0.0,1.0,1.0,1.0,False,DATA-09,False,public-derived-contiguous-slice
5616620,2020-04-17 20:58:40,-0.0180000000000006,8.248,8.238,-0.0240000000000009,8.248,49.45,0.04,1.0,0.0,1.0,1.0,0.0,1.0,1.0,1.0,False,DATA-09,False,public-derived-contiguous-slice
5616630,2020-04-17 20:58:52,-0.0180000000000006,8.248,8.238,-0.0240000000000009,8.248,49.45,0.04,0.0,0.0,0.0,0.0,0.0,0.0,0.0,0.0,False,DATA-09,False,public-derived-contiguous-slice
5616640,2020-04-17 20:59:05,-0.0180000000000006,8.248,8.238,-0.0240000000000009,8.248,49.45,0.04,1.0,0.0,1.0,1.0,0.0,1.0,1.0,1.0,False,DATA-09,False,public-derived-contiguous-slice
5616650,2020-04-17 20:59:16,-0.0180000000000006,8.248,8.238,-0.0240000000000009,8.248,49.45,0.04,1.0,0.0,1.0,1.0,0.0,1.0,1.0,1.0,False,DATA-09,False,public-derived-contiguous-slice
5616660,2020-04-17 20:59:28,-0.0180000000000006,8.248,8.238,-0.0240000000000009,8.248,49.45,0.04,1.0,0.0,1.0,1.0,0.0,1.0,1.0,1.0,False,DATA-09,False,public-derived-contiguous-slice
5616670,2020-04-17 20:59:40,-0.0180000000000006,8.248,8.238,-0.0240000000000009,8.248,49.45,0.04,1.0,0.0,1.0,1.0,0.0,1.0,1.0,1.0,False,DATA-09,False,public-derived-contiguous-slice
5616680,2020-04-17 20:59:52,-0.0180000000000006,8.248,8.238,-0.0240000000000009,8.248,49.45,0.04,1.0,0.0,1.0,1.0,0.0,1.0,1.0,1.0,False,DATA-09,False,public-derived-contiguous-slice
5616690,2020-04-17 21:00:04,-0.0180000000000006,8.248,8.238,-0.0240000000000009,8.248,49.45,0.04,0.0,0.0,0.0,0.0,0.0,0.0,0.0,0.0,False,DATA-09,False,public-derived-contiguous-slice
5616700,2020-04-17 21:00:17,-0.0180000000000006,8.248,8.238,-0.0240000000000009,8.248,49.45,0.04,1.0,0.0,1.0,1.0,0.0,1.0,1.0,1.0,False,DATA-09,False,public-derived-contiguous-slice
5616710,2020-04-17 21:00:29,-0.0180000000000006,8.248,8.238,-0.0240000000000009,8.248,49.45,0.04,1.0,0.0,1.0,1.0,0.0,1.0,1.0,1.0,False,DATA-09,False,public-derived-contiguous-slice
5616720,2020-04-17 21:00:41,-0.0180000000000006,8.248,8.238,-0.0240000000000009,8.248,49.45,0.04,1.0,0.0,1.0,1.0,0.0,1.0,1.0,1.0,False,DATA-09,False,public-derived-contiguous-slice
5616730,2020-04-17 21:00:53,-0.0180000000000006,8.248,8.238,-0.0240000000000009,8.248,49.45,0.04,1.0,0.0,1.0,1.0,0.0,1.0,1.0,1.0,False,DATA-09,False,public-derived-contiguous-slice
5616740,2020-04-17 21:01:04,-0.0180000000000006,8.248,8.238,-0.0240000000000009,8.248,49.45,0.04,0.0,0.0,0.0,0.0,0.0,0.0,0.0,0.0,False,DATA-09,False,public-derived-contiguous-slice
5616750,2020-04-17 21:01:17,-0.0180000000000006,8.248,8.238,-0.0240000000000009,8.248,49.45,0.04,1.0,0.0,1.0,1.0,0.0,1.0,1.0,1.0,False,DATA-09,False,public-derived-contiguous-slice
5616760,2020-04-17 21:01:29,-0.0180000000000006,8.248,8.238,-0.0240000000000009,8.248,49.45,0.04,1.0,0.0,1.0,1.0,0.0,1.0,1.0,1.0,False,DATA-09,False,public-derived-contiguous-slice
5616770,2020-04-17 21:01:41,-0.0180000000000006,8.248,8.238,-0.0240000000000009,8.248,49.45,0.04,1.0,0.0,1.0,1.0,0.0,1.0,1.0,1.0,False,DATA-09,False,public-derived-contiguous-slice
5616780,2020-04-17 21:01:53,-0.0180000000000006,8.248,8.238,-0.0240000000000009,8.248,49.45,0.04,1.0,0.0,1.0,1.0,0.0,1.0,1.0,1.0,False,DATA-09,False,public-derived-contiguous-slice
5616790,2020-04-17 21:02:05,-0.0180000000000006,8.248,8.238,-0.0240000000000009,8.248,49.45,0.04,0.0,0.0,0.0,0.0,0.0,0.0,0.0,0.0,False,DATA-09,False,public-derived-contiguous-slice
5616800,2020-04-17 21:02:18,-0.0180000000000006,8.248,8.238,-0.0240000000000009,8.248,49.45,0.04,1.0,0.0,1.0,1.0,0.0,1.0,1.0,1.0,False,DATA-09,False,public-derived-contiguous-slice
5616810,2020-04-17 21:02:30,-0.0180000000000006,8.248,8.238,-0.0240000000000009,8.248,49.45,0.04,1.0,0.0,1.0,1.0,0.0,1.0,1.0,1.0,False,DATA-09,False,public-derived-contiguous-slice
5616820,2020-04-17 21:02:42,-0.0180000000000006,8.248,8.238,-0.0240000000000009,8.248,49.45,0.04,1.0,0.0,1.0,1.0,0.0,1.0,1.0,1.0,False,DATA-09,False,public-derived-contiguous-slice
5616830,2020-04-17 21:02:53,-0.0180000000000006,8.248,8.238,-0.0240000000000009,8.248,49.45,0.04,1.0,0.0,1.0,1.0,0.0,1.0,1.0,1.0,False,DATA-09,False,public-derived-contiguous-slice
5616840,2020-04-17 21:03:05,-0.0180000000000006,8.248,8.238,-0.0240000000000009,8.248,49.45,0.04,0.0,0.0,0.0,0.0,0.0,0.0,0.0,0.0,False,DATA-09,False,public-derived-contiguous-slice
5616850,2020-04-17 21:03:18,-0.0180000000000006,8.248,8.238,-0.0240000000000009,8.248,49.45,0.04,1.0,0.0,1.0,1.0,0.0,1.0,1.0,1.0,False,DATA-09,False,public-derived-contiguous-slice
5616860,2020-04-17 21:03:30,-0.0180000000000006,8.248,8.238,-0.0240000000000009,8.248,49.45,0.04,1.0,0.0,1.0,1.0,0.0,1.0,1.0,1.0,False,DATA-09,False,public-derived-contiguous-slice
5616870,2020-04-17 21:03:42,-0.0180000000000006,8.248,8.238,-0.0240000000000009,8.248,49.45,0.04,1.0,0.0,1.0,1.0,0.0,1.0,1.0,1.0,False,DATA-09,False,public-derived-contiguous-slice
5616880,2020-04-17 21:03:54,-0.0180000000000006,8.248,8.238,-0.0240000000000009,8.248,49.45,0.04,1.0,0.0,1.0,1.0,0.0,1.0,1.0,1.0,False,DATA-09,False,public-derived-contiguous-slice
5616890,2020-04-17 21:04:06,-0.0180000000000006,8.248,8.238,-0.0240000000000009,8.248,49.45,0.04,0.0,0.0,0.0,0.0,0.0,0.0,0.0,0.0,False,DATA-09,False,public-derived-contiguous-slice
5616900,2020-04-17 21:04:19,-0.0180000000000006,8.248,8.238,-0.0240000000000009,8.248,49.45,0.04,1.0,0.0,1.0,1.0,0.0,1.0,1.0,1.0,False,DATA-09,False,public-derived-contiguous-slice
5616910,2020-04-17 21:04:31,-0.0180000000000006,8.248,8.238,-0.0240000000000009,8.248,49.45,0.04,1.0,0.0,1.0,1.0,0.0,1.0,1.0,1.0,False,DATA-09,False,public-derived-contiguous-slice
5616920,2020-04-17 21:04:42,-0.0180000000000006,8.248,8.238,-0.0240000000000009,8.248,49.45,0.04,1.0,0.0,1.0,1.0,0.0,1.0,1.0,1.0,False,DATA-09,False,public-derived-contiguous-slice
5616930,2020-04-17 21:04:54,-0.0180000000000006,8.248,8.238,-0.0240000000000009,8.248,49.45,0.04,1.0,0.0,1.0,1.0,0.0,1.0,1.0,1.0,False,DATA-09,False,public-derived-contiguous-slice
5616940,2020-04-17 21:05:06,-0.0180000000000006,8.248,8.238,-0.0240000000000009,8.248,49.45,0.04,1.0,0.0,1.0,1.0,0.0,1.0,1.0,1.0,False,DATA-09,False,public-derived-contiguous-slice
5616950,2020-04-17 21:05:18,-0.0180000000000006,8.248,8.238,-0.0240000000000009,8.248,49.45,0.04,0.0,0.0,0.0,0.0,0.0,0.0,0.0,0.0,False,DATA-09,False,public-derived-contiguous-slice
5616960,2020-04-17 21:05:31,-0.0180000000000006,8.248,8.238,-0.0240000000000009,8.248,49.45,0.04,1.0,0.0,1.0,1.0,0.0,1.0,1.0,1.0,False,DATA-09,False,public-derived-contiguous-slice
5616970,2020-04-17 21:05:43,-0.0180000000000006,8.248,8.238,-0.0240000000000009,8.248,49.45,0.04,1.0,0.0,1.0,1.0,0.0,1.0,1.0,1.0,False,DATA-09,False,public-derived-contiguous-slice
5616980,2020-04-17 21:05:55,-0.0180000000000006,8.248,8.238,-0.0240000000000009,8.248,49.45,0.04,1.0,0.0,1.0,1.0,0.0,1.0,1.0,1.0,False,DATA-09,False,public-derived-contiguous-slice
5616990,2020-04-17 21:06:07,-0.0180000000000006,8.248,8.238,-0.0240000000000009,8.248,49.45,0.04,1.0,0.0,1.0,1.0,0.0,1.0,1.0,1.0,False,DATA-09,False,public-derived-contiguous-slice
5617000,2020-04-17 21:06:19,-0.0180000000000006,8.248,8.238,-0.0240000000000009,8.248,49.45,0.04,1.0,0.0,1.0,1.0,0.0,1.0,1.0,1.0,False,DATA-09,False,public-derived-contiguous-slice
5617010,2020-04-17 21:06:30,-0.0180000000000006,8.248,8.238,-0.0240000000000009,8.248,49.45,0.04,0.0,0.0,0.0,0.0,0.0,0.0,0.0,0.0,False,DATA-09,False,public-derived-contiguous-slice
5617020,2020-04-17 21:06:43,-0.0180000000000006,8.248,8.238,-0.0240000000000009,8.248,49.45,0.04,1.0,0.0,1.0,1.0,0.0,1.0,1.0,1.0,False,DATA-09,False,public-derived-contiguous-slice
5617030,2020-04-17 21:06:55,-0.0180000000000006,8.248,8.238,-0.0240000000000009,8.248,49.45,0.04,1.0,0.0,1.0,1.0,0.0,1.0,1.0,1.0,False,DATA-09,False,public-derived-contiguous-slice
5617040,2020-04-17 21:07:07,-0.0180000000000006,8.248,8.238,-0.0240000000000009,8.248,49.45,0.04,1.0,0.0,1.0,1.0,0.0,1.0,1.0,1.0,False,DATA-09,False,public-derived-contiguous-slice
5617050,2020-04-17 21:07:19,-0.0180000000000006,8.248,8.238,-0.0240000000000009,8.248,49.45,0.04,1.0,0.0,1.0,1.0,0.0,1.0,1.0,1.0,False,DATA-09,False,public-derived-contiguous-slice
5617060,2020-04-17 21:07:31,-0.0180000000000006,8.248,8.238,-0.0240000000000009,8.248,49.45,0.04,0.0,0.0,0.0,0.0,0.0,0.0,0.0,0.0,False,DATA-09,False,public-derived-contiguous-slice
5617070,2020-04-17 21:07:44,-0.0180000000000006,8.248,8.238,-0.0240000000000009,8.248,49.45,0.04,1.0,0.0,1.0,1.0,0.0,1.0,1.0,1.0,False,DATA-09,False,public-derived-contiguous-slice
5617080,2020-04-17 21:07:56,-0.0180000000000006,8.248,8.238,-0.0240000000000009,8.248,49.45,0.04,1.0,0.0,1.0,1.0,0.0,1.0,1.0,1.0,False,DATA-09,False,public-derived-contiguous-slice
5617090,2020-04-17 21:08:08,-0.0180000000000006,8.248,8.238,-0.0240000000000009,8.248,49.45,0.04,1.0,0.0,1.0,1.0,0.0,1.0,1.0,1.0,False,DATA-09,False,public-derived-contiguous-slice
5617100,2020-04-17 21:08:19,-0.0180000000000006,8.248,8.238,-0.0240000000000009,8.248,49.45,0.04,1.0,0.0,1.0,1.0,0.0,1.0,1.0,1.0,False,DATA-09,False,public-derived-contiguous-slice
5617110,2020-04-17 21:08:31,-0.0180000000000006,8.248,8.238,-0.0240000000000009,8.248,49.45,0.04,0.0,0.0,0.0,0.0,0.0,0.0,0.0,0.0,False,DATA-09,False,public-derived-contiguous-slice
5617120,2020-04-17 21:08:44,-0.0180000000000006,8.248,8.238,-0.0240000000000009,8.248,49.45,0.04,1.0,0.0,1.0,1.0,0.0,1.0,1.0,1.0,False,DATA-09,False,public-derived-contiguous-slice
5617130,2020-04-17 21:08:56,-0.0180000000000006,8.248,8.238,-0.0240000000000009,8.248,49.45,0.04,1.0,0.0,1.0,1.0,0.0,1.0,1.0,1.0,False,DATA-09,False,public-derived-contiguous-slice
5617140,2020-04-17 21:09:08,-0.0180000000000006,8.248,8.238,-0.0240000000000009,8.248,49.45,0.04,1.0,0.0,1.0,1.0,0.0,1.0,1.0,1.0,False,DATA-09,False,public-derived-contiguous-slice
5617150,2020-04-17 21:09:20,-0.0180000000000006,8.248,8.238,-0.0240000000000009,8.248,49.45,0.04,1.0,0.0,1.0,1.0,0.0,1.0,1.0,1.0,False,DATA-09,False,public-derived-contiguous-slice
5617160,2020-04-17 21:09:32,-0.0180000000000006,8.248,8.238,-0.0240000000000009,8.248,49.45,0.04,1.0,0.0,1.0,1.0,0.0,1.0,1.0,1.0,False,DATA-09,False,public-derived-contiguous-slice
5617170,2020-04-17 21:09:44,-0.0180000000000006,8.248,8.238,-0.0240000000000009,8.248,49.45,0.04,0.0,0.0,0.0,0.0,0.0,0.0,0.0,0.0,False,DATA-09,False,public-derived-contiguous-slice
5617180,2020-04-17 21:09:56,-0.0180000000000006,8.248,8.238,-0.0240000000000009,8.248,49.45,0.04,0.0,0.0,0.0,0.0,0.0,0.0,0.0,0.0,False,DATA-09,False,public-derived-contiguous-slice
5617190,2020-04-17 21:10:09,-0.0180000000000006,8.248,8.238,-0.0240000000000009,8.248,49.45,0.04,1.0,0.0,1.0,1.0,0.0,1.0,1.0,1.0,False,DATA-09,False,public-derived-contiguous-slice
5617200,2020-04-17 21:10:20,-0.0180000000000006,8.248,8.238,-0.0240000000000009,8.248,49.45,0.04,1.0,0.0,1.0,1.0,0.0,1.0,1.0,1.0,False,DATA-09,False,public-derived-contiguous-slice
5617210,2020-04-17 21:10:32,-0.0180000000000006,8.248,8.238,-0.0240000000000009,8.248,49.45,0.04,1.0,0.0,1.0,1.0,0.0,1.0,1.0,1.0,False,DATA-09,False,public-derived-contiguous-slice
5617220,2020-04-17 21:10:44,-0.0180000000000006,8.248,8.238,-0.0240000000000009,8.248,49.45,0.04,1.0,0.0,1.0,1.0,0.0,1.0,1.0,1.0,False,DATA-09,False,public-derived-contiguous-slice
5617230,2020-04-17 21:10:56,-0.0180000000000006,8.248,8.238,-0.0240000000000009,8.248,49.45,0.04,1.0,0.0,1.0,1.0,0.0,1.0,1.0,1.0,False,DATA-09,False,public-derived-contiguous-slice
5617240,2020-04-17 21:11:08,-0.0180000000000006,8.248,8.238,-0.0240000000000009,8.248,49.45,0.04,0.0,0.0,0.0,0.0,0.0,0.0,0.0,0.0,False,DATA-09,False,public-derived-contiguous-slice
5617250,2020-04-17 21:11:20,-0.0180000000000006,8.248,8.238,-0.0240000000000009,8.248,49.45,0.04,0.0,0.0,0.0,0.0,0.0,0.0,0.0,0.0,False,DATA-09,False,public-derived-contiguous-slice
5617260,2020-04-17 21:11:33,-0.0180000000000006,8.248,8.238,-0.0240000000000009,8.248,49.45,0.04,1.0,0.0,1.0,1.0,0.0,1.0,1.0,1.0,False,DATA-09,False,public-derived-contiguous-slice
5617270,2020-04-17 21:11:45,-0.0180000000000006,8.248,8.238,-0.0240000000000009,8.248,49.45,0.04,1.0,0.0,1.0,1.0,0.0,1.0,1.0,1.0,False,DATA-09,False,public-derived-contiguous-slice
5617280,2020-04-17 21:11:57,-0.0180000000000006,8.248,8.238,-0.0240000000000009,8.248,49.45,0.04,1.0,0.0,1.0,1.0,0.0,1.0,1.0,1.0,False,DATA-09,False,public-derived-contiguous-slice
5617290,2020-04-17 21:12:08,-0.0180000000000006,8.248,8.238,-0.0240000000000009,8.248,49.45,0.04,1.0,0.0,1.0,1.0,0.0,1.0,1.0,1.0,False,DATA-09,False,public-derived-contiguous-slice
5617300,2020-04-17 21:12:20,-0.0180000000000006,8.248,8.238,-0.0240000000000009,8.248,49.45,0.04,1.0,0.0,1.0,1.0,0.0,1.0,1.0,1.0,False,DATA-09,False,public-derived-contiguous-slice
5617310,2020-04-17 21:12:32,-0.0180000000000006,8.248,8.238,-0.0240000000000009,8.248,49.45,0.04,0.0,0.0,0.0,0.0,0.0,0.0,0.0,0.0,False,DATA-09,False,public-derived-contiguous-slice
5617320,2020-04-17 21:12:45,-0.0180000000000006,8.248,8.238,-0.0240000000000009,8.248,49.45,0.04,1.0,0.0,1.0,1.0,0.0,1.0,1.0,1.0,False,DATA-09,False,public-derived-contiguous-slice
5617330,2020-04-17 21:12:57,-0.0180000000000006,8.248,8.238,-0.0240000000000009,8.248,49.45,0.04,1.0,0.0,1.0,1.0,0.0,1.0,1.0,1.0,False,DATA-09,False,public-derived-contiguous-slice
5617340,2020-04-17 21:13:09,-0.0180000000000006,8.248,8.238,-0.0240000000000009,8.248,49.45,0.04,1.0,0.0,1.0,1.0,0.0,1.0,1.0,1.0,False,DATA-09,False,public-derived-contiguous-slice
5617350,2020-04-17 21:13:21,-0.0180000000000006,8.248,8.238,-0.0240000000000009,8.248,49.45,0.04,1.0,0.0,1.0,1.0,0.0,1.0,1.0,1.0,False,DATA-09,False,public-derived-contiguous-slice
5617360,2020-04-17 21:13:33,-0.0180000000000006,8.248,8.238,-0.0240000000000009,8.248,49.45,0.04,0.0,0.0,0.0,0.0,0.0,0.0,0.0,0.0,False,DATA-09,False,public-derived-contiguous-slice
5617370,2020-04-17 21:13:46,-0.0180000000000006,8.248,8.238,-0.0240000000000009,8.248,49.45,0.04,1.0,0.0,1.0,1.0,0.0,1.0,1.0,1.0,False,DATA-09,False,public-derived-contiguous-slice
5617380,2020-04-17 21:13:57,-0.0180000000000006,8.248,8.238,-0.0240000000000009,8.248,49.45,0.04,1.0,0.0,1.0,1.0,0.0,1.0,1.0,1.0,False,DATA-09,False,public-derived-contiguous-slice
5617390,2020-04-17 21:14:09,-0.0180000000000006,8.248,8.238,-0.0240000000000009,8.248,49.45,0.04,1.0,0.0,1.0,1.0,0.0,1.0,1.0,1.0,False,DATA-09,False,public-derived-contiguous-slice
5617400,2020-04-17 21:14:21,-0.0180000000000006,8.248,8.238,-0.0240000000000009,8.248,49.45,0.04,1.0,0.0,1.0,1.0,0.0,1.0,1.0,1.0,False,DATA-09,False,public-derived-contiguous-slice
5617410,2020-04-17 21:14:33,-0.0180000000000006,8.248,8.238,-0.0240000000000009,8.248,49.45,0.04,0.0,0.0,0.0,0.0,0.0,0.0,0.0,0.0,False,DATA-09,False,public-derived-contiguous-slice
5617420,2020-04-17 21:14:46,-0.0180000000000006,8.248,8.238,-0.0240000000000009,8.248,49.45,0.04,1.0,0.0,1.0,1.0,0.0,1.0,1.0,1.0,False,DATA-09,False,public-derived-contiguous-slice
5617430,2020-04-17 21:14:58,-0.0180000000000006,8.248,8.238,-0.0240000000000009,8.248,49.45,0.04,1.0,0.0,1.0,1.0,0.0,1.0,1.0,1.0,False,DATA-09,False,public-derived-contiguous-slice
5617440,2020-04-17 21:15:10,-0.0180000000000006,8.248,8.238,-0.0240000000000009,8.248,49.45,0.04,1.0,0.0,1.0,1.0,0.0,1.0,1.0,1.0,False,DATA-09,False,public-derived-contiguous-slice
5617450,2020-04-17 21:15:22,-0.0180000000000006,8.248,8.238,-0.0240000000000009,8.248,49.45,0.04,1.0,0.0,1.0,1.0,0.0,1.0,1.0,1.0,False,DATA-09,False,public-derived-contiguous-slice
5617460,2020-04-17 21:15:34,-0.0180000000000006,8.248,8.238,-0.0240000000000009,8.248,49.45,0.04,1.0,0.0,1.0,1.0,0.0,1.0,1.0,1.0,False,DATA-09,False,public-derived-contiguous-slice
5617470,2020-04-17 21:15:45,-0.0180000000000006,8.248,8.238,-0.0240000000000009,8.248,49.45,0.04,1.0,0.0,1.0,1.0,0.0,1.0,1.0,1.0,False,DATA-09,False,public-derived-contiguous-slice
5617480,2020-04-17 21:15:57,-0.0180000000000006,8.248,8.238,-0.0240000000000009,8.248,49.45,0.04,0.0,0.0,0.0,0.0,0.0,0.0,0.0,0.0,False,DATA-09,False,public-derived-contiguous-slice
5617490,2020-04-17 21:16:10,-0.0180000000000006,8.248,8.238,-0.0240000000000009,8.248,49.45,0.04,1.0,0.0,1.0,1.0,0.0,1.0,1.0,1.0,False,DATA-09,False,public-derived-contiguous-slice
5617500,2020-04-17 21:16:22,-0.0180000000000006,8.248,8.238,-0.0240000000000009,8.248,49.45,0.04,1.0,0.0,1.0,1.0,0.0,1.0,1.0,1.0,False,DATA-09,False,public-derived-contiguous-slice
5617510,2020-04-17 21:16:34,-0.0180000000000006,8.248,8.238,-0.0240000000000009,8.248,49.45,0.04,1.0,0.0,1.0,1.0,0.0,1.0,1.0,1.0,False,DATA-09,False,public-derived-contiguous-slice
5617520,2020-04-17 21:16:46,-0.0180000000000006,8.248,8.238,-0.0240000000000009,8.248,49.45,0.04,1.0,0.0,1.0,1.0,0.0,1.0,1.0,1.0,False,DATA-09,False,public-derived-contiguous-slice
5617530,2020-04-17 21:16:58,-0.0180000000000006,8.248,8.238,-0.0240000000000009,8.248,49.45,0.04,0.0,0.0,0.0,0.0,0.0,0.0,0.0,0.0,False,DATA-09,False,public-derived-contiguous-slice
5617540,2020-04-17 21:17:11,-0.0180000000000006,8.248,8.238,-0.0240000000000009,8.248,49.45,0.04,1.0,0.0,1.0,1.0,0.0,1.0,1.0,1.0,False,DATA-09,False,public-derived-contiguous-slice
5617550,2020-04-17 21:17:23,-0.0180000000000006,8.248,8.238,-0.0240000000000009,8.248,49.45,0.04,1.0,0.0,1.0,1.0,0.0,1.0,1.0,1.0,False,DATA-09,False,public-derived-contiguous-slice
5617560,2020-04-17 21:17:34,-0.0180000000000006,8.248,8.238,-0.0240000000000009,8.248,49.45,0.04,1.0,0.0,1.0,1.0,0.0,1.0,1.0,1.0,False,DATA-09,False,public-derived-contiguous-slice
5617570,2020-04-17 21:17:46,-0.0180000000000006,8.248,8.238,-0.0240000000000009,8.248,49.45,0.04,1.0,0.0,1.0,1.0,0.0,1.0,1.0,1.0,False,DATA-09,False,public-derived-contiguous-slice
5617580,2020-04-17 21:17:58,-0.0180000000000006,8.248,8.238,-0.0240000000000009,8.248,49.45,0.04,1.0,0.0,1.0,1.0,0.0,1.0,1.0,1.0,False,DATA-09,False,public-derived-contiguous-slice
5617590,2020-04-17 21:18:10,-0.0180000000000006,8.248,8.238,-0.0240000000000009,8.248,49.45,0.04,0.0,0.0,0.0,0.0,0.0,0.0,0.0,0.0,False,DATA-09,False,public-derived-contiguous-slice
5617600,2020-04-17 21:18:23,-0.0180000000000006,8.248,8.238,-0.0240000000000009,8.248,49.45,0.04,1.0,0.0,1.0,1.0,0.0,1.0,1.0,1.0,False,DATA-09,False,public-derived-contiguous-slice
5617610,2020-04-17 21:18:35,-0.0180000000000006,8.248,8.238,-0.0240000000000009,8.248,49.45,0.04,1.0,0.0,1.0,1.0,0.0,1.0,1.0,1.0,False,DATA-09,False,public-derived-contiguous-slice
5617620,2020-04-17 21:18:47,-0.0180000000000006,8.248,8.238,-0.0240000000000009,8.248,49.45,0.04,1.0,0.0,1.0,1.0,0.0,1.0,1.0,1.0,False,DATA-09,False,public-derived-contiguous-slice
5617630,2020-04-17 21:18:59,-0.0180000000000006,8.248,8.238,-0.0240000000000009,8.248,49.45,0.04,1.0,0.0,1.0,1.0,0.0,1.0,1.0,1.0,False,DATA-09,False,public-derived-contiguous-slice
5617640,2020-04-17 21:19:11,-0.0180000000000006,8.248,8.238,-0.0240000000000009,8.248,49.45,0.04,0.0,0.0,0.0,0.0,0.0,0.0,0.0,0.0,False,DATA-09,False,public-derived-contiguous-slice
5617650,2020-04-17 21:19:23,-0.0180000000000006,8.248,8.238,-0.0240000000000009,8.248,49.45,0.04,1.0,0.0,1.0,1.0,0.0,1.0,1.0,1.0,False,DATA-09,False,public-derived-contiguous-slice
5617660,2020-04-17 21:19:35,-0.0180000000000006,8.248,8.238,-0.0240000000000009,8.248,49.45,0.04,1.0,0.0,1.0,1.0,0.0,1.0,1.0,1.0,False,DATA-09,False,public-derived-contiguous-slice
5617670,2020-04-17 21:19:47,-0.0180000000000006,8.248,8.238,-0.0240000000000009,8.248,49.45,0.04,1.0,0.0,1.0,1.0,0.0,1.0,1.0,1.0,False,DATA-09,False,public-derived-contiguous-slice
5617680,2020-04-17 21:19:59,-0.0180000000000006,8.248,8.238,-0.0240000000000009,8.248,49.45,0.04,1.0,0.0,1.0,1.0,0.0,1.0,1.0,1.0,False,DATA-09,False,public-derived-contiguous-slice
5617690,2020-04-17 21:20:11,-0.0180000000000006,8.248,8.238,-0.0240000000000009,8.248,49.45,0.04,1.0,0.0,1.0,1.0,0.0,1.0,1.0,1.0,False,DATA-09,False,public-derived-contiguous-slice
5617700,2020-04-17 21:20:23,-0.0180000000000006,8.248,8.238,-0.0240000000000009,8.248,49.45,0.04,1.0,0.0,1.0,1.0,0.0,1.0,1.0,1.0,False,DATA-09,False,public-derived-contiguous-slice
5617710,2020-04-17 21:20:35,-0.0180000000000006,8.248,8.238,-0.0240000000000009,8.248,49.45,0.04,0.0,0.0,0.0,0.0,0.0,0.0,0.0,0.0,False,DATA-09,False,public-derived-contiguous-slice
5617720,2020-04-17 21:20:48,-0.0180000000000006,8.248,8.238,-0.0240000000000009,8.248,49.45,0.04,1.0,0.0,1.0,1.0,0.0,1.0,1.0,1.0,False,DATA-09,False,public-derived-contiguous-slice
5617730,2020-04-17 21:21:00,-0.0180000000000006,8.248,8.238,-0.0240000000000009,8.248,49.45,0.04,1.0,0.0,1.0,1.0,0.0,1.0,1.0,1.0,False,DATA-09,False,public-derived-contiguous-slice
5617740,2020-04-17 21:21:11,-0.0180000000000006,8.248,8.238,-0.0240000000000009,8.248,49.45,0.04,1.0,0.0,1.0,1.0,0.0,1.0,1.0,1.0,False,DATA-09,False,public-derived-contiguous-slice
5617750,2020-04-17 21:21:23,-0.0180000000000006,8.248,8.238,-0.0240000000000009,8.248,49.45,0.04,1.0,0.0,1.0,1.0,0.0,1.0,1.0,1.0,False,DATA-09,False,public-derived-contiguous-slice
5617760,2020-04-17 21:21:35,-0.0180000000000006,8.248,8.238,-0.0240000000000009,8.248,49.45,0.04,0.0,0.0,0.0,0.0,0.0,0.0,0.0,0.0,False,DATA-09,False,public-derived-contiguous-slice
5617770,2020-04-17 21:21:48,-0.0180000000000006,8.248,8.238,-0.0240000000000009,8.248,49.45,0.04,1.0,0.0,1.0,1.0,0.0,1.0,1.0,1.0,False,DATA-09,False,public-derived-contiguous-slice
5617780,2020-04-17 21:22:00,-0.0180000000000006,8.248,8.238,-0.0240000000000009,8.248,49.45,0.04,1.0,0.0,1.0,1.0,0.0,1.0,1.0,1.0,False,DATA-09,False,public-derived-contiguous-slice
5617790,2020-04-17 21:22:12,-0.0180000000000006,8.248,8.238,-0.0240000000000009,8.248,49.45,0.04,1.0,0.0,1.0,1.0,0.0,1.0,1.0,1.0,False,DATA-09,False,public-derived-contiguous-slice
5617800,2020-04-17 21:22:24,-0.0180000000000006,8.248,8.238,-0.0240000000000009,8.248,49.45,0.04,1.0,0.0,1.0,1.0,0.0,1.0,1.0,1.0,False,DATA-09,False,public-derived-contiguous-slice
5617810,2020-04-17 21:22:36,-0.0180000000000006,8.248,8.238,-0.0240000000000009,8.248,49.45,0.04,1.0,0.0,1.0,1.0,0.0,1.0,1.0,1.0,False,DATA-09,False,public-derived-contiguous-slice
5617820,2020-04-17 21:22:48,-0.0180000000000006,8.248,8.238,-0.0240000000000009,8.248,49.45,0.04,1.0,0.0,1.0,1.0,0.0,1.0,1.0,1.0,False,DATA-09,False,public-derived-contiguous-slice
5617830,2020-04-17 21:22:59,-0.0180000000000006,8.248,8.238,-0.0240000000000009,8.248,49.45,0.04,0.0,0.0,0.0,0.0,0.0,0.0,0.0,0.0,False,DATA-09,False,public-derived-contiguous-slice
5617840,2020-04-17 21:23:12,-0.0180000000000006,8.248,8.238,-0.0240000000000009,8.248,49.45,0.04,1.0,0.0,1.0,1.0,0.0,1.0,1.0,1.0,False,DATA-09,False,public-derived-contiguous-slice
5617850,2020-04-17 21:23:24,-0.0180000000000006,8.248,8.238,-0.0240000000000009,8.248,49.45,0.04,1.0,0.0,1.0,1.0,0.0,1.0,1.0,1.0,False,DATA-09,False,public-derived-contiguous-slice
5617860,2020-04-17 21:23:36,-0.0180000000000006,8.248,8.238,-0.0240000000000009,8.248,49.45,0.04,1.0,0.0,1.0,1.0,0.0,1.0,1.0,1.0,False,DATA-09,False,public-derived-contiguous-slice
5617870,2020-04-17 21:23:48,-0.0180000000000006,8.248,8.238,-0.0240000000000009,8.248,49.45,0.04,1.0,0.0,1.0,1.0,0.0,1.0,1.0,1.0,False,DATA-09,False,public-derived-contiguous-slice
5617880,2020-04-17 21:24:00,-0.0180000000000006,8.248,8.238,-0.0240000000000009,8.248,49.45,0.04,1.0,0.0,1.0,1.0,0.0,1.0,1.0,1.0,False,DATA-09,False,public-derived-contiguous-slice
5617890,2020-04-17 21:24:12,-0.0180000000000006,8.248,8.238,-0.0240000000000009,8.248,49.45,0.04,0.0,0.0,0.0,0.0,0.0,0.0,0.0,0.0,False,DATA-09,False,public-derived-contiguous-slice
5617900,2020-04-17 21:24:24,-0.0180000000000006,8.248,8.238,-0.0240000000000009,8.248,49.45,0.04,0.0,0.0,0.0,0.0,0.0,0.0,0.0,0.0,False,DATA-09,False,public-derived-contiguous-slice
5617910,2020-04-17 21:24:37,-0.0180000000000006,8.248,8.238,-0.0240000000000009,8.248,49.45,0.04,1.0,0.0,1.0,1.0,0.0,1.0,1.0,1.0,False,DATA-09,False,public-derived-contiguous-slice
5617920,2020-04-17 21:24:49,-0.0180000000000006,8.248,8.238,-0.0240000000000009,8.248,49.45,0.04,1.0,0.0,1.0,1.0,0.0,1.0,1.0,1.0,False,DATA-09,False,public-derived-contiguous-slice
5617930,2020-04-17 21:25:00,-0.0180000000000006,8.248,8.238,-0.0240000000000009,8.248,49.45,0.04,1.0,0.0,1.0,1.0,0.0,1.0,1.0,1.0,False,DATA-09,False,public-derived-contiguous-slice
5617940,2020-04-17 21:25:12,-0.0180000000000006,8.248,8.238,-0.0240000000000009,8.248,49.45,0.04,1.0,0.0,1.0,1.0,0.0,1.0,1.0,1.0,False,DATA-09,False,public-derived-contiguous-slice
5617950,2020-04-17 21:25:24,-0.0180000000000006,8.248,8.238,-0.0240000000000009,8.248,49.45,0.04,1.0,0.0,1.0,1.0,0.0,1.0,1.0,1.0,False,DATA-09,False,public-derived-contiguous-slice
5617960,2020-04-17 21:25:36,-0.0180000000000006,8.248,8.238,-0.0240000000000009,8.248,49.45,0.04,1.0,0.0,1.0,1.0,0.0,1.0,1.0,1.0,False,DATA-09,False,public-derived-contiguous-slice
5617970,2020-04-17 21:25:48,-0.0180000000000006,8.248,8.238,-0.0240000000000009,8.248,49.45,0.04,0.0,0.0,0.0,0.0,0.0,0.0,0.0,0.0,False,DATA-09,False,public-derived-contiguous-slice
5617980,2020-04-17 21:26:01,-0.0180000000000006,8.248,8.238,-0.0240000000000009,8.248,49.45,0.04,1.0,0.0,1.0,1.0,0.0,1.0,1.0,1.0,False,DATA-09,False,public-derived-contiguous-slice
5617990,2020-04-17 21:26:13,-0.0180000000000006,8.248,8.238,-0.0240000000000009,8.248,49.45,0.04,1.0,0.0,1.0,1.0,0.0,1.0,1.0,1.0,False,DATA-09,False,public-derived-contiguous-slice
5618000,2020-04-17 21:26:25,-0.0180000000000006,8.248,8.238,-0.0240000000000009,8.248,49.45,0.04,1.0,0.0,1.0,1.0,0.0,1.0,1.0,1.0,False,DATA-09,False,public-derived-contiguous-slice
5618010,2020-04-17 21:26:37,-0.0180000000000006,8.248,8.238,-0.0240000000000009,8.248,49.45,0.04,1.0,0.0,1.0,1.0,0.0,1.0,1.0,1.0,False,DATA-09,False,public-derived-contiguous-slice
5618020,2020-04-17 21:26:48,-0.0180000000000006,8.248,8.238,-0.0240000000000009,8.248,49.45,0.04,0.0,0.0,0.0,0.0,0.0,0.0,0.0,0.0,False,DATA-09,False,public-derived-contiguous-slice
5618030,2020-04-17 21:27:01,-0.0180000000000006,8.248,8.238,-0.0240000000000009,8.248,49.45,0.04,1.0,0.0,1.0,1.0,0.0,1.0,1.0,1.0,False,DATA-09,False,public-derived-contiguous-slice
5618040,2020-04-17 21:27:13,-0.0180000000000006,8.248,8.238,-0.0240000000000009,8.248,49.45,0.04,1.0,0.0,1.0,1.0,0.0,1.0,1.0,1.0,False,DATA-09,False,public-derived-contiguous-slice
5618050,2020-04-17 21:27:25,-0.0180000000000006,8.248,8.238,-0.0240000000000009,8.248,49.45,0.04,1.0,0.0,1.0,1.0,0.0,1.0,1.0,1.0,False,DATA-09,False,public-derived-contiguous-slice
5618060,2020-04-17 21:27:37,-0.0180000000000006,8.248,8.238,-0.0240000000000009,8.248,49.45,0.04,1.0,0.0,1.0,1.0,0.0,1.0,1.0,1.0,False,DATA-09,False,public-derived-contiguous-slice
5618070,2020-04-17 21:27:49,-0.0180000000000006,8.248,8.238,-0.0240000000000009,8.248,49.45,0.04,1.0,0.0,1.0,1.0,0.0,1.0,1.0,1.0,False,DATA-09,False,public-derived-contiguous-slice
5618080,2020-04-17 21:28:01,-0.0180000000000006,8.248,8.238,-0.0240000000000009,8.248,49.45,0.04,0.0,0.0,0.0,0.0,0.0,0.0,0.0,0.0,False,DATA-09,False,public-derived-contiguous-slice
5618090,2020-04-17 21:28:14,-0.0180000000000006,8.248,8.238,-0.0240000000000009,8.248,49.45,0.04,1.0,0.0,1.0,1.0,0.0,1.0,1.0,1.0,False,DATA-09,False,public-derived-contiguous-slice
5618100,2020-04-17 21:28:26,-0.0180000000000006,8.248,8.238,-0.0240000000000009,8.248,49.45,0.04,1.0,0.0,1.0,1.0,0.0,1.0,1.0,1.0,False,DATA-09,False,public-derived-contiguous-slice
5618110,2020-04-17 21:28:37,-0.0180000000000006,8.248,8.238,-0.0240000000000009,8.248,49.45,0.04,1.0,0.0,1.0,1.0,0.0,1.0,1.0,1.0,False,DATA-09,False,public-derived-contiguous-slice
5618120,2020-04-17 21:28:49,-0.0180000000000006,8.248,8.238,-0.0240000000000009,8.248,49.45,0.04,1.0,0.0,1.0,1.0,0.0,1.0,1.0,1.0,False,DATA-09,False,public-derived-contiguous-slice
5618130,2020-04-17 21:29:01,-0.0180000000000006,8.248,8.238,-0.0240000000000009,8.248,49.45,0.04,0.0,0.0,0.0,0.0,0.0,0.0,0.0,0.0,False,DATA-09,False,public-derived-contiguous-slice
5618140,2020-04-17 21:29:14,-0.0180000000000006,8.248,8.238,-0.0240000000000009,8.248,49.45,0.04,1.0,0.0,1.0,1.0,0.0,1.0,1.0,1.0,False,DATA-09,False,public-derived-contiguous-slice
5618150,2020-04-17 21:29:26,-0.0180000000000006,8.248,8.238,-0.0240000000000009,8.248,49.45,0.04,1.0,0.0,1.0,1.0,0.0,1.0,1.0,1.0,False,DATA-09,False,public-derived-contiguous-slice
5618160,2020-04-17 21:29:38,-0.0180000000000006,8.248,8.238,-0.0240000000000009,8.248,49.45,0.04,1.0,0.0,1.0,1.0,0.0,1.0,1.0,1.0,False,DATA-09,False,public-derived-contiguous-slice
5618170,2020-04-17 21:29:50,-0.0180000000000006,8.248,8.238,-0.0240000000000009,8.248,49.45,0.04,1.0,0.0,1.0,1.0,0.0,1.0,1.0,1.0,False,DATA-09,False,public-derived-contiguous-slice
5618180,2020-04-17 21:30:02,-0.0180000000000006,8.248,8.238,-0.0240000000000009,8.248,49.45,0.04,1.0,0.0,1.0,1.0,0.0,1.0,1.0,1.0,False,DATA-09,False,public-derived-contiguous-slice
5618190,2020-04-17 21:30:14,-0.0180000000000006,8.248,8.238,-0.0240000000000009,8.248,49.45,0.04,0.0,0.0,0.0,0.0,0.0,0.0,0.0,0.0,False,DATA-09,False,public-derived-contiguous-slice
5618200,2020-04-17 21:30:27,-0.0180000000000006,8.248,8.238,-0.0240000000000009,8.248,49.45,0.04,1.0,0.0,1.0,1.0,0.0,1.0,1.0,1.0,False,DATA-09,False,public-derived-contiguous-slice
5618210,2020-04-17 21:30:38,-0.0180000000000006,8.248,8.238,-0.0240000000000009,8.248,49.45,0.04,1.0,0.0,1.0,1.0,0.0,1.0,1.0,1.0,False,DATA-09,False,public-derived-contiguous-slice
5618220,2020-04-17 21:30:50,-0.0180000000000006,8.248,8.238,-0.0240000000000009,8.248,49.45,0.04,1.0,0.0,1.0,1.0,0.0,1.0,1.0,1.0,False,DATA-09,False,public-derived-contiguous-slice
5618230,2020-04-17 21:31:02,-0.0180000000000006,8.248,8.238,-0.0240000000000009,8.248,49.45,0.04,1.0,0.0,1.0,1.0,0.0,1.0,1.0,1.0,False,DATA-09,False,public-derived-contiguous-slice
5618240,2020-04-17 21:31:14,-0.0180000000000006,8.248,8.238,-0.0240000000000009,8.248,49.45,0.04,0.0,0.0,0.0,0.0,0.0,0.0,0.0,0.0,False,DATA-09,False,public-derived-contiguous-slice
5618250,2020-04-17 21:31:27,-0.0180000000000006,8.248,8.238,-0.0240000000000009,8.248,49.45,0.04,1.0,0.0,1.0,1.0,0.0,1.0,1.0,1.0,False,DATA-09,False,public-derived-contiguous-slice
5618260,2020-04-17 21:31:39,-0.0180000000000006,8.248,8.238,-0.0240000000000009,8.248,49.45,0.04,1.0,0.0,1.0,1.0,0.0,1.0,1.0,1.0,False,DATA-09,False,public-derived-contiguous-slice
5618270,2020-04-17 21:31:51,-0.0180000000000006,8.248,8.238,-0.0240000000000009,8.248,49.45,0.04,1.0,0.0,1.0,1.0,0.0,1.0,1.0,1.0,False,DATA-09,False,public-derived-contiguous-slice
5618280,2020-04-17 21:32:03,-0.0180000000000006,8.248,8.238,-0.0240000000000009,8.248,49.45,0.04,1.0,0.0,1.0,1.0,0.0,1.0,1.0,1.0,False,DATA-09,False,public-derived-contiguous-slice
5618290,2020-04-17 21:32:15,-0.0180000000000006,8.248,8.238,-0.0240000000000009,8.248,49.45,0.04,1.0,0.0,1.0,1.0,0.0,1.0,1.0,1.0,False,DATA-09,False,public-derived-contiguous-slice
5618300,2020-04-17 21:32:27,-0.0180000000000006,8.248,8.238,-0.0240000000000009,8.248,49.45,0.04,1.0,0.0,1.0,1.0,0.0,1.0,1.0,1.0,False,DATA-09,False,public-derived-contiguous-slice
5618310,2020-04-17 21:32:38,-0.0180000000000006,8.248,8.238,-0.0240000000000009,8.248,49.45,0.04,0.0,0.0,0.0,0.0,0.0,0.0,0.0,0.0,False,DATA-09,False,public-derived-contiguous-slice
5618320,2020-04-17 21:32:50,-0.0180000000000006,8.248,8.238,-0.0240000000000009,8.248,49.45,0.04,0.0,0.0,0.0,0.0,0.0,0.0,0.0,0.0,False,DATA-09,False,public-derived-contiguous-slice
5618330,2020-04-17 21:33:03,-0.0180000000000006,8.248,8.238,-0.0240000000000009,8.248,49.45,0.04,1.0,0.0,1.0,1.0,0.0,1.0,1.0,1.0,False,DATA-09,False,public-derived-contiguous-slice
5618340,2020-04-17 21:33:15,-0.0180000000000006,8.248,8.238,-0.0240000000000009,8.248,49.45,0.04,1.0,0.0,1.0,1.0,0.0,1.0,1.0,1.0,False,DATA-09,False,public-derived-contiguous-slice
5618350,2020-04-17 21:33:27,-0.0180000000000006,8.248,8.238,-0.0240000000000009,8.248,49.45,0.04,1.0,0.0,1.0,1.0,0.0,1.0,1.0,1.0,False,DATA-09,False,public-derived-contiguous-slice
5618360,2020-04-17 21:33:39,-0.0180000000000006,8.248,8.238,-0.0240000000000009,8.248,49.45,0.04,1.0,0.0,1.0,1.0,0.0,1.0,1.0,1.0,False,DATA-09,False,public-derived-contiguous-slice
5618370,2020-04-17 21:33:51,-0.0180000000000006,8.248,8.238,-0.0240000000000009,8.248,49.45,0.04,1.0,0.0,1.0,1.0,0.0,1.0,1.0,1.0,False,DATA-09,False,public-derived-contiguous-slice
5618380,2020-04-17 21:34:03,-0.0180000000000006,8.248,8.238,-0.0240000000000009,8.248,49.45,0.04,1.0,0.0,1.0,1.0,0.0,1.0,1.0,1.0,False,DATA-09,False,public-derived-contiguous-slice
5618390,2020-04-17 21:34:15,-0.0180000000000006,8.248,8.238,-0.0240000000000009,8.248,49.45,0.04,0.0,0.0,0.0,0.0,0.0,0.0,0.0,0.0,False,DATA-09,False,public-derived-contiguous-slice
5618400,2020-04-17 21:34:28,-0.0180000000000006,8.248,8.238,-0.0240000000000009,8.248,49.45,0.04,1.0,0.0,1.0,1.0,0.0,1.0,1.0,1.0,False,DATA-09,False,public-derived-contiguous-slice
5618410,2020-04-17 21:34:39,-0.0180000000000006,8.248,8.238,-0.0240000000000009,8.248,49.45,0.04,1.0,0.0,1.0,1.0,0.0,1.0,1.0,1.0,False,DATA-09,False,public-derived-contiguous-slice
5618420,2020-04-17 21:34:51,-0.0180000000000006,8.248,8.238,-0.0240000000000009,8.248,49.45,0.04,1.0,0.0,1.0,1.0,0.0,1.0,1.0,1.0,False,DATA-09,False,public-derived-contiguous-slice
5618430,2020-04-17 21:35:03,-0.0180000000000006,8.248,8.238,-0.0240000000000009,8.248,49.45,0.04,1.0,0.0,1.0,1.0,0.0,1.0,1.0,1.0,False,DATA-09,False,public-derived-contiguous-slice
5618440,2020-04-17 21:35:15,-0.0180000000000006,8.248,8.238,-0.0240000000000009,8.248,49.45,0.04,0.0,0.0,0.0,0.0,0.0,0.0,0.0,0.0,False,DATA-09,False,public-derived-contiguous-slice
5618450,2020-04-17 21:35:28,-0.0180000000000006,8.248,8.238,-0.0240000000000009,8.248,49.45,0.04,1.0,0.0,1.0,1.0,0.0,1.0,1.0,1.0,False,DATA-09,False,public-derived-contiguous-slice
5618460,2020-04-17 21:35:40,-0.0180000000000006,8.248,8.238,-0.0240000000000009,8.248,49.45,0.04,1.0,0.0,1.0,1.0,0.0,1.0,1.0,1.0,False,DATA-09,False,public-derived-contiguous-slice
5618470,2020-04-17 21:35:52,-0.0180000000000006,8.248,8.238,-0.0240000000000009,8.248,49.45,0.04,1.0,0.0,1.0,1.0,0.0,1.0,1.0,1.0,False,DATA-09,False,public-derived-contiguous-slice
5618480,2020-04-17 21:36:04,-0.0180000000000006,8.248,8.238,-0.0240000000000009,8.248,49.45,0.04,1.0,0.0,1.0,1.0,0.0,1.0,1.0,1.0,False,DATA-09,False,public-derived-contiguous-slice
5618490,2020-04-17 21:36:16,-0.0180000000000006,8.248,8.238,-0.0240000000000009,8.248,49.45,0.04,1.0,0.0,1.0,1.0,0.0,1.0,1.0,1.0,False,DATA-09,False,public-derived-contiguous-slice
5618500,2020-04-17 21:36:28,-0.0180000000000006,8.248,8.238,-0.0240000000000009,8.248,49.45,0.04,0.0,0.0,0.0,0.0,0.0,0.0,0.0,0.0,False,DATA-09,False,public-derived-contiguous-slice
5618510,2020-04-17 21:36:40,-0.0180000000000006,8.248,8.238,-0.0240000000000009,8.248,49.45,0.04,1.0,0.0,1.0,1.0,0.0,1.0,1.0,1.0,False,DATA-09,False,public-derived-contiguous-slice
5618520,2020-04-17 21:36:52,-0.0180000000000006,8.248,8.238,-0.0240000000000009,8.248,49.45,0.04,1.0,0.0,1.0,1.0,0.0,1.0,1.0,1.0,False,DATA-09,False,public-derived-contiguous-slice
5618530,2020-04-17 21:37:04,-0.0180000000000006,8.248,8.238,-0.0240000000000009,8.248,49.45,0.04,1.0,0.0,1.0,1.0,0.0,1.0,1.0,1.0,False,DATA-09,False,public-derived-contiguous-slice
5618540,2020-04-17 21:37:16,-0.0180000000000006,8.248,8.238,-0.0240000000000009,8.248,49.45,0.04,1.0,0.0,1.0,1.0,0.0,1.0,1.0,1.0,False,DATA-09,False,public-derived-contiguous-slice
5618550,2020-04-17 21:37:28,-0.0180000000000006,8.248,8.238,-0.0240000000000009,8.248,49.45,0.04,0.0,0.0,0.0,0.0,0.0,0.0,0.0,0.0,False,DATA-09,False,public-derived-contiguous-slice
5618560,2020-04-17 21:37:41,-0.0180000000000006,8.248,8.238,-0.0240000000000009,8.248,49.45,0.04,1.0,0.0,1.0,1.0,0.0,1.0,1.0,1.0,False,DATA-09,False,public-derived-contiguous-slice
5618570,2020-04-17 21:37:53,-0.0180000000000006,8.248,8.238,-0.0240000000000009,8.248,49.45,0.04,1.0,0.0,1.0,1.0,0.0,1.0,1.0,1.0,False,DATA-09,False,public-derived-contiguous-slice
5618580,2020-04-17 21:38:05,-0.0180000000000006,8.248,8.238,-0.0240000000000009,8.248,49.45,0.04,1.0,0.0,1.0,1.0,0.0,1.0,1.0,1.0,False,DATA-09,False,public-derived-contiguous-slice
5618590,2020-04-17 21:38:17,-0.0180000000000006,8.248,8.238,-0.0240000000000009,8.248,49.45,0.04,1.0,0.0,1.0,1.0,0.0,1.0,1.0,1.0,False,DATA-09,False,public-derived-contiguous-slice
5618600,2020-04-17 21:38:29,-0.0180000000000006,8.248,8.238,-0.0240000000000009,8.248,49.45,0.04,1.0,0.0,1.0,1.0,0.0,1.0,1.0,1.0,False,DATA-09,False,public-derived-contiguous-slice
5618610,2020-04-17 21:38:40,-0.0180000000000006,8.248,8.238,-0.0240000000000009,8.248,49.45,0.04,0.0,0.0,0.0,0.0,0.0,0.0,0.0,0.0,False,DATA-09,False,public-derived-contiguous-slice
5618620,2020-04-17 21:38:53,-0.0180000000000006,8.248,8.238,-0.0240000000000009,8.248,49.45,0.04,1.0,0.0,1.0,1.0,0.0,1.0,1.0,1.0,False,DATA-09,False,public-derived-contiguous-slice
5618630,2020-04-17 21:39:05,-0.0180000000000006,8.248,8.238,-0.0240000000000009,8.248,49.45,0.04,1.0,0.0,1.0,1.0,0.0,1.0,1.0,1.0,False,DATA-09,False,public-derived-contiguous-slice
5618640,2020-04-17 21:39:17,-0.0180000000000006,8.248,8.238,-0.0240000000000009,8.248,49.45,0.04,1.0,0.0,1.0,1.0,0.0,1.0,1.0,1.0,False,DATA-09,False,public-derived-contiguous-slice
5618650,2020-04-17 21:39:29,-0.0180000000000006,8.248,8.238,-0.0240000000000009,8.248,49.45,0.04,1.0,0.0,1.0,1.0,0.0,1.0,1.0,1.0,False,DATA-09,False,public-derived-contiguous-slice
5618660,2020-04-17 21:39:41,-0.0180000000000006,8.248,8.238,-0.0240000000000009,8.248,49.45,0.04,0.0,0.0,0.0,0.0,0.0,0.0,0.0,0.0,False,DATA-09,False,public-derived-contiguous-slice
5618670,2020-04-17 21:39:54,-0.0180000000000006,8.248,8.238,-0.0240000000000009,8.248,49.45,0.04,1.0,0.0,1.0,1.0,0.0,1.0,1.0,1.0,False,DATA-09,False,public-derived-contiguous-slice
5618680,2020-04-17 21:40:06,-0.0180000000000006,8.248,8.238,-0.0240000000000009,8.248,49.45,0.04,1.0,0.0,1.0,1.0,0.0,1.0,1.0,1.0,False,DATA-09,False,public-derived-contiguous-slice
5618690,2020-04-17 21:40:18,-0.0180000000000006,8.248,8.238,-0.0240000000000009,8.248,49.45,0.04,1.0,0.0,1.0,1.0,0.0,1.0,1.0,1.0,False,DATA-09,False,public-derived-contiguous-slice
5618700,2020-04-17 21:40:30,-0.0180000000000006,8.248,8.238,-0.0240000000000009,8.248,49.45,0.04,1.0,0.0,1.0,1.0,0.0,1.0,1.0,1.0,False,DATA-09,False,public-derived-contiguous-slice
5618710,2020-04-17 21:40:41,-0.0180000000000006,8.248,8.238,-0.0240000000000009,8.248,49.45,0.04,1.0,0.0,1.0,1.0,0.0,1.0,1.0,1.0,False,DATA-09,False,public-derived-contiguous-slice
5618720,2020-04-17 21:40:53,-0.0180000000000006,8.248,8.238,-0.0240000000000009,8.248,49.45,0.04,0.0,0.0,0.0,0.0,0.0,0.0,0.0,0.0,False,DATA-09,False,public-derived-contiguous-slice
5618730,2020-04-17 21:41:05,-0.0180000000000006,8.248,8.238,-0.0240000000000009,8.248,49.45,0.04,0.0,0.0,0.0,0.0,0.0,0.0,0.0,0.0,False,DATA-09,False,public-derived-contiguous-slice
5618740,2020-04-17 21:41:18,-0.0180000000000006,8.248,8.238,-0.0240000000000009,8.248,49.45,0.04,1.0,0.0,1.0,1.0,0.0,1.0,1.0,1.0,False,DATA-09,False,public-derived-contiguous-slice
5618750,2020-04-17 21:41:30,-0.0180000000000006,8.248,8.238,-0.0240000000000009,8.248,49.45,0.04,1.0,0.0,1.0,1.0,0.0,1.0,1.0,1.0,False,DATA-09,False,public-derived-contiguous-slice
5618760,2020-04-17 21:41:42,-0.0180000000000006,8.248,8.238,-0.0240000000000009,8.248,49.45,0.04,1.0,0.0,1.0,1.0,0.0,1.0,1.0,1.0,False,DATA-09,False,public-derived-contiguous-slice
5618770,2020-04-17 21:41:54,-0.0180000000000006,8.248,8.238,-0.0240000000000009,8.248,49.45,0.04,1.0,0.0,1.0,1.0,0.0,1.0,1.0,1.0,False,DATA-09,False,public-derived-contiguous-slice
5618780,2020-04-17 21:42:06,-0.0180000000000006,8.248,8.238,-0.0240000000000009,8.248,49.45,0.04,1.0,0.0,1.0,1.0,0.0,1.0,1.0,1.0,False,DATA-09,False,public-derived-contiguous-slice
5618790,2020-04-17 21:42:18,-0.0180000000000006,8.248,8.238,-0.0240000000000009,8.248,49.45,0.04,0.0,0.0,0.0,0.0,0.0,0.0,0.0,0.0,False,DATA-09,False,public-derived-contiguous-slice
5618800,2020-04-17 21:42:31,-0.0180000000000006,8.248,8.238,-0.0240000000000009,8.248,49.45,0.04,1.0,0.0,1.0,1.0,0.0,1.0,1.0,1.0,False,DATA-09,False,public-derived-contiguous-slice
5618810,2020-04-17 21:42:42,-0.0180000000000006,8.248,8.238,-0.0240000000000009,8.248,49.45,0.04,1.0,0.0,1.0,1.0,0.0,1.0,1.0,1.0,False,DATA-09,False,public-derived-contiguous-slice
5618820,2020-04-17 21:42:54,-0.0180000000000006,8.248,8.238,-0.0240000000000009,8.248,49.45,0.04,1.0,0.0,1.0,1.0,0.0,1.0,1.0,1.0,False,DATA-09,False,public-derived-contiguous-slice
5618830,2020-04-17 21:43:06,-0.0180000000000006,8.248,8.238,-0.0240000000000009,8.248,49.45,0.04,1.0,0.0,1.0,1.0,0.0,1.0,1.0,1.0,False,DATA-09,False,public-derived-contiguous-slice
5618840,2020-04-17 21:43:18,-0.0180000000000006,8.248,8.238,-0.0240000000000009,8.248,49.45,0.04,0.0,0.0,0.0,0.0,0.0,0.0,0.0,0.0,False,DATA-09,False,public-derived-contiguous-slice
5618850,2020-04-17 21:43:31,-0.0180000000000006,8.248,8.238,-0.0240000000000009,8.248,49.45,0.04,1.0,0.0,1.0,1.0,0.0,1.0,1.0,1.0,False,DATA-09,False,public-derived-contiguous-slice
5618860,2020-04-17 21:43:43,-0.0180000000000006,8.248,8.238,-0.0240000000000009,8.248,49.45,0.04,1.0,0.0,1.0,1.0,0.0,1.0,1.0,1.0,False,DATA-09,False,public-derived-contiguous-slice
5618870,2020-04-17 21:43:55,-0.0180000000000006,8.248,8.238,-0.0240000000000009,8.248,49.45,0.04,1.0,0.0,1.0,1.0,0.0,1.0,1.0,1.0,False,DATA-09,False,public-derived-contiguous-slice
5618880,2020-04-17 21:44:07,-0.0180000000000006,8.248,8.238,-0.0240000000000009,8.248,49.45,0.04,1.0,0.0,1.0,1.0,0.0,1.0,1.0,1.0,False,DATA-09,False,public-derived-contiguous-slice
5618890,2020-04-17 21:44:19,-0.0180000000000006,8.248,8.238,-0.0240000000000009,8.248,49.45,0.04,1.0,0.0,1.0,1.0,0.0,1.0,1.0,1.0,False,DATA-09,False,public-derived-contiguous-slice
5618900,2020-04-17 21:44:31,-0.0180000000000006,8.248,8.238,-0.0240000000000009,8.248,49.45,0.04,0.0,0.0,0.0,0.0,0.0,0.0,0.0,0.0,False,DATA-09,False,public-derived-contiguous-slice
5618910,2020-04-17 21:44:43,-0.0180000000000006,8.248,8.238,-0.0240000000000009,8.248,49.45,0.04,1.0,0.0,1.0,1.0,0.0,1.0,1.0,1.0,False,DATA-09,False,public-derived-contiguous-slice
5618920,2020-04-17 21:44:55,-0.0180000000000006,8.248,8.238,-0.0240000000000009,8.248,49.45,0.04,1.0,0.0,1.0,1.0,0.0,1.0,1.0,1.0,False,DATA-09,False,public-derived-contiguous-slice
5618930,2020-04-17 21:45:07,-0.0180000000000006,8.248,8.238,-0.0240000000000009,8.248,49.45,0.04,1.0,0.0,1.0,1.0,0.0,1.0,1.0,1.0,False,DATA-09,False,public-derived-contiguous-slice
5618940,2020-04-17 21:45:19,-0.0180000000000006,8.248,8.238,-0.0240000000000009,8.248,49.45,0.04,1.0,0.0,1.0,1.0,0.0,1.0,1.0,1.0,False,DATA-09,False,public-derived-contiguous-slice
5618950,2020-04-17 21:45:31,-0.0180000000000006,8.248,8.238,-0.0240000000000009,8.248,49.45,0.04,0.0,0.0,0.0,0.0,0.0,0.0,0.0,0.0,False,DATA-09,False,public-derived-contiguous-slice
5618960,2020-04-17 21:45:44,-0.0180000000000006,8.248,8.238,-0.0240000000000009,8.248,49.45,0.04,1.0,0.0,1.0,1.0,0.0,1.0,1.0,1.0,False,DATA-09,False,public-derived-contiguous-slice
5618970,2020-04-17 21:45:56,-0.0180000000000006,8.248,8.238,-0.0240000000000009,8.248,49.45,0.04,1.0,0.0,1.0,1.0,0.0,1.0,1.0,1.0,False,DATA-09,False,public-derived-contiguous-slice
5618980,2020-04-17 21:46:08,-0.0180000000000006,8.248,8.238,-0.0240000000000009,8.248,49.45,0.04,1.0,0.0,1.0,1.0,0.0,1.0,1.0,1.0,False,DATA-09,False,public-derived-contiguous-slice
5618990,2020-04-17 21:46:20,-0.0180000000000006,8.248,8.238,-0.0240000000000009,8.248,49.45,0.04,1.0,0.0,1.0,1.0,0.0,1.0,1.0,1.0,False,DATA-09,False,public-derived-contiguous-slice
5619000,2020-04-17 21:46:32,-0.0180000000000006,8.248,8.238,-0.0240000000000009,8.248,49.45,0.04,1.0,0.0,1.0,1.0,0.0,1.0,1.0,1.0,False,DATA-09,False,public-derived-contiguous-slice
5619010,2020-04-17 21:46:43,-0.0180000000000006,8.248,8.238,-0.0240000000000009,8.248,49.45,0.04,1.0,0.0,1.0,1.0,0.0,1.0,1.0,1.0,False,DATA-09,False,public-derived-contiguous-slice
5619020,2020-04-17 21:46:55,-0.0180000000000006,8.248,8.238,-0.0240000000000009,8.248,49.45,0.04,0.0,0.0,0.0,0.0,0.0,0.0,0.0,0.0,False,DATA-09,False,public-derived-contiguous-slice
5619030,2020-04-17 21:47:08,-0.0180000000000006,8.248,8.238,-0.0240000000000009,8.248,49.45,0.04,1.0,0.0,1.0,1.0,0.0,1.0,1.0,1.0,False,DATA-09,False,public-derived-contiguous-slice
5619040,2020-04-17 21:47:20,-0.0180000000000006,8.248,8.238,-0.0240000000000009,8.248,49.45,0.04,1.0,0.0,1.0,1.0,0.0,1.0,1.0,1.0,False,DATA-09,False,public-derived-contiguous-slice
5619050,2020-04-17 21:47:32,-0.0180000000000006,8.248,8.238,-0.0240000000000009,8.248,49.45,0.04,1.0,0.0,1.0,1.0,0.0,1.0,1.0,1.0,False,DATA-09,False,public-derived-contiguous-slice
5619060,2020-04-17 21:47:44,-0.0180000000000006,8.248,8.238,-0.0240000000000009,8.248,49.45,0.04,1.0,0.0,1.0,1.0,0.0,1.0,1.0,1.0,False,DATA-09,False,public-derived-contiguous-slice
5619070,2020-04-17 21:47:56,-0.0180000000000006,8.248,8.238,-0.0240000000000009,8.248,49.45,0.04,1.0,0.0,1.0,1.0,0.0,1.0,1.0,1.0,False,DATA-09,False,public-derived-contiguous-slice
5619080,2020-04-17 21:48:08,-0.0180000000000006,8.248,8.238,-0.0240000000000009,8.248,49.45,0.04,0.0,0.0,0.0,0.0,0.0,0.0,0.0,0.0,False,DATA-09,False,public-derived-contiguous-slice
5619090,2020-04-17 21:48:21,-0.0180000000000006,8.248,8.238,-0.0240000000000009,8.248,49.45,0.04,1.0,0.0,1.0,1.0,0.0,1.0,1.0,1.0,False,DATA-09,False,public-derived-contiguous-slice
5619100,2020-04-17 21:48:33,-0.0180000000000006,8.248,8.238,-0.0240000000000009,8.248,49.45,0.04,1.0,0.0,1.0,1.0,0.0,1.0,1.0,1.0,False,DATA-09,False,public-derived-contiguous-slice
5619110,2020-04-17 21:48:44,-0.0180000000000006,8.248,8.238,-0.0240000000000009,8.248,49.45,0.04,1.0,0.0,1.0,1.0,0.0,1.0,1.0,1.0,False,DATA-09,False,public-derived-contiguous-slice
5619120,2020-04-17 21:48:56,-0.0180000000000006,8.248,8.238,-0.0240000000000009,8.248,49.45,0.04,1.0,0.0,1.0,1.0,0.0,1.0,1.0,1.0,False,DATA-09,False,public-derived-contiguous-slice
5619130,2020-04-17 21:49:08,-0.0180000000000006,8.248,8.238,-0.0240000000000009,8.248,49.45,0.04,0.0,0.0,0.0,0.0,0.0,0.0,0.0,0.0,False,DATA-09,False,public-derived-contiguous-slice
5619140,2020-04-17 21:49:20,-0.0180000000000006,8.248,8.238,-0.0240000000000009,8.248,49.45,0.04,0.0,0.0,0.0,0.0,0.0,0.0,0.0,0.0,False,DATA-09,False,public-derived-contiguous-slice
5619150,2020-04-17 21:49:33,-0.0180000000000006,8.248,8.238,-0.0240000000000009,8.248,49.45,0.04,1.0,0.0,1.0,1.0,0.0,1.0,1.0,1.0,False,DATA-09,False,public-derived-contiguous-slice
5619160,2020-04-17 21:49:45,-0.0180000000000006,8.248,8.238,-0.0240000000000009,8.248,49.45,0.04,1.0,0.0,1.0,1.0,0.0,1.0,1.0,1.0,False,DATA-09,False,public-derived-contiguous-slice
5619170,2020-04-17 21:49:57,-0.0180000000000006,8.248,8.238,-0.0240000000000009,8.248,49.45,0.04,1.0,0.0,1.0,1.0,0.0,1.0,1.0,1.0,False,DATA-09,False,public-derived-contiguous-slice
5619180,2020-04-17 21:50:09,-0.0180000000000006,8.248,8.238,-0.0240000000000009,8.248,49.45,0.04,1.0,0.0,1.0,1.0,0.0,1.0,1.0,1.0,False,DATA-09,False,public-derived-contiguous-slice
5619190,2020-04-17 21:50:21,-0.0180000000000006,8.248,8.238,-0.0240000000000009,8.248,49.45,0.04,0.0,0.0,0.0,0.0,0.0,0.0,0.0,0.0,False,DATA-09,False,public-derived-contiguous-slice
5619200,2020-04-17 21:50:34,-0.0180000000000006,8.248,8.238,-0.0240000000000009,8.248,49.45,0.04,1.0,0.0,1.0,1.0,0.0,1.0,1.0,1.0,False,DATA-09,False,public-derived-contiguous-slice
5619210,2020-04-17 21:50:45,-0.0180000000000006,8.248,8.238,-0.0240000000000009,8.248,49.45,0.04,1.0,0.0,1.0,1.0,0.0,1.0,1.0,1.0,False,DATA-09,False,public-derived-contiguous-slice
5619220,2020-04-17 21:50:57,-0.0180000000000006,8.248,8.238,-0.0240000000000009,8.248,49.45,0.04,1.0,0.0,1.0,1.0,0.0,1.0,1.0,1.0,False,DATA-09,False,public-derived-contiguous-slice
5619230,2020-04-17 21:51:09,-0.0180000000000006,8.248,8.238,-0.0240000000000009,8.248,49.45,0.04,1.0,0.0,1.0,1.0,0.0,1.0,1.0,1.0,False,DATA-09,False,public-derived-contiguous-slice
5619240,2020-04-17 21:51:21,-0.0180000000000006,8.248,8.238,-0.0240000000000009,8.248,49.45,0.04,0.0,0.0,0.0,0.0,0.0,0.0,0.0,0.0,False,DATA-09,False,public-derived-contiguous-slice
5619250,2020-04-17 21:51:34,-0.0180000000000006,8.248,8.238,-0.0240000000000009,8.248,49.45,0.04,1.0,0.0,1.0,1.0,0.0,1.0,1.0,1.0,False,DATA-09,False,public-derived-contiguous-slice
5619260,2020-04-17 21:51:46,-0.0180000000000006,8.248,8.238,-0.0240000000000009,8.248,49.45,0.04,1.0,0.0,1.0,1.0,0.0,1.0,1.0,1.0,False,DATA-09,False,public-derived-contiguous-slice
5619270,2020-04-17 21:51:58,-0.0180000000000006,8.248,8.238,-0.0240000000000009,8.248,49.45,0.04,1.0,0.0,1.0,1.0,0.0,1.0,1.0,1.0,False,DATA-09,False,public-derived-contiguous-slice
5619280,2020-04-17 21:52:10,-0.0180000000000006,8.248,8.238,-0.0240000000000009,8.248,49.45,0.04,1.0,0.0,1.0,1.0,0.0,1.0,1.0,1.0,False,DATA-09,False,public-derived-contiguous-slice
5619290,2020-04-17 21:52:22,-0.0180000000000006,8.248,8.238,-0.0240000000000009,8.248,49.45,0.04,0.0,0.0,0.0,0.0,0.0,0.0,0.0,0.0,False,DATA-09,False,public-derived-contiguous-slice
5619300,2020-04-17 21:52:35,-0.0180000000000006,8.248,8.238,-0.0240000000000009,8.248,49.45,0.04,1.0,0.0,1.0,1.0,0.0,1.0,1.0,1.0,False,DATA-09,False,public-derived-contiguous-slice
5619310,2020-04-17 21:52:46,-0.0180000000000006,8.248,8.238,-0.0240000000000009,8.248,49.45,0.04,1.0,0.0,1.0,1.0,0.0,1.0,1.0,1.0,False,DATA-09,False,public-derived-contiguous-slice
5619320,2020-04-17 21:52:58,-0.0180000000000006,8.248,8.238,-0.0240000000000009,8.248,49.45,0.04,1.0,0.0,1.0,1.0,0.0,1.0,1.0,1.0,False,DATA-09,False,public-derived-contiguous-slice
5619330,2020-04-17 21:53:10,-0.0180000000000006,8.248,8.238,-0.0240000000000009,8.248,49.45,0.04,1.0,0.0,1.0,1.0,0.0,1.0,1.0,1.0,False,DATA-09,False,public-derived-contiguous-slice
5619340,2020-04-17 21:53:22,-0.0180000000000006,8.248,8.238,-0.0240000000000009,8.248,49.45,0.04,0.0,0.0,0.0,0.0,0.0,0.0,0.0,0.0,False,DATA-09,False,public-derived-contiguous-slice
5619350,2020-04-17 21:53:34,-0.0180000000000006,8.248,8.238,-0.0240000000000009,8.248,49.45,0.04,0.0,0.0,0.0,0.0,0.0,0.0,0.0,0.0,False,DATA-09,False,public-derived-contiguous-slice
5619360,2020-04-17 21:53:47,-0.0180000000000006,8.248,8.238,-0.0240000000000009,8.248,49.45,0.04,1.0,0.0,1.0,1.0,0.0,1.0,1.0,1.0,False,DATA-09,False,public-derived-contiguous-slice
5619370,2020-04-17 21:53:59,-0.0180000000000006,8.248,8.238,-0.0240000000000009,8.248,49.45,0.04,1.0,0.0,1.0,1.0,0.0,1.0,1.0,1.0,False,DATA-09,False,public-derived-contiguous-slice
5619380,2020-04-17 21:54:11,-0.0180000000000006,8.248,8.238,-0.0240000000000009,8.248,49.45,0.04,1.0,0.0,1.0,1.0,0.0,1.0,1.0,1.0,False,DATA-09,False,public-derived-contiguous-slice
5619390,2020-04-17 21:54:23,-0.0180000000000006,8.248,8.238,-0.0240000000000009,8.248,49.45,0.04,1.0,0.0,1.0,1.0,0.0,1.0,1.0,1.0,False,DATA-09,False,public-derived-contiguous-slice
5619400,2020-04-17 21:54:35,-0.0180000000000006,8.248,8.238,-0.0240000000000009,8.248,49.45,0.04,1.0,0.0,1.0,1.0,0.0,1.0,1.0,1.0,False,DATA-09,False,public-derived-contiguous-slice
5619410,2020-04-17 21:54:46,-0.0180000000000006,8.248,8.238,-0.0240000000000009,8.248,49.45,0.04,1.0,0.0,1.0,1.0,0.0,1.0,1.0,1.0,False,DATA-09,False,public-derived-contiguous-slice
5619420,2020-04-17 21:54:58,-0.0180000000000006,8.248,8.238,-0.0240000000000009,8.248,49.45,0.04,1.0,0.0,1.0,1.0,0.0,1.0,1.0,1.0,False,DATA-09,False,public-derived-contiguous-slice
5619430,2020-04-17 21:55:10,-0.0180000000000006,8.248,8.238,-0.0240000000000009,8.248,49.45,0.04,0.0,0.0,0.0,0.0,0.0,0.0,0.0,0.0,False,DATA-09,False,public-derived-contiguous-slice
5619440,2020-04-17 21:55:23,-0.0180000000000006,8.248,8.238,-0.0240000000000009,8.248,49.45,0.04,1.0,0.0,1.0,1.0,0.0,1.0,1.0,1.0,False,DATA-09,False,public-derived-contiguous-slice
5619450,2020-04-17 21:55:35,-0.0180000000000006,8.248,8.238,-0.0240000000000009,8.248,49.45,0.04,1.0,0.0,1.0,1.0,0.0,1.0,1.0,1.0,False,DATA-09,False,public-derived-contiguous-slice
5619460,2020-04-17 21:55:47,-0.0180000000000006,8.248,8.238,-0.0240000000000009,8.248,49.45,0.04,1.0,0.0,1.0,1.0,0.0,1.0,1.0,1.0,False,DATA-09,False,public-derived-contiguous-slice
5619470,2020-04-17 21:55:59,-0.0180000000000006,8.248,8.238,-0.0240000000000009,8.248,49.45,0.04,1.0,0.0,1.0,1.0,0.0,1.0,1.0,1.0,False,DATA-09,False,public-derived-contiguous-slice
5619480,2020-04-17 21:56:11,-0.0180000000000006,8.248,8.238,-0.0240000000000009,8.248,49.45,0.04,1.0,0.0,1.0,1.0,0.0,1.0,1.0,1.0,False,DATA-09,False,public-derived-contiguous-slice
5619490,2020-04-17 21:56:23,-0.0180000000000006,8.248,8.238,-0.0240000000000009,8.248,49.45,0.04,0.0,0.0,0.0,0.0,0.0,0.0,0.0,0.0,False,DATA-09,False,public-derived-contiguous-slice
5619500,2020-04-17 21:56:35,-0.0180000000000006,8.248,8.238,-0.0240000000000009,8.248,49.45,0.04,0.0,0.0,0.0,0.0,0.0,0.0,0.0,0.0,False,DATA-09,False,public-derived-contiguous-slice
5619510,2020-04-17 21:56:47,-0.0180000000000006,8.248,8.238,-0.0240000000000009,8.248,49.45,0.04,1.0,0.0,1.0,1.0,0.0,1.0,1.0,1.0,False,DATA-09,False,public-derived-contiguous-slice
5619520,2020-04-17 21:56:59,-0.0180000000000006,8.248,8.238,-0.0240000000000009,8.248,49.45,0.04,1.0,0.0,1.0,1.0,0.0,1.0,1.0,1.0,False,DATA-09,False,public-derived-contiguous-slice
5619530,2020-04-17 21:57:11,-0.0180000000000006,8.248,8.238,-0.0240000000000009,8.248,49.45,0.04,1.0,0.0,1.0,1.0,0.0,1.0,1.0,1.0,False,DATA-09,False,public-derived-contiguous-slice
5619540,2020-04-17 21:57:23,-0.0180000000000006,8.248,8.238,-0.0240000000000009,8.248,49.45,0.04,1.0,0.0,1.0,1.0,0.0,1.0,1.0,1.0,False,DATA-09,False,public-derived-contiguous-slice
5619550,2020-04-17 21:57:35,-0.0180000000000006,8.248,8.238,-0.0240000000000009,8.248,49.45,0.04,0.0,0.0,0.0,0.0,0.0,0.0,0.0,0.0,False,DATA-09,False,public-derived-contiguous-slice
5619560,2020-04-17 21:57:48,-0.0180000000000006,8.248,8.238,-0.0240000000000009,8.248,49.45,0.04,1.0,0.0,1.0,1.0,0.0,1.0,1.0,1.0,False,DATA-09,False,public-derived-contiguous-slice
5619570,2020-04-17 21:58:00,-0.0180000000000006,8.248,8.238,-0.0240000000000009,8.248,49.45,0.04,1.0,0.0,1.0,1.0,0.0,1.0,1.0,1.0,False,DATA-09,False,public-derived-contiguous-slice
5619580,2020-04-17 21:58:12,-0.0180000000000006,8.248,8.238,-0.0240000000000009,8.248,49.45,0.04,1.0,0.0,1.0,1.0,0.0,1.0,1.0,1.0,False,DATA-09,False,public-derived-contiguous-slice
5619590,2020-04-17 21:58:24,-0.0180000000000006,8.248,8.238,-0.0240000000000009,8.248,49.45,0.04,1.0,0.0,1.0,1.0,0.0,1.0,1.0,1.0,False,DATA-09,False,public-derived-contiguous-slice
5619600,2020-04-17 21:58:36,-0.0180000000000006,8.248,8.238,-0.0240000000000009,8.248,49.45,0.04,1.0,0.0,1.0,1.0,0.0,1.0,1.0,1.0,False,DATA-09,False,public-derived-contiguous-slice
5619610,2020-04-17 21:58:47,-0.0180000000000006,8.248,8.238,-0.0240000000000009,8.248,49.45,0.04,1.0,0.0,1.0,1.0,0.0,1.0,1.0,1.0,False,DATA-09,False,public-derived-contiguous-slice
5619620,2020-04-17 21:58:59,-0.0180000000000006,8.248,8.238,-0.0240000000000009,8.248,49.45,0.04,0.0,0.0,0.0,0.0,0.0,0.0,0.0,0.0,False,DATA-09,False,public-derived-contiguous-slice
5619630,2020-04-17 21:59:11,-0.0180000000000006,8.248,8.238,-0.0240000000000009,8.248,49.45,0.04,0.0,0.0,0.0,0.0,0.0,0.0,0.0,0.0,False,DATA-09,False,public-derived-contiguous-slice
5619640,2020-04-17 21:59:24,-0.0180000000000006,8.248,8.238,-0.0240000000000009,8.248,49.45,0.04,1.0,0.0,1.0,1.0,0.0,1.0,1.0,1.0,False,DATA-09,False,public-derived-contiguous-slice
5619650,2020-04-17 21:59:36,-0.0180000000000006,8.248,8.238,-0.0240000000000009,8.248,49.45,0.04,1.0,0.0,1.0,1.0,0.0,1.0,1.0,1.0,False,DATA-09,False,public-derived-contiguous-slice
5619660,2020-04-17 21:59:48,-0.0180000000000006,8.248,8.238,-0.0240000000000009,8.248,49.45,0.04,1.0,0.0,1.0,1.0,0.0,1.0,1.0,1.0,False,DATA-09,False,public-derived-contiguous-slice
5619670,2020-04-17 22:00:00,-0.0180000000000006,8.248,8.238,-0.0240000000000009,8.248,49.45,0.04,1.0,0.0,1.0,1.0,0.0,1.0,1.0,1.0,False,DATA-09,False,public-derived-contiguous-slice
5619680,2020-04-17 22:00:12,-0.0180000000000006,8.248,8.238,-0.0240000000000009,8.248,49.45,0.04,0.0,0.0,0.0,0.0,0.0,0.0,0.0,0.0,False,DATA-09,False,public-derived-contiguous-slice
5619690,2020-04-17 22:00:24,-0.0180000000000006,8.248,8.238,-0.0240000000000009,8.248,49.45,0.04,0.0,0.0,0.0,0.0,0.0,0.0,0.0,0.0,False,DATA-09,False,public-derived-contiguous-slice
5619700,2020-04-17 22:00:36,-0.0180000000000006,8.248,8.238,-0.0240000000000009,8.248,49.45,0.04,1.0,0.0,1.0,1.0,0.0,1.0,1.0,1.0,False,DATA-09,False,public-derived-contiguous-slice
5619710,2020-04-17 22:00:48,-0.0180000000000006,8.248,8.238,-0.0240000000000009,8.248,49.45,0.04,1.0,0.0,1.0,1.0,0.0,1.0,1.0,1.0,False,DATA-09,False,public-derived-contiguous-slice
5619720,2020-04-17 22:01:00,-0.0180000000000006,8.248,8.238,-0.0240000000000009,8.248,49.45,0.04,1.0,0.0,1.0,1.0,0.0,1.0,1.0,1.0,False,DATA-09,False,public-derived-contiguous-slice
5619730,2020-04-17 22:01:12,-0.0180000000000006,8.248,8.238,-0.0240000000000009,8.248,49.45,0.04,1.0,0.0,1.0,1.0,0.0,1.0,1.0,1.0,False,DATA-09,False,public-derived-contiguous-slice
5619740,2020-04-17 22:01:24,-0.0180000000000006,8.248,8.238,-0.0240000000000009,8.248,49.45,0.04,1.0,0.0,1.0,1.0,0.0,1.0,1.0,1.0,False,DATA-09,False,public-derived-contiguous-slice
5619750,2020-04-17 22:01:36,-0.0180000000000006,8.248,8.238,-0.0240000000000009,8.248,49.45,0.04,0.0,0.0,0.0,0.0,0.0,0.0,0.0,0.0,False,DATA-09,False,public-derived-contiguous-slice
5619760,2020-04-17 22:01:48,-0.0180000000000006,8.248,8.238,-0.0240000000000009,8.248,49.45,0.04,0.0,0.0,0.0,0.0,0.0,0.0,0.0,0.0,False,DATA-09,False,public-derived-contiguous-slice
5619770,2020-04-17 22:02:01,-0.0180000000000006,8.248,8.238,-0.0240000000000009,8.248,49.45,0.04,1.0,0.0,1.0,1.0,0.0,1.0,1.0,1.0,False,DATA-09,False,public-derived-contiguous-slice
5619780,2020-04-17 22:02:13,-0.0180000000000006,8.248,8.238,-0.0240000000000009,8.248,49.45,0.04,1.0,0.0,1.0,1.0,0.0,1.0,1.0,1.0,False,DATA-09,False,public-derived-contiguous-slice
5619790,2020-04-17 22:02:24,-0.0180000000000006,8.248,8.238,-0.0240000000000009,8.248,49.45,0.04,1.0,0.0,1.0,1.0,0.0,1.0,1.0,1.0,False,DATA-09,False,public-derived-contiguous-slice
5619800,2020-04-17 22:02:36,-0.0180000000000006,8.248,8.238,-0.0240000000000009,8.248,49.45,0.04,1.0,0.0,1.0,1.0,0.0,1.0,1.0,1.0,False,DATA-09,False,public-derived-contiguous-slice
5619810,2020-04-17 22:02:48,-0.0180000000000006,8.248,8.238,-0.0240000000000009,8.248,49.45,0.04,1.0,0.0,1.0,1.0,0.0,1.0,1.0,1.0,False,DATA-09,False,public-derived-contiguous-slice
5619820,2020-04-17 22:03:00,-0.0180000000000006,8.248,8.238,-0.0240000000000009,8.248,49.45,0.04,0.0,0.0,0.0,0.0,0.0,0.0,0.0,0.0,False,DATA-09,False,public-derived-contiguous-slice
5619830,2020-04-17 22:03:13,-0.0180000000000006,8.248,8.238,-0.0240000000000009,8.248,49.45,0.04,1.0,0.0,1.0,1.0,0.0,1.0,1.0,1.0,False,DATA-09,False,public-derived-contiguous-slice
5619840,2020-04-17 22:03:25,-0.0180000000000006,8.248,8.238,-0.0240000000000009,8.248,49.45,0.04,1.0,0.0,1.0,1.0,0.0,1.0,1.0,1.0,False,DATA-09,False,public-derived-contiguous-slice
5619850,2020-04-17 22:03:37,-0.0180000000000006,8.248,8.238,-0.0240000000000009,8.248,49.45,0.04,1.0,0.0,1.0,1.0,0.0,1.0,1.0,1.0,False,DATA-09,False,public-derived-contiguous-slice
5619860,2020-04-17 22:03:49,-0.0180000000000006,8.248,8.238,-0.0240000000000009,8.248,49.45,0.04,1.0,0.0,1.0,1.0,0.0,1.0,1.0,1.0,False,DATA-09,False,public-derived-contiguous-slice
5619870,2020-04-17 22:04:01,-0.0180000000000006,8.248,8.238,-0.0240000000000009,8.248,49.45,0.04,0.0,0.0,0.0,0.0,0.0,0.0,0.0,0.0,False,DATA-09,False,public-derived-contiguous-slice
5619880,2020-04-17 22:04:13,-0.0180000000000006,8.248,8.238,-0.0240000000000009,8.248,49.45,0.04,0.0,0.0,0.0,0.0,0.0,0.0,0.0,0.0,False,DATA-09,False,public-derived-contiguous-slice
5619890,2020-04-17 22:04:24,-0.0180000000000006,8.248,8.238,-0.0240000000000009,8.248,49.45,0.04,0.0,0.0,0.0,0.0,0.0,0.0,0.0,0.0,False,DATA-09,False,public-derived-contiguous-slice
5619900,2020-04-17 22:04:37,-0.0180000000000006,8.248,8.238,-0.0240000000000009,8.248,49.45,0.04,1.0,0.0,1.0,1.0,0.0,1.0,1.0,1.0,False,DATA-09,False,public-derived-contiguous-slice
5619910,2020-04-17 22:04:49,-0.0180000000000006,8.248,8.238,-0.0240000000000009,8.248,49.45,0.04,1.0,0.0,1.0,1.0,0.0,1.0,1.0,1.0,False,DATA-09,False,public-derived-contiguous-slice
5619920,2020-04-17 22:05:01,-0.0180000000000006,8.248,8.238,-0.0240000000000009,8.248,49.45,0.04,1.0,0.0,1.0,1.0,0.0,1.0,1.0,1.0,False,DATA-09,False,public-derived-contiguous-slice
5619930,2020-04-17 22:05:13,-0.0180000000000006,8.248,8.238,-0.0240000000000009,8.248,49.45,0.04,1.0,0.0,1.0,1.0,0.0,1.0,1.0,1.0,False,DATA-09,False,public-derived-contiguous-slice
5619940,2020-04-17 22:05:25,-0.0180000000000006,8.248,8.238,-0.0240000000000009,8.248,49.45,0.04,0.0,0.0,0.0,0.0,0.0,0.0,0.0,0.0,False,DATA-09,False,public-derived-contiguous-slice
5619950,2020-04-17 22:05:37,-0.0180000000000006,8.248,8.238,-0.0240000000000009,8.248,49.45,0.04,0.0,0.0,0.0,0.0,0.0,0.0,0.0,0.0,False,DATA-09,False,public-derived-contiguous-slice
5619960,2020-04-17 22:05:50,-0.0180000000000006,8.248,8.238,-0.0240000000000009,8.248,49.45,0.04,1.0,0.0,1.0,1.0,0.0,1.0,1.0,1.0,False,DATA-09,False,public-derived-contiguous-slice
5619970,2020-04-17 22:06:02,-0.0180000000000006,8.248,8.238,-0.0240000000000009,8.248,49.45,0.04,1.0,0.0,1.0,1.0,0.0,1.0,1.0,1.0,False,DATA-09,False,public-derived-contiguous-slice
5619980,2020-04-17 22:06:13,-0.0180000000000006,8.248,8.238,-0.0240000000000009,8.248,49.45,0.04,1.0,0.0,1.0,1.0,0.0,1.0,1.0,1.0,False,DATA-09,False,public-derived-contiguous-slice
5619990,2020-04-17 22:06:25,-0.0180000000000006,8.248,8.238,-0.0240000000000009,8.248,49.45,0.04,1.0,0.0,1.0,1.0,0.0,1.0,1.0,1.0,False,DATA-09,False,public-derived-contiguous-slice
5620000,2020-04-17 22:06:37,-0.0180000000000006,8.248,8.238,-0.0240000000000009,8.248,49.45,0.04,0.0,0.0,0.0,0.0,0.0,0.0,0.0,0.0,False,DATA-09,False,public-derived-contiguous-slice
5620010,2020-04-17 22:06:50,-0.0180000000000006,8.248,8.238,-0.0240000000000009,8.248,49.45,0.04,1.0,0.0,1.0,1.0,0.0,1.0,1.0,1.0,False,DATA-09,False,public-derived-contiguous-slice
5620020,2020-04-17 22:07:02,-0.0180000000000006,8.248,8.238,-0.0240000000000009,8.248,49.45,0.04,1.0,0.0,1.0,1.0,0.0,1.0,1.0,1.0,False,DATA-09,False,public-derived-contiguous-slice
5620030,2020-04-17 22:07:14,-0.0180000000000006,8.248,8.238,-0.0240000000000009,8.248,49.45,0.04,1.0,0.0,1.0,1.0,0.0,1.0,1.0,1.0,False,DATA-09,False,public-derived-contiguous-slice
5620040,2020-04-17 22:07:26,-0.0180000000000006,8.248,8.238,-0.0240000000000009,8.248,49.45,0.04,1.0,0.0,1.0,1.0,0.0,1.0,1.0,1.0,False,DATA-09,False,public-derived-contiguous-slice
5620050,2020-04-17 22:07:38,-0.0180000000000006,8.248,8.238,-0.0240000000000009,8.248,49.45,0.04,0.0,0.0,0.0,0.0,0.0,0.0,0.0,0.0,False,DATA-09,False,public-derived-contiguous-slice
5620060,2020-04-17 22:07:51,-0.0180000000000006,8.248,8.238,-0.0240000000000009,8.248,49.45,0.04,1.0,0.0,1.0,1.0,0.0,1.0,1.0,1.0,False,DATA-09,False,public-derived-contiguous-slice
5620070,2020-04-17 22:08:02,-0.0180000000000006,8.248,8.238,-0.0240000000000009,8.248,49.45,0.04,1.0,0.0,1.0,1.0,0.0,1.0,1.0,1.0,False,DATA-09,False,public-derived-contiguous-slice
5620080,2020-04-17 22:08:14,-0.0180000000000006,8.248,8.238,-0.0240000000000009,8.248,49.45,0.04,1.0,0.0,1.0,1.0,0.0,1.0,1.0,1.0,False,DATA-09,False,public-derived-contiguous-slice
5620090,2020-04-17 22:08:26,-0.0180000000000006,8.248,8.238,-0.0240000000000009,8.248,49.45,0.04,1.0,0.0,1.0,1.0,0.0,1.0,1.0,1.0,False,DATA-09,False,public-derived-contiguous-slice
5620100,2020-04-17 22:08:38,-0.0180000000000006,8.248,8.238,-0.0240000000000009,8.248,49.45,0.04,1.0,0.0,1.0,1.0,0.0,1.0,1.0,1.0,False,DATA-09,False,public-derived-contiguous-slice
5620110,2020-04-17 22:08:50,-0.0180000000000006,8.248,8.238,-0.0240000000000009,8.248,49.45,0.04,0.0,0.0,0.0,0.0,0.0,0.0,0.0,0.0,False,DATA-09,False,public-derived-contiguous-slice
5620120,2020-04-17 22:09:02,-0.0180000000000006,8.248,8.238,-0.0240000000000009,8.248,49.45,0.04,0.0,0.0,0.0,0.0,0.0,0.0,0.0,0.0,False,DATA-09,False,public-derived-contiguous-slice
5620130,2020-04-17 22:09:15,-0.0180000000000006,8.248,8.238,-0.0240000000000009,8.248,49.45,0.04,1.0,0.0,1.0,1.0,0.0,1.0,1.0,1.0,False,DATA-09,False,public-derived-contiguous-slice
5620140,2020-04-17 22:09:27,-0.0180000000000006,8.248,8.238,-0.0240000000000009,8.248,49.45,0.04,1.0,0.0,1.0,1.0,0.0,1.0,1.0,1.0,False,DATA-09,False,public-derived-contiguous-slice
5620150,2020-04-17 22:09:39,-0.0180000000000006,8.248,8.238,-0.0240000000000009,8.248,49.45,0.04,1.0,0.0,1.0,1.0,0.0,1.0,1.0,1.0,False,DATA-09,False,public-derived-contiguous-slice
5620160,2020-04-17 22:09:50,-0.0180000000000006,8.248,8.238,-0.0240000000000009,8.248,49.45,0.04,1.0,0.0,1.0,1.0,0.0,1.0,1.0,1.0,False,DATA-09,False,public-derived-contiguous-slice
5620170,2020-04-17 22:10:02,-0.0180000000000006,8.248,8.238,-0.0240000000000009,8.248,49.45,0.04,1.0,0.0,1.0,1.0,0.0,1.0,1.0,1.0,False,DATA-09,False,public-derived-contiguous-slice
5620180,2020-04-17 22:10:14,-0.0180000000000006,8.248,8.238,-0.0240000000000009,8.248,49.45,0.04,0.0,0.0,0.0,0.0,0.0,0.0,0.0,0.0,False,DATA-09,False,public-derived-contiguous-slice
5620190,2020-04-17 22:10:26,-0.0180000000000006,8.248,8.238,-0.0240000000000009,8.248,49.45,0.04,1.0,0.0,1.0,1.0,0.0,1.0,1.0,1.0,False,DATA-09,False,public-derived-contiguous-slice
5620200,2020-04-17 22:10:38,-0.0180000000000006,8.248,8.238,-0.0240000000000009,8.248,49.45,0.04,0.0,0.0,0.0,0.0,0.0,0.0,0.0,0.0,False,DATA-09,False,public-derived-contiguous-slice
5620210,2020-04-17 22:10:51,-0.0180000000000006,8.248,8.238,-0.0240000000000009,8.248,49.45,0.04,1.0,0.0,1.0,1.0,0.0,1.0,1.0,1.0,False,DATA-09,False,public-derived-contiguous-slice
5620220,2020-04-17 22:11:03,-0.0180000000000006,8.248,8.238,-0.0240000000000009,8.248,49.45,0.04,1.0,0.0,1.0,1.0,0.0,1.0,1.0,1.0,False,DATA-09,False,public-derived-contiguous-slice
5620230,2020-04-17 22:11:15,-0.0180000000000006,8.248,8.238,-0.0240000000000009,8.248,49.45,0.04,1.0,0.0,1.0,1.0,0.0,1.0,1.0,1.0,False,DATA-09,False,public-derived-contiguous-slice
5620240,2020-04-17 22:11:27,-0.0180000000000006,8.248,8.238,-0.0240000000000009,8.248,49.45,0.04,1.0,0.0,1.0,1.0,0.0,1.0,1.0,1.0,False,DATA-09,False,public-derived-contiguous-slice
5620250,2020-04-17 22:11:38,-0.0180000000000006,8.248,8.238,-0.0240000000000009,8.248,49.45,0.04,0.0,0.0,0.0,0.0,0.0,0.0,0.0,0.0,False,DATA-09,False,public-derived-contiguous-slice
5620260,2020-04-17 22:11:50,-0.0180000000000006,8.248,8.238,-0.0240000000000009,8.248,49.45,0.04,1.0,0.0,1.0,1.0,0.0,1.0,1.0,1.0,False,DATA-09,False,public-derived-contiguous-slice
5620270,2020-04-17 22:12:03,-0.0180000000000006,8.248,8.238,-0.0240000000000009,8.248,49.45,0.04,1.0,0.0,1.0,1.0,0.0,1.0,1.0,1.0,False,DATA-09,False,public-derived-contiguous-slice
5620280,2020-04-17 22:12:15,-0.0180000000000006,8.248,8.238,-0.0240000000000009,8.248,49.45,0.04,1.0,0.0,1.0,1.0,0.0,1.0,1.0,1.0,False,DATA-09,False,public-derived-contiguous-slice
5620290,2020-04-17 22:12:27,-0.0180000000000006,8.248,8.238,-0.0240000000000009,8.248,49.45,0.04,1.0,0.0,1.0,1.0,0.0,1.0,1.0,1.0,False,DATA-09,False,public-derived-contiguous-slice
5620300,2020-04-17 22:12:39,-0.0180000000000006,8.248,8.238,-0.0240000000000009,8.248,49.45,0.04,1.0,0.0,1.0,1.0,0.0,1.0,1.0,1.0,False,DATA-09,False,public-derived-contiguous-slice
5620310,2020-04-17 22:12:51,-0.0180000000000006,8.248,8.238,-0.0240000000000009,8.248,49.45,0.04,0.0,0.0,0.0,0.0,0.0,0.0,0.0,0.0,False,DATA-09,False,public-derived-contiguous-slice
5620320,2020-04-17 22:13:04,-0.0180000000000006,8.248,8.238,-0.0240000000000009,8.248,49.45,0.04,1.0,0.0,1.0,1.0,0.0,1.0,1.0,1.0,False,DATA-09,False,public-derived-contiguous-slice
5620330,2020-04-17 22:13:16,-0.0180000000000006,8.248,8.238,-0.0240000000000009,8.248,49.45,0.04,1.0,0.0,1.0,1.0,0.0,1.0,1.0,1.0,False,DATA-09,False,public-derived-contiguous-slice
5620340,2020-04-17 22:13:27,-0.0180000000000006,8.248,8.238,-0.0240000000000009,8.248,49.45,0.04,1.0,0.0,1.0,1.0,0.0,1.0,1.0,1.0,False,DATA-09,False,public-derived-contiguous-slice
5620350,2020-04-17 22:13:39,-0.0180000000000006,8.248,8.238,-0.0240000000000009,8.248,49.45,0.04,1.0,0.0,1.0,1.0,0.0,1.0,1.0,1.0,False,DATA-09,False,public-derived-contiguous-slice
5620360,2020-04-17 22:13:51,-0.0180000000000006,8.248,8.238,-0.0240000000000009,8.248,49.45,0.04,0.0,0.0,0.0,0.0,0.0,0.0,0.0,0.0,False,DATA-09,False,public-derived-contiguous-slice
5620370,2020-04-17 22:14:03,-0.0180000000000006,8.248,8.238,-0.0240000000000009,8.248,49.45,0.04,0.0,0.0,0.0,0.0,0.0,0.0,0.0,0.0,False,DATA-09,False,public-derived-contiguous-slice
5620380,2020-04-17 22:14:16,-0.0180000000000006,8.248,8.238,-0.0240000000000009,8.248,49.45,0.04,1.0,0.0,1.0,1.0,0.0,1.0,1.0,1.0,False,DATA-09,False,public-derived-contiguous-slice
5620390,2020-04-17 22:14:28,-0.0180000000000006,8.248,8.238,-0.0240000000000009,8.248,49.45,0.04,1.0,0.0,1.0,1.0,0.0,1.0,1.0,1.0,False,DATA-09,False,public-derived-contiguous-slice
5620400,2020-04-17 22:14:40,-0.0180000000000006,8.248,8.238,-0.0240000000000009,8.248,49.45,0.04,1.0,0.0,1.0,1.0,0.0,1.0,1.0,1.0,False,DATA-09,False,public-derived-contiguous-slice
5620410,2020-04-17 22:14:52,-0.0180000000000006,8.248,8.238,-0.0240000000000009,8.248,49.45,0.04,1.0,0.0,1.0,1.0,0.0,1.0,1.0,1.0,False,DATA-09,False,public-derived-contiguous-slice
5620420,2020-04-17 22:15:04,-0.0180000000000006,8.248,8.238,-0.0240000000000009,8.248,49.45,0.04,0.0,0.0,0.0,0.0,0.0,0.0,0.0,0.0,False,DATA-09,False,public-derived-contiguous-slice
5620430,2020-04-17 22:15:17,-0.0180000000000006,8.248,8.238,-0.0240000000000009,8.248,49.45,0.04,1.0,0.0,1.0,1.0,0.0,1.0,1.0,1.0,False,DATA-09,False,public-derived-contiguous-slice
5620440,2020-04-17 22:15:28,-0.0180000000000006,8.248,8.238,-0.0240000000000009,8.248,49.45,0.04,1.0,0.0,1.0,1.0,0.0,1.0,1.0,1.0,False,DATA-09,False,public-derived-contiguous-slice
5620450,2020-04-17 22:15:40,-0.0180000000000006,8.248,8.238,-0.0240000000000009,8.248,49.45,0.04,1.0,0.0,1.0,1.0,0.0,1.0,1.0,1.0,False,DATA-09,False,public-derived-contiguous-slice
5620460,2020-04-17 22:15:52,-0.0180000000000006,8.248,8.238,-0.0240000000000009,8.248,49.45,0.04,1.0,0.0,1.0,1.0,0.0,1.0,1.0,1.0,False,DATA-09,False,public-derived-contiguous-slice
5620470,2020-04-17 22:16:04,-0.0180000000000006,8.248,8.238,-0.0240000000000009,8.248,49.45,0.04,0.0,0.0,0.0,0.0,0.0,0.0,0.0,0.0,False,DATA-09,False,public-derived-contiguous-slice
5620480,2020-04-17 22:16:17,-0.0180000000000006,8.248,8.238,-0.0240000000000009,8.248,49.45,0.04,1.0,0.0,1.0,1.0,0.0,1.0,1.0,1.0,False,DATA-09,False,public-derived-contiguous-slice
5620490,2020-04-17 22:16:29,-0.0180000000000006,8.248,8.238,-0.0240000000000009,8.248,49.45,0.04,1.0,0.0,1.0,1.0,0.0,1.0,1.0,1.0,False,DATA-09,False,public-derived-contiguous-slice
5620500,2020-04-17 22:16:41,-0.0180000000000006,8.248,8.238,-0.0240000000000009,8.248,49.45,0.04,1.0,0.0,1.0,1.0,0.0,1.0,1.0,1.0,False,DATA-09,False,public-derived-contiguous-slice
5620510,2020-04-17 22:16:53,-0.0180000000000006,8.248,8.238,-0.0240000000000009,8.248,49.45,0.04,1.0,0.0,1.0,1.0,0.0,1.0,1.0,1.0,False,DATA-09,False,public-derived-contiguous-slice
5620520,2020-04-17 22:17:05,-0.0180000000000006,8.248,8.238,-0.0240000000000009,8.248,49.45,0.04,0.0,0.0,0.0,0.0,0.0,0.0,0.0,0.0,False,DATA-09,False,public-derived-contiguous-slice
5620530,2020-04-17 22:17:16,-0.0180000000000006,8.248,8.238,-0.0240000000000009,8.248,49.45,0.04,0.0,0.0,0.0,0.0,0.0,0.0,0.0,0.0,False,DATA-09,False,public-derived-contiguous-slice
5620540,2020-04-17 22:17:29,-0.0180000000000006,8.248,8.238,-0.0240000000000009,8.248,49.45,0.04,1.0,0.0,1.0,1.0,0.0,1.0,1.0,1.0,False,DATA-09,False,public-derived-contiguous-slice
5620550,2020-04-17 22:17:41,-0.0180000000000006,8.248,8.238,-0.0240000000000009,8.248,49.45,0.04,1.0,0.0,1.0,1.0,0.0,1.0,1.0,1.0,False,DATA-09,False,public-derived-contiguous-slice
5620560,2020-04-17 22:17:53,-0.0180000000000006,8.248,8.238,-0.0240000000000009,8.248,49.45,0.04,1.0,0.0,1.0,1.0,0.0,1.0,1.0,1.0,False,DATA-09,False,public-derived-contiguous-slice
5620570,2020-04-17 22:18:05,-0.0180000000000006,8.248,8.238,-0.0240000000000009,8.248,49.45,0.04,1.0,0.0,1.0,1.0,0.0,1.0,1.0,1.0,False,DATA-09,False,public-derived-contiguous-slice
5620580,2020-04-17 22:18:17,-0.0180000000000006,8.248,8.238,-0.0240000000000009,8.248,49.45,0.04,0.0,0.0,0.0,0.0,0.0,0.0,0.0,0.0,False,DATA-09,False,public-derived-contiguous-slice
5620590,2020-04-17 22:18:30,-0.0180000000000006,8.248,8.238,-0.0240000000000009,8.248,49.45,0.04,1.0,0.0,1.0,1.0,0.0,1.0,1.0,1.0,False,DATA-09,False,public-derived-contiguous-slice
5620600,2020-04-17 22:18:42,-0.0180000000000006,8.248,8.238,-0.0240000000000009,8.248,49.45,0.04,1.0,0.0,1.0,1.0,0.0,1.0,1.0,1.0,False,DATA-09,False,public-derived-contiguous-slice
5620610,2020-04-17 22:18:54,-0.0180000000000006,8.248,8.238,-0.0240000000000009,8.248,49.45,0.04,1.0,0.0,1.0,1.0,0.0,1.0,1.0,1.0,False,DATA-09,False,public-derived-contiguous-slice
5620620,2020-04-17 22:19:05,-0.0180000000000006,8.248,8.238,-0.0240000000000009,8.248,49.45,0.04,1.0,0.0,1.0,1.0,0.0,1.0,1.0,1.0,False,DATA-09,False,public-derived-contiguous-slice
5620630,2020-04-17 22:19:17,-0.0180000000000006,8.248,8.238,-0.0240000000000009,8.248,49.45,0.04,0.0,0.0,0.0,0.0,0.0,0.0,0.0,0.0,False,DATA-09,False,public-derived-contiguous-slice
5620640,2020-04-17 22:19:30,-0.0180000000000006,8.248,8.238,-0.0240000000000009,8.248,49.45,0.04,1.0,0.0,1.0,1.0,0.0,1.0,1.0,1.0,False,DATA-09,False,public-derived-contiguous-slice
5620650,2020-04-17 22:19:42,-0.0180000000000006,8.248,8.238,-0.0240000000000009,8.248,49.45,0.04,1.0,0.0,1.0,1.0,0.0,1.0,1.0,1.0,False,DATA-09,False,public-derived-contiguous-slice
5620660,2020-04-17 22:19:54,-0.0180000000000006,8.248,8.238,-0.0240000000000009,8.248,49.45,0.04,1.0,0.0,1.0,1.0,0.0,1.0,1.0,1.0,False,DATA-09,False,public-derived-contiguous-slice
5620670,2020-04-17 22:20:06,-0.0180000000000006,8.248,8.238,-0.0240000000000009,8.248,49.45,0.04,1.0,0.0,1.0,1.0,0.0,1.0,1.0,1.0,False,DATA-09,False,public-derived-contiguous-slice
5620680,2020-04-17 22:20:18,-0.0180000000000006,8.248,8.238,-0.0240000000000009,8.248,49.45,0.04,0.0,0.0,0.0,0.0,0.0,0.0,0.0,0.0,False,DATA-09,False,public-derived-contiguous-slice
5620690,2020-04-17 22:20:30,-0.0180000000000006,8.248,8.238,-0.0240000000000009,8.248,49.45,0.04,0.0,0.0,0.0,0.0,0.0,0.0,0.0,0.0,False,DATA-09,False,public-derived-contiguous-slice
5620700,2020-04-17 22:20:43,-0.0180000000000006,8.248,8.238,-0.0240000000000009,8.248,49.45,0.04,1.0,0.0,1.0,1.0,0.0,1.0,1.0,1.0,False,DATA-09,False,public-derived-contiguous-slice
5620710,2020-04-17 22:20:54,-0.0180000000000006,8.248,8.238,-0.0240000000000009,8.248,49.45,0.04,1.0,0.0,1.0,1.0,0.0,1.0,1.0,1.0,False,DATA-09,False,public-derived-contiguous-slice
5620720,2020-04-17 22:21:06,-0.0180000000000006,8.248,8.238,-0.0240000000000009,8.248,49.45,0.04,1.0,0.0,1.0,1.0,0.0,1.0,1.0,1.0,False,DATA-09,False,public-derived-contiguous-slice
5620730,2020-04-17 22:21:18,-0.0180000000000006,8.248,8.238,-0.0240000000000009,8.248,49.45,0.04,1.0,0.0,1.0,1.0,0.0,1.0,1.0,1.0,False,DATA-09,False,public-derived-contiguous-slice
5620740,2020-04-17 22:21:30,-0.0180000000000006,8.248,8.238,-0.0240000000000009,8.248,49.45,0.04,1.0,0.0,1.0,1.0,0.0,1.0,1.0,1.0,False,DATA-09,False,public-derived-contiguous-slice
5620750,2020-04-17 22:21:42,-0.0180000000000006,8.248,8.238,-0.0240000000000009,8.248,49.45,0.04,1.0,0.0,1.0,1.0,0.0,1.0,1.0,1.0,False,DATA-09,False,public-derived-contiguous-slice
5620760,2020-04-17 22:21:55,-0.0180000000000006,8.248,8.238,-0.0240000000000009,8.248,49.45,0.04,1.0,0.0,1.0,1.0,0.0,1.0,1.0,1.0,False,DATA-09,False,public-derived-contiguous-slice
5620770,2020-04-17 22:22:07,-0.0180000000000006,8.248,8.238,-0.0240000000000009,8.248,49.45,0.04,1.0,0.0,1.0,1.0,0.0,1.0,1.0,1.0,False,DATA-09,False,public-derived-contiguous-slice
5620780,2020-04-17 22:22:19,-0.0180000000000006,8.248,8.238,-0.0240000000000009,8.248,49.45,0.04,1.0,0.0,1.0,1.0,0.0,1.0,1.0,1.0,False,DATA-09,False,public-derived-contiguous-slice
5620790,2020-04-17 22:22:31,-0.0180000000000006,8.248,8.238,-0.0240000000000009,8.248,49.45,0.04,1.0,0.0,1.0,1.0,0.0,1.0,1.0,1.0,False,DATA-09,False,public-derived-contiguous-slice
5620800,2020-04-17 22:22:42,-0.0180000000000006,8.248,8.238,-0.0240000000000009,8.248,49.45,0.04,1.0,0.0,1.0,1.0,0.0,1.0,1.0,1.0,False,DATA-09,False,public-derived-contiguous-slice
5620810,2020-04-17 22:22:54,-0.0180000000000006,8.248,8.238,-0.0240000000000009,8.248,49.45,0.04,1.0,0.0,1.0,1.0,0.0,1.0,1.0,1.0,False,DATA-09,False,public-derived-contiguous-slice
5620820,2020-04-17 22:23:06,-0.0180000000000006,8.248,8.238,-0.0240000000000009,8.248,49.45,0.04,0.0,0.0,0.0,0.0,0.0,0.0,0.0,0.0,False,DATA-09,False,public-derived-contiguous-slice
5620830,2020-04-17 22:23:19,-0.0180000000000006,8.248,8.238,-0.0240000000000009,8.248,49.45,0.04,1.0,0.0,1.0,1.0,0.0,1.0,1.0,1.0,False,DATA-09,False,public-derived-contiguous-slice
5620840,2020-04-17 22:23:31,-0.0180000000000006,8.248,8.238,-0.0240000000000009,8.248,49.45,0.04,1.0,0.0,1.0,1.0,0.0,1.0,1.0,1.0,False,DATA-09,False,public-derived-contiguous-slice
5620850,2020-04-17 22:23:43,-0.0180000000000006,8.248,8.238,-0.0240000000000009,8.248,49.45,0.04,1.0,0.0,1.0,1.0,0.0,1.0,1.0,1.0,False,DATA-09,False,public-derived-contiguous-slice
5620860,2020-04-17 22:23:55,-0.0180000000000006,8.248,8.238,-0.0240000000000009,8.248,49.45,0.04,1.0,0.0,1.0,1.0,0.0,1.0,1.0,1.0,False,DATA-09,False,public-derived-contiguous-slice
5620870,2020-04-17 22:24:07,-0.0180000000000006,8.248,8.238,-0.0240000000000009,8.248,49.45,0.04,0.0,0.0,0.0,0.0,0.0,0.0,0.0,0.0,False,DATA-09,False,public-derived-contiguous-slice
5620880,2020-04-17 22:24:20,-0.0180000000000006,8.248,8.238,-0.0240000000000009,8.248,49.45,0.04,1.0,0.0,1.0,1.0,0.0,1.0,1.0,1.0,False,DATA-09,False,public-derived-contiguous-slice
5620890,2020-04-17 22:24:31,-0.0180000000000006,8.248,8.238,-0.0240000000000009,8.248,49.45,0.04,1.0,0.0,1.0,1.0,0.0,1.0,1.0,1.0,False,DATA-09,False,public-derived-contiguous-slice
5620900,2020-04-17 22:24:43,-0.0180000000000006,8.248,8.238,-0.0240000000000009,8.248,49.45,0.04,1.0,0.0,1.0,1.0,0.0,1.0,1.0,1.0,False,DATA-09,False,public-derived-contiguous-slice
5620910,2020-04-17 22:24:55,-0.0180000000000006,8.248,8.238,-0.0240000000000009,8.248,49.45,0.04,1.0,0.0,1.0,1.0,0.0,1.0,1.0,1.0,False,DATA-09,False,public-derived-contiguous-slice
5620920,2020-04-17 22:25:07,-0.0180000000000006,8.248,8.238,-0.0240000000000009,8.248,49.45,0.04,0.0,0.0,0.0,0.0,0.0,0.0,0.0,0.0,False,DATA-09,False,public-derived-contiguous-slice
5620930,2020-04-17 22:25:20,-0.0180000000000006,8.248,8.238,-0.0240000000000009,8.248,49.45,0.04,1.0,0.0,1.0,1.0,0.0,1.0,1.0,1.0,False,DATA-09,False,public-derived-contiguous-slice
5620940,2020-04-17 22:25:32,-0.0180000000000006,8.248,8.238,-0.0240000000000009,8.248,49.45,0.04,1.0,0.0,1.0,1.0,0.0,1.0,1.0,1.0,False,DATA-09,False,public-derived-contiguous-slice
5620950,2020-04-17 22:25:44,-0.0180000000000006,8.248,8.238,-0.0240000000000009,8.248,49.45,0.04,1.0,0.0,1.0,1.0,0.0,1.0,1.0,1.0,False,DATA-09,False,public-derived-contiguous-slice
5620960,2020-04-17 22:25:56,-0.0180000000000006,8.248,8.238,-0.0240000000000009,8.248,49.45,0.04,1.0,0.0,1.0,1.0,0.0,1.0,1.0,1.0,False,DATA-09,False,public-derived-contiguous-slice
5620970,2020-04-17 22:26:08,-0.0180000000000006,8.248,8.238,-0.0240000000000009,8.248,49.45,0.04,0.0,0.0,0.0,0.0,0.0,0.0,0.0,0.0,False,DATA-09,False,public-derived-contiguous-slice
5620980,2020-04-17 22:26:20,-0.0180000000000006,8.248,8.238,-0.0240000000000009,8.248,49.45,0.04,1.0,0.0,1.0,1.0,0.0,1.0,1.0,1.0,False,DATA-09,False,public-derived-contiguous-slice
5620990,2020-04-17 22:26:32,-0.0180000000000006,8.248,8.238,-0.0240000000000009,8.248,49.45,0.04,1.0,0.0,1.0,1.0,0.0,1.0,1.0,1.0,False,DATA-09,False,public-derived-contiguous-slice
5621000,2020-04-17 22:26:44,-0.0180000000000006,8.248,8.238,-0.0240000000000009,8.248,49.45,0.04,1.0,0.0,1.0,1.0,0.0,1.0,1.0,1.0,False,DATA-09,False,public-derived-contiguous-slice
5621010,2020-04-17 22:26:56,-0.0180000000000006,8.248,8.238,-0.0240000000000009,8.248,49.45,0.04,1.0,0.0,1.0,1.0,0.0,1.0,1.0,1.0,False,DATA-09,False,public-derived-contiguous-slice
5621020,2020-04-17 22:27:08,-0.0180000000000006,8.248,8.238,-0.0240000000000009,8.248,49.45,0.04,1.0,0.0,1.0,1.0,0.0,1.0,1.0,1.0,False,DATA-09,False,public-derived-contiguous-slice
5621030,2020-04-17 22:27:20,-0.0180000000000006,8.248,8.238,-0.0240000000000009,8.248,49.45,0.04,0.0,0.0,0.0,0.0,0.0,0.0,0.0,0.0,False,DATA-09,False,public-derived-contiguous-slice
5621040,2020-04-17 22:27:33,-0.0180000000000006,8.248,8.238,-0.0240000000000009,8.248,49.45,0.04,1.0,0.0,1.0,1.0,0.0,1.0,1.0,1.0,False,DATA-09,False,public-derived-contiguous-slice
5621050,2020-04-17 22:27:45,-0.0180000000000006,8.248,8.238,-0.0240000000000009,8.248,49.45,0.04,1.0,0.0,1.0,1.0,0.0,1.0,1.0,1.0,False,DATA-09,False,public-derived-contiguous-slice
5621060,2020-04-17 22:27:57,-0.0180000000000006,8.248,8.238,-0.0240000000000009,8.248,49.45,0.04,1.0,0.0,1.0,1.0,0.0,1.0,1.0,1.0,False,DATA-09,False,public-derived-contiguous-slice
5621070,2020-04-17 22:28:09,-0.0180000000000006,8.248,8.238,-0.0240000000000009,8.248,49.45,0.04,1.0,0.0,1.0,1.0,0.0,1.0,1.0,1.0,False,DATA-09,False,public-derived-contiguous-slice
5621080,2020-04-17 22:28:20,-0.0180000000000006,8.248,8.238,-0.0240000000000009,8.248,49.45,0.04,1.0,0.0,1.0,1.0,0.0,1.0,1.0,1.0,False,DATA-09,False,public-derived-contiguous-slice
5621090,2020-04-17 22:28:32,-0.0180000000000006,8.248,8.238,-0.0240000000000009,8.248,49.45,0.04,1.0,0.0,1.0,1.0,0.0,1.0,1.0,1.0,False,DATA-09,False,public-derived-contiguous-slice
5621100,2020-04-17 22:28:44,-0.0180000000000006,8.248,8.238,-0.0240000000000009,8.248,49.45,0.04,0.0,0.0,0.0,0.0,0.0,0.0,0.0,0.0,False,DATA-09,False,public-derived-contiguous-slice
5621110,2020-04-17 22:28:57,-0.0180000000000006,8.248,8.238,-0.0240000000000009,8.248,49.45,0.04,1.0,0.0,1.0,1.0,0.0,1.0,1.0,1.0,False,DATA-09,False,public-derived-contiguous-slice
5621120,2020-04-17 22:29:09,-0.0180000000000006,8.248,8.238,-0.0240000000000009,8.248,49.45,0.04,1.0,0.0,1.0,1.0,0.0,1.0,1.0,1.0,False,DATA-09,False,public-derived-contiguous-slice
5621130,2020-04-17 22:29:21,-0.0180000000000006,8.248,8.238,-0.0240000000000009,8.248,49.45,0.04,1.0,0.0,1.0,1.0,0.0,1.0,1.0,1.0,False,DATA-09,False,public-derived-contiguous-slice
5621140,2020-04-17 22:29:33,-0.0180000000000006,8.248,8.238,-0.0240000000000009,8.248,49.45,0.04,1.0,0.0,1.0,1.0,0.0,1.0,1.0,1.0,False,DATA-09,False,public-derived-contiguous-slice
5621150,2020-04-17 22:29:45,-0.0180000000000006,8.248,8.238,-0.0240000000000009,8.248,49.45,0.04,1.0,0.0,1.0,1.0,0.0,1.0,1.0,1.0,False,DATA-09,False,public-derived-contiguous-slice
5621160,2020-04-17 22:29:57,-0.0180000000000006,8.248,8.238,-0.0240000000000009,8.248,49.45,0.04,0.0,0.0,0.0,0.0,0.0,0.0,0.0,0.0,False,DATA-09,False,public-derived-contiguous-slice
5621170,2020-04-17 22:30:09,-0.0180000000000006,8.248,8.238,-0.0240000000000009,8.248,49.45,0.04,1.0,0.0,1.0,1.0,0.0,1.0,1.0,1.0,False,DATA-09,False,public-derived-contiguous-slice
5621180,2020-04-17 22:30:21,-0.0180000000000006,8.248,8.238,-0.0240000000000009,8.248,49.45,0.04,1.0,0.0,1.0,1.0,0.0,1.0,1.0,1.0,False,DATA-09,False,public-derived-contiguous-slice
5621190,2020-04-17 22:30:33,-0.0180000000000006,8.248,8.238,-0.0240000000000009,8.248,49.45,0.04,1.0,0.0,1.0,1.0,0.0,1.0,1.0,1.0,False,DATA-09,False,public-derived-contiguous-slice
5621200,2020-04-17 22:30:45,-0.0180000000000006,8.248,8.238,-0.0240000000000009,8.248,49.45,0.04,1.0,0.0,1.0,1.0,0.0,1.0,1.0,1.0,False,DATA-09,False,public-derived-contiguous-slice
5621210,2020-04-17 22:30:57,-0.0180000000000006,8.248,8.238,-0.0240000000000009,8.248,49.45,0.04,0.0,0.0,0.0,0.0,0.0,0.0,0.0,0.0,False,DATA-09,False,public-derived-contiguous-slice
5621220,2020-04-17 22:31:10,-0.0180000000000006,8.248,8.238,-0.0240000000000009,8.248,49.45,0.04,1.0,0.0,1.0,1.0,0.0,1.0,1.0,1.0,False,DATA-09,False,public-derived-contiguous-slice
5621230,2020-04-17 22:31:22,-0.0180000000000006,8.248,8.238,-0.0240000000000009,8.248,49.45,0.04,1.0,0.0,1.0,1.0,0.0,1.0,1.0,1.0,False,DATA-09,False,public-derived-contiguous-slice
5621240,2020-04-17 22:31:34,-0.0180000000000006,8.248,8.238,-0.0240000000000009,8.248,49.45,0.04,1.0,0.0,1.0,1.0,0.0,1.0,1.0,1.0,False,DATA-09,False,public-derived-contiguous-slice
5621250,2020-04-17 22:31:46,-0.0180000000000006,8.248,8.238,-0.0240000000000009,8.248,49.45,0.04,1.0,0.0,1.0,1.0,0.0,1.0,1.0,1.0,False,DATA-09,False,public-derived-contiguous-slice
5621260,2020-04-17 22:31:57,-0.0180000000000006,8.248,8.238,-0.0240000000000009,8.248,49.45,0.04,1.0,0.0,1.0,1.0,0.0,1.0,1.0,1.0,False,DATA-09,False,public-derived-contiguous-slice
5621270,2020-04-17 22:32:09,-0.0180000000000006,8.248,8.238,-0.0240000000000009,8.248,49.45,0.04,1.0,0.0,1.0,1.0,0.0,1.0,1.0,1.0,False,DATA-09,False,public-derived-contiguous-slice
5621280,2020-04-17 22:32:22,-0.0180000000000006,8.248,8.238,-0.0240000000000009,8.248,49.45,0.04,1.0,0.0,1.0,1.0,0.0,1.0,1.0,1.0,False,DATA-09,False,public-derived-contiguous-slice
5621290,2020-04-17 22:32:34,-0.0180000000000006,8.248,8.238,-0.0240000000000009,8.248,49.45,0.04,1.0,0.0,1.0,1.0,0.0,1.0,1.0,1.0,False,DATA-09,False,public-derived-contiguous-slice
5621300,2020-04-17 22:32:46,-0.0180000000000006,8.248,8.238,-0.0240000000000009,8.248,49.45,0.04,1.0,0.0,1.0,1.0,0.0,1.0,1.0,1.0,False,DATA-09,False,public-derived-contiguous-slice
5621310,2020-04-17 22:32:58,-0.0180000000000006,8.248,8.238,-0.0240000000000009,8.248,49.45,0.04,1.0,0.0,1.0,1.0,0.0,1.0,1.0,1.0,False,DATA-09,False,public-derived-contiguous-slice
5621320,2020-04-17 22:33:10,-0.0180000000000006,8.248,8.238,-0.0240000000000009,8.248,49.45,0.04,1.0,0.0,1.0,1.0,0.0,1.0,1.0,1.0,False,DATA-09,False,public-derived-contiguous-slice
5621330,2020-04-17 22:33:22,-0.0180000000000006,8.248,8.238,-0.0240000000000009,8.248,49.45,0.04,0.0,0.0,0.0,0.0,0.0,0.0,0.0,0.0,False,DATA-09,False,public-derived-contiguous-slice
5621340,2020-04-17 22:33:35,-0.0180000000000006,8.248,8.238,-0.0240000000000009,8.248,49.45,0.04,1.0,0.0,1.0,1.0,0.0,1.0,1.0,1.0,False,DATA-09,False,public-derived-contiguous-slice
5621350,2020-04-17 22:33:46,-0.0180000000000006,8.248,8.238,-0.0240000000000009,8.248,49.45,0.04,1.0,0.0,1.0,1.0,0.0,1.0,1.0,1.0,False,DATA-09,False,public-derived-contiguous-slice
5621360,2020-04-17 22:33:58,-0.0180000000000006,8.248,8.238,-0.0240000000000009,8.248,49.45,0.04,1.0,0.0,1.0,1.0,0.0,1.0,1.0,1.0,False,DATA-09,False,public-derived-contiguous-slice
5621370,2020-04-17 22:34:10,-0.0180000000000006,8.248,8.238,-0.0240000000000009,8.248,49.45,0.04,1.0,0.0,1.0,1.0,0.0,1.0,1.0,1.0,False,DATA-09,False,public-derived-contiguous-slice
5621380,2020-04-17 22:34:22,-0.0180000000000006,8.248,8.238,-0.0240000000000009,8.248,49.45,0.04,0.0,0.0,0.0,0.0,0.0,0.0,0.0,0.0,False,DATA-09,False,public-derived-contiguous-slice
5621390,2020-04-17 22:34:35,-0.0180000000000006,8.248,8.238,-0.0240000000000009,8.248,49.45,0.04,1.0,0.0,1.0,1.0,0.0,1.0,1.0,1.0,False,DATA-09,False,public-derived-contiguous-slice
5621400,2020-04-17 22:34:47,-0.0180000000000006,8.248,8.238,-0.0240000000000009,8.248,49.45,0.04,1.0,0.0,1.0,1.0,0.0,1.0,1.0,1.0,False,DATA-09,False,public-derived-contiguous-slice
5621410,2020-04-17 22:34:59,-0.0180000000000006,8.248,8.238,-0.0240000000000009,8.248,49.45,0.04,1.0,0.0,1.0,1.0,0.0,1.0,1.0,1.0,False,DATA-09,False,public-derived-contiguous-slice
5621420,2020-04-17 22:35:11,-0.0180000000000006,8.248,8.238,-0.0240000000000009,8.248,49.45,0.04,1.0,0.0,1.0,1.0,0.0,1.0,1.0,1.0,False,DATA-09,False,public-derived-contiguous-slice
5621430,2020-04-17 22:35:23,-0.0180000000000006,8.248,8.238,-0.0240000000000009,8.248,49.45,0.04,0.0,0.0,0.0,0.0,0.0,0.0,0.0,0.0,False,DATA-09,False,public-derived-contiguous-slice
5621440,2020-04-17 22:35:35,-0.0180000000000006,8.248,8.238,-0.0240000000000009,8.248,49.45,0.04,1.0,0.0,1.0,1.0,0.0,1.0,1.0,1.0,False,DATA-09,False,public-derived-contiguous-slice
5621450,2020-04-17 22:35:47,-0.0180000000000006,8.248,8.238,-0.0240000000000009,8.248,49.45,0.04,1.0,0.0,1.0,1.0,0.0,1.0,1.0,1.0,False,DATA-09,False,public-derived-contiguous-slice
5621460,2020-04-17 22:35:59,-0.0180000000000006,8.248,8.238,-0.0240000000000009,8.248,49.45,0.04,1.0,0.0,1.0,1.0,0.0,1.0,1.0,1.0,False,DATA-09,False,public-derived-contiguous-slice
5621470,2020-04-17 22:36:11,-0.0180000000000006,8.248,8.238,-0.0240000000000009,8.248,49.45,0.04,1.0,0.0,1.0,1.0,0.0,1.0,1.0,1.0,False,DATA-09,False,public-derived-contiguous-slice
5621480,2020-04-17 22:36:23,-0.0180000000000006,8.248,8.238,-0.0240000000000009,8.248,49.45,0.04,0.0,0.0,0.0,0.0,0.0,0.0,0.0,0.0,False,DATA-09,False,public-derived-contiguous-slice
5621490,2020-04-17 22:36:35,-0.0180000000000006,8.248,8.238,-0.0240000000000009,8.248,49.45,0.04,0.0,0.0,0.0,0.0,0.0,0.0,0.0,0.0,False,DATA-09,False,public-derived-contiguous-slice
5621500,2020-04-17 22:36:48,-0.0180000000000006,8.248,8.238,-0.0240000000000009,8.248,49.45,0.04,1.0,0.0,1.0,1.0,0.0,1.0,1.0,1.0,False,DATA-09,False,public-derived-contiguous-slice
5621510,2020-04-17 22:37:00,-0.0180000000000006,8.248,8.238,-0.0240000000000009,8.248,49.45,0.04,1.0,0.0,1.0,1.0,0.0,1.0,1.0,1.0,False,DATA-09,False,public-derived-contiguous-slice
5621520,2020-04-17 22:37:12,-0.0180000000000006,8.248,8.238,-0.0240000000000009,8.248,49.45,0.04,1.0,0.0,1.0,1.0,0.0,1.0,1.0,1.0,False,DATA-09,False,public-derived-contiguous-slice
5621530,2020-04-17 22:37:24,-0.0180000000000006,8.248,8.238,-0.0240000000000009,8.248,49.45,0.04,1.0,0.0,1.0,1.0,0.0,1.0,1.0,1.0,False,DATA-09,False,public-derived-contiguous-slice
5621540,2020-04-17 22:37:35,-0.0180000000000006,8.248,8.238,-0.0240000000000009,8.248,49.45,0.04,1.0,0.0,1.0,1.0,0.0,1.0,1.0,1.0,False,DATA-09,False,public-derived-contiguous-slice
5621550,2020-04-17 22:37:47,-0.0180000000000006,8.248,8.238,-0.0240000000000009,8.248,49.45,0.04,0.0,0.0,0.0,0.0,0.0,0.0,0.0,0.0,False,DATA-09,False,public-derived-contiguous-slice
5621560,2020-04-17 22:38:00,-0.0180000000000006,8.248,8.238,-0.0240000000000009,8.248,49.45,0.04,1.0,0.0,1.0,1.0,0.0,1.0,1.0,1.0,False,DATA-09,False,public-derived-contiguous-slice
5621570,2020-04-17 22:38:12,-0.0180000000000006,8.248,8.238,-0.0240000000000009,8.248,49.45,0.04,1.0,0.0,1.0,1.0,0.0,1.0,1.0,1.0,False,DATA-09,False,public-derived-contiguous-slice
5621580,2020-04-17 22:38:24,-0.0180000000000006,8.248,8.238,-0.0240000000000009,8.248,49.45,0.04,1.0,0.0,1.0,1.0,0.0,1.0,1.0,1.0,False,DATA-09,False,public-derived-contiguous-slice
5621590,2020-04-17 22:38:36,-0.0180000000000006,8.248,8.238,-0.0240000000000009,8.248,49.45,0.04,1.0,0.0,1.0,1.0,0.0,1.0,1.0,1.0,False,DATA-09,False,public-derived-contiguous-slice
5621600,2020-04-17 22:38:48,-0.0180000000000006,8.248,8.238,-0.0240000000000009,8.248,49.45,0.04,1.0,0.0,1.0,1.0,0.0,1.0,1.0,1.0,False,DATA-09,False,public-derived-contiguous-slice
5621610,2020-04-17 22:39:00,-0.0180000000000006,8.248,8.238,-0.0240000000000009,8.248,49.45,0.04,1.0,0.0,1.0,1.0,0.0,1.0,1.0,1.0,False,DATA-09,False,public-derived-contiguous-slice
5621620,2020-04-17 22:39:12,-0.0180000000000006,8.248,8.238,-0.0240000000000009,8.248,49.45,0.04,1.0,0.0,1.0,1.0,0.0,1.0,1.0,1.0,False,DATA-09,False,public-derived-contiguous-slice
5621630,2020-04-17 22:39:23,-0.0180000000000006,8.248,8.238,-0.0240000000000009,8.248,49.45,0.04,1.0,0.0,1.0,1.0,0.0,1.0,1.0,1.0,False,DATA-09,False,public-derived-contiguous-slice
5621640,2020-04-17 22:39:35,-0.0180000000000006,8.248,8.238,-0.0240000000000009,8.248,49.45,0.04,0.0,0.0,0.0,0.0,0.0,0.0,0.0,0.0,False,DATA-09,False,public-derived-contiguous-slice
5621650,2020-04-17 22:39:48,-0.0180000000000006,8.248,8.238,-0.0240000000000009,8.248,49.45,0.04,1.0,0.0,1.0,1.0,0.0,1.0,1.0,1.0,False,DATA-09,False,public-derived-contiguous-slice
5621660,2020-04-17 22:40:00,-0.0180000000000006,8.248,8.238,-0.0240000000000009,8.248,49.45,0.04,1.0,0.0,1.0,1.0,0.0,1.0,1.0,1.0,False,DATA-09,False,public-derived-contiguous-slice
5621670,2020-04-17 22:40:12,-0.0180000000000006,8.248,8.238,-0.0240000000000009,8.248,49.45,0.04,1.0,0.0,1.0,1.0,0.0,1.0,1.0,1.0,False,DATA-09,False,public-derived-contiguous-slice
5621680,2020-04-17 22:40:24,-0.0180000000000006,8.248,8.238,-0.0240000000000009,8.248,49.45,0.04,1.0,0.0,1.0,1.0,0.0,1.0,1.0,1.0,False,DATA-09,False,public-derived-contiguous-slice
5621690,2020-04-17 22:40:36,-0.0180000000000006,8.248,8.238,-0.0240000000000009,8.248,49.45,0.04,0.0,0.0,0.0,0.0,0.0,0.0,0.0,0.0,False,DATA-09,False,public-derived-contiguous-slice
5621700,2020-04-17 22:40:48,-0.0180000000000006,8.248,8.238,-0.0240000000000009,8.248,49.45,0.04,1.0,0.0,1.0,1.0,0.0,1.0,1.0,1.0,False,DATA-09,False,public-derived-contiguous-slice
5621710,2020-04-17 22:41:00,-0.0180000000000006,8.248,8.238,-0.0240000000000009,8.248,49.45,0.04,0.0,0.0,0.0,0.0,0.0,0.0,0.0,0.0,False,DATA-09,False,public-derived-contiguous-slice
5621720,2020-04-17 22:41:12,-0.0180000000000006,8.248,8.238,-0.0240000000000009,8.248,49.45,0.04,1.0,0.0,1.0,1.0,0.0,1.0,1.0,1.0,False,DATA-09,False,public-derived-contiguous-slice
5621730,2020-04-17 22:41:24,-0.0180000000000006,8.248,8.238,-0.0240000000000009,8.248,49.45,0.04,1.0,0.0,1.0,1.0,0.0,1.0,1.0,1.0,False,DATA-09,False,public-derived-contiguous-slice
5621740,2020-04-17 22:41:36,-0.0180000000000006,8.248,8.238,-0.0240000000000009,8.248,49.45,0.04,1.0,0.0,1.0,1.0,0.0,1.0,1.0,1.0,False,DATA-09,False,public-derived-contiguous-slice
5621750,2020-04-17 22:41:48,-0.0180000000000006,8.248,8.238,-0.0240000000000009,8.248,49.45,0.04,1.0,0.0,1.0,1.0,0.0,1.0,1.0,1.0,False,DATA-09,False,public-derived-contiguous-slice
5621760,2020-04-17 22:42:00,-0.0180000000000006,8.248,8.238,-0.0240000000000009,8.248,49.45,0.04,0.0,0.0,0.0,0.0,0.0,0.0,0.0,0.0,False,DATA-09,False,public-derived-contiguous-slice
5621770,2020-04-17 22:42:12,-0.0180000000000006,8.248,8.238,-0.0240000000000009,8.248,49.45,0.04,0.0,0.0,0.0,0.0,0.0,0.0,0.0,0.0,False,DATA-09,False,public-derived-contiguous-slice
5621780,2020-04-17 22:42:25,-0.0180000000000006,8.248,8.238,-0.0240000000000009,8.248,49.45,0.04,1.0,0.0,1.0,1.0,0.0,1.0,1.0,1.0,False,DATA-09,False,public-derived-contiguous-slice
5621790,2020-04-17 22:42:37,-0.0180000000000006,8.248,8.238,-0.0240000000000009,8.248,49.45,0.04,1.0,0.0,1.0,1.0,0.0,1.0,1.0,1.0,False,DATA-09,False,public-derived-contiguous-slice
5621800,2020-04-17 22:42:49,-0.0180000000000006,8.248,8.238,-0.0240000000000009,8.248,49.45,0.04,1.0,0.0,1.0,1.0,0.0,1.0,1.0,1.0,False,DATA-09,False,public-derived-contiguous-slice
5621810,2020-04-17 22:43:00,-0.0180000000000006,8.248,8.238,-0.0240000000000009,8.248,49.45,0.04,1.0,0.0,1.0,1.0,0.0,1.0,1.0,1.0,False,DATA-09,False,public-derived-contiguous-slice
5621820,2020-04-17 22:43:12,-0.0180000000000006,8.248,8.238,-0.0240000000000009,8.248,49.45,0.04,0.0,0.0,0.0,0.0,0.0,0.0,0.0,0.0,False,DATA-09,False,public-derived-contiguous-slice
5621830,2020-04-17 22:43:25,-0.0180000000000006,8.248,8.238,-0.0240000000000009,8.248,49.45,0.04,1.0,0.0,1.0,1.0,0.0,1.0,1.0,1.0,False,DATA-09,False,public-derived-contiguous-slice
5621840,2020-04-17 22:43:37,-0.0180000000000006,8.248,8.238,-0.0240000000000009,8.248,49.45,0.04,1.0,0.0,1.0,1.0,0.0,1.0,1.0,1.0,False,DATA-09,False,public-derived-contiguous-slice
5621850,2020-04-17 22:43:49,-0.0180000000000006,8.248,8.238,-0.0240000000000009,8.248,49.45,0.04,1.0,0.0,1.0,1.0,0.0,1.0,1.0,1.0,False,DATA-09,False,public-derived-contiguous-slice
5621860,2020-04-17 22:44:01,-0.0180000000000006,8.248,8.238,-0.0240000000000009,8.248,49.45,0.04,1.0,0.0,1.0,1.0,0.0,1.0,1.0,1.0,False,DATA-09,False,public-derived-contiguous-slice
5621870,2020-04-17 22:44:13,-0.0180000000000006,8.248,8.238,-0.0240000000000009,8.248,49.45,0.04,1.0,0.0,1.0,1.0,0.0,1.0,1.0,1.0,False,DATA-09,False,public-derived-contiguous-slice
5621880,2020-04-17 22:44:25,-0.0180000000000006,8.248,8.238,-0.0240000000000009,8.248,49.45,0.04,1.0,0.0,1.0,1.0,0.0,1.0,1.0,1.0,False,DATA-09,False,public-derived-contiguous-slice
5621890,2020-04-17 22:44:37,-0.0180000000000006,8.248,8.238,-0.0240000000000009,8.248,49.45,0.04,1.0,0.0,1.0,1.0,0.0,1.0,1.0,1.0,False,DATA-09,False,public-derived-contiguous-slice
5621900,2020-04-17 22:44:49,-0.0180000000000006,8.248,8.238,-0.0240000000000009,8.248,49.45,0.04,0.0,0.0,0.0,0.0,0.0,0.0,0.0,0.0,False,DATA-09,False,public-derived-contiguous-slice
5621910,2020-04-17 22:45:01,-0.0180000000000006,8.248,8.238,-0.0240000000000009,8.248,49.45,0.04,1.0,0.0,1.0,1.0,0.0,1.0,1.0,1.0,False,DATA-09,False,public-derived-contiguous-slice
5621920,2020-04-17 22:45:13,-0.0180000000000006,8.248,8.238,-0.0240000000000009,8.248,49.45,0.04,1.0,0.0,1.0,1.0,0.0,1.0,1.0,1.0,False,DATA-09,False,public-derived-contiguous-slice
5621930,2020-04-17 22:45:25,-0.0180000000000006,8.248,8.238,-0.0240000000000009,8.248,49.45,0.04,1.0,0.0,1.0,1.0,0.0,1.0,1.0,1.0,False,DATA-09,False,public-derived-contiguous-slice
5621940,2020-04-17 22:45:37,-0.0180000000000006,8.248,8.238,-0.0240000000000009,8.248,49.45,0.04,1.0,0.0,1.0,1.0,0.0,1.0,1.0,1.0,False,DATA-09,False,public-derived-contiguous-slice
5621950,2020-04-17 22:45:49,-0.0180000000000006,8.248,8.238,-0.0240000000000009,8.248,49.45,0.04,1.0,0.0,1.0,1.0,0.0,1.0,1.0,1.0,False,DATA-09,False,public-derived-contiguous-slice
5621960,2020-04-17 22:46:01,-0.0180000000000006,8.248,8.238,-0.0240000000000009,8.248,49.45,0.04,0.0,0.0,0.0,0.0,0.0,0.0,0.0,0.0,False,DATA-09,False,public-derived-contiguous-slice
5621970,2020-04-17 22:46:14,-0.0180000000000006,8.248,8.238,-0.0240000000000009,8.248,49.45,0.04,1.0,0.0,1.0,1.0,0.0,1.0,1.0,1.0,False,DATA-09,False,public-derived-contiguous-slice
5621980,2020-04-17 22:46:26,-0.0180000000000006,8.248,8.238,-0.0240000000000009,8.248,49.45,0.04,1.0,0.0,1.0,1.0,0.0,1.0,1.0,1.0,False,DATA-09,False,public-derived-contiguous-slice
5621990,2020-04-17 22:46:38,-0.0180000000000006,8.248,8.238,-0.0240000000000009,8.248,49.45,0.04,1.0,0.0,1.0,1.0,0.0,1.0,1.0,1.0,False,DATA-09,False,public-derived-contiguous-slice
5622000,2020-04-17 22:46:49,-0.0180000000000006,8.248,8.238,-0.0240000000000009,8.248,49.45,0.04,1.0,0.0,1.0,1.0,0.0,1.0,1.0,1.0,False,DATA-09,False,public-derived-contiguous-slice
5622010,2020-04-17 22:47:01,-0.0180000000000006,8.248,8.238,-0.0240000000000009,8.248,49.45,0.04,1.0,0.0,1.0,1.0,0.0,1.0,1.0,1.0,False,DATA-09,False,public-derived-contiguous-slice
5622020,2020-04-17 22:47:13,-0.0180000000000006,8.248,8.238,-0.0240000000000009,8.248,49.45,0.04,0.0,0.0,0.0,0.0,0.0,0.0,0.0,0.0,False,DATA-09,False,public-derived-contiguous-slice
5622030,2020-04-17 22:47:26,-0.0180000000000006,8.248,8.238,-0.0240000000000009,8.248,49.45,0.04,1.0,0.0,1.0,1.0,0.0,1.0,1.0,1.0,False,DATA-09,False,public-derived-contiguous-slice
5622040,2020-04-17 22:47:38,-0.0180000000000006,8.248,8.238,-0.0240000000000009,8.248,49.45,0.04,1.0,0.0,1.0,1.0,0.0,1.0,1.0,1.0,False,DATA-09,False,public-derived-contiguous-slice
5622050,2020-04-17 22:47:50,-0.0180000000000006,8.248,8.238,-0.0240000000000009,8.248,49.45,0.04,1.0,0.0,1.0,1.0,0.0,1.0,1.0,1.0,False,DATA-09,False,public-derived-contiguous-slice
5622060,2020-04-17 22:48:02,-0.0180000000000006,8.248,8.238,-0.0240000000000009,8.248,49.45,0.04,1.0,0.0,1.0,1.0,0.0,1.0,1.0,1.0,False,DATA-09,False,public-derived-contiguous-slice
5622070,2020-04-17 22:48:14,-0.0180000000000006,8.248,8.238,-0.0240000000000009,8.248,49.45,0.04,0.0,0.0,0.0,0.0,0.0,0.0,0.0,0.0,False,DATA-09,False,public-derived-contiguous-slice
5622080,2020-04-17 22:48:27,-0.0180000000000006,8.248,8.238,-0.0240000000000009,8.248,49.45,0.04,1.0,0.0,1.0,1.0,0.0,1.0,1.0,1.0,False,DATA-09,False,public-derived-contiguous-slice
5622090,2020-04-17 22:48:38,-0.0180000000000006,8.248,8.238,-0.0240000000000009,8.248,49.45,0.04,1.0,0.0,1.0,1.0,0.0,1.0,1.0,1.0,False,DATA-09,False,public-derived-contiguous-slice
5622100,2020-04-17 22:48:50,-0.0180000000000006,8.248,8.238,-0.0240000000000009,8.248,49.45,0.04,1.0,0.0,1.0,1.0,0.0,1.0,1.0,1.0,False,DATA-09,False,public-derived-contiguous-slice
5622110,2020-04-17 22:49:02,-0.0180000000000006,8.248,8.238,-0.0240000000000009,8.248,49.45,0.04,1.0,0.0,1.0,1.0,0.0,1.0,1.0,1.0,False,DATA-09,False,public-derived-contiguous-slice
5622120,2020-04-17 22:49:14,-0.0180000000000006,8.248,8.238,-0.0240000000000009,8.248,49.45,0.04,1.0,0.0,1.0,1.0,0.0,1.0,1.0,1.0,False,DATA-09,False,public-derived-contiguous-slice
5622130,2020-04-17 22:49:26,-0.0180000000000006,8.248,8.238,-0.0240000000000009,8.248,49.45,0.04,0.0,0.0,0.0,0.0,0.0,0.0,0.0,0.0,False,DATA-09,False,public-derived-contiguous-slice
5622140,2020-04-17 22:49:39,-0.0180000000000006,8.248,8.238,-0.0240000000000009,8.248,49.45,0.04,1.0,0.0,1.0,1.0,0.0,1.0,1.0,1.0,False,DATA-09,False,public-derived-contiguous-slice
5622150,2020-04-17 22:49:51,-0.0180000000000006,8.248,8.238,-0.0240000000000009,8.248,49.45,0.04,1.0,0.0,1.0,1.0,0.0,1.0,1.0,1.0,False,DATA-09,False,public-derived-contiguous-slice
5622160,2020-04-17 22:50:03,-0.0180000000000006,8.248,8.238,-0.0240000000000009,8.248,49.45,0.04,1.0,0.0,1.0,1.0,0.0,1.0,1.0,1.0,False,DATA-09,False,public-derived-contiguous-slice
5622170,2020-04-17 22:50:15,-0.0180000000000006,8.248,8.238,-0.0240000000000009,8.248,49.45,0.04,1.0,0.0,1.0,1.0,0.0,1.0,1.0,1.0,False,DATA-09,False,public-derived-contiguous-slice
5622180,2020-04-17 22:50:26,-0.0180000000000006,8.248,8.238,-0.0240000000000009,8.248,49.45,0.04,0.0,0.0,0.0,0.0,0.0,0.0,0.0,0.0,False,DATA-09,False,public-derived-contiguous-slice
5622190,2020-04-17 22:50:39,-0.0180000000000006,8.248,8.238,-0.0240000000000009,8.248,49.45,0.04,1.0,0.0,1.0,1.0,0.0,1.0,1.0,1.0,False,DATA-09,False,public-derived-contiguous-slice
5622200,2020-04-17 22:50:51,-0.0180000000000006,8.248,8.238,-0.0240000000000009,8.248,49.45,0.04,1.0,0.0,1.0,1.0,0.0,1.0,1.0,1.0,False,DATA-09,False,public-derived-contiguous-slice
5622210,2020-04-17 22:51:03,-0.0180000000000006,8.248,8.238,-0.0240000000000009,8.248,49.45,0.04,1.0,0.0,1.0,1.0,0.0,1.0,1.0,1.0,False,DATA-09,False,public-derived-contiguous-slice
5622220,2020-04-17 22:51:15,-0.0180000000000006,8.248,8.238,-0.0240000000000009,8.248,49.45,0.04,1.0,0.0,1.0,1.0,0.0,1.0,1.0,1.0,False,DATA-09,False,public-derived-contiguous-slice
5622230,2020-04-17 22:51:27,-0.0180000000000006,8.248,8.238,-0.0240000000000009,8.248,49.45,0.04,1.0,0.0,1.0,1.0,0.0,1.0,1.0,1.0,False,DATA-09,False,public-derived-contiguous-slice
5622240,2020-04-17 22:51:39,-0.0180000000000006,8.248,8.238,-0.0240000000000009,8.248,49.45,0.04,1.0,0.0,1.0,1.0,0.0,1.0,1.0,1.0,False,DATA-09,False,public-derived-contiguous-slice
5622250,2020-04-17 22:51:51,-0.0180000000000006,8.248,8.238,-0.0240000000000009,8.248,49.45,0.04,0.0,0.0,0.0,0.0,0.0,0.0,0.0,0.0,False,DATA-09,False,public-derived-contiguous-slice
5622260,2020-04-17 22:52:04,-0.0180000000000006,8.248,8.238,-0.0240000000000009,8.248,49.45,0.04,1.0,0.0,1.0,1.0,0.0,1.0,1.0,1.0,False,DATA-09,False,public-derived-contiguous-slice
5622270,2020-04-17 22:52:15,-0.0180000000000006,8.248,8.238,-0.0240000000000009,8.248,49.45,0.04,1.0,0.0,1.0,1.0,0.0,1.0,1.0,1.0,False,DATA-09,False,public-derived-contiguous-slice
5622280,2020-04-17 22:52:27,-0.0180000000000006,8.248,8.238,-0.0240000000000009,8.248,49.45,0.04,1.0,0.0,1.0,1.0,0.0,1.0,1.0,1.0,False,DATA-09,False,public-derived-contiguous-slice
5622290,2020-04-17 22:52:39,-0.0180000000000006,8.248,8.238,-0.0240000000000009,8.248,49.45,0.04,1.0,0.0,1.0,1.0,0.0,1.0,1.0,1.0,False,DATA-09,False,public-derived-contiguous-slice
5622300,2020-04-17 22:52:51,-0.0180000000000006,8.248,8.238,-0.0240000000000009,8.248,49.45,0.04,0.0,0.0,0.0,0.0,0.0,0.0,0.0,0.0,False,DATA-09,False,public-derived-contiguous-slice
5622310,2020-04-17 22:53:04,-0.0180000000000006,8.248,8.238,-0.0240000000000009,8.248,49.45,0.04,1.0,0.0,1.0,1.0,0.0,1.0,1.0,1.0,False,DATA-09,False,public-derived-contiguous-slice
5622320,2020-04-17 22:53:16,-0.0180000000000006,8.248,8.238,-0.0240000000000009,8.248,49.45,0.04,1.0,0.0,1.0,1.0,0.0,1.0,1.0,1.0,False,DATA-09,False,public-derived-contiguous-slice
5622330,2020-04-17 22:53:28,-0.0180000000000006,8.248,8.238,-0.0240000000000009,8.248,49.45,0.04,1.0,0.0,1.0,1.0,0.0,1.0,1.0,1.0,False,DATA-09,False,public-derived-contiguous-slice
5622340,2020-04-17 22:53:40,-0.0180000000000006,8.248,8.238,-0.0240000000000009,8.248,49.45,0.04,1.0,0.0,1.0,1.0,0.0,1.0,1.0,1.0,False,DATA-09,False,public-derived-contiguous-slice
5622350,2020-04-17 22:53:52,-0.0180000000000006,8.248,8.238,-0.0240000000000009,8.248,49.45,0.04,0.0,0.0,0.0,0.0,0.0,0.0,0.0,0.0,False,DATA-09,False,public-derived-contiguous-slice
5622360,2020-04-17 22:54:05,-0.0180000000000006,8.248,8.238,-0.0240000000000009,8.248,49.45,0.04,1.0,0.0,1.0,1.0,0.0,1.0,1.0,1.0,False,DATA-09,False,public-derived-contiguous-slice
5622370,2020-04-17 22:54:16,-0.0180000000000006,8.248,8.238,-0.0240000000000009,8.248,49.45,0.04,1.0,0.0,1.0,1.0,0.0,1.0,1.0,1.0,False,DATA-09,False,public-derived-contiguous-slice
5622380,2020-04-17 22:54:28,-0.0180000000000006,8.248,8.238,-0.0240000000000009,8.248,49.45,0.04,1.0,0.0,1.0,1.0,0.0,1.0,1.0,1.0,False,DATA-09,False,public-derived-contiguous-slice
5622390,2020-04-17 22:54:40,-0.0180000000000006,8.248,8.238,-0.0240000000000009,8.248,49.45,0.04,1.0,0.0,1.0,1.0,0.0,1.0,1.0,1.0,False,DATA-09,False,public-derived-contiguous-slice
5622400,2020-04-17 22:54:52,-0.0180000000000006,8.248,8.238,-0.0240000000000009,8.248,49.45,0.04,1.0,0.0,1.0,1.0,0.0,1.0,1.0,1.0,False,DATA-09,False,public-derived-contiguous-slice
5622410,2020-04-17 22:55:04,-0.0180000000000006,8.248,8.238,-0.0240000000000009,8.248,49.45,0.04,0.0,0.0,0.0,0.0,0.0,0.0,0.0,0.0,False,DATA-09,False,public-derived-contiguous-slice
5622420,2020-04-17 22:55:17,-0.0180000000000006,8.248,8.238,-0.0240000000000009,8.248,49.45,0.04,1.0,0.0,1.0,1.0,0.0,1.0,1.0,1.0,False,DATA-09,False,public-derived-contiguous-slice
5622430,2020-04-17 22:55:29,-0.0180000000000006,8.248,8.238,-0.0240000000000009,8.248,49.45,0.04,1.0,0.0,1.0,1.0,0.0,1.0,1.0,1.0,False,DATA-09,False,public-derived-contiguous-slice
5622440,2020-04-17 22:55:41,-0.0180000000000006,8.248,8.238,-0.0240000000000009,8.248,49.45,0.04,1.0,0.0,1.0,1.0,0.0,1.0,1.0,1.0,False,DATA-09,False,public-derived-contiguous-slice
5622450,2020-04-17 22:55:53,-0.0180000000000006,8.248,8.238,-0.0240000000000009,8.248,49.45,0.04,1.0,0.0,1.0,1.0,0.0,1.0,1.0,1.0,False,DATA-09,False,public-derived-contiguous-slice
5622460,2020-04-17 22:56:04,-0.0180000000000006,8.248,8.238,-0.0240000000000009,8.248,49.45,0.04,0.0,0.0,0.0,0.0,0.0,0.0,0.0,0.0,False,DATA-09,False,public-derived-contiguous-slice
5622470,2020-04-17 22:56:17,-0.0180000000000006,8.248,8.238,-0.0240000000000009,8.248,49.45,0.04,1.0,0.0,1.0,1.0,0.0,1.0,1.0,1.0,False,DATA-09,False,public-derived-contiguous-slice
5622480,2020-04-17 22:56:29,-0.0180000000000006,8.248,8.238,-0.0240000000000009,8.248,49.45,0.04,1.0,0.0,1.0,1.0,0.0,1.0,1.0,1.0,False,DATA-09,False,public-derived-contiguous-slice
5622490,2020-04-17 22:56:41,-0.0180000000000006,8.248,8.238,-0.0240000000000009,8.248,49.45,0.04,1.0,0.0,1.0,1.0,0.0,1.0,1.0,1.0,False,DATA-09,False,public-derived-contiguous-slice
5622500,2020-04-17 22:56:53,-0.0180000000000006,8.248,8.238,-0.0240000000000009,8.248,49.45,0.04,1.0,0.0,1.0,1.0,0.0,1.0,1.0,1.0,False,DATA-09,False,public-derived-contiguous-slice
5622510,2020-04-17 22:57:05,-0.0180000000000006,8.248,8.238,-0.0240000000000009,8.248,49.45,0.04,1.0,0.0,1.0,1.0,0.0,1.0,1.0,1.0,False,DATA-09,False,public-derived-contiguous-slice
5622520,2020-04-17 22:57:17,-0.0180000000000006,8.248,8.238,-0.0240000000000009,8.248,49.45,0.04,0.0,0.0,0.0,0.0,0.0,0.0,0.0,0.0,False,DATA-09,False,public-derived-contiguous-slice
5622530,2020-04-17 22:57:30,-0.0180000000000006,8.248,8.238,-0.0240000000000009,8.248,49.45,0.04,1.0,0.0,1.0,1.0,0.0,1.0,1.0,1.0,False,DATA-09,False,public-derived-contiguous-slice
5622540,2020-04-17 22:57:42,-0.0180000000000006,8.248,8.238,-0.0240000000000009,8.248,49.45,0.04,1.0,0.0,1.0,1.0,0.0,1.0,1.0,1.0,False,DATA-09,False,public-derived-contiguous-slice
5622550,2020-04-17 22:57:53,-0.0180000000000006,8.248,8.238,-0.0240000000000009,8.248,49.45,0.04,1.0,0.0,1.0,1.0,0.0,1.0,1.0,1.0,False,DATA-09,False,public-derived-contiguous-slice
5622560,2020-04-17 22:58:05,-0.0180000000000006,8.248,8.238,-0.0240000000000009,8.248,49.45,0.04,1.0,0.0,1.0,1.0,0.0,1.0,1.0,1.0,False,DATA-09,False,public-derived-contiguous-slice
5622570,2020-04-17 22:58:17,-0.0180000000000006,8.248,8.238,-0.0240000000000009,8.248,49.45,0.04,0.0,0.0,0.0,0.0,0.0,0.0,0.0,0.0,False,DATA-09,False,public-derived-contiguous-slice
5622580,2020-04-17 22:58:30,-0.0180000000000006,8.248,8.238,-0.0240000000000009,8.248,49.45,0.04,1.0,0.0,1.0,1.0,0.0,1.0,1.0,1.0,False,DATA-09,False,public-derived-contiguous-slice
5622590,2020-04-17 22:58:42,-0.0180000000000006,8.248,8.238,-0.0240000000000009,8.248,49.45,0.04,1.0,0.0,1.0,1.0,0.0,1.0,1.0,1.0,False,DATA-09,False,public-derived-contiguous-slice
5622600,2020-04-17 22:58:54,-0.0180000000000006,8.248,8.238,-0.0240000000000009,8.248,49.45,0.04,1.0,0.0,1.0,1.0,0.0,1.0,1.0,1.0,False,DATA-09,False,public-derived-contiguous-slice
5622610,2020-04-17 22:59:06,-0.0180000000000006,8.248,8.238,-0.0240000000000009,8.248,49.45,0.04,1.0,0.0,1.0,1.0,0.0,1.0,1.0,1.0,False,DATA-09,False,public-derived-contiguous-slice
5622620,2020-04-17 22:59:18,-0.0180000000000006,8.248,8.238,-0.0240000000000009,8.248,49.45,0.04,1.0,0.0,1.0,1.0,0.0,1.0,1.0,1.0,False,DATA-09,False,public-derived-contiguous-slice
5622630,2020-04-17 22:59:30,-0.0180000000000006,8.248,8.238,-0.0240000000000009,8.248,49.45,0.04,0.0,0.0,0.0,0.0,0.0,0.0,0.0,0.0,False,DATA-09,False,public-derived-contiguous-slice
5622640,2020-04-17 22:59:43,-0.0180000000000006,8.248,8.238,-0.0240000000000009,8.248,49.45,0.04,1.0,0.0,1.0,1.0,0.0,1.0,1.0,1.0,False,DATA-09,False,public-derived-contiguous-slice
5622650,2020-04-17 22:59:54,-0.0180000000000006,8.248,8.238,-0.0240000000000009,8.248,49.45,0.04,1.0,0.0,1.0,1.0,0.0,1.0,1.0,1.0,False,DATA-09,False,public-derived-contiguous-slice
5622660,2020-04-17 23:00:06,-0.0180000000000006,8.248,8.238,-0.0240000000000009,8.248,49.45,0.04,1.0,0.0,1.0,1.0,0.0,1.0,1.0,1.0,False,DATA-09,False,public-derived-contiguous-slice
5622670,2020-04-17 23:00:18,-0.0180000000000006,8.248,8.238,-0.0240000000000009,8.248,49.45,0.04,1.0,0.0,1.0,1.0,0.0,1.0,1.0,1.0,False,DATA-09,False,public-derived-contiguous-slice
5622680,2020-04-17 23:00:30,-0.0180000000000006,8.248,8.238,-0.0240000000000009,8.248,49.45,0.04,0.0,0.0,0.0,0.0,0.0,0.0,0.0,0.0,False,DATA-09,False,public-derived-contiguous-slice
5622690,2020-04-17 23:00:43,-0.0180000000000006,8.248,8.238,-0.0240000000000009,8.248,49.45,0.04,1.0,0.0,1.0,1.0,0.0,1.0,1.0,1.0,False,DATA-09,False,public-derived-contiguous-slice
5622700,2020-04-17 23:00:55,-0.0180000000000006,8.248,8.238,-0.0240000000000009,8.248,49.45,0.04,1.0,0.0,1.0,1.0,0.0,1.0,1.0,1.0,False,DATA-09,False,public-derived-contiguous-slice
5622710,2020-04-17 23:01:07,-0.0180000000000006,8.248,8.238,-0.0240000000000009,8.248,49.45,0.04,1.0,0.0,1.0,1.0,0.0,1.0,1.0,1.0,False,DATA-09,False,public-derived-contiguous-slice
5622720,2020-04-17 23:01:19,-0.0180000000000006,8.248,8.238,-0.0240000000000009,8.248,49.45,0.04,1.0,0.0,1.0,1.0,0.0,1.0,1.0,1.0,False,DATA-09,False,public-derived-contiguous-slice
5622730,2020-04-17 23:01:31,-0.0180000000000006,8.248,8.238,-0.0240000000000009,8.248,49.45,0.04,1.0,0.0,1.0,1.0,0.0,1.0,1.0,1.0,False,DATA-09,False,public-derived-contiguous-slice
5622740,2020-04-17 23:01:43,-0.0180000000000006,8.248,8.238,-0.0240000000000009,8.248,49.45,0.04,0.0,0.0,0.0,0.0,0.0,0.0,0.0,0.0,False,DATA-09,False,public-derived-contiguous-slice
5622750,2020-04-17 23:01:54,-0.0180000000000006,8.248,8.238,-0.0240000000000009,8.248,49.45,0.04,0.0,0.0,0.0,0.0,0.0,0.0,0.0,0.0,False,DATA-09,False,public-derived-contiguous-slice
5622760,2020-04-17 23:02:07,-0.0180000000000006,8.248,8.238,-0.0240000000000009,8.248,49.45,0.04,1.0,0.0,1.0,1.0,0.0,1.0,1.0,1.0,False,DATA-09,False,public-derived-contiguous-slice
5622770,2020-04-17 23:02:19,-0.0180000000000006,8.248,8.238,-0.0240000000000009,8.248,49.45,0.04,1.0,0.0,1.0,1.0,0.0,1.0,1.0,1.0,False,DATA-09,False,public-derived-contiguous-slice
5622780,2020-04-17 23:02:31,-0.0180000000000006,8.248,8.238,-0.0240000000000009,8.248,49.45,0.04,1.0,0.0,1.0,1.0,0.0,1.0,1.0,1.0,False,DATA-09,False,public-derived-contiguous-slice
5622790,2020-04-17 23:02:43,-0.0180000000000006,8.248,8.238,-0.0240000000000009,8.248,49.45,0.04,1.0,0.0,1.0,1.0,0.0,1.0,1.0,1.0,False,DATA-09,False,public-derived-contiguous-slice
5622800,2020-04-17 23:02:55,-0.0180000000000006,8.248,8.238,-0.0240000000000009,8.248,49.45,0.04,1.0,0.0,1.0,1.0,0.0,1.0,1.0,1.0,False,DATA-09,False,public-derived-contiguous-slice
5622810,2020-04-17 23:03:07,-0.0180000000000006,8.248,8.238,-0.0240000000000009,8.248,49.45,0.04,0.0,0.0,0.0,0.0,0.0,0.0,0.0,0.0,False,DATA-09,False,public-derived-contiguous-slice
5622820,2020-04-17 23:03:20,-0.0180000000000006,8.248,8.238,-0.0240000000000009,8.248,49.45,0.04,1.0,0.0,1.0,1.0,0.0,1.0,1.0,1.0,False,DATA-09,False,public-derived-contiguous-slice
5622830,2020-04-17 23:03:32,-0.0180000000000006,8.248,8.238,-0.0240000000000009,8.248,49.45,0.04,1.0,0.0,1.0,1.0,0.0,1.0,1.0,1.0,False,DATA-09,False,public-derived-contiguous-slice
5622840,2020-04-17 23:03:44,-0.0180000000000006,8.248,8.238,-0.0240000000000009,8.248,49.45,0.04,1.0,0.0,1.0,1.0,0.0,1.0,1.0,1.0,False,DATA-09,False,public-derived-contiguous-slice
5622850,2020-04-17 23:03:55,-0.0180000000000006,8.248,8.238,-0.0240000000000009,8.248,49.45,0.04,1.0,0.0,1.0,1.0,0.0,1.0,1.0,1.0,False,DATA-09,False,public-derived-contiguous-slice
5622860,2020-04-17 23:04:07,-0.0180000000000006,8.248,8.238,-0.0240000000000009,8.248,49.45,0.04,0.0,0.0,0.0,0.0,0.0,0.0,0.0,0.0,False,DATA-09,False,public-derived-contiguous-slice
5622870,2020-04-17 23:04:20,-0.0180000000000006,8.248,8.238,-0.0240000000000009,8.248,49.45,0.04,1.0,0.0,1.0,1.0,0.0,1.0,1.0,1.0,False,DATA-09,False,public-derived-contiguous-slice
5622880,2020-04-17 23:04:32,-0.0180000000000006,8.248,8.238,-0.0240000000000009,8.248,49.45,0.04,1.0,0.0,1.0,1.0,0.0,1.0,1.0,1.0,False,DATA-09,False,public-derived-contiguous-slice
5622890,2020-04-17 23:04:44,-0.0180000000000006,8.248,8.238,-0.0240000000000009,8.248,49.45,0.04,1.0,0.0,1.0,1.0,0.0,1.0,1.0,1.0,False,DATA-09,False,public-derived-contiguous-slice
5622900,2020-04-17 23:04:56,-0.0180000000000006,8.248,8.238,-0.0240000000000009,8.248,49.45,0.04,1.0,0.0,1.0,1.0,0.0,1.0,1.0,1.0,False,DATA-09,False,public-derived-contiguous-slice
5622910,2020-04-17 23:05:08,-0.0180000000000006,8.248,8.238,-0.0240000000000009,8.248,49.45,0.04,0.0,0.0,0.0,0.0,0.0,0.0,0.0,0.0,False,DATA-09,False,public-derived-contiguous-slice
5622920,2020-04-17 23:05:20,-0.0180000000000006,8.248,8.238,-0.0240000000000009,8.248,49.45,0.04,0.0,0.0,0.0,0.0,0.0,0.0,0.0,0.0,False,DATA-09,False,public-derived-contiguous-slice
5622930,2020-04-17 23:05:33,-0.0180000000000006,8.248,8.238,-0.0240000000000009,8.248,49.45,0.04,1.0,0.0,1.0,1.0,0.0,1.0,1.0,1.0,False,DATA-09,False,public-derived-contiguous-slice
5622940,2020-04-17 23:05:45,-0.0180000000000006,8.248,8.238,-0.0240000000000009,8.248,49.45,0.04,1.0,0.0,1.0,1.0,0.0,1.0,1.0,1.0,False,DATA-09,False,public-derived-contiguous-slice
5622950,2020-04-17 23:05:56,-0.0180000000000006,8.248,8.238,-0.0240000000000009,8.248,49.45,0.04,1.0,0.0,1.0,1.0,0.0,1.0,1.0,1.0,False,DATA-09,False,public-derived-contiguous-slice
5622960,2020-04-17 23:06:08,-0.0180000000000006,8.248,8.238,-0.0240000000000009,8.248,49.45,0.04,1.0,0.0,1.0,1.0,0.0,1.0,1.0,1.0,False,DATA-09,False,public-derived-contiguous-slice
5622970,2020-04-17 23:06:20,-0.0180000000000006,8.248,8.238,-0.0240000000000009,8.248,49.45,0.04,0.0,0.0,0.0,0.0,0.0,0.0,0.0,0.0,False,DATA-09,False,public-derived-contiguous-slice
5622980,2020-04-17 23:06:33,-0.0180000000000006,8.248,8.238,-0.0240000000000009,8.248,49.45,0.04,1.0,0.0,1.0,1.0,0.0,1.0,1.0,1.0,False,DATA-09,False,public-derived-contiguous-slice
5622990,2020-04-17 23:06:45,-0.0180000000000006,8.248,8.238,-0.0240000000000009,8.248,49.45,0.04,1.0,0.0,1.0,1.0,0.0,1.0,1.0,1.0,False,DATA-09,False,public-derived-contiguous-slice
5623000,2020-04-17 23:06:57,-0.0180000000000006,8.248,8.238,-0.0240000000000009,8.248,49.45,0.04,1.0,0.0,1.0,1.0,0.0,1.0,1.0,1.0,False,DATA-09,False,public-derived-contiguous-slice
5623010,2020-04-17 23:07:09,-0.0180000000000006,8.248,8.238,-0.0240000000000009,8.248,49.45,0.04,1.0,0.0,1.0,1.0,0.0,1.0,1.0,1.0,False,DATA-09,False,public-derived-contiguous-slice
5623020,2020-04-17 23:07:21,-0.0180000000000006,8.248,8.238,-0.0240000000000009,8.248,49.45,0.04,1.0,0.0,1.0,1.0,0.0,1.0,1.0,1.0,False,DATA-09,False,public-derived-contiguous-slice
5623030,2020-04-17 23:07:33,-0.0180000000000006,8.248,8.238,-0.0240000000000009,8.248,49.45,0.04,0.0,0.0,0.0,0.0,0.0,0.0,0.0,0.0,False,DATA-09,False,public-derived-contiguous-slice
5623040,2020-04-17 23:07:46,-0.0180000000000006,8.248,8.238,-0.0240000000000009,8.248,49.45,0.04,1.0,0.0,1.0,1.0,0.0,1.0,1.0,1.0,False,DATA-09,False,public-derived-contiguous-slice
5623050,2020-04-17 23:07:57,-0.0180000000000006,8.248,8.238,-0.0240000000000009,8.248,49.45,0.04,1.0,0.0,1.0,1.0,0.0,1.0,1.0,1.0,False,DATA-09,False,public-derived-contiguous-slice
5623060,2020-04-17 23:08:09,-0.0180000000000006,8.248,8.238,-0.0240000000000009,8.248,49.45,0.04,1.0,0.0,1.0,1.0,0.0,1.0,1.0,1.0,False,DATA-09,False,public-derived-contiguous-slice
5623070,2020-04-17 23:08:21,-0.0180000000000006,8.248,8.238,-0.0240000000000009,8.248,49.45,0.04,1.0,0.0,1.0,1.0,0.0,1.0,1.0,1.0,False,DATA-09,False,public-derived-contiguous-slice
5623080,2020-04-17 23:08:33,-0.0180000000000006,8.248,8.238,-0.0240000000000009,8.248,49.45,0.04,1.0,0.0,1.0,1.0,0.0,1.0,1.0,1.0,False,DATA-09,False,public-derived-contiguous-slice
5623090,2020-04-17 23:08:45,-0.0180000000000006,8.248,8.238,-0.0240000000000009,8.248,49.45,0.04,0.0,0.0,0.0,0.0,0.0,0.0,0.0,0.0,False,DATA-09,False,public-derived-contiguous-slice
5623100,2020-04-17 23:08:58,-0.0180000000000006,8.248,8.238,-0.0240000000000009,8.248,49.45,0.04,1.0,0.0,1.0,1.0,0.0,1.0,1.0,1.0,False,DATA-09,False,public-derived-contiguous-slice
5623110,2020-04-17 23:09:10,-0.0180000000000006,8.248,8.238,-0.0240000000000009,8.248,49.45,0.04,1.0,0.0,1.0,1.0,0.0,1.0,1.0,1.0,False,DATA-09,False,public-derived-contiguous-slice
5623120,2020-04-17 23:09:22,-0.0180000000000006,8.248,8.238,-0.0240000000000009,8.248,49.45,0.04,1.0,0.0,1.0,1.0,0.0,1.0,1.0,1.0,False,DATA-09,False,public-derived-contiguous-slice
5623130,2020-04-17 23:09:34,-0.0180000000000006,8.248,8.238,-0.0240000000000009,8.248,49.45,0.04,1.0,0.0,1.0,1.0,0.0,1.0,1.0,1.0,False,DATA-09,False,public-derived-contiguous-slice
5623140,2020-04-17 23:09:46,-0.0180000000000006,8.248,8.238,-0.0240000000000009,8.248,49.45,0.04,1.0,0.0,1.0,1.0,0.0,1.0,1.0,1.0,False,DATA-09,False,public-derived-contiguous-slice
5623150,2020-04-17 23:09:58,-0.0180000000000006,8.248,8.238,-0.0240000000000009,8.248,49.45,0.04,1.0,0.0,1.0,1.0,0.0,1.0,1.0,1.0,False,DATA-09,False,public-derived-contiguous-slice
5623160,2020-04-17 23:10:09,-0.0180000000000006,8.248,8.238,-0.0240000000000009,8.248,49.45,0.04,0.0,0.0,0.0,0.0,0.0,0.0,0.0,0.0,False,DATA-09,False,public-derived-contiguous-slice
5623170,2020-04-17 23:10:22,-0.0180000000000006,8.248,8.238,-0.0240000000000009,8.248,49.45,0.04,1.0,0.0,1.0,1.0,0.0,1.0,1.0,1.0,False,DATA-09,False,public-derived-contiguous-slice
5623180,2020-04-17 23:10:34,-0.0180000000000006,8.248,8.238,-0.0240000000000009,8.248,49.45,0.04,1.0,0.0,1.0,1.0,0.0,1.0,1.0,1.0,False,DATA-09,False,public-derived-contiguous-slice
5623190,2020-04-17 23:10:46,-0.0180000000000006,8.248,8.238,-0.0240000000000009,8.248,49.45,0.04,1.0,0.0,1.0,1.0,0.0,1.0,1.0,1.0,False,DATA-09,False,public-derived-contiguous-slice
5623200,2020-04-17 23:10:58,-0.0180000000000006,8.248,8.238,-0.0240000000000009,8.248,49.45,0.04,1.0,0.0,1.0,1.0,0.0,1.0,1.0,1.0,False,DATA-09,False,public-derived-contiguous-slice
5623210,2020-04-17 23:11:10,-0.0180000000000006,8.248,8.238,-0.0240000000000009,8.248,49.45,0.04,0.0,0.0,0.0,0.0,0.0,0.0,0.0,0.0,False,DATA-09,False,public-derived-contiguous-slice
5623220,2020-04-17 23:11:22,-0.0180000000000006,8.248,8.238,-0.0240000000000009,8.248,49.45,0.04,0.0,0.0,0.0,0.0,0.0,0.0,0.0,0.0,False,DATA-09,False,public-derived-contiguous-slice
5623230,2020-04-17 23:11:35,-0.0180000000000006,8.248,8.238,-0.0240000000000009,8.248,49.45,0.04,1.0,0.0,1.0,1.0,0.0,1.0,1.0,1.0,False,DATA-09,False,public-derived-contiguous-slice
5623240,2020-04-17 23:11:47,-0.0180000000000006,8.248,8.238,-0.0240000000000009,8.248,49.45,0.04,1.0,0.0,1.0,1.0,0.0,1.0,1.0,1.0,False,DATA-09,False,public-derived-contiguous-slice
5623250,2020-04-17 23:11:59,-0.0180000000000006,8.248,8.238,-0.0240000000000009,8.248,49.45,0.04,1.0,0.0,1.0,1.0,0.0,1.0,1.0,1.0,False,DATA-09,False,public-derived-contiguous-slice
5623260,2020-04-17 23:12:10,-0.0180000000000006,8.248,8.238,-0.0240000000000009,8.248,49.45,0.04,1.0,0.0,1.0,1.0,0.0,1.0,1.0,1.0,False,DATA-09,False,public-derived-contiguous-slice
5623270,2020-04-17 23:12:22,-0.0180000000000006,8.248,8.238,-0.0240000000000009,8.248,49.45,0.04,0.0,0.0,0.0,0.0,0.0,0.0,0.0,0.0,False,DATA-09,False,public-derived-contiguous-slice
5623280,2020-04-17 23:12:35,-0.0180000000000006,8.248,8.238,-0.0240000000000009,8.248,49.45,0.04,1.0,0.0,1.0,1.0,0.0,1.0,1.0,1.0,False,DATA-09,False,public-derived-contiguous-slice
5623290,2020-04-17 23:12:47,-0.0180000000000006,8.248,8.238,-0.0240000000000009,8.248,49.45,0.04,1.0,0.0,1.0,1.0,0.0,1.0,1.0,1.0,False,DATA-09,False,public-derived-contiguous-slice
5623300,2020-04-17 23:12:59,-0.0180000000000006,8.248,8.238,-0.0240000000000009,8.248,49.45,0.04,1.0,0.0,1.0,1.0,0.0,1.0,1.0,1.0,False,DATA-09,False,public-derived-contiguous-slice
5623310,2020-04-17 23:13:11,-0.0180000000000006,8.248,8.238,-0.0240000000000009,8.248,49.45,0.04,1.0,0.0,1.0,1.0,0.0,1.0,1.0,1.0,False,DATA-09,False,public-derived-contiguous-slice
5623320,2020-04-17 23:13:23,-0.0180000000000006,8.248,8.238,-0.0240000000000009,8.248,49.45,0.04,0.0,0.0,0.0,0.0,0.0,0.0,0.0,0.0,False,DATA-09,False,public-derived-contiguous-slice
5623330,2020-04-17 23:13:36,-0.0180000000000006,8.248,8.238,-0.0240000000000009,8.248,49.45,0.04,1.0,0.0,1.0,1.0,0.0,1.0,1.0,1.0,False,DATA-09,False,public-derived-contiguous-slice
5623340,2020-04-17 23:13:48,-0.0180000000000006,8.248,8.238,-0.0240000000000009,8.248,49.45,0.04,1.0,0.0,1.0,1.0,0.0,1.0,1.0,1.0,False,DATA-09,False,public-derived-contiguous-slice
5623350,2020-04-17 23:14:00,-0.0180000000000006,8.248,8.238,-0.0240000000000009,8.248,49.45,0.04,1.0,0.0,1.0,1.0,0.0,1.0,1.0,1.0,False,DATA-09,False,public-derived-contiguous-slice
5623360,2020-04-17 23:14:11,-0.0180000000000006,8.248,8.238,-0.0240000000000009,8.248,49.45,0.04,1.0,0.0,1.0,1.0,0.0,1.0,1.0,1.0,False,DATA-09,False,public-derived-contiguous-slice
5623370,2020-04-17 23:14:23,-0.0180000000000006,8.248,8.238,-0.0240000000000009,8.248,49.45,0.04,1.0,0.0,1.0,1.0,0.0,1.0,1.0,1.0,False,DATA-09,False,public-derived-contiguous-slice
5623380,2020-04-17 23:14:35,-0.0180000000000006,8.248,8.238,-0.0240000000000009,8.248,49.45,0.04,1.0,0.0,1.0,1.0,0.0,1.0,1.0,1.0,False,DATA-09,False,public-derived-contiguous-slice
5623390,2020-04-17 23:14:47,-0.0180000000000006,8.248,8.238,-0.0240000000000009,8.248,49.45,0.04,1.0,0.0,1.0,1.0,0.0,1.0,1.0,1.0,False,DATA-09,False,public-derived-contiguous-slice
5623400,2020-04-17 23:14:59,-0.0180000000000006,8.248,8.238,-0.0240000000000009,8.248,49.45,0.04,0.0,0.0,0.0,0.0,0.0,0.0,0.0,0.0,False,DATA-09,False,public-derived-contiguous-slice
5623410,2020-04-17 23:15:12,-0.0180000000000006,8.248,8.238,-0.0240000000000009,8.248,49.45,0.04,1.0,0.0,1.0,1.0,0.0,1.0,1.0,1.0,False,DATA-09,False,public-derived-contiguous-slice
5623420,2020-04-17 23:15:24,-0.0180000000000006,8.248,8.238,-0.0240000000000009,8.248,49.45,0.04,1.0,0.0,1.0,1.0,0.0,1.0,1.0,1.0,False,DATA-09,False,public-derived-contiguous-slice
5623430,2020-04-17 23:15:36,-0.0180000000000006,8.248,8.238,-0.0240000000000009,8.248,49.45,0.04,1.0,0.0,1.0,1.0,0.0,1.0,1.0,1.0,False,DATA-09,False,public-derived-contiguous-slice
5623440,2020-04-17 23:15:48,-0.0180000000000006,8.248,8.238,-0.0240000000000009,8.248,49.45,0.04,1.0,0.0,1.0,1.0,0.0,1.0,1.0,1.0,False,DATA-09,False,public-derived-contiguous-slice
5623450,2020-04-17 23:15:59,-0.0180000000000006,8.248,8.238,-0.0240000000000009,8.248,49.45,0.04,0.0,0.0,0.0,0.0,0.0,0.0,0.0,0.0,False,DATA-09,False,public-derived-contiguous-slice
5623460,2020-04-17 23:16:11,-0.0180000000000006,8.248,8.238,-0.0240000000000009,8.248,49.45,0.04,0.0,0.0,0.0,0.0,0.0,0.0,0.0,0.0,False,DATA-09,False,public-derived-contiguous-slice
5623470,2020-04-17 23:16:24,-0.0180000000000006,8.248,8.238,-0.0240000000000009,8.248,49.45,0.04,1.0,0.0,1.0,1.0,0.0,1.0,1.0,1.0,False,DATA-09,False,public-derived-contiguous-slice
5623480,2020-04-17 23:16:36,-0.0180000000000006,8.248,8.238,-0.0240000000000009,8.248,49.45,0.04,1.0,0.0,1.0,1.0,0.0,1.0,1.0,1.0,False,DATA-09,False,public-derived-contiguous-slice
5623490,2020-04-17 23:16:48,-0.0180000000000006,8.248,8.238,-0.0240000000000009,8.248,49.45,0.04,1.0,0.0,1.0,1.0,0.0,1.0,1.0,1.0,False,DATA-09,False,public-derived-contiguous-slice
5623500,2020-04-17 23:17:00,-0.0180000000000006,8.248,8.238,-0.0240000000000009,8.248,49.45,0.04,0.0,0.0,0.0,0.0,0.0,0.0,0.0,0.0,False,DATA-09,False,public-derived-contiguous-slice
5623510,2020-04-17 23:17:13,-0.0180000000000006,8.248,8.238,-0.0240000000000009,8.248,49.45,0.04,1.0,0.0,1.0,1.0,0.0,1.0,1.0,1.0,False,DATA-09,False,public-derived-contiguous-slice
5623520,2020-04-17 23:17:25,-0.0180000000000006,8.248,8.238,-0.0240000000000009,8.248,49.45,0.04,1.0,0.0,1.0,1.0,0.0,1.0,1.0,1.0,False,DATA-09,False,public-derived-contiguous-slice
5623530,2020-04-17 23:17:37,-0.0180000000000006,8.248,8.238,-0.0240000000000009,8.248,49.45,0.04,1.0,0.0,1.0,1.0,0.0,1.0,1.0,1.0,False,DATA-09,False,public-derived-contiguous-slice
5623540,2020-04-17 23:17:48,-0.0180000000000006,8.248,8.238,-0.0240000000000009,8.248,49.45,0.04,1.0,0.0,1.0,1.0,0.0,1.0,1.0,1.0,False,DATA-09,False,public-derived-contiguous-slice
5623550,2020-04-17 23:18:00,-0.0180000000000006,8.248,8.238,-0.0240000000000009,8.248,49.45,0.04,1.0,0.0,1.0,1.0,0.0,1.0,1.0,1.0,False,DATA-09,False,public-derived-contiguous-slice
5623560,2020-04-17 23:18:12,-0.0180000000000006,8.248,8.238,-0.0240000000000009,8.248,49.45,0.04,1.0,0.0,1.0,1.0,0.0,1.0,1.0,1.0,False,DATA-09,False,public-derived-contiguous-slice
5623570,2020-04-17 23:18:24,-0.0180000000000006,8.248,8.238,-0.0240000000000009,8.248,49.45,0.04,0.0,0.0,0.0,0.0,0.0,0.0,0.0,0.0,False,DATA-09,False,public-derived-contiguous-slice
5623580,2020-04-17 23:18:37,-0.0180000000000006,8.248,8.238,-0.0240000000000009,8.248,49.45,0.04,1.0,0.0,1.0,1.0,0.0,1.0,1.0,1.0,False,DATA-09,False,public-derived-contiguous-slice
5623590,2020-04-17 23:18:49,-0.0180000000000006,8.248,8.238,-0.0240000000000009,8.248,49.45,0.04,1.0,0.0,1.0,1.0,0.0,1.0,1.0,1.0,False,DATA-09,False,public-derived-contiguous-slice
5623600,2020-04-17 23:19:01,-0.0180000000000006,8.248,8.238,-0.0240000000000009,8.248,49.45,0.04,1.0,0.0,1.0,1.0,0.0,1.0,1.0,1.0,False,DATA-09,False,public-derived-contiguous-slice
5623610,2020-04-17 23:19:13,-0.0180000000000006,8.248,8.238,-0.0240000000000009,8.248,49.45,0.04,1.0,0.0,1.0,1.0,0.0,1.0,1.0,1.0,False,DATA-09,False,public-derived-contiguous-slice
5623620,2020-04-17 23:19:25,-0.0180000000000006,8.248,8.238,-0.0240000000000009,8.248,49.45,0.04,0.0,0.0,0.0,0.0,0.0,0.0,0.0,0.0,False,DATA-09,False,public-derived-contiguous-slice
5623630,2020-04-17 23:19:36,-0.0180000000000006,8.248,8.238,-0.0240000000000009,8.248,49.45,0.04,0.0,0.0,0.0,0.0,0.0,0.0,0.0,0.0,False,DATA-09,False,public-derived-contiguous-slice
5623640,2020-04-17 23:19:49,-0.0180000000000006,8.248,8.238,-0.0240000000000009,8.248,49.45,0.04,1.0,0.0,1.0,1.0,0.0,1.0,1.0,1.0,False,DATA-09,False,public-derived-contiguous-slice
5623650,2020-04-17 23:20:01,-0.0180000000000006,8.248,8.238,-0.0240000000000009,8.248,49.45,0.04,1.0,0.0,1.0,1.0,0.0,1.0,1.0,1.0,False,DATA-09,False,public-derived-contiguous-slice
5623660,2020-04-17 23:20:13,-0.0180000000000006,8.248,8.238,-0.0240000000000009,8.248,49.45,0.04,1.0,0.0,1.0,1.0,0.0,1.0,1.0,1.0,False,DATA-09,False,public-derived-contiguous-slice
5623670,2020-04-17 23:20:25,-0.0180000000000006,8.248,8.238,-0.0240000000000009,8.248,49.45,0.04,1.0,0.0,1.0,1.0,0.0,1.0,1.0,1.0,False,DATA-09,False,public-derived-contiguous-slice
5623680,2020-04-17 23:20:37,-0.0180000000000006,8.248,8.238,-0.0240000000000009,8.248,49.45,0.04,0.0,0.0,0.0,0.0,0.0,0.0,0.0,0.0,False,DATA-09,False,public-derived-contiguous-slice
5623690,2020-04-17 23:20:50,-0.0180000000000006,8.248,8.238,-0.0240000000000009,8.248,49.45,0.04,1.0,0.0,1.0,1.0,0.0,1.0,1.0,1.0,False,DATA-09,False,public-derived-contiguous-slice
5623700,2020-04-17 23:21:02,-0.0180000000000006,8.248,8.238,-0.0240000000000009,8.248,49.45,0.04,1.0,0.0,1.0,1.0,0.0,1.0,1.0,1.0,False,DATA-09,False,public-derived-contiguous-slice
5623710,2020-04-17 23:21:13,-0.0180000000000006,8.248,8.238,-0.0240000000000009,8.248,49.45,0.04,0.0,0.0,0.0,0.0,0.0,0.0,0.0,0.0,False,DATA-09,False,public-derived-contiguous-slice
5623720,2020-04-17 23:21:25,-0.0180000000000006,8.248,8.238,-0.0240000000000009,8.248,49.45,0.04,1.0,0.0,1.0,1.0,0.0,1.0,1.0,1.0,False,DATA-09,False,public-derived-contiguous-slice
5623730,2020-04-17 23:21:37,-0.0180000000000006,8.248,8.238,-0.0240000000000009,8.248,49.45,0.04,1.0,0.0,1.0,1.0,0.0,1.0,1.0,1.0,False,DATA-09,False,public-derived-contiguous-slice
5623740,2020-04-17 23:21:49,-0.0180000000000006,8.248,8.238,-0.0240000000000009,8.248,49.45,0.04,1.0,0.0,1.0,1.0,0.0,1.0,1.0,1.0,False,DATA-09,False,public-derived-contiguous-slice
5623750,2020-04-17 23:22:01,-0.0180000000000006,8.248,8.238,-0.0240000000000009,8.248,49.45,0.04,1.0,0.0,1.0,1.0,0.0,1.0,1.0,1.0,False,DATA-09,False,public-derived-contiguous-slice
5623760,2020-04-17 23:22:13,-0.0180000000000006,8.248,8.238,-0.0240000000000009,8.248,49.45,0.04,0.0,0.0,0.0,0.0,0.0,0.0,0.0,0.0,False,DATA-09,False,public-derived-contiguous-slice
5623770,2020-04-17 23:22:26,-0.0180000000000006,8.248,8.238,-0.0240000000000009,8.248,49.45,0.04,1.0,0.0,1.0,1.0,0.0,1.0,1.0,1.0,False,DATA-09,False,public-derived-contiguous-slice
5623780,2020-04-17 23:22:38,-0.0180000000000006,8.248,8.238,-0.0240000000000009,8.248,49.45,0.04,1.0,0.0,1.0,1.0,0.0,1.0,1.0,1.0,False,DATA-09,False,public-derived-contiguous-slice
5623790,2020-04-17 23:22:50,-0.0180000000000006,8.248,8.238,-0.0240000000000009,8.248,49.45,0.04,1.0,0.0,1.0,1.0,0.0,1.0,1.0,1.0,False,DATA-09,False,public-derived-contiguous-slice
5623800,2020-04-17 23:23:02,-0.0180000000000006,8.248,8.238,-0.0240000000000009,8.248,49.45,0.04,1.0,0.0,1.0,1.0,0.0,1.0,1.0,1.0,False,DATA-09,False,public-derived-contiguous-slice
5623810,2020-04-17 23:23:13,-0.0180000000000006,8.248,8.238,-0.0240000000000009,8.248,49.45,0.04,0.0,0.0,0.0,0.0,0.0,0.0,0.0,0.0,False,DATA-09,False,public-derived-contiguous-slice
5623820,2020-04-17 23:23:26,-0.0180000000000006,8.248,8.238,-0.0240000000000009,8.248,49.45,0.04,1.0,0.0,1.0,1.0,0.0,1.0,1.0,1.0,False,DATA-09,False,public-derived-contiguous-slice
5623830,2020-04-17 23:23:38,-0.0180000000000006,8.248,8.238,-0.0240000000000009,8.248,49.45,0.04,1.0,0.0,1.0,1.0,0.0,1.0,1.0,1.0,False,DATA-09,False,public-derived-contiguous-slice
5623840,2020-04-17 23:23:50,-0.0180000000000006,8.248,8.238,-0.0240000000000009,8.248,49.45,0.04,1.0,0.0,1.0,1.0,0.0,1.0,1.0,1.0,False,DATA-09,False,public-derived-contiguous-slice
5623850,2020-04-17 23:24:02,-0.0180000000000006,8.248,8.238,-0.0240000000000009,8.248,49.45,0.04,1.0,0.0,1.0,1.0,0.0,1.0,1.0,1.0,False,DATA-09,False,public-derived-contiguous-slice
5623860,2020-04-17 23:24:14,-0.0180000000000006,8.248,8.238,-0.0240000000000009,8.248,49.45,0.04,1.0,0.0,1.0,1.0,0.0,1.0,1.0,1.0,False,DATA-09,False,public-derived-contiguous-slice
5623870,2020-04-17 23:24:26,-0.0180000000000006,8.248,8.238,-0.0240000000000009,8.248,49.45,0.04,0.0,0.0,0.0,0.0,0.0,0.0,0.0,0.0,False,DATA-09,False,public-derived-contiguous-slice
5623880,2020-04-17 23:24:39,-0.0180000000000006,8.248,8.238,-0.0240000000000009,8.248,49.45,0.04,1.0,0.0,1.0,1.0,0.0,1.0,1.0,1.0,False,DATA-09,False,public-derived-contiguous-slice
5623890,2020-04-17 23:24:51,-0.0180000000000006,8.248,8.238,-0.0240000000000009,8.248,49.45,0.04,1.0,0.0,1.0,1.0,0.0,1.0,1.0,1.0,False,DATA-09,False,public-derived-contiguous-slice
5623900,2020-04-17 23:25:02,-0.0180000000000006,8.248,8.238,-0.0240000000000009,8.248,49.45,0.04,1.0,0.0,1.0,1.0,0.0,1.0,1.0,1.0,False,DATA-09,False,public-derived-contiguous-slice
5623910,2020-04-17 23:25:14,-0.0180000000000006,8.248,8.238,-0.0240000000000009,8.248,49.45,0.04,1.0,0.0,1.0,1.0,0.0,1.0,1.0,1.0,False,DATA-09,False,public-derived-contiguous-slice
5623920,2020-04-17 23:25:26,-0.0180000000000006,8.248,8.238,-0.0240000000000009,8.248,49.45,0.04,1.0,0.0,1.0,1.0,0.0,1.0,1.0,1.0,False,DATA-09,False,public-derived-contiguous-slice
5623930,2020-04-17 23:25:38,-0.0180000000000006,8.248,8.238,-0.0240000000000009,8.248,49.45,0.04,0.0,0.0,0.0,0.0,0.0,0.0,0.0,0.0,False,DATA-09,False,public-derived-contiguous-slice
5623940,2020-04-17 23:25:51,-0.0180000000000006,8.248,8.238,-0.0240000000000009,8.248,49.45,0.04,1.0,0.0,1.0,1.0,0.0,1.0,1.0,1.0,False,DATA-09,False,public-derived-contiguous-slice
5623950,2020-04-17 23:26:03,-0.0180000000000006,8.248,8.238,-0.0240000000000009,8.248,49.45,0.04,1.0,0.0,1.0,1.0,0.0,1.0,1.0,1.0,False,DATA-09,False,public-derived-contiguous-slice
5623960,2020-04-17 23:26:15,-0.0180000000000006,8.248,8.238,-0.0240000000000009,8.248,49.45,0.04,1.0,0.0,1.0,1.0,0.0,1.0,1.0,1.0,False,DATA-09,False,public-derived-contiguous-slice
5623970,2020-04-17 23:26:27,-0.0180000000000006,8.248,8.238,-0.0240000000000009,8.248,49.45,0.04,1.0,0.0,1.0,1.0,0.0,1.0,1.0,1.0,False,DATA-09,False,public-derived-contiguous-slice
5623980,2020-04-17 23:26:39,-0.0180000000000006,8.248,8.238,-0.0240000000000009,8.248,49.45,0.04,0.0,0.0,0.0,0.0,0.0,0.0,0.0,0.0,False,DATA-09,False,public-derived-contiguous-slice
5623990,2020-04-17 23:26:50,-0.0180000000000006,8.248,8.238,-0.0240000000000009,8.248,49.45,0.04,0.0,0.0,0.0,0.0,0.0,0.0,0.0,0.0,False,DATA-09,False,public-derived-contiguous-slice
5624000,2020-04-17 23:27:03,-0.0180000000000006,8.248,8.238,-0.0240000000000009,8.248,49.45,0.04,1.0,0.0,1.0,1.0,0.0,1.0,1.0,1.0,False,DATA-09,False,public-derived-contiguous-slice
5624010,2020-04-17 23:27:15,-0.0180000000000006,8.248,8.238,-0.0240000000000009,8.248,49.45,0.04,1.0,0.0,1.0,1.0,0.0,1.0,1.0,1.0,False,DATA-09,False,public-derived-contiguous-slice
5624020,2020-04-17 23:27:27,-0.0180000000000006,8.248,8.238,-0.0240000000000009,8.248,49.45,0.04,1.0,0.0,1.0,1.0,0.0,1.0,1.0,1.0,False,DATA-09,False,public-derived-contiguous-slice
5624030,2020-04-17 23:27:39,-0.0180000000000006,8.248,8.238,-0.0240000000000009,8.248,49.45,0.04,1.0,0.0,1.0,1.0,0.0,1.0,1.0,1.0,False,DATA-09,False,public-derived-contiguous-slice
5624040,2020-04-17 23:27:51,-0.0180000000000006,8.248,8.238,-0.0240000000000009,8.248,49.45,0.04,1.0,0.0,1.0,1.0,0.0,1.0,1.0,1.0,False,DATA-09,False,public-derived-contiguous-slice
5624050,2020-04-17 23:28:03,-0.0180000000000006,8.248,8.238,-0.0240000000000009,8.248,49.45,0.04,0.0,0.0,0.0,0.0,0.0,0.0,0.0,0.0,False,DATA-09,False,public-derived-contiguous-slice
5624060,2020-04-17 23:28:16,-0.0180000000000006,8.248,8.238,-0.0240000000000009,8.248,49.45,0.04,1.0,0.0,1.0,1.0,0.0,1.0,1.0,1.0,False,DATA-09,False,public-derived-contiguous-slice
5624070,2020-04-17 23:28:28,-0.0180000000000006,8.248,8.238,-0.0240000000000009,8.248,49.45,0.04,1.0,0.0,1.0,1.0,0.0,1.0,1.0,1.0,False,DATA-09,False,public-derived-contiguous-slice
5624080,2020-04-17 23:28:39,-0.0180000000000006,8.248,8.238,-0.0240000000000009,8.248,49.45,0.04,1.0,0.0,1.0,1.0,0.0,1.0,1.0,1.0,False,DATA-09,False,public-derived-contiguous-slice
5624090,2020-04-17 23:28:51,-0.0180000000000006,8.248,8.238,-0.0240000000000009,8.248,49.45,0.04,1.0,0.0,1.0,1.0,0.0,1.0,1.0,1.0,False,DATA-09,False,public-derived-contiguous-slice
5624100,2020-04-17 23:29:03,-0.0180000000000006,8.248,8.238,-0.0240000000000009,8.248,49.45,0.04,0.0,0.0,0.0,0.0,0.0,0.0,0.0,0.0,False,DATA-09,False,public-derived-contiguous-slice
5624110,2020-04-17 23:29:16,-0.0180000000000006,8.248,8.238,-0.0240000000000009,8.248,49.45,0.04,1.0,0.0,1.0,1.0,0.0,1.0,1.0,1.0,False,DATA-09,False,public-derived-contiguous-slice
5624120,2020-04-17 23:29:28,-0.0180000000000006,8.248,8.238,-0.0240000000000009,8.248,49.45,0.04,1.0,0.0,1.0,1.0,0.0,1.0,1.0,1.0,False,DATA-09,False,public-derived-contiguous-slice
5624130,2020-04-17 23:29:40,-0.0180000000000006,8.248,8.238,-0.0240000000000009,8.248,49.45,0.04,1.0,0.0,1.0,1.0,0.0,1.0,1.0,1.0,False,DATA-09,False,public-derived-contiguous-slice
5624140,2020-04-17 23:29:52,-0.0180000000000006,8.248,8.238,-0.0240000000000009,8.248,49.45,0.04,1.0,0.0,1.0,1.0,0.0,1.0,1.0,1.0,False,DATA-09,False,public-derived-contiguous-slice
5624150,2020-04-17 23:30:04,-0.0180000000000006,8.248,8.238,-0.0240000000000009,8.248,49.45,0.04,0.0,0.0,0.0,0.0,0.0,0.0,0.0,0.0,False,DATA-09,False,public-derived-contiguous-slice
5624160,2020-04-17 23:30:17,-0.0180000000000006,8.248,8.238,-0.0240000000000009,8.248,49.45,0.04,1.0,0.0,1.0,1.0,0.0,1.0,1.0,1.0,False,DATA-09,False,public-derived-contiguous-slice
5624170,2020-04-17 23:30:28,-0.0180000000000006,8.248,8.238,-0.0240000000000009,8.248,49.45,0.04,1.0,0.0,1.0,1.0,0.0,1.0,1.0,1.0,False,DATA-09,False,public-derived-contiguous-slice
5624180,2020-04-17 23:30:40,-0.0180000000000006,8.248,8.238,-0.0240000000000009,8.248,49.45,0.04,1.0,0.0,1.0,1.0,0.0,1.0,1.0,1.0,False,DATA-09,False,public-derived-contiguous-slice
5624190,2020-04-17 23:30:52,-0.0180000000000006,8.248,8.238,-0.0240000000000009,8.248,49.45,0.04,1.0,0.0,1.0,1.0,0.0,1.0,1.0,1.0,False,DATA-09,False,public-derived-contiguous-slice
5624200,2020-04-17 23:31:04,-0.0180000000000006,8.248,8.238,-0.0240000000000009,8.248,49.45,0.04,1.0,0.0,1.0,1.0,0.0,1.0,1.0,1.0,False,DATA-09,False,public-derived-contiguous-slice
5624210,2020-04-17 23:31:16,-0.0180000000000006,8.248,8.238,-0.0240000000000009,8.248,49.45,0.04,0.0,0.0,0.0,0.0,0.0,0.0,0.0,0.0,False,DATA-09,False,public-derived-contiguous-slice
5624220,2020-04-17 23:31:28,-0.0180000000000006,8.248,8.238,-0.0240000000000009,8.248,49.45,0.04,0.0,0.0,0.0,0.0,0.0,0.0,0.0,0.0,False,DATA-09,False,public-derived-contiguous-slice
5624230,2020-04-17 23:31:40,-0.0180000000000006,8.248,8.238,-0.0240000000000009,8.248,49.45,0.04,0.0,0.0,0.0,0.0,0.0,0.0,0.0,0.0,False,DATA-09,False,public-derived-contiguous-slice
5624240,2020-04-17 23:31:52,-0.0180000000000006,8.248,8.238,-0.0240000000000009,8.248,49.45,0.04,1.0,0.0,1.0,1.0,0.0,1.0,1.0,1.0,False,DATA-09,False,public-derived-contiguous-slice
5624250,2020-04-17 23:32:05,-0.0180000000000006,8.248,8.238,-0.0240000000000009,8.248,49.45,0.04,1.0,0.0,1.0,1.0,0.0,1.0,1.0,1.0,False,DATA-09,False,public-derived-contiguous-slice
5624260,2020-04-17 23:32:16,-0.0180000000000006,8.248,8.238,-0.0240000000000009,8.248,49.45,0.04,1.0,0.0,1.0,1.0,0.0,1.0,1.0,1.0,False,DATA-09,False,public-derived-contiguous-slice
5624270,2020-04-17 23:32:28,-0.0180000000000006,8.248,8.238,-0.0240000000000009,8.248,49.45,0.04,1.0,0.0,1.0,1.0,0.0,1.0,1.0,1.0,False,DATA-09,False,public-derived-contiguous-slice
5624280,2020-04-17 23:32:40,-0.0180000000000006,8.248,8.238,-0.0240000000000009,8.248,49.45,0.04,1.0,0.0,1.0,1.0,0.0,1.0,1.0,1.0,False,DATA-09,False,public-derived-contiguous-slice
5624290,2020-04-17 23:32:52,-0.0180000000000006,8.248,8.238,-0.0240000000000009,8.248,49.45,0.04,1.0,0.0,1.0,1.0,0.0,1.0,1.0,1.0,False,DATA-09,False,public-derived-contiguous-slice
5624300,2020-04-17 23:33:04,-0.0180000000000006,8.248,8.238,-0.0240000000000009,8.248,49.45,0.04,0.0,0.0,0.0,0.0,0.0,0.0,0.0,0.0,False,DATA-09,False,public-derived-contiguous-slice
5624310,2020-04-17 23:33:17,-0.0180000000000006,8.248,8.238,-0.0240000000000009,8.248,49.45,0.04,1.0,0.0,1.0,1.0,0.0,1.0,1.0,1.0,False,DATA-09,False,public-derived-contiguous-slice
5624320,2020-04-17 23:33:29,-0.0180000000000006,8.248,8.238,-0.0240000000000009,8.248,49.45,0.04,1.0,0.0,1.0,1.0,0.0,1.0,1.0,1.0,False,DATA-09,False,public-derived-contiguous-slice
5624330,2020-04-17 23:33:41,-0.0180000000000006,8.248,8.238,-0.0240000000000009,8.248,49.45,0.04,1.0,0.0,1.0,1.0,0.0,1.0,1.0,1.0,False,DATA-09,False,public-derived-contiguous-slice
5624340,2020-04-17 23:33:53,-0.0180000000000006,8.248,8.238,-0.0240000000000009,8.248,49.45,0.04,1.0,0.0,1.0,1.0,0.0,1.0,1.0,1.0,False,DATA-09,False,public-derived-contiguous-slice
5624350,2020-04-17 23:34:05,-0.0180000000000006,8.248,8.238,-0.0240000000000009,8.248,49.45,0.04,0.0,0.0,0.0,0.0,0.0,0.0,0.0,0.0,False,DATA-09,False,public-derived-contiguous-slice
5624360,2020-04-17 23:34:17,-0.0180000000000006,8.248,8.238,-0.0240000000000009,8.248,49.45,0.04,1.0,0.0,1.0,1.0,0.0,1.0,1.0,1.0,False,DATA-09,False,public-derived-contiguous-slice
5624370,2020-04-17 23:34:29,-0.0180000000000006,8.248,8.238,-0.0240000000000009,8.248,49.45,0.04,1.0,0.0,1.0,1.0,0.0,1.0,1.0,1.0,False,DATA-09,False,public-derived-contiguous-slice
5624380,2020-04-17 23:34:41,-0.0180000000000006,8.248,8.238,-0.0240000000000009,8.248,49.45,0.04,1.0,0.0,1.0,1.0,0.0,1.0,1.0,1.0,False,DATA-09,False,public-derived-contiguous-slice
5624390,2020-04-17 23:34:53,-0.0180000000000006,8.248,8.238,-0.0240000000000009,8.248,49.45,0.04,1.0,0.0,1.0,1.0,0.0,1.0,1.0,1.0,False,DATA-09,False,public-derived-contiguous-slice
5624400,2020-04-17 23:35:05,-0.0180000000000006,8.248,8.238,-0.0240000000000009,8.248,49.45,0.04,1.0,0.0,1.0,1.0,0.0,1.0,1.0,1.0,False,DATA-09,False,public-derived-contiguous-slice
5624410,2020-04-17 23:35:17,-0.0180000000000006,8.248,8.238,-0.0240000000000009,8.248,49.45,0.04,0.0,0.0,0.0,0.0,0.0,0.0,0.0,0.0,False,DATA-09,False,public-derived-contiguous-slice
5624420,2020-04-17 23:35:30,-0.0180000000000006,8.248,8.238,-0.0240000000000009,8.248,49.45,0.04,1.0,0.0,1.0,1.0,0.0,1.0,1.0,1.0,False,DATA-09,False,public-derived-contiguous-slice
5624430,2020-04-17 23:35:42,-0.0180000000000006,8.248,8.238,-0.0240000000000009,8.248,49.45,0.04,1.0,0.0,1.0,1.0,0.0,1.0,1.0,1.0,False,DATA-09,False,public-derived-contiguous-slice
5624440,2020-04-17 23:35:54,-0.0180000000000006,8.248,8.238,-0.0240000000000009,8.248,49.45,0.04,1.0,0.0,1.0,1.0,0.0,1.0,1.0,1.0,False,DATA-09,False,public-derived-contiguous-slice
5624450,2020-04-17 23:36:05,-0.0180000000000006,8.248,8.238,-0.0240000000000009,8.248,49.45,0.04,1.0,0.0,1.0,1.0,0.0,1.0,1.0,1.0,False,DATA-09,False,public-derived-contiguous-slice
5624460,2020-04-17 23:36:17,-0.0180000000000006,8.248,8.238,-0.0240000000000009,8.248,49.45,0.04,0.0,0.0,0.0,0.0,0.0,0.0,0.0,0.0,False,DATA-09,False,public-derived-contiguous-slice
5624470,2020-04-17 23:36:30,-0.0180000000000006,8.248,8.238,-0.0240000000000009,8.248,49.45,0.04,1.0,0.0,1.0,1.0,0.0,1.0,1.0,1.0,False,DATA-09,False,public-derived-contiguous-slice
5624480,2020-04-17 23:36:42,-0.0180000000000006,8.248,8.238,-0.0240000000000009,8.248,49.45,0.04,1.0,0.0,1.0,1.0,0.0,1.0,1.0,1.0,False,DATA-09,False,public-derived-contiguous-slice
5624490,2020-04-17 23:36:54,-0.0180000000000006,8.248,8.238,-0.0240000000000009,8.248,49.45,0.04,1.0,0.0,1.0,1.0,0.0,1.0,1.0,1.0,False,DATA-09,False,public-derived-contiguous-slice
5624500,2020-04-17 23:37:06,-0.0180000000000006,8.248,8.238,-0.0240000000000009,8.248,49.45,0.04,1.0,0.0,1.0,1.0,0.0,1.0,1.0,1.0,False,DATA-09,False,public-derived-contiguous-slice
5624510,2020-04-17 23:37:18,-0.0180000000000006,8.248,8.238,-0.0240000000000009,8.248,49.45,0.04,0.0,0.0,0.0,0.0,0.0,0.0,0.0,0.0,False,DATA-09,False,public-derived-contiguous-slice
5624520,2020-04-17 23:37:30,-0.0180000000000006,8.248,8.238,-0.0240000000000009,8.248,49.45,0.04,0.0,0.0,0.0,0.0,0.0,0.0,0.0,0.0,False,DATA-09,False,public-derived-contiguous-slice
5624530,2020-04-17 23:37:43,-0.0180000000000006,8.248,8.238,-0.0240000000000009,8.248,49.45,0.04,1.0,0.0,1.0,1.0,0.0,1.0,1.0,1.0,False,DATA-09,False,public-derived-contiguous-slice
5624540,2020-04-17 23:37:54,-0.0180000000000006,8.248,8.238,-0.0240000000000009,8.248,49.45,0.04,1.0,0.0,1.0,1.0,0.0,1.0,1.0,1.0,False,DATA-09,False,public-derived-contiguous-slice
5624550,2020-04-17 23:38:06,-0.0180000000000006,8.248,8.238,-0.0240000000000009,8.248,49.45,0.04,1.0,0.0,1.0,1.0,0.0,1.0,1.0,1.0,False,DATA-09,False,public-derived-contiguous-slice
5624560,2020-04-17 23:38:18,-0.0180000000000006,8.248,8.238,-0.0240000000000009,8.248,49.45,0.04,1.0,0.0,1.0,1.0,0.0,1.0,1.0,1.0,False,DATA-09,False,public-derived-contiguous-slice
5624570,2020-04-17 23:38:30,-0.0180000000000006,8.248,8.238,-0.0240000000000009,8.248,49.45,0.04,0.0,0.0,0.0,0.0,0.0,0.0,0.0,0.0,False,DATA-09,False,public-derived-contiguous-slice
5624580,2020-04-17 23:38:43,-0.0180000000000006,8.248,8.238,-0.0240000000000009,8.248,49.45,0.04,1.0,0.0,1.0,1.0,0.0,1.0,1.0,1.0,False,DATA-09,False,public-derived-contiguous-slice
5624590,2020-04-17 23:38:55,-0.0180000000000006,8.248,8.238,-0.0240000000000009,8.248,49.45,0.04,1.0,0.0,1.0,1.0,0.0,1.0,1.0,1.0,False,DATA-09,False,public-derived-contiguous-slice
5624600,2020-04-17 23:39:07,-0.0180000000000006,8.248,8.238,-0.0240000000000009,8.248,49.45,0.04,1.0,0.0,1.0,1.0,0.0,1.0,1.0,1.0,False,DATA-09,False,public-derived-contiguous-slice
5624610,2020-04-17 23:39:19,-0.0180000000000006,8.248,8.238,-0.0240000000000009,8.248,49.45,0.04,1.0,0.0,1.0,1.0,0.0,1.0,1.0,1.0,False,DATA-09,False,public-derived-contiguous-slice
5624620,2020-04-17 23:39:31,-0.0180000000000006,8.248,8.238,-0.0240000000000009,8.248,49.45,0.04,1.0,0.0,1.0,1.0,0.0,1.0,1.0,1.0,False,DATA-09,False,public-derived-contiguous-slice
5624630,2020-04-17 23:39:42,-0.0180000000000006,8.248,8.238,-0.0240000000000009,8.248,49.45,0.04,0.0,0.0,0.0,0.0,0.0,0.0,0.0,0.0,False,DATA-09,False,public-derived-contiguous-slice
5624640,2020-04-17 23:39:55,-0.0180000000000006,8.248,8.238,-0.0240000000000009,8.248,49.45,0.04,1.0,0.0,1.0,1.0,0.0,1.0,1.0,1.0,False,DATA-09,False,public-derived-contiguous-slice
5624650,2020-04-17 23:40:07,-0.0180000000000006,8.248,8.238,-0.0240000000000009,8.248,49.45,0.04,1.0,0.0,1.0,1.0,0.0,1.0,1.0,1.0,False,DATA-09,False,public-derived-contiguous-slice
5624660,2020-04-17 23:40:19,-0.0180000000000006,8.248,8.238,-0.0240000000000009,8.248,49.45,0.04,1.0,0.0,1.0,1.0,0.0,1.0,1.0,1.0,False,DATA-09,False,public-derived-contiguous-slice
5624670,2020-04-17 23:40:31,-0.0180000000000006,8.248,8.238,-0.0240000000000009,8.248,49.45,0.04,1.0,0.0,1.0,1.0,0.0,1.0,1.0,1.0,False,DATA-09,False,public-derived-contiguous-slice
5624680,2020-04-17 23:40:43,-0.0180000000000006,8.248,8.238,-0.0240000000000009,8.248,49.45,0.04,0.0,0.0,0.0,0.0,0.0,0.0,0.0,0.0,False,DATA-09,False,public-derived-contiguous-slice
5624690,2020-04-17 23:40:56,-0.0180000000000006,8.248,8.238,-0.0240000000000009,8.248,49.45,0.04,1.0,0.0,1.0,1.0,0.0,1.0,1.0,1.0,False,DATA-09,False,public-derived-contiguous-slice
5624700,2020-04-17 23:41:08,-0.0180000000000006,8.248,8.238,-0.0240000000000009,8.248,49.45,0.04,1.0,0.0,1.0,1.0,0.0,1.0,1.0,1.0,False,DATA-09,False,public-derived-contiguous-slice
5624710,2020-04-17 23:41:20,-0.0180000000000006,8.248,8.238,-0.0240000000000009,8.248,49.45,0.04,1.0,0.0,1.0,1.0,0.0,1.0,1.0,1.0,False,DATA-09,False,public-derived-contiguous-slice
5624720,2020-04-17 23:41:31,-0.0180000000000006,8.248,8.238,-0.0240000000000009,8.248,49.45,0.04,1.0,0.0,1.0,1.0,0.0,1.0,1.0,1.0,False,DATA-09,False,public-derived-contiguous-slice
5624730,2020-04-17 23:41:43,-0.0180000000000006,8.248,8.238,-0.0240000000000009,8.248,49.45,0.04,1.0,0.0,1.0,1.0,0.0,1.0,1.0,1.0,False,DATA-09,False,public-derived-contiguous-slice
5624740,2020-04-17 23:41:55,-0.0180000000000006,8.248,8.238,-0.0240000000000009,8.248,49.45,0.04,1.0,0.0,1.0,1.0,0.0,1.0,1.0,1.0,False,DATA-09,False,public-derived-contiguous-slice
5624750,2020-04-17 23:42:07,-0.0180000000000006,8.248,8.238,-0.0240000000000009,8.248,49.45,0.04,0.0,0.0,0.0,0.0,0.0,0.0,0.0,0.0,False,DATA-09,False,public-derived-contiguous-slice
5624760,2020-04-17 23:42:19,-0.0180000000000006,8.248,8.238,-0.0240000000000009,8.248,49.45,0.04,1.0,0.0,1.0,1.0,0.0,1.0,1.0,1.0,False,DATA-09,False,public-derived-contiguous-slice
5624770,2020-04-17 23:42:31,-0.0180000000000006,8.248,8.238,-0.0240000000000009,8.248,49.45,0.04,0.0,0.0,0.0,0.0,0.0,0.0,0.0,0.0,False,DATA-09,False,public-derived-contiguous-slice
5624780,2020-04-17 23:42:44,-0.0180000000000006,8.248,8.238,-0.0240000000000009,8.248,49.45,0.04,1.0,0.0,1.0,1.0,0.0,1.0,1.0,1.0,False,DATA-09,False,public-derived-contiguous-slice
5624790,2020-04-17 23:42:56,-0.0180000000000006,8.248,8.238,-0.0240000000000009,8.248,49.45,0.04,1.0,0.0,1.0,1.0,0.0,1.0,1.0,1.0,False,DATA-09,False,public-derived-contiguous-slice
5624800,2020-04-17 23:43:08,-0.0180000000000006,8.248,8.238,-0.0240000000000009,8.248,49.45,0.04,1.0,0.0,1.0,1.0,0.0,1.0,1.0,1.0,False,DATA-09,False,public-derived-contiguous-slice
5624810,2020-04-17 23:43:19,-0.0180000000000006,8.248,8.238,-0.0240000000000009,8.248,49.45,0.04,1.0,0.0,1.0,1.0,0.0,1.0,1.0,1.0,False,DATA-09,False,public-derived-contiguous-slice
5624820,2020-04-17 23:43:31,-0.0180000000000006,8.248,8.238,-0.0240000000000009,8.248,49.45,0.04,0.0,0.0,0.0,0.0,0.0,0.0,0.0,0.0,False,DATA-09,False,public-derived-contiguous-slice
5624830,2020-04-17 23:43:43,-0.0180000000000006,8.248,8.238,-0.0240000000000009,8.248,49.45,0.04,0.0,0.0,0.0,0.0,0.0,0.0,0.0,0.0,False,DATA-09,False,public-derived-contiguous-slice
5624840,2020-04-17 23:43:56,-0.0180000000000006,8.248,8.238,-0.0240000000000009,8.248,49.45,0.04,1.0,0.0,1.0,1.0,0.0,1.0,1.0,1.0,False,DATA-09,False,public-derived-contiguous-slice
5624850,2020-04-17 23:44:08,-0.0180000000000006,8.248,8.238,-0.0240000000000009,8.248,49.45,0.04,1.0,0.0,1.0,1.0,0.0,1.0,1.0,1.0,False,DATA-09,False,public-derived-contiguous-slice
5624860,2020-04-17 23:44:20,-0.0180000000000006,8.248,8.238,-0.0240000000000009,8.248,49.45,0.04,1.0,0.0,1.0,1.0,0.0,1.0,1.0,1.0,False,DATA-09,False,public-derived-contiguous-slice
5624870,2020-04-17 23:44:32,-0.0180000000000006,8.248,8.238,-0.0240000000000009,8.248,49.45,0.04,1.0,0.0,1.0,1.0,0.0,1.0,1.0,1.0,False,DATA-09,False,public-derived-contiguous-slice
5624880,2020-04-17 23:44:44,-0.0180000000000006,8.248,8.238,-0.0240000000000009,8.248,49.45,0.04,1.0,0.0,1.0,1.0,0.0,1.0,1.0,1.0,False,DATA-09,False,public-derived-contiguous-slice
5624890,2020-04-17 23:44:56,-0.0180000000000006,8.248,8.238,-0.0240000000000009,8.248,49.45,0.04,0.0,0.0,0.0,0.0,0.0,0.0,0.0,0.0,False,DATA-09,False,public-derived-contiguous-slice
5624900,2020-04-17 23:45:09,-0.0180000000000006,8.248,8.238,-0.0240000000000009,8.248,49.45,0.04,1.0,0.0,1.0,1.0,0.0,1.0,1.0,1.0,False,DATA-09,False,public-derived-contiguous-slice
5624910,2020-04-17 23:45:20,-0.0180000000000006,8.248,8.238,-0.0240000000000009,8.248,49.45,0.04,1.0,0.0,1.0,1.0,0.0,1.0,1.0,1.0,False,DATA-09,False,public-derived-contiguous-slice
5624920,2020-04-17 23:45:32,-0.0180000000000006,8.248,8.238,-0.0240000000000009,8.248,49.45,0.04,1.0,0.0,1.0,1.0,0.0,1.0,1.0,1.0,False,DATA-09,False,public-derived-contiguous-slice
5624930,2020-04-17 23:45:44,-0.0180000000000006,8.248,8.238,-0.0240000000000009,8.248,49.45,0.04,1.0,0.0,1.0,1.0,0.0,1.0,1.0,1.0,False,DATA-09,False,public-derived-contiguous-slice
5624940,2020-04-17 23:45:56,-0.0180000000000006,8.248,8.238,-0.0240000000000009,8.248,49.45,0.04,1.0,0.0,1.0,1.0,0.0,1.0,1.0,1.0,False,DATA-09,False,public-derived-contiguous-slice
5624950,2020-04-17 23:46:08,-0.0180000000000006,8.248,8.238,-0.0240000000000009,8.248,49.45,0.04,1.0,0.0,1.0,1.0,0.0,1.0,1.0,1.0,False,DATA-09,False,public-derived-contiguous-slice
5624960,2020-04-17 23:46:20,-0.0180000000000006,8.248,8.238,-0.0240000000000009,8.248,49.45,0.04,1.0,0.0,1.0,1.0,0.0,1.0,1.0,1.0,False,DATA-09,False,public-derived-contiguous-slice
5624970,2020-04-17 23:46:32,-0.0180000000000006,8.248,8.238,-0.0240000000000009,8.248,49.45,0.04,0.0,0.0,0.0,0.0,0.0,0.0,0.0,0.0,False,DATA-09,False,public-derived-contiguous-slice
5624980,2020-04-17 23:46:45,-0.0180000000000006,8.248,8.238,-0.0240000000000009,8.248,49.45,0.04,1.0,0.0,1.0,1.0,0.0,1.0,1.0,1.0,False,DATA-09,False,public-derived-contiguous-slice
5624990,2020-04-17 23:46:57,-0.0180000000000006,8.248,8.238,-0.0240000000000009,8.248,49.45,0.04,1.0,0.0,1.0,1.0,0.0,1.0,1.0,1.0,False,DATA-09,False,public-derived-contiguous-slice
5625000,2020-04-17 23:47:08,-0.0180000000000006,8.248,8.238,-0.0240000000000009,8.248,49.45,0.04,1.0,0.0,1.0,1.0,0.0,1.0,1.0,1.0,False,DATA-09,False,public-derived-contiguous-slice
5625010,2020-04-17 23:47:20,-0.0180000000000006,8.248,8.238,-0.0240000000000009,8.248,49.45,0.04,1.0,0.0,1.0,1.0,0.0,1.0,1.0,1.0,False,DATA-09,False,public-derived-contiguous-slice
5625020,2020-04-17 23:47:32,-0.0180000000000006,8.248,8.238,-0.0240000000000009,8.248,49.45,0.04,0.0,0.0,0.0,0.0,0.0,0.0,0.0,0.0,False,DATA-09,False,public-derived-contiguous-slice
5625030,2020-04-17 23:47:45,-0.0180000000000006,8.248,8.238,-0.0240000000000009,8.248,49.45,0.04,1.0,0.0,1.0,1.0,0.0,1.0,1.0,1.0,False,DATA-09,False,public-derived-contiguous-slice
5625040,2020-04-17 23:47:57,-0.0180000000000006,8.248,8.238,-0.0240000000000009,8.248,49.45,0.04,1.0,0.0,1.0,1.0,0.0,1.0,1.0,1.0,False,DATA-09,False,public-derived-contiguous-slice
5625050,2020-04-17 23:48:09,-0.0180000000000006,8.248,8.238,-0.0240000000000009,8.248,49.45,0.04,1.0,0.0,1.0,1.0,0.0,1.0,1.0,1.0,False,DATA-09,False,public-derived-contiguous-slice
5625060,2020-04-17 23:48:21,-0.0180000000000006,8.248,8.238,-0.0240000000000009,8.248,49.45,0.04,1.0,0.0,1.0,1.0,0.0,1.0,1.0,1.0,False,DATA-09,False,public-derived-contiguous-slice
5625070,2020-04-17 23:48:33,-0.0180000000000006,8.248,8.238,-0.0240000000000009,8.248,49.45,0.04,0.0,0.0,0.0,0.0,0.0,0.0,0.0,0.0,False,DATA-09,False,public-derived-contiguous-slice
5625080,2020-04-17 23:48:46,-0.0180000000000006,8.248,8.238,-0.0240000000000009,8.248,49.45,0.04,1.0,0.0,1.0,1.0,0.0,1.0,1.0,1.0,False,DATA-09,False,public-derived-contiguous-slice
5625090,2020-04-17 23:48:57,-0.0180000000000006,8.248,8.238,-0.0240000000000009,8.248,49.45,0.04,1.0,0.0,1.0,1.0,0.0,1.0,1.0,1.0,False,DATA-09,False,public-derived-contiguous-slice
5625100,2020-04-17 23:49:09,-0.0180000000000006,8.248,8.238,-0.0240000000000009,8.248,49.45,0.04,1.0,0.0,1.0,1.0,0.0,1.0,1.0,1.0,False,DATA-09,False,public-derived-contiguous-slice
5625110,2020-04-17 23:49:21,-0.0180000000000006,8.248,8.238,-0.0240000000000009,8.248,49.45,0.04,1.0,0.0,1.0,1.0,0.0,1.0,1.0,1.0,False,DATA-09,False,public-derived-contiguous-slice
5625120,2020-04-17 23:49:33,-0.0180000000000006,8.248,8.238,-0.0240000000000009,8.248,49.45,0.04,1.0,0.0,1.0,1.0,0.0,1.0,1.0,1.0,False,DATA-09,False,public-derived-contiguous-slice
5625130,2020-04-17 23:49:45,-0.0180000000000006,8.248,8.238,-0.0240000000000009,8.248,49.45,0.04,1.0,0.0,1.0,1.0,0.0,1.0,1.0,1.0,False,DATA-09,False,public-derived-contiguous-slice
5625140,2020-04-17 23:49:57,-0.0180000000000006,8.248,8.238,-0.0240000000000009,8.248,49.45,0.04,0.0,0.0,0.0,0.0,0.0,0.0,0.0,0.0,False,DATA-09,False,public-derived-contiguous-slice
5625150,2020-04-17 23:50:10,-0.0180000000000006,8.248,8.238,-0.0240000000000009,8.248,49.45,0.04,1.0,0.0,1.0,1.0,0.0,1.0,1.0,1.0,False,DATA-09,False,public-derived-contiguous-slice
5625160,2020-04-17 23:50:22,-0.0180000000000006,8.248,8.238,-0.0240000000000009,8.248,49.45,0.04,1.0,0.0,1.0,1.0,0.0,1.0,1.0,1.0,False,DATA-09,False,public-derived-contiguous-slice
5625170,2020-04-17 23:50:34,-0.0180000000000006,8.248,8.238,-0.0240000000000009,8.248,49.45,0.04,1.0,0.0,1.0,1.0,0.0,1.0,1.0,1.0,False,DATA-09,False,public-derived-contiguous-slice
5625180,2020-04-17 23:50:45,-0.0180000000000006,8.248,8.238,-0.0240000000000009,8.248,49.45,0.04,1.0,0.0,1.0,1.0,0.0,1.0,1.0,1.0,False,DATA-09,False,public-derived-contiguous-slice
5625190,2020-04-17 23:50:57,-0.0180000000000006,8.248,8.238,-0.0240000000000009,8.248,49.45,0.04,0.0,0.0,0.0,0.0,0.0,0.0,0.0,0.0,False,DATA-09,False,public-derived-contiguous-slice
5625200,2020-04-17 23:51:09,-0.0180000000000006,8.248,8.238,-0.0240000000000009,8.248,49.45,0.04,0.0,0.0,0.0,0.0,0.0,0.0,0.0,0.0,False,DATA-09,False,public-derived-contiguous-slice
5625210,2020-04-17 23:51:22,-0.0180000000000006,8.248,8.238,-0.0240000000000009,8.248,49.45,0.04,1.0,0.0,1.0,1.0,0.0,1.0,1.0,1.0,False,DATA-09,False,public-derived-contiguous-slice
5625220,2020-04-17 23:51:34,-0.0180000000000006,8.248,8.238,-0.0240000000000009,8.248,49.45,0.04,1.0,0.0,1.0,1.0,0.0,1.0,1.0,1.0,False,DATA-09,False,public-derived-contiguous-slice
5625230,2020-04-17 23:51:46,-0.0180000000000006,8.248,8.238,-0.0240000000000009,8.248,49.45,0.04,1.0,0.0,1.0,1.0,0.0,1.0,1.0,1.0,False,DATA-09,False,public-derived-contiguous-slice
5625240,2020-04-17 23:51:58,-0.0180000000000006,8.248,8.238,-0.0240000000000009,8.248,49.45,0.04,1.0,0.0,1.0,1.0,0.0,1.0,1.0,1.0,False,DATA-09,False,public-derived-contiguous-slice
5625250,2020-04-17 23:52:10,-0.0180000000000006,8.248,8.238,-0.0240000000000009,8.248,49.45,0.04,1.0,0.0,1.0,1.0,0.0,1.0,1.0,1.0,False,DATA-09,False,public-derived-contiguous-slice
5625260,2020-04-17 23:52:22,-0.0180000000000006,8.248,8.238,-0.0240000000000009,8.248,49.45,0.04,0.0,0.0,0.0,0.0,0.0,0.0,0.0,0.0,False,DATA-09,False,public-derived-contiguous-slice
5625270,2020-04-17 23:52:34,-0.0180000000000006,8.248,8.238,-0.0240000000000009,8.248,49.45,0.04,1.0,0.0,1.0,1.0,0.0,1.0,1.0,1.0,False,DATA-09,False,public-derived-contiguous-slice
5625280,2020-04-17 23:52:46,-0.0180000000000006,8.248,8.238,-0.0240000000000009,8.248,49.45,0.04,1.0,0.0,1.0,1.0,0.0,1.0,1.0,1.0,False,DATA-09,False,public-derived-contiguous-slice
5625290,2020-04-17 23:52:58,-0.0180000000000006,8.248,8.238,-0.0240000000000009,8.248,49.45,0.04,1.0,0.0,1.0,1.0,0.0,1.0,1.0,1.0,False,DATA-09,False,public-derived-contiguous-slice
5625300,2020-04-17 23:53:10,-0.0180000000000006,8.248,8.238,-0.0240000000000009,8.248,49.45,0.04,1.0,0.0,1.0,1.0,0.0,1.0,1.0,1.0,False,DATA-09,False,public-derived-contiguous-slice
5625310,2020-04-17 23:53:22,-0.0180000000000006,8.248,8.238,-0.0240000000000009,8.248,49.45,0.04,1.0,0.0,1.0,1.0,0.0,1.0,1.0,1.0,False,DATA-09,False,public-derived-contiguous-slice
5625320,2020-04-17 23:53:34,-0.0180000000000006,8.248,8.238,-0.0240000000000009,8.248,49.45,0.04,0.0,0.0,0.0,0.0,0.0,0.0,0.0,0.0,False,DATA-09,False,public-derived-contiguous-slice
5625330,2020-04-17 23:53:47,-0.0180000000000006,8.248,8.238,-0.0240000000000009,8.248,49.45,0.04,1.0,0.0,1.0,1.0,0.0,1.0,1.0,1.0,False,DATA-09,False,public-derived-contiguous-slice
5625340,2020-04-17 23:53:59,-0.0180000000000006,8.248,8.238,-0.0240000000000009,8.248,49.45,0.04,1.0,0.0,1.0,1.0,0.0,1.0,1.0,1.0,False,DATA-09,False,public-derived-contiguous-slice
5625350,2020-04-17 23:54:11,-0.0180000000000006,8.248,8.238,-0.0240000000000009,8.248,49.45,0.04,1.0,0.0,1.0,1.0,0.0,1.0,1.0,1.0,False,DATA-09,False,public-derived-contiguous-slice
5625360,2020-04-17 23:54:23,-0.0180000000000006,8.248,8.238,-0.0240000000000009,8.248,49.45,0.04,1.0,0.0,1.0,1.0,0.0,1.0,1.0,1.0,False,DATA-09,False,public-derived-contiguous-slice
5625370,2020-04-17 23:54:34,-0.0180000000000006,8.248,8.238,-0.0240000000000009,8.248,49.45,0.04,1.0,0.0,1.0,1.0,0.0,1.0,1.0,1.0,False,DATA-09,False,public-derived-contiguous-slice
5625380,2020-04-17 23:54:46,-0.0180000000000006,8.248,8.238,-0.0240000000000009,8.248,49.45,0.04,0.0,0.0,0.0,0.0,0.0,0.0,0.0,0.0,False,DATA-09,False,public-derived-contiguous-slice
5625390,2020-04-17 23:54:58,-0.0180000000000006,8.248,8.238,-0.0240000000000009,8.248,49.45,0.04,0.0,0.0,0.0,0.0,0.0,0.0,0.0,0.0,False,DATA-09,False,public-derived-contiguous-slice
5625400,2020-04-17 23:55:10,-0.0180000000000006,8.248,8.238,-0.0240000000000009,8.248,49.45,0.04,0.0,0.0,0.0,0.0,0.0,0.0,0.0,0.0,False,DATA-09,False,public-derived-contiguous-slice
5625410,2020-04-17 23:55:23,-0.0180000000000006,8.248,8.238,-0.0240000000000009,8.248,49.45,0.04,1.0,0.0,1.0,1.0,0.0,1.0,1.0,1.0,False,DATA-09,False,public-derived-contiguous-slice
5625420,2020-04-17 23:55:35,-0.0180000000000006,8.248,8.238,-0.0240000000000009,8.248,49.45,0.04,1.0,0.0,1.0,1.0,0.0,1.0,1.0,1.0,False,DATA-09,False,public-derived-contiguous-slice
5625430,2020-04-17 23:55:47,-0.0180000000000006,8.248,8.238,-0.0240000000000009,8.248,49.45,0.04,1.0,0.0,1.0,1.0,0.0,1.0,1.0,1.0,False,DATA-09,False,public-derived-contiguous-slice
5625440,2020-04-17 23:55:59,-0.0180000000000006,8.248,8.238,-0.0240000000000009,8.248,49.45,0.04,1.0,0.0,1.0,1.0,0.0,1.0,1.0,1.0,False,DATA-09,False,public-derived-contiguous-slice
5625450,2020-04-17 23:56:11,-0.0180000000000006,8.248,8.238,-0.0240000000000009,8.248,49.45,0.04,1.0,0.0,1.0,1.0,0.0,1.0,1.0,1.0,False,DATA-09,False,public-derived-contiguous-slice
5625460,2020-04-17 23:56:23,-0.0180000000000006,8.248,8.238,-0.0240000000000009,8.248,49.45,0.04,0.0,0.0,0.0,0.0,0.0,0.0,0.0,0.0,False,DATA-09,False,public-derived-contiguous-slice
5625470,2020-04-17 23:56:35,-0.0180000000000006,8.248,8.238,-0.0240000000000009,8.248,49.45,0.04,1.0,0.0,1.0,1.0,0.0,1.0,1.0,1.0,False,DATA-09,False,public-derived-contiguous-slice
5625480,2020-04-17 23:56:47,-0.0180000000000006,8.248,8.238,-0.0240000000000009,8.248,49.45,0.04,1.0,0.0,1.0,1.0,0.0,1.0,1.0,1.0,False,DATA-09,False,public-derived-contiguous-slice
5625490,2020-04-17 23:56:59,-0.0180000000000006,8.248,8.238,-0.0240000000000009,8.248,49.45,0.04,1.0,0.0,1.0,1.0,0.0,1.0,1.0,1.0,False,DATA-09,False,public-derived-contiguous-slice
5625500,2020-04-17 23:57:11,-0.0180000000000006,8.248,8.238,-0.0240000000000009,8.248,49.45,0.04,1.0,0.0,1.0,1.0,0.0,1.0,1.0,1.0,False,DATA-09,False,public-derived-contiguous-slice
5625510,2020-04-17 23:57:23,-0.0180000000000006,8.248,8.238,-0.0240000000000009,8.248,49.45,0.04,0.0,0.0,0.0,0.0,0.0,0.0,0.0,0.0,False,DATA-09,False,public-derived-contiguous-slice
5625520,2020-04-17 23:57:36,-0.0180000000000006,8.248,8.238,-0.0240000000000009,8.248,49.45,0.04,1.0,0.0,1.0,1.0,0.0,1.0,1.0,1.0,False,DATA-09,False,public-derived-contiguous-slice
5625530,2020-04-17 23:57:48,-0.0180000000000006,8.248,8.238,-0.0240000000000009,8.248,49.45,0.04,1.0,0.0,1.0,1.0,0.0,1.0,1.0,1.0,False,DATA-09,False,public-derived-contiguous-slice
5625540,2020-04-17 23:58:00,-0.0180000000000006,8.248,8.238,-0.0240000000000009,8.248,49.45,0.04,1.0,0.0,1.0,1.0,0.0,1.0,1.0,1.0,False,DATA-09,False,public-derived-contiguous-slice
5625550,2020-04-17 23:58:12,-0.0180000000000006,8.248,8.238,-0.0240000000000009,8.248,49.45,0.04,1.0,0.0,1.0,1.0,0.0,1.0,1.0,1.0,False,DATA-09,False,public-derived-contiguous-slice
5625560,2020-04-17 23:58:24,-0.0180000000000006,8.248,8.238,-0.0240000000000009,8.248,49.45,0.04,0.0,0.0,0.0,0.0,0.0,0.0,0.0,0.0,False,DATA-09,False,public-derived-contiguous-slice
5625570,2020-04-17 23:58:36,-0.0180000000000006,8.248,8.238,-0.0240000000000009,8.248,49.45,0.04,1.0,0.0,1.0,1.0,0.0,1.0,1.0,1.0,False,DATA-09,False,public-derived-contiguous-slice
5625580,2020-04-17 23:58:48,-0.0180000000000006,8.248,8.238,-0.0240000000000009,8.248,49.45,0.04,1.0,0.0,1.0,1.0,0.0,1.0,1.0,1.0,False,DATA-09,False,public-derived-contiguous-slice
5625590,2020-04-17 23:59:00,-0.0180000000000006,8.248,8.238,-0.0240000000000009,8.248,49.45,0.04,1.0,0.0,1.0,1.0,0.0,1.0,1.0,1.0,False,DATA-09,False,public-derived-contiguous-slice
5625600,2020-04-17 23:59:12,-0.0180000000000006,8.248,8.238,-0.0240000000000009,8.248,49.45,0.04,1.0,0.0,1.0,1.0,0.0,1.0,1.0,1.0,False,DATA-09,False,public-derived-contiguous-slice
5625610,2020-04-17 23:59:24,-0.0180000000000006,8.248,8.238,-0.0240000000000009,8.248,49.45,0.04,0.0,0.0,0.0,0.0,0.0,0.0,0.0,0.0,False,DATA-09,False,public-derived-contiguous-slice
5625620,2020-04-17 23:59:36,-0.0180000000000006,8.248,8.238,-0.0240000000000009,8.248,49.45,0.04,0.0,0.0,0.0,0.0,0.0,0.0,0.0,0.0,False,DATA-09,False,public-derived-contiguous-slice
5625630,2020-04-17 23:59:49,-0.0180000000000006,8.248,8.238,-0.0240000000000009,8.248,49.45,0.04,1.0,0.0,1.0,1.0,0.0,1.0,1.0,1.0,False,DATA-09,False,public-derived-contiguous-slice
5625640,2020-04-18 00:00:01,-0.0180000000000006,8.248,8.238,-0.0240000000000009,8.248,49.45,0.04,1.0,0.0,1.0,1.0,0.0,1.0,1.0,1.0,True,DATA-09,False,public-derived-contiguous-slice
5625650,2020-04-18 00:00:13,-0.0180000000000006,8.248,8.238,-0.0240000000000009,8.248,49.45,0.04,1.0,0.0,1.0,1.0,0.0,1.0,1.0,1.0,True,DATA-09,False,public-derived-contiguous-slice
5625660,2020-04-18 00:00:24,-0.0180000000000006,8.248,8.238,-0.0240000000000009,8.248,49.45,0.04,1.0,0.0,1.0,1.0,0.0,1.0,1.0,1.0,True,DATA-09,False,public-derived-contiguous-slice
5625670,2020-04-18 00:00:36,-0.0180000000000006,8.248,8.238,-0.0240000000000009,8.248,49.45,0.04,0.0,0.0,0.0,0.0,0.0,0.0,0.0,0.0,True,DATA-09,False,public-derived-contiguous-slice
5625680,2020-04-18 00:00:49,-0.0180000000000006,8.248,8.238,-0.0240000000000009,8.248,49.45,0.04,1.0,0.0,1.0,1.0,0.0,1.0,1.0,1.0,True,DATA-09,False,public-derived-contiguous-slice
5625690,2020-04-18 00:01:01,-0.0180000000000006,8.248,8.238,-0.0240000000000009,8.248,49.45,0.04,1.0,0.0,1.0,1.0,0.0,1.0,1.0,1.0,True,DATA-09,False,public-derived-contiguous-slice
5625700,2020-04-18 00:01:13,-0.0180000000000006,8.248,8.238,-0.0240000000000009,8.248,49.45,0.04,1.0,0.0,1.0,1.0,0.0,1.0,1.0,1.0,True,DATA-09,False,public-derived-contiguous-slice
5625710,2020-04-18 00:01:25,-0.0180000000000006,8.248,8.238,-0.0240000000000009,8.248,49.45,0.04,1.0,0.0,1.0,1.0,0.0,1.0,1.0,1.0,True,DATA-09,False,public-derived-contiguous-slice
5625720,2020-04-18 00:01:37,-0.0180000000000006,8.248,8.238,-0.0240000000000009,8.248,49.45,0.04,1.0,0.0,1.0,1.0,0.0,1.0,1.0,1.0,True,DATA-09,False,public-derived-contiguous-slice
5625730,2020-04-18 00:01:49,-0.0180000000000006,8.248,8.238,-0.0240000000000009,8.248,49.45,0.04,0.0,0.0,0.0,0.0,0.0,0.0,0.0,0.0,True,DATA-09,False,public-derived-contiguous-slice
5625740,2020-04-18 00:02:01,-0.0180000000000006,8.248,8.238,-0.0240000000000009,8.248,49.45,0.04,0.0,0.0,0.0,0.0,0.0,0.0,0.0,0.0,True,DATA-09,False,public-derived-contiguous-slice
5625750,2020-04-18 00:02:13,-0.0180000000000006,8.248,8.238,-0.0240000000000009,8.248,49.45,0.04,1.0,0.0,1.0,1.0,0.0,1.0,1.0,1.0,True,DATA-09,False,public-derived-contiguous-slice
5625760,2020-04-18 00:02:25,-0.0180000000000006,8.248,8.238,-0.0240000000000009,8.248,49.45,0.04,1.0,0.0,1.0,1.0,0.0,1.0,1.0,1.0,True,DATA-09,False,public-derived-contiguous-slice
5625770,2020-04-18 00:02:37,-0.0180000000000006,8.248,8.238,-0.0240000000000009,8.248,49.45,0.04,1.0,0.0,1.0,1.0,0.0,1.0,1.0,1.0,True,DATA-09,False,public-derived-contiguous-slice
5625780,2020-04-18 00:02:49,-0.0180000000000006,8.248,8.238,-0.0240000000000009,8.248,49.45,0.04,1.0,0.0,1.0,1.0,0.0,1.0,1.0,1.0,True,DATA-09,False,public-derived-contiguous-slice
5625790,2020-04-18 00:03:01,-0.0180000000000006,8.248,8.238,-0.0240000000000009,8.248,49.45,0.04,0.0,0.0,0.0,0.0,0.0,0.0,0.0,0.0,True,DATA-09,False,public-derived-contiguous-slice
5625800,2020-04-18 00:03:14,-0.0180000000000006,8.248,8.238,-0.0240000000000009,8.248,49.45,0.04,1.0,0.0,1.0,1.0,0.0,1.0,1.0,1.0,True,DATA-09,False,public-derived-contiguous-slice
5625810,2020-04-18 00:03:26,-0.0180000000000006,8.248,8.238,-0.0240000000000009,8.248,49.45,0.04,1.0,0.0,1.0,1.0,0.0,1.0,1.0,1.0,True,DATA-09,False,public-derived-contiguous-slice
5625820,2020-04-18 00:03:38,-0.0180000000000006,8.248,8.238,-0.0240000000000009,8.248,49.45,0.04,1.0,0.0,1.0,1.0,0.0,1.0,1.0,1.0,True,DATA-09,False,public-derived-contiguous-slice
5625830,2020-04-18 00:03:50,-0.0180000000000006,8.248,8.238,-0.0240000000000009,8.248,49.45,0.04,1.0,0.0,1.0,1.0,0.0,1.0,1.0,1.0,True,DATA-09,False,public-derived-contiguous-slice
5625840,2020-04-18 00:04:01,-0.0180000000000006,8.248,8.238,-0.0240000000000009,8.248,49.45,0.04,0.0,0.0,0.0,0.0,0.0,0.0,0.0,0.0,True,DATA-09,False,public-derived-contiguous-slice
5625850,2020-04-18 00:04:14,-0.0180000000000006,8.248,8.238,-0.0240000000000009,8.248,49.45,0.04,1.0,0.0,1.0,1.0,0.0,1.0,1.0,1.0,True,DATA-09,False,public-derived-contiguous-slice
5625860,2020-04-18 00:04:26,-0.0180000000000006,8.248,8.238,-0.0240000000000009,8.248,49.45,0.04,1.0,0.0,1.0,1.0,0.0,1.0,1.0,1.0,True,DATA-09,False,public-derived-contiguous-slice
5625870,2020-04-18 00:04:38,-0.0180000000000006,8.248,8.238,-0.0240000000000009,8.248,49.45,0.04,1.0,0.0,1.0,1.0,0.0,1.0,1.0,1.0,True,DATA-09,False,public-derived-contiguous-slice
5625880,2020-04-18 00:04:50,-0.0180000000000006,8.248,8.238,-0.0240000000000009,8.248,49.45,0.04,1.0,0.0,1.0,1.0,0.0,1.0,1.0,1.0,True,DATA-09,False,public-derived-contiguous-slice
5625890,2020-04-18 00:05:02,-0.0180000000000006,8.248,8.238,-0.0240000000000009,8.248,49.45,0.04,0.0,0.0,0.0,0.0,0.0,0.0,0.0,0.0,True,DATA-09,False,public-derived-contiguous-slice
5625900,2020-04-18 00:05:14,-0.0180000000000006,8.248,8.238,-0.0240000000000009,8.248,49.45,0.04,0.0,0.0,0.0,0.0,0.0,0.0,0.0,0.0,True,DATA-09,False,public-derived-contiguous-slice
5625910,2020-04-18 00:05:27,-0.0180000000000006,8.248,8.238,-0.0240000000000009,8.248,49.45,0.04,1.0,0.0,1.0,1.0,0.0,1.0,1.0,1.0,True,DATA-09,False,public-derived-contiguous-slice
5625920,2020-04-18 00:05:39,-0.0180000000000006,8.248,8.238,-0.0240000000000009,8.248,49.45,0.04,1.0,0.0,1.0,1.0,0.0,1.0,1.0,1.0,True,DATA-09,False,public-derived-contiguous-slice
5625930,2020-04-18 00:05:50,-0.0180000000000006,8.248,8.238,-0.0240000000000009,8.248,49.45,0.04,1.0,0.0,1.0,1.0,0.0,1.0,1.0,1.0,True,DATA-09,False,public-derived-contiguous-slice
5625940,2020-04-18 00:06:02,-0.0180000000000006,8.248,8.238,-0.0240000000000009,8.248,49.45,0.04,1.0,0.0,1.0,1.0,0.0,1.0,1.0,1.0,True,DATA-09,False,public-derived-contiguous-slice
5625950,2020-04-18 00:06:14,-0.0180000000000006,8.248,8.238,-0.0240000000000009,8.248,49.45,0.04,0.0,0.0,0.0,0.0,0.0,0.0,0.0,0.0,True,DATA-09,False,public-derived-contiguous-slice
5625960,2020-04-18 00:06:27,-0.0180000000000006,8.248,8.238,-0.0240000000000009,8.248,49.45,0.04,1.0,0.0,1.0,1.0,0.0,1.0,1.0,1.0,True,DATA-09,False,public-derived-contiguous-slice
5625970,2020-04-18 00:06:39,-0.0180000000000006,8.248,8.238,-0.0240000000000009,8.248,49.45,0.04,1.0,0.0,1.0,1.0,0.0,1.0,1.0,1.0,True,DATA-09,False,public-derived-contiguous-slice
5625980,2020-04-18 00:06:51,-0.0180000000000006,8.248,8.238,-0.0240000000000009,8.248,49.45,0.04,1.0,0.0,1.0,1.0,0.0,1.0,1.0,1.0,True,DATA-09,False,public-derived-contiguous-slice
5625990,2020-04-18 00:07:03,-0.0180000000000006,8.248,8.238,-0.0240000000000009,8.248,49.45,0.04,1.0,0.0,1.0,1.0,0.0,1.0,1.0,1.0,True,DATA-09,False,public-derived-contiguous-slice
5626000,2020-04-18 00:07:15,-0.0180000000000006,8.248,8.238,-0.0240000000000009,8.248,49.45,0.04,1.0,0.0,1.0,1.0,0.0,1.0,1.0,1.0,True,DATA-09,False,public-derived-contiguous-slice
5626010,2020-04-18 00:07:27,-0.0180000000000006,8.248,8.238,-0.0240000000000009,8.248,49.45,0.04,0.0,0.0,0.0,0.0,0.0,0.0,0.0,0.0,True,DATA-09,False,public-derived-contiguous-slice
5626020,2020-04-18 00:07:39,-0.0180000000000006,8.248,8.238,-0.0240000000000009,8.248,49.45,0.04,0.0,0.0,0.0,0.0,0.0,0.0,0.0,0.0,True,DATA-09,False,public-derived-contiguous-slice
5626030,2020-04-18 00:07:51,-0.0180000000000006,8.248,8.238,-0.0240000000000009,8.248,49.45,0.04,1.0,0.0,1.0,1.0,0.0,1.0,1.0,1.0,True,DATA-09,False,public-derived-contiguous-slice
5626040,2020-04-18 00:08:03,-0.0180000000000006,8.248,8.238,-0.0240000000000009,8.248,49.45,0.04,1.0,0.0,1.0,1.0,0.0,1.0,1.0,1.0,True,DATA-09,False,public-derived-contiguous-slice
5626050,2020-04-18 00:08:15,-0.0180000000000006,8.248,8.238,-0.0240000000000009,8.248,49.45,0.04,1.0,0.0,1.0,1.0,0.0,1.0,1.0,1.0,True,DATA-09,False,public-derived-contiguous-slice
5626060,2020-04-18 00:08:27,-0.0180000000000006,8.248,8.238,-0.0240000000000009,8.248,49.45,0.04,1.0,0.0,1.0,1.0,0.0,1.0,1.0,1.0,True,DATA-09,False,public-derived-contiguous-slice
5626070,2020-04-18 00:08:39,-0.0180000000000006,8.248,8.238,-0.0240000000000009,8.248,49.45,0.04,0.0,0.0,0.0,0.0,0.0,0.0,0.0,0.0,True,DATA-09,False,public-derived-contiguous-slice
5626080,2020-04-18 00:08:52,-0.0180000000000006,8.248,8.238,-0.0240000000000009,8.248,49.45,0.04,1.0,0.0,1.0,1.0,0.0,1.0,1.0,1.0,True,DATA-09,False,public-derived-contiguous-slice
5626090,2020-04-18 00:09:04,-0.0180000000000006,8.248,8.238,-0.0240000000000009,8.248,49.45,0.04,1.0,0.0,1.0,1.0,0.0,1.0,1.0,1.0,True,DATA-09,False,public-derived-contiguous-slice
5626100,2020-04-18 00:09:16,-0.0180000000000006,8.248,8.238,-0.0240000000000009,8.248,49.45,0.04,1.0,0.0,1.0,1.0,0.0,1.0,1.0,1.0,True,DATA-09,False,public-derived-contiguous-slice
5626110,2020-04-18 00:09:28,-0.0180000000000006,8.248,8.238,-0.0240000000000009,8.248,49.45,0.04,1.0,0.0,1.0,1.0,0.0,1.0,1.0,1.0,True,DATA-09,False,public-derived-contiguous-slice
5626120,2020-04-18 00:09:39,-0.0180000000000006,8.248,8.238,-0.0240000000000009,8.248,49.45,0.04,0.0,0.0,0.0,0.0,0.0,0.0,0.0,0.0,True,DATA-09,False,public-derived-contiguous-slice
5626130,2020-04-18 00:09:52,-0.0180000000000006,8.248,8.238,-0.0240000000000009,8.248,49.45,0.04,1.0,0.0,1.0,1.0,0.0,1.0,1.0,1.0,True,DATA-09,False,public-derived-contiguous-slice
5626140,2020-04-18 00:10:04,-0.0180000000000006,8.248,8.238,-0.0240000000000009,8.248,49.45,0.04,1.0,0.0,1.0,1.0,0.0,1.0,1.0,1.0,True,DATA-09,False,public-derived-contiguous-slice
5626150,2020-04-18 00:10:16,-0.0180000000000006,8.248,8.238,-0.0240000000000009,8.248,49.45,0.04,1.0,0.0,1.0,1.0,0.0,1.0,1.0,1.0,True,DATA-09,False,public-derived-contiguous-slice
5626160,2020-04-18 00:10:28,-0.0180000000000006,8.248,8.238,-0.0240000000000009,8.248,49.45,0.04,1.0,0.0,1.0,1.0,0.0,1.0,1.0,1.0,True,DATA-09,False,public-derived-contiguous-slice
5626170,2020-04-18 00:10:40,-0.0180000000000006,8.248,8.238,-0.0240000000000009,8.248,49.45,0.04,0.0,0.0,0.0,0.0,0.0,0.0,0.0,0.0,True,DATA-09,False,public-derived-contiguous-slice
5626180,2020-04-18 00:10:53,-0.0180000000000006,8.248,8.238,-0.0240000000000009,8.248,49.45,0.04,1.0,0.0,1.0,1.0,0.0,1.0,1.0,1.0,True,DATA-09,False,public-derived-contiguous-slice
5626190,2020-04-18 00:11:05,-0.0180000000000006,8.248,8.238,-0.0240000000000009,8.248,49.45,0.04,1.0,0.0,1.0,1.0,0.0,1.0,1.0,1.0,True,DATA-09,False,public-derived-contiguous-slice
5626200,2020-04-18 00:11:17,-0.0180000000000006,8.248,8.238,-0.0240000000000009,8.248,49.45,0.04,1.0,0.0,1.0,1.0,0.0,1.0,1.0,1.0,True,DATA-09,False,public-derived-contiguous-slice
5626210,2020-04-18 00:11:28,-0.0180000000000006,8.248,8.238,-0.0240000000000009,8.248,49.45,0.04,1.0,0.0,1.0,1.0,0.0,1.0,1.0,1.0,True,DATA-09,False,public-derived-contiguous-slice
5626220,2020-04-18 00:11:40,-0.0180000000000006,8.248,8.238,-0.0240000000000009,8.248,49.45,0.04,1.0,0.0,1.0,1.0,0.0,1.0,1.0,1.0,True,DATA-09,False,public-derived-contiguous-slice
5626230,2020-04-18 00:11:52,-0.0180000000000006,8.248,8.238,-0.0240000000000009,8.248,49.45,0.04,0.0,0.0,0.0,0.0,0.0,0.0,0.0,0.0,True,DATA-09,False,public-derived-contiguous-slice
5626240,2020-04-18 00:12:05,-0.0180000000000006,8.248,8.238,-0.0240000000000009,8.248,49.45,0.04,1.0,0.0,1.0,1.0,0.0,1.0,1.0,1.0,True,DATA-09,False,public-derived-contiguous-slice
5626250,2020-04-18 00:12:17,-0.0180000000000006,8.248,8.238,-0.0240000000000009,8.248,49.45,0.04,1.0,0.0,1.0,1.0,0.0,1.0,1.0,1.0,True,DATA-09,False,public-derived-contiguous-slice
5626260,2020-04-18 00:12:29,-0.0180000000000006,8.248,8.238,-0.0240000000000009,8.248,49.45,0.04,1.0,0.0,1.0,1.0,0.0,1.0,1.0,1.0,True,DATA-09,False,public-derived-contiguous-slice
5626270,2020-04-18 00:12:41,-0.0180000000000006,8.248,8.238,-0.0240000000000009,8.248,49.45,0.04,1.0,0.0,1.0,1.0,0.0,1.0,1.0,1.0,True,DATA-09,False,public-derived-contiguous-slice
5626280,2020-04-18 00:12:53,-0.0180000000000006,8.248,8.238,-0.0240000000000009,8.248,49.45,0.04,0.0,0.0,0.0,0.0,0.0,0.0,0.0,0.0,True,DATA-09,False,public-derived-contiguous-slice
5626290,2020-04-18 00:13:06,-0.0180000000000006,8.248,8.238,-0.0240000000000009,8.248,49.45,0.04,1.0,0.0,1.0,1.0,0.0,1.0,1.0,1.0,True,DATA-09,False,public-derived-contiguous-slice
5626300,2020-04-18 00:13:17,-0.0180000000000006,8.248,8.238,-0.0240000000000009,8.248,49.45,0.04,1.0,0.0,1.0,1.0,0.0,1.0,1.0,1.0,True,DATA-09,False,public-derived-contiguous-slice
5626310,2020-04-18 00:13:29,-0.0180000000000006,8.248,8.238,-0.0240000000000009,8.248,49.45,0.04,1.0,0.0,1.0,1.0,0.0,1.0,1.0,1.0,True,DATA-09,False,public-derived-contiguous-slice
5626320,2020-04-18 00:13:41,-0.0180000000000006,8.248,8.238,-0.0240000000000009,8.248,49.45,0.04,1.0,0.0,1.0,1.0,0.0,1.0,1.0,1.0,True,DATA-09,False,public-derived-contiguous-slice
5626330,2020-04-18 00:13:53,-0.0180000000000006,8.248,8.238,-0.0240000000000009,8.248,49.45,0.04,0.0,0.0,0.0,0.0,0.0,0.0,0.0,0.0,True,DATA-09,False,public-derived-contiguous-slice
5626340,2020-04-18 00:14:05,-0.0180000000000006,8.248,8.238,-0.0240000000000009,8.248,49.45,0.04,0.0,0.0,0.0,0.0,0.0,0.0,0.0,0.0,True,DATA-09,False,public-derived-contiguous-slice
5626350,2020-04-18 00:14:18,-0.0180000000000006,8.248,8.238,-0.0240000000000009,8.248,49.45,0.04,1.0,0.0,1.0,1.0,0.0,1.0,1.0,1.0,True,DATA-09,False,public-derived-contiguous-slice
5626360,2020-04-18 00:14:30,-0.0180000000000006,8.248,8.238,-0.0240000000000009,8.248,49.45,0.04,1.0,0.0,1.0,1.0,0.0,1.0,1.0,1.0,True,DATA-09,False,public-derived-contiguous-slice
5626370,2020-04-18 00:14:42,-0.0180000000000006,8.248,8.238,-0.0240000000000009,8.248,49.45,0.04,1.0,0.0,1.0,1.0,0.0,1.0,1.0,1.0,True,DATA-09,False,public-derived-contiguous-slice
5626380,2020-04-18 00:14:54,-0.0180000000000006,8.248,8.238,-0.0240000000000009,8.248,49.45,0.04,1.0,0.0,1.0,1.0,0.0,1.0,1.0,1.0,True,DATA-09,False,public-derived-contiguous-slice
5626390,2020-04-18 00:15:05,-0.0180000000000006,8.248,8.238,-0.0240000000000009,8.248,49.45,0.04,0.0,0.0,0.0,0.0,0.0,0.0,0.0,0.0,True,DATA-09,False,public-derived-contiguous-slice
5626400,2020-04-18 00:15:18,-0.0180000000000006,8.248,8.238,-0.0240000000000009,8.248,49.45,0.04,1.0,0.0,1.0,1.0,0.0,1.0,1.0,1.0,True,DATA-09,False,public-derived-contiguous-slice
5626410,2020-04-18 00:15:30,-0.0180000000000006,8.248,8.238,-0.0240000000000009,8.248,49.45,0.04,1.0,0.0,1.0,1.0,0.0,1.0,1.0,1.0,True,DATA-09,False,public-derived-contiguous-slice
5626420,2020-04-18 00:15:42,-0.0180000000000006,8.248,8.238,-0.0240000000000009,8.248,49.45,0.04,1.0,0.0,1.0,1.0,0.0,1.0,1.0,1.0,True,DATA-09,False,public-derived-contiguous-slice
5626430,2020-04-18 00:15:54,-0.0180000000000006,8.248,8.238,-0.0240000000000009,8.248,49.45,0.04,1.0,0.0,1.0,1.0,0.0,1.0,1.0,1.0,True,DATA-09,False,public-derived-contiguous-slice
5626440,2020-04-18 00:16:06,-0.0180000000000006,8.248,8.238,-0.0240000000000009,8.248,49.45,0.04,1.0,0.0,1.0,1.0,0.0,1.0,1.0,1.0,True,DATA-09,False,public-derived-contiguous-slice
5626450,2020-04-18 00:16:18,-0.0180000000000006,8.248,8.238,-0.0240000000000009,8.248,49.45,0.04,0.0,0.0,0.0,0.0,0.0,0.0,0.0,0.0,True,DATA-09,False,public-derived-contiguous-slice
5626460,2020-04-18 00:16:31,-0.0180000000000006,8.248,8.238,-0.0240000000000009,8.248,49.45,0.04,1.0,0.0,1.0,1.0,0.0,1.0,1.0,1.0,True,DATA-09,False,public-derived-contiguous-slice
5626470,2020-04-18 00:16:43,-0.0180000000000006,8.248,8.238,-0.0240000000000009,8.248,49.45,0.04,1.0,0.0,1.0,1.0,0.0,1.0,1.0,1.0,True,DATA-09,False,public-derived-contiguous-slice
5626480,2020-04-18 00:16:54,-0.0180000000000006,8.248,8.238,-0.0240000000000009,8.248,49.45,0.04,1.0,0.0,1.0,1.0,0.0,1.0,1.0,1.0,True,DATA-09,False,public-derived-contiguous-slice
5626490,2020-04-18 00:17:06,-0.0180000000000006,8.248,8.238,-0.0240000000000009,8.248,49.45,0.04,1.0,0.0,1.0,1.0,0.0,1.0,1.0,1.0,True,DATA-09,False,public-derived-contiguous-slice
5626500,2020-04-18 00:17:18,-0.0180000000000006,8.248,8.238,-0.0240000000000009,8.248,49.45,0.04,1.0,0.0,1.0,1.0,0.0,1.0,1.0,1.0,True,DATA-09,False,public-derived-contiguous-slice
5626510,2020-04-18 00:17:30,-0.0180000000000006,8.248,8.238,-0.0240000000000009,8.248,49.45,0.04,0.0,0.0,0.0,0.0,0.0,0.0,0.0,0.0,True,DATA-09,False,public-derived-contiguous-slice
5626520,2020-04-18 00:17:43,-0.0180000000000006,8.248,8.238,-0.0240000000000009,8.248,49.45,0.04,1.0,0.0,1.0,1.0,0.0,1.0,1.0,1.0,True,DATA-09,False,public-derived-contiguous-slice
5626530,2020-04-18 00:17:55,-0.0180000000000006,8.248,8.238,-0.0240000000000009,8.248,49.45,0.04,1.0,0.0,1.0,1.0,0.0,1.0,1.0,1.0,True,DATA-09,False,public-derived-contiguous-slice
5626540,2020-04-18 00:18:07,-0.0180000000000006,8.248,8.238,-0.0240000000000009,8.248,49.45,0.04,1.0,0.0,1.0,1.0,0.0,1.0,1.0,1.0,True,DATA-09,False,public-derived-contiguous-slice
5626550,2020-04-18 00:23:59,8.384,8.172,-0.0079999999999991,1.8520000000000003,8.174,68.52499999999999,5.674999999999999,0.0,1.0,1.0,0.0,0.0,1.0,1.0,1.0,True,DATA-09,False,public-derived-contiguous-slice
5626560,2020-04-18 00:24:09,8.422,8.216,-0.0079999999999991,1.862,8.216,69.5,5.707500000000001,0.0,1.0,1.0,0.0,0.0,1.0,1.0,1.0,True,DATA-09,False,public-derived-contiguous-slice
5626570,2020-04-18 00:24:18,8.454,8.252,-0.0079999999999991,1.8739999999999988,8.252,70.19999999999999,5.73,0.0,1.0,1.0,0.0,0.0,1.0,1.0,1.0,True,DATA-09,False,public-derived-contiguous-slice
5626580,2020-04-18 00:24:28,6.744,8.258,-0.0079999999999991,1.3739999999999988,8.256,70.475,5.229999999999999,0.0,1.0,0.0,0.0,0.0,1.0,1.0,1.0,True,DATA-09,False,public-derived-contiguous-slice
5626590,2020-04-18 00:24:38,8.404,8.242,-0.009999999999998,1.8580000000000003,8.242,71.075,5.625,0.0,1.0,0.0,0.0,0.0,1.0,1.0,1.0,True,DATA-09,False,public-derived-contiguous-slice
5626600,2020-04-18 00:24:48,8.454,8.274,-0.0079999999999991,1.870000000000001,8.274,71.475,5.5975,0.0,1.0,0.0,0.0,0.0,1.0,1.0,1.0,True,DATA-09,False,public-derived-contiguous-slice
5626610,2020-04-18 00:24:58,8.482,8.304,-0.009999999999998,1.878,8.304,71.57500000000002,5.664999999999999,0.0,1.0,0.0,0.0,0.0,1.0,1.0,1.0,True,DATA-09,False,public-derived-contiguous-slice
5626620,2020-04-18 00:25:08,8.502,8.334,-0.0079999999999991,1.882,8.336,71.55,5.752500000000001,0.0,1.0,0.0,0.0,0.0,1.0,1.0,1.0,True,DATA-09,False,public-derived-contiguous-slice
5626630,2020-04-18 00:25:18,8.528,8.364,-0.009999999999998,1.8900000000000008,8.362,71.42500000000001,5.765000000000001,0.0,1.0,0.0,0.0,0.0,1.0,1.0,1.0,True,DATA-09,False,public-derived-contiguous-slice
5626640,2020-04-18 00:25:28,7.25,8.366,-0.009999999999998,1.5220000000000002,8.364,71.475,5.3325,0.0,1.0,1.0,0.0,0.0,1.0,1.0,1.0,True,DATA-09,False,public-derived-contiguous-slice
5626650,2020-04-18 00:25:38,8.566,8.354,-0.0079999999999991,1.898,8.354,71.64999999999999,5.622499999999999,0.0,1.0,1.0,0.0,0.0,1.0,1.0,1.0,True,DATA-09,False,public-derived-contiguous-slice
5626660,2020-04-18 00:25:48,8.592,8.388,-0.0079999999999991,1.91,8.386,72.05,5.6875,0.0,1.0,1.0,0.0,0.0,1.0,1.0,1.0,True,DATA-09,False,public-derived-contiguous-slice
5626670,2020-04-18 00:25:58,8.618,8.416,-0.0079999999999991,1.9160000000000004,8.416,72.025,5.692500000000001,0.0,1.0,1.0,0.0,0.0,1.0,1.0,1.0,True,DATA-09,False,public-derived-contiguous-slice
5626680,2020-04-18 00:26:08,8.64,8.444,-0.009999999999998,1.9220000000000008,8.442,71.85,5.6675,0.0,1.0,1.0,0.0,0.0,1.0,1.0,1.0,True,DATA-09,False,public-derived-contiguous-slice
5626690,2020-04-18 00:26:17,8.666,8.474,-0.009999999999998,1.934000000000001,8.472,71.975,5.8225,0.0,1.0,1.0,0.0,0.0,1.0,1.0,1.0,True,DATA-09,False,public-derived-contiguous-slice
5626700,2020-04-18 00:26:27,7.004,8.47,-0.009999999999998,1.4420000000000002,8.47,72.10000000000001,5.4375,0.0,1.0,0.0,0.0,0.0,1.0,1.0,1.0,True,DATA-09,False,public-derived-contiguous-slice
5626710,2020-04-18 00:26:37,8.442,8.456,-0.009999999999998,1.8680000000000003,8.454,72.24999999999999,5.715,0.0,1.0,0.0,0.0,0.0,1.0,1.0,1.0,True,DATA-09,False,public-derived-contiguous-slice
5626720,2020-04-18 00:26:47,8.646,8.474,-0.0079999999999991,1.924,8.474,72.55,5.672499999999999,0.0,1.0,0.0,0.0,0.0,1.0,1.0,1.0,True,DATA-09,False,public-derived-contiguous-slice
5626730,2020-04-18 00:26:57,8.664,8.496,-0.009999999999998,1.93,8.494,72.475,5.785,0.0,1.0,0.0,0.0,0.0,1.0,1.0,1.0,True,DATA-09,False,public-derived-contiguous-slice
5626740,2020-04-18 00:27:07,8.678,8.518,-0.009999999999998,1.934000000000001,8.518,72.35000000000001,5.709999999999999,0.0,1.0,0.0,0.0,0.0,1.0,1.0,1.0,True,DATA-09,False,public-derived-contiguous-slice
5626750,2020-04-18 00:27:17,8.698,8.538,-0.009999999999998,1.9400000000000013,8.538,72.275,5.74,0.0,1.0,0.0,0.0,0.0,1.0,1.0,1.0,True,DATA-09,False,public-derived-contiguous-slice
5626760,2020-04-18 00:27:27,7.478,8.536,-0.009999999999998,1.5839999999999996,8.536,72.24999999999999,5.5,0.0,1.0,1.0,0.0,0.0,1.0,1.0,1.0,True,DATA-09,False,public-derived-contiguous-slice
5626770,2020-04-18 00:27:37,8.706,8.522,-0.009999999999998,1.943999999999999,8.522,72.52499999999999,5.754999999999999,0.0,1.0,1.0,0.0,0.0,1.0,1.0,1.0,True,DATA-09,False,public-derived-contiguous-slice
5626780,2020-04-18 00:27:47,8.748,8.548,-0.0079999999999991,1.9540000000000008,8.546,72.675,5.8125,0.0,1.0,1.0,0.0,0.0,1.0,1.0,1.0,True,DATA-09,False,public-derived-contiguous-slice
5626790,2020-04-18 00:27:57,8.766,8.572,-0.009999999999998,1.962,8.572,72.475,5.789999999999999,0.0,1.0,1.0,0.0,0.0,1.0,1.0,1.0,True,DATA-09,False,public-derived-contiguous-slice
5626800,2020-04-18 00:28:07,8.786,8.596,-0.009999999999998,1.9699999999999989,8.596,72.6,5.809999999999999,0.0,1.0,1.0,0.0,0.0,1.0,1.0,1.0,True,DATA-09,False,public-derived-contiguous-slice
5626810,2020-04-18 00:28:16,8.804,8.616,-0.009999999999998,1.974,8.614,72.44999999999999,5.6525,0.0,1.0,1.0,0.0,0.0,1.0,1.0,1.0,True,DATA-09,False,public-derived-contiguous-slice
5626820,2020-04-18 00:28:26,7.084,8.612,-0.0120000000000004,1.466000000000001,8.612,72.44999999999999,5.415000000000001,0.0,1.0,0.0,0.0,0.0,1.0,1.0,1.0,True,DATA-09,False,public-derived-contiguous-slice
5626830,2020-04-18 00:28:36,8.536,8.596,-0.009999999999998,1.892,8.596,72.77499999999999,5.627500000000001,0.0,1.0,0.0,0.0,0.0,1.0,1.0,1.0,True,DATA-09,False,public-derived-contiguous-slice
5626840,2020-04-18 00:28:46,8.774,8.606,-0.009999999999998,1.962,8.606,72.875,5.82,0.0,1.0,0.0,0.0,0.0,1.0,1.0,1.0,True,DATA-09,False,public-derived-contiguous-slice
5626850,2020-04-18 00:28:56,8.788,8.626,-0.009999999999998,1.968,8.624,72.64999999999999,5.6525,0.0,1.0,0.0,0.0,0.0,1.0,1.0,1.0,True,DATA-09,False,public-derived-contiguous-slice
5626860,2020-04-18 00:29:06,8.802,8.644,-0.009999999999998,1.974,8.644,72.64999999999999,5.754999999999999,0.0,1.0,0.0,0.0,0.0,1.0,1.0,1.0,True,DATA-09,False,public-derived-contiguous-slice
5626870,2020-04-18 00:29:16,8.818,8.66,-0.009999999999998,1.978,8.658,72.52499999999999,5.7125,0.0,1.0,0.0,0.0,0.0,1.0,1.0,1.0,True,DATA-09,False,public-derived-contiguous-slice
5626880,2020-04-18 00:29:26,7.523999999999999,8.654,-0.009999999999998,1.6020000000000003,8.654,72.57499999999999,5.475000000000001,0.0,1.0,1.0,0.0,0.0,1.0,1.0,1.0,True,DATA-09,False,public-derived-contiguous-slice
5626890,2020-04-18 00:29:36,8.798,8.64,-0.009999999999998,1.9699999999999989,8.64,72.85,5.765000000000001,0.0,1.0,1.0,0.0,0.0,1.0,1.0,1.0,True,DATA-09,False,public-derived-contiguous-slice
5626900,2020-04-18 00:29:46,8.86,8.658,-0.009999999999998,1.99,8.66,72.95,5.7425,0.0,1.0,1.0,0.0,0.0,1.0,1.0,1.0,True,DATA-09,False,public-derived-contiguous-slice
5626910,2020-04-18 00:29:56,8.872,8.68,-0.009999999999998,1.9920000000000009,8.68,72.75,5.83,0.0,1.0,1.0,0.0,0.0,1.0,1.0,1.0,True,DATA-09,False,public-derived-contiguous-slice
5626920,2020-04-18 00:30:06,8.892,8.702,-0.009999999999998,1.998000000000001,8.7,72.675,5.682499999999999,0.0,1.0,1.0,0.0,0.0,1.0,1.0,1.0,True,DATA-09,False,public-derived-contiguous-slice
5626930,2020-04-18 00:30:15,8.906,8.718,-0.009999999999998,2.004,8.718,72.675,5.827500000000001,0.0,1.0,1.0,0.0,0.0,1.0,1.0,1.0,True,DATA-09,False,public-derived-contiguous-slice
5626940,2020-04-18 00:30:25,7.276,8.71,-0.009999999999998,1.5199999999999996,8.71,72.64999999999999,5.3125,0.0,1.0,0.0,0.0,0.0,1.0,1.0,1.0,True,DATA-09,False,public-derived-contiguous-slice
5626950,2020-04-18 00:30:35,8.548,8.696,-0.009999999999998,1.894,8.696,72.925,5.69,0.0,1.0,0.0,0.0,0.0,1.0,1.0,1.0,True,DATA-09,False,public-derived-contiguous-slice
5626960,2020-04-18 00:30:45,8.868,8.702,-0.009999999999998,1.99,8.702,72.975,5.674999999999999,0.0,1.0,0.0,0.0,0.0,1.0,1.0,1.0,True,DATA-09,False,public-derived-contiguous-slice
5626970,2020-04-18 00:30:55,8.878,8.718,-0.009999999999998,1.994,8.718,72.875,5.860000000000001,0.0,1.0,0.0,0.0,0.0,1.0,1.0,1.0,True,DATA-09,False,public-derived-contiguous-slice
5626980,2020-04-18 00:31:05,8.886,8.732,-0.009999999999998,2.0,8.732,72.825,5.694999999999999,0.0,1.0,0.0,0.0,0.0,1.0,1.0,1.0,True,DATA-09,False,public-derived-contiguous-slice
5626990,2020-04-18 00:31:15,8.898,8.746,-0.0120000000000004,2.001999999999999,8.746,72.8,5.817499999999999,0.0,1.0,0.0,0.0,0.0,1.0,1.0,1.0,True,DATA-09,False,public-derived-contiguous-slice
5627000,2020-04-18 00:31:25,7.676,8.738,-0.009999999999998,1.654,8.738,72.77499999999999,5.397499999999999,0.0,1.0,1.0,0.0,0.0,1.0,1.0,1.0,True,DATA-09,False,public-derived-contiguous-slice
5627010,2020-04-18 00:31:35,8.804,8.726,-0.009999999999998,1.9699999999999989,8.726,73.025,5.809999999999999,0.0,1.0,1.0,0.0,0.0,1.0,1.0,1.0,True,DATA-09,False,public-derived-contiguous-slice
5627020,2020-04-18 00:31:45,8.938,8.742,-0.009999999999998,2.0120000000000005,8.742,73.075,5.760000000000002,0.0,1.0,1.0,0.0,0.0,1.0,1.0,1.0,True,DATA-09,False,public-derived-contiguous-slice
5627030,2020-04-18 00:31:55,8.948,8.758,-0.009999999999998,2.014,8.76,72.95,5.787500000000001,0.0,1.0,1.0,0.0,0.0,1.0,1.0,1.0,True,DATA-09,False,public-derived-contiguous-slice
5627040,2020-04-18 00:32:05,8.962,8.776,-0.009999999999998,2.02,8.776,72.875,5.7325,0.0,1.0,1.0,0.0,0.0,1.0,1.0,1.0,True,DATA-09,False,public-derived-contiguous-slice
5627050,2020-04-18 00:32:14,8.976,8.792,-0.009999999999998,2.026,8.79,72.7,5.824999999999999,0.0,1.0,1.0,0.0,0.0,1.0,1.0,1.0,True,DATA-09,False,public-derived-contiguous-slice
5627060,2020-04-18 00:32:24,7.465999999999999,8.782,-0.0120000000000004,1.588000000000001,8.78,72.85,5.440000000000001,0.0,1.0,0.0,0.0,0.0,1.0,1.0,1.0,True,DATA-09,False,public-derived-contiguous-slice
5627070,2020-04-18 00:32:34,8.632,8.768,-0.009999999999998,1.926,8.768,73.075,5.625,0.0,1.0,0.0,0.0,0.0,1.0,1.0,1.0,True,DATA-09,False,public-derived-contiguous-slice
5627080,2020-04-18 00:32:44,8.932,8.77,-0.0079999999999991,2.01,8.77,73.2,5.774999999999999,0.0,1.0,0.0,0.0,0.0,1.0,1.0,1.0,True,DATA-09,False,public-derived-contiguous-slice
5627090,2020-04-18 00:32:54,8.942,8.786,-0.009999999999998,2.014,8.786,73.0,5.854999999999999,0.0,1.0,0.0,0.0,0.0,1.0,1.0,1.0,True,DATA-09,False,public-derived-contiguous-slice
5627100,2020-04-18 00:33:04,8.948,8.798,-0.009999999999998,2.016,8.798,72.925,5.692500000000001,0.0,1.0,0.0,0.0,0.0,1.0,1.0,1.0,True,DATA-09,False,public-derived-contiguous-slice
5627110,2020-04-18 00:33:14,8.96,8.808,-0.009999999999998,2.022,8.808,72.975,5.875,0.0,1.0,0.0,0.0,0.0,1.0,1.0,1.0,True,DATA-09,False,public-derived-contiguous-slice
5627120,2020-04-18 00:33:24,7.710000000000001,8.802,-0.0120000000000004,1.66,8.8,72.925,5.415000000000001,0.0,1.0,1.0,0.0,0.0,1.0,1.0,1.0,True,DATA-09,False,public-derived-contiguous-slice
5627130,2020-04-18 00:33:34,8.888,8.786,-0.009999999999998,1.994,8.786,73.10000000000001,5.774999999999999,0.0,1.0,1.0,0.0,0.0,1.0,1.0,1.0,True,DATA-09,False,public-derived-contiguous-slice
5627140,2020-04-18 00:33:44,8.994,8.8,-0.009999999999998,2.0279999999999987,8.8,73.125,5.727500000000001,0.0,1.0,1.0,0.0,0.0,1.0,1.0,1.0,True,DATA-09,False,public-derived-contiguous-slice
5627150,2020-04-18 00:33:54,9.004,8.816,-0.009999999999998,2.032,8.816,73.05,5.6850000000000005,0.0,1.0,1.0,0.0,0.0,1.0,1.0,1.0,True,DATA-09,False,public-derived-contiguous-slice
5627160,2020-04-18 00:34:03,9.014,8.83,-0.009999999999998,2.036,8.83,72.975,5.7475000000000005,0.0,1.0,1.0,0.0,0.0,1.0,1.0,1.0,True,DATA-09,False,public-derived-contiguous-slice
5627170,2020-04-18 00:34:13,9.026,8.846,-0.009999999999998,2.042,8.846,72.975,5.8675000000000015,0.0,1.0,1.0,0.0,0.0,1.0,1.0,1.0,True,DATA-09,False,public-derived-contiguous-slice
5627180,2020-04-18 00:34:23,7.486000000000001,8.834,-0.009999999999998,1.59,8.834,72.95,5.352499999999999,0.0,1.0,0.0,0.0,0.0,1.0,1.0,1.0,True,DATA-09,False,public-derived-contiguous-slice
5627190,2020-04-18 00:34:33,8.64,8.82,-0.009999999999998,1.9220000000000008,8.822,73.25,5.737500000000001,0.0,1.0,0.0,0.0,0.0,1.0,1.0,1.0,True,DATA-09,False,public-derived-contiguous-slice
5627200,2020-04-18 00:34:43,8.978,8.82,-0.0120000000000004,2.024000000000001,8.822,73.44999999999999,5.6850000000000005,0.0,1.0,0.0,0.0,0.0,1.0,1.0,1.0,True,DATA-09,False,public-derived-contiguous-slice
5627210,2020-04-18 00:34:53,8.986,8.834,-0.009999999999998,2.026,8.832,73.32499999999999,5.705,0.0,1.0,0.0,0.0,0.0,1.0,1.0,1.0,True,DATA-09,False,public-derived-contiguous-slice
5627220,2020-04-18 00:35:03,8.992,8.844,-0.009999999999998,2.030000000000001,8.844,73.10000000000001,5.84,0.0,1.0,0.0,0.0,0.0,1.0,1.0,1.0,True,DATA-09,False,public-derived-contiguous-slice
5627230,2020-04-18 00:35:13,9.0,8.852,-0.0120000000000004,2.032,8.854,73.075,5.834999999999999,0.0,1.0,0.0,0.0,0.0,1.0,1.0,1.0,True,DATA-09,False,public-derived-contiguous-slice
5627240,2020-04-18 00:35:23,7.859999999999999,8.844,-0.009999999999998,1.702,8.844,73.17499999999998,5.4725,0.0,1.0,1.0,0.0,0.0,1.0,1.0,1.0,True,DATA-09,False,public-derived-contiguous-slice
5627250,2020-04-18 00:35:33,8.886,8.83,-0.0120000000000004,1.9960000000000004,8.832,73.32499999999999,5.760000000000002,0.0,1.0,1.0,0.0,0.0,1.0,1.0,1.0,True,DATA-09,False,public-derived-contiguous-slice
5627260,2020-04-18 00:35:43,9.032,8.84,-0.0120000000000004,2.039999999999999,8.842,73.35000000000001,5.7325,0.0,1.0,1.0,0.0,0.0,1.0,1.0,1.0,True,DATA-09,False,public-derived-contiguous-slice
5627270,2020-04-18 00:35:52,9.044,8.858,-0.009999999999998,2.0440000000000005,8.858,73.15,5.754999999999999,0.0,1.0,1.0,0.0,0.0,1.0,1.0,1.0,True,DATA-09,False,public-derived-contiguous-slice
5627280,2020-04-18 00:36:02,9.052,8.868,-0.0120000000000004,2.046,8.87,73.17499999999998,5.880000000000001,0.0,1.0,1.0,0.0,0.0,1.0,1.0,1.0,True,DATA-09,False,public-derived-contiguous-slice
5627290,2020-04-18 00:36:12,9.062,8.88,-0.009999999999998,2.052,8.882,73.17499999999998,5.73,0.0,1.0,1.0,0.0,0.0,1.0,1.0,1.0,True,DATA-09,False,public-derived-contiguous-slice
5627300,2020-04-18 00:36:22,7.618,8.87,-0.009999999999998,1.6260000000000012,8.872,73.25,5.5175,0.0,1.0,0.0,0.0,0.0,1.0,1.0,1.0,True,DATA-09,False,public-derived-contiguous-slice
5627310,2020-04-18 00:36:32,8.704,8.856,-0.009999999999998,1.9400000000000013,8.856,73.475,5.637499999999999,0.0,1.0,0.0,0.0,0.0,1.0,1.0,1.0,True,DATA-09,False,public-derived-contiguous-slice
5627320,2020-04-18 00:36:42,9.012,8.856,-0.009999999999998,2.033999999999999,8.856,73.57499999999999,5.8775,0.0,1.0,0.0,0.0,0.0,1.0,1.0,1.0,True,DATA-09,False,public-derived-contiguous-slice
5627330,2020-04-18 00:36:52,9.016,8.868,-0.009999999999998,2.0380000000000003,8.868,73.44999999999999,5.7575,0.0,1.0,0.0,0.0,0.0,1.0,1.0,1.0,True,DATA-09,False,public-derived-contiguous-slice
5627340,2020-04-18 00:37:02,9.024,8.878,-0.009999999999998,2.039999999999999,8.876,73.275,5.8475,0.0,1.0,0.0,0.0,0.0,1.0,1.0,1.0,True,DATA-09,False,public-derived-contiguous-slice
5627350,2020-04-18 00:37:12,9.03,8.886,-0.009999999999998,2.0440000000000005,8.886,73.17499999999998,5.8725000000000005,0.0,1.0,0.0,0.0,0.0,1.0,1.0,1.0,True,DATA-09,False,public-derived-contiguous-slice
5627360,2020-04-18 00:37:22,7.971999999999999,8.876,-0.0120000000000004,1.731999999999999,8.876,73.37499999999999,5.602499999999999,0.0,1.0,1.0,0.0,0.0,1.0,1.0,1.0,True,DATA-09,False,public-derived-contiguous-slice
5627370,2020-04-18 00:37:32,8.938,8.862,-0.009999999999998,2.0180000000000007,8.862,73.55000000000001,5.854999999999999,0.0,1.0,1.0,0.0,0.0,1.0,1.0,1.0,True,DATA-09,False,public-derived-contiguous-slice
5627380,2020-04-18 00:37:42,9.064,8.872,-0.009999999999998,2.0500000000000007,8.874,73.55000000000001,5.8925,0.0,1.0,1.0,0.0,0.0,1.0,1.0,1.0,True,DATA-09,False,public-derived-contiguous-slice
5627390,2020-04-18 00:37:51,9.07,8.886,-0.0120000000000004,2.052,8.886,73.22500000000001,5.727500000000001,0.0,1.0,1.0,0.0,0.0,1.0,1.0,1.0,True,DATA-09,False,public-derived-contiguous-slice
5627400,2020-04-18 00:38:01,9.08,8.898,-0.009999999999998,2.056000000000001,8.898,73.275,5.885,0.0,1.0,1.0,0.0,0.0,1.0,1.0,1.0,True,DATA-09,False,public-derived-contiguous-slice
5627410,2020-04-18 00:38:11,9.09,8.91,-0.009999999999998,2.0599999999999987,8.912,73.25,5.887500000000001,0.0,1.0,1.0,0.0,0.0,1.0,1.0,1.0,True,DATA-09,False,public-derived-contiguous-slice
5627420,2020-04-18 00:38:21,7.616,8.896,-0.009999999999998,1.628,8.898,73.32499999999999,5.540000000000001,0.0,1.0,0.0,0.0,0.0,1.0,1.0,1.0,True,DATA-09,False,public-derived-contiguous-slice
5627430,2020-04-18 00:38:31,8.768,8.882,-0.009999999999998,1.9600000000000009,8.884,73.57499999999999,5.83,0.0,1.0,0.0,0.0,0.0,1.0,1.0,1.0,True,DATA-09,False,public-derived-contiguous-slice
5627440,2020-04-18 00:38:41,9.036,8.882,-0.009999999999998,2.042,8.882,73.825,5.865,0.0,1.0,0.0,0.0,0.0,1.0,1.0,1.0,True,DATA-09,False,public-derived-contiguous-slice
5627450,2020-04-18 00:38:51,9.04,8.892,-0.0120000000000004,2.0440000000000005,8.892,73.52499999999999,5.77,0.0,1.0,0.0,0.0,0.0,1.0,1.0,1.0,True,DATA-09,False,public-derived-contiguous-slice
5627460,2020-04-18 00:39:01,9.044,8.902,-0.009999999999998,2.046,8.902,73.475,5.8675000000000015,0.0,1.0,0.0,0.0,0.0,1.0,1.0,1.0,True,DATA-09,False,public-derived-contiguous-slice
5627470,2020-04-18 00:39:11,9.052,8.91,-0.009999999999998,2.0500000000000007,8.91,73.475,5.75,0.0,1.0,0.0,0.0,0.0,1.0,1.0,1.0,True,DATA-09,False,public-derived-contiguous-slice
5627480,2020-04-18 00:39:21,7.976000000000001,8.898,-0.0120000000000004,1.734,8.898,73.475,5.4725,0.0,1.0,1.0,0.0,0.0,1.0,1.0,1.0,True,DATA-09,False,public-derived-contiguous-slice
5627490,2020-04-18 00:39:31,8.93,8.884,-0.0120000000000004,2.01,8.886,73.675,5.84,0.0,1.0,1.0,0.0,0.0,1.0,1.0,1.0,True,DATA-09,False,public-derived-contiguous-slice
5627500,2020-04-18 00:39:40,9.084,8.896,-0.009999999999998,2.056000000000001,8.894,73.64999999999999,5.720000000000001,0.0,1.0,1.0,0.0,0.0,1.0,1.0,1.0,True,DATA-09,False,public-derived-contiguous-slice
5627510,2020-04-18 00:39:50,9.088,8.906,-0.009999999999998,2.0599999999999987,8.906,73.475,5.737500000000001,0.0,1.0,1.0,0.0,0.0,1.0,1.0,1.0,True,DATA-09,False,public-derived-contiguous-slice
5627520,2020-04-18 00:40:00,9.096,8.918,-0.009999999999998,2.062000000000001,8.918,73.37499999999999,5.83,0.0,1.0,1.0,0.0,0.0,1.0,1.0,1.0,True,DATA-09,False,public-derived-contiguous-slice
5627530,2020-04-18 00:40:10,9.104,8.928,-0.0120000000000004,2.064,8.928,73.35000000000001,5.7775,0.0,1.0,1.0,0.0,0.0,1.0,1.0,1.0,True,DATA-09,False,public-derived-contiguous-slice
5627540,2020-04-18 00:40:20,7.752000000000001,8.914,-0.009999999999998,1.661999999999999,8.914,73.42500000000001,5.577500000000001,0.0,1.0,0.0,0.0,0.0,1.0,1.0,1.0,True,DATA-09,False,public-derived-contiguous-slice
5627550,2020-04-18 00:40:30,8.76,8.9,-0.009999999999998,1.958,8.9,73.725,5.8325,0.0,1.0,0.0,0.0,0.0,1.0,1.0,1.0,True,DATA-09,False,public-derived-contiguous-slice
5627560,2020-04-18 00:40:40,9.042,8.874,-0.009999999999998,2.046,8.874,73.75,5.77,0.0,1.0,0.0,0.0,0.0,1.0,1.0,1.0,True,DATA-09,False,public-derived-contiguous-slice
5627570,2020-04-18 00:40:50,8.846,8.668,-0.009999999999998,1.9879999999999995,8.67,73.55000000000001,5.7575,0.0,1.0,0.0,0.0,0.0,1.0,1.0,1.0,True,DATA-09,False,public-derived-contiguous-slice
5627580,2020-04-18 00:41:00,8.77,8.626,-0.009999999999998,1.966000000000001,8.628,73.52499999999999,5.760000000000002,0.0,1.0,0.0,0.0,0.0,1.0,1.0,1.0,True,DATA-09,False,public-derived-contiguous-slice
5627590,2020-04-18 00:41:10,8.652,8.468,-0.009999999999998,1.934000000000001,8.468,73.475,5.725,0.0,1.0,0.0,0.0,0.0,1.0,1.0,1.0,True,DATA-09,False,public-derived-contiguous-slice
5627600,2020-04-18 00:41:20,7.962,8.374,-0.009999999999998,1.7279999999999998,8.374,73.55000000000001,5.595000000000001,0.0,1.0,1.0,0.0,0.0,1.0,1.0,1.0,True,DATA-09,False,public-derived-contiguous-slice
5627610,2020-04-18 00:41:29,8.6,8.39,-0.009999999999998,1.9160000000000004,8.392,73.825,5.75,0.0,1.0,1.0,0.0,0.0,1.0,1.0,1.0,True,DATA-09,False,public-derived-contiguous-slice
5627620,2020-04-18 00:41:39,8.634,8.428,-0.009999999999998,1.924,8.428,73.64999999999999,5.787500000000001,0.0,1.0,1.0,0.0,0.0,1.0,1.0,1.0,True,DATA-09,False,public-derived-contiguous-slice
5627630,2020-04-18 00:41:49,8.66,8.462,-0.009999999999998,1.934000000000001,8.464,73.35000000000001,5.612500000000001,0.0,1.0,1.0,0.0,0.0,1.0,1.0,1.0,True,DATA-09,False,public-derived-contiguous-slice
5627640,2020-04-18 00:41:59,8.684,8.49,-0.009999999999998,1.9400000000000013,8.49,73.35000000000001,5.82,0.0,1.0,1.0,0.0,0.0,1.0,1.0,1.0,True,DATA-09,False,public-derived-contiguous-slice
5627650,2020-04-18 00:42:09,8.708,8.516,-0.009999999999998,1.9480000000000004,8.516,73.22500000000001,5.809999999999999,0.0,1.0,1.0,0.0,0.0,1.0,1.0,1.0,True,DATA-09,False,public-derived-contiguous-slice
5627660,2020-04-18 00:42:19,7.608,8.5,-0.0079999999999991,1.622,8.502,73.35000000000001,5.484999999999999,0.0,1.0,0.0,0.0,0.0,1.0,1.0,1.0,True,DATA-09,False,public-derived-contiguous-slice
5627670,2020-04-18 00:42:29,8.662,8.488,-0.009999999999998,1.9320000000000004,8.488,73.625,5.802499999999998,0.0,1.0,0.0,0.0,0.0,1.0,1.0,1.0,True,DATA-09,False,public-derived-contiguous-slice
5627680,2020-04-18 00:42:39,8.678,8.51,-0.009999999999998,1.934000000000001,8.51,73.64999999999999,5.797499999999999,0.0,1.0,0.0,0.0,0.0,1.0,1.0,1.0,True,DATA-09,False,public-derived-contiguous-slice
5627690,2020-04-18 00:42:49,8.694,8.53,-0.009999999999998,1.9400000000000013,8.532,73.44999999999999,5.6325,0.0,1.0,0.0,0.0,0.0,1.0,1.0,1.0,True,DATA-09,False,public-derived-contiguous-slice
5627700,2020-04-18 00:42:59,8.71,8.548,-0.009999999999998,1.9499999999999995,8.548,73.32499999999999,5.8125,0.0,1.0,0.0,0.0,0.0,1.0,1.0,1.0,True,DATA-09,False,public-derived-contiguous-slice
5627710,2020-04-18 00:43:09,8.724,8.564,-0.009999999999998,1.9540000000000008,8.564,73.25,5.802499999999998,0.0,1.0,0.0,0.0,0.0,1.0,1.0,1.0,True,DATA-09,False,public-derived-contiguous-slice
5627720,2020-04-18 00:43:18,8.056,8.546,-0.009999999999998,1.7539999999999996,8.546,73.275,5.627500000000001,0.0,1.0,1.0,0.0,0.0,1.0,1.0,1.0,True,DATA-09,False,public-derived-contiguous-slice
5627730,2020-04-18 00:43:28,8.746,8.542,-0.0079999999999991,1.958,8.542,73.55000000000001,5.765000000000001,0.0,1.0,1.0,0.0,0.0,1.0,1.0,1.0,True,DATA-09,False,public-derived-contiguous-slice
5627740,2020-04-18 00:43:38,8.764,8.564,-0.009999999999998,1.962,8.566,73.57499999999999,5.785,0.0,1.0,1.0,0.0,0.0,1.0,1.0,1.0,True,DATA-09,False,public-derived-contiguous-slice
5627750,2020-04-18 00:43:48,8.776,8.582,-0.009999999999998,1.966000000000001,8.584,73.37499999999999,5.692500000000001,0.0,1.0,1.0,0.0,0.0,1.0,1.0,1.0,True,DATA-09,False,public-derived-contiguous-slice
5627760,2020-04-18 00:43:58,8.794,8.602,-0.009999999999998,1.9720000000000013,8.604,73.275,5.800000000000001,0.0,1.0,1.0,0.0,0.0,1.0,1.0,1.0,True,DATA-09,False,public-derived-contiguous-slice
5627770,2020-04-18 00:44:08,7.85,8.616,-0.0120000000000004,1.7699999999999996,8.618,73.37499999999999,5.605,0.0,1.0,0.0,0.0,0.0,0.0,1.0,1.0,True,DATA-09,False,public-derived-contiguous-slice
5627780,2020-04-18 00:44:18,7.756,8.596,-0.009999999999998,1.6660000000000004,8.596,73.475,5.4725,0.0,1.0,0.0,0.0,0.0,1.0,1.0,1.0,True,DATA-09,False,public-derived-contiguous-slice
5627790,2020-04-18 00:44:28,8.746,8.578,-0.009999999999998,1.958,8.58,73.64999999999999,5.717499999999999,0.0,1.0,0.0,0.0,0.0,1.0,1.0,1.0,True,DATA-09,False,public-derived-contiguous-slice
5627800,2020-04-18 00:44:38,8.762,8.594,-0.009999999999998,1.962,8.594,73.725,5.7475000000000005,0.0,1.0,0.0,0.0,0.0,1.0,1.0,1.0,True,DATA-09,False,public-derived-contiguous-slice
5627810,2020-04-18 00:44:48,8.768,8.608,-0.009999999999998,1.9640000000000004,8.61,73.57499999999999,5.607500000000002,0.0,1.0,0.0,0.0,0.0,1.0,1.0,1.0,True,DATA-09,False,public-derived-contiguous-slice
5627820,2020-04-18 00:44:58,8.778,8.622,-0.0079999999999991,1.968,8.622,73.475,5.654999999999999,0.0,1.0,0.0,0.0,0.0,1.0,1.0,1.0,True,DATA-09,False,public-derived-contiguous-slice
5627830,2020-04-18 00:45:07,6.199999999999999,8.634,-0.009999999999998,1.2400000000000002,8.636,73.475,5.235000000000001,0.0,1.0,1.0,0.0,0.0,1.0,1.0,1.0,True,DATA-09,False,public-derived-contiguous-slice
5627840,2020-04-18 00:45:17,8.086,8.614,-0.009999999999998,1.768000000000001,8.616,73.475,5.475000000000001,0.0,1.0,1.0,0.0,0.0,1.0,1.0,1.0,True,DATA-09,False,public-derived-contiguous-slice
5627850,2020-04-18 00:45:27,8.81,8.606,-0.009999999999998,1.974,8.604,73.625,5.82,0.0,1.0,1.0,0.0,0.0,1.0,1.0,1.0,True,DATA-09,False,public-derived-contiguous-slice
5627860,2020-04-18 00:45:37,8.824,8.624,-0.009999999999998,1.9800000000000004,8.626,73.55000000000001,5.649999999999999,0.0,1.0,1.0,0.0,0.0,1.0,1.0,1.0,True,DATA-09,False,public-derived-contiguous-slice
5627870,2020-04-18 00:45:47,8.836,8.642,-0.0120000000000004,1.984,8.644,73.44999999999999,5.73,0.0,1.0,1.0,0.0,0.0,1.0,1.0,1.0,True,DATA-09,False,public-derived-contiguous-slice
5627880,2020-04-18 00:45:57,8.846,8.658,-0.009999999999998,1.9879999999999995,8.658,73.35000000000001,5.75,0.0,1.0,1.0,0.0,0.0,1.0,1.0,1.0,True,DATA-09,False,public-derived-contiguous-slice
5627890,2020-04-18 00:46:07,8.542,8.67,-0.009999999999998,1.9400000000000013,8.67,73.475,5.6525,0.0,1.0,0.0,0.0,0.0,0.0,1.0,1.0,True,DATA-09,False,public-derived-contiguous-slice
5627900,2020-04-18 00:46:17,7.880000000000001,8.648,-0.009999999999998,1.7059999999999995,8.648,73.55000000000001,5.447500000000002,0.0,1.0,0.0,0.0,0.0,1.0,1.0,1.0,True,DATA-09,False,public-derived-contiguous-slice
5627910,2020-04-18 00:46:27,8.794,8.63,-0.009999999999998,1.9720000000000013,8.63,73.70000000000002,5.75,0.0,1.0,0.0,0.0,0.0,1.0,1.0,1.0,True,DATA-09,False,public-derived-contiguous-slice
5627920,2020-04-18 00:46:37,8.808,8.644,-0.009999999999998,1.975999999999999,8.644,73.85,5.6525,0.0,1.0,0.0,0.0,0.0,1.0,1.0,1.0,True,DATA-09,False,public-derived-contiguous-slice
5627930,2020-04-18 00:46:47,8.816,8.656,-0.009999999999998,1.975999999999999,8.656,73.675,5.785,0.0,1.0,0.0,0.0,0.0,1.0,1.0,1.0,True,DATA-09,False,public-derived-contiguous-slice
5627940,2020-04-18 00:46:56,8.822,8.668,-0.009999999999998,1.9819999999999995,8.668,73.55000000000001,5.7575,0.0,1.0,0.0,0.0,0.0,1.0,1.0,1.0,True,DATA-09,False,public-derived-contiguous-slice
5627950,2020-04-18 00:47:06,6.142,8.676,-0.009999999999998,1.2119999999999995,8.676,73.475,5.109999999999999,0.0,1.0,1.0,0.0,0.0,1.0,1.0,1.0,True,DATA-09,False,public-derived-contiguous-slice
5627960,2020-04-18 00:47:16,8.12,8.656,-0.009999999999998,1.774000000000001,8.656,73.57499999999999,5.5375,0.0,1.0,1.0,0.0,0.0,1.0,1.0,1.0,True,DATA-09,False,public-derived-contiguous-slice
5627970,2020-04-18 00:47:26,8.85,8.646,-0.009999999999998,1.9879999999999995,8.648,73.725,5.800000000000001,0.0,1.0,1.0,0.0,0.0,1.0,1.0,1.0,True,DATA-09,False,public-derived-contiguous-slice
5627980,2020-04-18 00:47:36,8.862,8.664,-0.009999999999998,1.99,8.664,73.725,5.6625,0.0,1.0,1.0,0.0,0.0,1.0,1.0,1.0,True,DATA-09,False,public-derived-contiguous-slice
5627990,2020-04-18 00:47:46,8.874,8.68,-0.009999999999998,1.998000000000001,8.682,73.55000000000001,5.807500000000001,0.0,1.0,1.0,0.0,0.0,1.0,1.0,1.0,True,DATA-09,False,public-derived-contiguous-slice
5628000,2020-04-18 00:47:56,8.882,8.694,-0.0079999999999991,2.0,8.694,73.4,5.772500000000001,0.0,1.0,1.0,0.0,0.0,1.0,1.0,1.0,True,DATA-09,False,public-derived-contiguous-slice
5628010,2020-04-18 00:48:06,5.824,8.704,-0.009999999999998,1.048,8.702,73.475,5.120000000000001,0.0,1.0,0.0,0.0,0.0,1.0,1.0,1.0,True,DATA-09,False,public-derived-contiguous-slice
5628020,2020-04-18 00:48:16,7.912000000000001,8.682,-0.009999999999998,1.7119999999999995,8.682,73.64999999999999,5.432500000000001,0.0,1.0,0.0,0.0,0.0,1.0,1.0,1.0,True,DATA-09,False,public-derived-contiguous-slice
5628030,2020-04-18 00:48:26,8.82,8.664,-0.009999999999998,1.978,8.664,73.85,5.77,0.0,1.0,0.0,0.0,0.0,1.0,1.0,1.0,True,DATA-09,False,public-derived-contiguous-slice
5628040,2020-04-18 00:48:36,8.84,8.678,-0.0079999999999991,1.984,8.678,73.95,5.809999999999999,0.0,1.0,0.0,0.0,0.0,1.0,1.0,1.0,True,DATA-09,False,public-derived-contiguous-slice
5628050,2020-04-18 00:48:45,8.848,8.69,-0.0079999999999991,1.9860000000000009,8.69,73.77499999999999,5.694999999999999,0.0,1.0,0.0,0.0,0.0,1.0,1.0,1.0,True,DATA-09,False,public-derived-contiguous-slice
5628060,2020-04-18 00:48:55,8.85,8.7,-0.0079999999999991,1.99,8.7,73.625,5.682499999999999,0.0,1.0,0.0,0.0,0.0,1.0,1.0,1.0,True,DATA-09,False,public-derived-contiguous-slice
5628070,2020-04-18 00:49:05,6.148,8.706,-0.009999999999998,1.2140000000000004,8.706,73.57499999999999,5.25,0.0,1.0,1.0,0.0,0.0,1.0,1.0,1.0,True,DATA-09,False,public-derived-contiguous-slice
5628080,2020-04-18 00:49:15,8.238,8.686,-0.009999999999998,1.8040000000000005,8.688,73.70000000000002,5.5,0.0,1.0,1.0,0.0,0.0,1.0,1.0,1.0,True,DATA-09,False,public-derived-contiguous-slice
5628090,2020-04-18 00:49:25,8.878,8.676,-0.009999999999998,1.9960000000000004,8.678,73.85,5.797499999999999,0.0,1.0,1.0,0.0,0.0,1.0,1.0,1.0,True,DATA-09,False,public-derived-contiguous-slice
5628100,2020-04-18 00:49:35,8.89,8.692,-0.009999999999998,2.0,8.694,73.75,5.664999999999999,0.0,1.0,1.0,0.0,0.0,1.0,1.0,1.0,True,DATA-09,False,public-derived-contiguous-slice
5628110,2020-04-18 00:49:45,8.9,8.71,-0.009999999999998,2.006,8.71,73.64999999999999,5.672499999999999,0.0,1.0,1.0,0.0,0.0,1.0,1.0,1.0,True,DATA-09,False,public-derived-contiguous-slice
5628120,2020-04-18 00:49:55,8.908,8.722,-0.009999999999998,2.007999999999999,8.722,73.57499999999999,5.789999999999999,0.0,1.0,1.0,0.0,0.0,1.0,1.0,1.0,True,DATA-09,False,public-derived-contiguous-slice
5628130,2020-04-18 00:50:05,5.824,8.728,-0.009999999999998,1.0300000000000011,8.728,73.625,5.0075,0.0,1.0,0.0,0.0,0.0,1.0,1.0,1.0,True,DATA-09,False,public-derived-contiguous-slice
5628140,2020-04-18 00:50:15,8.028,8.706,-0.009999999999998,1.7460000000000004,8.706,73.675,5.600000000000001,0.0,1.0,0.0,0.0,0.0,1.0,1.0,1.0,True,DATA-09,False,public-derived-contiguous-slice
5628150,2020-04-18 00:50:25,8.854,8.69,-0.009999999999998,1.99,8.69,73.95,5.6525,0.0,1.0,0.0,0.0,0.0,1.0,1.0,1.0,True,DATA-09,False,public-derived-contiguous-slice
5628160,2020-04-18 00:50:35,8.864,8.702,-0.009999999999998,1.9920000000000009,8.704,74.0,5.800000000000001,0.0,1.0,0.0,0.0,0.0,1.0,1.0,1.0,True,DATA-09,False,public-derived-contiguous-slice
5628170,2020-04-18 00:50:45,8.87,8.712,-0.009999999999998,1.9960000000000004,8.714,73.85,5.674999999999999,0.0,1.0,0.0,0.0,0.0,1.0,1.0,1.0,True,DATA-09,False,public-derived-contiguous-slice
5628180,2020-04-18 00:50:54,8.874,8.722,-0.009999999999998,1.998000000000001,8.722,73.64999999999999,5.642499999999998,0.0,1.0,0.0,0.0,0.0,1.0,1.0,1.0,True,DATA-09,False,public-derived-contiguous-slice
5628190,2020-04-18 00:51:04,6.449999999999999,8.724,-0.009999999999998,1.2400000000000002,8.726,73.725,5.147500000000001,0.0,1.0,1.0,0.0,0.0,1.0,1.0,1.0,True,DATA-09,False,public-derived-contiguous-slice
5628200,2020-04-18 00:51:14,8.26,8.706,-0.0120000000000004,1.8120000000000007,8.706,73.75,5.664999999999999,0.0,1.0,1.0,0.0,0.0,1.0,1.0,1.0,True,DATA-09,False,public-derived-contiguous-slice
5628210,2020-04-18 00:51:24,8.902,8.7,-0.009999999999998,2.001999999999999,8.702,73.975,5.780000000000001,0.0,1.0,1.0,0.0,0.0,1.0,1.0,1.0,True,DATA-09,False,public-derived-contiguous-slice
5628220,2020-04-18 00:51:34,8.912,8.716,-0.009999999999998,2.004,8.716,73.825,5.7225,0.0,1.0,1.0,0.0,0.0,1.0,1.0,1.0,True,DATA-09,False,public-derived-contiguous-slice
5628230,2020-04-18 00:51:44,8.922,8.728,-0.009999999999998,2.01,8.73,73.64999999999999,5.6975,0.0,1.0,1.0,0.0,0.0,1.0,1.0,1.0,True,DATA-09,False,public-derived-contiguous-slice
5628240,2020-04-18 00:51:54,8.926,8.742,-0.009999999999998,2.014,8.744,73.64999999999999,5.6775,0.0,1.0,1.0,0.0,0.0,1.0,1.0,1.0,True,DATA-09,False,public-derived-contiguous-slice
5628250,2020-04-18 00:52:04,6.222,8.746,-0.009999999999998,1.2100000000000009,8.746,73.75,5.105,0.0,1.0,0.0,0.0,0.0,1.0,1.0,1.0,True,DATA-09,False,public-derived-contiguous-slice
5628260,2020-04-18 00:52:14,8.072,8.726,-0.009999999999998,1.7579999999999991,8.726,73.75,5.5550000000000015,0.0,1.0,0.0,0.0,0.0,1.0,1.0,1.0,True,DATA-09,False,public-derived-contiguous-slice
5628270,2020-04-18 00:52:24,8.872,8.71,-0.009999999999998,1.994,8.71,74.025,5.772500000000001,0.0,1.0,0.0,0.0,0.0,1.0,1.0,1.0,True,DATA-09,False,public-derived-contiguous-slice
5628280,2020-04-18 00:52:34,8.884,8.72,-0.0079999999999991,1.998000000000001,8.722,74.05,5.7225,0.0,1.0,0.0,0.0,0.0,1.0,1.0,1.0,True,DATA-09,False,public-derived-contiguous-slice
5628290,2020-04-18 00:52:44,8.886,8.732,-0.009999999999998,1.998000000000001,8.734,73.85,5.725,0.0,1.0,0.0,0.0,0.0,1.0,1.0,1.0,True,DATA-09,False,public-derived-contiguous-slice
5628300,2020-04-18 00:52:53,8.892,8.74,-0.009999999999998,2.004,8.74,73.75,5.82,0.0,1.0,0.0,0.0,0.0,1.0,1.0,1.0,True,DATA-09,False,public-derived-contiguous-slice
5628310,2020-04-18 00:53:03,6.57,8.742,-0.009999999999998,1.3120000000000012,8.742,73.725,5.205,0.0,1.0,1.0,0.0,0.0,1.0,1.0,1.0,True,DATA-09,False,public-derived-contiguous-slice
5628320,2020-04-18 00:53:13,8.314,8.724,-0.009999999999998,1.828,8.726,73.77499999999999,5.6325,0.0,1.0,1.0,0.0,0.0,1.0,1.0,1.0,True,DATA-09,False,public-derived-contiguous-slice
5628330,2020-04-18 00:53:23,8.918,8.716,-0.009999999999998,2.006,8.716,73.95,5.805,0.0,1.0,1.0,0.0,0.0,1.0,1.0,1.0,True,DATA-09,False,public-derived-contiguous-slice
5628340,2020-04-18 00:53:33,8.928,8.734,-0.0079999999999991,2.01,8.732,73.75,5.785,0.0,1.0,1.0,0.0,0.0,1.0,1.0,1.0,True,DATA-09,False,public-derived-contiguous-slice
5628350,2020-04-18 00:53:43,8.934,8.746,-0.009999999999998,2.014,8.746,73.64999999999999,5.6850000000000005,0.0,1.0,1.0,0.0,0.0,1.0,1.0,1.0,True,DATA-09,False,public-derived-contiguous-slice
5628360,2020-04-18 00:53:53,8.94,8.76,-0.009999999999998,2.0180000000000007,8.758,73.625,5.715,0.0,1.0,1.0,0.0,0.0,1.0,1.0,1.0,True,DATA-09,False,public-derived-contiguous-slice
5628370,2020-04-18 00:54:03,6.295999999999999,8.76,-0.0079999999999991,1.2639999999999991,8.76,73.64999999999999,5.115,0.0,1.0,0.0,0.0,0.0,1.0,1.0,1.0,True,DATA-09,False,public-derived-contiguous-slice
5628380,2020-04-18 00:54:13,8.108,8.74,-0.009999999999998,1.7720000000000002,8.74,73.75,5.6325,0.0,1.0,0.0,0.0,0.0,1.0,1.0,1.0,True,DATA-09,False,public-derived-contiguous-slice
5628390,2020-04-18 00:54:23,8.89,8.726,-0.0079999999999991,1.998000000000001,8.724,74.15,5.797499999999999,0.0,1.0,0.0,0.0,0.0,1.0,1.0,1.0,True,DATA-09,False,public-derived-contiguous-slice
5628400,2020-04-18 00:54:33,8.894,8.736,-0.0079999999999991,2.0,8.736,74.05,5.6675,0.0,1.0,0.0,0.0,0.0,1.0,1.0,1.0,True,DATA-09,False,public-derived-contiguous-slice
5628410,2020-04-18 00:54:43,8.9,8.744,-0.0079999999999991,2.001999999999999,8.746,73.85,5.782499999999999,0.0,1.0,0.0,0.0,0.0,1.0,1.0,1.0,True,DATA-09,False,public-derived-contiguous-slice
5628420,2020-04-18 00:54:52,8.902,8.752,-0.0120000000000004,2.006,8.752,73.85,5.6775,0.0,1.0,0.0,0.0,0.0,1.0,1.0,1.0,True,DATA-09,False,public-derived-contiguous-slice
5628430,2020-04-18 00:55:02,6.843999999999999,8.752,-0.009999999999998,1.4139999999999997,8.754,73.85,5.205,0.0,1.0,1.0,0.0,0.0,1.0,1.0,1.0,True,DATA-09,False,public-derived-contiguous-slice
5628440,2020-04-18 00:55:12,8.422,8.734,-0.009999999999998,1.866,8.734,73.925,5.615000000000002,0.0,1.0,1.0,0.0,0.0,1.0,1.0,1.0,True,DATA-09,False,public-derived-contiguous-slice
5628450,2020-04-18 00:55:22,8.928,8.728,-0.009999999999998,2.01,8.728,73.925,5.765000000000001,0.0,1.0,1.0,0.0,0.0,1.0,1.0,1.0,True,DATA-09,False,public-derived-contiguous-slice
5628460,2020-04-18 00:55:32,8.938,8.744,-0.009999999999998,2.014,8.746,73.925,5.754999999999999,0.0,1.0,1.0,0.0,0.0,1.0,1.0,1.0,True,DATA-09,False,public-derived-contiguous-slice
5628470,2020-04-18 00:55:42,8.946,8.758,-0.009999999999998,2.0180000000000007,8.758,73.825,5.692500000000001,0.0,1.0,1.0,0.0,0.0,1.0,1.0,1.0,True,DATA-09,False,public-derived-contiguous-slice
5628480,2020-04-18 00:55:52,8.952,8.768,-0.009999999999998,2.022,8.77,73.825,5.73,0.0,1.0,1.0,0.0,0.0,1.0,1.0,1.0,True,DATA-09,False,public-derived-contiguous-slice
5628490,2020-04-18 00:56:02,6.3580000000000005,8.768,-0.009999999999998,1.2620000000000005,8.77,73.77499999999999,5.145,0.0,1.0,0.0,0.0,0.0,1.0,1.0,1.0,True,DATA-09,False,public-derived-contiguous-slice
5628500,2020-04-18 00:56:12,8.23,8.748,-0.009999999999998,1.8000000000000007,8.748,73.85,5.585000000000001,0.0,1.0,0.0,0.0,0.0,1.0,1.0,1.0,True,DATA-09,False,public-derived-contiguous-slice
5628510,2020-04-18 00:56:22,8.898,8.734,-0.009999999999998,2.001999999999999,8.734,74.175,5.674999999999999,0.0,1.0,0.0,0.0,0.0,1.0,1.0,1.0,True,DATA-09,False,public-derived-contiguous-slice
5628520,2020-04-18 00:56:32,8.904,8.744,-0.009999999999998,2.006,8.746,74.10000000000001,5.8225,0.0,1.0,0.0,0.0,0.0,1.0,1.0,1.0,True,DATA-09,False,public-derived-contiguous-slice
5628530,2020-04-18 00:56:41,8.906,8.752,-0.009999999999998,2.006,8.754,73.85,5.67,0.0,1.0,0.0,0.0,0.0,1.0,1.0,1.0,True,DATA-09,False,public-derived-contiguous-slice
5628540,2020-04-18 00:56:51,8.912,8.76,-0.009999999999998,2.007999999999999,8.762,73.8,5.709999999999999,0.0,1.0,0.0,0.0,0.0,1.0,1.0,1.0,True,DATA-09,False,public-derived-contiguous-slice
5628550,2020-04-18 00:57:01,6.852,8.76,-0.0079999999999991,1.4179999999999993,8.762,73.85,5.322499999999998,0.0,1.0,1.0,0.0,0.0,1.0,1.0,1.0,True,DATA-09,False,public-derived-contiguous-slice
5628560,2020-04-18 00:57:11,8.418,8.742,-0.009999999999998,1.8580000000000003,8.742,73.95,5.625,0.0,1.0,1.0,0.0,0.0,1.0,1.0,1.0,True,DATA-09,False,public-derived-contiguous-slice
5628570,2020-04-18 00:57:21,8.936,8.738,-0.009999999999998,2.014,8.738,74.05,5.6975,0.0,1.0,1.0,0.0,0.0,1.0,1.0,1.0,True,DATA-09,False,public-derived-contiguous-slice
5628580,2020-04-18 00:57:31,8.948,8.752,-0.0079999999999991,2.016,8.752,74.0,5.7775,0.0,1.0,1.0,0.0,0.0,1.0,1.0,1.0,True,DATA-09,False,public-derived-contiguous-slice
5628590,2020-04-18 00:57:41,8.95,8.764,-0.009999999999998,2.02,8.764,73.75,5.720000000000001,0.0,1.0,1.0,0.0,0.0,1.0,1.0,1.0,True,DATA-09,False,public-derived-contiguous-slice
5628600,2020-04-18 00:57:51,8.962,8.776,-0.009999999999998,2.024000000000001,8.776,73.77499999999999,5.682499999999999,0.0,1.0,1.0,0.0,0.0,1.0,1.0,1.0,True,DATA-09,False,public-derived-contiguous-slice
5628610,2020-04-18 00:58:01,6.587999999999999,8.772,-0.009999999999998,1.3419999999999987,8.776,73.85,5.2225,0.0,1.0,0.0,0.0,0.0,1.0,1.0,1.0,True,DATA-09,False,public-derived-contiguous-slice
5628620,2020-04-18 00:58:11,8.226,8.754,-0.009999999999998,1.8099999999999987,8.754,73.925,5.512499999999999,0.0,1.0,0.0,0.0,0.0,1.0,1.0,1.0,True,DATA-09,False,public-derived-contiguous-slice
5628630,2020-04-18 00:58:21,8.904,8.74,-0.009999999999998,2.001999999999999,8.74,74.22500000000001,5.82,0.0,1.0,0.0,0.0,0.0,1.0,1.0,1.0,True,DATA-09,False,public-derived-contiguous-slice
5628640,2020-04-18 00:58:30,8.91,8.752,-0.009999999999998,2.004,8.752,74.15,5.69,0.0,1.0,0.0,0.0,0.0,1.0,1.0,1.0,True,DATA-09,False,public-derived-contiguous-slice
5628650,2020-04-18 00:58:40,8.91,8.758,-0.009999999999998,2.007999999999999,8.76,73.85,5.694999999999999,0.0,1.0,0.0,0.0,0.0,1.0,1.0,1.0,True,DATA-09,False,public-derived-contiguous-slice
5628660,2020-04-18 00:58:50,8.914,8.768,-0.009999999999998,2.007999999999999,8.766,73.975,5.725,0.0,1.0,0.0,0.0,0.0,1.0,1.0,1.0,True,DATA-09,False,public-derived-contiguous-slice
5628670,2020-04-18 00:59:00,7.061999999999999,8.764,-0.0079999999999991,1.468,8.764,73.95,5.26,0.0,1.0,1.0,0.0,0.0,1.0,1.0,1.0,True,DATA-09,False,public-derived-contiguous-slice
5628680,2020-04-18 00:59:10,8.504,8.744,-0.0079999999999991,1.8840000000000003,8.746,73.95,5.709999999999999,0.0,1.0,1.0,0.0,0.0,1.0,1.0,1.0,True,DATA-09,False,public-derived-contiguous-slice
5628690,2020-04-18 00:59:20,8.942,8.742,-0.009999999999998,2.014,8.744,74.15,5.765000000000001,0.0,1.0,1.0,0.0,0.0,1.0,1.0,1.0,True,DATA-09,False,public-derived-contiguous-slice
5628700,2020-04-18 00:59:30,8.948,8.756,-0.009999999999998,2.0180000000000007,8.756,74.025,5.672499999999999,0.0,1.0,1.0,0.0,0.0,1.0,1.0,1.0,True,DATA-09,False,public-derived-contiguous-slice
5628710,2020-04-18 00:59:40,8.956,8.77,-0.009999999999998,2.022,8.77,73.975,5.7325,0.0,1.0,1.0,0.0,0.0,1.0,1.0,1.0,True,DATA-09,False,public-derived-contiguous-slice
5628720,2020-04-18 00:59:50,8.964,8.78,-0.009999999999998,2.026,8.78,73.875,5.797499999999999,0.0,1.0,1.0,0.0,0.0,1.0,1.0,1.0,True,DATA-09,False,public-derived-contiguous-slice
5628730,2020-04-18 01:00:00,6.598000000000001,8.778,-0.0079999999999991,1.3279999999999994,8.778,73.85,5.155000000000001,0.0,1.0,0.0,0.0,0.0,1.0,1.0,1.0,True,DATA-09,False,public-derived-contiguous-slice
5628740,2020-04-18 01:00:10,8.232,8.758,-0.009999999999998,1.8040000000000005,8.76,73.975,5.567500000000001,0.0,1.0,0.0,0.0,0.0,1.0,1.0,1.0,True,DATA-09,False,public-derived-contiguous-slice
5628750,2020-04-18 01:00:19,8.908,8.744,-0.009999999999998,2.006,8.746,74.275,5.745000000000001,0.0,1.0,0.0,0.0,0.0,1.0,1.0,1.0,True,DATA-09,False,public-derived-contiguous-slice
5628760,2020-04-18 01:00:29,8.916,8.756,-0.0079999999999991,2.006,8.756,74.15,5.774999999999999,0.0,1.0,0.0,0.0,0.0,1.0,1.0,1.0,True,DATA-09,False,public-derived-contiguous-slice
5628770,2020-04-18 01:00:39,8.914,8.764,-0.009999999999998,2.007999999999999,8.764,74.025,5.754999999999999,0.0,1.0,0.0,0.0,0.0,1.0,1.0,1.0,True,DATA-09,False,public-derived-contiguous-slice
5628780,2020-04-18 01:00:49,8.922,8.77,-0.009999999999998,2.007999999999999,8.772,73.85,5.8125,0.0,1.0,0.0,0.0,0.0,1.0,1.0,1.0,True,DATA-09,False,public-derived-contiguous-slice
5628790,2020-04-18 01:00:59,7.084,8.768,-0.009999999999998,1.4779999999999998,8.768,73.875,5.317499999999999,0.0,1.0,1.0,0.0,0.0,1.0,1.0,1.0,True,DATA-09,False,public-derived-contiguous-slice
5628800,2020-04-18 01:01:09,8.51,8.748,-0.009999999999998,1.8900000000000008,8.75,74.05,5.725,0.0,1.0,1.0,0.0,0.0,1.0,1.0,1.0,True,DATA-09,False,public-derived-contiguous-slice
5628810,2020-04-18 01:01:19,8.942,8.744,-0.009999999999998,2.016,8.746,74.15,5.6850000000000005,0.0,1.0,1.0,0.0,0.0,1.0,1.0,1.0,True,DATA-09,False,public-derived-contiguous-slice
5628820,2020-04-18 01:01:29,8.952,8.76,-0.009999999999998,2.02,8.76,74.05,5.845000000000001,0.0,1.0,1.0,0.0,0.0,1.0,1.0,1.0,True,DATA-09,False,public-derived-contiguous-slice
5628830,2020-04-18 01:01:39,8.96,8.774,-0.0079999999999991,2.02,8.774,73.85,5.752500000000001,0.0,1.0,1.0,0.0,0.0,1.0,1.0,1.0,True,DATA-09,False,public-derived-contiguous-slice
5628840,2020-04-18 01:01:49,8.966,8.782,-0.009999999999998,2.024000000000001,8.784,73.95,5.6975,0.0,1.0,1.0,0.0,0.0,1.0,1.0,1.0,True,DATA-09,False,public-derived-contiguous-slice
5628850,2020-04-18 01:01:59,6.852,8.778,-0.0120000000000004,1.41,8.78,74.0,5.355,0.0,1.0,0.0,0.0,0.0,1.0,1.0,1.0,True,DATA-09,False,public-derived-contiguous-slice
5628860,2020-04-18 01:02:09,8.334,8.758,-0.009999999999998,1.8360000000000003,8.758,74.025,5.5725,0.0,1.0,0.0,0.0,0.0,1.0,1.0,1.0,True,DATA-09,False,public-derived-contiguous-slice
5628870,2020-04-18 01:02:18,8.908,8.746,-0.0120000000000004,2.001999999999999,8.748,74.275,5.709999999999999,0.0,1.0,0.0,0.0,0.0,1.0,1.0,1.0,True,DATA-09,False,public-derived-contiguous-slice
5628880,2020-04-18 01:02:28,8.918,8.758,-0.009999999999998,2.007999999999999,8.758,74.25,5.8125,0.0,1.0,0.0,0.0,0.0,1.0,1.0,1.0,True,DATA-09,False,public-derived-contiguous-slice
5628890,2020-04-18 01:02:38,8.92,8.766,-0.009999999999998,2.01,8.768,74.0,5.682499999999999,0.0,1.0,0.0,0.0,0.0,1.0,1.0,1.0,True,DATA-09,False,public-derived-contiguous-slice
5628900,2020-04-18 01:02:48,8.922,8.774,-0.0079999999999991,2.01,8.774,73.77499999999999,5.800000000000001,0.0,1.0,0.0,0.0,0.0,1.0,1.0,1.0,True,DATA-09,False,public-derived-contiguous-slice
5628910,2020-04-18 01:02:58,7.087999999999999,8.77,-0.009999999999998,1.4800000000000004,8.77,73.85,5.389999999999999,0.0,1.0,1.0,0.0,0.0,1.0,1.0,1.0,True,DATA-09,False,public-derived-contiguous-slice
5628920,2020-04-18 01:03:08,8.614,8.748,-0.009999999999998,1.9160000000000004,8.748,74.05,5.692500000000001,0.0,1.0,1.0,0.0,0.0,1.0,1.0,1.0,True,DATA-09,False,public-derived-contiguous-slice
5628930,2020-04-18 01:03:18,8.948,8.748,-0.0120000000000004,2.014,8.75,74.05,5.674999999999999,0.0,1.0,1.0,0.0,0.0,1.0,1.0,1.0,True,DATA-09,False,public-derived-contiguous-slice
5628940,2020-04-18 01:03:28,8.956,8.762,-0.009999999999998,2.02,8.762,73.975,5.83,0.0,1.0,1.0,0.0,0.0,1.0,1.0,1.0,True,DATA-09,False,public-derived-contiguous-slice
5628950,2020-04-18 01:03:38,8.96,8.774,-0.0120000000000004,2.02,8.776,73.825,5.69,0.0,1.0,1.0,0.0,0.0,1.0,1.0,1.0,True,DATA-09,False,public-derived-contiguous-slice
5628960,2020-04-18 01:03:48,8.97,8.784,-0.009999999999998,2.026,8.786,73.825,5.834999999999999,0.0,1.0,1.0,0.0,0.0,1.0,1.0,1.0,True,DATA-09,False,public-derived-contiguous-slice
5628970,2020-04-18 01:03:58,6.916,8.778,-0.0120000000000004,1.4299999999999995,8.78,73.925,5.3475,0.0,1.0,0.0,0.0,0.0,1.0,1.0,1.0,True,DATA-09,False,public-derived-contiguous-slice
5628980,2020-04-18 01:04:07,8.366,8.76,-0.009999999999998,1.846,8.76,74.15,5.5550000000000015,0.0,1.0,0.0,0.0,0.0,1.0,1.0,1.0,True,DATA-09,False,public-derived-contiguous-slice
5628990,2020-04-18 01:04:17,8.912,8.748,-0.0079999999999991,2.006,8.75,74.35000000000001,5.754999999999999,0.0,1.0,0.0,0.0,0.0,1.0,1.0,1.0,True,DATA-09,False,public-derived-contiguous-slice
5629000,2020-04-18 01:04:27,8.916,8.76,-0.009999999999998,2.006,8.76,74.15,5.694999999999999,0.0,1.0,0.0,0.0,0.0,1.0,1.0,1.0,True,DATA-09,False,public-derived-contiguous-slice
5629010,2020-04-18 01:04:37,8.918,8.768,-0.009999999999998,2.007999999999999,8.768,74.175,5.805,0.0,1.0,0.0,0.0,0.0,1.0,1.0,1.0,True,DATA-09,False,public-derived-contiguous-slice
5629020,2020-04-18 01:04:47,8.922,8.774,-0.0120000000000004,2.0120000000000005,8.776,73.975,5.67,0.0,1.0,0.0,0.0,0.0,1.0,1.0,1.0,True,DATA-09,False,public-derived-contiguous-slice
5629030,2020-04-18 01:04:57,7.172000000000001,8.768,-0.0120000000000004,1.501999999999999,8.77,73.875,5.395000000000001,0.0,1.0,1.0,0.0,0.0,1.0,1.0,1.0,True,DATA-09,False,public-derived-contiguous-slice
5629040,2020-04-18 01:05:07,8.642,8.75,-0.0079999999999991,1.926,8.75,74.075,5.602499999999999,0.0,1.0,1.0,0.0,0.0,1.0,1.0,1.0,True,DATA-09,False,public-derived-contiguous-slice
5629050,2020-04-18 01:05:17,8.946,8.748,-0.0120000000000004,2.014,8.75,74.075,5.842499999999999,0.0,1.0,1.0,0.0,0.0,1.0,1.0,1.0,True,DATA-09,False,public-derived-contiguous-slice
5629060,2020-04-18 01:05:27,8.956,8.762,-0.0079999999999991,2.016,8.764,74.125,5.694999999999999,0.0,1.0,1.0,0.0,0.0,1.0,1.0,1.0,True,DATA-09,False,public-derived-contiguous-slice
5629070,2020-04-18 01:05:37,8.962,8.776,-0.009999999999998,2.02,8.776,73.95,5.8225,0.0,1.0,1.0,0.0,0.0,1.0,1.0,1.0,True,DATA-09,False,public-derived-contiguous-slice
5629080,2020-04-18 01:05:47,8.968,8.786,-0.009999999999998,2.024000000000001,8.788,73.825,5.69,0.0,1.0,1.0,0.0,0.0,1.0,1.0,1.0,True,DATA-09,False,public-derived-contiguous-slice
5629090,2020-04-18 01:05:56,6.922000000000001,8.78,-0.009999999999998,1.4260000000000002,8.782,73.85,5.255000000000001,0.0,1.0,0.0,0.0,0.0,1.0,1.0,1.0,True,DATA-09,False,public-derived-contiguous-slice
5629100,2020-04-18 01:06:06,8.364,8.762,-0.009999999999998,1.8440000000000007,8.76,74.05,5.672499999999999,0.0,1.0,0.0,0.0,0.0,1.0,1.0,1.0,True,DATA-09,False,public-derived-contiguous-slice
5629110,2020-04-18 01:06:16,8.91,8.75,-0.009999999999998,2.004,8.75,74.35000000000001,5.7475000000000005,0.0,1.0,0.0,0.0,0.0,1.0,1.0,1.0,True,DATA-09,False,public-derived-contiguous-slice
5629120,2020-04-18 01:06:26,8.918,8.758,-0.0079999999999991,2.006,8.76,74.25,5.67,0.0,1.0,0.0,0.0,0.0,1.0,1.0,1.0,True,DATA-09,False,public-derived-contiguous-slice
5629130,2020-04-18 01:06:36,8.92,8.768,-0.009999999999998,2.01,8.77,73.95,5.782499999999999,0.0,1.0,0.0,0.0,0.0,1.0,1.0,1.0,True,DATA-09,False,public-derived-contiguous-slice
5629140,2020-04-18 01:06:46,8.926,8.776,-0.009999999999998,2.01,8.778,73.75,5.647500000000001,0.0,1.0,0.0,0.0,0.0,1.0,1.0,1.0,True,DATA-09,False,public-derived-contiguous-slice
5629150,2020-04-18 01:06:56,7.324,8.768,-0.009999999999998,1.5440000000000005,8.768,73.85,5.317499999999999,0.0,1.0,1.0,0.0,0.0,1.0,1.0,1.0,True,DATA-09,False,public-derived-contiguous-slice
5629160,2020-04-18 01:07:06,8.63,8.75,-0.009999999999998,1.92,8.75,74.025,5.664999999999999,0.0,1.0,1.0,0.0,0.0,1.0,1.0,1.0,True,DATA-09,False,public-derived-contiguous-slice
5629170,2020-04-18 01:07:16,8.948,8.75,-0.009999999999998,2.016,8.752,74.05,5.772500000000001,0.0,1.0,1.0,0.0,0.0,1.0,1.0,1.0,True,DATA-09,False,public-derived-contiguous-slice
5629180,2020-04-18 01:07:26,8.956,8.764,-0.0120000000000004,2.016,8.766,74.075,5.6850000000000005,0.0,1.0,1.0,0.0,0.0,1.0,1.0,1.0,True,DATA-09,False,public-derived-contiguous-slice
5629190,2020-04-18 01:07:36,8.962,8.776,-0.009999999999998,2.022,8.778,73.825,5.782499999999999,0.0,1.0,1.0,0.0,0.0,1.0,1.0,1.0,True,DATA-09,False,public-derived-contiguous-slice
5629200,2020-04-18 01:07:45,8.97,8.786,-0.009999999999998,2.026,8.788,73.75,5.815,0.0,1.0,1.0,0.0,0.0,1.0,1.0,1.0,True,DATA-09,False,public-derived-contiguous-slice
5629210,2020-04-18 01:07:55,7.08,8.778,-0.009999999999998,1.475999999999999,8.778,73.925,5.2575,0.0,1.0,0.0,0.0,0.0,1.0,1.0,1.0,True,DATA-09,False,public-derived-contiguous-slice
5629220,2020-04-18 01:08:05,8.452,8.758,-0.009999999999998,1.870000000000001,8.76,74.025,5.707500000000001,0.0,1.0,0.0,0.0,0.0,1.0,1.0,1.0,True,DATA-09,False,public-derived-contiguous-slice
5629230,2020-04-18 01:08:15,8.91,8.75,-0.009999999999998,2.006,8.752,74.175,5.68,0.0,1.0,0.0,0.0,0.0,1.0,1.0,1.0,True,DATA-09,False,public-derived-contiguous-slice
5629240,2020-04-18 01:08:25,8.916,8.758,-0.009999999999998,2.006,8.76,74.05,5.800000000000001,0.0,1.0,0.0,0.0,0.0,1.0,1.0,1.0,True,DATA-09,False,public-derived-contiguous-slice
5629250,2020-04-18 01:08:35,8.918,8.768,-0.009999999999998,2.007999999999999,8.768,74.025,5.6975,0.0,1.0,0.0,0.0,0.0,1.0,1.0,1.0,True,DATA-09,False,public-derived-contiguous-slice
5629260,2020-04-18 01:08:45,8.924,8.774,-0.009999999999998,2.0120000000000005,8.776,73.85,5.715,0.0,1.0,0.0,0.0,0.0,1.0,1.0,1.0,True,DATA-09,False,public-derived-contiguous-slice
5629270,2020-04-18 01:08:55,7.497999999999999,8.764,-0.009999999999998,1.588000000000001,8.766,73.85,5.447500000000002,0.0,1.0,1.0,0.0,0.0,1.0,1.0,1.0,True,DATA-09,False,public-derived-contiguous-slice
5629280,2020-04-18 01:09:05,8.7,8.746,-0.009999999999998,1.942,8.746,74.025,5.612500000000001,0.0,1.0,1.0,0.0,0.0,1.0,1.0,1.0,True,DATA-09,False,public-derived-contiguous-slice
5629290,2020-04-18 01:09:15,8.946,8.75,-0.009999999999998,2.016,8.748,74.075,5.767500000000002,0.0,1.0,1.0,0.0,0.0,1.0,1.0,1.0,True,DATA-09,False,public-derived-contiguous-slice
5629300,2020-04-18 01:09:25,8.952,8.762,-0.009999999999998,2.0180000000000007,8.762,74.05,5.774999999999999,0.0,1.0,1.0,0.0,0.0,1.0,1.0,1.0,True,DATA-09,False,public-derived-contiguous-slice
5629310,2020-04-18 01:09:34,8.96,8.774,-0.009999999999998,2.022,8.776,73.825,5.6775,0.0,1.0,1.0,0.0,0.0,1.0,1.0,1.0,True,DATA-09,False,public-derived-contiguous-slice
5629320,2020-04-18 01:09:44,8.968,8.784,-0.009999999999998,2.026,8.784,73.85,5.800000000000001,0.0,1.0,1.0,0.0,0.0,1.0,1.0,1.0,True,DATA-09,False,public-derived-contiguous-slice
5629330,2020-04-18 01:09:54,7.08,8.774,-0.009999999999998,1.4740000000000002,8.776,73.95,5.235000000000001,0.0,1.0,0.0,0.0,0.0,1.0,1.0,1.0,True,DATA-09,False,public-derived-contiguous-slice
5629340,2020-04-18 01:10:04,8.514,8.75,-0.009999999999998,1.888,8.754,74.175,5.575000000000001,0.0,1.0,0.0,0.0,0.0,1.0,1.0,1.0,True,DATA-09,False,public-derived-contiguous-slice
5629350,2020-04-18 01:10:14,8.908,8.746,-0.009999999999998,2.006,8.748,74.35000000000001,5.767500000000002,0.0,1.0,0.0,0.0,0.0,1.0,1.0,1.0,True,DATA-09,False,public-derived-contiguous-slice
5629360,2020-04-18 01:10:24,8.914,8.756,-0.009999999999998,2.006,8.758,74.125,5.802499999999998,0.0,1.0,0.0,0.0,0.0,1.0,1.0,1.0,True,DATA-09,False,public-derived-contiguous-slice
5629370,2020-04-18 01:10:34,8.914,8.764,-0.009999999999998,2.007999999999999,8.766,74.15,5.6975,0.0,1.0,0.0,0.0,0.0,1.0,1.0,1.0,True,DATA-09,False,public-derived-contiguous-slice
5629380,2020-04-18 01:10:44,8.92,8.772,-0.009999999999998,2.0120000000000005,8.772,74.025,5.6675,0.0,1.0,0.0,0.0,0.0,1.0,1.0,1.0,True,DATA-09,False,public-derived-contiguous-slice
5629390,2020-04-18 01:10:54,7.513999999999999,8.76,-0.009999999999998,1.6039999999999992,8.762,74.025,5.3775,0.0,1.0,1.0,0.0,0.0,1.0,1.0,1.0,True,DATA-09,False,public-derived-contiguous-slice
5629400,2020-04-18 01:11:04,8.706,8.742,-0.009999999999998,1.942,8.744,74.15,5.627500000000001,0.0,1.0,1.0,0.0,0.0,1.0,1.0,1.0,True,DATA-09,False,public-derived-contiguous-slice
5629410,2020-04-18 01:11:14,8.944,8.748,-0.009999999999998,2.014,8.748,74.35000000000001,5.845000000000001,0.0,1.0,1.0,0.0,0.0,1.0,1.0,1.0,True,DATA-09,False,public-derived-contiguous-slice
5629420,2020-04-18 01:11:23,8.954,8.76,-0.009999999999998,2.02,8.762,74.175,5.692500000000001,0.0,1.0,1.0,0.0,0.0,1.0,1.0,1.0,True,DATA-09,False,public-derived-contiguous-slice
5629430,2020-04-18 01:11:33,8.96,8.772,-0.009999999999998,2.024000000000001,8.774,74.025,5.74,0.0,1.0,1.0,0.0,0.0,1.0,1.0,1.0,True,DATA-09,False,public-derived-contiguous-slice
5629440,2020-04-18 01:11:43,8.966,8.782,-0.009999999999998,2.024000000000001,8.784,73.975,5.794999999999998,0.0,1.0,1.0,0.0,0.0,1.0,1.0,1.0,True,DATA-09,False,public-derived-contiguous-slice
5629450,2020-04-18 01:11:53,7.252000000000001,8.772,-0.009999999999998,1.5220000000000002,8.772,73.95,5.375,0.0,1.0,0.0,0.0,0.0,1.0,1.0,1.0,True,DATA-09,False,public-derived-contiguous-slice
5629460,2020-04-18 01:12:03,8.514,8.752,-0.009999999999998,1.888,8.754,74.35000000000001,5.6775,0.0,1.0,0.0,0.0,0.0,1.0,1.0,1.0,True,DATA-09,False,public-derived-contiguous-slice
5629470,2020-04-18 01:12:13,8.906,8.746,-0.009999999999998,2.004,8.748,74.55000000000001,5.647500000000001,0.0,1.0,0.0,0.0,0.0,1.0,1.0,1.0,True,DATA-09,False,public-derived-contiguous-slice
5629480,2020-04-18 01:12:23,8.914,8.756,-0.009999999999998,2.007999999999999,8.758,74.30000000000001,5.6775,0.0,1.0,0.0,0.0,0.0,1.0,1.0,1.0,True,DATA-09,False,public-derived-contiguous-slice
5629490,2020-04-18 01:12:33,8.916,8.762,-0.009999999999998,2.007999999999999,8.766,74.275,5.800000000000001,0.0,1.0,0.0,0.0,0.0,1.0,1.0,1.0,True,DATA-09,False,public-derived-contiguous-slice
5629500,2020-04-18 01:12:43,8.922,8.77,-0.0079999999999991,2.014,8.77,74.15,5.7325,0.0,1.0,0.0,0.0,0.0,1.0,1.0,1.0,True,DATA-09,False,public-derived-contiguous-slice
5629510,2020-04-18 01:12:53,7.641999999999999,8.758,-0.0079999999999991,1.6359999999999992,8.76,74.15,5.442499999999999,0.0,1.0,1.0,0.0,0.0,1.0,1.0,1.0,True,DATA-09,False,public-derived-contiguous-slice
5629520,2020-04-18 01:13:03,8.764,8.74,-0.009999999999998,1.9600000000000009,8.742,74.25,5.705,0.0,1.0,1.0,0.0,0.0,1.0,1.0,1.0,True,DATA-09,False,public-derived-contiguous-slice
5629530,2020-04-18 01:13:12,8.942,8.748,-0.009999999999998,2.016,8.748,74.25,5.7475000000000005,0.0,1.0,1.0,0.0,0.0,1.0,1.0,1.0,True,DATA-09,False,public-derived-contiguous-slice
5629540,2020-04-18 01:13:22,8.954,8.76,-0.009999999999998,2.0180000000000007,8.762,74.15,5.67,0.0,1.0,1.0,0.0,0.0,1.0,1.0,1.0,True,DATA-09,False,public-derived-contiguous-slice
5629550,2020-04-18 01:13:32,8.958,8.774,-0.009999999999998,2.02,8.774,74.05,5.727500000000001,0.0,1.0,1.0,0.0,0.0,1.0,1.0,1.0,True,DATA-09,False,public-derived-contiguous-slice
5629560,2020-04-18 01:13:42,8.966,8.784,-0.009999999999998,2.024000000000001,8.784,74.125,5.8225,0.0,1.0,1.0,0.0,0.0,1.0,1.0,1.0,True,DATA-09,False,public-derived-contiguous-slice
5629570,2020-04-18 01:13:52,7.23,8.77,-0.0079999999999991,1.518000000000001,8.774,74.075,5.3925,0.0,1.0,0.0,0.0,0.0,1.0,1.0,1.0,True,DATA-09,False,public-derived-contiguous-slice
5629580,2020-04-18 01:14:02,8.568,8.75,-0.009999999999998,1.9000000000000004,8.752,74.44999999999999,5.694999999999999,0.0,1.0,0.0,0.0,0.0,1.0,1.0,1.0,True,DATA-09,False,public-derived-contiguous-slice
5629590,2020-04-18 01:14:12,8.908,8.746,-0.0079999999999991,2.006,8.75,74.57499999999999,5.654999999999999,0.0,1.0,0.0,0.0,0.0,1.0,1.0,1.0,True,DATA-09,False,public-derived-contiguous-slice
5629600,2020-04-18 01:14:22,8.912,8.756,-0.009999999999998,2.006,8.758,74.35000000000001,5.762499999999999,0.0,1.0,0.0,0.0,0.0,1.0,1.0,1.0,True,DATA-09,False,public-derived-contiguous-slice
5629610,2020-04-18 01:14:32,8.916,8.764,-0.009999999999998,2.01,8.766,74.25,5.705,0.0,1.0,0.0,0.0,0.0,1.0,1.0,1.0,True,DATA-09,False,public-derived-contiguous-slice
5629620,2020-04-18 01:14:42,8.922,8.772,-0.0079999999999991,2.0120000000000005,8.772,74.15,5.709999999999999,0.0,1.0,0.0,0.0,0.0,1.0,1.0,1.0,True,DATA-09,False,public-derived-contiguous-slice
5629630,2020-04-18 01:14:52,7.602,8.76,-0.0120000000000004,1.620000000000001,8.76,74.25,5.3675,0.0,1.0,1.0,0.0,0.0,1.0,1.0,1.0,True,DATA-09,False,public-derived-contiguous-slice
5629640,2020-04-18 01:15:01,8.82,8.74,-0.009999999999998,1.9800000000000004,8.74,74.325,5.69,0.0,1.0,1.0,0.0,0.0,1.0,1.0,1.0,True,DATA-09,False,public-derived-contiguous-slice
5629650,2020-04-18 01:15:11,8.946,8.748,-0.009999999999998,2.014,8.75,74.30000000000001,5.8125,0.0,1.0,1.0,0.0,0.0,1.0,1.0,1.0,True,DATA-09,False,public-derived-contiguous-slice
5629660,2020-04-18 01:15:21,8.952,8.76,-0.009999999999998,2.0180000000000007,8.76,74.2,5.7125,0.0,1.0,1.0,0.0,0.0,1.0,1.0,1.0,True,DATA-09,False,public-derived-contiguous-slice
5629670,2020-04-18 01:15:31,8.96,8.774,-0.0079999999999991,2.02,8.774,74.025,5.762499999999999,0.0,1.0,1.0,0.0,0.0,1.0,1.0,1.0,True,DATA-09,False,public-derived-contiguous-slice
5629680,2020-04-18 01:15:41,8.968,8.784,-0.009999999999998,2.026,8.784,74.025,5.8125,0.0,1.0,1.0,0.0,0.0,1.0,1.0,1.0,True,DATA-09,False,public-derived-contiguous-slice
5629690,2020-04-18 01:15:51,7.388,8.768,-0.009999999999998,1.5599999999999987,8.77,74.10000000000001,5.285,0.0,1.0,0.0,0.0,0.0,1.0,1.0,1.0,True,DATA-09,False,public-derived-contiguous-slice
5629700,2020-04-18 01:16:01,8.576,8.75,-0.0079999999999991,1.9059999999999988,8.752,74.25,5.6850000000000005,0.0,1.0,0.0,0.0,0.0,1.0,1.0,1.0,True,DATA-09,False,public-derived-contiguous-slice
5629710,2020-04-18 01:16:11,8.908,8.746,-0.0079999999999991,2.001999999999999,8.748,74.35000000000001,5.6775,0.0,1.0,0.0,0.0,0.0,1.0,1.0,1.0,True,DATA-09,False,public-derived-contiguous-slice
5629720,2020-04-18 01:16:21,8.912,8.756,-0.009999999999998,2.006,8.756,74.175,5.767500000000002,0.0,1.0,0.0,0.0,0.0,1.0,1.0,1.0,True,DATA-09,False,public-derived-contiguous-slice
5629730,2020-04-18 01:16:31,8.914,8.764,-0.0079999999999991,2.01,8.764,74.125,5.7225,0.0,1.0,0.0,0.0,0.0,1.0,1.0,1.0,True,DATA-09,False,public-derived-contiguous-slice
5629740,2020-04-18 01:16:41,8.92,8.772,-0.0079999999999991,2.0120000000000005,8.772,74.0,5.807500000000001,0.0,1.0,0.0,0.0,0.0,1.0,1.0,1.0,True,DATA-09,False,public-derived-contiguous-slice
5629750,2020-04-18 01:16:50,7.736000000000001,8.758,-0.009999999999998,1.6639999999999997,8.76,73.95,5.362499999999999,0.0,1.0,1.0,0.0,0.0,1.0,1.0,1.0,True,DATA-09,False,public-derived-contiguous-slice
5629760,2020-04-18 01:17:00,8.816,8.738,-0.009999999999998,1.975999999999999,8.74,74.37499999999999,5.767500000000002,0.0,1.0,1.0,0.0,0.0,1.0,1.0,1.0,True,DATA-09,False,public-derived-contiguous-slice
5629770,2020-04-18 01:17:10,8.946,8.748,-0.009999999999998,2.016,8.748,74.325,5.824999999999999,0.0,1.0,1.0,0.0,0.0,1.0,1.0,1.0,True,DATA-09,False,public-derived-contiguous-slice
5629780,2020-04-18 01:17:20,8.952,8.762,-0.009999999999998,2.02,8.764,74.25,5.800000000000001,0.0,1.0,1.0,0.0,0.0,1.0,1.0,1.0,True,DATA-09,False,public-derived-contiguous-slice
5629790,2020-04-18 01:17:30,8.958,8.774,-0.009999999999998,2.024000000000001,8.774,74.05,5.8225,0.0,1.0,1.0,0.0,0.0,1.0,1.0,1.0,True,DATA-09,False,public-derived-contiguous-slice
5629800,2020-04-18 01:17:40,8.968,8.784,-0.009999999999998,2.0279999999999987,8.786,73.975,5.827500000000001,0.0,1.0,1.0,0.0,0.0,1.0,1.0,1.0,True,DATA-09,False,public-derived-contiguous-slice
5629810,2020-04-18 01:17:50,7.506,8.768,-0.009999999999998,1.597999999999999,8.768,74.15,5.385,0.0,1.0,0.0,0.0,0.0,1.0,1.0,1.0,True,DATA-09,False,public-derived-contiguous-slice
5629820,2020-04-18 01:18:00,8.634,8.75,-0.0079999999999991,1.92,8.75,74.42500000000001,5.645,0.0,1.0,0.0,0.0,0.0,1.0,1.0,1.0,True,DATA-09,False,public-derived-contiguous-slice
5629830,2020-04-18 01:18:10,8.908,8.748,-0.009999999999998,2.001999999999999,8.748,74.55000000000001,5.8125,0.0,1.0,0.0,0.0,0.0,1.0,1.0,1.0,True,DATA-09,False,public-derived-contiguous-slice
5629840,2020-04-18 01:18:20,8.912,8.756,-0.009999999999998,2.006,8.758,74.47500000000001,5.682499999999999,0.0,1.0,0.0,0.0,0.0,1.0,1.0,1.0,True,DATA-09,False,public-derived-contiguous-slice
5629850,2020-04-18 01:18:30,8.916,8.764,-0.009999999999998,2.01,8.768,74.22500000000001,5.8375,0.0,1.0,0.0,0.0,0.0,1.0,1.0,1.0,True,DATA-09,False,public-derived-contiguous-slice
5629860,2020-04-18 01:18:39,8.92,8.77,-0.009999999999998,2.0120000000000005,8.772,74.15,5.672499999999999,0.0,1.0,0.0,0.0,0.0,1.0,1.0,1.0,True,DATA-09,False,public-derived-contiguous-slice
5629870,2020-04-18 01:18:49,7.76,8.758,-0.009999999999998,1.67,8.758,74.15,5.3725000000000005,0.0,1.0,1.0,0.0,0.0,1.0,1.0,1.0,True,DATA-09,False,public-derived-contiguous-slice
5629880,2020-04-18 01:18:59,8.824,8.738,-0.009999999999998,1.9800000000000004,8.74,74.2,5.672499999999999,0.0,1.0,1.0,0.0,0.0,1.0,1.0,1.0,True,DATA-09,False,public-derived-contiguous-slice
5629890,2020-04-18 01:19:09,8.946,8.748,-0.009999999999998,2.0180000000000007,8.75,74.25,5.647500000000001,0.0,1.0,1.0,0.0,0.0,1.0,1.0,1.0,True,DATA-09,False,public-derived-contiguous-slice
5629900,2020-04-18 01:19:19,8.952,8.762,-0.009999999999998,2.0180000000000007,8.762,74.2,5.780000000000001,0.0,1.0,1.0,0.0,0.0,1.0,1.0,1.0,True,DATA-09,False,public-derived-contiguous-slice
5629910,2020-04-18 01:19:29,8.958,8.774,-0.009999999999998,2.022,8.774,74.10000000000001,5.7475000000000005,0.0,1.0,1.0,0.0,0.0,1.0,1.0,1.0,True,DATA-09,False,public-derived-contiguous-slice
5629920,2020-04-18 01:19:39,8.966,8.784,-0.0079999999999991,2.026,8.784,74.025,5.815,0.0,1.0,1.0,0.0,0.0,1.0,1.0,1.0,True,DATA-09,False,public-derived-contiguous-slice
5629930,2020-04-18 01:19:49,7.512,8.766,-0.009999999999998,1.596,8.768,74.25,5.4175,0.0,1.0,0.0,0.0,0.0,1.0,1.0,1.0,True,DATA-09,False,public-derived-contiguous-slice
5629940,2020-04-18 01:19:59,8.62,8.748,-0.0079999999999991,1.9160000000000004,8.75,74.44999999999999,5.5825,0.0,1.0,0.0,0.0,0.0,1.0,1.0,1.0,True,DATA-09,False,public-derived-contiguous-slice
5629950,2020-04-18 01:20:09,8.908,8.748,-0.0060000000000002,2.001999999999999,8.748,74.64999999999999,5.6625,0.0,1.0,0.0,0.0,0.0,1.0,1.0,1.0,True,DATA-09,False,public-derived-contiguous-slice
5629960,2020-04-18 01:20:19,8.91,8.756,-0.0079999999999991,2.006,8.758,74.55000000000001,5.800000000000001,0.0,1.0,0.0,0.0,0.0,1.0,1.0,1.0,True,DATA-09,False,public-derived-contiguous-slice
5629970,2020-04-18 01:20:29,8.916,8.764,-0.0079999999999991,2.007999999999999,8.764,74.325,5.8125,0.0,1.0,0.0,0.0,0.0,1.0,1.0,1.0,True,DATA-09,False,public-derived-contiguous-slice
5629980,2020-04-18 01:20:38,8.92,8.77,-0.0079999999999991,2.0120000000000005,8.772,74.15,5.6850000000000005,0.0,1.0,0.0,0.0,0.0,1.0,1.0,1.0,True,DATA-09,False,public-derived-contiguous-slice
5629990,2020-04-18 01:20:48,7.858,8.758,-0.0079999999999991,1.6900000000000013,8.756,74.175,5.484999999999999,0.0,1.0,1.0,0.0,0.0,1.0,1.0,1.0,True,DATA-09,False,public-derived-contiguous-slice
5630000,2020-04-18 01:20:58,8.866,8.738,-0.009999999999998,1.9920000000000009,8.738,74.30000000000001,5.6325,0.0,1.0,1.0,0.0,0.0,1.0,1.0,1.0,True,DATA-09,False,public-derived-contiguous-slice
5630010,2020-04-18 01:21:08,8.946,8.75,-0.009999999999998,2.016,8.75,74.42500000000001,5.82,0.0,1.0,1.0,0.0,0.0,1.0,1.0,1.0,True,DATA-09,False,public-derived-contiguous-slice
5630020,2020-04-18 01:21:18,8.954,8.762,-0.0079999999999991,2.0180000000000007,8.764,74.15,5.7125,0.0,1.0,1.0,0.0,0.0,1.0,1.0,1.0,True,DATA-09,False,public-derived-contiguous-slice
5630030,2020-04-18 01:21:28,8.96,8.774,-0.009999999999998,2.024000000000001,8.774,74.125,5.767500000000002,0.0,1.0,1.0,0.0,0.0,1.0,1.0,1.0,True,DATA-09,False,public-derived-contiguous-slice
5630040,2020-04-18 01:21:38,8.968,8.784,-0.009999999999998,2.0279999999999987,8.784,74.05,5.815,0.0,1.0,1.0,0.0,0.0,1.0,1.0,1.0,True,DATA-09,False,public-derived-contiguous-slice
5630050,2020-04-18 01:21:48,7.635999999999999,8.766,-0.009999999999998,1.629999999999999,8.766,74.15,5.3725000000000005,0.0,1.0,0.0,0.0,0.0,1.0,1.0,1.0,True,DATA-09,False,public-derived-contiguous-slice
5630060,2020-04-18 01:21:58,8.694,8.748,-0.009999999999998,1.9400000000000013,8.75,74.37499999999999,5.717499999999999,0.0,1.0,0.0,0.0,0.0,1.0,1.0,1.0,True,DATA-09,False,public-derived-contiguous-slice
5630070,2020-04-18 01:22:08,8.908,8.746,-0.009999999999998,2.004,8.748,74.57499999999999,5.74,0.0,1.0,0.0,0.0,0.0,1.0,1.0,1.0,True,DATA-09,False,public-derived-contiguous-slice
5630080,2020-04-18 01:22:18,8.912,8.756,-0.009999999999998,2.006,8.758,74.275,5.6675,0.0,1.0,0.0,0.0,0.0,1.0,1.0,1.0,True,DATA-09,False,public-derived-contiguous-slice
5630090,2020-04-18 01:22:27,8.916,8.766,-0.009999999999998,2.01,8.766,74.175,5.727500000000001,0.0,1.0,0.0,0.0,0.0,1.0,1.0,1.0,True,DATA-09,False,public-derived-contiguous-slice
5630100,2020-04-18 01:22:37,8.922,8.774,-0.0079999999999991,2.0120000000000005,8.774,74.175,5.8125,0.0,1.0,0.0,0.0,0.0,1.0,1.0,1.0,True,DATA-09,False,public-derived-contiguous-slice
5630110,2020-04-18 01:22:47,7.878,8.758,-0.009999999999998,1.7100000000000009,8.758,74.175,5.432500000000001,0.0,1.0,1.0,0.0,0.0,1.0,1.0,1.0,True,DATA-09,False,public-derived-contiguous-slice
5630120,2020-04-18 01:22:57,8.92,8.738,-0.009999999999998,2.006,8.738,74.35000000000001,5.805,0.0,1.0,1.0,0.0,0.0,1.0,1.0,1.0,True,DATA-09,False,public-derived-contiguous-slice
5630130,2020-04-18 01:23:07,8.946,8.752,-0.0079999999999991,2.014,8.752,74.37499999999999,5.6850000000000005,0.0,1.0,1.0,0.0,0.0,1.0,1.0,1.0,True,DATA-09,False,public-derived-contiguous-slice
5630140,2020-04-18 01:23:17,8.952,8.764,-0.009999999999998,2.02,8.766,74.15,5.782499999999999,0.0,1.0,1.0,0.0,0.0,1.0,1.0,1.0,True,DATA-09,False,public-derived-contiguous-slice
5630150,2020-04-18 01:23:27,8.962,8.776,-0.0079999999999991,2.024000000000001,8.776,74.075,5.762499999999999,0.0,1.0,1.0,0.0,0.0,1.0,1.0,1.0,True,DATA-09,False,public-derived-contiguous-slice
5630160,2020-04-18 01:23:37,8.972,8.786,-0.0079999999999991,2.026,8.788,74.15,5.774999999999999,0.0,1.0,1.0,0.0,0.0,1.0,1.0,1.0,True,DATA-09,False,public-derived-contiguous-slice
5630170,2020-04-18 01:23:47,7.66,8.768,-0.0079999999999991,1.6400000000000006,8.77,74.125,5.442499999999999,0.0,1.0,0.0,0.0,0.0,1.0,1.0,1.0,True,DATA-09,False,public-derived-contiguous-slice
5630180,2020-04-18 01:23:57,8.702,8.748,-0.009999999999998,1.942,8.75,74.4,5.6775,0.0,1.0,0.0,0.0,0.0,1.0,1.0,1.0,True,DATA-09,False,public-derived-contiguous-slice
5630190,2020-04-18 01:24:07,8.91,8.75,-0.0079999999999991,2.004,8.752,74.52499999999999,5.785,0.0,1.0,0.0,0.0,0.0,1.0,1.0,1.0,True,DATA-09,False,public-derived-contiguous-slice
5630200,2020-04-18 01:24:16,8.912,8.758,-0.009999999999998,2.007999999999999,8.76,74.275,5.727500000000001,0.0,1.0,0.0,0.0,0.0,1.0,1.0,1.0,True,DATA-09,False,public-derived-contiguous-slice
5630210,2020-04-18 01:24:26,8.916,8.766,-0.009999999999998,2.0120000000000005,8.768,74.22500000000001,5.705,0.0,1.0,0.0,0.0,0.0,1.0,1.0,1.0,True,DATA-09,False,public-derived-contiguous-slice
5630220,2020-04-18 01:24:36,8.922,8.772,-0.009999999999998,2.014,8.774,74.05,5.7575,0.0,1.0,0.0,0.0,0.0,1.0,1.0,1.0,True,DATA-09,False,public-derived-contiguous-slice
5630230,2020-04-18 01:24:46,7.981999999999999,8.756,-0.0120000000000004,1.731999999999999,8.756,74.15,5.5175,0.0,1.0,1.0,0.0,0.0,1.0,1.0,1.0,True,DATA-09,False,public-derived-contiguous-slice
5630240,2020-04-18 01:24:56,8.912,8.738,-0.009999999999998,2.004,8.738,74.35000000000001,5.7925,0.0,1.0,1.0,0.0,0.0,1.0,1.0,1.0,True,DATA-09,False,public-derived-contiguous-slice
5630250,2020-04-18 01:25:06,8.948,8.754,-0.0079999999999991,2.016,8.754,74.30000000000001,5.7425,0.0,1.0,1.0,0.0,0.0,1.0,1.0,1.0,True,DATA-09,False,public-derived-contiguous-slice
5630260,2020-04-18 01:25:16,8.954,8.766,-0.0079999999999991,2.0180000000000007,8.766,74.25,5.794999999999998,0.0,1.0,1.0,0.0,0.0,1.0,1.0,1.0,True,DATA-09,False,public-derived-contiguous-slice
5630270,2020-04-18 01:25:26,8.96,8.776,-0.009999999999998,2.024000000000001,8.776,74.15,5.657499999999999,0.0,1.0,1.0,0.0,0.0,1.0,1.0,1.0,True,DATA-09,False,public-derived-contiguous-slice
5630280,2020-04-18 01:25:36,8.968,8.786,-0.009999999999998,2.026,8.788,74.175,5.789999999999999,0.0,1.0,1.0,0.0,0.0,1.0,1.0,1.0,True,DATA-09,False,public-derived-contiguous-slice
5630290,2020-04-18 01:25:46,7.74,8.766,-0.009999999999998,1.6580000000000013,8.768,74.35000000000001,5.5175,0.0,1.0,0.0,0.0,0.0,1.0,1.0,1.0,True,DATA-09,False,public-derived-contiguous-slice
5630300,2020-04-18 01:25:56,8.73,8.748,-0.009999999999998,1.9499999999999995,8.748,74.44999999999999,5.6775,0.0,1.0,0.0,0.0,0.0,1.0,1.0,1.0,True,DATA-09,False,public-derived-contiguous-slice
5630310,2020-04-18 01:26:05,8.91,8.75,-0.009999999999998,2.004,8.75,74.55000000000001,5.797499999999999,0.0,1.0,0.0,0.0,0.0,1.0,1.0,1.0,True,DATA-09,False,public-derived-contiguous-slice
5630320,2020-04-18 01:26:15,8.914,8.758,-0.009999999999998,2.006,8.76,74.44999999999999,5.7125,0.0,1.0,0.0,0.0,0.0,1.0,1.0,1.0,True,DATA-09,False,public-derived-contiguous-slice
5630330,2020-04-18 01:26:25,8.916,8.766,-0.0079999999999991,2.007999999999999,8.768,74.325,5.7425,0.0,1.0,0.0,0.0,0.0,1.0,1.0,1.0,True,DATA-09,False,public-derived-contiguous-slice
5630340,2020-04-18 01:26:35,8.922,8.772,-0.009999999999998,2.01,8.774,74.22500000000001,5.800000000000001,0.0,1.0,0.0,0.0,0.0,1.0,1.0,1.0,True,DATA-09,False,public-derived-contiguous-slice
5630350,2020-04-18 01:26:45,8.066,8.754,-0.0120000000000004,1.7539999999999996,8.756,74.25,5.465,0.0,1.0,1.0,0.0,0.0,1.0,1.0,1.0,True,DATA-09,False,public-derived-contiguous-slice
5630360,2020-04-18 01:26:55,8.928,8.738,-0.009999999999998,2.016,8.74,74.44999999999999,5.634999999999998,0.0,1.0,1.0,0.0,0.0,1.0,1.0,1.0,True,DATA-09,False,public-derived-contiguous-slice
5630370,2020-04-18 01:27:05,8.948,8.752,-0.0079999999999991,2.016,8.754,74.44999999999999,5.760000000000002,0.0,1.0,1.0,0.0,0.0,1.0,1.0,1.0,True,DATA-09,False,public-derived-contiguous-slice
5630380,2020-04-18 01:27:15,8.952,8.766,-0.009999999999998,2.016,8.766,74.22500000000001,5.774999999999999,0.0,1.0,1.0,0.0,0.0,1.0,1.0,1.0,True,DATA-09,False,public-derived-contiguous-slice
5630390,2020-04-18 01:27:25,8.962,8.776,-0.009999999999998,2.024000000000001,8.778,74.22500000000001,5.7425,0.0,1.0,1.0,0.0,0.0,1.0,1.0,1.0,True,DATA-09,False,public-derived-contiguous-slice
5630400,2020-04-18 01:27:35,8.968,8.786,-0.009999999999998,2.026,8.786,74.22500000000001,5.815,0.0,1.0,1.0,0.0,0.0,1.0,1.0,1.0,True,DATA-09,False,public-derived-contiguous-slice
5630410,2020-04-18 01:27:45,7.726000000000001,8.766,-0.0079999999999991,1.661999999999999,8.768,74.275,5.422499999999999,0.0,1.0,0.0,0.0,0.0,1.0,1.0,1.0,True,DATA-09,False,public-derived-contiguous-slice
5630420,2020-04-18 01:27:54,8.786,8.746,-0.0079999999999991,1.968,8.746,74.57499999999999,5.622499999999999,0.0,1.0,0.0,0.0,0.0,1.0,1.0,1.0,True,DATA-09,False,public-derived-contiguous-slice
5630430,2020-04-18 01:28:04,8.91,8.748,-0.009999999999998,2.006,8.752,74.55000000000001,5.772500000000001,0.0,1.0,0.0,0.0,0.0,1.0,1.0,1.0,True,DATA-09,False,public-derived-contiguous-slice
5630440,2020-04-18 01:28:14,8.91,8.758,-0.009999999999998,2.006,8.76,74.35000000000001,5.727500000000001,0.0,1.0,0.0,0.0,0.0,1.0,1.0,1.0,True,DATA-09,False,public-derived-contiguous-slice
5630450,2020-04-18 01:28:24,8.918,8.766,-0.009999999999998,2.01,8.768,74.15,5.800000000000001,0.0,1.0,0.0,0.0,0.0,1.0,1.0,1.0,True,DATA-09,False,public-derived-contiguous-slice
5630460,2020-04-18 01:28:34,8.92,8.772,-0.009999999999998,2.0120000000000005,8.774,74.15,5.645,0.0,1.0,1.0,0.0,0.0,1.0,1.0,1.0,True,DATA-09,False,public-derived-contiguous-slice
5630470,2020-04-18 01:28:44,8.054,8.754,-0.009999999999998,1.75,8.754,74.22500000000001,5.58,0.0,1.0,1.0,0.0,0.0,1.0,1.0,1.0,True,DATA-09,False,public-derived-contiguous-slice
5630480,2020-04-18 01:28:54,8.934,8.738,-0.009999999999998,2.014,8.738,74.44999999999999,5.649999999999999,0.0,1.0,1.0,0.0,0.0,1.0,1.0,1.0,True,DATA-09,False,public-derived-contiguous-slice
5630490,2020-04-18 01:29:04,8.944,8.752,-0.009999999999998,2.014,8.752,74.275,5.7225,0.0,1.0,1.0,0.0,0.0,1.0,1.0,1.0,True,DATA-09,False,public-derived-contiguous-slice
5630500,2020-04-18 01:29:14,8.952,8.764,-0.009999999999998,2.022,8.764,74.22500000000001,5.68,0.0,1.0,1.0,0.0,0.0,1.0,1.0,1.0,True,DATA-09,False,public-derived-contiguous-slice
5630510,2020-04-18 01:29:24,8.96,8.774,-0.009999999999998,2.026,8.776,74.15,5.827500000000001,0.0,1.0,1.0,0.0,0.0,1.0,1.0,1.0,True,DATA-09,False,public-derived-contiguous-slice
5630520,2020-04-18 01:29:34,6.0,8.782,-0.0079999999999991,1.193999999999999,8.784,74.15,5.162500000000001,0.0,1.0,0.0,0.0,0.0,1.0,1.0,1.0,True,DATA-09,False,public-derived-contiguous-slice
5630530,2020-04-18 01:29:43,7.859999999999999,8.764,-0.0079999999999991,1.6920000000000002,8.764,74.25,5.5525,0.0,1.0,0.0,0.0,0.0,1.0,1.0,1.0,True,DATA-09,False,public-derived-contiguous-slice
5630540,2020-04-18 01:29:53,8.798,8.744,-0.0079999999999991,1.9699999999999989,8.746,74.55000000000001,5.67,0.0,1.0,0.0,0.0,0.0,1.0,1.0,1.0,True,DATA-09,False,public-derived-contiguous-slice
5630550,2020-04-18 01:30:03,8.906,8.748,-0.009999999999998,2.004,8.75,74.64999999999999,5.752500000000001,0.0,1.0,0.0,0.0,0.0,1.0,1.0,1.0,True,DATA-09,False,public-derived-contiguous-slice
5630560,2020-04-18 01:30:13,8.908,8.758,-0.009999999999998,2.006,8.76,74.44999999999999,5.705,0.0,1.0,0.0,0.0,0.0,1.0,1.0,1.0,True,DATA-09,False,public-derived-contiguous-slice
5630570,2020-04-18 01:30:23,8.914,8.764,-0.0060000000000002,2.007999999999999,8.766,74.325,5.6775,0.0,1.0,0.0,0.0,0.0,1.0,1.0,1.0,True,DATA-09,False,public-derived-contiguous-slice
5630580,2020-04-18 01:30:33,8.204,8.772,-0.0079999999999991,1.8680000000000003,8.772,74.25,5.760000000000002,0.0,1.0,1.0,0.0,0.0,0.0,1.0,1.0,True,DATA-09,False,public-derived-contiguous-slice
5630590,2020-04-18 01:30:43,8.192,8.748,-0.009999999999998,1.7919999999999998,8.75,74.35000000000001,5.475000000000001,0.0,1.0,1.0,0.0,0.0,1.0,1.0,1.0,True,DATA-09,False,public-derived-contiguous-slice
5630600,2020-04-18 01:30:53,8.936,8.738,-0.0079999999999991,2.014,8.74,74.52499999999999,5.734999999999999,0.0,1.0,1.0,0.0,0.0,1.0,1.0,1.0,True,DATA-09,False,public-derived-contiguous-slice
5630610,2020-04-18 01:31:03,8.946,8.752,-0.009999999999998,2.016,8.754,74.47500000000001,5.805,0.0,1.0,1.0,0.0,0.0,1.0,1.0,1.0,True,DATA-09,False,public-derived-contiguous-slice
5630620,2020-04-18 01:31:13,8.952,8.762,-0.0079999999999991,2.02,8.766,74.325,5.727500000000001,0.0,1.0,1.0,0.0,0.0,1.0,1.0,1.0,True,DATA-09,False,public-derived-contiguous-slice
5630630,2020-04-18 01:31:23,8.96,8.776,-0.0079999999999991,2.022,8.776,74.175,5.75,0.0,1.0,1.0,0.0,0.0,1.0,1.0,1.0,True,DATA-09,False,public-derived-contiguous-slice
5630640,2020-04-18 01:31:33,5.800000000000001,8.782,-0.0079999999999991,1.1159999999999997,8.784,74.22500000000001,5.069999999999999,0.0,1.0,0.0,0.0,0.0,1.0,1.0,1.0,True,DATA-09,False,public-derived-contiguous-slice
5630650,2020-04-18 01:31:42,7.874,8.762,-0.0079999999999991,1.6980000000000004,8.764,74.35000000000001,5.5275,0.0,1.0,0.0,0.0,0.0,1.0,1.0,1.0,True,DATA-09,False,public-derived-contiguous-slice
5630660,2020-04-18 01:31:52,8.85,8.742,-0.009999999999998,1.9860000000000009,8.744,74.52499999999999,5.715,0.0,1.0,0.0,0.0,0.0,1.0,1.0,1.0,True,DATA-09,False,public-derived-contiguous-slice
5630670,2020-04-18 01:32:02,8.906,8.748,-0.0079999999999991,2.004,8.75,74.47500000000001,5.802499999999998,0.0,1.0,0.0,0.0,0.0,1.0,1.0,1.0,True,DATA-09,False,public-derived-contiguous-slice
5630680,2020-04-18 01:32:12,8.912,8.758,-0.009999999999998,2.006,8.758,74.42500000000001,5.6775,0.0,1.0,0.0,0.0,0.0,1.0,1.0,1.0,True,DATA-09,False,public-derived-contiguous-slice
5630690,2020-04-18 01:32:22,8.916,8.764,-0.0079999999999991,2.007999999999999,8.766,74.05,5.807500000000001,0.0,1.0,0.0,0.0,0.0,1.0,1.0,1.0,True,DATA-09,False,public-derived-contiguous-slice
5630700,2020-04-18 01:32:32,6.246,8.77,-0.0079999999999991,1.2199999999999989,8.77,74.125,5.125,0.0,1.0,1.0,0.0,0.0,1.0,1.0,1.0,True,DATA-09,False,public-derived-contiguous-slice
5630710,2020-04-18 01:32:42,8.19,8.75,-0.009999999999998,1.7899999999999991,8.75,74.15,5.4925,0.0,1.0,1.0,0.0,0.0,1.0,1.0,1.0,True,DATA-09,False,public-derived-contiguous-slice
5630720,2020-04-18 01:32:52,8.936,8.736,-0.0079999999999991,2.014,8.738,74.35000000000001,5.694999999999999,0.0,1.0,1.0,0.0,0.0,1.0,1.0,1.0,True,DATA-09,False,public-derived-contiguous-slice
5630730,2020-04-18 01:33:02,8.946,8.75,-0.009999999999998,2.016,8.752,74.4,5.74,0.0,1.0,1.0,0.0,0.0,1.0,1.0,1.0,True,DATA-09,False,public-derived-contiguous-slice
5630740,2020-04-18 01:33:12,8.952,8.764,-0.009999999999998,2.02,8.766,74.25,5.785,0.0,1.0,1.0,0.0,0.0,1.0,1.0,1.0,True,DATA-09,False,public-derived-contiguous-slice
5630750,2020-04-18 01:33:22,8.96,8.776,-0.009999999999998,2.022,8.776,74.15,5.7425,0.0,1.0,1.0,0.0,0.0,1.0,1.0,1.0,True,DATA-09,False,public-derived-contiguous-slice
5630760,2020-04-18 01:33:31,5.892,8.778,-0.0079999999999991,1.0919999999999987,8.782,74.15,5.049999999999999,0.0,1.0,0.0,0.0,0.0,1.0,1.0,1.0,True,DATA-09,False,public-derived-contiguous-slice
5630770,2020-04-18 01:33:41,7.948,8.758,-0.0079999999999991,1.718,8.76,74.44999999999999,5.4175,0.0,1.0,0.0,0.0,0.0,1.0,1.0,1.0,True,DATA-09,False,public-derived-contiguous-slice
5630780,2020-04-18 01:33:51,8.88,8.738,-0.009999999999998,1.994,8.742,74.62500000000001,5.634999999999998,0.0,1.0,0.0,0.0,0.0,1.0,1.0,1.0,True,DATA-09,False,public-derived-contiguous-slice
5630790,2020-04-18 01:34:01,8.906,8.746,-0.0079999999999991,2.004,8.75,74.57499999999999,5.737500000000001,0.0,1.0,0.0,0.0,0.0,1.0,1.0,1.0,True,DATA-09,False,public-derived-contiguous-slice
5630800,2020-04-18 01:34:11,8.91,8.758,-0.0079999999999991,2.007999999999999,8.758,74.42500000000001,5.6325,0.0,1.0,0.0,0.0,0.0,1.0,1.0,1.0,True,DATA-09,False,public-derived-contiguous-slice
5630810,2020-04-18 01:34:21,8.912,8.762,-0.009999999999998,2.007999999999999,8.764,74.25,5.794999999999998,0.0,1.0,0.0,0.0,0.0,1.0,1.0,1.0,True,DATA-09,False,public-derived-contiguous-slice
5630820,2020-04-18 01:34:31,6.456,8.766,-0.0079999999999991,1.282,8.768,74.15,5.137499999999999,0.0,1.0,1.0,0.0,0.0,1.0,1.0,1.0,True,DATA-09,False,public-derived-contiguous-slice
5630830,2020-04-18 01:34:41,8.244,8.748,-0.0079999999999991,1.815999999999999,8.75,74.275,5.5875,0.0,1.0,1.0,0.0,0.0,1.0,1.0,1.0,True,DATA-09,False,public-derived-contiguous-slice
5630840,2020-04-18 01:34:51,8.934,8.736,-0.009999999999998,2.014,8.738,74.42500000000001,5.754999999999999,0.0,1.0,1.0,0.0,0.0,1.0,1.0,1.0,True,DATA-09,False,public-derived-contiguous-slice
5630850,2020-04-18 01:35:01,8.946,8.748,-0.0079999999999991,2.016,8.752,74.37499999999999,5.7925,0.0,1.0,1.0,0.0,0.0,1.0,1.0,1.0,True,DATA-09,False,public-derived-contiguous-slice
5630860,2020-04-18 01:35:11,8.95,8.764,-0.009999999999998,2.02,8.764,74.25,5.762499999999999,0.0,1.0,1.0,0.0,0.0,1.0,1.0,1.0,True,DATA-09,False,public-derived-contiguous-slice
5630870,2020-04-18 01:35:20,8.958,8.77,-0.009999999999998,2.022,8.774,74.05,5.782499999999999,0.0,1.0,1.0,0.0,0.0,1.0,1.0,1.0,True,DATA-09,False,public-derived-contiguous-slice
5630880,2020-04-18 01:35:30,5.85,8.778,-0.009999999999998,1.0820000000000007,8.78,74.15,5.0075,0.0,1.0,0.0,0.0,0.0,1.0,1.0,1.0,True,DATA-09,False,public-derived-contiguous-slice
5630890,2020-04-18 01:35:40,8.04,8.756,-0.009999999999998,1.7539999999999996,8.758,74.30000000000001,5.585000000000001,0.0,1.0,0.0,0.0,0.0,1.0,1.0,1.0,True,DATA-09,False,public-derived-contiguous-slice
5630900,2020-04-18 01:35:50,8.874,8.738,-0.009999999999998,1.9960000000000004,8.74,74.55000000000001,5.615000000000002,0.0,1.0,0.0,0.0,0.0,1.0,1.0,1.0,True,DATA-09,False,public-derived-contiguous-slice
5630910,2020-04-18 01:36:00,8.906,8.746,-0.009999999999998,2.004,8.748,74.52499999999999,5.68,0.0,1.0,0.0,0.0,0.0,1.0,1.0,1.0,True,DATA-09,False,public-derived-contiguous-slice
5630920,2020-04-18 01:36:10,8.906,8.754,-0.0079999999999991,2.006,8.756,74.25,5.727500000000001,0.0,1.0,0.0,0.0,0.0,1.0,1.0,1.0,True,DATA-09,False,public-derived-contiguous-slice
5630930,2020-04-18 01:36:20,8.912,8.76,-0.0079999999999991,2.007999999999999,8.764,74.15,5.782499999999999,0.0,1.0,0.0,0.0,0.0,1.0,1.0,1.0,True,DATA-09,False,public-derived-contiguous-slice
5630940,2020-04-18 01:36:30,6.385999999999999,8.764,-0.009999999999998,1.2400000000000002,8.766,74.25,5.0975,0.0,1.0,1.0,0.0,0.0,1.0,1.0,1.0,True,DATA-09,False,public-derived-contiguous-slice
5630950,2020-04-18 01:36:40,8.334,8.744,-0.009999999999998,1.8360000000000003,8.744,74.25,5.657499999999999,0.0,1.0,1.0,0.0,0.0,1.0,1.0,1.0,True,DATA-09,False,public-derived-contiguous-slice
5630960,2020-04-18 01:36:50,8.934,8.736,-0.009999999999998,2.014,8.738,74.50000000000001,5.657499999999999,0.0,1.0,1.0,0.0,0.0,1.0,1.0,1.0,True,DATA-09,False,public-derived-contiguous-slice
5630970,2020-04-18 01:37:00,8.944,8.75,-0.0079999999999991,2.016,8.752,74.325,5.674999999999999,0.0,1.0,1.0,0.0,0.0,1.0,1.0,1.0,True,DATA-09,False,public-derived-contiguous-slice
5630980,2020-04-18 01:37:09,8.95,8.762,-0.009999999999998,2.0180000000000007,8.764,74.15,5.807500000000001,0.0,1.0,1.0,0.0,0.0,1.0,1.0,1.0,True,DATA-09,False,public-derived-contiguous-slice
5630990,2020-04-18 01:37:19,8.96,8.772,-0.009999999999998,2.02,8.774,74.125,5.6975,0.0,1.0,1.0,0.0,0.0,1.0,1.0,1.0,True,DATA-09,False,public-derived-contiguous-slice
5631000,2020-04-18 01:37:29,6.1080000000000005,8.776,-0.009999999999998,1.17,8.778,74.15,5.1175,0.0,1.0,0.0,0.0,0.0,1.0,1.0,1.0,True,DATA-09,False,public-derived-contiguous-slice
5631010,2020-04-18 01:37:39,8.014,8.758,-0.009999999999998,1.7379999999999995,8.758,74.25,5.447500000000002,0.0,1.0,0.0,0.0,0.0,1.0,1.0,1.0,True,DATA-09,False,public-derived-contiguous-slice
5631020,2020-04-18 01:37:49,8.892,8.738,-0.0079999999999991,1.998000000000001,8.74,74.64999999999999,5.634999999999998,0.0,1.0,0.0,0.0,0.0,1.0,1.0,1.0,True,DATA-09,False,public-derived-contiguous-slice
5631030,2020-04-18 01:37:59,8.904,8.746,-0.009999999999998,2.004,8.748,74.52499999999999,5.649999999999999,0.0,1.0,0.0,0.0,0.0,1.0,1.0,1.0,True,DATA-09,False,public-derived-contiguous-slice
5631040,2020-04-18 01:38:09,8.906,8.754,-0.009999999999998,2.006,8.756,74.35000000000001,5.734999999999999,0.0,1.0,0.0,0.0,0.0,1.0,1.0,1.0,True,DATA-09,False,public-derived-contiguous-slice
5631050,2020-04-18 01:38:19,8.912,8.76,-0.009999999999998,2.01,8.764,74.25,5.654999999999999,0.0,1.0,0.0,0.0,0.0,1.0,1.0,1.0,True,DATA-09,False,public-derived-contiguous-slice
5631060,2020-04-18 01:38:29,6.614000000000001,8.762,-0.009999999999998,1.3079999999999998,8.766,74.325,5.2225,0.0,1.0,1.0,0.0,0.0,1.0,1.0,1.0,True,DATA-09,False,public-derived-contiguous-slice
5631070,2020-04-18 01:38:39,8.31,8.742,-0.009999999999998,1.828,8.744,74.25,5.647500000000001,0.0,1.0,1.0,0.0,0.0,1.0,1.0,1.0,True,DATA-09,False,public-derived-contiguous-slice
5631080,2020-04-18 01:38:49,8.934,8.734,-0.009999999999998,2.014,8.736,74.55000000000001,5.717499999999999,0.0,1.0,1.0,0.0,0.0,1.0,1.0,1.0,True,DATA-09,False,public-derived-contiguous-slice
5631090,2020-04-18 01:38:58,8.942,8.748,-0.009999999999998,2.016,8.752,74.25,5.6625,0.0,1.0,1.0,0.0,0.0,1.0,1.0,1.0,True,DATA-09,False,public-derived-contiguous-slice
5631100,2020-04-18 01:39:08,8.946,8.76,-0.009999999999998,2.016,8.762,74.25,5.754999999999999,0.0,1.0,1.0,0.0,0.0,1.0,1.0,1.0,True,DATA-09,False,public-derived-contiguous-slice
5631110,2020-04-18 01:39:18,8.958,8.772,-0.009999999999998,2.022,8.772,74.15,5.800000000000001,0.0,1.0,1.0,0.0,0.0,1.0,1.0,1.0,True,DATA-09,False,public-derived-contiguous-slice
5631120,2020-04-18 01:39:28,6.272,8.772,-0.009999999999998,1.2279999999999998,8.776,74.125,5.115,0.0,1.0,0.0,0.0,0.0,1.0,1.0,1.0,True,DATA-09,False,public-derived-contiguous-slice
5631130,2020-04-18 01:39:38,8.082,8.754,-0.009999999999998,1.7599999999999998,8.756,74.35000000000001,5.5975,0.0,1.0,0.0,0.0,0.0,1.0,1.0,1.0,True,DATA-09,False,public-derived-contiguous-slice
5631140,2020-04-18 01:39:48,8.896,8.736,-0.0079999999999991,2.0,8.738,74.6,5.7125,0.0,1.0,0.0,0.0,0.0,1.0,1.0,1.0,True,DATA-09,False,public-derived-contiguous-slice
5631150,2020-04-18 01:39:58,8.9,8.744,-0.009999999999998,2.001999999999999,8.746,74.55000000000001,5.654999999999999,0.0,1.0,0.0,0.0,0.0,1.0,1.0,1.0,True,DATA-09,False,public-derived-contiguous-slice
5631160,2020-04-18 01:40:08,8.906,8.752,-0.009999999999998,2.006,8.754,74.325,5.797499999999999,0.0,1.0,0.0,0.0,0.0,1.0,1.0,1.0,True,DATA-09,False,public-derived-contiguous-slice
5631170,2020-04-18 01:40:18,8.908,8.76,-0.0079999999999991,2.01,8.762,74.2,5.6625,0.0,1.0,0.0,0.0,0.0,1.0,1.0,1.0,True,DATA-09,False,public-derived-contiguous-slice
5631180,2020-04-18 01:40:28,6.779999999999999,8.76,-0.009999999999998,1.379999999999999,8.76,74.22500000000001,5.32,0.0,1.0,1.0,0.0,0.0,1.0,1.0,1.0,True,DATA-09,False,public-derived-contiguous-slice
5631190,2020-04-18 01:40:38,8.382,8.74,-0.009999999999998,1.85,8.744,74.37499999999999,5.512499999999999,0.0,1.0,1.0,0.0,0.0,1.0,1.0,1.0,True,DATA-09,False,public-derived-contiguous-slice
5631200,2020-04-18 01:40:47,8.93,8.732,-0.0079999999999991,2.014,8.734,74.52499999999999,5.789999999999999,0.0,1.0,1.0,0.0,0.0,1.0,1.0,1.0,True,DATA-09,False,public-derived-contiguous-slice
5631210,2020-04-18 01:40:57,8.936,8.746,-0.009999999999998,2.0120000000000005,8.748,74.35000000000001,5.720000000000001,0.0,1.0,1.0,0.0,0.0,1.0,1.0,1.0,True,DATA-09,False,public-derived-contiguous-slice
5631220,2020-04-18 01:41:07,8.948,8.758,-0.009999999999998,2.016,8.76,74.25,5.805,0.0,1.0,1.0,0.0,0.0,1.0,1.0,1.0,True,DATA-09,False,public-derived-contiguous-slice
5631230,2020-04-18 01:41:17,8.956,8.768,-0.009999999999998,2.022,8.77,74.25,5.6675,0.0,1.0,1.0,0.0,0.0,1.0,1.0,1.0,True,DATA-09,False,public-derived-contiguous-slice
5631240,2020-04-18 01:41:27,6.478,8.768,-0.0079999999999991,1.3200000000000005,8.77,74.25,5.272500000000001,0.0,1.0,0.0,0.0,0.0,1.0,1.0,1.0,True,DATA-09,False,public-derived-contiguous-slice
5631250,2020-04-18 01:41:37,8.162,8.75,-0.0079999999999991,1.782,8.752,74.35000000000001,5.5625,0.0,1.0,0.0,0.0,0.0,1.0,1.0,1.0,True,DATA-09,False,public-derived-contiguous-slice
5631260,2020-04-18 01:41:47,8.894,8.734,-0.009999999999998,2.0,8.736,74.64999999999999,5.629999999999999,0.0,1.0,0.0,0.0,0.0,1.0,1.0,1.0,True,DATA-09,False,public-derived-contiguous-slice
5631270,2020-04-18 01:41:57,8.898,8.744,-0.009999999999998,2.001999999999999,8.746,74.47500000000001,5.694999999999999,0.0,1.0,0.0,0.0,0.0,1.0,1.0,1.0,True,DATA-09,False,public-derived-contiguous-slice
5631280,2020-04-18 01:42:07,8.902,8.752,-0.0079999999999991,2.004,8.754,74.325,5.6875,0.0,1.0,0.0,0.0,0.0,1.0,1.0,1.0,True,DATA-09,False,public-derived-contiguous-slice
5631290,2020-04-18 01:42:17,8.908,8.758,-0.009999999999998,2.007999999999999,8.76,74.22500000000001,5.817499999999999,0.0,1.0,0.0,0.0,0.0,1.0,1.0,1.0,True,DATA-09,False,public-derived-contiguous-slice
5631300,2020-04-18 01:42:27,6.768000000000001,8.756,-0.009999999999998,1.379999999999999,8.758,74.025,5.2125,0.0,1.0,1.0,0.0,0.0,1.0,1.0,1.0,True,DATA-09,False,public-derived-contiguous-slice
5631310,2020-04-18 01:42:37,8.47,8.736,-0.0079999999999991,1.872,8.738,74.25,5.647500000000001,0.0,1.0,1.0,0.0,0.0,1.0,1.0,1.0,True,DATA-09,False,public-derived-contiguous-slice
5631320,2020-04-18 01:42:46,8.93,8.734,-0.0079999999999991,2.01,8.736,74.44999999999999,5.637499999999999,0.0,1.0,1.0,0.0,0.0,1.0,1.0,1.0,True,DATA-09,False,public-derived-contiguous-slice
5631330,2020-04-18 01:42:56,8.938,8.748,-0.0079999999999991,2.016,8.748,74.44999999999999,5.657499999999999,0.0,1.0,1.0,0.0,0.0,1.0,1.0,1.0,True,DATA-09,False,public-derived-contiguous-slice
5631340,2020-04-18 01:43:06,8.946,8.758,-0.009999999999998,2.016,8.762,74.15,5.8225,0.0,1.0,1.0,0.0,0.0,1.0,1.0,1.0,True,DATA-09,False,public-derived-contiguous-slice
5631350,2020-04-18 01:43:16,8.954,8.77,-0.009999999999998,2.022,8.772,74.15,5.6325,0.0,1.0,1.0,0.0,0.0,1.0,1.0,1.0,True,DATA-09,False,public-derived-contiguous-slice
5631360,2020-04-18 01:43:26,6.513999999999999,8.768,-0.009999999999998,1.3120000000000012,8.768,74.2,5.199999999999999,0.0,1.0,0.0,0.0,0.0,1.0,1.0,1.0,True,DATA-09,False,public-derived-contiguous-slice
5631370,2020-04-18 01:43:36,8.182,8.75,-0.0079999999999991,1.7880000000000005,8.75,74.25,5.512499999999999,0.0,1.0,0.0,0.0,0.0,1.0,1.0,1.0,True,DATA-09,False,public-derived-contiguous-slice
5631380,2020-04-18 01:43:46,8.896,8.736,-0.009999999999998,2.004,8.736,74.52499999999999,5.720000000000001,0.0,1.0,0.0,0.0,0.0,1.0,1.0,1.0,True,DATA-09,False,public-derived-contiguous-slice
5631390,2020-04-18 01:43:56,8.902,8.744,-0.009999999999998,2.004,8.746,74.47500000000001,5.645,0.0,1.0,0.0,0.0,0.0,1.0,1.0,1.0,True,DATA-09,False,public-derived-contiguous-slice
5631400,2020-04-18 01:44:06,8.904,8.752,-0.0079999999999991,2.004,8.754,74.175,5.772500000000001,0.0,1.0,0.0,0.0,0.0,1.0,1.0,1.0,True,DATA-09,False,public-derived-contiguous-slice
5631410,2020-04-18 01:44:16,8.91,8.758,-0.0079999999999991,2.007999999999999,8.76,74.22500000000001,5.68,0.0,1.0,0.0,0.0,0.0,1.0,1.0,1.0,True,DATA-09,False,public-derived-contiguous-slice
5631420,2020-04-18 01:44:26,7.016,8.756,-0.009999999999998,1.4600000000000009,8.756,74.10000000000001,5.380000000000001,0.0,1.0,1.0,0.0,0.0,1.0,1.0,1.0,True,DATA-09,False,public-derived-contiguous-slice
5631430,2020-04-18 01:44:36,8.484,8.738,-0.0079999999999991,1.879999999999999,8.738,74.25,5.595000000000001,0.0,1.0,1.0,0.0,0.0,1.0,1.0,1.0,True,DATA-09,False,public-derived-contiguous-slice
5631440,2020-04-18 01:44:45,8.932,8.734,-0.0079999999999991,2.01,8.736,74.35000000000001,5.68,0.0,1.0,1.0,0.0,0.0,1.0,1.0,1.0,True,DATA-09,False,public-derived-contiguous-slice
5631450,2020-04-18 01:44:55,8.942,8.75,-0.0079999999999991,2.016,8.75,74.275,5.68,0.0,1.0,1.0,0.0,0.0,1.0,1.0,1.0,True,DATA-09,False,public-derived-contiguous-slice
5631460,2020-04-18 01:45:05,8.946,8.76,-0.009999999999998,2.0180000000000007,8.76,74.175,5.709999999999999,0.0,1.0,1.0,0.0,0.0,1.0,1.0,1.0,True,DATA-09,False,public-derived-contiguous-slice
5631470,2020-04-18 01:45:15,8.956,8.77,-0.009999999999998,2.022,8.77,74.15,5.8225,0.0,1.0,1.0,0.0,0.0,1.0,1.0,1.0,True,DATA-09,False,public-derived-contiguous-slice
5631480,2020-04-18 01:45:25,6.776,8.766,-0.009999999999998,1.3859999999999992,8.768,74.15,5.280000000000001,0.0,1.0,0.0,0.0,0.0,1.0,1.0,1.0,True,DATA-09,False,public-derived-contiguous-slice
5631490,2020-04-18 01:45:35,8.288,8.748,-0.0079999999999991,1.8200000000000005,8.748,74.22500000000001,5.5725,0.0,1.0,0.0,0.0,0.0,1.0,1.0,1.0,True,DATA-09,False,public-derived-contiguous-slice
5631500,2020-04-18 01:45:45,8.894,8.736,-0.009999999999998,2.0,8.736,74.325,5.637499999999999,0.0,1.0,0.0,0.0,0.0,1.0,1.0,1.0,True,DATA-09,False,public-derived-contiguous-slice
5631510,2020-04-18 01:45:55,8.902,8.744,-0.009999999999998,2.0,8.746,74.25,5.634999999999998,0.0,1.0,0.0,0.0,0.0,1.0,1.0,1.0,True,DATA-09,False,public-derived-contiguous-slice
5631520,2020-04-18 01:46:05,8.906,8.75,-0.009999999999998,2.006,8.752,74.2,5.800000000000001,0.0,1.0,0.0,0.0,0.0,1.0,1.0,1.0,True,DATA-09,False,public-derived-contiguous-slice
5631530,2020-04-18 01:46:15,8.908,8.758,-0.009999999999998,2.007999999999999,8.76,74.10000000000001,5.6850000000000005,0.0,1.0,0.0,0.0,0.0,1.0,1.0,1.0,True,DATA-09,False,public-derived-contiguous-slice
5631540,2020-04-18 01:46:25,7.0120000000000005,8.756,-0.009999999999998,1.4559999999999995,8.758,74.15,5.280000000000001,0.0,1.0,1.0,0.0,0.0,1.0,1.0,1.0,True,DATA-09,False,public-derived-contiguous-slice
5631550,2020-04-18 01:46:35,8.566,8.736,-0.0079999999999991,1.9000000000000004,8.736,74.325,5.545,0.0,1.0,1.0,0.0,0.0,1.0,1.0,1.0,True,DATA-09,False,public-derived-contiguous-slice
5631560,2020-04-18 01:46:45,8.928,8.734,-0.009999999999998,2.01,8.734,74.55000000000001,5.809999999999999,0.0,1.0,1.0,0.0,0.0,1.0,1.0,1.0,True,DATA-09,False,public-derived-contiguous-slice
5631570,2020-04-18 01:46:54,8.936,8.746,-0.0079999999999991,2.0120000000000005,8.748,74.25,5.702499999999999,0.0,1.0,1.0,0.0,0.0,1.0,1.0,1.0,True,DATA-09,False,public-derived-contiguous-slice
5631580,2020-04-18 01:47:04,8.948,8.758,-0.009999999999998,2.0180000000000007,8.76,74.125,5.772500000000001,0.0,1.0,1.0,0.0,0.0,1.0,1.0,1.0,True,DATA-09,False,public-derived-contiguous-slice
5631590,2020-04-18 01:47:14,8.958,8.77,-0.009999999999998,2.022,8.77,74.15,5.645,0.0,1.0,1.0,0.0,0.0,1.0,1.0,1.0,True,DATA-09,False,public-derived-contiguous-slice
5631600,2020-04-18 01:47:24,6.766,8.764,-0.009999999999998,1.3859999999999992,8.764,74.22500000000001,5.287500000000001,0.0,1.0,0.0,0.0,0.0,1.0,1.0,1.0,True,DATA-09,False,public-derived-contiguous-slice
5631610,2020-04-18 01:47:34,8.296,8.746,-0.0079999999999991,1.8219999999999992,8.746,74.275,5.565,0.0,1.0,0.0,0.0,0.0,1.0,1.0,1.0,True,DATA-09,False,public-derived-contiguous-slice
5631620,2020-04-18 01:47:44,8.896,8.734,-0.009999999999998,1.998000000000001,8.736,74.4,5.7425,0.0,1.0,0.0,0.0,0.0,1.0,1.0,1.0,True,DATA-09,False,public-derived-contiguous-slice
5631630,2020-04-18 01:47:54,8.898,8.744,-0.0079999999999991,2.001999999999999,8.746,74.275,5.647500000000001,0.0,1.0,0.0,0.0,0.0,1.0,1.0,1.0,True,DATA-09,False,public-derived-contiguous-slice
5631640,2020-04-18 01:48:04,8.904,8.75,-0.0079999999999991,2.004,8.752,74.125,5.7475000000000005,0.0,1.0,0.0,0.0,0.0,1.0,1.0,1.0,True,DATA-09,False,public-derived-contiguous-slice
5631650,2020-04-18 01:48:14,8.91,8.758,-0.009999999999998,2.007999999999999,8.758,74.025,5.760000000000002,0.0,1.0,0.0,0.0,0.0,1.0,1.0,1.0,True,DATA-09,False,public-derived-contiguous-slice
5631660,2020-04-18 01:48:24,7.226000000000001,8.75,-0.0079999999999991,1.5120000000000005,8.754,74.125,5.352499999999999,0.0,1.0,1.0,0.0,0.0,1.0,1.0,1.0,True,DATA-09,False,public-derived-contiguous-slice
5631670,2020-04-18 01:48:34,8.576,8.734,-0.009999999999998,1.904,8.736,74.25,5.66,0.0,1.0,1.0,0.0,0.0,1.0,1.0,1.0,True,DATA-09,False,public-derived-contiguous-slice
5631680,2020-04-18 01:48:44,8.932,8.736,-0.0079999999999991,2.014,8.736,74.35000000000001,5.7575,0.0,1.0,1.0,0.0,0.0,1.0,1.0,1.0,True,DATA-09,False,public-derived-contiguous-slice
5631690,2020-04-18 01:48:53,8.94,8.748,-0.009999999999998,2.014,8.75,74.25,5.649999999999999,0.0,1.0,1.0,0.0,0.0,1.0,1.0,1.0,True,DATA-09,False,public-derived-contiguous-slice
5631700,2020-04-18 01:49:03,8.948,8.758,-0.009999999999998,2.016,8.76,74.15,5.7775,0.0,1.0,1.0,0.0,0.0,1.0,1.0,1.0,True,DATA-09,False,public-derived-contiguous-slice
5631710,2020-04-18 01:49:13,8.956,8.768,-0.009999999999998,2.022,8.772,74.22500000000001,5.647500000000001,0.0,1.0,1.0,0.0,0.0,1.0,1.0,1.0,True,DATA-09,False,public-derived-contiguous-slice
5631720,2020-04-18 01:49:23,6.986000000000001,8.762,-0.0079999999999991,1.4499999999999993,8.764,74.25,5.352499999999999,0.0,1.0,0.0,0.0,0.0,1.0,1.0,1.0,True,DATA-09,False,public-derived-contiguous-slice
5631730,2020-04-18 01:49:33,8.378,8.744,-0.009999999999998,1.85,8.746,74.325,5.512499999999999,0.0,1.0,0.0,0.0,0.0,1.0,1.0,1.0,True,DATA-09,False,public-derived-contiguous-slice
5631740,2020-04-18 01:49:43,8.896,8.734,-0.0079999999999991,2.0,8.736,74.52499999999999,5.760000000000002,0.0,1.0,0.0,0.0,0.0,1.0,1.0,1.0,True,DATA-09,False,public-derived-contiguous-slice
5631750,2020-04-18 01:49:53,8.9,8.744,-0.0079999999999991,2.001999999999999,8.744,74.42500000000001,5.637499999999999,0.0,1.0,0.0,0.0,0.0,1.0,1.0,1.0,True,DATA-09,False,public-derived-contiguous-slice
5631760,2020-04-18 01:50:03,8.904,8.75,-0.0079999999999991,2.006,8.754,74.37499999999999,5.68,0.0,1.0,0.0,0.0,0.0,1.0,1.0,1.0,True,DATA-09,False,public-derived-contiguous-slice
5631770,2020-04-18 01:50:13,8.908,8.756,-0.009999999999998,2.007999999999999,8.758,74.275,5.707500000000001,0.0,1.0,0.0,0.0,0.0,1.0,1.0,1.0,True,DATA-09,False,public-derived-contiguous-slice
5631780,2020-04-18 01:50:23,7.247999999999999,8.75,-0.009999999999998,1.5259999999999998,8.754,74.25,5.3675,0.0,1.0,1.0,0.0,0.0,1.0,1.0,1.0,True,DATA-09,False,public-derived-contiguous-slice
5631790,2020-04-18 01:50:33,8.67,8.732,-0.009999999999998,1.93,8.734,74.44999999999999,5.602499999999999,0.0,1.0,1.0,0.0,0.0,1.0,1.0,1.0,True,DATA-09,False,public-derived-contiguous-slice
5631800,2020-04-18 01:50:43,8.934,8.736,-0.0079999999999991,2.01,8.736,74.44999999999999,5.794999999999998,0.0,1.0,1.0,0.0,0.0,1.0,1.0,1.0,True,DATA-09,False,public-derived-contiguous-slice
5631810,2020-04-18 01:50:52,8.938,8.75,-0.0079999999999991,2.014,8.75,74.35000000000001,5.7125,0.0,1.0,1.0,0.0,0.0,1.0,1.0,1.0,True,DATA-09,False,public-derived-contiguous-slice
5631820,2020-04-18 01:51:02,8.946,8.764,-0.0079999999999991,2.0180000000000007,8.762,74.15,5.694999999999999,0.0,1.0,1.0,0.0,0.0,1.0,1.0,1.0,True,DATA-09,False,public-derived-contiguous-slice
5631830,2020-04-18 01:51:12,8.958,8.772,-0.009999999999998,2.022,8.774,74.125,5.700000000000001,0.0,1.0,1.0,0.0,0.0,1.0,1.0,1.0,True,DATA-09,False,public-derived-contiguous-slice
5631840,2020-04-18 01:51:22,6.981999999999999,8.764,-0.0079999999999991,1.4459999999999995,8.764,74.15,5.355,0.0,1.0,0.0,0.0,0.0,1.0,1.0,1.0,True,DATA-09,False,public-derived-contiguous-slice
5631850,2020-04-18 01:51:32,8.47,8.744,-0.0079999999999991,1.870000000000001,8.744,74.325,5.5725,0.0,1.0,0.0,0.0,0.0,1.0,1.0,1.0,True,DATA-09,False,public-derived-contiguous-slice
5631860,2020-04-18 01:51:42,8.894,8.736,-0.009999999999998,1.998000000000001,8.736,74.57499999999999,5.785,0.0,1.0,0.0,0.0,0.0,1.0,1.0,1.0,True,DATA-09,False,public-derived-contiguous-slice
5631870,2020-04-18 01:51:52,8.902,8.746,-0.009999999999998,2.004,8.746,74.50000000000001,5.642499999999998,0.0,1.0,0.0,0.0,0.0,1.0,1.0,1.0,True,DATA-09,False,public-derived-contiguous-slice
5631880,2020-04-18 01:52:02,8.904,8.754,-0.009999999999998,2.001999999999999,8.754,74.22500000000001,5.649999999999999,0.0,1.0,0.0,0.0,0.0,1.0,1.0,1.0,True,DATA-09,False,public-derived-contiguous-slice
5631890,2020-04-18 01:52:12,8.908,8.76,-0.009999999999998,2.007999999999999,8.76,74.15,5.817499999999999,0.0,1.0,0.0,0.0,0.0,1.0,1.0,1.0,True,DATA-09,False,public-derived-contiguous-slice
5631900,2020-04-18 01:52:22,7.41,8.75,-0.0079999999999991,1.58,8.752,74.25,5.342499999999999,0.0,1.0,1.0,0.0,0.0,1.0,1.0,1.0,True,DATA-09,False,public-derived-contiguous-slice
5631910,2020-04-18 01:52:32,8.658,8.734,-0.009999999999998,1.9280000000000008,8.734,74.35000000000001,5.6525,0.0,1.0,1.0,0.0,0.0,1.0,1.0,1.0,True,DATA-09,False,public-derived-contiguous-slice
5631920,2020-04-18 01:52:42,8.932,8.736,-0.009999999999998,2.0120000000000005,8.736,74.47500000000001,5.664999999999999,0.0,1.0,1.0,0.0,0.0,1.0,1.0,1.0,True,DATA-09,False,public-derived-contiguous-slice
5631930,2020-04-18 01:52:51,8.942,8.75,-0.009999999999998,2.016,8.752,74.42500000000001,5.692500000000001,0.0,1.0,1.0,0.0,0.0,1.0,1.0,1.0,True,DATA-09,False,public-derived-contiguous-slice
5631940,2020-04-18 01:53:01,8.946,8.764,-0.0079999999999991,2.02,8.764,74.2,5.727500000000001,0.0,1.0,1.0,0.0,0.0,1.0,1.0,1.0,True,DATA-09,False,public-derived-contiguous-slice
5631950,2020-04-18 01:53:11,8.958,8.774,-0.0079999999999991,2.02,8.774,74.125,5.809999999999999,0.0,1.0,1.0,0.0,0.0,1.0,1.0,1.0,True,DATA-09,False,public-derived-contiguous-slice
5631960,2020-04-18 01:53:21,7.122,8.762,-0.009999999999998,1.4800000000000004,8.764,74.125,5.26,0.0,1.0,0.0,0.0,0.0,1.0,1.0,1.0,True,DATA-09,False,public-derived-contiguous-slice
5631970,2020-04-18 01:53:31,8.446,8.746,-0.0079999999999991,1.8640000000000008,8.746,74.35000000000001,5.59,0.0,1.0,0.0,0.0,0.0,1.0,1.0,1.0,True,DATA-09,False,public-derived-contiguous-slice
5631980,2020-04-18 01:53:41,8.896,8.738,-0.0079999999999991,2.0,8.738,74.64999999999999,5.707500000000001,0.0,1.0,0.0,0.0,0.0,1.0,1.0,1.0,True,DATA-09,False,public-derived-contiguous-slice
5631990,2020-04-18 01:53:51,8.902,8.748,-0.009999999999998,2.004,8.748,74.44999999999999,5.8125,0.0,1.0,0.0,0.0,0.0,1.0,1.0,1.0,True,DATA-09,False,public-derived-contiguous-slice
5632000,2020-04-18 01:54:01,8.904,8.754,-0.009999999999998,2.006,8.756,74.22500000000001,5.674999999999999,0.0,1.0,0.0,0.0,0.0,1.0,1.0,1.0,True,DATA-09,False,public-derived-contiguous-slice
5632010,2020-04-18 01:54:11,8.91,8.762,-0.0079999999999991,2.007999999999999,8.764,74.25,5.6525,0.0,1.0,0.0,0.0,0.0,1.0,1.0,1.0,True,DATA-09,False,public-derived-contiguous-slice
5632020,2020-04-18 01:54:21,7.507999999999999,8.75,-0.009999999999998,1.6039999999999992,8.754,74.22500000000001,5.382499999999999,0.0,1.0,1.0,0.0,0.0,1.0,1.0,1.0,True,DATA-09,False,public-derived-contiguous-slice
5632030,2020-04-18 01:54:31,8.704,8.732,-0.009999999999998,1.942,8.734,74.35000000000001,5.68,0.0,1.0,1.0,0.0,0.0,1.0,1.0,1.0,True,DATA-09,False,public-derived-contiguous-slice
5632040,2020-04-18 01:54:41,8.936,8.74,-0.0079999999999991,2.01,8.74,74.42500000000001,5.654999999999999,0.0,1.0,1.0,0.0,0.0,1.0,1.0,1.0,True,DATA-09,False,public-derived-contiguous-slice
5632050,2020-04-18 01:54:51,8.942,8.752,-0.0079999999999991,2.016,8.754,74.25,5.807500000000001,0.0,1.0,1.0,0.0,0.0,1.0,1.0,1.0,True,DATA-09,False,public-derived-contiguous-slice
5632060,2020-04-18 01:55:00,8.948,8.762,-0.009999999999998,2.0180000000000007,8.764,74.125,5.694999999999999,0.0,1.0,1.0,0.0,0.0,1.0,1.0,1.0,True,DATA-09,False,public-derived-contiguous-slice
5632070,2020-04-18 01:55:10,8.96,8.774,-0.0079999999999991,2.022,8.776,74.15,5.8225,0.0,1.0,1.0,0.0,0.0,1.0,1.0,1.0,True,DATA-09,False,public-derived-contiguous-slice
5632080,2020-04-18 01:55:20,7.279999999999999,8.762,-0.0079999999999991,1.5259999999999998,8.762,74.175,5.26,0.0,1.0,0.0,0.0,0.0,1.0,1.0,1.0,True,DATA-09,False,public-derived-contiguous-slice
5632090,2020-04-18 01:55:30,8.524,8.742,-0.0060000000000002,1.8900000000000008,8.744,74.325,5.674999999999999,0.0,1.0,0.0,0.0,0.0,1.0,1.0,1.0,True,DATA-09,False,public-derived-contiguous-slice
5632100,2020-04-18 01:55:40,8.896,8.738,-0.009999999999998,2.0,8.738,74.44999999999999,5.654999999999999,0.0,1.0,0.0,0.0,0.0,1.0,1.0,1.0,True,DATA-09,False,public-derived-contiguous-slice
5632110,2020-04-18 01:55:50,8.898,8.746,-0.009999999999998,2.0,8.748,74.35000000000001,5.67,0.0,1.0,0.0,0.0,0.0,1.0,1.0,1.0,True,DATA-09,False,public-derived-contiguous-slice
5632120,2020-04-18 01:56:00,8.904,8.754,-0.0079999999999991,2.004,8.756,74.125,5.725,0.0,1.0,0.0,0.0,0.0,1.0,1.0,1.0,True,DATA-09,False,public-derived-contiguous-slice
5632130,2020-04-18 01:56:10,8.912,8.76,-0.009999999999998,2.007999999999999,8.762,74.22500000000001,5.772500000000001,0.0,1.0,0.0,0.0,0.0,1.0,1.0,1.0,True,DATA-09,False,public-derived-contiguous-slice
5632140,2020-04-18 01:56:20,7.67,8.748,-0.0079999999999991,1.644,8.752,74.22500000000001,5.385,0.0,1.0,1.0,0.0,0.0,1.0,1.0,1.0,True,DATA-09,False,public-derived-contiguous-slice
5632150,2020-04-18 01:56:30,8.784,8.73,-0.009999999999998,1.968,8.732,74.4,5.77,0.0,1.0,1.0,0.0,0.0,1.0,1.0,1.0,True,DATA-09,False,public-derived-contiguous-slice
5632160,2020-04-18 01:56:40,8.936,8.738,-0.0079999999999991,2.0120000000000005,8.74,74.52499999999999,5.66,0.0,1.0,1.0,0.0,0.0,1.0,1.0,1.0,True,DATA-09,False,public-derived-contiguous-slice
5632170,2020-04-18 01:56:50,8.942,8.75,-0.009999999999998,2.014,8.752,74.44999999999999,5.772500000000001,0.0,1.0,1.0,0.0,0.0,1.0,1.0,1.0,True,DATA-09,False,public-derived-contiguous-slice
5632180,2020-04-18 01:56:59,8.948,8.762,-0.009999999999998,2.016,8.766,74.22500000000001,5.809999999999999,0.0,1.0,1.0,0.0,0.0,1.0,1.0,1.0,True,DATA-09,False,public-derived-contiguous-slice
5632190,2020-04-18 01:57:09,8.958,8.772,-0.009999999999998,2.022,8.774,74.25,5.674999999999999,0.0,1.0,1.0,0.0,0.0,1.0,1.0,1.0,True,DATA-09,False,public-derived-contiguous-slice
5632200,2020-04-18 01:57:19,7.286,8.76,-0.009999999999998,1.524000000000001,8.76,74.275,5.35,0.0,1.0,0.0,0.0,0.0,1.0,1.0,1.0,True,DATA-09,False,public-derived-contiguous-slice
5632210,2020-04-18 01:57:29,8.588,8.74,-0.009999999999998,1.9059999999999988,8.74,74.57499999999999,5.707500000000001,0.0,1.0,0.0,0.0,0.0,1.0,1.0,1.0,True,DATA-09,False,public-derived-contiguous-slice
5632220,2020-04-18 01:57:39,8.896,8.736,-0.0079999999999991,2.0,8.74,74.6,5.74,0.0,1.0,0.0,0.0,0.0,1.0,1.0,1.0,True,DATA-09,False,public-derived-contiguous-slice
5632230,2020-04-18 01:57:49,8.898,8.746,-0.009999999999998,2.001999999999999,8.746,74.35000000000001,5.67,0.0,1.0,0.0,0.0,0.0,1.0,1.0,1.0,True,DATA-09,False,public-derived-contiguous-slice
5632240,2020-04-18 01:57:59,8.906,8.752,-0.009999999999998,2.004,8.756,74.25,5.6875,0.0,1.0,0.0,0.0,0.0,1.0,1.0,1.0,True,DATA-09,False,public-derived-contiguous-slice
5632250,2020-04-18 01:58:09,8.91,8.76,-0.0079999999999991,2.006,8.762,74.15,5.815,0.0,1.0,0.0,0.0,0.0,1.0,1.0,1.0,True,DATA-09,False,public-derived-contiguous-slice
5632260,2020-04-18 01:58:19,7.635999999999999,8.748,-0.0079999999999991,1.629999999999999,8.75,74.2,5.375,0.0,1.0,1.0,0.0,0.0,1.0,1.0,1.0,True,DATA-09,False,public-derived-contiguous-slice
5632270,2020-04-18 01:58:29,8.84,8.728,-0.009999999999998,1.9819999999999995,8.73,74.35000000000001,5.7425,0.0,1.0,1.0,0.0,0.0,1.0,1.0,1.0,True,DATA-09,False,public-derived-contiguous-slice
5632280,2020-04-18 01:58:39,8.936,8.738,-0.009999999999998,2.0120000000000005,8.74,74.4,5.657499999999999,0.0,1.0,1.0,0.0,0.0,1.0,1.0,1.0,True,DATA-09,False,public-derived-contiguous-slice
5632290,2020-04-18 01:58:49,8.942,8.75,-0.009999999999998,2.016,8.752,74.22500000000001,5.715,0.0,1.0,1.0,0.0,0.0,1.0,1.0,1.0,True,DATA-09,False,public-derived-contiguous-slice
5632300,2020-04-18 01:58:58,8.948,8.762,-0.009999999999998,2.0180000000000007,8.764,74.275,5.73,0.0,1.0,1.0,0.0,0.0,1.0,1.0,1.0,True,DATA-09,False,public-derived-contiguous-slice
5632310,2020-04-18 01:59:08,8.956,8.774,-0.0079999999999991,2.024000000000001,8.774,74.25,5.809999999999999,0.0,1.0,1.0,0.0,0.0,1.0,1.0,1.0,True,DATA-09,False,public-derived-contiguous-slice
5632320,2020-04-18 01:59:18,7.406000000000001,8.758,-0.009999999999998,1.5579999999999998,8.76,74.25,5.324999999999999,0.0,1.0,0.0,0.0,0.0,1.0,1.0,1.0,True,DATA-09,False,public-derived-contiguous-slice
5632330,2020-04-18 01:59:28,8.584,8.738,-0.0079999999999991,1.9080000000000013,8.742,74.35000000000001,5.640000000000001,0.0,1.0,0.0,0.0,0.0,1.0,1.0,1.0,True,DATA-09,False,public-derived-contiguous-slice
5632340,2020-04-18 01:59:38,8.898,8.738,-0.0079999999999991,2.0,8.74,74.42500000000001,5.709999999999999,0.0,1.0,0.0,0.0,0.0,1.0,1.0,1.0,True,DATA-09,False,public-derived-contiguous-slice
5632350,2020-04-18 01:59:48,8.902,8.746,-0.009999999999998,2.001999999999999,8.748,74.47500000000001,5.69,0.0,1.0,0.0,0.0,0.0,1.0,1.0,1.0,True,DATA-09,False,public-derived-contiguous-slice
5632360,2020-04-18 01:59:58,8.9,8.752,-0.0079999999999991,2.004,8.754,74.25,5.674999999999999,0.0,1.0,0.0,0.0,0.0,1.0,1.0,1.0,True,DATA-09,False,public-derived-contiguous-slice
5632370,2020-04-18 02:00:08,8.91,8.758,-0.009999999999998,2.007999999999999,8.76,74.15,5.6525,0.0,1.0,0.0,0.0,0.0,1.0,1.0,1.0,True,DATA-09,False,public-derived-contiguous-slice
5632380,2020-04-18 02:00:18,7.776,8.748,-0.0079999999999991,1.6720000000000006,8.748,74.25,5.48,0.0,1.0,1.0,0.0,0.0,1.0,1.0,1.0,True,DATA-09,False,public-derived-contiguous-slice
5632390,2020-04-18 02:00:28,8.83,8.728,-0.009999999999998,1.978,8.728,74.42500000000001,5.709999999999999,0.0,1.0,1.0,0.0,0.0,1.0,1.0,1.0,True,DATA-09,False,public-derived-contiguous-slice
5632400,2020-04-18 02:00:38,8.936,8.738,-0.0079999999999991,2.01,8.742,74.52499999999999,5.657499999999999,0.0,1.0,1.0,0.0,0.0,1.0,1.0,1.0,True,DATA-09,False,public-derived-contiguous-slice
5632410,2020-04-18 02:00:48,8.942,8.752,-0.0079999999999991,2.016,8.754,74.44999999999999,5.77,0.0,1.0,1.0,0.0,0.0,1.0,1.0,1.0,True,DATA-09,False,public-derived-contiguous-slice
5632420,2020-04-18 02:00:57,8.95,8.764,-0.0079999999999991,2.0180000000000007,8.766,74.35000000000001,5.73,0.0,1.0,1.0,0.0,0.0,1.0,1.0,1.0,True,DATA-09,False,public-derived-contiguous-slice
5632430,2020-04-18 02:01:07,8.96,8.774,-0.0079999999999991,2.022,8.776,74.25,5.682499999999999,0.0,1.0,1.0,0.0,0.0,1.0,1.0,1.0,True,DATA-09,False,public-derived-contiguous-slice
5632440,2020-04-18 02:01:17,7.539999999999999,8.756,-0.009999999999998,1.6039999999999992,8.758,74.30000000000001,5.387500000000001,0.0,1.0,0.0,0.0,0.0,1.0,1.0,1.0,True,DATA-09,False,public-derived-contiguous-slice
5632450,2020-04-18 02:01:27,8.65,8.74,-0.0079999999999991,1.93,8.74,74.50000000000001,5.734999999999999,0.0,1.0,0.0,0.0,0.0,1.0,1.0,1.0,True,DATA-09,False,public-derived-contiguous-slice
5632460,2020-04-18 02:01:37,8.898,8.738,-0.009999999999998,2.0,8.738,74.62500000000001,5.6625,0.0,1.0,0.0,0.0,0.0,1.0,1.0,1.0,True,DATA-09,False,public-derived-contiguous-slice
5632470,2020-04-18 02:01:47,8.9,8.746,-0.009999999999998,2.001999999999999,8.75,74.44999999999999,5.692500000000001,0.0,1.0,0.0,0.0,0.0,1.0,1.0,1.0,True,DATA-09,False,public-derived-contiguous-slice
5632480,2020-04-18 02:01:57,8.9,8.752,-0.009999999999998,2.004,8.756,74.25,5.77,0.0,1.0,0.0,0.0,0.0,1.0,1.0,1.0,True,DATA-09,False,public-derived-contiguous-slice
5632490,2020-04-18 02:02:07,8.91,8.76,-0.0079999999999991,2.007999999999999,8.762,74.30000000000001,5.672499999999999,0.0,1.0,0.0,0.0,0.0,1.0,1.0,1.0,True,DATA-09,False,public-derived-contiguous-slice
5632500,2020-04-18 02:02:17,7.884,8.744,-0.0079999999999991,1.7040000000000006,8.748,74.2,5.5550000000000015,0.0,1.0,1.0,0.0,0.0,1.0,1.0,1.0,True,DATA-09,False,public-derived-contiguous-slice
5632510,2020-04-18 02:02:27,8.878,8.726,-0.0079999999999991,1.9960000000000004,8.728,74.37499999999999,5.760000000000002,0.0,1.0,1.0,0.0,0.0,1.0,1.0,1.0,True,DATA-09,False,public-derived-contiguous-slice
5632520,2020-04-18 02:02:37,8.934,8.738,-0.009999999999998,2.01,8.738,74.44999999999999,5.6525,0.0,1.0,1.0,0.0,0.0,1.0,1.0,1.0,True,DATA-09,False,public-derived-contiguous-slice
5632530,2020-04-18 02:02:47,8.94,8.752,-0.0079999999999991,2.014,8.754,74.22500000000001,5.737500000000001,0.0,1.0,1.0,0.0,0.0,1.0,1.0,1.0,True,DATA-09,False,public-derived-contiguous-slice
5632540,2020-04-18 02:02:57,8.946,8.762,-0.009999999999998,2.0180000000000007,8.764,74.15,5.809999999999999,0.0,1.0,1.0,0.0,0.0,1.0,1.0,1.0,True,DATA-09,False,public-derived-contiguous-slice
5632550,2020-04-18 02:03:06,8.954,8.772,-0.0079999999999991,2.02,8.774,74.125,5.682499999999999,0.0,1.0,1.0,0.0,0.0,1.0,1.0,1.0,True,DATA-09,False,public-derived-contiguous-slice
5632560,2020-04-18 02:03:16,7.619999999999999,8.754,-0.009999999999998,1.6260000000000012,8.756,74.22500000000001,5.342499999999999,0.0,1.0,0.0,0.0,0.0,1.0,1.0,1.0,True,DATA-09,False,public-derived-contiguous-slice
5632570,2020-04-18 02:03:26,8.68,8.736,-0.009999999999998,1.936,8.736,74.44999999999999,5.715,0.0,1.0,0.0,0.0,0.0,1.0,1.0,1.0,True,DATA-09,False,public-derived-contiguous-slice
5632580,2020-04-18 02:03:36,8.896,8.734,-0.009999999999998,2.0,8.738,74.57499999999999,5.6625,0.0,1.0,0.0,0.0,0.0,1.0,1.0,1.0,True,DATA-09,False,public-derived-contiguous-slice
5632590,2020-04-18 02:03:46,8.9,8.744,-0.0079999999999991,2.004,8.746,74.42500000000001,5.7475000000000005,0.0,1.0,0.0,0.0,0.0,1.0,1.0,1.0,True,DATA-09,False,public-derived-contiguous-slice
5632600,2020-04-18 02:03:56,8.9,8.752,-0.009999999999998,2.004,8.754,74.275,5.67,0.0,1.0,0.0,0.0,0.0,1.0,1.0,1.0,True,DATA-09,False,public-derived-contiguous-slice
5632610,2020-04-18 02:04:06,8.908,8.758,-0.0079999999999991,2.006,8.76,74.22500000000001,5.754999999999999,0.0,1.0,0.0,0.0,0.0,1.0,1.0,1.0,True,DATA-09,False,public-derived-contiguous-slice
5632620,2020-04-18 02:04:16,7.960000000000001,8.74,-0.009999999999998,1.7300000000000004,8.742,74.22500000000001,5.43,0.0,1.0,1.0,0.0,0.0,1.0,1.0,1.0,True,DATA-09,False,public-derived-contiguous-slice
5632630,2020-04-18 02:04:26,8.904,8.724,-0.009999999999998,2.001999999999999,8.726,74.52499999999999,5.7425,0.0,1.0,1.0,0.0,0.0,1.0,1.0,1.0,True,DATA-09,False,public-derived-contiguous-slice
5632640,2020-04-18 02:04:36,8.934,8.738,-0.0079999999999991,2.0120000000000005,8.74,74.44999999999999,5.692500000000001,0.0,1.0,1.0,0.0,0.0,1.0,1.0,1.0,True,DATA-09,False,public-derived-contiguous-slice
5632650,2020-04-18 02:04:46,8.94,8.75,-0.009999999999998,2.014,8.752,74.175,5.745000000000001,0.0,1.0,1.0,0.0,0.0,1.0,1.0,1.0,True,DATA-09,False,public-derived-contiguous-slice
5632660,2020-04-18 02:04:56,8.946,8.762,-0.0079999999999991,2.0180000000000007,8.762,74.15,5.68,0.0,1.0,1.0,0.0,0.0,1.0,1.0,1.0,True,DATA-09,False,public-derived-contiguous-slice
5632670,2020-04-18 02:05:05,8.954,8.77,-0.009999999999998,2.02,8.772,74.25,5.772500000000001,0.0,1.0,1.0,0.0,0.0,1.0,1.0,1.0,True,DATA-09,False,public-derived-contiguous-slice
5632680,2020-04-18 02:05:15,7.747999999999999,8.75,-0.009999999999998,1.6639999999999997,8.752,74.35000000000001,5.442499999999999,0.0,1.0,0.0,0.0,0.0,1.0,1.0,1.0,True,DATA-09,False,public-derived-contiguous-slice
5632690,2020-04-18 02:05:25,8.746,8.734,-0.0079999999999991,1.9540000000000008,8.736,74.55000000000001,5.754999999999999,0.0,1.0,0.0,0.0,0.0,1.0,1.0,1.0,True,DATA-09,False,public-derived-contiguous-slice
5632700,2020-04-18 02:05:35,8.896,8.736,-0.009999999999998,1.9960000000000004,8.736,74.62500000000001,5.647500000000001,0.0,1.0,0.0,0.0,0.0,1.0,1.0,1.0,True,DATA-09,False,public-derived-contiguous-slice
5632710,2020-04-18 02:05:45,8.9,8.746,-0.009999999999998,2.001999999999999,8.748,74.42500000000001,5.782499999999999,0.0,1.0,0.0,0.0,0.0,1.0,1.0,1.0,True,DATA-09,False,public-derived-contiguous-slice
5632720,2020-04-18 02:05:55,8.902,8.752,-0.0079999999999991,2.004,8.754,74.25,5.694999999999999,0.0,1.0,0.0,0.0,0.0,1.0,1.0,1.0,True,DATA-09,False,public-derived-contiguous-slice
5632730,2020-04-18 02:06:05,8.908,8.758,-0.009999999999998,2.006,8.76,74.25,5.645,0.0,1.0,0.0,0.0,0.0,1.0,1.0,1.0,True,DATA-09,False,public-derived-contiguous-slice
5632740,2020-04-18 02:06:15,7.962,8.742,-0.009999999999998,1.7220000000000013,8.742,74.275,5.5625,0.0,1.0,1.0,0.0,0.0,1.0,1.0,1.0,True,DATA-09,False,public-derived-contiguous-slice
5632750,2020-04-18 02:06:25,8.916,8.724,-0.009999999999998,2.006,8.726,74.44999999999999,5.780000000000001,0.0,1.0,1.0,0.0,0.0,1.0,1.0,1.0,True,DATA-09,False,public-derived-contiguous-slice
5632760,2020-04-18 02:06:35,8.932,8.738,-0.009999999999998,2.01,8.738,74.42500000000001,5.709999999999999,0.0,1.0,1.0,0.0,0.0,1.0,1.0,1.0,True,DATA-09,False,public-derived-contiguous-slice
5632770,2020-04-18 02:06:45,8.938,8.748,-0.009999999999998,2.0120000000000005,8.752,74.35000000000001,5.715,0.0,1.0,1.0,0.0,0.0,1.0,1.0,1.0,True,DATA-09,False,public-derived-contiguous-slice
5632780,2020-04-18 02:06:55,8.946,8.76,-0.009999999999998,2.016,8.764,74.125,5.66,0.0,1.0,1.0,0.0,0.0,1.0,1.0,1.0,True,DATA-09,False,public-derived-contiguous-slice
5632790,2020-04-18 02:07:04,8.958,8.772,-0.009999999999998,2.022,8.772,74.15,5.74,0.0,1.0,1.0,0.0,0.0,1.0,1.0,1.0,True,DATA-09,False,public-derived-contiguous-slice
5632800,2020-04-18 02:07:14,7.754,8.75,-0.009999999999998,1.6580000000000013,8.752,74.22500000000001,5.3725000000000005,0.0,1.0,0.0,0.0,0.0,1.0,1.0,1.0,True,DATA-09,False,public-derived-contiguous-slice
5632810,2020-04-18 02:07:24,8.748,8.732,-0.009999999999998,1.9540000000000008,8.734,74.52499999999999,5.720000000000001,0.0,1.0,0.0,0.0,0.0,1.0,1.0,1.0,True,DATA-09,False,public-derived-contiguous-slice
5632820,2020-04-18 02:07:34,8.892,8.736,-0.0079999999999991,1.998000000000001,8.736,74.52499999999999,5.672499999999999,0.0,1.0,0.0,0.0,0.0,1.0,1.0,1.0,True,DATA-09,False,public-derived-contiguous-slice
5632830,2020-04-18 02:07:44,8.896,8.744,-0.009999999999998,2.001999999999999,8.746,74.275,5.715,0.0,1.0,0.0,0.0,0.0,1.0,1.0,1.0,True,DATA-09,False,public-derived-contiguous-slice
5632840,2020-04-18 02:07:54,8.896,8.75,-0.009999999999998,2.004,8.754,74.125,5.682499999999999,0.0,1.0,0.0,0.0,0.0,1.0,1.0,1.0,True,DATA-09,False,public-derived-contiguous-slice
5632850,2020-04-18 02:08:04,7.906000000000001,8.756,-0.0079999999999991,1.7880000000000005,8.758,74.10000000000001,5.58,0.0,1.0,1.0,0.0,0.0,0.0,1.0,1.0,True,DATA-09,False,public-derived-contiguous-slice
5632860,2020-04-18 02:08:14,8.076,8.738,-0.0079999999999991,1.7560000000000002,8.74,74.175,5.5175,0.0,1.0,1.0,0.0,0.0,1.0,1.0,1.0,True,DATA-09,False,public-derived-contiguous-slice
5632870,2020-04-18 02:08:24,8.918,8.724,-0.0079999999999991,2.006,8.724,74.37499999999999,5.797499999999999,0.0,1.0,1.0,0.0,0.0,1.0,1.0,1.0,True,DATA-09,False,public-derived-contiguous-slice
5632880,2020-04-18 02:08:34,8.932,8.74,-0.009999999999998,2.0120000000000005,8.74,74.325,5.6850000000000005,0.0,1.0,1.0,0.0,0.0,1.0,1.0,1.0,True,DATA-09,False,public-derived-contiguous-slice
5632890,2020-04-18 02:08:44,8.938,8.75,-0.009999999999998,2.016,8.752,74.25,5.780000000000001,0.0,1.0,1.0,0.0,0.0,1.0,1.0,1.0,True,DATA-09,False,public-derived-contiguous-slice
5632900,2020-04-18 02:08:54,8.946,8.762,-0.009999999999998,2.0180000000000007,8.762,74.15,5.789999999999999,0.0,1.0,1.0,0.0,0.0,1.0,1.0,1.0,True,DATA-09,False,public-derived-contiguous-slice
5632910,2020-04-18 02:09:03,8.956,8.772,-0.0079999999999991,2.022,8.774,74.175,5.752500000000001,0.0,1.0,1.0,0.0,0.0,1.0,1.0,1.0,True,DATA-09,False,public-derived-contiguous-slice
5632920,2020-04-18 02:09:13,7.869999999999999,8.748,-0.0079999999999991,1.6900000000000013,8.75,74.25,5.4,0.0,1.0,0.0,0.0,0.0,1.0,1.0,1.0,True,DATA-09,False,public-derived-contiguous-slice
5632930,2020-04-18 02:09:23,8.796,8.732,-0.009999999999998,1.968,8.732,74.52499999999999,5.68,0.0,1.0,0.0,0.0,0.0,1.0,1.0,1.0,True,DATA-09,False,public-derived-contiguous-slice
5632940,2020-04-18 02:09:33,8.894,8.736,-0.0079999999999991,1.998000000000001,8.738,74.57499999999999,5.717499999999999,0.0,1.0,0.0,0.0,0.0,1.0,1.0,1.0,True,DATA-09,False,public-derived-contiguous-slice
5632950,2020-04-18 02:09:43,8.898,8.746,-0.0079999999999991,2.001999999999999,8.746,74.44999999999999,5.6525,0.0,1.0,0.0,0.0,0.0,1.0,1.0,1.0,True,DATA-09,False,public-derived-contiguous-slice
5632960,2020-04-18 02:09:53,8.898,8.75,-0.009999999999998,2.004,8.752,74.35000000000001,5.809999999999999,0.0,1.0,0.0,0.0,0.0,1.0,1.0,1.0,True,DATA-09,False,public-derived-contiguous-slice
5632970,2020-04-18 02:10:03,8.906,8.756,-0.009999999999998,2.007999999999999,8.758,74.22500000000001,5.6775,0.0,1.0,0.0,0.0,0.0,1.0,1.0,1.0,True,DATA-09,False,public-derived-contiguous-slice
5632980,2020-04-18 02:10:13,8.168,8.738,-0.009999999999998,1.782,8.738,74.275,5.5625,0.0,1.0,1.0,0.0,0.0,1.0,1.0,1.0,True,DATA-09,False,public-derived-contiguous-slice
5632990,2020-04-18 02:10:23,8.922,8.724,-0.009999999999998,2.006,8.726,74.55000000000001,5.6525,0.0,1.0,1.0,0.0,0.0,1.0,1.0,1.0,True,DATA-09,False,public-derived-contiguous-slice
5633000,2020-04-18 02:10:33,8.932,8.738,-0.009999999999998,2.01,8.74,74.42500000000001,5.774999999999999,0.0,1.0,1.0,0.0,0.0,1.0,1.0,1.0,True,DATA-09,False,public-derived-contiguous-slice
5633010,2020-04-18 02:10:43,8.938,8.752,-0.0079999999999991,2.016,8.754,74.15,5.720000000000001,0.0,1.0,1.0,0.0,0.0,1.0,1.0,1.0,True,DATA-09,False,public-derived-contiguous-slice
5633020,2020-04-18 02:10:53,8.944,8.762,-0.009999999999998,2.0180000000000007,8.764,74.175,5.7425,0.0,1.0,1.0,0.0,0.0,1.0,1.0,1.0,True,DATA-09,False,public-derived-contiguous-slice
5633030,2020-04-18 02:11:03,6.474,8.77,-0.009999999999998,1.3640000000000008,8.77,74.22500000000001,5.380000000000001,0.0,1.0,0.0,0.0,0.0,0.0,1.0,1.0,True,DATA-09,False,public-derived-contiguous-slice
5633040,2020-04-18 02:11:12,7.958,8.748,-0.009999999999998,1.7220000000000013,8.748,74.42500000000001,5.462499999999999,0.0,1.0,0.0,0.0,0.0,1.0,1.0,1.0,True,DATA-09,False,public-derived-contiguous-slice
5633050,2020-04-18 02:11:22,8.842,8.73,-0.0079999999999991,1.9819999999999995,8.73,74.55000000000001,5.645,0.0,1.0,0.0,0.0,0.0,1.0,1.0,1.0,True,DATA-09,False,public-derived-contiguous-slice
5633060,2020-04-18 02:11:32,8.894,8.736,-0.009999999999998,2.0,8.738,74.52499999999999,5.787500000000001,0.0,1.0,0.0,0.0,0.0,1.0,1.0,1.0,True,DATA-09,False,public-derived-contiguous-slice
5633070,2020-04-18 02:11:42,8.898,8.746,-0.0079999999999991,2.001999999999999,8.748,74.22500000000001,5.649999999999999,0.0,1.0,0.0,0.0,0.0,1.0,1.0,1.0,True,DATA-09,False,public-derived-contiguous-slice
5633080,2020-04-18 02:11:52,8.9,8.752,-0.009999999999998,2.001999999999999,8.754,74.125,5.7575,0.0,1.0,0.0,0.0,0.0,1.0,1.0,1.0,True,DATA-09,False,public-derived-contiguous-slice
5633090,2020-04-18 02:12:02,6.226000000000001,8.758,-0.0079999999999991,1.234,8.758,74.15,5.202500000000001,0.0,1.0,1.0,0.0,0.0,1.0,1.0,1.0,True,DATA-09,False,public-derived-contiguous-slice
5633100,2020-04-18 02:12:12,8.25,8.736,-0.009999999999998,1.806000000000001,8.738,74.175,5.5375,0.0,1.0,1.0,0.0,0.0,1.0,1.0,1.0,True,DATA-09,False,public-derived-contiguous-slice
5633110,2020-04-18 02:12:22,8.924,8.726,-0.0079999999999991,2.006,8.728,74.35000000000001,5.6625,0.0,1.0,1.0,0.0,0.0,1.0,1.0,1.0,True,DATA-09,False,public-derived-contiguous-slice
5633120,2020-04-18 02:12:32,8.934,8.738,-0.009999999999998,2.01,8.742,74.35000000000001,5.794999999999998,0.0,1.0,1.0,0.0,0.0,1.0,1.0,1.0,True,DATA-09,False,public-derived-contiguous-slice
5633130,2020-04-18 02:12:42,8.94,8.752,-0.0079999999999991,2.014,8.754,74.175,5.727500000000001,0.0,1.0,1.0,0.0,0.0,1.0,1.0,1.0,True,DATA-09,False,public-derived-contiguous-slice
5633140,2020-04-18 02:12:52,8.948,8.766,-0.0079999999999991,2.0180000000000007,8.766,74.15,5.809999999999999,0.0,1.0,1.0,0.0,0.0,1.0,1.0,1.0,True,DATA-09,False,public-derived-contiguous-slice
5633150,2020-04-18 02:13:02,5.848000000000001,8.77,-0.009999999999998,1.0940000000000012,8.772,74.05,5.082500000000001,0.0,1.0,0.0,0.0,0.0,1.0,1.0,1.0,True,DATA-09,False,public-derived-contiguous-slice
5633160,2020-04-18 02:13:11,7.928000000000001,8.748,-0.009999999999998,1.7119999999999995,8.75,74.275,5.540000000000001,0.0,1.0,0.0,0.0,0.0,1.0,1.0,1.0,True,DATA-09,False,public-derived-contiguous-slice
5633170,2020-04-18 02:13:21,8.872,8.73,-0.009999999999998,1.9920000000000009,8.73,74.52499999999999,5.6525,0.0,1.0,0.0,0.0,0.0,1.0,1.0,1.0,True,DATA-09,False,public-derived-contiguous-slice
5633180,2020-04-18 02:13:31,8.896,8.738,-0.0079999999999991,2.0,8.74,74.62500000000001,5.782499999999999,0.0,1.0,0.0,0.0,0.0,1.0,1.0,1.0,True,DATA-09,False,public-derived-contiguous-slice
5633190,2020-04-18 02:13:41,8.898,8.746,-0.0079999999999991,2.001999999999999,8.748,74.37499999999999,5.637499999999999,0.0,1.0,0.0,0.0,0.0,1.0,1.0,1.0,True,DATA-09,False,public-derived-contiguous-slice
5633200,2020-04-18 02:13:51,8.9,8.754,-0.009999999999998,2.004,8.754,74.15,5.717499999999999,0.0,1.0,0.0,0.0,0.0,1.0,1.0,1.0,True,DATA-09,False,public-derived-contiguous-slice
5633210,2020-04-18 02:14:01,6.396000000000001,8.756,-0.0079999999999991,1.2439999999999998,8.758,74.075,5.157499999999999,0.0,1.0,1.0,0.0,0.0,1.0,1.0,1.0,True,DATA-09,False,public-derived-contiguous-slice
5633220,2020-04-18 02:14:11,8.242,8.736,-0.009999999999998,1.8099999999999987,8.738,74.175,5.6325,0.0,1.0,1.0,0.0,0.0,1.0,1.0,1.0,True,DATA-09,False,public-derived-contiguous-slice
5633230,2020-04-18 02:14:21,8.926,8.726,-0.009999999999998,2.007999999999999,8.728,74.325,5.6525,0.0,1.0,1.0,0.0,0.0,1.0,1.0,1.0,True,DATA-09,False,public-derived-contiguous-slice
5633240,2020-04-18 02:14:31,8.936,8.74,-0.009999999999998,2.014,8.742,74.25,5.765000000000001,0.0,1.0,1.0,0.0,0.0,1.0,1.0,1.0,True,DATA-09,False,public-derived-contiguous-slice
5633250,2020-04-18 02:14:41,8.942,8.754,-0.0079999999999991,2.016,8.756,74.15,5.7475000000000005,0.0,1.0,1.0,0.0,0.0,1.0,1.0,1.0,True,DATA-09,False,public-derived-contiguous-slice
5633260,2020-04-18 02:14:51,8.95,8.766,-0.009999999999998,2.022,8.768,74.125,5.785,0.0,1.0,1.0,0.0,0.0,1.0,1.0,1.0,True,DATA-09,False,public-derived-contiguous-slice
5633270,2020-04-18 02:15:01,6.098000000000001,8.768,-0.009999999999998,1.16,8.77,74.125,5.077499999999999,0.0,1.0,0.0,0.0,0.0,1.0,1.0,1.0,True,DATA-09,False,public-derived-contiguous-slice
5633280,2020-04-18 02:15:10,8.01,8.748,-0.009999999999998,1.7379999999999995,8.752,74.25,5.460000000000001,0.0,1.0,0.0,0.0,0.0,1.0,1.0,1.0,True,DATA-09,False,public-derived-contiguous-slice
5633290,2020-04-18 02:15:20,8.888,8.73,-0.0079999999999991,1.998000000000001,8.732,74.4,5.785,0.0,1.0,0.0,0.0,0.0,1.0,1.0,1.0,True,DATA-09,False,public-derived-contiguous-slice
5633300,2020-04-18 02:15:30,8.898,8.74,-0.009999999999998,2.001999999999999,8.742,74.30000000000001,5.702499999999999,0.0,1.0,0.0,0.0,0.0,1.0,1.0,1.0,True,DATA-09,False,public-derived-contiguous-slice
5633310,2020-04-18 02:15:40,8.9,8.748,-0.0079999999999991,2.004,8.748,74.22500000000001,5.7925,0.0,1.0,0.0,0.0,0.0,1.0,1.0,1.0,True,DATA-09,False,public-derived-contiguous-slice
5633320,2020-04-18 02:15:50,8.906,8.756,-0.0079999999999991,2.006,8.758,74.025,5.702499999999999,0.0,1.0,0.0,0.0,0.0,1.0,1.0,1.0,True,DATA-09,False,public-derived-contiguous-slice
5633330,2020-04-18 02:16:00,6.603999999999999,8.758,-0.0079999999999991,1.3179999999999996,8.758,74.125,5.109999999999999,0.0,1.0,1.0,0.0,0.0,1.0,1.0,1.0,True,DATA-09,False,public-derived-contiguous-slice
5633340,2020-04-18 02:16:10,8.314,8.738,-0.009999999999998,1.828,8.738,74.25,5.620000000000001,0.0,1.0,1.0,0.0,0.0,1.0,1.0,1.0,True,DATA-09,False,public-derived-contiguous-slice
5633350,2020-04-18 02:16:20,8.928,8.73,-0.0079999999999991,2.01,8.73,74.44999999999999,5.734999999999999,0.0,1.0,1.0,0.0,0.0,1.0,1.0,1.0,True,DATA-09,False,public-derived-contiguous-slice
5633360,2020-04-18 02:16:30,8.938,8.744,-0.009999999999998,2.01,8.746,74.42500000000001,5.6625,0.0,1.0,1.0,0.0,0.0,1.0,1.0,1.0,True,DATA-09,False,public-derived-contiguous-slice
5633370,2020-04-18 02:16:40,8.944,8.756,-0.009999999999998,2.014,8.758,74.125,5.74,0.0,1.0,1.0,0.0,0.0,1.0,1.0,1.0,True,DATA-09,False,public-derived-contiguous-slice
5633380,2020-04-18 02:16:50,8.95,8.766,-0.009999999999998,2.02,8.768,74.05,5.802499999999998,0.0,1.0,1.0,0.0,0.0,1.0,1.0,1.0,True,DATA-09,False,public-derived-contiguous-slice
5633390,2020-04-18 02:17:00,6.334,8.768,-0.009999999999998,1.2599999999999998,8.77,74.025,5.082500000000001,0.0,1.0,0.0,0.0,0.0,1.0,1.0,1.0,True,DATA-09,False,public-derived-contiguous-slice
5633400,2020-04-18 02:17:09,8.108,8.746,-0.009999999999998,1.766,8.75,74.325,5.5525,0.0,1.0,0.0,0.0,0.0,1.0,1.0,1.0,True,DATA-09,False,public-derived-contiguous-slice
5633410,2020-04-18 02:17:19,8.888,8.73,-0.009999999999998,1.9960000000000004,8.732,74.52499999999999,5.7325,0.0,1.0,0.0,0.0,0.0,1.0,1.0,1.0,True,DATA-09,False,public-derived-contiguous-slice
5633420,2020-04-18 02:17:29,8.898,8.74,-0.009999999999998,2.0,8.742,74.57499999999999,5.649999999999999,0.0,1.0,0.0,0.0,0.0,1.0,1.0,1.0,True,DATA-09,False,public-derived-contiguous-slice
5633430,2020-04-18 02:17:39,8.902,8.748,-0.0079999999999991,2.001999999999999,8.75,74.35000000000001,5.7925,0.0,1.0,0.0,0.0,0.0,1.0,1.0,1.0,True,DATA-09,False,public-derived-contiguous-slice
5633440,2020-04-18 02:17:49,8.906,8.756,-0.009999999999998,2.006,8.758,74.275,5.647500000000001,0.0,1.0,0.0,0.0,0.0,1.0,1.0,1.0,True,DATA-09,False,public-derived-contiguous-slice
5633450,2020-04-18 02:17:59,6.606,8.756,-0.0079999999999991,1.3200000000000005,8.758,74.075,5.145,0.0,1.0,1.0,0.0,0.0,1.0,1.0,1.0,True,DATA-09,False,public-derived-contiguous-slice
5633460,2020-04-18 02:18:09,8.41,8.736,-0.0079999999999991,1.8580000000000003,8.736,74.15,5.66,0.0,1.0,1.0,0.0,0.0,1.0,1.0,1.0,True,DATA-09,False,public-derived-contiguous-slice
5633470,2020-04-18 02:18:19,8.928,8.73,-0.0079999999999991,2.007999999999999,8.732,74.44999999999999,5.705,0.0,1.0,1.0,0.0,0.0,1.0,1.0,1.0,True,DATA-09,False,public-derived-contiguous-slice
5633480,2020-04-18 02:18:29,8.938,8.744,-0.0079999999999991,2.0120000000000005,8.746,74.25,5.67,0.0,1.0,1.0,0.0,0.0,1.0,1.0,1.0,True,DATA-09,False,public-derived-contiguous-slice
5633490,2020-04-18 02:18:39,8.944,8.756,-0.009999999999998,2.016,8.758,74.22500000000001,5.802499999999998,0.0,1.0,1.0,0.0,0.0,1.0,1.0,1.0,True,DATA-09,False,public-derived-contiguous-slice
5633500,2020-04-18 02:18:49,8.95,8.766,-0.009999999999998,2.0180000000000007,8.768,74.15,5.717499999999999,0.0,1.0,1.0,0.0,0.0,1.0,1.0,1.0,True,DATA-09,False,public-derived-contiguous-slice
5633510,2020-04-18 02:18:59,6.321999999999999,8.768,-0.0079999999999991,1.25,8.77,74.22500000000001,5.162500000000001,0.0,1.0,0.0,0.0,0.0,1.0,1.0,1.0,True,DATA-09,False,public-derived-contiguous-slice
5633520,2020-04-18 02:19:08,8.206,8.746,-0.009999999999998,1.7919999999999998,8.748,74.44999999999999,5.469999999999999,0.0,1.0,0.0,0.0,0.0,1.0,1.0,1.0,True,DATA-09,False,public-derived-contiguous-slice
5633530,2020-04-18 02:19:18,8.89,8.732,-0.0079999999999991,1.9960000000000004,8.734,74.55000000000001,5.7775,0.0,1.0,0.0,0.0,0.0,1.0,1.0,1.0,True,DATA-09,False,public-derived-contiguous-slice
5633540,2020-04-18 02:19:28,8.9,8.74,-0.0079999999999991,2.0,8.742,74.55000000000001,5.705,0.0,1.0,0.0,0.0,0.0,1.0,1.0,1.0,True,DATA-09,False,public-derived-contiguous-slice
5633550,2020-04-18 02:19:38,8.9,8.748,-0.009999999999998,2.001999999999999,8.752,74.325,5.765000000000001,0.0,1.0,0.0,0.0,0.0,1.0,1.0,1.0,True,DATA-09,False,public-derived-contiguous-slice
5633560,2020-04-18 02:19:48,8.904,8.756,-0.009999999999998,2.001999999999999,8.756,74.05,5.7775,0.0,1.0,0.0,0.0,0.0,1.0,1.0,1.0,True,DATA-09,False,public-derived-contiguous-slice
5633570,2020-04-18 02:19:58,6.843999999999999,8.756,-0.009999999999998,1.3919999999999997,8.758,74.05,5.295000000000002,0.0,1.0,1.0,0.0,0.0,1.0,1.0,1.0,True,DATA-09,False,public-derived-contiguous-slice
5633580,2020-04-18 02:20:08,8.418,8.736,-0.0079999999999991,1.8580000000000003,8.738,74.125,5.52,0.0,1.0,1.0,0.0,0.0,1.0,1.0,1.0,True,DATA-09,False,public-derived-contiguous-slice
5633590,2020-04-18 02:20:18,8.932,8.732,-0.0079999999999991,2.01,8.734,74.35000000000001,5.782499999999999,0.0,1.0,1.0,0.0,0.0,1.0,1.0,1.0,True,DATA-09,False,public-derived-contiguous-slice
5633600,2020-04-18 02:20:28,8.938,8.746,-0.0079999999999991,2.0120000000000005,8.748,74.25,5.674999999999999,0.0,1.0,1.0,0.0,0.0,1.0,1.0,1.0,True,DATA-09,False,public-derived-contiguous-slice
5633610,2020-04-18 02:20:38,8.944,8.758,-0.0079999999999991,2.014,8.76,74.125,5.694999999999999,0.0,1.0,1.0,0.0,0.0,1.0,1.0,1.0,True,DATA-09,False,public-derived-contiguous-slice
5633620,2020-04-18 02:20:48,8.954,8.77,-0.009999999999998,2.02,8.77,74.05,5.717499999999999,0.0,1.0,1.0,0.0,0.0,1.0,1.0,1.0,True,DATA-09,False,public-derived-contiguous-slice
5633630,2020-04-18 02:20:58,6.6,8.768,-0.009999999999998,1.34,8.768,74.025,5.25,0.0,1.0,0.0,0.0,0.0,1.0,1.0,1.0,True,DATA-09,False,public-derived-contiguous-slice
5633640,2020-04-18 02:21:08,8.216,8.748,-0.009999999999998,1.798,8.748,74.125,5.522499999999999,0.0,1.0,0.0,0.0,0.0,1.0,1.0,1.0,True,DATA-09,False,public-derived-contiguous-slice
5633650,2020-04-18 02:21:17,8.892,8.734,-0.009999999999998,1.998000000000001,8.734,74.44999999999999,5.674999999999999,0.0,1.0,0.0,0.0,0.0,1.0,1.0,1.0,True,DATA-09,False,public-derived-contiguous-slice
5633660,2020-04-18 02:21:27,8.904,8.744,-0.0079999999999991,2.001999999999999,8.746,74.44999999999999,5.805,0.0,1.0,0.0,0.0,0.0,1.0,1.0,1.0,True,DATA-09,False,public-derived-contiguous-slice
5633670,2020-04-18 02:21:37,8.904,8.75,-0.009999999999998,2.004,8.754,74.22500000000001,5.622499999999999,0.0,1.0,0.0,0.0,0.0,1.0,1.0,1.0,True,DATA-09,False,public-derived-contiguous-slice
5633680,2020-04-18 02:21:47,8.908,8.758,-0.0079999999999991,2.007999999999999,8.76,74.025,5.6875,0.0,1.0,0.0,0.0,0.0,1.0,1.0,1.0,True,DATA-09,False,public-derived-contiguous-slice
5633690,2020-04-18 02:21:57,6.908,8.756,-0.009999999999998,1.436,8.758,74.15,5.19,0.0,1.0,1.0,0.0,0.0,1.0,1.0,1.0,True,DATA-09,False,public-derived-contiguous-slice
5633700,2020-04-18 02:22:07,8.52,8.736,-0.009999999999998,1.888,8.738,74.30000000000001,5.69,0.0,1.0,1.0,0.0,0.0,1.0,1.0,1.0,True,DATA-09,False,public-derived-contiguous-slice
5633710,2020-04-18 02:22:17,8.93,8.736,-0.0079999999999991,2.01,8.738,74.44999999999999,5.6850000000000005,0.0,1.0,1.0,0.0,0.0,1.0,1.0,1.0,True,DATA-09,False,public-derived-contiguous-slice
5633720,2020-04-18 02:22:27,8.938,8.748,-0.0079999999999991,2.014,8.75,74.325,5.7125,0.0,1.0,1.0,0.0,0.0,1.0,1.0,1.0,True,DATA-09,False,public-derived-contiguous-slice
5633730,2020-04-18 02:22:37,8.946,8.76,-0.009999999999998,2.016,8.762,74.15,5.705,0.0,1.0,1.0,0.0,0.0,1.0,1.0,1.0,True,DATA-09,False,public-derived-contiguous-slice
5633740,2020-04-18 02:22:47,8.954,8.77,-0.009999999999998,2.022,8.774,74.05,5.767500000000002,0.0,1.0,1.0,0.0,0.0,1.0,1.0,1.0,True,DATA-09,False,public-derived-contiguous-slice
5633750,2020-04-18 02:22:57,6.644,8.768,-0.009999999999998,1.362,8.77,74.025,5.129999999999999,0.0,1.0,0.0,0.0,0.0,1.0,1.0,1.0,True,DATA-09,False,public-derived-contiguous-slice
5633760,2020-04-18 02:23:07,8.246,8.748,-0.009999999999998,1.8099999999999987,8.75,74.25,5.5825,0.0,1.0,0.0,0.0,0.0,1.0,1.0,1.0,True,DATA-09,False,public-derived-contiguous-slice
5633770,2020-04-18 02:23:16,8.896,8.734,-0.009999999999998,1.998000000000001,8.736,74.44999999999999,5.6675,0.0,1.0,0.0,0.0,0.0,1.0,1.0,1.0,True,DATA-09,False,public-derived-contiguous-slice
5633780,2020-04-18 02:23:26,8.904,8.746,-0.0079999999999991,2.004,8.748,74.42500000000001,5.7325,0.0,1.0,0.0,0.0,0.0,1.0,1.0,1.0,True,DATA-09,False,public-derived-contiguous-slice
5633790,2020-04-18 02:23:36,8.906,8.754,-0.0079999999999991,2.004,8.756,74.15,5.807500000000001,0.0,1.0,0.0,0.0,0.0,1.0,1.0,1.0,True,DATA-09,False,public-derived-contiguous-slice
5633800,2020-04-18 02:23:46,8.908,8.76,-0.0079999999999991,2.006,8.762,74.05,5.6850000000000005,0.0,1.0,0.0,0.0,0.0,1.0,1.0,1.0,True,DATA-09,False,public-derived-contiguous-slice
5633810,2020-04-18 02:23:56,7.134,8.758,-0.0079999999999991,1.498000000000001,8.758,74.125,5.244999999999999,0.0,1.0,1.0,0.0,0.0,1.0,1.0,1.0,True,DATA-09,False,public-derived-contiguous-slice
5633820,2020-04-18 02:24:06,8.532,8.738,-0.009999999999998,1.8900000000000008,8.74,74.22500000000001,5.707500000000001,0.0,1.0,1.0,0.0,0.0,1.0,1.0,1.0,True,DATA-09,False,public-derived-contiguous-slice
5633830,2020-04-18 02:24:16,8.934,8.736,-0.009999999999998,2.01,8.738,74.42500000000001,5.66,0.0,1.0,1.0,0.0,0.0,1.0,1.0,1.0,True,DATA-09,False,public-derived-contiguous-slice
5633840,2020-04-18 02:24:26,8.942,8.748,-0.0079999999999991,2.014,8.752,74.2,5.654999999999999,0.0,1.0,1.0,0.0,0.0,1.0,1.0,1.0,True,DATA-09,False,public-derived-contiguous-slice
5633850,2020-04-18 02:24:36,8.952,8.762,-0.009999999999998,2.0180000000000007,8.764,74.15,5.674999999999999,0.0,1.0,1.0,0.0,0.0,1.0,1.0,1.0,True,DATA-09,False,public-derived-contiguous-slice
5633860,2020-04-18 02:24:46,8.96,8.774,-0.009999999999998,2.022,8.776,74.05,5.6625,0.0,1.0,1.0,0.0,0.0,1.0,1.0,1.0,True,DATA-09,False,public-derived-contiguous-slice
5633870,2020-04-18 02:24:56,6.848000000000001,8.768,-0.009999999999998,1.4080000000000013,8.77,74.15,5.25,0.0,1.0,0.0,0.0,0.0,1.0,1.0,1.0,True,DATA-09,False,public-derived-contiguous-slice
5633880,2020-04-18 02:25:06,8.332,8.75,-0.009999999999998,1.83,8.752,74.275,5.585000000000001,0.0,1.0,0.0,0.0,0.0,1.0,1.0,1.0,True,DATA-09,False,public-derived-contiguous-slice
5633890,2020-04-18 02:25:15,8.898,8.738,-0.0079999999999991,2.0,8.74,74.44999999999999,5.817499999999999,0.0,1.0,0.0,0.0,0.0,1.0,1.0,1.0,True,DATA-09,False,public-derived-contiguous-slice
5633900,2020-04-18 02:25:25,8.906,8.748,-0.009999999999998,2.001999999999999,8.75,74.25,5.800000000000001,0.0,1.0,0.0,0.0,0.0,1.0,1.0,1.0,True,DATA-09,False,public-derived-contiguous-slice
5633910,2020-04-18 02:25:35,8.908,8.758,-0.009999999999998,2.006,8.758,74.175,5.717499999999999,0.0,1.0,0.0,0.0,0.0,1.0,1.0,1.0,True,DATA-09,False,public-derived-contiguous-slice
5633920,2020-04-18 02:25:45,8.912,8.762,-0.009999999999998,2.007999999999999,8.766,74.15,5.657499999999999,0.0,1.0,0.0,0.0,0.0,1.0,1.0,1.0,True,DATA-09,False,public-derived-contiguous-slice
5633930,2020-04-18 02:25:55,7.142,8.758,-0.009999999999998,1.4879999999999995,8.76,74.025,5.2675,0.0,1.0,1.0,0.0,0.0,1.0,1.0,1.0,True,DATA-09,False,public-derived-contiguous-slice
5633940,2020-04-18 02:26:05,8.552,8.74,-0.0079999999999991,1.8960000000000008,8.742,74.125,5.625,0.0,1.0,1.0,0.0,0.0,1.0,1.0,1.0,True,DATA-09,False,public-derived-contiguous-slice
5633950,2020-04-18 02:26:15,8.938,8.74,-0.009999999999998,2.01,8.742,74.25,5.734999999999999,0.0,1.0,1.0,0.0,0.0,1.0,1.0,1.0,True,DATA-09,False,public-derived-contiguous-slice
5633960,2020-04-18 02:26:25,8.946,8.754,-0.009999999999998,2.014,8.756,74.075,5.700000000000001,0.0,1.0,1.0,0.0,0.0,1.0,1.0,1.0,True,DATA-09,False,public-derived-contiguous-slice
5633970,2020-04-18 02:26:35,8.95,8.766,-0.0079999999999991,2.02,8.768,73.95,5.809999999999999,0.0,1.0,1.0,0.0,0.0,1.0,1.0,1.0,True,DATA-09,False,public-derived-contiguous-slice
5633980,2020-04-18 02:26:45,8.96,8.776,-0.0079999999999991,2.022,8.78,74.05,5.7425,0.0,1.0,1.0,0.0,0.0,1.0,1.0,1.0,True,DATA-09,False,public-derived-contiguous-slice
5633990,2020-04-18 02:26:55,6.908,8.77,-0.0079999999999991,1.4260000000000002,8.772,74.175,5.2475000000000005,0.0,1.0,0.0,0.0,0.0,1.0,1.0,1.0,True,DATA-09,False,public-derived-contiguous-slice
5634000,2020-04-18 02:27:05,8.336,8.75,-0.009999999999998,1.83,8.752,74.15,5.557499999999999,0.0,1.0,0.0,0.0,0.0,1.0,1.0,1.0,True,DATA-09,False,public-derived-contiguous-slice
5634010,2020-04-18 02:27:14,8.902,8.74,-0.009999999999998,2.001999999999999,8.742,74.44999999999999,5.717499999999999,0.0,1.0,0.0,0.0,0.0,1.0,1.0,1.0,True,DATA-09,False,public-derived-contiguous-slice
5634020,2020-04-18 02:27:24,8.906,8.748,-0.009999999999998,2.004,8.752,74.25,5.672499999999999,0.0,1.0,0.0,0.0,0.0,1.0,1.0,1.0,True,DATA-09,False,public-derived-contiguous-slice
5634030,2020-04-18 02:27:34,8.908,8.758,-0.009999999999998,2.006,8.76,74.05,5.682499999999999,0.0,1.0,0.0,0.0,0.0,1.0,1.0,1.0,True,DATA-09,False,public-derived-contiguous-slice
5634040,2020-04-18 02:27:44,8.912,8.764,-0.0079999999999991,2.007999999999999,8.766,74.05,5.77,0.0,1.0,0.0,0.0,0.0,1.0,1.0,1.0,True,DATA-09,False,public-derived-contiguous-slice
5634050,2020-04-18 02:27:54,7.302,8.756,-0.009999999999998,1.5380000000000005,8.758,74.075,5.385,0.0,1.0,1.0,0.0,0.0,1.0,1.0,1.0,True,DATA-09,False,public-derived-contiguous-slice
5634060,2020-04-18 02:28:04,8.612,8.738,-0.009999999999998,1.914,8.74,74.2,5.73,0.0,1.0,1.0,0.0,0.0,1.0,1.0,1.0,True,DATA-09,False,public-derived-contiguous-slice
5634070,2020-04-18 02:28:14,8.936,8.74,-0.0079999999999991,2.0120000000000005,8.742,74.25,5.754999999999999,0.0,1.0,1.0,0.0,0.0,1.0,1.0,1.0,True,DATA-09,False,public-derived-contiguous-slice
5634080,2020-04-18 02:28:24,8.944,8.754,-0.0120000000000004,2.0120000000000005,8.756,74.025,5.6775,0.0,1.0,1.0,0.0,0.0,1.0,1.0,1.0,True,DATA-09,False,public-derived-contiguous-slice
5634090,2020-04-18 02:28:34,8.95,8.766,-0.0079999999999991,2.0180000000000007,8.768,74.10000000000001,5.672499999999999,0.0,1.0,1.0,0.0,0.0,1.0,1.0,1.0,True,DATA-09,False,public-derived-contiguous-slice
5634100,2020-04-18 02:28:44,8.96,8.778,-0.0079999999999991,2.02,8.778,74.125,5.6525,0.0,1.0,1.0,0.0,0.0,1.0,1.0,1.0,True,DATA-09,False,public-derived-contiguous-slice
5634110,2020-04-18 02:28:54,7.036,8.768,-0.009999999999998,1.4559999999999995,8.77,74.15,5.265000000000001,0.0,1.0,0.0,0.0,0.0,1.0,1.0,1.0,True,DATA-09,False,public-derived-contiguous-slice
5634120,2020-04-18 02:29:04,8.41,8.748,-0.009999999999998,1.8539999999999992,8.75,74.30000000000001,5.577500000000001,0.0,1.0,0.0,0.0,0.0,1.0,1.0,1.0,True,DATA-09,False,public-derived-contiguous-slice
5634130,2020-04-18 02:29:13,8.9,8.742,-0.009999999999998,2.0,8.742,74.47500000000001,5.682499999999999,0.0,1.0,0.0,0.0,0.0,1.0,1.0,1.0,True,DATA-09,False,public-derived-contiguous-slice
5634140,2020-04-18 02:29:23,8.904,8.748,-0.009999999999998,2.0,8.752,74.30000000000001,5.762499999999999,0.0,1.0,0.0,0.0,0.0,1.0,1.0,1.0,True,DATA-09,False,public-derived-contiguous-slice
5634150,2020-04-18 02:29:33,8.908,8.758,-0.0079999999999991,2.004,8.76,74.025,5.8125,0.0,1.0,0.0,0.0,0.0,1.0,1.0,1.0,True,DATA-09,False,public-derived-contiguous-slice
5634160,2020-04-18 02:29:43,8.916,8.764,-0.009999999999998,2.007999999999999,8.766,73.95,5.8125,0.0,1.0,0.0,0.0,0.0,1.0,1.0,1.0,True,DATA-09,False,public-derived-contiguous-slice
5634170,2020-04-18 02:29:53,7.442,8.756,-0.009999999999998,1.5719999999999992,8.758,73.95,5.335000000000001,0.0,1.0,1.0,0.0,0.0,1.0,1.0,1.0,True,DATA-09,False,public-derived-contiguous-slice
5634180,2020-04-18 02:30:03,8.678,8.738,-0.0079999999999991,1.9320000000000004,8.738,74.15,5.6525,0.0,1.0,1.0,0.0,0.0,1.0,1.0,1.0,True,DATA-09,False,public-derived-contiguous-slice
5634190,2020-04-18 02:30:13,8.938,8.74,-0.0079999999999991,2.0120000000000005,8.742,74.325,5.7925,0.0,1.0,1.0,0.0,0.0,1.0,1.0,1.0,True,DATA-09,False,public-derived-contiguous-slice
5634200,2020-04-18 02:30:23,8.948,8.756,-0.0079999999999991,2.014,8.758,74.05,5.7425,0.0,1.0,1.0,0.0,0.0,1.0,1.0,1.0,True,DATA-09,False,public-derived-contiguous-slice
5634210,2020-04-18 02:30:33,8.952,8.766,-0.0079999999999991,2.0180000000000007,8.768,73.875,5.82,0.0,1.0,1.0,0.0,0.0,1.0,1.0,1.0,True,DATA-09,False,public-derived-contiguous-slice
5634220,2020-04-18 02:30:43,8.962,8.778,-0.009999999999998,2.022,8.78,74.0,5.817499999999999,0.0,1.0,1.0,0.0,0.0,1.0,1.0,1.0,True,DATA-09,False,public-derived-contiguous-slice
5634230,2020-04-18 02:30:53,7.17,8.768,-0.009999999999998,1.498000000000001,8.77,74.125,5.244999999999999,0.0,1.0,0.0,0.0,0.0,1.0,1.0,1.0,True,DATA-09,False,public-derived-contiguous-slice
5634240,2020-04-18 02:31:03,8.468,8.75,-0.0079999999999991,1.870000000000001,8.752,74.22500000000001,5.6175,0.0,1.0,0.0,0.0,0.0,1.0,1.0,1.0,True,DATA-09,False,public-derived-contiguous-slice
5634250,2020-04-18 02:31:13,8.902,8.74,-0.009999999999998,2.001999999999999,8.744,74.35000000000001,5.782499999999999,0.0,1.0,0.0,0.0,0.0,1.0,1.0,1.0,True,DATA-09,False,public-derived-contiguous-slice
5634260,2020-04-18 02:31:22,8.908,8.752,-0.009999999999998,2.001999999999999,8.754,74.25,5.68,0.0,1.0,0.0,0.0,0.0,1.0,1.0,1.0,True,DATA-09,False,public-derived-contiguous-slice
5634270,2020-04-18 02:31:32,8.906,8.758,-0.0079999999999991,2.004,8.76,74.22500000000001,5.73,0.0,1.0,0.0,0.0,0.0,1.0,1.0,1.0,True,DATA-09,False,public-derived-contiguous-slice
5634280,2020-04-18 02:31:42,8.914,8.766,-0.009999999999998,2.006,8.766,74.075,5.682499999999999,0.0,1.0,0.0,0.0,0.0,1.0,1.0,1.0,True,DATA-09,False,public-derived-contiguous-slice
5634290,2020-04-18 02:31:52,7.545999999999999,8.754,-0.009999999999998,1.606,8.756,74.05,5.4175,0.0,1.0,1.0,0.0,0.0,1.0,1.0,1.0,True,DATA-09,False,public-derived-contiguous-slice
5634300,2020-04-18 02:32:02,8.728,8.738,-0.0079999999999991,1.9540000000000008,8.738,74.30000000000001,5.59,0.0,1.0,1.0,0.0,0.0,1.0,1.0,1.0,True,DATA-09,False,public-derived-contiguous-slice
5634310,2020-04-18 02:32:12,8.938,8.742,-0.0079999999999991,2.01,8.744,74.30000000000001,5.794999999999998,0.0,1.0,1.0,0.0,0.0,1.0,1.0,1.0,True,DATA-09,False,public-derived-contiguous-slice
5634320,2020-04-18 02:32:22,8.948,8.756,-0.0079999999999991,2.016,8.758,74.15,5.642499999999998,0.0,1.0,1.0,0.0,0.0,1.0,1.0,1.0,True,DATA-09,False,public-derived-contiguous-slice
5634330,2020-04-18 02:32:32,8.956,8.768,-0.009999999999998,2.0180000000000007,8.77,74.025,5.780000000000001,0.0,1.0,1.0,0.0,0.0,1.0,1.0,1.0,True,DATA-09,False,public-derived-contiguous-slice
5634340,2020-04-18 02:32:42,8.962,8.778,-0.009999999999998,2.02,8.78,74.05,5.794999999999998,0.0,1.0,1.0,0.0,0.0,1.0,1.0,1.0,True,DATA-09,False,public-derived-contiguous-slice
5634350,2020-04-18 02:32:52,7.148,8.768,-0.0079999999999991,1.4879999999999995,8.77,74.025,5.229999999999999,0.0,1.0,0.0,0.0,0.0,1.0,1.0,1.0,True,DATA-09,False,public-derived-contiguous-slice
5634360,2020-04-18 02:33:02,8.536,8.746,-0.0079999999999991,1.8900000000000008,8.75,74.22500000000001,5.567500000000001,0.0,1.0,0.0,0.0,0.0,1.0,1.0,1.0,True,DATA-09,False,public-derived-contiguous-slice
5634370,2020-04-18 02:33:12,8.9,8.74,-0.0079999999999991,1.998000000000001,8.742,74.47500000000001,5.737500000000001,0.0,1.0,0.0,0.0,0.0,1.0,1.0,1.0,True,DATA-09,False,public-derived-contiguous-slice
5634380,2020-04-18 02:33:21,8.902,8.75,-0.009999999999998,2.0,8.752,74.125,5.772500000000001,0.0,1.0,0.0,0.0,0.0,1.0,1.0,1.0,True,DATA-09,False,public-derived-contiguous-slice
5634390,2020-04-18 02:33:31,8.908,8.758,-0.009999999999998,2.004,8.758,74.10000000000001,5.647500000000001,0.0,1.0,0.0,0.0,0.0,1.0,1.0,1.0,True,DATA-09,False,public-derived-contiguous-slice
5634400,2020-04-18 02:33:41,8.914,8.764,-0.0079999999999991,2.007999999999999,8.766,74.125,5.8225,0.0,1.0,0.0,0.0,0.0,1.0,1.0,1.0,True,DATA-09,False,public-derived-contiguous-slice
5634410,2020-04-18 02:33:51,7.522,8.754,-0.0079999999999991,1.597999999999999,8.756,74.125,5.302500000000002,0.0,1.0,1.0,0.0,0.0,1.0,1.0,1.0,True,DATA-09,False,public-derived-contiguous-slice
5634420,2020-04-18 02:34:01,8.786,8.734,-0.0079999999999991,1.9640000000000004,8.736,74.325,5.612500000000001,0.0,1.0,1.0,0.0,0.0,1.0,1.0,1.0,True,DATA-09,False,public-derived-contiguous-slice
5634430,2020-04-18 02:34:11,8.938,8.742,-0.0079999999999991,2.014,8.744,74.35000000000001,5.725,0.0,1.0,1.0,0.0,0.0,1.0,1.0,1.0,True,DATA-09,False,public-derived-contiguous-slice
5634440,2020-04-18 02:34:21,8.944,8.756,-0.009999999999998,2.016,8.758,74.22500000000001,5.787500000000001,0.0,1.0,1.0,0.0,0.0,1.0,1.0,1.0,True,DATA-09,False,public-derived-contiguous-slice
5634450,2020-04-18 02:34:31,8.952,8.766,-0.009999999999998,2.0180000000000007,8.768,74.25,5.760000000000002,0.0,1.0,1.0,0.0,0.0,1.0,1.0,1.0,True,DATA-09,False,public-derived-contiguous-slice
5634460,2020-04-18 02:34:41,8.96,8.776,-0.0079999999999991,2.02,8.778,74.10000000000001,5.7225,0.0,1.0,1.0,0.0,0.0,1.0,1.0,1.0,True,DATA-09,False,public-derived-contiguous-slice
5634470,2020-04-18 02:34:51,7.288,8.764,-0.009999999999998,1.5300000000000011,8.766,74.125,5.35,0.0,1.0,0.0,0.0,0.0,1.0,1.0,1.0,True,DATA-09,False,public-derived-contiguous-slice
5634480,2020-04-18 02:35:01,8.596,8.744,-0.0079999999999991,1.91,8.744,74.35000000000001,5.59,0.0,1.0,0.0,0.0,0.0,1.0,1.0,1.0,True,DATA-09,False,public-derived-contiguous-slice
5634490,2020-04-18 02:35:11,8.9,8.74,-0.0079999999999991,1.998000000000001,8.74,74.52499999999999,5.707500000000001,0.0,1.0,0.0,0.0,0.0,1.0,1.0,1.0,True,DATA-09,False,public-derived-contiguous-slice
5634500,2020-04-18 02:35:20,8.906,8.748,-0.0079999999999991,2.001999999999999,8.75,74.35000000000001,5.794999999999998,0.0,1.0,0.0,0.0,0.0,1.0,1.0,1.0,True,DATA-09,False,public-derived-contiguous-slice
5634510,2020-04-18 02:35:30,8.908,8.758,-0.0079999999999991,2.004,8.758,74.15,5.674999999999999,0.0,1.0,0.0,0.0,0.0,1.0,1.0,1.0,True,DATA-09,False,public-derived-contiguous-slice
5634520,2020-04-18 02:35:40,8.914,8.764,-0.0079999999999991,2.006,8.766,73.95,5.807500000000001,0.0,1.0,0.0,0.0,0.0,1.0,1.0,1.0,True,DATA-09,False,public-derived-contiguous-slice
5634530,2020-04-18 02:35:50,7.686,8.75,-0.009999999999998,1.6460000000000008,8.752,74.075,5.35,0.0,1.0,1.0,0.0,0.0,1.0,1.0,1.0,True,DATA-09,False,public-derived-contiguous-slice
5634540,2020-04-18 02:36:00,8.794,8.732,-0.0079999999999991,1.966000000000001,8.734,74.2,5.68,0.0,1.0,1.0,0.0,0.0,1.0,1.0,1.0,True,DATA-09,False,public-derived-contiguous-slice
5634550,2020-04-18 02:36:10,8.936,8.74,-0.009999999999998,2.01,8.744,74.35000000000001,5.7575,0.0,1.0,1.0,0.0,0.0,1.0,1.0,1.0,True,DATA-09,False,public-derived-contiguous-slice
5634560,2020-04-18 02:36:20,8.942,8.754,-0.009999999999998,2.0120000000000005,8.756,74.25,5.715,0.0,1.0,1.0,0.0,0.0,1.0,1.0,1.0,True,DATA-09,False,public-derived-contiguous-slice
5634570,2020-04-18 02:36:30,8.952,8.764,-0.0079999999999991,2.0180000000000007,8.766,74.025,5.69,0.0,1.0,1.0,0.0,0.0,1.0,1.0,1.0,True,DATA-09,False,public-derived-contiguous-slice
5634580,2020-04-18 02:36:40,8.962,8.776,-0.0079999999999991,2.02,8.778,74.025,5.73,0.0,1.0,1.0,0.0,0.0,1.0,1.0,1.0,True,DATA-09,False,public-derived-contiguous-slice
5634590,2020-04-18 02:36:50,7.471999999999999,8.76,-0.009999999999998,1.5839999999999996,8.762,74.175,5.300000000000001,0.0,1.0,0.0,0.0,0.0,1.0,1.0,1.0,True,DATA-09,False,public-derived-contiguous-slice
5634600,2020-04-18 02:37:00,8.608,8.742,-0.0079999999999991,1.91,8.746,74.22500000000001,5.645,0.0,1.0,0.0,0.0,0.0,1.0,1.0,1.0,True,DATA-09,False,public-derived-contiguous-slice
5634610,2020-04-18 02:37:10,8.898,8.738,-0.0079999999999991,1.998000000000001,8.742,74.44999999999999,5.6625,0.0,1.0,0.0,0.0,0.0,1.0,1.0,1.0,True,DATA-09,False,public-derived-contiguous-slice
5634620,2020-04-18 02:37:19,8.904,8.748,-0.0079999999999991,2.004,8.752,74.2,5.754999999999999,0.0,1.0,0.0,0.0,0.0,1.0,1.0,1.0,True,DATA-09,False,public-derived-contiguous-slice
5634630,2020-04-18 02:37:29,8.906,8.758,-0.0079999999999991,2.004,8.758,74.175,5.645,0.0,1.0,0.0,0.0,0.0,1.0,1.0,1.0,True,DATA-09,False,public-derived-contiguous-slice
5634640,2020-04-18 02:37:39,8.914,8.76,-0.0079999999999991,2.006,8.764,74.22500000000001,5.772500000000001,0.0,1.0,0.0,0.0,0.0,1.0,1.0,1.0,True,DATA-09,False,public-derived-contiguous-slice
5634650,2020-04-18 02:37:49,7.824,8.748,-0.009999999999998,1.684000000000001,8.75,74.2,5.512499999999999,0.0,1.0,1.0,0.0,0.0,1.0,1.0,1.0,True,DATA-09,False,public-derived-contiguous-slice
5634660,2020-04-18 02:37:59,8.854,8.728,-0.0079999999999991,1.9860000000000009,8.73,74.325,5.674999999999999,0.0,1.0,1.0,0.0,0.0,1.0,1.0,1.0,True,DATA-09,False,public-derived-contiguous-slice
5634670,2020-04-18 02:38:09,8.936,8.74,-0.009999999999998,2.01,8.742,74.35000000000001,5.69,0.0,1.0,1.0,0.0,0.0,1.0,1.0,1.0,True,DATA-09,False,public-derived-contiguous-slice
5634680,2020-04-18 02:38:19,8.942,8.752,-0.009999999999998,2.014,8.754,74.22500000000001,5.805,0.0,1.0,1.0,0.0,0.0,1.0,1.0,1.0,True,DATA-09,False,public-derived-contiguous-slice
5634690,2020-04-18 02:38:29,8.952,8.764,-0.009999999999998,2.0180000000000007,8.768,74.10000000000001,5.6850000000000005,0.0,1.0,1.0,0.0,0.0,1.0,1.0,1.0,True,DATA-09,False,public-derived-contiguous-slice
5634700,2020-04-18 02:38:39,8.96,8.776,-0.009999999999998,2.02,8.778,74.05,5.8325,0.0,1.0,1.0,0.0,0.0,1.0,1.0,1.0,True,DATA-09,False,public-derived-contiguous-slice
5634710,2020-04-18 02:38:49,7.48,8.76,-0.009999999999998,1.5860000000000003,8.762,74.25,5.342499999999999,0.0,1.0,0.0,0.0,0.0,1.0,1.0,1.0,True,DATA-09,False,public-derived-contiguous-slice
5634720,2020-04-18 02:38:59,8.616,8.74,-0.009999999999998,1.914,8.742,74.325,5.69,0.0,1.0,0.0,0.0,0.0,1.0,1.0,1.0,True,DATA-09,False,public-derived-contiguous-slice
5634730,2020-04-18 02:39:09,8.898,8.738,-0.009999999999998,1.9960000000000004,8.74,74.64999999999999,5.789999999999999,0.0,1.0,0.0,0.0,0.0,1.0,1.0,1.0,True,DATA-09,False,public-derived-contiguous-slice
5634740,2020-04-18 02:39:18,8.904,8.748,-0.0079999999999991,2.0,8.75,74.42500000000001,5.642499999999998,0.0,1.0,0.0,0.0,0.0,1.0,1.0,1.0,True,DATA-09,False,public-derived-contiguous-slice
5634750,2020-04-18 02:39:28,8.904,8.754,-0.009999999999998,2.001999999999999,8.756,74.22500000000001,5.682499999999999,0.0,1.0,0.0,0.0,0.0,1.0,1.0,1.0,True,DATA-09,False,public-derived-contiguous-slice
5634760,2020-04-18 02:39:38,8.91,8.762,-0.009999999999998,2.007999999999999,8.764,74.15,5.817499999999999,0.0,1.0,0.0,0.0,0.0,1.0,1.0,1.0,True,DATA-09,False,public-derived-contiguous-slice
5634770,2020-04-18 02:39:48,7.853999999999999,8.746,-0.0079999999999991,1.6920000000000002,8.748,74.125,5.48,0.0,1.0,1.0,0.0,0.0,1.0,1.0,1.0,True,DATA-09,False,public-derived-contiguous-slice
5634780,2020-04-18 02:39:58,8.864,8.728,-0.0079999999999991,1.9879999999999995,8.73,74.37499999999999,5.774999999999999,0.0,1.0,1.0,0.0,0.0,1.0,1.0,1.0,True,DATA-09,False,public-derived-contiguous-slice
5634790,2020-04-18 02:40:08,8.936,8.74,-0.0079999999999991,2.01,8.742,74.35000000000001,5.6325,0.0,1.0,1.0,0.0,0.0,1.0,1.0,1.0,True,DATA-09,False,public-derived-contiguous-slice
5634800,2020-04-18 02:40:18,8.942,8.752,-0.0079999999999991,2.0120000000000005,8.754,74.15,5.789999999999999,0.0,1.0,1.0,0.0,0.0,1.0,1.0,1.0,True,DATA-09,False,public-derived-contiguous-slice
5634810,2020-04-18 02:40:28,8.95,8.764,-0.009999999999998,2.016,8.766,74.05,5.672499999999999,0.0,1.0,1.0,0.0,0.0,1.0,1.0,1.0,True,DATA-09,False,public-derived-contiguous-slice
5634820,2020-04-18 02:40:38,8.96,8.776,-0.009999999999998,2.02,8.778,74.05,5.802499999999998,0.0,1.0,1.0,0.0,0.0,1.0,1.0,1.0,True,DATA-09,False,public-derived-contiguous-slice
5634830,2020-04-18 02:40:48,7.644,8.758,-0.009999999999998,1.629999999999999,8.76,74.175,5.484999999999999,0.0,1.0,0.0,0.0,0.0,1.0,1.0,1.0,True,DATA-09,False,public-derived-contiguous-slice
5634840,2020-04-18 02:40:58,8.684,8.74,-0.009999999999998,1.9379999999999988,8.74,74.44999999999999,5.707500000000001,0.0,1.0,0.0,0.0,0.0,1.0,1.0,1.0,True,DATA-09,False,public-derived-contiguous-slice
5634850,2020-04-18 02:41:08,8.896,8.738,-0.009999999999998,1.998000000000001,8.74,74.44999999999999,5.629999999999999,0.0,1.0,0.0,0.0,0.0,1.0,1.0,1.0,True,DATA-09,False,public-derived-contiguous-slice
5634860,2020-04-18 02:41:18,8.904,8.748,-0.009999999999998,2.0,8.75,74.25,5.785,0.0,1.0,0.0,0.0,0.0,1.0,1.0,1.0,True,DATA-09,False,public-derived-contiguous-slice
5634870,2020-04-18 02:41:27,8.906,8.756,-0.0079999999999991,2.001999999999999,8.756,74.30000000000001,5.657499999999999,0.0,1.0,0.0,0.0,0.0,1.0,1.0,1.0,True,DATA-09,False,public-derived-contiguous-slice
5634880,2020-04-18 02:41:37,8.912,8.762,-0.0079999999999991,2.006,8.764,74.2,5.682499999999999,0.0,1.0,0.0,0.0,0.0,1.0,1.0,1.0,True,DATA-09,False,public-derived-contiguous-slice
5634890,2020-04-18 02:41:47,7.971999999999999,8.746,-0.009999999999998,1.7240000000000002,8.748,74.175,5.462499999999999,0.0,1.0,1.0,0.0,0.0,1.0,1.0,1.0,True,DATA-09,False,public-derived-contiguous-slice
5634900,2020-04-18 02:41:57,8.908,8.728,-0.0079999999999991,2.004,8.73,74.275,5.7575,0.0,1.0,1.0,0.0,0.0,1.0,1.0,1.0,True,DATA-09,False,public-derived-contiguous-slice
5634910,2020-04-18 02:42:07,8.936,8.74,-0.0079999999999991,2.007999999999999,8.744,74.25,5.702499999999999,0.0,1.0,1.0,0.0,0.0,1.0,1.0,1.0,True,DATA-09,False,public-derived-contiguous-slice
5634920,2020-04-18 02:42:17,8.944,8.756,-0.009999999999998,2.014,8.756,74.15,5.6625,0.0,1.0,1.0,0.0,0.0,1.0,1.0,1.0,True,DATA-09,False,public-derived-contiguous-slice
5634930,2020-04-18 02:42:27,8.95,8.766,-0.0079999999999991,2.016,8.768,74.05,5.809999999999999,0.0,1.0,1.0,0.0,0.0,1.0,1.0,1.0,True,DATA-09,False,public-derived-contiguous-slice
5634940,2020-04-18 02:42:37,8.96,8.776,-0.009999999999998,2.02,8.778,74.15,5.6525,0.0,1.0,1.0,0.0,0.0,1.0,1.0,1.0,True,DATA-09,False,public-derived-contiguous-slice
5634950,2020-04-18 02:42:47,7.614000000000001,8.758,-0.0079999999999991,1.6159999999999997,8.76,74.175,5.475000000000001,0.0,1.0,0.0,0.0,0.0,1.0,1.0,1.0,True,DATA-09,False,public-derived-contiguous-slice
5634960,2020-04-18 02:42:57,8.74,8.738,-0.009999999999998,1.9499999999999995,8.738,74.22500000000001,5.702499999999999,0.0,1.0,0.0,0.0,0.0,1.0,1.0,1.0,True,DATA-09,False,public-derived-contiguous-slice
5634970,2020-04-18 02:43:07,8.9,8.74,-0.009999999999998,2.0,8.74,74.4,5.6525,0.0,1.0,0.0,0.0,0.0,1.0,1.0,1.0,True,DATA-09,False,public-derived-contiguous-slice
5634980,2020-04-18 02:43:17,8.902,8.75,-0.0079999999999991,2.001999999999999,8.75,74.22500000000001,5.6875,0.0,1.0,0.0,0.0,0.0,1.0,1.0,1.0,True,DATA-09,False,public-derived-contiguous-slice
5634990,2020-04-18 02:43:26,8.906,8.756,-0.009999999999998,2.006,8.758,74.05,5.702499999999999,0.0,1.0,0.0,0.0,0.0,1.0,1.0,1.0,True,DATA-09,False,public-derived-contiguous-slice
5635000,2020-04-18 02:43:36,8.912,8.762,-0.009999999999998,2.006,8.766,74.05,5.752500000000001,0.0,1.0,0.0,0.0,0.0,1.0,1.0,1.0,True,DATA-09,False,public-derived-contiguous-slice
5635010,2020-04-18 02:43:46,7.958,8.746,-0.009999999999998,1.725999999999999,8.748,74.175,5.4125,0.0,1.0,1.0,0.0,0.0,1.0,1.0,1.0,True,DATA-09,False,public-derived-contiguous-slice
5635020,2020-04-18 02:43:56,8.922,8.728,-0.0079999999999991,2.004,8.732,74.50000000000001,5.824999999999999,0.0,1.0,1.0,0.0,0.0,1.0,1.0,1.0,True,DATA-09,False,public-derived-contiguous-slice
5635030,2020-04-18 02:44:06,8.94,8.742,-0.0079999999999991,2.0120000000000005,8.744,74.25,5.642499999999998,0.0,1.0,1.0,0.0,0.0,1.0,1.0,1.0,True,DATA-09,False,public-derived-contiguous-slice
5635040,2020-04-18 02:44:16,8.944,8.756,-0.009999999999998,2.0120000000000005,8.758,74.125,5.787500000000001,0.0,1.0,1.0,0.0,0.0,1.0,1.0,1.0,True,DATA-09,False,public-derived-contiguous-slice
5635050,2020-04-18 02:44:26,8.952,8.768,-0.009999999999998,2.0180000000000007,8.768,74.025,5.6775,0.0,1.0,1.0,0.0,0.0,1.0,1.0,1.0,True,DATA-09,False,public-derived-contiguous-slice
5635060,2020-04-18 02:44:36,8.962,8.778,-0.009999999999998,2.02,8.78,74.05,5.720000000000001,0.0,1.0,1.0,0.0,0.0,1.0,1.0,1.0,True,DATA-09,False,public-derived-contiguous-slice
5635070,2020-04-18 02:44:46,7.710000000000001,8.758,-0.009999999999998,1.6460000000000008,8.758,74.2,5.465,0.0,1.0,0.0,0.0,0.0,1.0,1.0,1.0,True,DATA-09,False,public-derived-contiguous-slice
5635080,2020-04-18 02:44:56,8.788,8.738,-0.0079999999999991,1.9640000000000004,8.74,74.44999999999999,5.7425,0.0,1.0,0.0,0.0,0.0,1.0,1.0,1.0,True,DATA-09,False,public-derived-contiguous-slice
5635090,2020-04-18 02:45:06,8.9,8.74,-0.009999999999998,1.998000000000001,8.742,74.35000000000001,5.6975,0.0,1.0,0.0,0.0,0.0,1.0,1.0,1.0,True,DATA-09,False,public-derived-contiguous-slice
5635100,2020-04-18 02:45:16,8.904,8.75,-0.009999999999998,2.001999999999999,8.752,74.25,5.68,0.0,1.0,0.0,0.0,0.0,1.0,1.0,1.0,True,DATA-09,False,public-derived-contiguous-slice
5635110,2020-04-18 02:45:25,8.906,8.758,-0.009999999999998,2.004,8.76,74.10000000000001,5.754999999999999,0.0,1.0,0.0,0.0,0.0,1.0,1.0,1.0,True,DATA-09,False,public-derived-contiguous-slice
5635120,2020-04-18 02:45:35,8.912,8.762,-0.0079999999999991,2.007999999999999,8.766,74.125,5.7125,0.0,1.0,0.0,0.0,0.0,1.0,1.0,1.0,True,DATA-09,False,public-derived-contiguous-slice
5635130,2020-04-18 02:45:45,8.018,8.744,-0.0079999999999991,1.7420000000000009,8.746,74.025,5.585000000000001,0.0,1.0,1.0,0.0,0.0,1.0,1.0,1.0,True,DATA-09,False,public-derived-contiguous-slice
5635140,2020-04-18 02:45:55,8.926,8.728,-0.009999999999998,2.007999999999999,8.732,74.325,5.802499999999998,0.0,1.0,1.0,0.0,0.0,1.0,1.0,1.0,True,DATA-09,False,public-derived-contiguous-slice
5635150,2020-04-18 02:46:05,8.938,8.742,-0.009999999999998,2.01,8.746,74.25,5.645,0.0,1.0,1.0,0.0,0.0,1.0,1.0,1.0,True,DATA-09,False,public-derived-contiguous-slice
5635160,2020-04-18 02:46:15,8.944,8.756,-0.0079999999999991,2.0180000000000007,8.758,74.125,5.8125,0.0,1.0,1.0,0.0,0.0,1.0,1.0,1.0,True,DATA-09,False,public-derived-contiguous-slice
5635170,2020-04-18 02:46:25,8.952,8.766,-0.0079999999999991,2.016,8.77,74.05,5.720000000000001,0.0,1.0,1.0,0.0,0.0,1.0,1.0,1.0,True,DATA-09,False,public-derived-contiguous-slice
5635180,2020-04-18 02:46:35,8.7,8.776,-0.0079999999999991,1.974,8.778,74.025,5.83,0.0,1.0,0.0,0.0,0.0,0.0,1.0,1.0,True,DATA-09,False,public-derived-contiguous-slice
5635190,2020-04-18 02:46:45,7.816000000000001,8.754,-0.009999999999998,1.6820000000000004,8.758,74.22500000000001,5.404999999999999,0.0,1.0,0.0,0.0,0.0,1.0,1.0,1.0,True,DATA-09,False,public-derived-contiguous-slice
5635200,2020-04-18 02:46:55,8.772,8.734,-0.009999999999998,1.9600000000000009,8.738,74.50000000000001,5.700000000000001,0.0,1.0,0.0,0.0,0.0,1.0,1.0,1.0,True,DATA-09,False,public-derived-contiguous-slice
5635210,2020-04-18 02:47:05,8.9,8.74,-0.0079999999999991,2.001999999999999,8.742,74.55000000000001,5.8125,0.0,1.0,0.0,0.0,0.0,1.0,1.0,1.0,True,DATA-09,False,public-derived-contiguous-slice
5635220,2020-04-18 02:47:15,8.902,8.748,-0.009999999999998,2.001999999999999,8.75,74.325,5.6675,0.0,1.0,0.0,0.0,0.0,1.0,1.0,1.0,True,DATA-09,False,public-derived-contiguous-slice
5635230,2020-04-18 02:47:24,8.904,8.754,-0.009999999999998,2.004,8.758,74.15,5.6775,0.0,1.0,0.0,0.0,0.0,1.0,1.0,1.0,True,DATA-09,False,public-derived-contiguous-slice
5635240,2020-04-18 02:47:34,8.91,8.762,-0.009999999999998,2.006,8.762,74.125,5.824999999999999,0.0,1.0,0.0,0.0,0.0,1.0,1.0,1.0,True,DATA-09,False,public-derived-contiguous-slice
5635250,2020-04-18 02:47:44,8.144,8.742,-0.009999999999998,1.7720000000000002,8.742,74.25,5.484999999999999,0.0,1.0,1.0,0.0,0.0,1.0,1.0,1.0,True,DATA-09,False,public-derived-contiguous-slice
5635260,2020-04-18 02:47:54,8.926,8.728,-0.0079999999999991,2.006,8.728,74.325,5.745000000000001,0.0,1.0,1.0,0.0,0.0,1.0,1.0,1.0,True,DATA-09,False,public-derived-contiguous-slice
5635270,2020-04-18 02:48:04,8.936,8.742,-0.0079999999999991,2.01,8.744,74.25,5.824999999999999,0.0,1.0,1.0,0.0,0.0,1.0,1.0,1.0,True,DATA-09,False,public-derived-contiguous-slice
5635280,2020-04-18 02:48:14,8.944,8.756,-0.009999999999998,2.014,8.756,74.125,5.805,0.0,1.0,1.0,0.0,0.0,1.0,1.0,1.0,True,DATA-09,False,public-derived-contiguous-slice
5635290,2020-04-18 02:48:24,8.952,8.766,-0.009999999999998,2.0180000000000007,8.768,74.15,5.657499999999999,0.0,1.0,1.0,0.0,0.0,1.0,1.0,1.0,True,DATA-09,False,public-derived-contiguous-slice
5635300,2020-04-18 02:48:34,8.708,8.774,-0.009999999999998,1.975999999999999,8.776,74.05,5.824999999999999,0.0,1.0,0.0,0.0,0.0,0.0,1.0,1.0,True,DATA-09,False,public-derived-contiguous-slice
5635310,2020-04-18 02:48:44,7.93,8.754,-0.0079999999999991,1.7119999999999995,8.754,74.25,5.407500000000001,0.0,1.0,0.0,0.0,0.0,1.0,1.0,1.0,True,DATA-09,False,public-derived-contiguous-slice
5635320,2020-04-18 02:48:54,8.824,8.734,-0.009999999999998,1.974,8.736,74.52499999999999,5.6975,0.0,1.0,0.0,0.0,0.0,1.0,1.0,1.0,True,DATA-09,False,public-derived-contiguous-slice
5635330,2020-04-18 02:49:04,8.898,8.738,-0.009999999999998,1.998000000000001,8.74,74.44999999999999,5.75,0.0,1.0,0.0,0.0,0.0,1.0,1.0,1.0,True,DATA-09,False,public-derived-contiguous-slice
5635340,2020-04-18 02:49:14,8.902,8.748,-0.009999999999998,2.0,8.75,74.275,5.6325,0.0,1.0,0.0,0.0,0.0,1.0,1.0,1.0,True,DATA-09,False,public-derived-contiguous-slice
5635350,2020-04-18 02:49:23,8.906,8.754,-0.009999999999998,2.001999999999999,8.756,74.175,5.762499999999999,0.0,1.0,0.0,0.0,0.0,1.0,1.0,1.0,True,DATA-09,False,public-derived-contiguous-slice
5635360,2020-04-18 02:49:33,6.49,8.76,-0.009999999999998,1.3339999999999996,8.762,74.22500000000001,5.25,0.0,1.0,1.0,0.0,0.0,1.0,1.0,1.0,True,DATA-09,False,public-derived-contiguous-slice
5635370,2020-04-18 02:49:43,8.126,8.74,-0.009999999999998,1.7699999999999996,8.742,74.25,5.5975,0.0,1.0,1.0,0.0,0.0,1.0,1.0,1.0,True,DATA-09,False,public-derived-contiguous-slice
5635380,2020-04-18 02:49:53,8.926,8.728,-0.0079999999999991,2.004,8.73,74.44999999999999,5.745000000000001,0.0,1.0,1.0,0.0,0.0,1.0,1.0,1.0,True,DATA-09,False,public-derived-contiguous-slice
5635390,2020-04-18 02:50:03,8.938,8.74,-0.009999999999998,2.007999999999999,8.744,74.4,5.785,0.0,1.0,1.0,0.0,0.0,1.0,1.0,1.0,True,DATA-09,False,public-derived-contiguous-slice
5635400,2020-04-18 02:50:13,8.942,8.754,-0.009999999999998,2.014,8.756,74.125,5.640000000000001,0.0,1.0,1.0,0.0,0.0,1.0,1.0,1.0,True,DATA-09,False,public-derived-contiguous-slice
5635410,2020-04-18 02:50:23,8.95,8.766,-0.009999999999998,2.0180000000000007,8.768,74.25,5.809999999999999,0.0,1.0,1.0,0.0,0.0,1.0,1.0,1.0,True,DATA-09,False,public-derived-contiguous-slice
5635420,2020-04-18 02:50:33,5.876,8.772,-0.009999999999998,1.1080000000000003,8.774,74.15,4.977500000000001,0.0,1.0,0.0,0.0,0.0,1.0,1.0,1.0,True,DATA-09,False,public-derived-contiguous-slice
5635430,2020-04-18 02:50:43,7.926,8.75,-0.009999999999998,1.7119999999999995,8.754,74.22500000000001,5.5375,0.0,1.0,0.0,0.0,0.0,1.0,1.0,1.0,True,DATA-09,False,public-derived-contiguous-slice
5635440,2020-04-18 02:50:53,8.82,8.73,-0.009999999999998,1.9720000000000013,8.734,74.44999999999999,5.629999999999999,0.0,1.0,0.0,0.0,0.0,1.0,1.0,1.0,True,DATA-09,False,public-derived-contiguous-slice
5635450,2020-04-18 02:51:03,8.898,8.738,-0.009999999999998,1.998000000000001,8.74,74.47500000000001,5.66,0.0,1.0,0.0,0.0,0.0,1.0,1.0,1.0,True,DATA-09,False,public-derived-contiguous-slice
5635460,2020-04-18 02:51:12,8.896,8.746,-0.009999999999998,2.0,8.748,74.37499999999999,5.785,0.0,1.0,0.0,0.0,0.0,1.0,1.0,1.0,True,DATA-09,False,public-derived-contiguous-slice
5635470,2020-04-18 02:51:22,8.902,8.752,-0.0079999999999991,2.001999999999999,8.754,74.15,5.707500000000001,0.0,1.0,0.0,0.0,0.0,1.0,1.0,1.0,True,DATA-09,False,public-derived-contiguous-slice
5635480,2020-04-18 02:51:32,6.424,8.756,-0.009999999999998,1.25,8.756,74.15,5.08,0.0,1.0,1.0,0.0,0.0,1.0,1.0,1.0,True,DATA-09,False,public-derived-contiguous-slice
5635490,2020-04-18 02:51:42,8.248,8.736,-0.009999999999998,1.806000000000001,8.738,74.22500000000001,5.642499999999998,0.0,1.0,1.0,0.0,0.0,1.0,1.0,1.0,True,DATA-09,False,public-derived-contiguous-slice
5635500,2020-04-18 02:51:52,8.922,8.724,-0.009999999999998,2.01,8.726,74.50000000000001,5.654999999999999,0.0,1.0,1.0,0.0,0.0,1.0,1.0,1.0,True,DATA-09,False,public-derived-contiguous-slice
5635510,2020-04-18 02:52:02,8.934,8.738,-0.009999999999998,2.01,8.74,74.37499999999999,5.682499999999999,0.0,1.0,1.0,0.0,0.0,1.0,1.0,1.0,True,DATA-09,False,public-derived-contiguous-slice
5635520,2020-04-18 02:52:12,8.938,8.752,-0.009999999999998,2.01,8.752,74.175,5.77,0.0,1.0,1.0,0.0,0.0,1.0,1.0,1.0,True,DATA-09,False,public-derived-contiguous-slice
5635530,2020-04-18 02:52:22,8.948,8.762,-0.0079999999999991,2.014,8.766,74.15,5.754999999999999,0.0,1.0,1.0,0.0,0.0,1.0,1.0,1.0,True,DATA-09,False,public-derived-contiguous-slice
5635540,2020-04-18 02:52:32,5.832000000000001,8.768,-0.009999999999998,1.0700000000000005,8.768,74.10000000000001,5.015000000000001,0.0,1.0,0.0,0.0,0.0,1.0,1.0,1.0,True,DATA-09,False,public-derived-contiguous-slice
5635550,2020-04-18 02:52:42,8.024,8.746,-0.0079999999999991,1.7360000000000009,8.748,74.37499999999999,5.445,0.0,1.0,0.0,0.0,0.0,1.0,1.0,1.0,True,DATA-09,False,public-derived-contiguous-slice
5635560,2020-04-18 02:52:52,8.86,8.726,-0.009999999999998,1.9860000000000009,8.728,74.55000000000001,5.607500000000002,0.0,1.0,0.0,0.0,0.0,1.0,1.0,1.0,True,DATA-09,False,public-derived-contiguous-slice
5635570,2020-04-18 02:53:01,8.894,8.734,-0.009999999999998,1.998000000000001,8.736,74.57499999999999,5.6525,0.0,1.0,0.0,0.0,0.0,1.0,1.0,1.0,True,DATA-09,False,public-derived-contiguous-slice
5635580,2020-04-18 02:53:11,8.894,8.742,-0.0079999999999991,1.998000000000001,8.744,74.35000000000001,5.7425,0.0,1.0,0.0,0.0,0.0,1.0,1.0,1.0,True,DATA-09,False,public-derived-contiguous-slice
5635590,2020-04-18 02:53:21,8.9,8.748,-0.0079999999999991,2.004,8.75,74.25,5.647500000000001,0.0,1.0,0.0,0.0,0.0,1.0,1.0,1.0,True,DATA-09,False,public-derived-contiguous-slice
5635600,2020-04-18 02:53:31,6.3260000000000005,8.75,-0.009999999999998,1.2220000000000013,8.754,74.30000000000001,5.215,0.0,1.0,1.0,0.0,0.0,1.0,1.0,1.0,True,DATA-09,False,public-derived-contiguous-slice
5635610,2020-04-18 02:53:41,8.316,8.73,-0.0079999999999991,1.83,8.732,74.35000000000001,5.512499999999999,0.0,1.0,1.0,0.0,0.0,1.0,1.0,1.0,True,DATA-09,False,public-derived-contiguous-slice
5635620,2020-04-18 02:53:51,8.92,8.72,-0.0079999999999991,2.01,8.722,74.55000000000001,5.787500000000001,0.0,1.0,1.0,0.0,0.0,1.0,1.0,1.0,True,DATA-09,False,public-derived-contiguous-slice
5635630,2020-04-18 02:54:01,8.928,8.734,-0.009999999999998,2.007999999999999,8.736,74.37499999999999,5.74,0.0,1.0,1.0,0.0,0.0,1.0,1.0,1.0,True,DATA-09,False,public-derived-contiguous-slice
5635640,2020-04-18 02:54:11,8.936,8.748,-0.0079999999999991,2.014,8.75,74.25,5.682499999999999,0.0,1.0,1.0,0.0,0.0,1.0,1.0,1.0,True,DATA-09,False,public-derived-contiguous-slice
5635650,2020-04-18 02:54:21,8.942,8.756,-0.009999999999998,2.014,8.758,74.25,5.674999999999999,0.0,1.0,1.0,0.0,0.0,1.0,1.0,1.0,True,DATA-09,False,public-derived-contiguous-slice
5635660,2020-04-18 02:54:31,6.093999999999999,8.76,-0.0079999999999991,1.16,8.762,74.325,5.18,0.0,1.0,0.0,0.0,0.0,1.0,1.0,1.0,True,DATA-09,False,public-derived-contiguous-slice
5635670,2020-04-18 02:54:41,8.008,8.738,-0.009999999999998,1.734,8.742,74.44999999999999,5.440000000000001,0.0,1.0,0.0,0.0,0.0,1.0,1.0,1.0,True,DATA-09,False,public-derived-contiguous-slice
5635680,2020-04-18 02:54:51,8.88,8.72,-0.0079999999999991,1.994,8.724,74.57499999999999,5.727500000000001,0.0,1.0,0.0,0.0,0.0,1.0,1.0,1.0,True,DATA-09,False,public-derived-contiguous-slice
5635690,2020-04-18 02:55:00,8.89,8.73,-0.0079999999999991,1.998000000000001,8.732,74.64999999999999,5.780000000000001,0.0,1.0,0.0,0.0,0.0,1.0,1.0,1.0,True,DATA-09,False,public-derived-contiguous-slice
5635700,2020-04-18 02:55:10,8.89,8.738,-0.0079999999999991,2.0,8.74,74.52499999999999,5.69,0.0,1.0,0.0,0.0,0.0,1.0,1.0,1.0,True,DATA-09,False,public-derived-contiguous-slice
5635710,2020-04-18 02:55:20,8.896,8.744,-0.0079999999999991,2.0,8.746,74.25,5.727500000000001,0.0,1.0,0.0,0.0,0.0,1.0,1.0,1.0,True,DATA-09,False,public-derived-contiguous-slice
5635720,2020-04-18 02:55:30,6.667999999999999,8.746,-0.0079999999999991,1.356,8.748,74.44999999999999,5.1525,0.0,1.0,1.0,0.0,0.0,1.0,1.0,1.0,True,DATA-09,False,public-derived-contiguous-slice
5635730,2020-04-18 02:55:40,8.326,8.726,-0.0079999999999991,1.83,8.728,74.55000000000001,5.66,0.0,1.0,1.0,0.0,0.0,1.0,1.0,1.0,True,DATA-09,False,public-derived-contiguous-slice
5635740,2020-04-18 02:55:50,8.918,8.718,-0.0079999999999991,2.004,8.72,74.47500000000001,5.737500000000001,0.0,1.0,1.0,0.0,0.0,1.0,1.0,1.0,True,DATA-09,False,public-derived-contiguous-slice
5635750,2020-04-18 02:56:00,8.93,8.732,-0.0079999999999991,2.007999999999999,8.734,74.42500000000001,5.727500000000001,0.0,1.0,1.0,0.0,0.0,1.0,1.0,1.0,True,DATA-09,False,public-derived-contiguous-slice
5635760,2020-04-18 02:56:10,8.932,8.744,-0.009999999999998,2.007999999999999,8.746,74.25,5.720000000000001,0.0,1.0,1.0,0.0,0.0,1.0,1.0,1.0,True,DATA-09,False,public-derived-contiguous-slice
5635770,2020-04-18 02:56:20,8.942,8.754,-0.0079999999999991,2.016,8.756,74.25,5.834999999999999,0.0,1.0,1.0,0.0,0.0,1.0,1.0,1.0,True,DATA-09,False,public-derived-contiguous-slice
5635780,2020-04-18 02:56:30,6.158,8.758,-0.0079999999999991,1.1780000000000008,8.76,74.35000000000001,5.02,0.0,1.0,0.0,0.0,0.0,1.0,1.0,1.0,True,DATA-09,False,public-derived-contiguous-slice
5635790,2020-04-18 02:56:40,8.13,8.734,-0.009999999999998,1.7699999999999996,8.738,74.55000000000001,5.575000000000001,0.0,1.0,0.0,0.0,0.0,1.0,1.0,1.0,True,DATA-09,False,public-derived-contiguous-slice
5635800,2020-04-18 02:56:50,8.878,8.72,-0.0060000000000002,1.9920000000000009,8.72,74.64999999999999,5.6525,0.0,1.0,0.0,0.0,0.0,1.0,1.0,1.0,True,DATA-09,False,public-derived-contiguous-slice
5635810,2020-04-18 02:56:59,8.886,8.728,-0.0079999999999991,1.9960000000000004,8.73,74.55000000000001,5.780000000000001,0.0,1.0,0.0,0.0,0.0,1.0,1.0,1.0,True,DATA-09,False,public-derived-contiguous-slice
5635820,2020-04-18 02:57:09,8.888,8.734,-0.0079999999999991,1.998000000000001,8.736,74.42500000000001,5.672499999999999,0.0,1.0,0.0,0.0,0.0,1.0,1.0,1.0,True,DATA-09,False,public-derived-contiguous-slice
5635830,2020-04-18 02:57:19,8.89,8.738,-0.009999999999998,1.998000000000001,8.74,74.25,5.809999999999999,0.0,1.0,0.0,0.0,0.0,1.0,1.0,1.0,True,DATA-09,False,public-derived-contiguous-slice
5635840,2020-04-18 02:57:29,6.720000000000001,8.74,-0.0079999999999991,1.3440000000000012,8.742,74.35000000000001,5.162500000000001,0.0,1.0,1.0,0.0,0.0,1.0,1.0,1.0,True,DATA-09,False,public-derived-contiguous-slice
5635850,2020-04-18 02:57:39,8.36,8.72,-0.0079999999999991,1.8440000000000007,8.722,74.37499999999999,5.549999999999999,0.0,1.0,1.0,0.0,0.0,1.0,1.0,1.0,True,DATA-09,False,public-derived-contiguous-slice
5635860,2020-04-18 02:57:49,8.916,8.716,-0.0079999999999991,2.001999999999999,8.718,74.62500000000001,5.809999999999999,0.0,1.0,1.0,0.0,0.0,1.0,1.0,1.0,True,DATA-09,False,public-derived-contiguous-slice
5635870,2020-04-18 02:57:59,8.926,8.73,-0.0079999999999991,2.01,8.732,74.42500000000001,5.634999999999998,0.0,1.0,1.0,0.0,0.0,1.0,1.0,1.0,True,DATA-09,False,public-derived-contiguous-slice
5635880,2020-04-18 02:58:09,8.932,8.742,-0.0079999999999991,2.01,8.746,74.35000000000001,5.6625,0.0,1.0,1.0,0.0,0.0,1.0,1.0,1.0,True,DATA-09,False,public-derived-contiguous-slice
5635890,2020-04-18 02:58:19,8.94,8.754,-0.009999999999998,2.014,8.756,74.25,5.67,0.0,1.0,1.0,0.0,0.0,1.0,1.0,1.0,True,DATA-09,False,public-derived-contiguous-slice
5635900,2020-04-18 02:58:29,6.452,8.754,-0.0079999999999991,1.2859999999999996,8.756,74.30000000000001,5.105,0.0,1.0,0.0,0.0,0.0,1.0,1.0,1.0,True,DATA-09,False,public-derived-contiguous-slice
5635910,2020-04-18 02:58:39,8.152,8.734,-0.0079999999999991,1.7779999999999987,8.736,74.47500000000001,5.512499999999999,0.0,1.0,0.0,0.0,0.0,1.0,1.0,1.0,True,DATA-09,False,public-derived-contiguous-slice
5635920,2020-04-18 02:58:49,8.88,8.718,-0.0079999999999991,1.9920000000000009,8.722,74.62500000000001,5.634999999999998,0.0,1.0,0.0,0.0,0.0,1.0,1.0,1.0,True,DATA-09,False,public-derived-contiguous-slice
5635930,2020-04-18 02:58:58,8.884,8.728,-0.0079999999999991,1.994,8.728,74.62500000000001,5.634999999999998,0.0,1.0,0.0,0.0,0.0,1.0,1.0,1.0,True,DATA-09,False,public-derived-contiguous-slice
5635940,2020-04-18 02:59:08,8.89,8.736,-0.0079999999999991,1.998000000000001,8.738,74.57499999999999,5.640000000000001,0.0,1.0,0.0,0.0,0.0,1.0,1.0,1.0,True,DATA-09,False,public-derived-contiguous-slice
5635950,2020-04-18 02:59:18,8.894,8.742,-0.0079999999999991,2.001999999999999,8.744,74.25,5.805,0.0,1.0,0.0,0.0,0.0,1.0,1.0,1.0,True,DATA-09,False,public-derived-contiguous-slice
5635960,2020-04-18 02:59:28,6.936,8.74,-0.0079999999999991,1.4220000000000006,8.744,74.22500000000001,5.295000000000002,0.0,1.0,1.0,0.0,0.0,1.0,1.0,1.0,True,DATA-09,False,public-derived-contiguous-slice
5635970,2020-04-18 02:59:38,8.45,8.722,-0.009999999999998,1.8739999999999988,8.722,74.35000000000001,5.5375,0.0,1.0,1.0,0.0,0.0,1.0,1.0,1.0,True,DATA-09,False,public-derived-contiguous-slice
5635980,2020-04-18 02:59:48,8.92,8.718,-0.0079999999999991,2.004,8.72,74.44999999999999,5.797499999999999,0.0,1.0,1.0,0.0,0.0,1.0,1.0,1.0,True,DATA-09,False,public-derived-contiguous-slice
5635990,2020-04-18 02:59:58,8.928,8.732,-0.0079999999999991,2.007999999999999,8.734,74.37499999999999,5.69,0.0,1.0,1.0,0.0,0.0,1.0,1.0,1.0,True,DATA-09,False,public-derived-contiguous-slice
5636000,2020-04-18 03:00:08,8.934,8.748,-0.0079999999999991,2.01,8.748,74.15,5.765000000000001,0.0,1.0,1.0,0.0,0.0,1.0,1.0,1.0,True,DATA-09,False,public-derived-contiguous-slice
5636010,2020-04-18 03:00:18,8.942,8.756,-0.009999999999998,2.014,8.758,74.10000000000001,5.6975,0.0,1.0,1.0,0.0,0.0,1.0,1.0,1.0,True,DATA-09,False,public-derived-contiguous-slice
5636020,2020-04-18 03:00:28,6.478,8.754,-0.009999999999998,1.2899999999999991,8.756,74.15,5.084999999999999,0.0,1.0,0.0,0.0,0.0,1.0,1.0,1.0,True,DATA-09,False,public-derived-contiguous-slice
5636030,2020-04-18 03:00:38,8.26,8.734,-0.009999999999998,1.808,8.736,74.42500000000001,5.547500000000001,0.0,1.0,0.0,0.0,0.0,1.0,1.0,1.0,True,DATA-09,False,public-derived-contiguous-slice
5636040,2020-04-18 03:00:48,8.884,8.72,-0.0079999999999991,1.9920000000000009,8.724,74.64999999999999,5.782499999999999,0.0,1.0,0.0,0.0,0.0,1.0,1.0,1.0,True,DATA-09,False,public-derived-contiguous-slice
5636050,2020-04-18 03:00:57,8.888,8.73,-0.009999999999998,1.994,8.732,74.55000000000001,5.6975,0.0,1.0,0.0,0.0,0.0,1.0,1.0,1.0,True,DATA-09,False,public-derived-contiguous-slice
5636060,2020-04-18 03:01:07,8.892,8.736,-0.0079999999999991,1.998000000000001,8.74,74.4,5.767500000000002,0.0,1.0,0.0,0.0,0.0,1.0,1.0,1.0,True,DATA-09,False,public-derived-contiguous-slice
5636070,2020-04-18 03:01:17,8.898,8.746,-0.009999999999998,2.0,8.746,74.35000000000001,5.7425,0.0,1.0,0.0,0.0,0.0,1.0,1.0,1.0,True,DATA-09,False,public-derived-contiguous-slice
5636080,2020-04-18 03:01:27,6.960000000000001,8.742,-0.0079999999999991,1.4400000000000013,8.744,74.15,5.3575,0.0,1.0,1.0,0.0,0.0,1.0,1.0,1.0,True,DATA-09,False,public-derived-contiguous-slice
5636090,2020-04-18 03:01:37,8.454,8.726,-0.0079999999999991,1.8640000000000008,8.726,74.30000000000001,5.565,0.0,1.0,1.0,0.0,0.0,1.0,1.0,1.0,True,DATA-09,False,public-derived-contiguous-slice
5636100,2020-04-18 03:01:47,8.92,8.722,-0.0079999999999991,2.004,8.724,74.44999999999999,5.625,0.0,1.0,1.0,0.0,0.0,1.0,1.0,1.0,True,DATA-09,False,public-derived-contiguous-slice
5636110,2020-04-18 03:01:57,8.928,8.734,-0.0079999999999991,2.006,8.736,74.35000000000001,5.674999999999999,0.0,1.0,1.0,0.0,0.0,1.0,1.0,1.0,True,DATA-09,False,public-derived-contiguous-slice
5636120,2020-04-18 03:02:07,8.938,8.746,-0.0079999999999991,2.0120000000000005,8.75,74.275,5.6525,0.0,1.0,1.0,0.0,0.0,1.0,1.0,1.0,True,DATA-09,False,public-derived-contiguous-slice
5636130,2020-04-18 03:02:17,8.948,8.758,-0.009999999999998,2.014,8.762,74.15,5.6625,0.0,1.0,1.0,0.0,0.0,1.0,1.0,1.0,True,DATA-09,False,public-derived-contiguous-slice
5636140,2020-04-18 03:02:27,6.702,8.756,-0.0079999999999991,1.3659999999999997,8.758,74.175,5.175000000000001,0.0,1.0,0.0,0.0,0.0,1.0,1.0,1.0,True,DATA-09,False,public-derived-contiguous-slice
5636150,2020-04-18 03:02:37,8.26,8.736,-0.009999999999998,1.8099999999999987,8.738,74.35000000000001,5.5525,0.0,1.0,0.0,0.0,0.0,1.0,1.0,1.0,True,DATA-09,False,public-derived-contiguous-slice
5636160,2020-04-18 03:02:46,8.886,8.722,-0.009999999999998,1.9920000000000009,8.724,74.44999999999999,5.772500000000001,0.0,1.0,0.0,0.0,0.0,1.0,1.0,1.0,True,DATA-09,False,public-derived-contiguous-slice
5636170,2020-04-18 03:02:56,8.894,8.734,-0.0079999999999991,1.998000000000001,8.736,74.50000000000001,5.8125,0.0,1.0,0.0,0.0,0.0,1.0,1.0,1.0,True,DATA-09,False,public-derived-contiguous-slice
5636180,2020-04-18 03:03:06,8.892,8.74,-0.009999999999998,1.998000000000001,8.742,74.22500000000001,5.69,0.0,1.0,0.0,0.0,0.0,1.0,1.0,1.0,True,DATA-09,False,public-derived-contiguous-slice
5636190,2020-04-18 03:03:16,8.896,8.746,-0.009999999999998,2.0,8.748,74.15,5.674999999999999,0.0,1.0,0.0,0.0,0.0,1.0,1.0,1.0,True,DATA-09,False,public-derived-contiguous-slice
5636200,2020-04-18 03:03:26,7.158,8.74,-0.0079999999999991,1.4900000000000002,8.744,74.22500000000001,5.369999999999999,0.0,1.0,1.0,0.0,0.0,1.0,1.0,1.0,True,DATA-09,False,public-derived-contiguous-slice
5636210,2020-04-18 03:03:36,8.552,8.72,-0.0079999999999991,1.894,8.722,74.25,5.73,0.0,1.0,1.0,0.0,0.0,1.0,1.0,1.0,True,DATA-09,False,public-derived-contiguous-slice
5636220,2020-04-18 03:03:46,8.92,8.72,-0.0079999999999991,2.006,8.722,74.4,5.782499999999999,0.0,1.0,1.0,0.0,0.0,1.0,1.0,1.0,True,DATA-09,False,public-derived-contiguous-slice
5636230,2020-04-18 03:03:56,8.926,8.732,-0.009999999999998,2.006,8.734,74.25,5.620000000000001,0.0,1.0,1.0,0.0,0.0,1.0,1.0,1.0,True,DATA-09,False,public-derived-contiguous-slice
5636240,2020-04-18 03:04:06,8.932,8.744,-0.0079999999999991,2.007999999999999,8.746,74.175,5.649999999999999,0.0,1.0,1.0,0.0,0.0,1.0,1.0,1.0,True,DATA-09,False,public-derived-contiguous-slice
5636250,2020-04-18 03:04:16,8.94,8.752,-0.0079999999999991,2.014,8.756,74.125,5.787500000000001,0.0,1.0,1.0,0.0,0.0,1.0,1.0,1.0,True,DATA-09,False,public-derived-contiguous-slice
5636260,2020-04-18 03:04:26,6.710000000000001,8.75,-0.0079999999999991,1.3659999999999997,8.752,74.22500000000001,5.26,0.0,1.0,0.0,0.0,0.0,1.0,1.0,1.0,True,DATA-09,False,public-derived-contiguous-slice
5636270,2020-04-18 03:04:35,8.348,8.73,-0.0079999999999991,1.8320000000000007,8.73,74.47500000000001,5.642499999999998,0.0,1.0,0.0,0.0,0.0,1.0,1.0,1.0,True,DATA-09,False,public-derived-contiguous-slice
5636280,2020-04-18 03:04:45,8.882,8.718,-0.0079999999999991,1.9920000000000009,8.72,74.52499999999999,5.645,0.0,1.0,0.0,0.0,0.0,1.0,1.0,1.0,True,DATA-09,False,public-derived-contiguous-slice
5636290,2020-04-18 03:04:55,8.884,8.728,-0.0079999999999991,1.994,8.732,74.42500000000001,5.725,0.0,1.0,0.0,0.0,0.0,1.0,1.0,1.0,True,DATA-09,False,public-derived-contiguous-slice
5636300,2020-04-18 03:05:05,8.89,8.736,-0.0079999999999991,1.994,8.738,74.275,5.69,0.0,1.0,0.0,0.0,0.0,1.0,1.0,1.0,True,DATA-09,False,public-derived-contiguous-slice
5636310,2020-04-18 03:05:15,8.898,8.744,-0.0079999999999991,2.0,8.746,74.15,5.6975,0.0,1.0,0.0,0.0,0.0,1.0,1.0,1.0,True,DATA-09,False,public-derived-contiguous-slice
5636320,2020-04-18 03:05:25,7.199999999999999,8.738,-0.0079999999999991,1.5099999999999998,8.74,74.15,5.3325,0.0,1.0,1.0,0.0,0.0,1.0,1.0,1.0,True,DATA-09,False,public-derived-contiguous-slice
5636330,2020-04-18 03:05:35,8.57,8.72,-0.009999999999998,1.8960000000000008,8.722,74.35000000000001,5.715,0.0,1.0,1.0,0.0,0.0,1.0,1.0,1.0,True,DATA-09,False,public-derived-contiguous-slice
5636340,2020-04-18 03:05:45,8.92,8.72,-0.0079999999999991,2.001999999999999,8.724,74.47500000000001,5.6675,0.0,1.0,1.0,0.0,0.0,1.0,1.0,1.0,True,DATA-09,False,public-derived-contiguous-slice
5636350,2020-04-18 03:05:55,8.928,8.736,-0.0079999999999991,2.007999999999999,8.738,74.325,5.780000000000001,0.0,1.0,1.0,0.0,0.0,1.0,1.0,1.0,True,DATA-09,False,public-derived-contiguous-slice
5636360,2020-04-18 03:06:05,8.936,8.748,-0.0079999999999991,2.01,8.75,74.22500000000001,5.700000000000001,0.0,1.0,1.0,0.0,0.0,1.0,1.0,1.0,True,DATA-09,False,public-derived-contiguous-slice
5636370,2020-04-18 03:06:15,8.944,8.758,-0.0079999999999991,2.014,8.76,74.125,5.802499999999998,0.0,1.0,1.0,0.0,0.0,1.0,1.0,1.0,True,DATA-09,False,public-derived-contiguous-slice
5636380,2020-04-18 03:06:24,6.75,8.754,-0.0079999999999991,1.3760000000000012,8.758,74.15,5.1675,0.0,1.0,0.0,0.0,0.0,1.0,1.0,1.0,True,DATA-09,False,public-derived-contiguous-slice
5636390,2020-04-18 03:06:34,8.37,8.732,-0.0079999999999991,1.8419999999999987,8.734,74.275,5.540000000000001,0.0,1.0,0.0,0.0,0.0,1.0,1.0,1.0,True,DATA-09,False,public-derived-contiguous-slice
5636400,2020-04-18 03:06:44,8.886,8.722,-0.0079999999999991,1.994,8.726,74.44999999999999,5.734999999999999,0.0,1.0,0.0,0.0,0.0,1.0,1.0,1.0,True,DATA-09,False,public-derived-contiguous-slice
5636410,2020-04-18 03:06:54,8.892,8.734,-0.0079999999999991,1.994,8.736,74.35000000000001,5.6525,0.0,1.0,0.0,0.0,0.0,1.0,1.0,1.0,True,DATA-09,False,public-derived-contiguous-slice
5636420,2020-04-18 03:07:04,8.892,8.74,-0.0079999999999991,1.9960000000000004,8.742,74.125,5.664999999999999,0.0,1.0,0.0,0.0,0.0,1.0,1.0,1.0,True,DATA-09,False,public-derived-contiguous-slice
5636430,2020-04-18 03:07:14,8.9,8.748,-0.0079999999999991,2.004,8.75,74.15,5.702499999999999,0.0,1.0,0.0,0.0,0.0,1.0,1.0,1.0,True,DATA-09,False,public-derived-contiguous-slice
5636440,2020-04-18 03:07:24,7.23,8.742,-0.009999999999998,1.5079999999999991,8.744,74.125,5.375,0.0,1.0,1.0,0.0,0.0,1.0,1.0,1.0,True,DATA-09,False,public-derived-contiguous-slice
5636450,2020-04-18 03:07:34,8.58,8.722,-0.0079999999999991,1.904,8.726,74.22500000000001,5.547500000000001,0.0,1.0,1.0,0.0,0.0,1.0,1.0,1.0,True,DATA-09,False,public-derived-contiguous-slice
5636460,2020-04-18 03:07:44,8.922,8.726,-0.0079999999999991,2.004,8.728,74.275,5.6625,0.0,1.0,1.0,0.0,0.0,1.0,1.0,1.0,True,DATA-09,False,public-derived-contiguous-slice
5636470,2020-04-18 03:07:54,8.93,8.74,-0.009999999999998,2.01,8.74,74.22500000000001,5.664999999999999,0.0,1.0,1.0,0.0,0.0,1.0,1.0,1.0,True,DATA-09,False,public-derived-contiguous-slice
5636480,2020-04-18 03:08:04,8.94,8.75,-0.009999999999998,2.01,8.752,74.125,5.727500000000001,0.0,1.0,1.0,0.0,0.0,1.0,1.0,1.0,True,DATA-09,False,public-derived-contiguous-slice
5636490,2020-04-18 03:08:13,8.95,8.762,-0.009999999999998,2.016,8.764,74.05,5.682499999999999,0.0,1.0,1.0,0.0,0.0,1.0,1.0,1.0,True,DATA-09,False,public-derived-contiguous-slice
5636500,2020-04-18 03:08:23,6.988,8.756,-0.009999999999998,1.4420000000000002,8.758,74.125,5.272500000000001,0.0,1.0,0.0,0.0,0.0,1.0,1.0,1.0,True,DATA-09,False,public-derived-contiguous-slice
5636510,2020-04-18 03:08:33,8.386,8.736,-0.009999999999998,1.8440000000000007,8.738,74.35000000000001,5.51,0.0,1.0,0.0,0.0,0.0,1.0,1.0,1.0,True,DATA-09,False,public-derived-contiguous-slice
5636520,2020-04-18 03:08:43,8.888,8.726,-0.009999999999998,1.9920000000000009,8.728,74.44999999999999,5.772500000000001,0.0,1.0,0.0,0.0,0.0,1.0,1.0,1.0,True,DATA-09,False,public-derived-contiguous-slice
5636530,2020-04-18 03:08:53,8.894,8.736,-0.0079999999999991,1.994,8.738,74.25,5.727500000000001,0.0,1.0,0.0,0.0,0.0,1.0,1.0,1.0,True,DATA-09,False,public-derived-contiguous-slice
5636540,2020-04-18 03:09:03,8.896,8.746,-0.0079999999999991,1.998000000000001,8.748,74.175,5.664999999999999,0.0,1.0,0.0,0.0,0.0,1.0,1.0,1.0,True,DATA-09,False,public-derived-contiguous-slice
5636550,2020-04-18 03:09:13,8.9,8.752,-0.009999999999998,2.0,8.754,74.075,5.709999999999999,0.0,1.0,0.0,0.0,0.0,1.0,1.0,1.0,True,DATA-09,False,public-derived-contiguous-slice
5636560,2020-04-18 03:09:23,7.272,8.746,-0.0079999999999991,1.5259999999999998,8.748,74.15,5.4,0.0,1.0,1.0,0.0,0.0,1.0,1.0,1.0,True,DATA-09,False,public-derived-contiguous-slice
5636570,2020-04-18 03:09:33,8.682,8.724,-0.009999999999998,1.9320000000000004,8.728,74.25,5.625,0.0,1.0,1.0,0.0,0.0,1.0,1.0,1.0,True,DATA-09,False,public-derived-contiguous-slice
5636580,2020-04-18 03:09:43,8.928,8.728,-0.0079999999999991,2.006,8.732,74.275,5.789999999999999,0.0,1.0,1.0,0.0,0.0,1.0,1.0,1.0,True,DATA-09,False,public-derived-contiguous-slice
5636590,2020-04-18 03:09:53,8.934,8.744,-0.009999999999998,2.007999999999999,8.746,74.25,5.737500000000001,0.0,1.0,1.0,0.0,0.0,1.0,1.0,1.0,True,DATA-09,False,public-derived-contiguous-slice
5636600,2020-04-18 03:10:03,8.942,8.756,-0.0079999999999991,2.016,8.758,74.075,5.647500000000001,0.0,1.0,1.0,0.0,0.0,1.0,1.0,1.0,True,DATA-09,False,public-derived-contiguous-slice
5636610,2020-04-18 03:10:12,8.952,8.766,-0.009999999999998,2.0180000000000007,8.768,74.075,5.817499999999999,0.0,1.0,1.0,0.0,0.0,1.0,1.0,1.0,True,DATA-09,False,public-derived-contiguous-slice
5636620,2020-04-18 03:10:22,7.0280000000000005,8.758,-0.009999999999998,1.452,8.76,74.05,5.2675,0.0,1.0,0.0,0.0,0.0,1.0,1.0,1.0,True,DATA-09,False,public-derived-contiguous-slice
5636630,2020-04-18 03:10:32,8.408,8.74,-0.0079999999999991,1.8520000000000003,8.742,74.30000000000001,5.59,0.0,1.0,0.0,0.0,0.0,1.0,1.0,1.0,True,DATA-09,False,public-derived-contiguous-slice
5636640,2020-04-18 03:10:42,8.89,8.732,-0.0079999999999991,1.994,8.732,74.50000000000001,5.6525,0.0,1.0,0.0,0.0,0.0,1.0,1.0,1.0,True,DATA-09,False,public-derived-contiguous-slice
5636650,2020-04-18 03:10:52,8.896,8.738,-0.0079999999999991,1.9960000000000004,8.742,74.35000000000001,5.645,0.0,1.0,0.0,0.0,0.0,1.0,1.0,1.0,True,DATA-09,False,public-derived-contiguous-slice
5636660,2020-04-18 03:11:02,8.898,8.748,-0.009999999999998,1.998000000000001,8.75,74.25,5.66,0.0,1.0,0.0,0.0,0.0,1.0,1.0,1.0,True,DATA-09,False,public-derived-contiguous-slice
5636670,2020-04-18 03:11:12,8.904,8.754,-0.0079999999999991,2.001999999999999,8.756,74.22500000000001,5.807500000000001,0.0,1.0,0.0,0.0,0.0,1.0,1.0,1.0,True,DATA-09,False,public-derived-contiguous-slice
5636680,2020-04-18 03:11:22,7.439999999999999,8.746,-0.0079999999999991,1.5679999999999996,8.748,74.22500000000001,5.317499999999999,0.0,1.0,1.0,0.0,0.0,1.0,1.0,1.0,True,DATA-09,False,public-derived-contiguous-slice
5636690,2020-04-18 03:11:32,8.68,8.728,-0.0079999999999991,1.9320000000000004,8.73,74.275,5.692500000000001,0.0,1.0,1.0,0.0,0.0,1.0,1.0,1.0,True,DATA-09,False,public-derived-contiguous-slice
5636700,2020-04-18 03:11:42,8.93,8.732,-0.0079999999999991,2.006,8.734,74.4,5.787500000000001,0.0,1.0,1.0,0.0,0.0,1.0,1.0,1.0,True,DATA-09,False,public-derived-contiguous-slice
5636710,2020-04-18 03:11:52,8.938,8.748,-0.0079999999999991,2.01,8.748,74.22500000000001,5.8225,0.0,1.0,1.0,0.0,0.0,1.0,1.0,1.0,True,DATA-09,False,public-derived-contiguous-slice
5636720,2020-04-18 03:12:01,8.946,8.76,-0.0079999999999991,2.014,8.762,74.05,5.694999999999999,0.0,1.0,1.0,0.0,0.0,1.0,1.0,1.0,True,DATA-09,False,public-derived-contiguous-slice
5636730,2020-04-18 03:12:11,8.954,8.768,-0.009999999999998,2.016,8.77,74.15,5.720000000000001,0.0,1.0,1.0,0.0,0.0,1.0,1.0,1.0,True,DATA-09,False,public-derived-contiguous-slice
5636740,2020-04-18 03:12:21,7.188000000000001,8.76,-0.0079999999999991,1.5,8.762,74.025,5.352499999999999,0.0,1.0,0.0,0.0,0.0,1.0,1.0,1.0,True,DATA-09,False,public-derived-contiguous-slice
5636750,2020-04-18 03:12:31,8.474,8.74,-0.0079999999999991,1.878,8.742,74.275,5.602499999999999,0.0,1.0,0.0,0.0,0.0,1.0,1.0,1.0,True,DATA-09,False,public-derived-contiguous-slice
5636760,2020-04-18 03:12:41,8.894,8.734,-0.0079999999999991,1.998000000000001,8.736,74.44999999999999,5.75,0.0,1.0,0.0,0.0,0.0,1.0,1.0,1.0,True,DATA-09,False,public-derived-contiguous-slice
5636770,2020-04-18 03:12:51,8.898,8.744,-0.0079999999999991,1.9960000000000004,8.746,74.325,5.702499999999999,0.0,1.0,0.0,0.0,0.0,1.0,1.0,1.0,True,DATA-09,False,public-derived-contiguous-slice
5636780,2020-04-18 03:13:01,8.906,8.752,-0.0079999999999991,2.0,8.754,74.025,5.7225,0.0,1.0,0.0,0.0,0.0,1.0,1.0,1.0,True,DATA-09,False,public-derived-contiguous-slice
5636790,2020-04-18 03:13:11,8.908,8.758,-0.0079999999999991,2.006,8.76,74.025,5.782499999999999,0.0,1.0,0.0,0.0,0.0,1.0,1.0,1.0,True,DATA-09,False,public-derived-contiguous-slice
5636800,2020-04-18 03:13:21,7.462,8.75,-0.0079999999999991,1.5820000000000007,8.75,74.05,5.2925,0.0,1.0,1.0,0.0,0.0,1.0,1.0,1.0,True,DATA-09,False,public-derived-contiguous-slice
5636810,2020-04-18 03:13:31,8.764,8.73,-0.0079999999999991,1.958,8.732,74.2,5.75,0.0,1.0,1.0,0.0,0.0,1.0,1.0,1.0,True,DATA-09,False,public-derived-contiguous-slice
5636820,2020-04-18 03:13:41,8.934,8.736,-0.0079999999999991,2.006,8.74,74.22500000000001,5.705,0.0,1.0,1.0,0.0,0.0,1.0,1.0,1.0,True,DATA-09,False,public-derived-contiguous-slice
5636830,2020-04-18 03:13:50,8.94,8.75,-0.0079999999999991,2.0120000000000005,8.752,74.025,5.6525,0.0,1.0,1.0,0.0,0.0,1.0,1.0,1.0,True,DATA-09,False,public-derived-contiguous-slice
5636840,2020-04-18 03:14:00,8.95,8.76,-0.0079999999999991,2.016,8.764,73.95,5.824999999999999,0.0,1.0,1.0,0.0,0.0,1.0,1.0,1.0,True,DATA-09,False,public-derived-contiguous-slice
5636850,2020-04-18 03:14:10,8.96,8.772,-0.0079999999999991,2.02,8.774,74.025,5.74,0.0,1.0,1.0,0.0,0.0,1.0,1.0,1.0,True,DATA-09,False,public-derived-contiguous-slice
5636860,2020-04-18 03:14:20,7.202,8.762,-0.009999999999998,1.5039999999999996,8.764,74.025,5.27,0.0,1.0,0.0,0.0,0.0,1.0,1.0,1.0,True,DATA-09,False,public-derived-contiguous-slice
5636870,2020-04-18 03:14:30,8.486,8.744,-0.0079999999999991,1.872,8.746,74.125,5.674999999999999,0.0,1.0,0.0,0.0,0.0,1.0,1.0,1.0,True,DATA-09,False,public-derived-contiguous-slice
5636880,2020-04-18 03:14:40,8.896,8.738,-0.0079999999999991,1.9960000000000004,8.74,74.22500000000001,5.627500000000001,0.0,1.0,0.0,0.0,0.0,1.0,1.0,1.0,True,DATA-09,False,public-derived-contiguous-slice
5636890,2020-04-18 03:14:50,8.904,8.748,-0.0079999999999991,1.998000000000001,8.748,74.025,5.787500000000001,0.0,1.0,0.0,0.0,0.0,1.0,1.0,1.0,True,DATA-09,False,public-derived-contiguous-slice
5636900,2020-04-18 03:15:00,8.906,8.754,-0.0079999999999991,2.0,8.758,74.125,5.75,0.0,1.0,0.0,0.0,0.0,1.0,1.0,1.0,True,DATA-09,False,public-derived-contiguous-slice
5636910,2020-04-18 03:15:10,8.91,8.76,-0.009999999999998,2.004,8.762,74.0,5.6675,0.0,1.0,0.0,0.0,0.0,1.0,1.0,1.0,True,DATA-09,False,public-derived-contiguous-slice
5636920,2020-04-18 03:15:20,7.608,8.75,-0.009999999999998,1.622,8.752,73.95,5.387500000000001,0.0,1.0,1.0,0.0,0.0,1.0,1.0,1.0,True,DATA-09,False,public-derived-contiguous-slice
5636930,2020-04-18 03:15:30,8.764,8.732,-0.0079999999999991,1.958,8.734,74.125,5.7475000000000005,0.0,1.0,1.0,0.0,0.0,1.0,1.0,1.0,True,DATA-09,False,public-derived-contiguous-slice
5636940,2020-04-18 03:15:39,8.938,8.738,-0.009999999999998,2.006,8.74,74.25,5.657499999999999,0.0,1.0,1.0,0.0,0.0,1.0,1.0,1.0,True,DATA-09,False,public-derived-contiguous-slice
5636950,2020-04-18 03:15:49,8.942,8.752,-0.009999999999998,2.0120000000000005,8.754,74.15,5.782499999999999,0.0,1.0,1.0,0.0,0.0,1.0,1.0,1.0,True,DATA-09,False,public-derived-contiguous-slice
5636960,2020-04-18 03:15:59,8.948,8.764,-0.009999999999998,2.016,8.766,74.05,5.827500000000001,0.0,1.0,1.0,0.0,0.0,1.0,1.0,1.0,True,DATA-09,False,public-derived-contiguous-slice
5636970,2020-04-18 03:16:09,8.96,8.774,-0.0079999999999991,2.02,8.776,74.05,5.7125,0.0,1.0,1.0,0.0,0.0,1.0,1.0,1.0,True,DATA-09,False,public-derived-contiguous-slice
5636980,2020-04-18 03:16:19,7.25,8.764,-0.0079999999999991,1.518000000000001,8.766,74.125,5.337499999999999,0.0,1.0,0.0,0.0,0.0,1.0,1.0,1.0,True,DATA-09,False,public-derived-contiguous-slice
5636990,2020-04-18 03:16:29,8.59,8.742,-0.0079999999999991,1.904,8.746,74.37499999999999,5.654999999999999,0.0,1.0,0.0,0.0,0.0,1.0,1.0,1.0,True,DATA-09,False,public-derived-contiguous-slice
5637000,2020-04-18 03:16:39,8.898,8.74,-0.0079999999999991,1.9960000000000004,8.742,74.4,5.7425,0.0,1.0,0.0,0.0,0.0,1.0,1.0,1.0,True,DATA-09,False,public-derived-contiguous-slice
5637010,2020-04-18 03:16:49,8.904,8.748,-0.0079999999999991,2.0,8.752,74.15,5.6175,0.0,1.0,0.0,0.0,0.0,1.0,1.0,1.0,True,DATA-09,False,public-derived-contiguous-slice
5637020,2020-04-18 03:16:59,8.906,8.754,-0.0079999999999991,2.0,8.758,73.975,5.73,0.0,1.0,0.0,0.0,0.0,1.0,1.0,1.0,True,DATA-09,False,public-derived-contiguous-slice
5637030,2020-04-18 03:17:09,8.914,8.764,-0.0079999999999991,2.006,8.766,74.025,5.649999999999999,0.0,1.0,0.0,0.0,0.0,1.0,1.0,1.0,True,DATA-09,False,public-derived-contiguous-slice
5637040,2020-04-18 03:17:19,7.641999999999999,8.75,-0.009999999999998,1.628,8.754,73.95,5.489999999999998,0.0,1.0,1.0,0.0,0.0,1.0,1.0,1.0,True,DATA-09,False,public-derived-contiguous-slice
5637050,2020-04-18 03:17:28,8.776,8.734,-0.009999999999998,1.9600000000000009,8.736,74.15,5.672499999999999,0.0,1.0,1.0,0.0,0.0,1.0,1.0,1.0,True,DATA-09,False,public-derived-contiguous-slice
5637060,2020-04-18 03:17:38,8.938,8.74,-0.009999999999998,2.007999999999999,8.742,74.15,5.7425,0.0,1.0,1.0,0.0,0.0,1.0,1.0,1.0,True,DATA-09,False,public-derived-contiguous-slice
5637070,2020-04-18 03:17:48,8.946,8.754,-0.009999999999998,2.01,8.758,73.95,5.782499999999999,0.0,1.0,1.0,0.0,0.0,1.0,1.0,1.0,True,DATA-09,False,public-derived-contiguous-slice
5637080,2020-04-18 03:17:58,8.954,8.764,-0.0079999999999991,2.016,8.768,73.95,5.807500000000001,0.0,1.0,1.0,0.0,0.0,1.0,1.0,1.0,True,DATA-09,False,public-derived-contiguous-slice
5637090,2020-04-18 03:18:08,8.962,8.776,-0.0079999999999991,2.02,8.778,73.9,5.800000000000001,0.0,1.0,1.0,0.0,0.0,1.0,1.0,1.0,True,DATA-09,False,public-derived-contiguous-slice
5637100,2020-04-18 03:18:18,7.378,8.762,-0.009999999999998,1.556000000000001,8.766,73.95,5.309999999999999,0.0,1.0,0.0,0.0,0.0,1.0,1.0,1.0,True,DATA-09,False,public-derived-contiguous-slice
5637110,2020-04-18 03:18:28,8.578,8.744,-0.009999999999998,1.902000000000001,8.746,74.325,5.6325,0.0,1.0,0.0,0.0,0.0,1.0,1.0,1.0,True,DATA-09,False,public-derived-contiguous-slice
5637120,2020-04-18 03:18:38,8.898,8.74,-0.009999999999998,1.9960000000000004,8.742,74.30000000000001,5.727500000000001,0.0,1.0,0.0,0.0,0.0,1.0,1.0,1.0,True,DATA-09,False,public-derived-contiguous-slice
5637130,2020-04-18 03:18:48,8.904,8.75,-0.0079999999999991,2.0,8.75,74.15,5.674999999999999,0.0,1.0,0.0,0.0,0.0,1.0,1.0,1.0,True,DATA-09,False,public-derived-contiguous-slice
5637140,2020-04-18 03:18:58,8.906,8.756,-0.0079999999999991,2.001999999999999,8.76,73.95,5.752500000000001,0.0,1.0,0.0,0.0,0.0,1.0,1.0,1.0,True,DATA-09,False,public-derived-contiguous-slice
5637150,2020-04-18 03:19:08,8.914,8.764,-0.0079999999999991,2.004,8.766,73.825,5.682499999999999,0.0,1.0,0.0,0.0,0.0,1.0,1.0,1.0,True,DATA-09,False,public-derived-contiguous-slice
5637160,2020-04-18 03:19:17,7.654,8.75,-0.0079999999999991,1.6359999999999992,8.752,73.95,5.4925,0.0,1.0,1.0,0.0,0.0,1.0,1.0,1.0,True,DATA-09,False,public-derived-contiguous-slice
5637170,2020-04-18 03:19:27,8.848,8.73,-0.009999999999998,1.9819999999999995,8.732,74.05,5.609999999999999,0.0,1.0,1.0,0.0,0.0,1.0,1.0,1.0,True,DATA-09,False,public-derived-contiguous-slice
5637180,2020-04-18 03:19:37,8.938,8.74,-0.0079999999999991,2.007999999999999,8.744,74.125,5.800000000000001,0.0,1.0,1.0,0.0,0.0,1.0,1.0,1.0,True,DATA-09,False,public-derived-contiguous-slice
5637190,2020-04-18 03:19:47,8.946,8.754,-0.009999999999998,2.0120000000000005,8.758,74.05,5.6850000000000005,0.0,1.0,1.0,0.0,0.0,1.0,1.0,1.0,True,DATA-09,False,public-derived-contiguous-slice
5637200,2020-04-18 03:19:57,8.952,8.766,-0.0079999999999991,2.014,8.768,73.95,5.7775,0.0,1.0,1.0,0.0,0.0,1.0,1.0,1.0,True,DATA-09,False,public-derived-contiguous-slice
5637210,2020-04-18 03:20:07,8.964,8.776,-0.0079999999999991,2.02,8.778,74.05,5.800000000000001,0.0,1.0,1.0,0.0,0.0,1.0,1.0,1.0,True,DATA-09,False,public-derived-contiguous-slice
5637220,2020-04-18 03:20:17,7.396000000000001,8.762,-0.009999999999998,1.5579999999999998,8.764,74.075,5.42,0.0,1.0,0.0,0.0,0.0,1.0,1.0,1.0,True,DATA-09,False,public-derived-contiguous-slice
5637230,2020-04-18 03:20:27,8.578,8.744,-0.009999999999998,1.898,8.746,74.42500000000001,5.565,0.0,1.0,0.0,0.0,0.0,1.0,1.0,1.0,True,DATA-09,False,public-derived-contiguous-slice
5637240,2020-04-18 03:20:37,8.898,8.74,-0.0079999999999991,1.998000000000001,8.742,74.47500000000001,5.782499999999999,0.0,1.0,0.0,0.0,0.0,1.0,1.0,1.0,True,DATA-09,False,public-derived-contiguous-slice
5637250,2020-04-18 03:20:47,8.904,8.748,-0.009999999999998,2.0,8.752,74.25,5.6625,0.0,1.0,0.0,0.0,0.0,1.0,1.0,1.0,True,DATA-09,False,public-derived-contiguous-slice
5637260,2020-04-18 03:20:57,8.906,8.756,-0.0079999999999991,2.001999999999999,8.76,74.15,5.700000000000001,0.0,1.0,0.0,0.0,0.0,1.0,1.0,1.0,True,DATA-09,False,public-derived-contiguous-slice
5637270,2020-04-18 03:21:06,8.912,8.764,-0.009999999999998,2.004,8.764,74.05,5.774999999999999,0.0,1.0,0.0,0.0,0.0,1.0,1.0,1.0,True,DATA-09,False,public-derived-contiguous-slice
5637280,2020-04-18 03:21:16,7.768000000000001,8.75,-0.0079999999999991,1.6679999999999993,8.752,74.15,5.4275,0.0,1.0,1.0,0.0,0.0,1.0,1.0,1.0,True,DATA-09,False,public-derived-contiguous-slice
5637290,2020-04-18 03:21:26,8.83,8.732,-0.0079999999999991,1.9800000000000004,8.734,74.35000000000001,5.67,0.0,1.0,1.0,0.0,0.0,1.0,1.0,1.0,True,DATA-09,False,public-derived-contiguous-slice
5637300,2020-04-18 03:21:36,8.938,8.742,-0.0079999999999991,2.007999999999999,8.746,74.25,5.807500000000001,0.0,1.0,1.0,0.0,0.0,1.0,1.0,1.0,True,DATA-09,False,public-derived-contiguous-slice
5637310,2020-04-18 03:21:46,8.944,8.756,-0.009999999999998,2.007999999999999,8.758,74.125,5.682499999999999,0.0,1.0,1.0,0.0,0.0,1.0,1.0,1.0,True,DATA-09,False,public-derived-contiguous-slice
5637320,2020-04-18 03:21:56,8.952,8.766,-0.0079999999999991,2.0120000000000005,8.768,74.025,5.774999999999999,0.0,1.0,1.0,0.0,0.0,1.0,1.0,1.0,True,DATA-09,False,public-derived-contiguous-slice
5637330,2020-04-18 03:22:06,8.962,8.778,-0.0079999999999991,2.02,8.78,74.025,5.7925,0.0,1.0,1.0,0.0,0.0,1.0,1.0,1.0,True,DATA-09,False,public-derived-contiguous-slice
5637340,2020-04-18 03:22:16,7.52,8.762,-0.0060000000000002,1.6039999999999992,8.764,74.0,5.3775,0.0,1.0,0.0,0.0,0.0,1.0,1.0,1.0,True,DATA-09,False,public-derived-contiguous-slice
5637350,2020-04-18 03:22:26,8.644,8.742,-0.0079999999999991,1.92,8.746,74.325,5.577500000000001,0.0,1.0,0.0,0.0,0.0,1.0,1.0,1.0,True,DATA-09,False,public-derived-contiguous-slice
5637360,2020-04-18 03:22:36,8.902,8.74,-0.009999999999998,1.998000000000001,8.742,74.4,5.765000000000001,0.0,1.0,0.0,0.0,0.0,1.0,1.0,1.0,True,DATA-09,False,public-derived-contiguous-slice
5637370,2020-04-18 03:22:46,8.902,8.75,-0.009999999999998,2.0,8.752,74.25,5.805,0.0,1.0,0.0,0.0,0.0,1.0,1.0,1.0,True,DATA-09,False,public-derived-contiguous-slice
5637380,2020-04-18 03:22:56,8.904,8.758,-0.0079999999999991,2.006,8.76,74.075,5.780000000000001,0.0,1.0,0.0,0.0,0.0,1.0,1.0,1.0,True,DATA-09,False,public-derived-contiguous-slice
5637390,2020-04-18 03:23:05,8.912,8.764,-0.0079999999999991,2.006,8.766,74.05,5.7775,0.0,1.0,0.0,0.0,0.0,1.0,1.0,1.0,True,DATA-09,False,public-derived-contiguous-slice
5637400,2020-04-18 03:23:15,7.888,8.748,-0.0079999999999991,1.6959999999999995,8.752,74.125,5.43,0.0,1.0,1.0,0.0,0.0,1.0,1.0,1.0,True,DATA-09,False,public-derived-contiguous-slice
5637410,2020-04-18 03:23:25,8.888,8.732,-0.009999999999998,1.9920000000000009,8.736,74.275,5.707500000000001,0.0,1.0,1.0,0.0,0.0,1.0,1.0,1.0,True,DATA-09,False,public-derived-contiguous-slice
5637420,2020-04-18 03:23:35,8.94,8.742,-0.0079999999999991,2.01,8.744,74.325,5.787500000000001,0.0,1.0,1.0,0.0,0.0,1.0,1.0,1.0,True,DATA-09,False,public-derived-contiguous-slice
5637430,2020-04-18 03:23:45,8.948,8.758,-0.0079999999999991,2.01,8.758,74.075,5.640000000000001,0.0,1.0,1.0,0.0,0.0,1.0,1.0,1.0,True,DATA-09,False,public-derived-contiguous-slice
5637440,2020-04-18 03:23:55,8.954,8.768,-0.0079999999999991,2.016,8.77,74.05,5.66,0.0,1.0,1.0,0.0,0.0,1.0,1.0,1.0,True,DATA-09,False,public-derived-contiguous-slice
5637450,2020-04-18 03:24:05,8.962,8.778,-0.0079999999999991,2.0180000000000007,8.78,74.10000000000001,5.765000000000001,0.0,1.0,1.0,0.0,0.0,1.0,1.0,1.0,True,DATA-09,False,public-derived-contiguous-slice
5637460,2020-04-18 03:24:15,7.512,8.762,-0.0079999999999991,1.5860000000000003,8.764,74.125,5.43,0.0,1.0,0.0,0.0,0.0,1.0,1.0,1.0,True,DATA-09,False,public-derived-contiguous-slice
5637470,2020-04-18 03:24:25,8.706,8.74,-0.009999999999998,1.9400000000000013,8.742,74.275,5.6525,0.0,1.0,0.0,0.0,0.0,1.0,1.0,1.0,True,DATA-09,False,public-derived-contiguous-slice
5637480,2020-04-18 03:24:35,8.902,8.744,-0.0079999999999991,1.998000000000001,8.744,74.25,5.6875,0.0,1.0,0.0,0.0,0.0,1.0,1.0,1.0,True,DATA-09,False,public-derived-contiguous-slice
5637490,2020-04-18 03:24:45,8.904,8.75,-0.009999999999998,2.0,8.752,74.15,5.68,0.0,1.0,0.0,0.0,0.0,1.0,1.0,1.0,True,DATA-09,False,public-derived-contiguous-slice
5637500,2020-04-18 03:24:54,8.906,8.758,-0.009999999999998,2.0,8.76,73.95,5.797499999999999,0.0,1.0,0.0,0.0,0.0,1.0,1.0,1.0,True,DATA-09,False,public-derived-contiguous-slice
5637510,2020-04-18 03:25:04,8.916,8.766,-0.0079999999999991,2.006,8.768,74.025,5.73,0.0,1.0,0.0,0.0,0.0,1.0,1.0,1.0,True,DATA-09,False,public-derived-contiguous-slice
5637520,2020-04-18 03:25:14,7.912000000000001,8.748,-0.0079999999999991,1.7100000000000009,8.75,73.95,5.57,0.0,1.0,1.0,0.0,0.0,1.0,1.0,1.0,True,DATA-09,False,public-derived-contiguous-slice
5637530,2020-04-18 03:25:24,8.902,8.73,-0.0079999999999991,1.9960000000000004,8.734,74.25,5.774999999999999,0.0,1.0,1.0,0.0,0.0,1.0,1.0,1.0,True,DATA-09,False,public-derived-contiguous-slice
5637540,2020-04-18 03:25:34,8.94,8.744,-0.0079999999999991,2.01,8.746,74.325,5.817499999999999,0.0,1.0,1.0,0.0,0.0,1.0,1.0,1.0,True,DATA-09,False,public-derived-contiguous-slice
5637550,2020-04-18 03:25:44,8.944,8.756,-0.009999999999998,2.0120000000000005,8.758,74.2,5.647500000000001,0.0,1.0,1.0,0.0,0.0,1.0,1.0,1.0,True,DATA-09,False,public-derived-contiguous-slice
5637560,2020-04-18 03:25:54,8.952,8.768,-0.0079999999999991,2.016,8.77,73.9,5.762499999999999,0.0,1.0,1.0,0.0,0.0,1.0,1.0,1.0,True,DATA-09,False,public-derived-contiguous-slice
5637570,2020-04-18 03:26:04,8.964,8.776,-0.0079999999999991,2.02,8.78,74.025,5.8225,0.0,1.0,1.0,0.0,0.0,1.0,1.0,1.0,True,DATA-09,False,public-derived-contiguous-slice
5637580,2020-04-18 03:26:14,7.704000000000001,8.76,-0.0079999999999991,1.644,8.76,74.125,5.532500000000001,0.0,1.0,0.0,0.0,0.0,1.0,1.0,1.0,True,DATA-09,False,public-derived-contiguous-slice
5637590,2020-04-18 03:26:24,8.728,8.74,-0.009999999999998,1.943999999999999,8.742,74.325,5.7325,0.0,1.0,0.0,0.0,0.0,1.0,1.0,1.0,True,DATA-09,False,public-derived-contiguous-slice
5637600,2020-04-18 03:26:34,8.902,8.742,-0.0079999999999991,1.9960000000000004,8.746,74.35000000000001,5.709999999999999,0.0,1.0,0.0,0.0,0.0,1.0,1.0,1.0,True,DATA-09,False,public-derived-contiguous-slice
5637610,2020-04-18 03:26:43,8.904,8.752,-0.009999999999998,1.998000000000001,8.754,74.325,5.66,0.0,1.0,0.0,0.0,0.0,1.0,1.0,1.0,True,DATA-09,False,public-derived-contiguous-slice
5637620,2020-04-18 03:26:53,8.908,8.758,-0.0079999999999991,2.001999999999999,8.76,74.15,5.817499999999999,0.0,1.0,0.0,0.0,0.0,1.0,1.0,1.0,True,DATA-09,False,public-derived-contiguous-slice
5637630,2020-04-18 03:27:03,8.914,8.766,-0.0079999999999991,2.001999999999999,8.766,74.025,5.674999999999999,0.0,1.0,0.0,0.0,0.0,1.0,1.0,1.0,True,DATA-09,False,public-derived-contiguous-slice
5637640,2020-04-18 03:27:13,8.026,8.746,-0.009999999999998,1.7360000000000009,8.748,74.2,5.43,0.0,1.0,1.0,0.0,0.0,1.0,1.0,1.0,True,DATA-09,False,public-derived-contiguous-slice
5637650,2020-04-18 03:27:23,8.922,8.73,-0.0079999999999991,2.001999999999999,8.734,74.25,5.654999999999999,0.0,1.0,1.0,0.0,0.0,1.0,1.0,1.0,True,DATA-09,False,public-derived-contiguous-slice
5637660,2020-04-18 03:27:33,8.942,8.746,-0.009999999999998,2.01,8.748,74.22500000000001,5.694999999999999,0.0,1.0,1.0,0.0,0.0,1.0,1.0,1.0,True,DATA-09,False,public-derived-contiguous-slice
5637670,2020-04-18 03:27:43,8.948,8.758,-0.0079999999999991,2.0120000000000005,8.76,74.075,5.8125,0.0,1.0,1.0,0.0,0.0,1.0,1.0,1.0,True,DATA-09,False,public-derived-contiguous-slice
5637680,2020-04-18 03:27:53,8.954,8.766,-0.009999999999998,2.016,8.772,73.95,5.780000000000001,0.0,1.0,1.0,0.0,0.0,1.0,1.0,1.0,True,DATA-09,False,public-derived-contiguous-slice
5637690,2020-04-18 03:28:03,8.964,8.778,-0.0079999999999991,2.0180000000000007,8.78,74.025,5.74,0.0,1.0,1.0,0.0,0.0,1.0,1.0,1.0,True,DATA-09,False,public-derived-contiguous-slice
5637700,2020-04-18 03:28:13,7.692,8.76,-0.009999999999998,1.6479999999999997,8.764,74.05,5.489999999999998,0.0,1.0,0.0,0.0,0.0,1.0,1.0,1.0,True,DATA-09,False,public-derived-contiguous-slice
5637710,2020-04-18 03:28:23,8.728,8.74,-0.0079999999999991,1.943999999999999,8.744,74.275,5.5975,0.0,1.0,0.0,0.0,0.0,1.0,1.0,1.0,True,DATA-09,False,public-derived-contiguous-slice
5637720,2020-04-18 03:28:32,8.902,8.742,-0.0079999999999991,2.0,8.744,74.4,5.6775,0.0,1.0,0.0,0.0,0.0,1.0,1.0,1.0,True,DATA-09,False,public-derived-contiguous-slice
5637730,2020-04-18 03:28:42,8.906,8.75,-0.0079999999999991,2.001999999999999,8.756,74.15,5.705,0.0,1.0,0.0,0.0,0.0,1.0,1.0,1.0,True,DATA-09,False,public-derived-contiguous-slice
5637740,2020-04-18 03:28:52,8.908,8.758,-0.0079999999999991,2.001999999999999,8.76,74.025,5.609999999999999,0.0,1.0,0.0,0.0,0.0,1.0,1.0,1.0,True,DATA-09,False,public-derived-contiguous-slice
5637750,2020-04-18 03:29:02,8.914,8.766,-0.0079999999999991,2.006,8.766,73.95,5.809999999999999,0.0,1.0,0.0,0.0,0.0,1.0,1.0,1.0,True,DATA-09,False,public-derived-contiguous-slice
5637760,2020-04-18 03:29:12,8.03,8.748,-0.0079999999999991,1.7379999999999995,8.748,74.05,5.4350000000000005,0.0,1.0,1.0,0.0,0.0,1.0,1.0,1.0,True,DATA-09,False,public-derived-contiguous-slice
5637770,2020-04-18 03:29:22,8.926,8.732,-0.0079999999999991,2.001999999999999,8.732,74.25,5.73,0.0,1.0,1.0,0.0,0.0,1.0,1.0,1.0,True,DATA-09,False,public-derived-contiguous-slice
5637780,2020-04-18 03:29:32,8.944,8.746,-0.0079999999999991,2.01,8.75,74.22500000000001,5.767500000000002,0.0,1.0,1.0,0.0,0.0,1.0,1.0,1.0,True,DATA-09,False,public-derived-contiguous-slice
5637790,2020-04-18 03:29:42,8.948,8.76,-0.009999999999998,2.014,8.762,74.10000000000001,5.789999999999999,0.0,1.0,1.0,0.0,0.0,1.0,1.0,1.0,True,DATA-09,False,public-derived-contiguous-slice
5637800,2020-04-18 03:29:52,8.958,8.772,-0.009999999999998,2.016,8.774,73.925,5.815,0.0,1.0,1.0,0.0,0.0,1.0,1.0,1.0,True,DATA-09,False,public-derived-contiguous-slice
5637810,2020-04-18 03:30:02,8.966,8.78,-0.0079999999999991,2.022,8.784,74.025,5.700000000000001,0.0,1.0,1.0,0.0,0.0,1.0,1.0,1.0,True,DATA-09,False,public-derived-contiguous-slice
5637820,2020-04-18 03:30:12,7.811999999999999,8.762,-0.0079999999999991,1.6739999999999997,8.762,74.05,5.487500000000001,0.0,1.0,0.0,0.0,0.0,1.0,1.0,1.0,True,DATA-09,False,public-derived-contiguous-slice
5637830,2020-04-18 03:30:21,8.782,8.742,-0.0079999999999991,1.962,8.744,74.25,5.625,0.0,1.0,0.0,0.0,0.0,1.0,1.0,1.0,True,DATA-09,False,public-derived-contiguous-slice
5637840,2020-04-18 03:30:31,8.906,8.744,-0.009999999999998,1.998000000000001,8.748,74.35000000000001,5.720000000000001,0.0,1.0,0.0,0.0,0.0,1.0,1.0,1.0,True,DATA-09,False,public-derived-contiguous-slice
5637850,2020-04-18 03:30:41,8.912,8.756,-0.0079999999999991,2.0,8.758,74.075,5.67,0.0,1.0,0.0,0.0,0.0,1.0,1.0,1.0,True,DATA-09,False,public-derived-contiguous-slice
5637860,2020-04-18 03:30:51,8.914,8.762,-0.009999999999998,2.004,8.764,74.075,5.66,0.0,1.0,0.0,0.0,0.0,1.0,1.0,1.0,True,DATA-09,False,public-derived-contiguous-slice
5637870,2020-04-18 03:31:01,8.92,8.768,-0.009999999999998,2.006,8.772,73.95,5.809999999999999,0.0,1.0,0.0,0.0,0.0,1.0,1.0,1.0,True,DATA-09,False,public-derived-contiguous-slice
5637880,2020-04-18 03:31:11,8.048,8.752,-0.0079999999999991,1.7460000000000004,8.752,74.05,5.595000000000001,0.0,1.0,1.0,0.0,0.0,1.0,1.0,1.0,True,DATA-09,False,public-derived-contiguous-slice
5637890,2020-04-18 03:31:21,8.936,8.736,-0.009999999999998,2.01,8.738,74.2,5.774999999999999,0.0,1.0,1.0,0.0,0.0,1.0,1.0,1.0,True,DATA-09,False,public-derived-contiguous-slice
5637900,2020-04-18 03:31:31,8.948,8.75,-0.0079999999999991,2.0120000000000005,8.752,74.22500000000001,5.767500000000002,0.0,1.0,1.0,0.0,0.0,1.0,1.0,1.0,True,DATA-09,False,public-derived-contiguous-slice
5637910,2020-04-18 03:31:41,8.954,8.764,-0.0079999999999991,2.0120000000000005,8.766,74.0,5.802499999999998,0.0,1.0,1.0,0.0,0.0,1.0,1.0,1.0,True,DATA-09,False,public-derived-contiguous-slice
5637920,2020-04-18 03:31:51,8.962,8.776,-0.0079999999999991,2.0180000000000007,8.778,73.825,5.77,0.0,1.0,1.0,0.0,0.0,1.0,1.0,1.0,True,DATA-09,False,public-derived-contiguous-slice
5637930,2020-04-18 03:32:01,8.484,8.784,-0.0079999999999991,1.9280000000000008,8.786,73.95,5.654999999999999,0.0,1.0,0.0,0.0,0.0,0.0,1.0,1.0,True,DATA-09,False,public-derived-contiguous-slice
5637940,2020-04-18 03:32:11,7.836,8.764,-0.0079999999999991,1.686,8.766,73.975,5.440000000000001,0.0,1.0,0.0,0.0,0.0,1.0,1.0,1.0,True,DATA-09,False,public-derived-contiguous-slice
5637950,2020-04-18 03:32:20,8.794,8.746,-0.0079999999999991,1.9699999999999989,8.746,74.175,5.785,0.0,1.0,0.0,0.0,0.0,1.0,1.0,1.0,True,DATA-09,False,public-derived-contiguous-slice
5637960,2020-04-18 03:32:30,8.91,8.75,-0.0079999999999991,1.998000000000001,8.752,74.35000000000001,5.649999999999999,0.0,1.0,0.0,0.0,0.0,1.0,1.0,1.0,True,DATA-09,False,public-derived-contiguous-slice
5637970,2020-04-18 03:32:40,8.912,8.758,-0.0079999999999991,2.0,8.76,74.025,5.789999999999999,0.0,1.0,0.0,0.0,0.0,1.0,1.0,1.0,True,DATA-09,False,public-derived-contiguous-slice
5637980,2020-04-18 03:32:50,8.916,8.766,-0.0079999999999991,2.004,8.768,74.0,5.654999999999999,0.0,1.0,0.0,0.0,0.0,1.0,1.0,1.0,True,DATA-09,False,public-derived-contiguous-slice
5637990,2020-04-18 03:33:00,8.92,8.772,-0.009999999999998,2.007999999999999,8.772,74.05,5.752500000000001,0.0,1.0,0.0,0.0,0.0,1.0,1.0,1.0,True,DATA-09,False,public-derived-contiguous-slice
5638000,2020-04-18 03:33:10,8.18,8.752,-0.0079999999999991,1.7800000000000011,8.754,74.05,5.634999999999998,0.0,1.0,1.0,0.0,0.0,1.0,1.0,1.0,True,DATA-09,False,public-derived-contiguous-slice
5638010,2020-04-18 03:33:20,8.936,8.738,-0.009999999999998,2.006,8.738,74.22500000000001,5.674999999999999,0.0,1.0,1.0,0.0,0.0,1.0,1.0,1.0,True,DATA-09,False,public-derived-contiguous-slice
5638020,2020-04-18 03:33:30,8.95,8.752,-0.009999999999998,2.01,8.756,74.15,5.73,0.0,1.0,1.0,0.0,0.0,1.0,1.0,1.0,True,DATA-09,False,public-derived-contiguous-slice
5638030,2020-04-18 03:33:40,8.954,8.766,-0.0079999999999991,2.0120000000000005,8.768,74.025,5.74,0.0,1.0,1.0,0.0,0.0,1.0,1.0,1.0,True,DATA-09,False,public-derived-contiguous-slice
5638040,2020-04-18 03:33:50,8.962,8.776,-0.009999999999998,2.0180000000000007,8.778,73.925,5.7225,0.0,1.0,1.0,0.0,0.0,1.0,1.0,1.0,True,DATA-09,False,public-derived-contiguous-slice
5638050,2020-04-18 03:34:00,7.208,8.784,-0.0079999999999991,1.596,8.788,73.95,5.625,0.0,1.0,0.0,0.0,0.0,0.0,1.0,1.0,True,DATA-09,False,public-derived-contiguous-slice
5638060,2020-04-18 03:34:09,7.848000000000001,8.766,-0.0079999999999991,1.684000000000001,8.766,73.975,5.3925,0.0,1.0,0.0,0.0,0.0,1.0,1.0,1.0,True,DATA-09,False,public-derived-contiguous-slice
5638070,2020-04-18 03:34:19,8.856,8.744,-0.0079999999999991,1.9819999999999995,8.746,74.30000000000001,5.794999999999998,0.0,1.0,0.0,0.0,0.0,1.0,1.0,1.0,True,DATA-09,False,public-derived-contiguous-slice
5638080,2020-04-18 03:34:29,8.91,8.752,-0.009999999999998,2.0,8.754,74.22500000000001,5.69,0.0,1.0,0.0,0.0,0.0,1.0,1.0,1.0,True,DATA-09,False,public-derived-contiguous-slice
5638090,2020-04-18 03:34:39,8.912,8.76,-0.0079999999999991,2.0,8.762,74.025,5.809999999999999,0.0,1.0,0.0,0.0,0.0,1.0,1.0,1.0,True,DATA-09,False,public-derived-contiguous-slice
5638100,2020-04-18 03:34:49,8.916,8.768,-0.0079999999999991,2.004,8.768,73.925,5.789999999999999,0.0,1.0,0.0,0.0,0.0,1.0,1.0,1.0,True,DATA-09,False,public-derived-contiguous-slice
5638110,2020-04-18 03:34:59,6.272,8.772,-0.0079999999999991,1.2439999999999998,8.772,73.825,5.2125,0.0,1.0,1.0,0.0,0.0,1.0,1.0,1.0,True,DATA-09,False,public-derived-contiguous-slice
5638120,2020-04-18 03:35:09,8.17,8.752,-0.0079999999999991,1.7880000000000005,8.754,73.95,5.4725,0.0,1.0,1.0,0.0,0.0,1.0,1.0,1.0,True,DATA-09,False,public-derived-contiguous-slice
5638130,2020-04-18 03:35:19,8.94,8.738,-0.009999999999998,2.007999999999999,8.74,74.025,5.754999999999999,0.0,1.0,1.0,0.0,0.0,1.0,1.0,1.0,True,DATA-09,False,public-derived-contiguous-slice
5638140,2020-04-18 03:35:29,8.948,8.754,-0.0120000000000004,2.01,8.756,74.05,5.7575,0.0,1.0,1.0,0.0,0.0,1.0,1.0,1.0,True,DATA-09,False,public-derived-contiguous-slice
5638150,2020-04-18 03:35:39,8.956,8.766,-0.009999999999998,2.014,8.768,73.95,5.6625,0.0,1.0,1.0,0.0,0.0,1.0,1.0,1.0,True,DATA-09,False,public-derived-contiguous-slice
5638160,2020-04-18 03:35:49,8.966,8.78,-0.0079999999999991,2.02,8.782,73.825,5.807500000000001,0.0,1.0,1.0,0.0,0.0,1.0,1.0,1.0,True,DATA-09,False,public-derived-contiguous-slice
5638170,2020-04-18 03:35:58,5.866,8.784,-0.0079999999999991,1.120000000000001,8.788,73.825,5.1075,0.0,1.0,0.0,0.0,0.0,1.0,1.0,1.0,True,DATA-09,False,public-derived-contiguous-slice
5638180,2020-04-18 03:36:08,7.938000000000001,8.766,-0.009999999999998,1.7119999999999995,8.768,73.95,5.407500000000001,0.0,1.0,0.0,0.0,0.0,1.0,1.0,1.0,True,DATA-09,False,public-derived-contiguous-slice
5638190,2020-04-18 03:36:18,8.846,8.744,-0.009999999999998,1.9800000000000004,8.746,74.05,5.737500000000001,0.0,1.0,0.0,0.0,0.0,1.0,1.0,1.0,True,DATA-09,False,public-derived-contiguous-slice
5638200,2020-04-18 03:36:28,8.912,8.752,-0.0079999999999991,2.0,8.756,74.15,5.800000000000001,0.0,1.0,0.0,0.0,0.0,1.0,1.0,1.0,True,DATA-09,False,public-derived-contiguous-slice
5638210,2020-04-18 03:36:38,8.914,8.76,-0.0079999999999991,2.001999999999999,8.764,74.0,5.6625,0.0,1.0,0.0,0.0,0.0,1.0,1.0,1.0,True,DATA-09,False,public-derived-contiguous-slice
5638220,2020-04-18 03:36:48,8.92,8.768,-0.009999999999998,2.006,8.772,73.95,5.75,0.0,1.0,0.0,0.0,0.0,1.0,1.0,1.0,True,DATA-09,False,public-derived-contiguous-slice
5638230,2020-04-18 03:36:58,6.369999999999999,8.774,-0.0079999999999991,1.2800000000000011,8.776,73.825,5.18,0.0,1.0,1.0,0.0,0.0,1.0,1.0,1.0,True,DATA-09,False,public-derived-contiguous-slice
5638240,2020-04-18 03:37:08,8.282,8.752,-0.0079999999999991,1.814,8.754,73.925,5.577500000000001,0.0,1.0,1.0,0.0,0.0,1.0,1.0,1.0,True,DATA-09,False,public-derived-contiguous-slice
5638250,2020-04-18 03:37:18,8.94,8.74,-0.009999999999998,2.006,8.742,74.125,5.634999999999998,0.0,1.0,1.0,0.0,0.0,1.0,1.0,1.0,True,DATA-09,False,public-derived-contiguous-slice
5638260,2020-04-18 03:37:28,8.95,8.754,-0.0079999999999991,2.01,8.758,74.05,5.8225,0.0,1.0,1.0,0.0,0.0,1.0,1.0,1.0,True,DATA-09,False,public-derived-contiguous-slice
5638270,2020-04-18 03:37:38,8.956,8.77,-0.009999999999998,2.014,8.772,73.85,5.6975,0.0,1.0,1.0,0.0,0.0,1.0,1.0,1.0,True,DATA-09,False,public-derived-contiguous-slice
5638280,2020-04-18 03:37:47,8.966,8.78,-0.009999999999998,2.02,8.782,73.85,5.7125,0.0,1.0,1.0,0.0,0.0,1.0,1.0,1.0,True,DATA-09,False,public-derived-contiguous-slice
5638290,2020-04-18 03:37:57,5.8740000000000006,8.786,-0.009999999999998,1.1140000000000008,8.788,73.825,5.009999999999998,0.0,1.0,0.0,0.0,0.0,1.0,1.0,1.0,True,DATA-09,False,public-derived-contiguous-slice
5638300,2020-04-18 03:38:07,8.06,8.762,-0.009999999999998,1.7460000000000004,8.766,73.95,5.475000000000001,0.0,1.0,0.0,0.0,0.0,1.0,1.0,1.0,True,DATA-09,False,public-derived-contiguous-slice
5638310,2020-04-18 03:38:17,8.894,8.744,-0.0079999999999991,1.9960000000000004,8.748,74.22500000000001,5.692500000000001,0.0,1.0,0.0,0.0,0.0,1.0,1.0,1.0,True,DATA-09,False,public-derived-contiguous-slice
5638320,2020-04-18 03:38:27,8.914,8.754,-0.009999999999998,1.998000000000001,8.756,74.175,5.802499999999998,0.0,1.0,0.0,0.0,0.0,1.0,1.0,1.0,True,DATA-09,False,public-derived-contiguous-slice
5638330,2020-04-18 03:38:37,8.916,8.762,-0.0079999999999991,2.001999999999999,8.764,74.15,5.647500000000001,0.0,1.0,0.0,0.0,0.0,1.0,1.0,1.0,True,DATA-09,False,public-derived-contiguous-slice
5638340,2020-04-18 03:38:47,8.918,8.77,-0.009999999999998,2.006,8.772,73.95,5.815,0.0,1.0,0.0,0.0,0.0,1.0,1.0,1.0,True,DATA-09,False,public-derived-contiguous-slice
5638350,2020-04-18 03:38:57,6.464,8.772,-0.009999999999998,1.2699999999999996,8.774,73.8,5.18,0.0,1.0,1.0,0.0,0.0,1.0,1.0,1.0,True,DATA-09,False,public-derived-contiguous-slice
5638360,2020-04-18 03:39:07,8.266,8.752,-0.0079999999999991,1.808,8.756,73.825,5.477499999999999,0.0,1.0,1.0,0.0,0.0,1.0,1.0,1.0,True,DATA-09,False,public-derived-contiguous-slice
5638370,2020-04-18 03:39:17,8.944,8.742,-0.0079999999999991,2.007999999999999,8.746,73.925,5.7425,0.0,1.0,1.0,0.0,0.0,1.0,1.0,1.0,True,DATA-09,False,public-derived-contiguous-slice
5638380,2020-04-18 03:39:27,8.954,8.758,-0.0079999999999991,2.01,8.76,73.825,5.767500000000002,0.0,1.0,1.0,0.0,0.0,1.0,1.0,1.0,True,DATA-09,False,public-derived-contiguous-slice
5638390,2020-04-18 03:39:36,8.96,8.77,-0.0079999999999991,2.014,8.772,73.8,5.7225,0.0,1.0,1.0,0.0,0.0,1.0,1.0,1.0,True,DATA-09,False,public-derived-contiguous-slice
5638400,2020-04-18 03:39:46,8.966,8.78,-0.0079999999999991,2.0180000000000007,8.782,73.64999999999999,5.654999999999999,0.0,1.0,1.0,0.0,0.0,1.0,1.0,1.0,True,DATA-09,False,public-derived-contiguous-slice
5638410,2020-04-18 03:39:56,6.174,8.784,-0.0079999999999991,1.1760000000000002,8.788,73.77499999999999,5.069999999999999,0.0,1.0,0.0,0.0,0.0,1.0,1.0,1.0,True,DATA-09,False,public-derived-contiguous-slice
5638420,2020-04-18 03:40:06,8.058,8.764,-0.009999999999998,1.7460000000000004,8.766,73.975,5.585000000000001,0.0,1.0,0.0,0.0,0.0,1.0,1.0,1.0,True,DATA-09,False,public-derived-contiguous-slice
5638430,2020-04-18 03:40:16,8.89,8.746,-0.0079999999999991,1.9920000000000009,8.748,74.15,5.645,0.0,1.0,0.0,0.0,0.0,1.0,1.0,1.0,True,DATA-09,False,public-derived-contiguous-slice
5638440,2020-04-18 03:40:26,8.916,8.754,-0.0079999999999991,2.0,8.756,74.05,5.780000000000001,0.0,1.0,0.0,0.0,0.0,1.0,1.0,1.0,True,DATA-09,False,public-derived-contiguous-slice
5638450,2020-04-18 03:40:36,8.914,8.764,-0.0079999999999991,2.004,8.766,73.95,5.67,0.0,1.0,0.0,0.0,0.0,1.0,1.0,1.0,True,DATA-09,False,public-derived-contiguous-slice
5638460,2020-04-18 03:40:46,8.92,8.77,-0.009999999999998,2.004,8.772,73.64999999999999,5.752500000000001,0.0,1.0,0.0,0.0,0.0,1.0,1.0,1.0,True,DATA-09,False,public-derived-contiguous-slice
5638470,2020-04-18 03:40:56,6.488,8.772,-0.0079999999999991,1.2800000000000011,8.776,73.625,5.1325,0.0,1.0,1.0,0.0,0.0,1.0,1.0,1.0,True,DATA-09,False,public-derived-contiguous-slice
5638480,2020-04-18 03:41:06,8.382,8.75,-0.009999999999998,1.84,8.754,73.725,5.512499999999999,0.0,1.0,1.0,0.0,0.0,1.0,1.0,1.0,True,DATA-09,False,public-derived-contiguous-slice
5638490,2020-04-18 03:41:16,8.944,8.742,-0.009999999999998,2.006,8.746,73.925,5.725,0.0,1.0,1.0,0.0,0.0,1.0,1.0,1.0,True,DATA-09,False,public-derived-contiguous-slice
5638500,2020-04-18 03:41:25,8.952,8.758,-0.0079999999999991,2.0120000000000005,8.76,73.9,5.787500000000001,0.0,1.0,1.0,0.0,0.0,1.0,1.0,1.0,True,DATA-09,False,public-derived-contiguous-slice
5638510,2020-04-18 03:41:35,8.96,8.768,-0.009999999999998,2.014,8.772,73.85,5.702499999999999,0.0,1.0,1.0,0.0,0.0,1.0,1.0,1.0,True,DATA-09,False,public-derived-contiguous-slice
5638520,2020-04-18 03:41:45,8.97,8.782,-0.009999999999998,2.0180000000000007,8.784,73.64999999999999,5.8325,0.0,1.0,1.0,0.0,0.0,1.0,1.0,1.0,True,DATA-09,False,public-derived-contiguous-slice
5638530,2020-04-18 03:41:55,6.238,8.784,-0.009999999999998,1.1920000000000002,8.786,73.85,5.129999999999999,0.0,1.0,0.0,0.0,0.0,1.0,1.0,1.0,True,DATA-09,False,public-derived-contiguous-slice
5638540,2020-04-18 03:42:05,8.082,8.764,-0.0079999999999991,1.7539999999999996,8.766,73.85,5.467500000000001,0.0,1.0,0.0,0.0,0.0,1.0,1.0,1.0,True,DATA-09,False,public-derived-contiguous-slice
5638550,2020-04-18 03:42:15,8.906,8.746,-0.009999999999998,1.998000000000001,8.748,74.175,5.73,0.0,1.0,0.0,0.0,0.0,1.0,1.0,1.0,True,DATA-09,False,public-derived-contiguous-slice
5638560,2020-04-18 03:42:25,8.916,8.754,-0.009999999999998,2.001999999999999,8.756,74.125,5.774999999999999,0.0,1.0,0.0,0.0,0.0,1.0,1.0,1.0,True,DATA-09,False,public-derived-contiguous-slice
5638570,2020-04-18 03:42:35,8.916,8.762,-0.0079999999999991,2.004,8.766,73.95,5.67,0.0,1.0,0.0,0.0,0.0,1.0,1.0,1.0,True,DATA-09,False,public-derived-contiguous-slice
5638580,2020-04-18 03:42:45,8.922,8.77,-0.009999999999998,2.004,8.772,73.95,5.787500000000001,0.0,1.0,0.0,0.0,0.0,1.0,1.0,1.0,True,DATA-09,False,public-derived-contiguous-slice
5638590,2020-04-18 03:42:55,6.712,8.77,-0.009999999999998,1.3499999999999996,8.774,73.85,5.2425000000000015,0.0,1.0,1.0,0.0,0.0,1.0,1.0,1.0,True,DATA-09,False,public-derived-contiguous-slice
5638600,2020-04-18 03:43:05,8.374,8.75,-0.009999999999998,1.84,8.752,73.8,5.637499999999999,0.0,1.0,1.0,0.0,0.0,1.0,1.0,1.0,True,DATA-09,False,public-derived-contiguous-slice
5638610,2020-04-18 03:43:14,8.944,8.744,-0.0079999999999991,2.006,8.746,73.975,5.640000000000001,0.0,1.0,1.0,0.0,0.0,1.0,1.0,1.0,True,DATA-09,False,public-derived-contiguous-slice
5638620,2020-04-18 03:43:24,8.952,8.76,-0.0079999999999991,2.01,8.76,73.825,5.74,0.0,1.0,1.0,0.0,0.0,1.0,1.0,1.0,True,DATA-09,False,public-derived-contiguous-slice
5638630,2020-04-18 03:43:34,8.958,8.77,-0.009999999999998,2.016,8.772,73.75,5.709999999999999,0.0,1.0,1.0,0.0,0.0,1.0,1.0,1.0,True,DATA-09,False,public-derived-contiguous-slice
5638640,2020-04-18 03:43:44,8.968,8.782,-0.0079999999999991,2.0180000000000007,8.782,73.64999999999999,5.707500000000001,0.0,1.0,1.0,0.0,0.0,1.0,1.0,1.0,True,DATA-09,False,public-derived-contiguous-slice
5638650,2020-04-18 03:43:54,6.254,8.784,-0.0079999999999991,1.2100000000000009,8.786,73.725,5.082500000000001,0.0,1.0,0.0,0.0,0.0,1.0,1.0,1.0,True,DATA-09,False,public-derived-contiguous-slice
5638660,2020-04-18 03:44:04,8.184,8.762,-0.009999999999998,1.7800000000000011,8.764,73.85,5.487500000000001,0.0,1.0,0.0,0.0,0.0,1.0,1.0,1.0,True,DATA-09,False,public-derived-contiguous-slice
5638670,2020-04-18 03:44:14,8.906,8.746,-0.009999999999998,1.998000000000001,8.748,74.05,5.745000000000001,0.0,1.0,0.0,0.0,0.0,1.0,1.0,1.0,True,DATA-09,False,public-derived-contiguous-slice
5638680,2020-04-18 03:44:24,8.914,8.756,-0.009999999999998,2.0,8.756,74.075,5.767500000000002,0.0,1.0,0.0,0.0,0.0,1.0,1.0,1.0,True,DATA-09,False,public-derived-contiguous-slice
5638690,2020-04-18 03:44:34,8.918,8.764,-0.009999999999998,2.001999999999999,8.766,73.95,5.6875,0.0,1.0,0.0,0.0,0.0,1.0,1.0,1.0,True,DATA-09,False,public-derived-contiguous-slice
5638700,2020-04-18 03:44:44,8.92,8.77,-0.009999999999998,2.006,8.772,73.70000000000002,5.817499999999999,0.0,1.0,0.0,0.0,0.0,1.0,1.0,1.0,True,DATA-09,False,public-derived-contiguous-slice
5638710,2020-04-18 03:44:54,6.772,8.768,-0.009999999999998,1.3640000000000008,8.772,73.75,5.192499999999999,0.0,1.0,1.0,0.0,0.0,1.0,1.0,1.0,True,DATA-09,False,public-derived-contiguous-slice
5638720,2020-04-18 03:45:03,8.392,8.75,-0.009999999999998,1.846,8.754,73.825,5.557499999999999,0.0,1.0,1.0,0.0,0.0,1.0,1.0,1.0,True,DATA-09,False,public-derived-contiguous-slice
5638730,2020-04-18 03:45:13,8.944,8.746,-0.009999999999998,2.007999999999999,8.748,73.9,5.7325,0.0,1.0,1.0,0.0,0.0,1.0,1.0,1.0,True,DATA-09,False,public-derived-contiguous-slice
5638740,2020-04-18 03:45:23,8.956,8.76,-0.009999999999998,2.01,8.76,73.85,5.7775,0.0,1.0,1.0,0.0,0.0,1.0,1.0,1.0,True,DATA-09,False,public-derived-contiguous-slice
5638750,2020-04-18 03:45:33,8.958,8.77,-0.0079999999999991,2.014,8.774,73.64999999999999,5.654999999999999,0.0,1.0,1.0,0.0,0.0,1.0,1.0,1.0,True,DATA-09,False,public-derived-contiguous-slice
5638760,2020-04-18 03:45:43,8.97,8.782,-0.0079999999999991,2.0180000000000007,8.786,73.675,5.7775,0.0,1.0,1.0,0.0,0.0,1.0,1.0,1.0,True,DATA-09,False,public-derived-contiguous-slice
5638770,2020-04-18 03:45:53,6.529999999999999,8.782,-0.009999999999998,1.3040000000000005,8.786,73.725,5.115,0.0,1.0,0.0,0.0,0.0,1.0,1.0,1.0,True,DATA-09,False,public-derived-contiguous-slice
5638780,2020-04-18 03:46:03,8.2,8.762,-0.009999999999998,1.7899999999999991,8.764,73.925,5.5025,0.0,1.0,0.0,0.0,0.0,1.0,1.0,1.0,True,DATA-09,False,public-derived-contiguous-slice
5638790,2020-04-18 03:46:13,8.908,8.746,-0.009999999999998,2.0,8.748,74.05,5.725,0.0,1.0,0.0,0.0,0.0,1.0,1.0,1.0,True,DATA-09,False,public-derived-contiguous-slice
5638800,2020-04-18 03:46:23,8.918,8.758,-0.0079999999999991,2.001999999999999,8.76,74.125,5.6875,0.0,1.0,0.0,0.0,0.0,1.0,1.0,1.0,True,DATA-09,False,public-derived-contiguous-slice
5638810,2020-04-18 03:46:33,8.918,8.766,-0.009999999999998,2.001999999999999,8.766,73.85,5.672499999999999,0.0,1.0,0.0,0.0,0.0,1.0,1.0,1.0,True,DATA-09,False,public-derived-contiguous-slice
5638820,2020-04-18 03:46:43,8.922,8.772,-0.0079999999999991,2.006,8.776,73.825,5.705,0.0,1.0,0.0,0.0,0.0,1.0,1.0,1.0,True,DATA-09,False,public-derived-contiguous-slice
5638830,2020-04-18 03:46:52,6.99,8.768,-0.009999999999998,1.4400000000000013,8.772,73.725,5.177499999999998,0.0,1.0,1.0,0.0,0.0,1.0,1.0,1.0,True,DATA-09,False,public-derived-contiguous-slice
5638840,2020-04-18 03:47:02,8.482,8.75,-0.0079999999999991,1.878,8.754,73.85,5.595000000000001,0.0,1.0,1.0,0.0,0.0,1.0,1.0,1.0,True,DATA-09,False,public-derived-contiguous-slice
5638850,2020-04-18 03:47:12,8.946,8.746,-0.009999999999998,2.007999999999999,8.748,74.0,5.762499999999999,0.0,1.0,1.0,0.0,0.0,1.0,1.0,1.0,True,DATA-09,False,public-derived-contiguous-slice
5638860,2020-04-18 03:47:22,8.956,8.76,-0.009999999999998,2.014,8.766,73.85,5.745000000000001,0.0,1.0,1.0,0.0,0.0,1.0,1.0,1.0,True,DATA-09,False,public-derived-contiguous-slice
5638870,2020-04-18 03:47:32,8.964,8.774,-0.009999999999998,2.014,8.776,73.75,5.817499999999999,0.0,1.0,1.0,0.0,0.0,1.0,1.0,1.0,True,DATA-09,False,public-derived-contiguous-slice
5638880,2020-04-18 03:47:42,8.972,8.784,-0.0079999999999991,2.0180000000000007,8.788,73.8,5.6625,0.0,1.0,1.0,0.0,0.0,1.0,1.0,1.0,True,DATA-09,False,public-derived-contiguous-slice
5638890,2020-04-18 03:47:52,6.5120000000000005,8.784,-0.009999999999998,1.3019999999999996,8.786,73.725,5.2325,0.0,1.0,0.0,0.0,0.0,1.0,1.0,1.0,True,DATA-09,False,public-derived-contiguous-slice
5638900,2020-04-18 03:48:02,8.286,8.762,-0.009999999999998,1.814,8.764,73.9,5.6625,0.0,1.0,0.0,0.0,0.0,1.0,1.0,1.0,True,DATA-09,False,public-derived-contiguous-slice
5638910,2020-04-18 03:48:12,8.908,8.748,-0.0120000000000004,1.998000000000001,8.75,74.05,5.66,0.0,1.0,0.0,0.0,0.0,1.0,1.0,1.0,True,DATA-09,False,public-derived-contiguous-slice
5638920,2020-04-18 03:48:22,8.918,8.758,-0.009999999999998,2.0,8.76,73.77499999999999,5.715,0.0,1.0,0.0,0.0,0.0,1.0,1.0,1.0,True,DATA-09,False,public-derived-contiguous-slice
5638930,2020-04-18 03:48:32,8.918,8.766,-0.009999999999998,2.004,8.768,73.8,5.817499999999999,0.0,1.0,0.0,0.0,0.0,1.0,1.0,1.0,True,DATA-09,False,public-derived-contiguous-slice
5638940,2020-04-18 03:48:42,8.924,8.774,-0.009999999999998,2.006,8.776,73.64999999999999,5.694999999999999,0.0,1.0,0.0,0.0,0.0,1.0,1.0,1.0,True,DATA-09,False,public-derived-contiguous-slice
5638950,2020-04-18 03:48:51,7.022,8.77,-0.0079999999999991,1.4499999999999993,8.772,73.77499999999999,5.215,0.0,1.0,1.0,0.0,0.0,1.0,1.0,1.0,True,DATA-09,False,public-derived-contiguous-slice
5638960,2020-04-18 03:49:01,8.502,8.75,-0.0079999999999991,1.879999999999999,8.754,73.875,5.720000000000001,0.0,1.0,1.0,0.0,0.0,1.0,1.0,1.0,True,DATA-09,False,public-derived-contiguous-slice
5638970,2020-04-18 03:49:11,8.948,8.748,-0.009999999999998,2.007999999999999,8.752,74.025,5.782499999999999,0.0,1.0,1.0,0.0,0.0,1.0,1.0,1.0,True,DATA-09,False,public-derived-contiguous-slice
5638980,2020-04-18 03:49:21,8.958,8.762,-0.009999999999998,2.014,8.766,73.85,5.817499999999999,0.0,1.0,1.0,0.0,0.0,1.0,1.0,1.0,True,DATA-09,False,public-derived-contiguous-slice
5638990,2020-04-18 03:49:31,8.964,8.776,-0.0079999999999991,2.016,8.778,73.64999999999999,5.83,0.0,1.0,1.0,0.0,0.0,1.0,1.0,1.0,True,DATA-09,False,public-derived-contiguous-slice
5639000,2020-04-18 03:49:41,8.97,8.786,-0.009999999999998,2.02,8.788,73.675,5.6875,0.0,1.0,1.0,0.0,0.0,1.0,1.0,1.0,True,DATA-09,False,public-derived-contiguous-slice
5639010,2020-04-18 03:49:51,6.773999999999999,8.784,-0.009999999999998,1.3819999999999997,8.786,73.70000000000002,5.305,0.0,1.0,0.0,0.0,0.0,1.0,1.0,1.0,True,DATA-09,False,public-derived-contiguous-slice
5639020,2020-04-18 03:50:01,8.3,8.762,-0.009999999999998,1.815999999999999,8.766,73.825,5.607500000000002,0.0,1.0,0.0,0.0,0.0,1.0,1.0,1.0,True,DATA-09,False,public-derived-contiguous-slice
5639030,2020-04-18 03:50:11,8.91,8.75,-0.0079999999999991,1.998000000000001,8.752,74.05,5.800000000000001,0.0,1.0,0.0,0.0,0.0,1.0,1.0,1.0,True,DATA-09,False,public-derived-contiguous-slice
5639040,2020-04-18 03:50:21,8.916,8.758,-0.009999999999998,2.001999999999999,8.762,73.95,5.725,0.0,1.0,0.0,0.0,0.0,1.0,1.0,1.0,True,DATA-09,False,public-derived-contiguous-slice
5639050,2020-04-18 03:50:31,8.922,8.768,-0.0079999999999991,2.006,8.77,73.85,5.702499999999999,0.0,1.0,0.0,0.0,0.0,1.0,1.0,1.0,True,DATA-09,False,public-derived-contiguous-slice
5639060,2020-04-18 03:50:40,8.926,8.776,-0.009999999999998,2.006,8.776,73.55000000000001,5.789999999999999,0.0,1.0,0.0,0.0,0.0,1.0,1.0,1.0,True,DATA-09,False,public-derived-contiguous-slice
5639070,2020-04-18 03:50:50,7.196,8.768,-0.009999999999998,1.5039999999999996,8.772,73.57499999999999,5.3925,0.0,1.0,1.0,0.0,0.0,1.0,1.0,1.0,True,DATA-09,False,public-derived-contiguous-slice
5639080,2020-04-18 03:51:00,8.58,8.75,-0.0079999999999991,1.902000000000001,8.752,73.825,5.6625,0.0,1.0,1.0,0.0,0.0,1.0,1.0,1.0,True,DATA-09,False,public-derived-contiguous-slice
5639090,2020-04-18 03:51:10,8.948,8.75,-0.0079999999999991,2.007999999999999,8.752,73.925,5.805,0.0,1.0,1.0,0.0,0.0,1.0,1.0,1.0,True,DATA-09,False,public-derived-contiguous-slice
5639100,2020-04-18 03:51:20,8.958,8.764,-0.0079999999999991,2.0120000000000005,8.766,73.825,5.787500000000001,0.0,1.0,1.0,0.0,0.0,1.0,1.0,1.0,True,DATA-09,False,public-derived-contiguous-slice
5639110,2020-04-18 03:51:30,8.966,8.776,-0.009999999999998,2.016,8.778,73.64999999999999,5.8475,0.0,1.0,1.0,0.0,0.0,1.0,1.0,1.0,True,DATA-09,False,public-derived-contiguous-slice
5639120,2020-04-18 03:51:40,8.974,8.786,-0.0079999999999991,2.02,8.788,73.64999999999999,5.74,0.0,1.0,1.0,0.0,0.0,1.0,1.0,1.0,True,DATA-09,False,public-derived-contiguous-slice
5639130,2020-04-18 03:51:50,6.736000000000001,8.784,-0.009999999999998,1.3640000000000008,8.786,73.725,5.157499999999999,0.0,1.0,0.0,0.0,0.0,1.0,1.0,1.0,True,DATA-09,False,public-derived-contiguous-slice
5639140,2020-04-18 03:52:00,8.362,8.76,-0.009999999999998,1.838000000000001,8.764,73.825,5.654999999999999,0.0,1.0,0.0,0.0,0.0,1.0,1.0,1.0,True,DATA-09,False,public-derived-contiguous-slice
5639150,2020-04-18 03:52:10,8.912,8.75,-0.009999999999998,1.9960000000000004,8.752,74.025,5.654999999999999,0.0,1.0,0.0,0.0,0.0,1.0,1.0,1.0,True,DATA-09,False,public-derived-contiguous-slice
5639160,2020-04-18 03:52:20,8.916,8.76,-0.009999999999998,2.0,8.762,73.85,5.754999999999999,0.0,1.0,0.0,0.0,0.0,1.0,1.0,1.0,True,DATA-09,False,public-derived-contiguous-slice
5639170,2020-04-18 03:52:29,8.92,8.768,-0.009999999999998,2.001999999999999,8.77,73.70000000000002,5.6975,0.0,1.0,0.0,0.0,0.0,1.0,1.0,1.0,True,DATA-09,False,public-derived-contiguous-slice
5639180,2020-04-18 03:52:39,8.926,8.772,-0.009999999999998,2.004,8.778,73.675,5.7225,0.0,1.0,0.0,0.0,0.0,1.0,1.0,1.0,True,DATA-09,False,public-derived-contiguous-slice
5639190,2020-04-18 03:52:49,7.174,8.77,-0.009999999999998,1.4960000000000004,8.772,73.70000000000002,5.307500000000001,0.0,1.0,1.0,0.0,0.0,1.0,1.0,1.0,True,DATA-09,False,public-derived-contiguous-slice
5639200,2020-04-18 03:52:59,8.566,8.75,-0.009999999999998,1.898,8.754,73.825,5.717499999999999,0.0,1.0,1.0,0.0,0.0,1.0,1.0,1.0,True,DATA-09,False,public-derived-contiguous-slice
5639210,2020-04-18 03:53:09,8.952,8.75,-0.0079999999999991,2.007999999999999,8.752,74.05,5.745000000000001,0.0,1.0,1.0,0.0,0.0,1.0,1.0,1.0,True,DATA-09,False,public-derived-contiguous-slice
5639220,2020-04-18 03:53:19,8.96,8.764,-0.009999999999998,2.0120000000000005,8.766,73.825,5.802499999999998,0.0,1.0,1.0,0.0,0.0,1.0,1.0,1.0,True,DATA-09,False,public-derived-contiguous-slice
5639230,2020-04-18 03:53:29,8.966,8.776,-0.009999999999998,2.016,8.78,73.64999999999999,5.84,0.0,1.0,1.0,0.0,0.0,1.0,1.0,1.0,True,DATA-09,False,public-derived-contiguous-slice
5639240,2020-04-18 03:53:39,8.976,8.788,-0.009999999999998,2.022,8.79,73.675,5.824999999999999,0.0,1.0,1.0,0.0,0.0,1.0,1.0,1.0,True,DATA-09,False,public-derived-contiguous-slice
5639250,2020-04-18 03:53:49,6.938000000000001,8.784,-0.0079999999999991,1.4280000000000008,8.786,73.625,5.342499999999999,0.0,1.0,0.0,0.0,0.0,1.0,1.0,1.0,True,DATA-09,False,public-derived-contiguous-slice
5639260,2020-04-18 03:53:59,8.372,8.762,-0.009999999999998,1.838000000000001,8.764,73.9,5.52,0.0,1.0,0.0,0.0,0.0,1.0,1.0,1.0,True,DATA-09,False,public-derived-contiguous-slice
5639270,2020-04-18 03:54:09,8.916,8.752,-0.0079999999999991,2.0,8.754,74.025,5.745000000000001,0.0,1.0,0.0,0.0,0.0,1.0,1.0,1.0,True,DATA-09,False,public-derived-contiguous-slice
5639280,2020-04-18 03:54:18,8.922,8.762,-0.009999999999998,2.001999999999999,8.764,73.9,5.674999999999999,0.0,1.0,0.0,0.0,0.0,1.0,1.0,1.0,True,DATA-09,False,public-derived-contiguous-slice
5639290,2020-04-18 03:54:28,8.926,8.77,-0.009999999999998,2.001999999999999,8.772,73.64999999999999,5.720000000000001,0.0,1.0,0.0,0.0,0.0,1.0,1.0,1.0,True,DATA-09,False,public-derived-contiguous-slice
5639300,2020-04-18 03:54:38,8.928,8.776,-0.009999999999998,2.004,8.778,73.55000000000001,5.765000000000001,0.0,1.0,0.0,0.0,0.0,1.0,1.0,1.0,True,DATA-09,False,public-derived-contiguous-slice
5639310,2020-04-18 03:54:48,7.204000000000001,8.772,-0.0079999999999991,1.5,8.774,73.55000000000001,5.382499999999999,0.0,1.0,1.0,0.0,0.0,1.0,1.0,1.0,True,DATA-09,False,public-derived-contiguous-slice
5639320,2020-04-18 03:54:58,8.668,8.752,-0.0079999999999991,1.924,8.754,73.825,5.7125,0.0,1.0,1.0,0.0,0.0,1.0,1.0,1.0,True,DATA-09,False,public-derived-contiguous-slice
5639330,2020-04-18 03:55:08,8.952,8.754,-0.0079999999999991,2.006,8.756,73.8,5.692500000000001,0.0,1.0,1.0,0.0,0.0,1.0,1.0,1.0,True,DATA-09,False,public-derived-contiguous-slice
5639340,2020-04-18 03:55:18,8.962,8.768,-0.0079999999999991,2.01,8.77,73.64999999999999,5.727500000000001,0.0,1.0,1.0,0.0,0.0,1.0,1.0,1.0,True,DATA-09,False,public-derived-contiguous-slice
5639350,2020-04-18 03:55:28,8.97,8.778,-0.009999999999998,2.014,8.782,73.57499999999999,5.809999999999999,0.0,1.0,1.0,0.0,0.0,1.0,1.0,1.0,True,DATA-09,False,public-derived-contiguous-slice
5639360,2020-04-18 03:55:38,8.978,8.792,-0.0079999999999991,2.02,8.794,73.55000000000001,5.787500000000001,0.0,1.0,1.0,0.0,0.0,1.0,1.0,1.0,True,DATA-09,False,public-derived-contiguous-slice
5639370,2020-04-18 03:55:48,6.958,8.784,-0.009999999999998,1.4299999999999995,8.786,73.64999999999999,5.19,0.0,1.0,0.0,0.0,0.0,1.0,1.0,1.0,True,DATA-09,False,public-derived-contiguous-slice
5639380,2020-04-18 03:55:58,8.388,8.764,-0.0079999999999991,1.838000000000001,8.766,73.925,5.565,0.0,1.0,0.0,0.0,0.0,1.0,1.0,1.0,True,DATA-09,False,public-derived-contiguous-slice
5639390,2020-04-18 03:56:07,8.916,8.754,-0.009999999999998,2.0,8.756,74.05,5.66,0.0,1.0,0.0,0.0,0.0,1.0,1.0,1.0,True,DATA-09,False,public-derived-contiguous-slice
5639400,2020-04-18 03:56:17,8.922,8.762,-0.009999999999998,2.0,8.766,73.825,5.774999999999999,0.0,1.0,0.0,0.0,0.0,1.0,1.0,1.0,True,DATA-09,False,public-derived-contiguous-slice
5639410,2020-04-18 03:56:27,8.926,8.772,-0.0079999999999991,2.001999999999999,8.774,73.8,5.7325,0.0,1.0,0.0,0.0,0.0,1.0,1.0,1.0,True,DATA-09,False,public-derived-contiguous-slice
5639420,2020-04-18 03:56:37,8.93,8.778,-0.009999999999998,2.007999999999999,8.78,73.625,5.75,0.0,1.0,0.0,0.0,0.0,1.0,1.0,1.0,True,DATA-09,False,public-derived-contiguous-slice
5639430,2020-04-18 03:56:47,7.406000000000001,8.77,-0.009999999999998,1.5620000000000012,8.772,73.64999999999999,5.445,0.0,1.0,1.0,0.0,0.0,1.0,1.0,1.0,True,DATA-09,False,public-derived-contiguous-slice
5639440,2020-04-18 03:56:57,8.672,8.75,-0.009999999999998,1.926,8.754,73.70000000000002,5.7125,0.0,1.0,1.0,0.0,0.0,1.0,1.0,1.0,True,DATA-09,False,public-derived-contiguous-slice
5639450,2020-04-18 03:57:07,8.954,8.754,-0.009999999999998,2.007999999999999,8.758,73.8,5.6625,0.0,1.0,1.0,0.0,0.0,1.0,1.0,1.0,True,DATA-09,False,public-derived-contiguous-slice
5639460,2020-04-18 03:57:17,8.962,8.768,-0.009999999999998,2.014,8.77,73.52499999999999,5.654999999999999,0.0,1.0,1.0,0.0,0.0,1.0,1.0,1.0,True,DATA-09,False,public-derived-contiguous-slice
5639470,2020-04-18 03:57:27,8.97,8.78,-0.0079999999999991,2.0180000000000007,8.782,73.55000000000001,5.817499999999999,0.0,1.0,1.0,0.0,0.0,1.0,1.0,1.0,True,DATA-09,False,public-derived-contiguous-slice
5639480,2020-04-18 03:57:37,8.978,8.792,-0.0079999999999991,2.022,8.794,73.55000000000001,5.7125,0.0,1.0,1.0,0.0,0.0,1.0,1.0,1.0,True,DATA-09,False,public-derived-contiguous-slice
5639490,2020-04-18 03:57:47,6.997999999999999,8.784,-0.009999999999998,1.4400000000000013,8.786,73.6,5.385,0.0,1.0,0.0,0.0,0.0,1.0,1.0,1.0,True,DATA-09,False,public-derived-contiguous-slice
5639500,2020-04-18 03:57:56,8.482,8.764,-0.009999999999998,1.870000000000001,8.766,73.75,5.6975,0.0,1.0,0.0,0.0,0.0,1.0,1.0,1.0,True,DATA-09,False,public-derived-contiguous-slice
5639510,2020-04-18 03:58:06,8.916,8.756,-0.0079999999999991,2.0,8.758,73.875,5.682499999999999,0.0,1.0,0.0,0.0,0.0,1.0,1.0,1.0,True,DATA-09,False,public-derived-contiguous-slice
5639520,2020-04-18 03:58:16,8.918,8.764,-0.009999999999998,2.0,8.766,73.95,5.82,0.0,1.0,0.0,0.0,0.0,1.0,1.0,1.0,True,DATA-09,False,public-derived-contiguous-slice
5639530,2020-04-18 03:58:26,8.926,8.774,-0.009999999999998,2.004,8.776,73.70000000000002,5.6675,0.0,1.0,0.0,0.0,0.0,1.0,1.0,1.0,True,DATA-09,False,public-derived-contiguous-slice
5639540,2020-04-18 03:58:36,8.93,8.778,-0.009999999999998,2.006,8.782,73.57499999999999,5.7925,0.0,1.0,0.0,0.0,0.0,1.0,1.0,1.0,True,DATA-09,False,public-derived-contiguous-slice
5639550,2020-04-18 03:58:46,7.422000000000001,8.77,-0.009999999999998,1.564,8.774,73.55000000000001,5.3675,0.0,1.0,1.0,0.0,0.0,1.0,1.0,1.0,True,DATA-09,False,public-derived-contiguous-slice
5639560,2020-04-18 03:58:56,8.678,8.754,-0.0079999999999991,1.9280000000000008,8.754,73.70000000000002,5.702499999999999,0.0,1.0,1.0,0.0,0.0,1.0,1.0,1.0,True,DATA-09,False,public-derived-contiguous-slice
5639570,2020-04-18 03:59:06,8.954,8.756,-0.009999999999998,2.01,8.758,73.85,5.797499999999999,0.0,1.0,1.0,0.0,0.0,1.0,1.0,1.0,True,DATA-09,False,public-derived-contiguous-slice
5639580,2020-04-18 03:59:16,8.962,8.77,-0.0079999999999991,2.014,8.772,73.825,5.692500000000001,0.0,1.0,1.0,0.0,0.0,1.0,1.0,1.0,True,DATA-09,False,public-derived-contiguous-slice
5639590,2020-04-18 03:59:26,8.972,8.784,-0.0079999999999991,2.0180000000000007,8.784,73.625,5.682499999999999,0.0,1.0,1.0,0.0,0.0,1.0,1.0,1.0,True,DATA-09,False,public-derived-contiguous-slice
5639600,2020-04-18 03:59:36,8.982,8.792,-0.0079999999999991,2.022,8.798,73.52499999999999,5.8375,0.0,1.0,1.0,0.0,0.0,1.0,1.0,1.0,True,DATA-09,False,public-derived-contiguous-slice
5639610,2020-04-18 03:59:45,7.15,8.774,-0.0079999999999991,1.4860000000000009,8.776,73.725,5.322499999999998,0.0,1.0,0.0,0.0,0.0,1.0,1.0,1.0,True,DATA-09,False,public-derived-contiguous-slice
5639620,2020-04-18 03:59:55,8.486,8.752,-0.0079999999999991,1.872,8.754,73.8,5.6325,0.0,1.0,0.0,0.0,0.0,1.0,1.0,1.0,True,DATA-09,False,public-derived-contiguous-slice
5639630,2020-04-18 04:00:05,8.906,8.744,-0.009999999999998,1.994,8.746,73.95,5.657499999999999,0.0,1.0,0.0,0.0,0.0,1.0,1.0,1.0,True,DATA-09,False,public-derived-contiguous-slice
5639640,2020-04-18 04:00:15,8.916,8.754,-0.0079999999999991,1.998000000000001,8.756,73.85,5.645,0.0,1.0,0.0,0.0,0.0,1.0,1.0,1.0,True,DATA-09,False,public-derived-contiguous-slice
5639650,2020-04-18 04:00:25,8.918,8.762,-0.0079999999999991,2.001999999999999,8.764,73.6,5.69,0.0,1.0,0.0,0.0,0.0,1.0,1.0,1.0,True,DATA-09,False,public-derived-contiguous-slice
5639660,2020-04-18 04:00:35,8.922,8.768,-0.0079999999999991,2.004,8.772,73.42500000000001,5.73,0.0,1.0,0.0,0.0,0.0,1.0,1.0,1.0,True,DATA-09,False,public-derived-contiguous-slice
5639670,2020-04-18 04:00:45,7.571999999999999,8.758,-0.0079999999999991,1.6080000000000003,8.762,73.55000000000001,5.3725000000000005,0.0,1.0,1.0,0.0,0.0,1.0,1.0,1.0,True,DATA-09,False,public-derived-contiguous-slice
5639680,2020-04-18 04:00:55,8.762,8.74,-0.009999999999998,1.9540000000000008,8.742,73.64999999999999,5.6675,0.0,1.0,1.0,0.0,0.0,1.0,1.0,1.0,True,DATA-09,False,public-derived-contiguous-slice
5639690,2020-04-18 04:01:05,8.944,8.746,-0.0079999999999991,2.007999999999999,8.75,73.675,5.774999999999999,0.0,1.0,1.0,0.0,0.0,1.0,1.0,1.0,True,DATA-09,False,public-derived-contiguous-slice
5639700,2020-04-18 04:01:15,8.954,8.76,-0.009999999999998,2.01,8.764,73.625,5.785,0.0,1.0,1.0,0.0,0.0,1.0,1.0,1.0,True,DATA-09,False,public-derived-contiguous-slice
5639710,2020-04-18 04:01:25,8.962,8.774,-0.009999999999998,2.014,8.774,73.44999999999999,5.66,0.0,1.0,1.0,0.0,0.0,1.0,1.0,1.0,True,DATA-09,False,public-derived-contiguous-slice
5639720,2020-04-18 04:01:34,8.974,8.784,-0.0079999999999991,2.0180000000000007,8.786,73.42500000000001,5.802499999999998,0.0,1.0,1.0,0.0,0.0,1.0,1.0,1.0,True,DATA-09,False,public-derived-contiguous-slice
5639730,2020-04-18 04:01:44,7.192,8.774,-0.0079999999999991,1.4960000000000004,8.776,73.50000000000001,5.2525,0.0,1.0,0.0,0.0,0.0,1.0,1.0,1.0,True,DATA-09,False,public-derived-contiguous-slice
5639740,2020-04-18 04:01:54,8.574,8.752,-0.009999999999998,1.8960000000000008,8.754,73.75,5.682499999999999,0.0,1.0,0.0,0.0,0.0,1.0,1.0,1.0,True,DATA-09,False,public-derived-contiguous-slice
5639750,2020-04-18 04:02:04,8.912,8.746,-0.009999999999998,1.9960000000000004,8.752,73.95,5.6850000000000005,0.0,1.0,0.0,0.0,0.0,1.0,1.0,1.0,True,DATA-09,False,public-derived-contiguous-slice
5639760,2020-04-18 04:02:14,8.916,8.76,-0.009999999999998,1.998000000000001,8.762,73.825,5.664999999999999,0.0,1.0,0.0,0.0,0.0,1.0,1.0,1.0,True,DATA-09,False,public-derived-contiguous-slice
5639770,2020-04-18 04:02:24,8.92,8.766,-0.009999999999998,2.0,8.768,73.52499999999999,5.672499999999999,0.0,1.0,0.0,0.0,0.0,1.0,1.0,1.0,True,DATA-09,False,public-derived-contiguous-slice
5639780,2020-04-18 04:02:34,8.928,8.774,-0.0079999999999991,2.006,8.778,73.55000000000001,5.737500000000001,0.0,1.0,0.0,0.0,0.0,1.0,1.0,1.0,True,DATA-09,False,public-derived-contiguous-slice
5639790,2020-04-18 04:02:44,7.609999999999999,8.762,-0.009999999999998,1.620000000000001,8.766,73.52499999999999,5.3575,0.0,1.0,1.0,0.0,0.0,1.0,1.0,1.0,True,DATA-09,False,public-derived-contiguous-slice
5639800,2020-04-18 04:02:54,8.772,8.742,-0.009999999999998,1.9600000000000009,8.748,73.64999999999999,5.575000000000001,0.0,1.0,1.0,0.0,0.0,1.0,1.0,1.0,True,DATA-09,False,public-derived-contiguous-slice
5639810,2020-04-18 04:03:04,8.948,8.75,-0.009999999999998,2.007999999999999,8.754,73.675,5.737500000000001,0.0,1.0,1.0,0.0,0.0,1.0,1.0,1.0,True,DATA-09,False,public-derived-contiguous-slice
5639820,2020-04-18 04:03:14,8.956,8.766,-0.0079999999999991,2.0120000000000005,8.768,73.64999999999999,5.77,0.0,1.0,1.0,0.0,0.0,1.0,1.0,1.0,True,DATA-09,False,public-derived-contiguous-slice
5639830,2020-04-18 04:03:23,8.968,8.778,-0.0079999999999991,2.0180000000000007,8.78,73.52499999999999,5.6675,0.0,1.0,1.0,0.0,0.0,1.0,1.0,1.0,True,DATA-09,False,public-derived-contiguous-slice
5639840,2020-04-18 04:03:33,8.976,8.786,-0.009999999999998,2.0180000000000007,8.792,73.37499999999999,5.6675,0.0,1.0,1.0,0.0,0.0,1.0,1.0,1.0,True,DATA-09,False,public-derived-contiguous-slice
5639850,2020-04-18 04:03:43,7.364000000000001,8.774,-0.009999999999998,1.5500000000000007,8.778,73.44999999999999,5.3725000000000005,0.0,1.0,0.0,0.0,0.0,1.0,1.0,1.0,True,DATA-09,False,public-derived-contiguous-slice
5639860,2020-04-18 04:03:53,8.566,8.756,-0.0079999999999991,1.8960000000000008,8.76,73.64999999999999,5.545,0.0,1.0,0.0,0.0,0.0,1.0,1.0,1.0,True,DATA-09,False,public-derived-contiguous-slice
5639870,2020-04-18 04:04:03,8.914,8.752,-0.0079999999999991,1.998000000000001,8.754,73.825,5.805,0.0,1.0,0.0,0.0,0.0,1.0,1.0,1.0,True,DATA-09,False,public-derived-contiguous-slice
5639880,2020-04-18 04:04:13,8.92,8.76,-0.009999999999998,2.0,8.766,73.675,5.647500000000001,0.0,1.0,0.0,0.0,0.0,1.0,1.0,1.0,True,DATA-09,False,public-derived-contiguous-slice
5639890,2020-04-18 04:04:23,8.922,8.768,-0.009999999999998,2.001999999999999,8.774,73.52499999999999,5.815,0.0,1.0,0.0,0.0,0.0,1.0,1.0,1.0,True,DATA-09,False,public-derived-contiguous-slice
5639900,2020-04-18 04:04:33,8.93,8.776,-0.0079999999999991,2.006,8.78,73.475,5.75,0.0,1.0,0.0,0.0,0.0,1.0,1.0,1.0,True,DATA-09,False,public-derived-contiguous-slice
5639910,2020-04-18 04:04:43,7.596,8.766,-0.0079999999999991,1.6140000000000008,8.77,73.44999999999999,5.342499999999999,0.0,1.0,1.0,0.0,0.0,1.0,1.0,1.0,True,DATA-09,False,public-derived-contiguous-slice
5639920,2020-04-18 04:04:53,8.838,8.744,-0.009999999999998,1.974,8.748,73.625,5.634999999999998,0.0,1.0,1.0,0.0,0.0,1.0,1.0,1.0,True,DATA-09,False,public-derived-contiguous-slice
5639930,2020-04-18 04:05:03,8.956,8.754,-0.0079999999999991,2.01,8.758,73.8,5.802499999999998,0.0,1.0,1.0,0.0,0.0,1.0,1.0,1.0,True,DATA-09,False,public-derived-contiguous-slice
5639940,2020-04-18 04:05:12,8.962,8.77,-0.0079999999999991,2.0120000000000005,8.772,73.55000000000001,5.807500000000001,0.0,1.0,1.0,0.0,0.0,1.0,1.0,1.0,True,DATA-09,False,public-derived-contiguous-slice
5639950,2020-04-18 04:05:22,8.97,8.78,-0.0079999999999991,2.0180000000000007,8.784,73.42500000000001,5.7925,0.0,1.0,1.0,0.0,0.0,1.0,1.0,1.0,True,DATA-09,False,public-derived-contiguous-slice
5639960,2020-04-18 04:05:32,8.98,8.792,-0.0079999999999991,2.022,8.796,73.44999999999999,5.787500000000001,0.0,1.0,1.0,0.0,0.0,1.0,1.0,1.0,True,DATA-09,False,public-derived-contiguous-slice
5639970,2020-04-18 04:05:42,7.362,8.778,-0.009999999999998,1.5519999999999996,8.782,73.52499999999999,5.382499999999999,0.0,1.0,0.0,0.0,0.0,1.0,1.0,1.0,True,DATA-09,False,public-derived-contiguous-slice
5639980,2020-04-18 04:05:52,8.58,8.758,-0.009999999999998,1.9000000000000004,8.762,73.70000000000002,5.707500000000001,0.0,1.0,0.0,0.0,0.0,1.0,1.0,1.0,True,DATA-09,False,public-derived-contiguous-slice
5639990,2020-04-18 04:06:02,8.918,8.756,-0.009999999999998,2.0,8.758,73.9,5.737500000000001,0.0,1.0,0.0,0.0,0.0,1.0,1.0,1.0,True,DATA-09,False,public-derived-contiguous-slice
5640000,2020-04-18 04:06:12,8.92,8.764,-0.009999999999998,2.0,8.77,73.725,5.68,0.0,1.0,0.0,0.0,0.0,1.0,1.0,1.0,True,DATA-09,False,public-derived-contiguous-slice
5640010,2020-04-18 04:06:22,8.924,8.772,-0.009999999999998,2.004,8.776,73.52499999999999,5.8225,0.0,1.0,0.0,0.0,0.0,1.0,1.0,1.0,True,DATA-09,False,public-derived-contiguous-slice
5640020,2020-04-18 04:06:32,8.93,8.78,-0.009999999999998,2.004,8.782,73.50000000000001,5.75,0.0,1.0,0.0,0.0,0.0,1.0,1.0,1.0,True,DATA-09,False,public-derived-contiguous-slice
5640030,2020-04-18 04:06:42,7.754,8.766,-0.009999999999998,1.6639999999999997,8.772,73.50000000000001,5.5175,0.0,1.0,1.0,0.0,0.0,1.0,1.0,1.0,True,DATA-09,False,public-derived-contiguous-slice
5640040,2020-04-18 04:06:52,8.852,8.748,-0.009999999999998,1.9800000000000004,8.752,73.725,5.657499999999999,0.0,1.0,1.0,0.0,0.0,1.0,1.0,1.0,True,DATA-09,False,public-derived-contiguous-slice
5640050,2020-04-18 04:07:02,8.958,8.758,-0.0079999999999991,2.01,8.762,73.725,5.789999999999999,0.0,1.0,1.0,0.0,0.0,1.0,1.0,1.0,True,DATA-09,False,public-derived-contiguous-slice
5640060,2020-04-18 04:07:11,8.966,8.77,-0.0079999999999991,2.0120000000000005,8.774,73.52499999999999,5.7575,0.0,1.0,1.0,0.0,0.0,1.0,1.0,1.0,True,DATA-09,False,public-derived-contiguous-slice
5640070,2020-04-18 04:07:21,8.932,8.734,-0.0079999999999991,2.007999999999999,8.738,73.44999999999999,5.75,0.0,1.0,1.0,0.0,0.0,1.0,1.0,1.0,True,DATA-09,False,public-derived-contiguous-slice
5640080,2020-04-18 04:07:31,8.926,8.73,-0.0120000000000004,2.004,8.734,73.52499999999999,5.780000000000001,0.0,1.0,1.0,0.0,0.0,1.0,1.0,1.0,True,DATA-09,False,public-derived-contiguous-slice
5640090,2020-04-18 04:07:41,7.496,8.706,-0.0079999999999991,1.5860000000000003,8.708,73.44999999999999,5.317499999999999,0.0,1.0,0.0,0.0,0.0,1.0,1.0,1.0,True,DATA-09,False,public-derived-contiguous-slice
5640100,2020-04-18 04:07:51,8.628,8.678,-0.009999999999998,1.911999999999999,8.682,73.625,5.595000000000001,0.0,1.0,0.0,0.0,0.0,1.0,1.0,1.0,True,DATA-09,False,public-derived-contiguous-slice
5640110,2020-04-18 04:08:01,8.85,8.684,-0.009999999999998,1.9800000000000004,8.686,73.9,5.767500000000002,0.0,1.0,0.0,0.0,0.0,1.0,1.0,1.0,True,DATA-09,False,public-derived-contiguous-slice
5640120,2020-04-18 04:08:11,8.862,8.698,-0.009999999999998,1.9879999999999995,8.702,73.85,5.67,0.0,1.0,0.0,0.0,0.0,1.0,1.0,1.0,True,DATA-09,False,public-derived-contiguous-slice
5640130,2020-04-18 04:08:21,8.866,8.708,-0.009999999999998,1.9860000000000009,8.712,73.85,5.824999999999999,0.0,1.0,0.0,0.0,0.0,1.0,1.0,1.0,True,DATA-09,False,public-derived-contiguous-slice
5640140,2020-04-18 04:08:31,8.864,8.7,-0.009999999999998,1.9879999999999995,8.704,73.8,5.7325,0.0,1.0,0.0,0.0,0.0,1.0,1.0,1.0,True,DATA-09,False,public-derived-contiguous-slice
5640150,2020-04-18 04:08:41,7.710000000000001,8.686,-0.0120000000000004,1.6419999999999997,8.69,73.725,5.404999999999999,0.0,1.0,1.0,0.0,0.0,1.0,1.0,1.0,True,DATA-09,False,public-derived-contiguous-slice
5640160,2020-04-18 04:08:51,8.856,8.664,-0.009999999999998,1.9819999999999995,8.668,73.675,5.7575,0.0,1.0,1.0,0.0,0.0,1.0,1.0,1.0,True,DATA-09,False,public-derived-contiguous-slice
5640170,2020-04-18 04:09:00,8.886,8.682,-0.009999999999998,1.9879999999999995,8.684,73.625,5.69,0.0,1.0,1.0,0.0,0.0,1.0,1.0,1.0,True,DATA-09,False,public-derived-contiguous-slice
5640180,2020-04-18 04:09:10,8.898,8.698,-0.009999999999998,1.994,8.702,73.625,5.785,0.0,1.0,1.0,0.0,0.0,1.0,1.0,1.0,True,DATA-09,False,public-derived-contiguous-slice
5640190,2020-04-18 04:09:20,8.908,8.71,-0.0079999999999991,2.0,8.714,73.44999999999999,5.834999999999999,0.0,1.0,1.0,0.0,0.0,1.0,1.0,1.0,True,DATA-09,False,public-derived-contiguous-slice
5640200,2020-04-18 04:09:30,8.916,8.724,-0.0079999999999991,2.0,8.728,73.44999999999999,5.754999999999999,0.0,1.0,1.0,0.0,0.0,1.0,1.0,1.0,True,DATA-09,False,public-derived-contiguous-slice
5640210,2020-04-18 04:09:40,7.5,8.71,-0.0079999999999991,1.5860000000000003,8.712,73.52499999999999,5.375,0.0,1.0,0.0,0.0,0.0,1.0,1.0,1.0,True,DATA-09,False,public-derived-contiguous-slice
5640220,2020-04-18 04:09:50,8.648,8.69,-0.0079999999999991,1.918,8.692,73.77499999999999,5.6675,0.0,1.0,0.0,0.0,0.0,1.0,1.0,1.0,True,DATA-09,False,public-derived-contiguous-slice
5640230,2020-04-18 04:10:00,8.862,8.694,-0.0079999999999991,1.984,8.698,73.95,5.752500000000001,0.0,1.0,0.0,0.0,0.0,1.0,1.0,1.0,True,DATA-09,False,public-derived-contiguous-slice
5640240,2020-04-18 04:10:10,8.872,8.708,-0.009999999999998,1.9860000000000009,8.71,73.75,5.649999999999999,0.0,1.0,0.0,0.0,0.0,1.0,1.0,1.0,True,DATA-09,False,public-derived-contiguous-slice
5640250,2020-04-18 04:10:20,8.874,8.718,-0.009999999999998,1.9879999999999995,8.722,73.57499999999999,5.725,0.0,1.0,0.0,0.0,0.0,1.0,1.0,1.0,True,DATA-09,False,public-derived-contiguous-slice
5640260,2020-04-18 04:10:30,8.882,8.728,-0.009999999999998,1.99,8.734,73.42500000000001,5.767500000000002,0.0,1.0,0.0,0.0,0.0,1.0,1.0,1.0,True,DATA-09,False,public-derived-contiguous-slice
5640270,2020-04-18 04:10:40,7.891999999999999,8.718,-0.0079999999999991,1.6980000000000004,8.72,73.6,5.3925,0.0,1.0,1.0,0.0,0.0,1.0,1.0,1.0,True,DATA-09,False,public-derived-contiguous-slice
5640280,2020-04-18 04:10:49,8.884,8.7,-0.009999999999998,1.99,8.706,73.52499999999999,5.674999999999999,0.0,1.0,1.0,0.0,0.0,1.0,1.0,1.0,True,DATA-09,False,public-derived-contiguous-slice
5640290,2020-04-18 04:10:59,8.922,8.72,-0.0079999999999991,2.0,8.726,73.32499999999999,5.82,0.0,1.0,1.0,0.0,0.0,1.0,1.0,1.0,True,DATA-09,False,public-derived-contiguous-slice
5640300,2020-04-18 04:11:09,8.934,8.74,-0.0060000000000002,2.006,8.742,73.15,5.7575,0.0,1.0,1.0,0.0,0.0,1.0,1.0,1.0,True,DATA-09,False,public-derived-contiguous-slice
5640310,2020-04-18 04:11:19,8.944,8.756,-0.0079999999999991,2.01,8.76,73.025,5.6975,0.0,1.0,1.0,0.0,0.0,1.0,1.0,1.0,True,DATA-09,False,public-derived-contiguous-slice
5640320,2020-04-18 04:11:29,8.956,8.768,-0.009999999999998,2.014,8.772,73.125,5.7325,0.0,1.0,1.0,0.0,0.0,1.0,1.0,1.0,True,DATA-09,False,public-derived-contiguous-slice
5640330,2020-04-18 04:11:39,7.539999999999999,8.756,-0.0079999999999991,1.5940000000000012,8.758,73.15,5.460000000000001,0.0,1.0,0.0,0.0,0.0,1.0,1.0,1.0,True,DATA-09,False,public-derived-contiguous-slice
5640340,2020-04-18 04:11:49,8.726,8.736,-0.0079999999999991,1.942,8.74,73.44999999999999,5.602499999999999,0.0,1.0,0.0,0.0,0.0,1.0,1.0,1.0,True,DATA-09,False,public-derived-contiguous-slice
5640350,2020-04-18 04:11:59,8.902,8.742,-0.0079999999999991,1.9960000000000004,8.744,73.44999999999999,5.720000000000001,0.0,1.0,0.0,0.0,0.0,1.0,1.0,1.0,True,DATA-09,False,public-derived-contiguous-slice
5640360,2020-04-18 04:12:09,8.91,8.754,-0.0079999999999991,1.9960000000000004,8.756,73.42500000000001,5.7125,0.0,1.0,0.0,0.0,0.0,1.0,1.0,1.0,True,DATA-09,False,public-derived-contiguous-slice
5640370,2020-04-18 04:12:19,8.916,8.764,-0.0079999999999991,2.001999999999999,8.766,73.25,5.8225,0.0,1.0,0.0,0.0,0.0,1.0,1.0,1.0,True,DATA-09,False,public-derived-contiguous-slice
5640380,2020-04-18 04:12:29,8.924,8.772,-0.0060000000000002,2.006,8.776,73.32499999999999,5.694999999999999,0.0,1.0,0.0,0.0,0.0,1.0,1.0,1.0,True,DATA-09,False,public-derived-contiguous-slice
5640390,2020-04-18 04:12:38,7.904,8.756,-0.009999999999998,1.6959999999999995,8.758,73.32499999999999,5.532500000000001,0.0,1.0,1.0,0.0,0.0,1.0,1.0,1.0,True,DATA-09,False,public-derived-contiguous-slice
5640400,2020-04-18 04:12:48,8.904,8.74,-0.0079999999999991,1.994,8.744,73.475,5.66,0.0,1.0,1.0,0.0,0.0,1.0,1.0,1.0,True,DATA-09,False,public-derived-contiguous-slice
5640410,2020-04-18 04:12:58,8.952,8.758,-0.0079999999999991,2.01,8.76,73.64999999999999,5.705,0.0,1.0,1.0,0.0,0.0,1.0,1.0,1.0,True,DATA-09,False,public-derived-contiguous-slice
5640420,2020-04-18 04:13:08,8.964,8.772,-0.0060000000000002,2.014,8.776,73.64999999999999,5.694999999999999,0.0,1.0,1.0,0.0,0.0,1.0,1.0,1.0,True,DATA-09,False,public-derived-contiguous-slice
5640430,2020-04-18 04:13:18,8.976,8.788,-0.0060000000000002,2.0180000000000007,8.79,73.55000000000001,5.8325,0.0,1.0,1.0,0.0,0.0,1.0,1.0,1.0,True,DATA-09,False,public-derived-contiguous-slice
5640440,2020-04-18 04:13:28,8.986,8.802,-0.0060000000000002,2.022,8.802,73.52499999999999,5.807500000000001,0.0,1.0,1.0,0.0,0.0,1.0,1.0,1.0,True,DATA-09,False,public-derived-contiguous-slice
5640450,2020-04-18 04:13:38,7.704000000000001,8.784,-0.0060000000000002,1.6400000000000006,8.786,73.6,5.504999999999999,0.0,1.0,0.0,0.0,0.0,1.0,1.0,1.0,True,DATA-09,False,public-derived-contiguous-slice
5640460,2020-04-18 04:13:48,8.74,8.766,-0.0060000000000002,1.943999999999999,8.768,73.85,5.57,0.0,1.0,0.0,0.0,0.0,1.0,1.0,1.0,True,DATA-09,False,public-derived-contiguous-slice
5640470,2020-04-18 04:13:58,8.93,8.77,-0.0060000000000002,2.0,8.772,73.85,5.6625,0.0,1.0,0.0,0.0,0.0,1.0,1.0,1.0,True,DATA-09,False,public-derived-contiguous-slice
5640480,2020-04-18 04:14:08,8.938,8.78,-0.0060000000000002,2.004,8.784,73.75,5.672499999999999,0.0,1.0,0.0,0.0,0.0,1.0,1.0,1.0,True,DATA-09,False,public-derived-contiguous-slice
5640490,2020-04-18 04:14:18,8.94,8.79,-0.0079999999999991,2.007999999999999,8.794,73.625,5.815,0.0,1.0,0.0,0.0,0.0,1.0,1.0,1.0,True,DATA-09,False,public-derived-contiguous-slice
5640500,2020-04-18 04:14:27,8.95,8.8,-0.0060000000000002,2.0120000000000005,8.804,73.44999999999999,5.67,0.0,1.0,0.0,0.0,0.0,1.0,1.0,1.0,True,DATA-09,False,public-derived-contiguous-slice
5640510,2020-04-18 04:14:37,8.056,8.784,-0.0060000000000002,1.7460000000000004,8.784,73.44999999999999,5.482499999999998,0.0,1.0,1.0,0.0,0.0,1.0,1.0,1.0,True,DATA-09,False,public-derived-contiguous-slice
5640520,2020-04-18 04:14:47,8.956,8.77,-0.0060000000000002,2.007999999999999,8.77,73.64999999999999,5.674999999999999,0.0,1.0,1.0,0.0,0.0,1.0,1.0,1.0,True,DATA-09,False,public-derived-contiguous-slice
5640530,2020-04-18 04:14:57,8.98,8.784,-0.0079999999999991,2.016,8.788,73.625,5.772500000000001,0.0,1.0,1.0,0.0,0.0,1.0,1.0,1.0,True,DATA-09,False,public-derived-contiguous-slice
5640540,2020-04-18 04:15:07,8.99,8.8,-0.0079999999999991,2.022,8.802,73.42500000000001,5.702499999999999,0.0,1.0,1.0,0.0,0.0,1.0,1.0,1.0,True,DATA-09,False,public-derived-contiguous-slice
5640550,2020-04-18 04:15:17,8.996,8.814,-0.0079999999999991,2.022,8.816,73.35000000000001,5.682499999999999,0.0,1.0,1.0,0.0,0.0,1.0,1.0,1.0,True,DATA-09,False,public-derived-contiguous-slice
5640560,2020-04-18 04:15:27,9.008,8.824,-0.0079999999999991,2.026,8.826,73.15,5.845000000000001,0.0,1.0,1.0,0.0,0.0,1.0,1.0,1.0,True,DATA-09,False,public-derived-contiguous-slice
5640570,2020-04-18 04:15:37,7.704000000000001,8.806,-0.0079999999999991,1.6460000000000008,8.81,73.35000000000001,5.489999999999998,0.0,1.0,0.0,0.0,0.0,1.0,1.0,1.0,True,DATA-09,False,public-derived-contiguous-slice
5640580,2020-04-18 04:15:47,8.812,8.788,-0.0079999999999991,1.966000000000001,8.79,73.50000000000001,5.629999999999999,0.0,1.0,0.0,0.0,0.0,1.0,1.0,1.0,True,DATA-09,False,public-derived-contiguous-slice
5640590,2020-04-18 04:15:57,8.95,8.792,-0.0079999999999991,2.006,8.794,73.42500000000001,5.68,0.0,1.0,0.0,0.0,0.0,1.0,1.0,1.0,True,DATA-09,False,public-derived-contiguous-slice
5640600,2020-04-18 04:16:07,8.958,8.804,-0.0079999999999991,2.01,8.806,73.25,5.6775,0.0,1.0,0.0,0.0,0.0,1.0,1.0,1.0,True,DATA-09,False,public-derived-contiguous-slice
5640610,2020-04-18 04:16:16,8.964,8.814,-0.009999999999998,2.0120000000000005,8.816,73.025,5.6775,0.0,1.0,0.0,0.0,0.0,1.0,1.0,1.0,True,DATA-09,False,public-derived-contiguous-slice
5640620,2020-04-18 04:16:26,8.968,8.822,-0.009999999999998,2.014,8.826,73.05,5.725,0.0,1.0,0.0,0.0,0.0,1.0,1.0,1.0,True,DATA-09,False,public-derived-contiguous-slice
5640630,2020-04-18 04:16:36,8.062,8.806,-0.0079999999999991,1.748000000000001,8.808,73.275,5.5075,0.0,1.0,1.0,0.0,0.0,1.0,1.0,1.0,True,DATA-09,False,public-derived-contiguous-slice
5640640,2020-04-18 04:16:46,8.968,8.79,-0.0079999999999991,2.0120000000000005,8.794,73.32499999999999,5.709999999999999,0.0,1.0,1.0,0.0,0.0,1.0,1.0,1.0,True,DATA-09,False,public-derived-contiguous-slice
5640650,2020-04-18 04:16:56,9.0,8.806,-0.0079999999999991,2.02,8.806,73.25,5.720000000000001,0.0,1.0,1.0,0.0,0.0,1.0,1.0,1.0,True,DATA-09,False,public-derived-contiguous-slice
5640660,2020-04-18 04:17:06,9.008,8.82,-0.0079999999999991,2.024000000000001,8.822,73.15,5.869999999999999,0.0,1.0,1.0,0.0,0.0,1.0,1.0,1.0,True,DATA-09,False,public-derived-contiguous-slice
5640670,2020-04-18 04:17:16,9.016,8.832,-0.009999999999998,2.0279999999999987,8.834,73.15,5.6975,0.0,1.0,1.0,0.0,0.0,1.0,1.0,1.0,True,DATA-09,False,public-derived-contiguous-slice
5640680,2020-04-18 04:17:26,9.026,8.842,-0.009999999999998,2.032,8.844,73.05,5.890000000000001,0.0,1.0,1.0,0.0,0.0,1.0,1.0,1.0,True,DATA-09,False,public-derived-contiguous-slice
5640690,2020-04-18 04:17:36,7.862,8.822,-0.009999999999998,1.684000000000001,8.824,73.17499999999998,5.4175,0.0,1.0,0.0,0.0,0.0,1.0,1.0,1.0,True,DATA-09,False,public-derived-contiguous-slice
5640700,2020-04-18 04:17:46,8.81,8.804,-0.009999999999998,1.962,8.806,73.35000000000001,5.622499999999999,0.0,1.0,0.0,0.0,0.0,1.0,1.0,1.0,True,DATA-09,False,public-derived-contiguous-slice
5640710,2020-04-18 04:17:56,8.966,8.808,-0.009999999999998,2.0120000000000005,8.81,73.42500000000001,5.737500000000001,0.0,1.0,0.0,0.0,0.0,1.0,1.0,1.0,True,DATA-09,False,public-derived-contiguous-slice
5640720,2020-04-18 04:18:05,8.972,8.82,-0.009999999999998,2.014,8.82,73.25,5.802499999999998,0.0,1.0,0.0,0.0,0.0,1.0,1.0,1.0,True,DATA-09,False,public-derived-contiguous-slice
5640730,2020-04-18 04:18:15,8.974,8.828,-0.0079999999999991,2.016,8.83,73.025,5.727500000000001,0.0,1.0,0.0,0.0,0.0,1.0,1.0,1.0,True,DATA-09,False,public-derived-contiguous-slice
5640740,2020-04-18 04:18:25,8.984,8.836,-0.009999999999998,2.022,8.838,72.95,5.85,0.0,1.0,0.0,0.0,0.0,1.0,1.0,1.0,True,DATA-09,False,public-derived-contiguous-slice
5640750,2020-04-18 04:18:35,8.096,8.818,-0.009999999999998,1.7539999999999996,8.82,72.85,5.460000000000001,0.0,1.0,1.0,0.0,0.0,1.0,1.0,1.0,True,DATA-09,False,public-derived-contiguous-slice
5640760,2020-04-18 04:18:45,8.998,8.804,-0.0079999999999991,2.02,8.806,72.625,5.8325,0.0,1.0,1.0,0.0,0.0,1.0,1.0,1.0,True,DATA-09,False,public-derived-contiguous-slice
5640770,2020-04-18 04:18:55,9.012,8.818,-0.0079999999999991,2.026,8.82,72.625,5.8325,0.0,1.0,1.0,0.0,0.0,1.0,1.0,1.0,True,DATA-09,False,public-derived-contiguous-slice
5640780,2020-04-18 04:19:05,9.018,8.83,-0.0079999999999991,2.026,8.832,72.52499999999999,5.702499999999999,0.0,1.0,1.0,0.0,0.0,1.0,1.0,1.0,True,DATA-09,False,public-derived-contiguous-slice
5640790,2020-04-18 04:19:15,9.026,8.844,-0.0079999999999991,2.030000000000001,8.846,72.8,5.8475,0.0,1.0,1.0,0.0,0.0,1.0,1.0,1.0,True,DATA-09,False,public-derived-contiguous-slice
5640800,2020-04-18 04:19:25,8.61,8.832,-0.0079999999999991,1.958,8.834,72.95,5.6675,0.0,1.0,0.0,0.0,0.0,0.0,1.0,1.0,True,DATA-09,False,public-derived-contiguous-slice
5640810,2020-04-18 04:19:35,7.837999999999999,8.812,-0.009999999999998,1.6799999999999995,8.814,73.125,5.497499999999999,0.0,1.0,0.0,0.0,0.0,1.0,1.0,1.0,True,DATA-09,False,public-derived-contiguous-slice
5640820,2020-04-18 04:19:45,8.792,8.798,-0.0079999999999991,1.9640000000000004,8.798,73.35000000000001,5.745000000000001,0.0,1.0,0.0,0.0,0.0,1.0,1.0,1.0,True,DATA-09,False,public-derived-contiguous-slice
5640830,2020-04-18 04:19:55,8.956,8.798,-0.009999999999998,2.0120000000000005,8.802,73.64999999999999,5.780000000000001,0.0,1.0,0.0,0.0,0.0,1.0,1.0,1.0,True,DATA-09,False,public-derived-contiguous-slice
5640840,2020-04-18 04:20:04,8.964,8.81,-0.0079999999999991,2.014,8.81,73.30000000000001,5.727500000000001,0.0,1.0,0.0,0.0,0.0,1.0,1.0,1.0,True,DATA-09,False,public-derived-contiguous-slice
5640850,2020-04-18 04:20:14,8.966,8.816,-0.009999999999998,2.014,8.816,73.275,5.817499999999999,0.0,1.0,0.0,0.0,0.0,1.0,1.0,1.0,True,DATA-09,False,public-derived-contiguous-slice
5640860,2020-04-18 04:20:24,8.97,8.824,-0.0079999999999991,2.014,8.824,73.32499999999999,5.725,0.0,1.0,0.0,0.0,0.0,1.0,1.0,1.0,True,DATA-09,False,public-derived-contiguous-slice
5640870,2020-04-18 04:20:34,8.184,8.806,-0.0079999999999991,1.7859999999999996,8.808,73.37499999999999,5.664999999999999,0.0,1.0,1.0,0.0,0.0,1.0,1.0,1.0,True,DATA-09,False,public-derived-contiguous-slice
5640880,2020-04-18 04:20:44,8.986,8.794,-0.0079999999999991,2.0180000000000007,8.796,73.44999999999999,5.8125,0.0,1.0,1.0,0.0,0.0,1.0,1.0,1.0,True,DATA-09,False,public-derived-contiguous-slice
5640890,2020-04-18 04:20:54,9.002,8.808,-0.0079999999999991,2.022,8.81,73.52499999999999,5.709999999999999,0.0,1.0,1.0,0.0,0.0,1.0,1.0,1.0,True,DATA-09,False,public-derived-contiguous-slice
5640900,2020-04-18 04:21:04,9.012,8.82,-0.009999999999998,2.0279999999999987,8.822,73.30000000000001,5.6625,0.0,1.0,1.0,0.0,0.0,1.0,1.0,1.0,True,DATA-09,False,public-derived-contiguous-slice
5640910,2020-04-18 04:21:14,9.018,8.832,-0.009999999999998,2.030000000000001,8.836,73.275,5.7225,0.0,1.0,1.0,0.0,0.0,1.0,1.0,1.0,True,DATA-09,False,public-derived-contiguous-slice
5640920,2020-04-18 04:21:24,8.944,8.844,-0.009999999999998,2.026,8.848,73.2,5.7225,0.0,1.0,0.0,0.0,0.0,0.0,1.0,1.0,True,DATA-09,False,public-derived-contiguous-slice
5640930,2020-04-18 04:21:34,7.970000000000001,8.824,-0.0079999999999991,1.7199999999999989,8.826,73.42500000000001,5.592500000000001,0.0,1.0,0.0,0.0,0.0,1.0,1.0,1.0,True,DATA-09,False,public-derived-contiguous-slice
5640940,2020-04-18 04:21:44,8.87,8.806,-0.0079999999999991,1.9860000000000009,8.81,73.57499999999999,5.7775,0.0,1.0,0.0,0.0,0.0,1.0,1.0,1.0,True,DATA-09,False,public-derived-contiguous-slice
5640950,2020-04-18 04:21:53,8.968,8.81,-0.0079999999999991,2.014,8.814,73.725,5.692500000000001,0.0,1.0,0.0,0.0,0.0,1.0,1.0,1.0,True,DATA-09,False,public-derived-contiguous-slice
5640960,2020-04-18 04:22:03,8.972,8.82,-0.009999999999998,2.016,8.822,73.475,5.8375,0.0,1.0,0.0,0.0,0.0,1.0,1.0,1.0,True,DATA-09,False,public-derived-contiguous-slice
5640970,2020-04-18 04:22:13,8.974,8.828,-0.009999999999998,2.016,8.83,73.35000000000001,5.69,0.0,1.0,0.0,0.0,0.0,1.0,1.0,1.0,True,DATA-09,False,public-derived-contiguous-slice
5640980,2020-04-18 04:22:23,6.5920000000000005,8.834,-0.0079999999999991,1.3599999999999994,8.838,73.35000000000001,5.217499999999999,0.0,1.0,1.0,0.0,0.0,1.0,1.0,1.0,True,DATA-09,False,public-derived-contiguous-slice
5640990,2020-04-18 04:22:33,8.172,8.816,-0.009999999999998,1.7800000000000011,8.82,73.42500000000001,5.482499999999998,0.0,1.0,1.0,0.0,0.0,1.0,1.0,1.0,True,DATA-09,False,public-derived-contiguous-slice
5641000,2020-04-18 04:22:43,8.998,8.804,-0.009999999999998,2.02,8.806,73.50000000000001,5.674999999999999,0.0,1.0,1.0,0.0,0.0,1.0,1.0,1.0,True,DATA-09,False,public-derived-contiguous-slice
5641010,2020-04-18 04:22:53,9.01,8.818,-0.009999999999998,2.0279999999999987,8.82,73.44999999999999,5.7475000000000005,0.0,1.0,1.0,0.0,0.0,1.0,1.0,1.0,True,DATA-09,False,public-derived-contiguous-slice
5641020,2020-04-18 04:23:03,9.018,8.83,-0.009999999999998,2.0279999999999987,8.832,73.32499999999999,5.705,0.0,1.0,1.0,0.0,0.0,1.0,1.0,1.0,True,DATA-09,False,public-derived-contiguous-slice
5641030,2020-04-18 04:23:13,9.028,8.842,-0.0079999999999991,2.033999999999999,8.844,73.125,5.692500000000001,0.0,1.0,1.0,0.0,0.0,1.0,1.0,1.0,True,DATA-09,False,public-derived-contiguous-slice
5641040,2020-04-18 04:23:23,5.882,8.848,-0.009999999999998,1.128,8.852,73.17499999999998,5.035,0.0,1.0,0.0,0.0,0.0,1.0,1.0,1.0,True,DATA-09,False,public-derived-contiguous-slice
5641050,2020-04-18 04:23:33,7.946,8.832,-0.0079999999999991,1.7119999999999995,8.834,73.25,5.545,0.0,1.0,0.0,0.0,0.0,1.0,1.0,1.0,True,DATA-09,False,public-derived-contiguous-slice
5641060,2020-04-18 04:23:42,8.908,8.814,-0.0120000000000004,1.994,8.814,73.52499999999999,5.67,0.0,1.0,0.0,0.0,0.0,1.0,1.0,1.0,True,DATA-09,False,public-derived-contiguous-slice
5641070,2020-04-18 04:23:52,8.976,8.822,-0.0079999999999991,2.0180000000000007,8.822,73.475,5.727500000000001,0.0,1.0,0.0,0.0,0.0,1.0,1.0,1.0,True,DATA-09,False,public-derived-contiguous-slice
5641080,2020-04-18 04:24:02,8.98,8.828,-0.0079999999999991,2.0180000000000007,8.832,73.32499999999999,5.817499999999999,0.0,1.0,0.0,0.0,0.0,1.0,1.0,1.0,True,DATA-09,False,public-derived-contiguous-slice
5641090,2020-04-18 04:24:12,8.98,8.836,-0.0079999999999991,2.0180000000000007,8.836,73.25,5.727500000000001,0.0,1.0,0.0,0.0,0.0,1.0,1.0,1.0,True,DATA-09,False,public-derived-contiguous-slice
5641100,2020-04-18 04:24:22,6.422000000000001,8.84,-0.0079999999999991,1.268000000000001,8.842,73.15,5.19,0.0,1.0,1.0,0.0,0.0,1.0,1.0,1.0,True,DATA-09,False,public-derived-contiguous-slice
5641110,2020-04-18 04:24:32,8.27,8.822,-0.0079999999999991,1.808,8.826,73.35000000000001,5.497499999999999,0.0,1.0,1.0,0.0,0.0,1.0,1.0,1.0,True,DATA-09,False,public-derived-contiguous-slice
5641120,2020-04-18 04:24:42,9.008,8.812,-0.0079999999999991,2.022,8.814,73.475,5.6850000000000005,0.0,1.0,1.0,0.0,0.0,1.0,1.0,1.0,True,DATA-09,False,public-derived-contiguous-slice
5641130,2020-04-18 04:24:52,9.018,8.826,-0.0079999999999991,2.0279999999999987,8.83,73.35000000000001,5.767500000000002,0.0,1.0,1.0,0.0,0.0,1.0,1.0,1.0,True,DATA-09,False,public-derived-contiguous-slice
5641140,2020-04-18 04:25:02,9.028,8.84,-0.0079999999999991,2.032,8.842,73.15,5.83,0.0,1.0,1.0,0.0,0.0,1.0,1.0,1.0,True,DATA-09,False,public-derived-contiguous-slice
5641150,2020-04-18 04:25:12,9.036,8.848,-0.009999999999998,2.033999999999999,8.852,73.15,5.69,0.0,1.0,1.0,0.0,0.0,1.0,1.0,1.0,True,DATA-09,False,public-derived-contiguous-slice
5641160,2020-04-18 04:25:22,6.09,8.856,-0.009999999999998,1.1500000000000004,8.858,73.22500000000001,5.09,0.0,1.0,0.0,0.0,0.0,1.0,1.0,1.0,True,DATA-09,False,public-derived-contiguous-slice
5641170,2020-04-18 04:25:31,8.032,8.838,-0.009999999999998,1.7400000000000002,8.84,73.35000000000001,5.5975,0.0,1.0,0.0,0.0,0.0,1.0,1.0,1.0,True,DATA-09,False,public-derived-contiguous-slice
5641180,2020-04-18 04:25:41,8.89,8.82,-0.009999999999998,1.99,8.822,73.625,5.77,0.0,1.0,0.0,0.0,0.0,1.0,1.0,1.0,True,DATA-09,False,public-derived-contiguous-slice
5641190,2020-04-18 04:25:51,8.982,8.826,-0.009999999999998,2.0180000000000007,8.828,73.64999999999999,5.720000000000001,0.0,1.0,0.0,0.0,0.0,1.0,1.0,1.0,True,DATA-09,False,public-derived-contiguous-slice
5641200,2020-04-18 04:26:01,8.984,8.834,-0.009999999999998,2.0180000000000007,8.838,73.44999999999999,5.68,0.0,1.0,0.0,0.0,0.0,1.0,1.0,1.0,True,DATA-09,False,public-derived-contiguous-slice
5641210,2020-04-18 04:26:11,8.99,8.844,-0.009999999999998,2.022,8.844,73.42500000000001,5.865,0.0,1.0,0.0,0.0,0.0,1.0,1.0,1.0,True,DATA-09,False,public-derived-contiguous-slice
5641220,2020-04-18 04:26:21,6.3740000000000006,8.844,-0.0079999999999991,1.2560000000000002,8.848,73.37499999999999,5.145,0.0,1.0,1.0,0.0,0.0,1.0,1.0,1.0,True,DATA-09,False,public-derived-contiguous-slice
5641230,2020-04-18 04:26:31,8.35,8.826,-0.009999999999998,1.83,8.828,73.44999999999999,5.6875,0.0,1.0,1.0,0.0,0.0,1.0,1.0,1.0,True,DATA-09,False,public-derived-contiguous-slice
5641240,2020-04-18 04:26:41,9.014,8.816,-0.0079999999999991,2.0279999999999987,8.818,73.6,5.802499999999998,0.0,1.0,1.0,0.0,0.0,1.0,1.0,1.0,True,DATA-09,False,public-derived-contiguous-slice
5641250,2020-04-18 04:26:51,9.022,8.83,-0.0079999999999991,2.030000000000001,8.834,73.625,5.6850000000000005,0.0,1.0,1.0,0.0,0.0,1.0,1.0,1.0,True,DATA-09,False,public-derived-contiguous-slice
5641260,2020-04-18 04:27:01,9.03,8.844,-0.009999999999998,2.033999999999999,8.846,73.42500000000001,5.815,0.0,1.0,1.0,0.0,0.0,1.0,1.0,1.0,True,DATA-09,False,public-derived-contiguous-slice
5641270,2020-04-18 04:27:11,9.038,8.854,-0.009999999999998,2.036,8.858,73.37499999999999,5.797499999999999,0.0,1.0,1.0,0.0,0.0,1.0,1.0,1.0,True,DATA-09,False,public-derived-contiguous-slice
5641280,2020-04-18 04:27:20,6.061999999999999,8.858,-0.0079999999999991,1.138,8.862,73.35000000000001,5.225,0.0,1.0,0.0,0.0,0.0,1.0,1.0,1.0,True,DATA-09,False,public-derived-contiguous-slice
5641290,2020-04-18 04:27:30,8.124,8.84,-0.0079999999999991,1.768000000000001,8.842,73.52499999999999,5.5600000000000005,0.0,1.0,0.0,0.0,0.0,1.0,1.0,1.0,True,DATA-09,False,public-derived-contiguous-slice
5641300,2020-04-18 04:27:40,8.938,8.824,-0.0079999999999991,2.004,8.826,73.825,5.700000000000001,0.0,1.0,0.0,0.0,0.0,1.0,1.0,1.0,True,DATA-09,False,public-derived-contiguous-slice
5641310,2020-04-18 04:27:50,8.986,8.83,-0.009999999999998,2.0180000000000007,8.832,73.825,5.785,0.0,1.0,0.0,0.0,0.0,1.0,1.0,1.0,True,DATA-09,False,public-derived-contiguous-slice
5641320,2020-04-18 04:28:00,8.988,8.838,-0.0079999999999991,2.024000000000001,8.842,73.55000000000001,5.707500000000001,0.0,1.0,0.0,0.0,0.0,1.0,1.0,1.0,True,DATA-09,False,public-derived-contiguous-slice
5641330,2020-04-18 04:28:10,8.992,8.844,-0.009999999999998,2.022,8.846,73.6,5.82,0.0,1.0,0.0,0.0,0.0,1.0,1.0,1.0,True,DATA-09,False,public-derived-contiguous-slice
5641340,2020-04-18 04:28:20,6.648,8.85,-0.0079999999999991,1.3279999999999994,8.852,73.625,5.2075,0.0,1.0,1.0,0.0,0.0,1.0,1.0,1.0,True,DATA-09,False,public-derived-contiguous-slice
5641350,2020-04-18 04:28:30,8.35,8.832,-0.0079999999999991,1.8320000000000007,8.834,73.625,5.529999999999999,0.0,1.0,1.0,0.0,0.0,1.0,1.0,1.0,True,DATA-09,False,public-derived-contiguous-slice
5641360,2020-04-18 04:28:40,9.016,8.822,-0.0079999999999991,2.026,8.822,73.8,5.674999999999999,0.0,1.0,1.0,0.0,0.0,1.0,1.0,1.0,True,DATA-09,False,public-derived-contiguous-slice
5641370,2020-04-18 04:28:50,9.026,8.838,-0.0079999999999991,2.0279999999999987,8.838,73.625,5.6875,0.0,1.0,1.0,0.0,0.0,1.0,1.0,1.0,True,DATA-09,False,public-derived-contiguous-slice
5641380,2020-04-18 04:29:00,9.036,8.848,-0.0060000000000002,2.033999999999999,8.85,73.22500000000001,5.802499999999998,0.0,1.0,1.0,0.0,0.0,1.0,1.0,1.0,True,DATA-09,False,public-derived-contiguous-slice
5641390,2020-04-18 04:29:09,9.044,8.86,-0.0079999999999991,2.0380000000000003,8.86,73.17499999999998,5.800000000000001,0.0,1.0,1.0,0.0,0.0,1.0,1.0,1.0,True,DATA-09,False,public-derived-contiguous-slice
5641400,2020-04-18 04:29:19,6.394,8.864,-0.0079999999999991,1.25,8.862,73.22500000000001,5.142500000000002,0.0,1.0,0.0,0.0,0.0,1.0,1.0,1.0,True,DATA-09,False,public-derived-contiguous-slice
5641410,2020-04-18 04:29:29,8.14,8.846,-0.0079999999999991,1.768000000000001,8.846,73.44999999999999,5.504999999999999,0.0,1.0,0.0,0.0,0.0,1.0,1.0,1.0,True,DATA-09,False,public-derived-contiguous-slice
5641420,2020-04-18 04:29:39,8.938,8.828,-0.0060000000000002,2.001999999999999,8.83,73.675,5.664999999999999,0.0,1.0,0.0,0.0,0.0,1.0,1.0,1.0,True,DATA-09,False,public-derived-contiguous-slice
5641430,2020-04-18 04:29:49,8.988,8.834,-0.0060000000000002,2.016,8.834,73.52499999999999,5.8475,0.0,1.0,0.0,0.0,0.0,1.0,1.0,1.0,True,DATA-09,False,public-derived-contiguous-slice
5641440,2020-04-18 04:29:59,8.992,8.844,-0.0040000000000013,2.0180000000000007,8.844,73.44999999999999,5.8325,0.0,1.0,0.0,0.0,0.0,1.0,1.0,1.0,True,DATA-09,False,public-derived-contiguous-slice
5641450,2020-04-18 04:30:09,8.994,8.85,-0.0060000000000002,2.02,8.85,73.32499999999999,5.700000000000001,0.0,1.0,0.0,0.0,0.0,1.0,1.0,1.0,True,DATA-09,False,public-derived-contiguous-slice
5641460,2020-04-18 04:30:19,6.69,8.852,-0.0060000000000002,1.33,8.852,73.52499999999999,5.2325,0.0,1.0,1.0,0.0,0.0,1.0,1.0,1.0,True,DATA-09,False,public-derived-contiguous-slice
5641470,2020-04-18 04:30:29,8.366,8.834,-0.0060000000000002,1.834,8.836,73.64999999999999,5.6875,0.0,1.0,1.0,0.0,0.0,1.0,1.0,1.0,True,DATA-09,False,public-derived-contiguous-slice
5641480,2020-04-18 04:30:39,9.022,8.828,-0.0060000000000002,2.0279999999999987,8.828,73.725,5.807500000000001,0.0,1.0,1.0,0.0,0.0,1.0,1.0,1.0,True,DATA-09,False,public-derived-contiguous-slice
5641490,2020-04-18 04:30:49,9.03,8.84,-0.0079999999999991,2.0279999999999987,8.842,73.725,5.754999999999999,0.0,1.0,1.0,0.0,0.0,1.0,1.0,1.0,True,DATA-09,False,public-derived-contiguous-slice
5641500,2020-04-18 04:30:58,9.036,8.852,-0.0079999999999991,2.033999999999999,8.854,73.35000000000001,5.780000000000001,0.0,1.0,1.0,0.0,0.0,1.0,1.0,1.0,True,DATA-09,False,public-derived-contiguous-slice
5641510,2020-04-18 04:31:08,9.046,8.866,-0.0060000000000002,2.0380000000000003,8.866,73.35000000000001,5.772500000000001,0.0,1.0,1.0,0.0,0.0,1.0,1.0,1.0,True,DATA-09,False,public-derived-contiguous-slice
5641520,2020-04-18 04:31:18,6.4,8.868,-0.0060000000000002,1.251999999999999,8.868,73.35000000000001,5.229999999999999,0.0,1.0,0.0,0.0,0.0,1.0,1.0,1.0,True,DATA-09,False,public-derived-contiguous-slice
5641530,2020-04-18 04:31:28,8.14,8.852,-0.0040000000000013,1.768000000000001,8.85,73.42500000000001,5.467500000000001,0.0,1.0,0.0,0.0,0.0,1.0,1.0,1.0,True,DATA-09,False,public-derived-contiguous-slice
5641540,2020-04-18 04:31:38,8.978,8.834,-0.0060000000000002,2.0120000000000005,8.834,73.55000000000001,5.640000000000001,0.0,1.0,0.0,0.0,0.0,1.0,1.0,1.0,True,DATA-09,False,public-derived-contiguous-slice
5641550,2020-04-18 04:31:48,8.996,8.844,-0.0040000000000013,2.0180000000000007,8.842,73.50000000000001,5.7225,0.0,1.0,0.0,0.0,0.0,1.0,1.0,1.0,True,DATA-09,False,public-derived-contiguous-slice
5641560,2020-04-18 04:31:58,8.994,8.85,-0.0060000000000002,2.0180000000000007,8.85,73.625,5.8475,0.0,1.0,0.0,0.0,0.0,1.0,1.0,1.0,True,DATA-09,False,public-derived-contiguous-slice
5641570,2020-04-18 04:32:08,9.0,8.858,-0.0060000000000002,2.022,8.856,73.57499999999999,5.82,0.0,1.0,0.0,0.0,0.0,1.0,1.0,1.0,True,DATA-09,False,public-derived-contiguous-slice
5641580,2020-04-18 04:32:18,6.852,8.854,-0.0060000000000002,1.379999999999999,8.852,73.64999999999999,5.209999999999999,0.0,1.0,1.0,0.0,0.0,1.0,1.0,1.0,True,DATA-09,False,public-derived-contiguous-slice
5641590,2020-04-18 04:32:28,8.428,8.832,-0.0060000000000002,1.8580000000000003,8.832,73.6,5.605,0.0,1.0,1.0,0.0,0.0,1.0,1.0,1.0,True,DATA-09,False,public-derived-contiguous-slice
5641600,2020-04-18 04:32:38,9.016,8.822,-0.0079999999999991,2.026,8.824,73.75,5.700000000000001,0.0,1.0,1.0,0.0,0.0,1.0,1.0,1.0,True,DATA-09,False,public-derived-contiguous-slice
5641610,2020-04-18 04:32:47,9.024,8.838,-0.0060000000000002,2.0279999999999987,8.836,73.75,5.754999999999999,0.0,1.0,1.0,0.0,0.0,1.0,1.0,1.0,True,DATA-09,False,public-derived-contiguous-slice
5641620,2020-04-18 04:32:57,9.028,8.848,-0.0060000000000002,2.030000000000001,8.85,73.55000000000001,5.6675,0.0,1.0,1.0,0.0,0.0,1.0,1.0,1.0,True,DATA-09,False,public-derived-contiguous-slice
5641630,2020-04-18 04:33:07,9.042,8.858,-0.0079999999999991,2.033999999999999,8.86,73.475,5.745000000000001,0.0,1.0,1.0,0.0,0.0,1.0,1.0,1.0,True,DATA-09,False,public-derived-contiguous-slice
5641640,2020-04-18 04:33:17,6.506,8.838,-0.0060000000000002,1.2919999999999998,8.84,73.35000000000001,5.215,0.0,1.0,0.0,0.0,0.0,1.0,1.0,1.0,True,DATA-09,False,public-derived-contiguous-slice
5641650,2020-04-18 04:33:27,8.186,8.8,-0.0079999999999991,1.7800000000000011,8.802,73.42500000000001,5.462499999999999,0.0,1.0,0.0,0.0,0.0,1.0,1.0,1.0,True,DATA-09,False,public-derived-contiguous-slice
5641660,2020-04-18 04:33:37,8.944,8.786,-0.0060000000000002,2.001999999999999,8.788,73.52499999999999,5.75,0.0,1.0,0.0,0.0,0.0,1.0,1.0,1.0,True,DATA-09,False,public-derived-contiguous-slice
5641670,2020-04-18 04:33:47,8.958,8.802,-0.0060000000000002,2.007999999999999,8.802,73.05,5.794999999999998,0.0,1.0,0.0,0.0,0.0,1.0,1.0,1.0,True,DATA-09,False,public-derived-contiguous-slice
5641680,2020-04-18 04:33:57,8.96,8.812,-0.0060000000000002,2.007999999999999,8.812,72.825,5.782499999999999,0.0,1.0,0.0,0.0,0.0,1.0,1.0,1.0,True,DATA-09,False,public-derived-contiguous-slice
5641690,2020-04-18 04:34:07,8.968,8.822,-0.0060000000000002,2.0120000000000005,8.82,72.85,5.75,0.0,1.0,0.0,0.0,0.0,1.0,1.0,1.0,True,DATA-09,False,public-derived-contiguous-slice
5641700,2020-04-18 04:34:17,6.949999999999999,8.822,-0.0040000000000013,1.4260000000000002,8.822,73.0,5.315000000000001,0.0,1.0,1.0,0.0,0.0,1.0,1.0,1.0,True,DATA-09,False,public-derived-contiguous-slice
5641710,2020-04-18 04:34:27,8.478,8.804,-0.0060000000000002,1.8640000000000008,8.804,73.075,5.585000000000001,0.0,1.0,1.0,0.0,0.0,1.0,1.0,1.0,True,DATA-09,False,public-derived-contiguous-slice
5641720,2020-04-18 04:34:36,8.996,8.802,-0.0079999999999991,2.0180000000000007,8.8,73.17499999999998,5.692500000000001,0.0,1.0,1.0,0.0,0.0,1.0,1.0,1.0,True,DATA-09,False,public-derived-contiguous-slice
5641730,2020-04-18 04:34:46,9.008,8.816,-0.0060000000000002,2.022,8.818,72.95,5.727500000000001,0.0,1.0,1.0,0.0,0.0,1.0,1.0,1.0,True,DATA-09,False,public-derived-contiguous-slice
5641740,2020-04-18 04:34:56,9.014,8.83,-0.0060000000000002,2.026,8.828,72.95,5.672499999999999,0.0,1.0,1.0,0.0,0.0,1.0,1.0,1.0,True,DATA-09,False,public-derived-contiguous-slice
5641750,2020-04-18 04:35:06,9.024,8.838,-0.0060000000000002,2.030000000000001,8.84,72.95,5.782499999999999,0.0,1.0,1.0,0.0,0.0,1.0,1.0,1.0,True,DATA-09,False,public-derived-contiguous-slice
5641760,2020-04-18 04:35:16,6.692,8.836,-0.0079999999999991,1.3440000000000012,8.838,73.025,5.302500000000002,0.0,1.0,0.0,0.0,0.0,1.0,1.0,1.0,True,DATA-09,False,public-derived-contiguous-slice
5641770,2020-04-18 04:35:26,8.286,8.82,-0.0079999999999991,1.808,8.82,73.2,5.6325,0.0,1.0,0.0,0.0,0.0,1.0,1.0,1.0,True,DATA-09,False,public-derived-contiguous-slice
5641780,2020-04-18 04:35:36,8.966,8.806,-0.0060000000000002,2.01,8.808,72.85,5.664999999999999,0.0,1.0,0.0,0.0,0.0,1.0,1.0,1.0,True,DATA-09,False,public-derived-contiguous-slice
5641790,2020-04-18 04:35:46,8.972,8.816,-0.0060000000000002,2.007999999999999,8.818,72.55,5.692500000000001,0.0,1.0,0.0,0.0,0.0,1.0,1.0,1.0,True,DATA-09,False,public-derived-contiguous-slice
5641800,2020-04-18 04:35:56,8.978,8.828,-0.0040000000000013,2.0120000000000005,8.828,72.64999999999999,5.782499999999999,0.0,1.0,0.0,0.0,0.0,1.0,1.0,1.0,True,DATA-09,False,public-derived-contiguous-slice
5641810,2020-04-18 04:36:06,8.98,8.836,-0.0060000000000002,2.014,8.836,72.625,5.807500000000001,0.0,1.0,0.0,0.0,0.0,1.0,1.0,1.0,True,DATA-09,False,public-derived-contiguous-slice
5641820,2020-04-18 04:36:16,7.135999999999999,8.832,-0.0060000000000002,1.4699999999999989,8.832,72.85,5.285,0.0,1.0,1.0,0.0,0.0,1.0,1.0,1.0,True,DATA-09,False,public-derived-contiguous-slice
5641830,2020-04-18 04:36:26,8.566,8.814,-0.0079999999999991,1.888,8.816,73.2,5.725,0.0,1.0,1.0,0.0,0.0,1.0,1.0,1.0,True,DATA-09,False,public-derived-contiguous-slice
5641840,2020-04-18 04:36:35,9.01,8.814,-0.0060000000000002,2.022,8.814,73.44999999999999,5.6850000000000005,0.0,1.0,1.0,0.0,0.0,1.0,1.0,1.0,True,DATA-09,False,public-derived-contiguous-slice
5641850,2020-04-18 04:36:45,9.02,8.828,-0.0060000000000002,2.024000000000001,8.83,73.64999999999999,5.69,0.0,1.0,1.0,0.0,0.0,1.0,1.0,1.0,True,DATA-09,False,public-derived-contiguous-slice
5641860,2020-04-18 04:36:55,9.028,8.842,-0.0079999999999991,2.026,8.842,73.44999999999999,5.720000000000001,0.0,1.0,1.0,0.0,0.0,1.0,1.0,1.0,True,DATA-09,False,public-derived-contiguous-slice
5641870,2020-04-18 04:37:05,9.036,8.852,-0.0079999999999991,2.030000000000001,8.854,73.35000000000001,5.702499999999999,0.0,1.0,1.0,0.0,0.0,1.0,1.0,1.0,True,DATA-09,False,public-derived-contiguous-slice
5641880,2020-04-18 04:37:15,6.658,8.85,-0.0060000000000002,1.3419999999999987,8.852,73.275,5.305,0.0,1.0,0.0,0.0,0.0,1.0,1.0,1.0,True,DATA-09,False,public-derived-contiguous-slice
5641890,2020-04-18 04:37:25,8.366,8.83,-0.0060000000000002,1.824,8.832,73.15,5.542499999999999,0.0,1.0,0.0,0.0,0.0,1.0,1.0,1.0,True,DATA-09,False,public-derived-contiguous-slice
5641900,2020-04-18 04:37:35,8.976,8.818,-0.0060000000000002,2.01,8.818,73.42500000000001,5.774999999999999,0.0,1.0,0.0,0.0,0.0,1.0,1.0,1.0,True,DATA-09,False,public-derived-contiguous-slice
5641910,2020-04-18 04:37:45,8.986,8.83,-0.0060000000000002,2.01,8.83,73.475,5.74,0.0,1.0,0.0,0.0,0.0,1.0,1.0,1.0,True,DATA-09,False,public-derived-contiguous-slice
5641920,2020-04-18 04:37:55,8.992,8.84,-0.0040000000000013,2.016,8.84,73.35000000000001,5.69,0.0,1.0,0.0,0.0,0.0,1.0,1.0,1.0,True,DATA-09,False,public-derived-contiguous-slice
5641930,2020-04-18 04:38:05,8.998,8.846,-0.0079999999999991,2.016,8.846,73.22500000000001,5.702499999999999,0.0,1.0,0.0,0.0,0.0,1.0,1.0,1.0,True,DATA-09,False,public-derived-contiguous-slice
5641940,2020-04-18 04:38:15,7.15,8.844,-0.0079999999999991,1.4740000000000002,8.846,73.125,5.3125,0.0,1.0,1.0,0.0,0.0,1.0,1.0,1.0,True,DATA-09,False,public-derived-contiguous-slice
5641950,2020-04-18 04:38:24,8.598,8.828,-0.0079999999999991,1.892,8.828,73.15,5.737500000000001,0.0,1.0,1.0,0.0,0.0,1.0,1.0,1.0,True,DATA-09,False,public-derived-contiguous-slice
5641960,2020-04-18 04:38:34,9.024,8.828,-0.0060000000000002,2.024000000000001,8.83,73.275,5.85,0.0,1.0,1.0,0.0,0.0,1.0,1.0,1.0,True,DATA-09,False,public-derived-contiguous-slice
5641970,2020-04-18 04:38:44,9.012,8.82,-0.0060000000000002,2.02,8.822,73.22500000000001,5.852500000000001,0.0,1.0,1.0,0.0,0.0,1.0,1.0,1.0,True,DATA-09,False,public-derived-contiguous-slice
5641980,2020-04-18 04:38:54,8.99,8.808,-0.0060000000000002,2.014,8.808,73.125,5.694999999999999,0.0,1.0,1.0,0.0,0.0,1.0,1.0,1.0,True,DATA-09,False,public-derived-contiguous-slice
5641990,2020-04-18 04:39:04,9.006,8.826,-0.0060000000000002,2.0180000000000007,8.826,73.125,5.720000000000001,0.0,1.0,1.0,0.0,0.0,1.0,1.0,1.0,True,DATA-09,False,public-derived-contiguous-slice
5642000,2020-04-18 04:39:14,6.888,8.826,-0.0060000000000002,1.404,8.826,73.30000000000001,5.2125,0.0,1.0,0.0,0.0,0.0,1.0,1.0,1.0,True,DATA-09,False,public-derived-contiguous-slice
5642010,2020-04-18 04:39:24,8.406,8.808,-0.0079999999999991,1.8360000000000003,8.808,73.44999999999999,5.577500000000001,0.0,1.0,0.0,0.0,0.0,1.0,1.0,1.0,True,DATA-09,False,public-derived-contiguous-slice
5642020,2020-04-18 04:39:34,8.96,8.8,-0.0060000000000002,2.004,8.8,73.625,5.780000000000001,0.0,1.0,0.0,0.0,0.0,1.0,1.0,1.0,True,DATA-09,False,public-derived-contiguous-slice
5642030,2020-04-18 04:39:44,8.974,8.814,-0.0079999999999991,2.006,8.814,73.55000000000001,5.774999999999999,0.0,1.0,0.0,0.0,0.0,1.0,1.0,1.0,True,DATA-09,False,public-derived-contiguous-slice
5642040,2020-04-18 04:39:54,8.978,8.826,-0.0079999999999991,2.006,8.826,73.52499999999999,5.842499999999999,0.0,1.0,0.0,0.0,0.0,1.0,1.0,1.0,True,DATA-09,False,public-derived-contiguous-slice
5642050,2020-04-18 04:40:04,8.984,8.836,-0.0060000000000002,2.01,8.836,73.37499999999999,5.7575,0.0,1.0,0.0,0.0,0.0,1.0,1.0,1.0,True,DATA-09,False,public-derived-contiguous-slice
5642060,2020-04-18 04:40:14,7.204000000000001,8.834,-0.0060000000000002,1.4939999999999998,8.834,73.44999999999999,5.295000000000002,0.0,1.0,1.0,0.0,0.0,1.0,1.0,1.0,True,DATA-09,False,public-derived-contiguous-slice
5642070,2020-04-18 04:40:23,8.702,8.814,-0.0079999999999991,1.924,8.818,73.52499999999999,5.642499999999998,0.0,1.0,1.0,0.0,0.0,1.0,1.0,1.0,True,DATA-09,False,public-derived-contiguous-slice
5642080,2020-04-18 04:40:33,9.016,8.82,-0.0060000000000002,2.02,8.82,73.475,5.725,0.0,1.0,1.0,0.0,0.0,1.0,1.0,1.0,True,DATA-09,False,public-derived-contiguous-slice
5642090,2020-04-18 04:40:43,9.028,8.836,-0.0060000000000002,2.02,8.836,73.35000000000001,5.787500000000001,0.0,1.0,1.0,0.0,0.0,1.0,1.0,1.0,True,DATA-09,False,public-derived-contiguous-slice
5642100,2020-04-18 04:40:53,9.034,8.852,-0.0079999999999991,2.026,8.85,73.25,5.8475,0.0,1.0,1.0,0.0,0.0,1.0,1.0,1.0,True,DATA-09,False,public-derived-contiguous-slice
5642110,2020-04-18 04:41:03,9.046,8.862,-0.0079999999999991,2.030000000000001,8.864,73.15,5.852500000000001,0.0,1.0,1.0,0.0,0.0,1.0,1.0,1.0,True,DATA-09,False,public-derived-contiguous-slice
5642120,2020-04-18 04:41:13,6.917999999999999,8.86,-0.0079999999999991,1.41,8.86,73.125,5.344999999999999,0.0,1.0,0.0,0.0,0.0,1.0,1.0,1.0,True,DATA-09,False,public-derived-contiguous-slice
5642130,2020-04-18 04:41:23,8.494,8.838,-0.009999999999998,1.862,8.842,73.44999999999999,5.672499999999999,0.0,1.0,0.0,0.0,0.0,1.0,1.0,1.0,True,DATA-09,False,public-derived-contiguous-slice
5642140,2020-04-18 04:41:33,8.992,8.832,-0.009999999999998,2.01,8.834,73.52499999999999,5.734999999999999,0.0,1.0,0.0,0.0,0.0,1.0,1.0,1.0,True,DATA-09,False,public-derived-contiguous-slice
5642150,2020-04-18 04:41:43,9.0,8.846,-0.009999999999998,2.014,8.846,73.64999999999999,5.7475000000000005,0.0,1.0,0.0,0.0,0.0,1.0,1.0,1.0,True,DATA-09,False,public-derived-contiguous-slice
5642160,2020-04-18 04:41:53,9.004,8.854,-0.0079999999999991,2.016,8.856,73.55000000000001,5.807500000000001,0.0,1.0,0.0,0.0,0.0,1.0,1.0,1.0,True,DATA-09,False,public-derived-contiguous-slice
5642170,2020-04-18 04:42:03,9.01,8.864,-0.0079999999999991,2.02,8.864,73.42500000000001,5.82,0.0,1.0,0.0,0.0,0.0,1.0,1.0,1.0,True,DATA-09,False,public-derived-contiguous-slice
5642180,2020-04-18 04:42:13,7.295999999999999,8.858,-0.0079999999999991,1.5139999999999991,8.86,73.42500000000001,5.289999999999999,0.0,1.0,1.0,0.0,0.0,1.0,1.0,1.0,True,DATA-09,False,public-derived-contiguous-slice
5642190,2020-04-18 04:42:22,8.746,8.84,-0.0060000000000002,1.9400000000000013,8.84,73.475,5.629999999999999,0.0,1.0,1.0,0.0,0.0,1.0,1.0,1.0,True,DATA-09,False,public-derived-contiguous-slice
5642200,2020-04-18 04:42:32,9.038,8.844,-0.0079999999999991,2.026,8.844,73.64999999999999,5.745000000000001,0.0,1.0,1.0,0.0,0.0,1.0,1.0,1.0,True,DATA-09,False,public-derived-contiguous-slice
5642210,2020-04-18 04:42:42,9.052,8.86,-0.0079999999999991,2.0279999999999987,8.86,73.52499999999999,5.745000000000001,0.0,1.0,1.0,0.0,0.0,1.0,1.0,1.0,True,DATA-09,False,public-derived-contiguous-slice
5642220,2020-04-18 04:42:52,9.056,8.866,-0.0079999999999991,2.030000000000001,8.866,73.44999999999999,5.869999999999999,0.0,1.0,1.0,0.0,0.0,1.0,1.0,1.0,True,DATA-09,False,public-derived-contiguous-slice
5642230,2020-04-18 04:43:02,9.048,8.864,-0.0060000000000002,2.032,8.866,73.35000000000001,5.767500000000002,0.0,1.0,1.0,0.0,0.0,1.0,1.0,1.0,True,DATA-09,False,public-derived-contiguous-slice
5642240,2020-04-18 04:43:12,7.026,8.862,-0.009999999999998,1.4420000000000002,8.862,73.25,5.355,0.0,1.0,0.0,0.0,0.0,1.0,1.0,1.0,True,DATA-09,False,public-derived-contiguous-slice
5642250,2020-04-18 04:43:22,8.548,8.842,-0.0079999999999991,1.8760000000000008,8.844,73.44999999999999,5.760000000000002,0.0,1.0,0.0,0.0,0.0,1.0,1.0,1.0,True,DATA-09,False,public-derived-contiguous-slice
5642260,2020-04-18 04:43:32,8.996,8.836,-0.009999999999998,2.01,8.836,73.64999999999999,5.8475,0.0,1.0,0.0,0.0,0.0,1.0,1.0,1.0,True,DATA-09,False,public-derived-contiguous-slice
5642270,2020-04-18 04:43:42,9.002,8.848,-0.0079999999999991,2.014,8.85,73.64999999999999,5.694999999999999,0.0,1.0,0.0,0.0,0.0,1.0,1.0,1.0,True,DATA-09,False,public-derived-contiguous-slice
5642280,2020-04-18 04:43:52,9.004,8.858,-0.0079999999999991,2.016,8.858,73.37499999999999,5.7475000000000005,0.0,1.0,0.0,0.0,0.0,1.0,1.0,1.0,True,DATA-09,False,public-derived-contiguous-slice
5642290,2020-04-18 04:44:02,9.012,8.866,-0.0079999999999991,2.02,8.866,73.35000000000001,5.809999999999999,0.0,1.0,0.0,0.0,0.0,1.0,1.0,1.0,True,DATA-09,False,public-derived-contiguous-slice
5642300,2020-04-18 04:44:11,7.449999999999999,8.854,-0.0079999999999991,1.565999999999999,8.854,73.44999999999999,5.487500000000001,0.0,1.0,1.0,0.0,0.0,1.0,1.0,1.0,True,DATA-09,False,public-derived-contiguous-slice
5642310,2020-04-18 04:44:21,8.742,8.838,-0.0079999999999991,1.9379999999999988,8.836,73.52499999999999,5.815,0.0,1.0,1.0,0.0,0.0,1.0,1.0,1.0,True,DATA-09,False,public-derived-contiguous-slice
5642320,2020-04-18 04:44:31,9.038,8.842,-0.0079999999999991,2.026,8.842,73.44999999999999,5.842499999999999,0.0,1.0,1.0,0.0,0.0,1.0,1.0,1.0,True,DATA-09,False,public-derived-contiguous-slice
5642330,2020-04-18 04:44:41,9.05,8.858,-0.0060000000000002,2.030000000000001,8.86,73.35000000000001,5.787500000000001,0.0,1.0,1.0,0.0,0.0,1.0,1.0,1.0,True,DATA-09,False,public-derived-contiguous-slice
5642340,2020-04-18 04:44:51,9.054,8.87,-0.0079999999999991,2.033999999999999,8.872,73.22500000000001,5.84,0.0,1.0,1.0,0.0,0.0,1.0,1.0,1.0,True,DATA-09,False,public-derived-contiguous-slice
5642350,2020-04-18 04:45:01,9.064,8.882,-0.0079999999999991,2.036,8.884,73.37499999999999,5.815,0.0,1.0,1.0,0.0,0.0,1.0,1.0,1.0,True,DATA-09,False,public-derived-contiguous-slice
5642360,2020-04-18 04:45:11,7.166,8.874,-0.0079999999999991,1.475999999999999,8.874,73.52499999999999,5.4375,0.0,1.0,0.0,0.0,0.0,1.0,1.0,1.0,True,DATA-09,False,public-derived-contiguous-slice
5642370,2020-04-18 04:45:21,8.52,8.858,-0.0060000000000002,1.870000000000001,8.86,73.675,5.7425,0.0,1.0,0.0,0.0,0.0,1.0,1.0,1.0,True,DATA-09,False,public-derived-contiguous-slice
5642380,2020-04-18 04:45:31,9.01,8.852,-0.0060000000000002,2.014,8.852,73.925,5.8475,0.0,1.0,0.0,0.0,0.0,1.0,1.0,1.0,True,DATA-09,False,public-derived-contiguous-slice
5642390,2020-04-18 04:45:41,9.018,8.862,-0.0060000000000002,2.0180000000000007,8.862,73.825,5.845000000000001,0.0,1.0,0.0,0.0,0.0,1.0,1.0,1.0,True,DATA-09,False,public-derived-contiguous-slice
5642400,2020-04-18 04:45:51,9.018,8.87,-0.0079999999999991,2.02,8.872,73.52499999999999,5.842499999999999,0.0,1.0,0.0,0.0,0.0,1.0,1.0,1.0,True,DATA-09,False,public-derived-contiguous-slice
5642410,2020-04-18 04:46:00,9.022,8.88,-0.0060000000000002,2.022,8.878,73.55000000000001,5.6775,0.0,1.0,0.0,0.0,0.0,1.0,1.0,1.0,True,DATA-09,False,public-derived-contiguous-slice
5642420,2020-04-18 04:46:10,7.577999999999999,8.87,-0.0060000000000002,1.6039999999999992,8.87,73.44999999999999,5.352499999999999,0.0,1.0,1.0,0.0,0.0,1.0,1.0,1.0,True,DATA-09,False,public-derived-contiguous-slice
5642430,2020-04-18 04:46:20,8.802,8.854,-0.0040000000000013,1.9600000000000009,8.856,73.52499999999999,5.727500000000001,0.0,1.0,1.0,0.0,0.0,1.0,1.0,1.0,True,DATA-09,False,public-derived-contiguous-slice
5642440,2020-04-18 04:46:30,9.054,8.858,-0.0060000000000002,2.026,8.858,73.64999999999999,5.8775,0.0,1.0,1.0,0.0,0.0,1.0,1.0,1.0,True,DATA-09,False,public-derived-contiguous-slice
5642450,2020-04-18 04:46:40,9.064,8.876,-0.0060000000000002,2.032,8.876,73.55000000000001,5.834999999999999,0.0,1.0,1.0,0.0,0.0,1.0,1.0,1.0,True,DATA-09,False,public-derived-contiguous-slice
5642460,2020-04-18 04:46:50,9.072,8.888,-0.0060000000000002,2.036,8.888,73.625,5.7925,0.0,1.0,1.0,0.0,0.0,1.0,1.0,1.0,True,DATA-09,False,public-derived-contiguous-slice
5642470,2020-04-18 04:47:00,9.08,8.898,-0.0060000000000002,2.039999999999999,8.902,73.57499999999999,5.845000000000001,0.0,1.0,1.0,0.0,0.0,1.0,1.0,1.0,True,DATA-09,False,public-derived-contiguous-slice
5642480,2020-04-18 04:47:10,7.332000000000001,8.89,-0.0079999999999991,1.5300000000000011,8.892,73.64999999999999,5.4725,0.0,1.0,0.0,0.0,0.0,1.0,1.0,1.0,True,DATA-09,False,public-derived-contiguous-slice
5642490,2020-04-18 04:47:20,8.596,8.874,-0.0079999999999991,1.8960000000000008,8.872,73.925,5.737500000000001,0.0,1.0,0.0,0.0,0.0,1.0,1.0,1.0,True,DATA-09,False,public-derived-contiguous-slice
5642500,2020-04-18 04:47:30,9.024,8.868,-0.0079999999999991,2.02,8.868,74.025,5.887500000000001,0.0,1.0,0.0,0.0,0.0,1.0,1.0,1.0,True,DATA-09,False,public-derived-contiguous-slice
5642510,2020-04-18 04:47:40,9.03,8.878,-0.0060000000000002,2.022,8.88,73.85,5.752500000000001,0.0,1.0,0.0,0.0,0.0,1.0,1.0,1.0,True,DATA-09,False,public-derived-contiguous-slice
5642520,2020-04-18 04:47:49,9.036,8.888,-0.0060000000000002,2.026,8.89,73.625,5.734999999999999,0.0,1.0,0.0,0.0,0.0,1.0,1.0,1.0,True,DATA-09,False,public-derived-contiguous-slice
5642530,2020-04-18 04:47:59,9.04,8.896,-0.0079999999999991,2.0279999999999987,8.896,73.52499999999999,5.854999999999999,0.0,1.0,0.0,0.0,0.0,1.0,1.0,1.0,True,DATA-09,False,public-derived-contiguous-slice
5642540,2020-04-18 04:48:09,7.587999999999999,8.888,-0.0079999999999991,1.5999999999999996,8.888,73.44999999999999,5.362499999999999,0.0,1.0,1.0,0.0,0.0,1.0,1.0,1.0,True,DATA-09,False,public-derived-contiguous-slice
5642550,2020-04-18 04:48:19,8.864,8.87,-0.0079999999999991,1.9720000000000013,8.87,73.55000000000001,5.797499999999999,0.0,1.0,1.0,0.0,0.0,1.0,1.0,1.0,True,DATA-09,False,public-derived-contiguous-slice
5642560,2020-04-18 04:48:29,9.07,8.876,-0.009999999999998,2.033999999999999,8.878,73.44999999999999,5.7475000000000005,0.0,1.0,1.0,0.0,0.0,1.0,1.0,1.0,True,DATA-09,False,public-derived-contiguous-slice
5642570,2020-04-18 04:48:39,9.08,8.89,-0.009999999999998,2.0380000000000003,8.894,73.32499999999999,5.8325,0.0,1.0,1.0,0.0,0.0,1.0,1.0,1.0,True,DATA-09,False,public-derived-contiguous-slice
5642580,2020-04-18 04:48:49,9.088,8.904,-0.0079999999999991,2.039999999999999,8.906,73.32499999999999,5.692500000000001,0.0,1.0,1.0,0.0,0.0,1.0,1.0,1.0,True,DATA-09,False,public-derived-contiguous-slice
5642590,2020-04-18 04:48:59,9.096,8.914,-0.0079999999999991,2.0440000000000005,8.916,73.25,5.805,0.0,1.0,1.0,0.0,0.0,1.0,1.0,1.0,True,DATA-09,False,public-derived-contiguous-slice
5642600,2020-04-18 04:49:09,7.334,8.906,-0.009999999999998,1.5259999999999998,8.906,73.35000000000001,5.425000000000001,0.0,1.0,0.0,0.0,0.0,1.0,1.0,1.0,True,DATA-09,False,public-derived-contiguous-slice
5642610,2020-04-18 04:49:19,8.602,8.89,-0.0079999999999991,1.894,8.892,73.57499999999999,5.634999999999998,0.0,1.0,0.0,0.0,0.0,1.0,1.0,1.0,True,DATA-09,False,public-derived-contiguous-slice
5642620,2020-04-18 04:49:29,9.038,8.884,-0.0079999999999991,2.024000000000001,8.884,73.57499999999999,5.802499999999998,0.0,1.0,0.0,0.0,0.0,1.0,1.0,1.0,True,DATA-09,False,public-derived-contiguous-slice
5642630,2020-04-18 04:49:38,9.046,8.892,-0.009999999999998,2.026,8.894,73.475,5.73,0.0,1.0,0.0,0.0,0.0,1.0,1.0,1.0,True,DATA-09,False,public-derived-contiguous-slice
5642640,2020-04-18 04:49:48,9.048,8.9,-0.0079999999999991,2.026,8.902,73.25,5.74,0.0,1.0,0.0,0.0,0.0,1.0,1.0,1.0,True,DATA-09,False,public-derived-contiguous-slice
5642650,2020-04-18 04:49:58,9.054,8.908,-0.0079999999999991,2.030000000000001,8.91,73.32499999999999,5.84,0.0,1.0,0.0,0.0,0.0,1.0,1.0,1.0,True,DATA-09,False,public-derived-contiguous-slice
5642660,2020-04-18 04:50:08,7.736000000000001,8.9,-0.0079999999999991,1.6479999999999997,8.9,73.35000000000001,5.462499999999999,0.0,1.0,1.0,0.0,0.0,1.0,1.0,1.0,True,DATA-09,False,public-derived-contiguous-slice
5642670,2020-04-18 04:50:18,8.87,8.884,-0.0060000000000002,1.974,8.884,73.44999999999999,5.7925,0.0,1.0,1.0,0.0,0.0,1.0,1.0,1.0,True,DATA-09,False,public-derived-contiguous-slice
5642680,2020-04-18 04:50:28,9.084,8.89,-0.0079999999999991,2.0380000000000003,8.89,73.44999999999999,5.754999999999999,0.0,1.0,1.0,0.0,0.0,1.0,1.0,1.0,True,DATA-09,False,public-derived-contiguous-slice
5642690,2020-04-18 04:50:38,9.092,8.904,-0.009999999999998,2.039999999999999,8.904,73.475,5.797499999999999,0.0,1.0,1.0,0.0,0.0,1.0,1.0,1.0,True,DATA-09,False,public-derived-contiguous-slice
5642700,2020-04-18 04:50:48,9.098,8.916,-0.0079999999999991,2.0440000000000005,8.918,73.35000000000001,5.8375,0.0,1.0,1.0,0.0,0.0,1.0,1.0,1.0,True,DATA-09,False,public-derived-contiguous-slice
5642710,2020-04-18 04:50:58,9.108,8.924,-0.009999999999998,2.046,8.928,73.32499999999999,5.8375,0.0,1.0,1.0,0.0,0.0,1.0,1.0,1.0,True,DATA-09,False,public-derived-contiguous-slice
5642720,2020-04-18 04:51:08,7.374,8.916,-0.0079999999999991,1.5380000000000005,8.918,73.2,5.4175,0.0,1.0,0.0,0.0,0.0,1.0,1.0,1.0,True,DATA-09,False,public-derived-contiguous-slice
5642730,2020-04-18 04:51:18,8.698,8.898,-0.009999999999998,1.9220000000000008,8.9,73.32499999999999,5.620000000000001,0.0,1.0,0.0,0.0,0.0,1.0,1.0,1.0,True,DATA-09,False,public-derived-contiguous-slice
5642740,2020-04-18 04:51:28,9.048,8.89,-0.0120000000000004,2.024000000000001,8.894,73.44999999999999,5.8725000000000005,0.0,1.0,0.0,0.0,0.0,1.0,1.0,1.0,True,DATA-09,False,public-derived-contiguous-slice
5642750,2020-04-18 04:51:37,9.056,8.902,-0.009999999999998,2.026,8.904,73.37499999999999,5.860000000000001,0.0,1.0,0.0,0.0,0.0,1.0,1.0,1.0,True,DATA-09,False,public-derived-contiguous-slice
5642760,2020-04-18 04:51:47,9.06,8.91,-0.009999999999998,2.032,8.914,73.22500000000001,5.85,0.0,1.0,0.0,0.0,0.0,1.0,1.0,1.0,True,DATA-09,False,public-derived-contiguous-slice
5642770,2020-04-18 04:51:57,9.064,8.918,-0.009999999999998,2.033999999999999,8.92,73.35000000000001,5.68,0.0,1.0,0.0,0.0,0.0,1.0,1.0,1.0,True,DATA-09,False,public-derived-contiguous-slice
5642780,2020-04-18 04:52:07,7.804,8.908,-0.0079999999999991,1.661999999999999,8.912,73.42500000000001,5.5625,0.0,1.0,1.0,0.0,0.0,1.0,1.0,1.0,True,DATA-09,False,public-derived-contiguous-slice
5642790,2020-04-18 04:52:17,8.908,8.892,-0.0079999999999991,1.984,8.894,73.55000000000001,5.717499999999999,0.0,1.0,1.0,0.0,0.0,1.0,1.0,1.0,True,DATA-09,False,public-derived-contiguous-slice
5642800,2020-04-18 04:52:27,9.094,8.9,-0.009999999999998,2.0380000000000003,8.902,73.625,5.875,0.0,1.0,1.0,0.0,0.0,1.0,1.0,1.0,True,DATA-09,False,public-derived-contiguous-slice
5642810,2020-04-18 04:52:37,9.102,8.914,-0.009999999999998,2.042,8.914,73.57499999999999,5.715,0.0,1.0,1.0,0.0,0.0,1.0,1.0,1.0,True,DATA-09,False,public-derived-contiguous-slice
5642820,2020-04-18 04:52:47,9.108,8.924,-0.009999999999998,2.0440000000000005,8.926,73.35000000000001,5.709999999999999,0.0,1.0,1.0,0.0,0.0,1.0,1.0,1.0,True,DATA-09,False,public-derived-contiguous-slice
5642830,2020-04-18 04:52:57,9.118,8.936,-0.0079999999999991,2.052,8.938,73.35000000000001,5.8825,0.0,1.0,1.0,0.0,0.0,1.0,1.0,1.0,True,DATA-09,False,public-derived-contiguous-slice
5642840,2020-04-18 04:53:07,7.544,8.922,-0.009999999999998,1.59,8.926,73.44999999999999,5.3475,0.0,1.0,0.0,0.0,0.0,1.0,1.0,1.0,True,DATA-09,False,public-derived-contiguous-slice
5642850,2020-04-18 04:53:17,8.704,8.906,-0.009999999999998,1.924,8.908,73.75,5.7425,0.0,1.0,0.0,0.0,0.0,1.0,1.0,1.0,True,DATA-09,False,public-derived-contiguous-slice
5642860,2020-04-18 04:53:27,9.056,8.9,-0.009999999999998,2.0279999999999987,8.902,73.85,5.782499999999999,0.0,1.0,0.0,0.0,0.0,1.0,1.0,1.0,True,DATA-09,False,public-derived-contiguous-slice
5642870,2020-04-18 04:53:36,9.064,8.912,-0.009999999999998,2.032,8.914,73.625,5.8675000000000015,0.0,1.0,0.0,0.0,0.0,1.0,1.0,1.0,True,DATA-09,False,public-derived-contiguous-slice
5642880,2020-04-18 04:53:46,9.068,8.918,-0.009999999999998,2.032,8.922,73.52499999999999,5.85,0.0,1.0,0.0,0.0,0.0,1.0,1.0,1.0,True,DATA-09,False,public-derived-contiguous-slice
5642890,2020-04-18 04:53:56,9.07,8.926,-0.0079999999999991,2.033999999999999,8.928,73.50000000000001,5.7225,0.0,1.0,0.0,0.0,0.0,1.0,1.0,1.0,True,DATA-09,False,public-derived-contiguous-slice
5642900,2020-04-18 04:54:06,7.936,8.914,-0.009999999999998,1.6999999999999993,8.916,73.55000000000001,5.5,0.0,1.0,1.0,0.0,0.0,1.0,1.0,1.0,True,DATA-09,False,public-derived-contiguous-slice
5642910,2020-04-18 04:54:16,8.968,8.898,-0.0079999999999991,2.001999999999999,8.9,73.625,5.69,0.0,1.0,1.0,0.0,0.0,1.0,1.0,1.0,True,DATA-09,False,public-derived-contiguous-slice
5642920,2020-04-18 04:54:26,9.1,8.906,-0.009999999999998,2.042,8.908,73.75,5.8825,0.0,1.0,1.0,0.0,0.0,1.0,1.0,1.0,True,DATA-09,False,public-derived-contiguous-slice
5642930,2020-04-18 04:54:36,9.11,8.92,-0.009999999999998,2.0440000000000005,8.922,73.57499999999999,5.74,0.0,1.0,1.0,0.0,0.0,1.0,1.0,1.0,True,DATA-09,False,public-derived-contiguous-slice
5642940,2020-04-18 04:54:46,9.112,8.932,-0.009999999999998,2.048,8.934,73.44999999999999,5.7425,0.0,1.0,1.0,0.0,0.0,1.0,1.0,1.0,True,DATA-09,False,public-derived-contiguous-slice
5642950,2020-04-18 04:54:56,9.122,8.942,-0.0079999999999991,2.0500000000000007,8.944,73.44999999999999,5.8725000000000005,0.0,1.0,1.0,0.0,0.0,1.0,1.0,1.0,True,DATA-09,False,public-derived-contiguous-slice
5642960,2020-04-18 04:55:06,7.67,8.926,-0.009999999999998,1.6140000000000008,8.928,73.52499999999999,5.4,0.0,1.0,0.0,0.0,0.0,1.0,1.0,1.0,True,DATA-09,False,public-derived-contiguous-slice
5642970,2020-04-18 04:55:16,8.758,8.91,-0.009999999999998,1.942,8.912,73.75,5.734999999999999,0.0,1.0,0.0,0.0,0.0,1.0,1.0,1.0,True,DATA-09,False,public-derived-contiguous-slice
5642980,2020-04-18 04:55:26,9.062,8.906,-0.009999999999998,2.030000000000001,8.908,73.85,5.77,0.0,1.0,0.0,0.0,0.0,1.0,1.0,1.0,True,DATA-09,False,public-derived-contiguous-slice
5642990,2020-04-18 04:55:36,9.068,8.916,-0.009999999999998,2.032,8.918,73.64999999999999,5.7775,0.0,1.0,0.0,0.0,0.0,1.0,1.0,1.0,True,DATA-09,False,public-derived-contiguous-slice
5643000,2020-04-18 04:55:45,9.068,8.922,-0.0079999999999991,2.032,8.926,73.55000000000001,5.75,0.0,1.0,0.0,0.0,0.0,1.0,1.0,1.0,True,DATA-09,False,public-derived-contiguous-slice
5643010,2020-04-18 04:55:55,9.074,8.93,-0.009999999999998,2.036,8.932,73.6,5.8325,0.0,1.0,0.0,0.0,0.0,1.0,1.0,1.0,True,DATA-09,False,public-derived-contiguous-slice
5643020,2020-04-18 04:56:05,8.008,8.918,-0.009999999999998,1.7199999999999989,8.92,73.675,5.620000000000001,0.0,1.0,1.0,0.0,0.0,1.0,1.0,1.0,True,DATA-09,False,public-derived-contiguous-slice
5643030,2020-04-18 04:56:15,9.004,8.9,-0.009999999999998,2.0120000000000005,8.902,73.6,5.7475000000000005,0.0,1.0,1.0,0.0,0.0,1.0,1.0,1.0,True,DATA-09,False,public-derived-contiguous-slice
5643040,2020-04-18 04:56:25,9.104,8.908,-0.009999999999998,2.039999999999999,8.912,73.725,5.8225,0.0,1.0,1.0,0.0,0.0,1.0,1.0,1.0,True,DATA-09,False,public-derived-contiguous-slice
5643050,2020-04-18 04:56:35,9.114,8.924,-0.0079999999999991,2.046,8.926,73.55000000000001,5.7125,0.0,1.0,1.0,0.0,0.0,1.0,1.0,1.0,True,DATA-09,False,public-derived-contiguous-slice
5643060,2020-04-18 04:56:45,9.118,8.934,-0.009999999999998,2.048,8.938,73.37499999999999,5.767500000000002,0.0,1.0,1.0,0.0,0.0,1.0,1.0,1.0,True,DATA-09,False,public-derived-contiguous-slice
5643070,2020-04-18 04:56:55,9.124,8.944,-0.009999999999998,2.052,8.946,73.44999999999999,5.885,0.0,1.0,1.0,0.0,0.0,1.0,1.0,1.0,True,DATA-09,False,public-derived-contiguous-slice
5643080,2020-04-18 04:57:05,7.766,8.93,-0.009999999999998,1.6500000000000004,8.932,73.64999999999999,5.504999999999999,0.0,1.0,0.0,0.0,0.0,1.0,1.0,1.0,True,DATA-09,False,public-derived-contiguous-slice
5643090,2020-04-18 04:57:15,8.806,8.912,-0.009999999999998,1.9499999999999995,8.914,73.77499999999999,5.760000000000002,0.0,1.0,0.0,0.0,0.0,1.0,1.0,1.0,True,DATA-09,False,public-derived-contiguous-slice
5643100,2020-04-18 04:57:25,9.066,8.91,-0.009999999999998,2.030000000000001,8.914,73.95,5.737500000000001,0.0,1.0,0.0,0.0,0.0,1.0,1.0,1.0,True,DATA-09,False,public-derived-contiguous-slice
5643110,2020-04-18 04:57:35,9.072,8.918,-0.009999999999998,2.032,8.922,73.75,5.869999999999999,0.0,1.0,0.0,0.0,0.0,1.0,1.0,1.0,True,DATA-09,False,public-derived-contiguous-slice
5643120,2020-04-18 04:57:44,9.074,8.926,-0.009999999999998,2.032,8.93,73.52499999999999,5.7425,0.0,1.0,0.0,0.0,0.0,1.0,1.0,1.0,True,DATA-09,False,public-derived-contiguous-slice
5643130,2020-04-18 04:57:54,9.08,8.934,-0.009999999999998,2.0380000000000003,8.936,73.55000000000001,5.869999999999999,0.0,1.0,0.0,0.0,0.0,1.0,1.0,1.0,True,DATA-09,False,public-derived-contiguous-slice
5643140,2020-04-18 04:58:04,7.981999999999999,8.92,-0.009999999999998,1.7119999999999995,8.922,73.64999999999999,5.4725,0.0,1.0,1.0,0.0,0.0,1.0,1.0,1.0,True,DATA-09,False,public-derived-contiguous-slice
5643150,2020-04-18 04:58:14,9.044,8.902,-0.009999999999998,2.022,8.906,73.70000000000002,5.8825,0.0,1.0,1.0,0.0,0.0,1.0,1.0,1.0,True,DATA-09,False,public-derived-contiguous-slice
5643160,2020-04-18 04:58:24,9.108,8.916,-0.0079999999999991,2.042,8.918,73.64999999999999,5.6975,0.0,1.0,1.0,0.0,0.0,1.0,1.0,1.0,True,DATA-09,False,public-derived-contiguous-slice
5643170,2020-04-18 04:58:34,9.114,8.928,-0.0079999999999991,2.046,8.928,73.44999999999999,5.842499999999999,0.0,1.0,1.0,0.0,0.0,1.0,1.0,1.0,True,DATA-09,False,public-derived-contiguous-slice
5643180,2020-04-18 04:58:44,9.12,8.938,-0.009999999999998,2.048,8.942,73.42500000000001,5.7925,0.0,1.0,1.0,0.0,0.0,1.0,1.0,1.0,True,DATA-09,False,public-derived-contiguous-slice
5643190,2020-04-18 04:58:54,9.128,8.948,-0.009999999999998,2.0500000000000007,8.95,73.55000000000001,5.842499999999999,0.0,1.0,1.0,0.0,0.0,1.0,1.0,1.0,True,DATA-09,False,public-derived-contiguous-slice
5643200,2020-04-18 04:59:04,7.724,8.932,-0.009999999999998,1.6359999999999992,8.934,73.64999999999999,5.404999999999999,0.0,1.0,0.0,0.0,0.0,1.0,1.0,1.0,True,DATA-09,False,public-derived-contiguous-slice
5643210,2020-04-18 04:59:14,8.844,8.914,-0.0079999999999991,1.966000000000001,8.918,73.64999999999999,5.785,0.0,1.0,0.0,0.0,0.0,1.0,1.0,1.0,True,DATA-09,False,public-derived-contiguous-slice
5643220,2020-04-18 04:59:24,9.068,8.914,-0.009999999999998,2.0279999999999987,8.916,74.05,5.785,0.0,1.0,0.0,0.0,0.0,1.0,1.0,1.0,True,DATA-09,False,public-derived-contiguous-slice
5643230,2020-04-18 04:59:34,9.074,8.922,-0.0079999999999991,2.032,8.924,73.75,5.7125,0.0,1.0,0.0,0.0,0.0,1.0,1.0,1.0,True,DATA-09,False,public-derived-contiguous-slice
5643240,2020-04-18 04:59:43,9.076,8.928,-0.0120000000000004,2.033999999999999,8.93,73.52499999999999,5.880000000000001,0.0,1.0,0.0,0.0,0.0,1.0,1.0,1.0,True,DATA-09,False,public-derived-contiguous-slice
5643250,2020-04-18 04:59:53,9.078,8.936,-0.009999999999998,2.036,8.938,73.44999999999999,5.8475,0.0,1.0,0.0,0.0,0.0,1.0,1.0,1.0,True,DATA-09,False,public-derived-contiguous-slice
5643260,2020-04-18 05:00:03,8.078,8.92,-0.0120000000000004,1.7420000000000009,8.922,73.57499999999999,5.5725,0.0,1.0,1.0,0.0,0.0,1.0,1.0,1.0,True,DATA-09,False,public-derived-contiguous-slice
5643270,2020-04-18 05:00:13,9.072,8.902,-0.009999999999998,2.032,8.904,73.75,5.797499999999999,0.0,1.0,1.0,0.0,0.0,1.0,1.0,1.0,True,DATA-09,False,public-derived-contiguous-slice
5643280,2020-04-18 05:00:23,9.11,8.916,-0.009999999999998,2.0440000000000005,8.918,73.625,5.8825,0.0,1.0,1.0,0.0,0.0,1.0,1.0,1.0,True,DATA-09,False,public-derived-contiguous-slice
5643290,2020-04-18 05:00:33,9.116,8.928,-0.009999999999998,2.046,8.93,73.52499999999999,5.887500000000001,0.0,1.0,1.0,0.0,0.0,1.0,1.0,1.0,True,DATA-09,False,public-derived-contiguous-slice
5643300,2020-04-18 05:00:43,9.122,8.94,-0.009999999999998,2.052,8.942,73.625,5.7425,0.0,1.0,1.0,0.0,0.0,1.0,1.0,1.0,True,DATA-09,False,public-derived-contiguous-slice
5643310,2020-04-18 05:00:53,9.132,8.948,-0.0079999999999991,2.052,8.952,73.6,5.77,0.0,1.0,1.0,0.0,0.0,1.0,1.0,1.0,True,DATA-09,False,public-derived-contiguous-slice
5643320,2020-04-18 05:01:03,7.826,8.932,-0.0079999999999991,1.6720000000000006,8.934,73.75,5.5725,0.0,1.0,0.0,0.0,0.0,1.0,1.0,1.0,True,DATA-09,False,public-derived-contiguous-slice
5643330,2020-04-18 05:01:13,8.902,8.914,-0.009999999999998,1.984,8.916,74.0,5.7775,0.0,1.0,0.0,0.0,0.0,1.0,1.0,1.0,True,DATA-09,False,public-derived-contiguous-slice
5643340,2020-04-18 05:01:23,9.07,8.916,-0.009999999999998,2.030000000000001,8.918,74.125,5.875,0.0,1.0,0.0,0.0,0.0,1.0,1.0,1.0,True,DATA-09,False,public-derived-contiguous-slice
5643350,2020-04-18 05:01:33,9.072,8.922,-0.009999999999998,2.030000000000001,8.926,73.95,5.780000000000001,0.0,1.0,0.0,0.0,0.0,1.0,1.0,1.0,True,DATA-09,False,public-derived-contiguous-slice
5643360,2020-04-18 05:01:42,9.072,8.928,-0.009999999999998,2.033999999999999,8.93,73.85,5.8475,0.0,1.0,0.0,0.0,0.0,1.0,1.0,1.0,True,DATA-09,False,public-derived-contiguous-slice
5643370,2020-04-18 05:01:52,9.074,8.934,-0.009999999999998,2.0380000000000003,8.938,73.64999999999999,5.700000000000001,0.0,1.0,1.0,0.0,0.0,1.0,1.0,1.0,True,DATA-09,False,public-derived-contiguous-slice
5643380,2020-04-18 05:02:02,8.174,8.918,-0.009999999999998,1.7639999999999991,8.92,73.8,5.592500000000001,0.0,1.0,1.0,0.0,0.0,1.0,1.0,1.0,True,DATA-09,False,public-derived-contiguous-slice
5643390,2020-04-18 05:02:12,9.062,8.902,-0.009999999999998,2.030000000000001,8.906,73.825,5.809999999999999,0.0,1.0,1.0,0.0,0.0,1.0,1.0,1.0,True,DATA-09,False,public-derived-contiguous-slice
5643400,2020-04-18 05:02:22,9.108,8.916,-0.009999999999998,2.042,8.92,73.64999999999999,5.82,0.0,1.0,1.0,0.0,0.0,1.0,1.0,1.0,True,DATA-09,False,public-derived-contiguous-slice
5643410,2020-04-18 05:02:32,9.116,8.928,-0.009999999999998,2.048,8.93,73.55000000000001,5.802499999999998,0.0,1.0,1.0,0.0,0.0,1.0,1.0,1.0,True,DATA-09,False,public-derived-contiguous-slice
5643420,2020-04-18 05:02:42,9.122,8.938,-0.009999999999998,2.048,8.94,73.42500000000001,5.767500000000002,0.0,1.0,1.0,0.0,0.0,1.0,1.0,1.0,True,DATA-09,False,public-derived-contiguous-slice
5643430,2020-04-18 05:02:52,6.948,8.934,-0.0079999999999991,1.5039999999999996,8.938,73.42500000000001,5.535,0.0,1.0,0.0,0.0,0.0,0.0,1.0,1.0,True,DATA-09,False,public-derived-contiguous-slice
5643440,2020-04-18 05:03:02,7.939999999999999,8.91,-0.0079999999999991,1.6980000000000004,8.912,73.44999999999999,5.57,0.0,1.0,0.0,0.0,0.0,1.0,1.0,1.0,True,DATA-09,False,public-derived-contiguous-slice
5643450,2020-04-18 05:03:12,8.888,8.894,-0.0079999999999991,1.978,8.894,73.725,5.657499999999999,0.0,1.0,0.0,0.0,0.0,1.0,1.0,1.0,True,DATA-09,False,public-derived-contiguous-slice
5643460,2020-04-18 05:03:22,9.048,8.896,-0.0079999999999991,2.024000000000001,8.898,73.64999999999999,5.802499999999998,0.0,1.0,0.0,0.0,0.0,1.0,1.0,1.0,True,DATA-09,False,public-derived-contiguous-slice
5643470,2020-04-18 05:03:32,9.052,8.906,-0.009999999999998,2.026,8.908,73.625,5.7325,0.0,1.0,0.0,0.0,0.0,1.0,1.0,1.0,True,DATA-09,False,public-derived-contiguous-slice
5643480,2020-04-18 05:03:42,9.058,8.914,-0.0079999999999991,2.032,8.916,73.52499999999999,5.762499999999999,0.0,1.0,0.0,0.0,0.0,1.0,1.0,1.0,True,DATA-09,False,public-derived-contiguous-slice
5643490,2020-04-18 05:03:51,9.062,8.918,-0.0079999999999991,2.033999999999999,8.92,73.35000000000001,5.707500000000001,0.0,1.0,0.0,0.0,0.0,1.0,1.0,1.0,True,DATA-09,False,public-derived-contiguous-slice
5643500,2020-04-18 05:04:01,8.274,8.9,-0.0079999999999991,1.8000000000000007,8.902,73.25,5.634999999999998,0.0,1.0,1.0,0.0,0.0,1.0,1.0,1.0,True,DATA-09,False,public-derived-contiguous-slice
5643510,2020-04-18 05:04:11,9.078,8.888,-0.0079999999999991,2.033999999999999,8.89,73.42500000000001,5.852500000000001,0.0,1.0,1.0,0.0,0.0,1.0,1.0,1.0,True,DATA-09,False,public-derived-contiguous-slice
5643520,2020-04-18 05:04:21,9.096,8.9,-0.0060000000000002,2.0380000000000003,8.904,73.25,5.82,0.0,1.0,1.0,0.0,0.0,1.0,1.0,1.0,True,DATA-09,False,public-derived-contiguous-slice
5643530,2020-04-18 05:04:31,9.1,8.918,-0.009999999999998,2.042,8.918,73.32499999999999,5.914999999999999,0.0,1.0,1.0,0.0,0.0,1.0,1.0,1.0,True,DATA-09,False,public-derived-contiguous-slice
5643540,2020-04-18 05:04:41,9.108,8.928,-0.0079999999999991,2.046,8.93,73.22500000000001,5.834999999999999,0.0,1.0,1.0,0.0,0.0,1.0,1.0,1.0,True,DATA-09,False,public-derived-contiguous-slice
5643550,2020-04-18 05:04:51,6.714,8.936,-0.009999999999998,1.411999999999999,8.936,73.42500000000001,5.35,0.0,1.0,0.0,0.0,0.0,0.0,1.0,1.0,True,DATA-09,False,public-derived-contiguous-slice
5643560,2020-04-18 05:05:01,7.942,8.916,-0.009999999999998,1.702,8.918,73.675,5.475000000000001,0.0,1.0,0.0,0.0,0.0,1.0,1.0,1.0,True,DATA-09,False,public-derived-contiguous-slice
5643570,2020-04-18 05:05:11,8.946,8.898,-0.0079999999999991,1.9960000000000004,8.902,73.9,5.74,0.0,1.0,0.0,0.0,0.0,1.0,1.0,1.0,True,DATA-09,False,public-derived-contiguous-slice
5643580,2020-04-18 05:05:21,9.054,8.902,-0.0079999999999991,2.032,8.906,73.95,5.83,0.0,1.0,0.0,0.0,0.0,1.0,1.0,1.0,True,DATA-09,False,public-derived-contiguous-slice
5643590,2020-04-18 05:05:31,9.056,8.91,-0.009999999999998,2.0279999999999987,8.912,73.625,5.752500000000001,0.0,1.0,0.0,0.0,0.0,1.0,1.0,1.0,True,DATA-09,False,public-derived-contiguous-slice
5643600,2020-04-18 05:05:41,9.062,8.916,-0.009999999999998,2.036,8.918,73.44999999999999,5.8125,0.0,1.0,0.0,0.0,0.0,1.0,1.0,1.0,True,DATA-09,False,public-derived-contiguous-slice
5643610,2020-04-18 05:05:50,6.368,8.922,-0.0079999999999991,1.251999999999999,8.924,73.4,5.1325,0.0,1.0,1.0,0.0,0.0,1.0,1.0,1.0,True,DATA-09,False,public-derived-contiguous-slice
5643620,2020-04-18 05:06:00,8.286,8.904,-0.0079999999999991,1.806000000000001,8.906,73.4,5.6525,0.0,1.0,1.0,0.0,0.0,1.0,1.0,1.0,True,DATA-09,False,public-derived-contiguous-slice
5643630,2020-04-18 05:06:10,9.082,8.892,-0.0079999999999991,2.0380000000000003,8.892,73.475,5.709999999999999,0.0,1.0,1.0,0.0,0.0,1.0,1.0,1.0,True,DATA-09,False,public-derived-contiguous-slice
5643640,2020-04-18 05:06:20,9.098,8.906,-0.0079999999999991,2.042,8.908,73.15,5.73,0.0,1.0,1.0,0.0,0.0,1.0,1.0,1.0,True,DATA-09,False,public-derived-contiguous-slice
5643650,2020-04-18 05:06:30,9.104,8.92,-0.0079999999999991,2.046,8.92,73.17499999999998,5.8675000000000015,0.0,1.0,1.0,0.0,0.0,1.0,1.0,1.0,True,DATA-09,False,public-derived-contiguous-slice
5643660,2020-04-18 05:06:40,9.112,8.93,-0.0040000000000013,2.0500000000000007,8.932,73.05,5.8775,0.0,1.0,1.0,0.0,0.0,1.0,1.0,1.0,True,DATA-09,False,public-derived-contiguous-slice
5643670,2020-04-18 05:06:50,6.074,8.934,-0.009999999999998,1.1580000000000013,8.934,73.32499999999999,5.1325,0.0,1.0,0.0,0.0,0.0,1.0,1.0,1.0,True,DATA-09,False,public-derived-contiguous-slice
5643680,2020-04-18 05:07:00,8.054,8.916,-0.0060000000000002,1.731999999999999,8.918,73.32499999999999,5.585000000000001,0.0,1.0,0.0,0.0,0.0,1.0,1.0,1.0,True,DATA-09,False,public-derived-contiguous-slice
5643690,2020-04-18 05:07:10,8.946,8.9,-0.0079999999999991,1.9960000000000004,8.9,73.675,5.802499999999998,0.0,1.0,0.0,0.0,0.0,1.0,1.0,1.0,True,DATA-09,False,public-derived-contiguous-slice
5643700,2020-04-18 05:07:20,9.058,8.904,-0.0079999999999991,2.0279999999999987,8.906,73.625,5.860000000000001,0.0,1.0,0.0,0.0,0.0,1.0,1.0,1.0,True,DATA-09,False,public-derived-contiguous-slice
5643710,2020-04-18 05:07:30,9.058,8.912,-0.0079999999999991,2.030000000000001,8.914,73.475,5.854999999999999,0.0,1.0,0.0,0.0,0.0,1.0,1.0,1.0,True,DATA-09,False,public-derived-contiguous-slice
5643720,2020-04-18 05:07:40,9.058,8.902,-0.0079999999999991,2.032,8.902,73.30000000000001,5.717499999999999,0.0,1.0,0.0,0.0,0.0,1.0,1.0,1.0,True,DATA-09,False,public-derived-contiguous-slice
5643730,2020-04-18 05:07:49,6.538,8.824,-0.009999999999998,1.2899999999999991,8.824,73.25,5.262500000000001,0.0,1.0,1.0,0.0,0.0,1.0,1.0,1.0,True,DATA-09,False,public-derived-contiguous-slice
5643740,2020-04-18 05:07:59,8.344,8.812,-0.009999999999998,1.8120000000000007,8.814,73.15,5.657499999999999,0.0,1.0,1.0,0.0,0.0,1.0,1.0,1.0,True,DATA-09,False,public-derived-contiguous-slice
5643750,2020-04-18 05:08:09,9.004,8.802,-0.009999999999998,2.0120000000000005,8.804,73.44999999999999,5.817499999999999,0.0,1.0,1.0,0.0,0.0,1.0,1.0,1.0,True,DATA-09,False,public-derived-contiguous-slice
5643760,2020-04-18 05:08:19,9.02,8.826,-0.0079999999999991,2.02,8.828,73.32499999999999,5.782499999999999,0.0,1.0,1.0,0.0,0.0,1.0,1.0,1.0,True,DATA-09,False,public-derived-contiguous-slice
5643770,2020-04-18 05:08:29,9.028,8.838,-0.0079999999999991,2.022,8.84,73.35000000000001,5.734999999999999,0.0,1.0,1.0,0.0,0.0,1.0,1.0,1.0,True,DATA-09,False,public-derived-contiguous-slice
5643780,2020-04-18 05:08:39,9.034,8.85,-0.0079999999999991,2.026,8.852,73.30000000000001,5.862499999999999,0.0,1.0,1.0,0.0,0.0,1.0,1.0,1.0,True,DATA-09,False,public-derived-contiguous-slice
5643790,2020-04-18 05:08:49,5.978,8.856,-0.0079999999999991,1.112,8.858,73.475,5.1075,0.0,1.0,0.0,0.0,0.0,1.0,1.0,1.0,True,DATA-09,False,public-derived-contiguous-slice
5643800,2020-04-18 05:08:59,8.13,8.836,-0.009999999999998,1.7560000000000002,8.838,73.55000000000001,5.565,0.0,1.0,0.0,0.0,0.0,1.0,1.0,1.0,True,DATA-09,False,public-derived-contiguous-slice
5643810,2020-04-18 05:09:09,8.964,8.82,-0.0079999999999991,2.0,8.82,73.35000000000001,5.69,0.0,1.0,0.0,0.0,0.0,1.0,1.0,1.0,True,DATA-09,False,public-derived-contiguous-slice
5643820,2020-04-18 05:09:19,8.99,8.83,-0.0079999999999991,2.01,8.83,73.22500000000001,5.707500000000001,0.0,1.0,0.0,0.0,0.0,1.0,1.0,1.0,True,DATA-09,False,public-derived-contiguous-slice
5643830,2020-04-18 05:09:29,8.996,8.842,-0.0079999999999991,2.014,8.844,72.825,5.694999999999999,0.0,1.0,0.0,0.0,0.0,1.0,1.0,1.0,True,DATA-09,False,public-derived-contiguous-slice
5643840,2020-04-18 05:09:39,8.998,8.852,-0.0079999999999991,2.016,8.852,72.725,5.7425,0.0,1.0,0.0,0.0,0.0,1.0,1.0,1.0,True,DATA-09,False,public-derived-contiguous-slice
5643850,2020-04-18 05:09:49,6.558,8.852,-0.0079999999999991,1.283999999999999,8.85,72.875,5.2125,0.0,1.0,1.0,0.0,0.0,1.0,1.0,1.0,True,DATA-09,False,public-derived-contiguous-slice
5643860,2020-04-18 05:09:58,8.346,8.82,-0.009999999999998,1.818,8.82,73.17499999999998,5.585000000000001,0.0,1.0,1.0,0.0,0.0,1.0,1.0,1.0,True,DATA-09,False,public-derived-contiguous-slice
5643870,2020-04-18 05:10:08,8.992,8.794,-0.009999999999998,2.0120000000000005,8.796,73.44999999999999,5.754999999999999,0.0,1.0,1.0,0.0,0.0,1.0,1.0,1.0,True,DATA-09,False,public-derived-contiguous-slice
5643880,2020-04-18 05:10:18,9.008,8.812,-0.009999999999998,2.0180000000000007,8.814,73.35000000000001,5.842499999999999,0.0,1.0,1.0,0.0,0.0,1.0,1.0,1.0,True,DATA-09,False,public-derived-contiguous-slice
5643890,2020-04-18 05:10:28,9.01,8.812,-0.0079999999999991,2.02,8.812,73.17499999999998,5.765000000000001,0.0,1.0,1.0,0.0,0.0,1.0,1.0,1.0,True,DATA-09,False,public-derived-contiguous-slice
5643900,2020-04-18 05:10:38,9.008,8.82,-0.0079999999999991,2.02,8.82,73.125,5.787500000000001,0.0,1.0,1.0,0.0,0.0,1.0,1.0,1.0,True,DATA-09,False,public-derived-contiguous-slice
5643910,2020-04-18 05:10:48,6.289999999999999,8.822,-0.0079999999999991,1.2059999999999995,8.82,73.10000000000001,5.142500000000002,0.0,1.0,0.0,0.0,0.0,1.0,1.0,1.0,True,DATA-09,False,public-derived-contiguous-slice
5643920,2020-04-18 05:10:58,8.12,8.788,-0.0040000000000013,1.7539999999999996,8.788,73.32499999999999,5.645,0.0,1.0,0.0,0.0,0.0,1.0,1.0,1.0,True,DATA-09,False,public-derived-contiguous-slice
5643930,2020-04-18 05:11:08,8.932,8.772,-0.0060000000000002,1.994,8.774,73.625,5.774999999999999,0.0,1.0,0.0,0.0,0.0,1.0,1.0,1.0,True,DATA-09,False,public-derived-contiguous-slice
5643940,2020-04-18 05:11:18,8.932,8.776,-0.0060000000000002,1.9960000000000004,8.778,73.75,5.7775,0.0,1.0,0.0,0.0,0.0,1.0,1.0,1.0,True,DATA-09,False,public-derived-contiguous-slice
5643950,2020-04-18 05:11:28,8.944,8.788,-0.0060000000000002,2.0,8.79,73.55000000000001,5.69,0.0,1.0,0.0,0.0,0.0,1.0,1.0,1.0,True,DATA-09,False,public-derived-contiguous-slice
5643960,2020-04-18 05:11:38,8.914,8.734,-0.0079999999999991,1.9920000000000009,8.736,73.4,5.772500000000001,0.0,1.0,0.0,0.0,0.0,1.0,1.0,1.0,True,DATA-09,False,public-derived-contiguous-slice
5643970,2020-04-18 05:11:47,6.756,8.744,-0.0079999999999991,1.3640000000000008,8.744,73.44999999999999,5.227500000000001,0.0,1.0,1.0,0.0,0.0,1.0,1.0,1.0,True,DATA-09,False,public-derived-contiguous-slice
5643980,2020-04-18 05:11:57,8.41,8.728,-0.0079999999999991,1.8419999999999987,8.73,73.55000000000001,5.58,0.0,1.0,1.0,0.0,0.0,1.0,1.0,1.0,True,DATA-09,False,public-derived-contiguous-slice
5643990,2020-04-18 05:12:07,8.93,8.724,-0.0079999999999991,1.994,8.726,73.52499999999999,5.682499999999999,0.0,1.0,1.0,0.0,0.0,1.0,1.0,1.0,True,DATA-09,False,public-derived-contiguous-slice
5644000,2020-04-18 05:12:17,8.946,8.746,-0.0079999999999991,1.998000000000001,8.746,73.44999999999999,5.754999999999999,0.0,1.0,1.0,0.0,0.0,1.0,1.0,1.0,True,DATA-09,False,public-derived-contiguous-slice
5644010,2020-04-18 05:12:27,8.958,8.764,-0.0079999999999991,2.001999999999999,8.766,73.15,5.720000000000001,0.0,1.0,1.0,0.0,0.0,1.0,1.0,1.0,True,DATA-09,False,public-derived-contiguous-slice
5644020,2020-04-18 05:12:37,8.966,8.776,-0.0060000000000002,2.006,8.778,72.85,5.82,0.0,1.0,1.0,0.0,0.0,1.0,1.0,1.0,True,DATA-09,False,public-derived-contiguous-slice
5644030,2020-04-18 05:12:47,6.26,8.78,-0.0079999999999991,1.1999999999999993,8.784,72.85,5.075000000000001,0.0,1.0,0.0,0.0,0.0,1.0,1.0,1.0,True,DATA-09,False,public-derived-contiguous-slice
5644040,2020-04-18 05:12:57,8.192,8.76,-0.0079999999999991,1.7779999999999987,8.762,72.875,5.4925,0.0,1.0,0.0,0.0,0.0,1.0,1.0,1.0,True,DATA-09,False,public-derived-contiguous-slice
5644050,2020-04-18 05:13:07,8.912,8.748,-0.009999999999998,1.9879999999999995,8.75,73.125,5.700000000000001,0.0,1.0,0.0,0.0,0.0,1.0,1.0,1.0,True,DATA-09,False,public-derived-contiguous-slice
5644060,2020-04-18 05:13:17,8.922,8.76,-0.0079999999999991,1.9920000000000009,8.762,73.05,5.720000000000001,0.0,1.0,0.0,0.0,0.0,1.0,1.0,1.0,True,DATA-09,False,public-derived-contiguous-slice
5644070,2020-04-18 05:13:27,8.912,8.76,-0.0060000000000002,1.9920000000000009,8.76,72.75,5.824999999999999,0.0,1.0,0.0,0.0,0.0,1.0,1.0,1.0,True,DATA-09,False,public-derived-contiguous-slice
5644080,2020-04-18 05:13:36,8.918,8.77,-0.0040000000000013,1.9920000000000009,8.77,72.42500000000001,5.787500000000001,0.0,1.0,0.0,0.0,0.0,1.0,1.0,1.0,True,DATA-09,False,public-derived-contiguous-slice
5644090,2020-04-18 05:13:46,6.786,8.744,-0.0060000000000002,1.3599999999999994,8.746,72.32499999999999,5.184999999999999,0.0,1.0,1.0,0.0,0.0,1.0,1.0,1.0,True,DATA-09,False,public-derived-contiguous-slice
5644100,2020-04-18 05:13:56,8.404,8.732,-0.0040000000000013,1.8419999999999987,8.732,72.44999999999999,5.6625,0.0,1.0,1.0,0.0,0.0,1.0,1.0,1.0,True,DATA-09,False,public-derived-contiguous-slice
5644110,2020-04-18 05:14:06,8.932,8.73,-0.0040000000000013,1.9960000000000004,8.732,72.75,5.782499999999999,0.0,1.0,1.0,0.0,0.0,1.0,1.0,1.0,True,DATA-09,False,public-derived-contiguous-slice
5644120,2020-04-18 05:14:16,8.944,8.746,-0.0079999999999991,1.998000000000001,8.748,72.77499999999999,5.720000000000001,0.0,1.0,1.0,0.0,0.0,1.0,1.0,1.0,True,DATA-09,False,public-derived-contiguous-slice
5644130,2020-04-18 05:14:26,8.956,8.764,-0.0079999999999991,2.001999999999999,8.764,72.8,5.74,0.0,1.0,1.0,0.0,0.0,1.0,1.0,1.0,True,DATA-09,False,public-derived-contiguous-slice
5644140,2020-04-18 05:14:36,8.968,8.778,-0.0079999999999991,2.01,8.78,72.7,5.694999999999999,0.0,1.0,1.0,0.0,0.0,1.0,1.0,1.0,True,DATA-09,False,public-derived-contiguous-slice
5644150,2020-04-18 05:14:46,6.51,8.782,-0.0079999999999991,1.298,8.784,72.825,5.2675,0.0,1.0,0.0,0.0,0.0,1.0,1.0,1.0,True,DATA-09,False,public-derived-contiguous-slice
5644160,2020-04-18 05:14:56,8.208,8.762,-0.0079999999999991,1.7880000000000005,8.764,72.825,5.5375,0.0,1.0,0.0,0.0,0.0,1.0,1.0,1.0,True,DATA-09,False,public-derived-contiguous-slice
5644170,2020-04-18 05:15:06,8.892,8.728,-0.0079999999999991,1.9819999999999995,8.73,73.05,5.642499999999998,0.0,1.0,0.0,0.0,0.0,1.0,1.0,1.0,True,DATA-09,False,public-derived-contiguous-slice
5644180,2020-04-18 05:15:16,8.908,8.744,-0.0079999999999991,1.9879999999999995,8.748,73.05,5.707500000000001,0.0,1.0,0.0,0.0,0.0,1.0,1.0,1.0,True,DATA-09,False,public-derived-contiguous-slice
5644190,2020-04-18 05:15:26,8.912,8.758,-0.0079999999999991,1.9920000000000009,8.758,73.15,5.815,0.0,1.0,0.0,0.0,0.0,1.0,1.0,1.0,True,DATA-09,False,public-derived-contiguous-slice
5644200,2020-04-18 05:15:35,8.922,8.766,-0.0079999999999991,1.994,8.768,72.85,5.66,0.0,1.0,0.0,0.0,0.0,1.0,1.0,1.0,True,DATA-09,False,public-derived-contiguous-slice
5644210,2020-04-18 05:15:45,7.006,8.768,-0.0079999999999991,1.4239999999999997,8.768,72.85,5.365,0.0,1.0,1.0,0.0,0.0,1.0,1.0,1.0,True,DATA-09,False,public-derived-contiguous-slice
5644220,2020-04-18 05:15:55,8.504,8.75,-0.009999999999998,1.870000000000001,8.75,73.0,5.73,0.0,1.0,1.0,0.0,0.0,1.0,1.0,1.0,True,DATA-09,False,public-derived-contiguous-slice
5644230,2020-04-18 05:16:05,8.948,8.75,-0.0079999999999991,2.0,8.752,73.15,5.73,0.0,1.0,1.0,0.0,0.0,1.0,1.0,1.0,True,DATA-09,False,public-derived-contiguous-slice
5644240,2020-04-18 05:16:15,8.94,8.746,-0.009999999999998,1.9960000000000004,8.748,73.22500000000001,5.782499999999999,0.0,1.0,1.0,0.0,0.0,1.0,1.0,1.0,True,DATA-09,False,public-derived-contiguous-slice
5644250,2020-04-18 05:16:25,8.95,8.764,-0.0079999999999991,2.0,8.764,73.0,5.715,0.0,1.0,1.0,0.0,0.0,1.0,1.0,1.0,True,DATA-09,False,public-derived-contiguous-slice
5644260,2020-04-18 05:16:35,8.966,8.778,-0.0079999999999991,2.007999999999999,8.778,72.95,5.6850000000000005,0.0,1.0,1.0,0.0,0.0,1.0,1.0,1.0,True,DATA-09,False,public-derived-contiguous-slice
5644270,2020-04-18 05:16:45,6.686,8.78,-0.0060000000000002,1.3520000000000003,8.782,72.925,5.1175,0.0,1.0,0.0,0.0,0.0,1.0,1.0,1.0,True,DATA-09,False,public-derived-contiguous-slice
5644280,2020-04-18 05:16:55,8.288,8.762,-0.0060000000000002,1.806000000000001,8.762,73.025,5.6675,0.0,1.0,0.0,0.0,0.0,1.0,1.0,1.0,True,DATA-09,False,public-derived-contiguous-slice
5644290,2020-04-18 05:17:05,8.914,8.752,-0.0079999999999991,1.99,8.754,73.25,5.807500000000001,0.0,1.0,0.0,0.0,0.0,1.0,1.0,1.0,True,DATA-09,False,public-derived-contiguous-slice
5644300,2020-04-18 05:17:15,8.924,8.764,-0.009999999999998,1.9920000000000009,8.766,73.37499999999999,5.69,0.0,1.0,0.0,0.0,0.0,1.0,1.0,1.0,True,DATA-09,False,public-derived-contiguous-slice
5644310,2020-04-18 05:17:24,8.93,8.776,-0.0079999999999991,1.994,8.778,73.05,5.772500000000001,0.0,1.0,0.0,0.0,0.0,1.0,1.0,1.0,True,DATA-09,False,public-derived-contiguous-slice
5644320,2020-04-18 05:17:34,8.94,8.788,-0.0079999999999991,1.9960000000000004,8.79,72.975,5.794999999999998,0.0,1.0,0.0,0.0,0.0,1.0,1.0,1.0,True,DATA-09,False,public-derived-contiguous-slice
5644330,2020-04-18 05:17:44,6.986000000000001,8.786,-0.009999999999998,1.4239999999999997,8.788,72.75,5.359999999999999,0.0,1.0,1.0,0.0,0.0,1.0,1.0,1.0,True,DATA-09,False,public-derived-contiguous-slice
5644340,2020-04-18 05:17:54,8.492,8.734,-0.0079999999999991,1.866,8.736,72.95,5.5725,0.0,1.0,1.0,0.0,0.0,1.0,1.0,1.0,True,DATA-09,False,public-derived-contiguous-slice
5644350,2020-04-18 05:18:04,8.928,8.728,-0.009999999999998,1.994,8.73,73.15,5.6775,0.0,1.0,1.0,0.0,0.0,1.0,1.0,1.0,True,DATA-09,False,public-derived-contiguous-slice
5644360,2020-04-18 05:18:14,8.946,8.748,-0.0060000000000002,2.0,8.75,73.025,5.6975,0.0,1.0,1.0,0.0,0.0,1.0,1.0,1.0,True,DATA-09,False,public-derived-contiguous-slice
5644370,2020-04-18 05:18:24,8.958,8.764,-0.0079999999999991,2.004,8.762,72.85,5.83,0.0,1.0,1.0,0.0,0.0,1.0,1.0,1.0,True,DATA-09,False,public-derived-contiguous-slice
5644380,2020-04-18 05:18:34,8.97,8.778,-0.0079999999999991,2.007999999999999,8.78,72.825,5.84,0.0,1.0,1.0,0.0,0.0,1.0,1.0,1.0,True,DATA-09,False,public-derived-contiguous-slice
5644390,2020-04-18 05:18:44,6.658,8.78,-0.0079999999999991,1.3419999999999987,8.782,72.85,5.26,0.0,1.0,0.0,0.0,0.0,1.0,1.0,1.0,True,DATA-09,False,public-derived-contiguous-slice
5644400,2020-04-18 05:18:54,8.262,8.76,-0.009999999999998,1.798,8.762,73.15,5.5975,0.0,1.0,0.0,0.0,0.0,1.0,1.0,1.0,True,DATA-09,False,public-derived-contiguous-slice
5644410,2020-04-18 05:19:04,8.918,8.752,-0.0079999999999991,1.99,8.754,73.35000000000001,5.654999999999999,0.0,1.0,0.0,0.0,0.0,1.0,1.0,1.0,True,DATA-09,False,public-derived-contiguous-slice
5644420,2020-04-18 05:19:13,8.928,8.766,-0.0060000000000002,1.9960000000000004,8.768,73.15,5.817499999999999,0.0,1.0,0.0,0.0,0.0,1.0,1.0,1.0,True,DATA-09,False,public-derived-contiguous-slice
5644430,2020-04-18 05:19:23,8.932,8.778,-0.0060000000000002,1.9960000000000004,8.78,72.825,5.720000000000001,0.0,1.0,0.0,0.0,0.0,1.0,1.0,1.0,True,DATA-09,False,public-derived-contiguous-slice
5644440,2020-04-18 05:19:33,8.94,8.788,-0.0079999999999991,1.998000000000001,8.79,72.825,5.800000000000001,0.0,1.0,0.0,0.0,0.0,1.0,1.0,1.0,True,DATA-09,False,public-derived-contiguous-slice
5644450,2020-04-18 05:19:43,7.148,8.786,-0.0060000000000002,1.4779999999999998,8.788,72.725,5.3475,0.0,1.0,1.0,0.0,0.0,1.0,1.0,1.0,True,DATA-09,False,public-derived-contiguous-slice
5644460,2020-04-18 05:19:53,8.566,8.768,-0.0079999999999991,1.8859999999999992,8.768,72.825,5.709999999999999,0.0,1.0,1.0,0.0,0.0,1.0,1.0,1.0,True,DATA-09,False,public-derived-contiguous-slice
5644470,2020-04-18 05:20:03,8.97,8.77,-0.0079999999999991,2.006,8.77,72.925,5.834999999999999,0.0,1.0,1.0,0.0,0.0,1.0,1.0,1.0,True,DATA-09,False,public-derived-contiguous-slice
5644480,2020-04-18 05:20:13,8.982,8.786,-0.0079999999999991,2.007999999999999,8.786,72.875,5.700000000000001,0.0,1.0,1.0,0.0,0.0,1.0,1.0,1.0,True,DATA-09,False,public-derived-contiguous-slice
5644490,2020-04-18 05:20:23,8.99,8.802,-0.0079999999999991,2.01,8.804,72.85,5.845000000000001,0.0,1.0,1.0,0.0,0.0,1.0,1.0,1.0,True,DATA-09,False,public-derived-contiguous-slice
5644500,2020-04-18 05:20:33,9.0,8.814,-0.0079999999999991,2.0180000000000007,8.816,72.77499999999999,5.7225,0.0,1.0,1.0,0.0,0.0,1.0,1.0,1.0,True,DATA-09,False,public-derived-contiguous-slice
5644510,2020-04-18 05:20:43,6.856,8.81,-0.009999999999998,1.3979999999999997,8.812,72.9,5.205,0.0,1.0,0.0,0.0,0.0,1.0,1.0,1.0,True,DATA-09,False,public-derived-contiguous-slice
5644520,2020-04-18 05:20:53,8.354,8.792,-0.009999999999998,1.824,8.794,72.975,5.57,0.0,1.0,0.0,0.0,0.0,1.0,1.0,1.0,True,DATA-09,False,public-derived-contiguous-slice
5644530,2020-04-18 05:21:02,8.94,8.778,-0.0079999999999991,1.994,8.78,72.95,5.634999999999998,0.0,1.0,0.0,0.0,0.0,1.0,1.0,1.0,True,DATA-09,False,public-derived-contiguous-slice
5644540,2020-04-18 05:21:12,8.948,8.792,-0.0079999999999991,1.998000000000001,8.792,72.95,5.6775,0.0,1.0,0.0,0.0,0.0,1.0,1.0,1.0,True,DATA-09,False,public-derived-contiguous-slice
5644550,2020-04-18 05:21:22,8.956,8.802,-0.0079999999999991,2.0,8.802,72.85,5.827500000000001,0.0,1.0,0.0,0.0,0.0,1.0,1.0,1.0,True,DATA-09,False,public-derived-contiguous-slice
5644560,2020-04-18 05:21:32,8.964,8.81,-0.0079999999999991,2.004,8.81,72.8,5.6875,0.0,1.0,0.0,0.0,0.0,1.0,1.0,1.0,True,DATA-09,False,public-derived-contiguous-slice
5644570,2020-04-18 05:21:42,7.288,8.806,-0.009999999999998,1.516,8.806,72.85,5.315000000000001,0.0,1.0,1.0,0.0,0.0,1.0,1.0,1.0,True,DATA-09,False,public-derived-contiguous-slice
5644580,2020-04-18 05:21:52,8.632,8.718,-0.009999999999998,1.9059999999999988,8.72,73.075,5.532500000000001,0.0,1.0,1.0,0.0,0.0,1.0,1.0,1.0,True,DATA-09,False,public-derived-contiguous-slice
5644590,2020-04-18 05:22:02,8.93,8.73,-0.0079999999999991,1.9960000000000004,8.73,73.32499999999999,5.6625,0.0,1.0,1.0,0.0,0.0,1.0,1.0,1.0,True,DATA-09,False,public-derived-contiguous-slice
5644600,2020-04-18 05:22:12,8.948,8.75,-0.0079999999999991,2.001999999999999,8.752,73.05,5.824999999999999,0.0,1.0,1.0,0.0,0.0,1.0,1.0,1.0,True,DATA-09,False,public-derived-contiguous-slice
5644610,2020-04-18 05:22:22,8.954,8.764,-0.0079999999999991,2.001999999999999,8.766,73.025,5.7775,0.0,1.0,1.0,0.0,0.0,1.0,1.0,1.0,True,DATA-09,False,public-derived-contiguous-slice
5644620,2020-04-18 05:22:32,8.966,8.78,-0.0079999999999991,2.006,8.782,72.925,5.725,0.0,1.0,1.0,0.0,0.0,1.0,1.0,1.0,True,DATA-09,False,public-derived-contiguous-slice
5644630,2020-04-18 05:22:42,6.800000000000001,8.776,-0.0079999999999991,1.3760000000000012,8.778,72.9,5.215,0.0,1.0,0.0,0.0,0.0,1.0,1.0,1.0,True,DATA-09,False,public-derived-contiguous-slice
5644640,2020-04-18 05:22:51,8.414,8.758,-0.0079999999999991,1.8419999999999987,8.76,72.825,5.5175,0.0,1.0,0.0,0.0,0.0,1.0,1.0,1.0,True,DATA-09,False,public-derived-contiguous-slice
5644650,2020-04-18 05:23:01,8.912,8.75,-0.0079999999999991,1.9860000000000009,8.75,72.52499999999999,5.694999999999999,0.0,1.0,0.0,0.0,0.0,1.0,1.0,1.0,True,DATA-09,False,public-derived-contiguous-slice
5644660,2020-04-18 05:23:11,8.926,8.764,-0.0060000000000002,1.9920000000000009,8.762,72.35000000000001,5.682499999999999,0.0,1.0,0.0,0.0,0.0,1.0,1.0,1.0,True,DATA-09,False,public-derived-contiguous-slice
5644670,2020-04-18 05:23:21,8.93,8.776,-0.0060000000000002,1.9960000000000004,8.776,72.52499999999999,5.752500000000001,0.0,1.0,0.0,0.0,0.0,1.0,1.0,1.0,True,DATA-09,False,public-derived-contiguous-slice
5644680,2020-04-18 05:23:31,8.94,8.786,-0.0060000000000002,2.0,8.786,72.75,5.794999999999998,0.0,1.0,0.0,0.0,0.0,1.0,1.0,1.0,True,DATA-09,False,public-derived-contiguous-slice
5644690,2020-04-18 05:23:41,7.268000000000001,8.784,-0.0060000000000002,1.5139999999999991,8.784,73.025,5.300000000000001,0.0,1.0,1.0,0.0,0.0,1.0,1.0,1.0,True,DATA-09,False,public-derived-contiguous-slice
5644700,2020-04-18 05:23:51,8.634,8.768,-0.0040000000000013,1.9059999999999988,8.766,73.32499999999999,5.612500000000001,0.0,1.0,1.0,0.0,0.0,1.0,1.0,1.0,True,DATA-09,False,public-derived-contiguous-slice
5644710,2020-04-18 05:24:01,8.966,8.768,-0.0079999999999991,2.001999999999999,8.768,73.32499999999999,5.805,0.0,1.0,1.0,0.0,0.0,1.0,1.0,1.0,True,DATA-09,False,public-derived-contiguous-slice
5644720,2020-04-18 05:24:11,8.976,8.782,-0.0079999999999991,2.007999999999999,8.786,73.17499999999998,5.69,0.0,1.0,1.0,0.0,0.0,1.0,1.0,1.0,True,DATA-09,False,public-derived-contiguous-slice
5644730,2020-04-18 05:24:21,8.988,8.796,-0.0079999999999991,2.0120000000000005,8.8,73.05,5.834999999999999,0.0,1.0,1.0,0.0,0.0,1.0,1.0,1.0,True,DATA-09,False,public-derived-contiguous-slice
5644740,2020-04-18 05:24:31,9.004,8.81,-0.0079999999999991,2.0180000000000007,8.812,72.8,5.694999999999999,0.0,1.0,1.0,0.0,0.0,1.0,1.0,1.0,True,DATA-09,False,public-derived-contiguous-slice
5644750,2020-04-18 05:24:40,7.013999999999999,8.806,-0.0079999999999991,1.434000000000001,8.806,72.64999999999999,5.262500000000001,0.0,1.0,0.0,0.0,0.0,1.0,1.0,1.0,True,DATA-09,False,public-derived-contiguous-slice
5644760,2020-04-18 05:24:50,8.438,8.788,-0.0079999999999991,1.847999999999999,8.788,72.95,5.557499999999999,0.0,1.0,0.0,0.0,0.0,1.0,1.0,1.0,True,DATA-09,False,public-derived-contiguous-slice
5644770,2020-04-18 05:25:00,8.94,8.778,-0.0060000000000002,1.9960000000000004,8.78,73.05,5.642499999999998,0.0,1.0,0.0,0.0,0.0,1.0,1.0,1.0,True,DATA-09,False,public-derived-contiguous-slice
5644780,2020-04-18 05:25:10,8.948,8.792,-0.0060000000000002,1.9960000000000004,8.792,73.17499999999998,5.8575,0.0,1.0,0.0,0.0,0.0,1.0,1.0,1.0,True,DATA-09,False,public-derived-contiguous-slice
5644790,2020-04-18 05:25:20,8.952,8.802,-0.0079999999999991,2.0,8.802,73.0,5.705,0.0,1.0,0.0,0.0,0.0,1.0,1.0,1.0,True,DATA-09,False,public-derived-contiguous-slice
5644800,2020-04-18 05:25:30,8.96,8.812,-0.0079999999999991,2.004,8.812,72.975,5.725,0.0,1.0,0.0,0.0,0.0,1.0,1.0,1.0,True,DATA-09,False,public-derived-contiguous-slice
5644810,2020-04-18 05:25:40,7.428000000000001,8.804,-0.0079999999999991,1.5599999999999987,8.806,72.825,5.395000000000001,0.0,1.0,1.0,0.0,0.0,1.0,1.0,1.0,True,DATA-09,False,public-derived-contiguous-slice
5644820,2020-04-18 05:25:50,8.69,8.788,-0.0079999999999991,1.9220000000000008,8.79,72.6,5.5875,0.0,1.0,1.0,0.0,0.0,1.0,1.0,1.0,True,DATA-09,False,public-derived-contiguous-slice
5644830,2020-04-18 05:26:00,8.988,8.79,-0.0079999999999991,2.01,8.79,72.075,5.82,0.0,1.0,1.0,0.0,0.0,1.0,1.0,1.0,True,DATA-09,False,public-derived-contiguous-slice
5644840,2020-04-18 05:26:10,9.0,8.808,-0.0060000000000002,2.016,8.808,71.725,5.720000000000001,0.0,1.0,1.0,0.0,0.0,1.0,1.0,1.0,True,DATA-09,False,public-derived-contiguous-slice
5644850,2020-04-18 05:26:20,9.012,8.824,-0.0060000000000002,2.022,8.822,71.75,5.817499999999999,0.0,1.0,1.0,0.0,0.0,1.0,1.0,1.0,True,DATA-09,False,public-derived-contiguous-slice
5644860,2020-04-18 05:26:29,9.018,8.838,-0.0040000000000013,2.024000000000001,8.836,72.025,5.765000000000001,0.0,1.0,1.0,0.0,0.0,1.0,1.0,1.0,True,DATA-09,False,public-derived-contiguous-slice
5644870,2020-04-18 05:26:39,7.01,8.828,-0.0060000000000002,1.4400000000000013,8.826,72.55,5.397499999999999,0.0,1.0,0.0,0.0,0.0,1.0,1.0,1.0,True,DATA-09,False,public-derived-contiguous-slice
5644880,2020-04-18 05:26:49,8.518,8.808,-0.0060000000000002,1.856,8.808,73.05,5.6175,0.0,1.0,0.0,0.0,0.0,1.0,1.0,1.0,True,DATA-09,False,public-derived-contiguous-slice
5644890,2020-04-18 05:26:59,8.958,8.802,-0.0060000000000002,2.001999999999999,8.802,73.22500000000001,5.6875,0.0,1.0,0.0,0.0,0.0,1.0,1.0,1.0,True,DATA-09,False,public-derived-contiguous-slice
5644900,2020-04-18 05:27:09,8.964,8.81,-0.0079999999999991,2.001999999999999,8.81,73.22500000000001,5.69,0.0,1.0,0.0,0.0,0.0,1.0,1.0,1.0,True,DATA-09,False,public-derived-contiguous-slice
5644910,2020-04-18 05:27:19,8.972,8.822,-0.0060000000000002,2.006,8.822,72.85,5.702499999999999,0.0,1.0,0.0,0.0,0.0,1.0,1.0,1.0,True,DATA-09,False,public-derived-contiguous-slice
5644920,2020-04-18 05:27:29,8.976,8.828,-0.0079999999999991,2.007999999999999,8.83,72.75,5.865,0.0,1.0,0.0,0.0,0.0,1.0,1.0,1.0,True,DATA-09,False,public-derived-contiguous-slice
5644930,2020-04-18 05:27:39,7.43,8.82,-0.009999999999998,1.5579999999999998,8.82,72.50000000000001,5.355,0.0,1.0,1.0,0.0,0.0,1.0,1.0,1.0,True,DATA-09,False,public-derived-contiguous-slice
5644940,2020-04-18 05:27:49,8.784,8.8,-0.009999999999998,1.9480000000000004,8.802,72.725,5.634999999999998,0.0,1.0,1.0,0.0,0.0,1.0,1.0,1.0,True,DATA-09,False,public-derived-contiguous-slice
5644950,2020-04-18 05:27:59,9.002,8.808,-0.0060000000000002,2.014,8.808,72.64999999999999,5.85,0.0,1.0,1.0,0.0,0.0,1.0,1.0,1.0,True,DATA-09,False,public-derived-contiguous-slice
5644960,2020-04-18 05:28:09,9.008,8.818,-0.0079999999999991,2.0180000000000007,8.82,72.675,5.787500000000001,0.0,1.0,1.0,0.0,0.0,1.0,1.0,1.0,True,DATA-09,False,public-derived-contiguous-slice
5644970,2020-04-18 05:28:19,9.018,8.828,-0.009999999999998,2.02,8.83,72.44999999999999,5.772500000000001,0.0,1.0,1.0,0.0,0.0,1.0,1.0,1.0,True,DATA-09,False,public-derived-contiguous-slice
5644980,2020-04-18 05:28:28,9.034,8.846,-0.0060000000000002,2.030000000000001,8.846,72.44999999999999,5.85,0.0,1.0,1.0,0.0,0.0,1.0,1.0,1.0,True,DATA-09,False,public-derived-contiguous-slice
5644990,2020-04-18 05:28:38,7.186,8.832,-0.0079999999999991,1.4740000000000002,8.832,72.625,5.380000000000001,0.0,1.0,0.0,0.0,0.0,1.0,1.0,1.0,True,DATA-09,False,public-derived-contiguous-slice
5645000,2020-04-18 05:28:48,8.512,8.814,-0.0079999999999991,1.870000000000001,8.814,72.95,5.5600000000000005,0.0,1.0,0.0,0.0,0.0,1.0,1.0,1.0,True,DATA-09,False,public-derived-contiguous-slice
5645010,2020-04-18 05:28:58,8.966,8.808,-0.009999999999998,2.004,8.808,73.25,5.782499999999999,0.0,1.0,0.0,0.0,0.0,1.0,1.0,1.0,True,DATA-09,False,public-derived-contiguous-slice
5645020,2020-04-18 05:29:08,8.972,8.818,-0.0079999999999991,2.006,8.818,73.15,5.705,0.0,1.0,0.0,0.0,0.0,1.0,1.0,1.0,True,DATA-09,False,public-derived-contiguous-slice
5645030,2020-04-18 05:29:18,8.976,8.828,-0.0079999999999991,2.007999999999999,8.828,73.17499999999998,5.817499999999999,0.0,1.0,0.0,0.0,0.0,1.0,1.0,1.0,True,DATA-09,False,public-derived-contiguous-slice
5645040,2020-04-18 05:29:28,8.982,8.836,-0.0079999999999991,2.01,8.836,73.125,5.7425,0.0,1.0,0.0,0.0,0.0,1.0,1.0,1.0,True,DATA-09,False,public-derived-contiguous-slice
5645050,2020-04-18 05:29:38,7.603999999999999,8.826,-0.0079999999999991,1.6080000000000003,8.828,73.25,5.455000000000002,0.0,1.0,1.0,0.0,0.0,1.0,1.0,1.0,True,DATA-09,False,public-derived-contiguous-slice
5645060,2020-04-18 05:29:48,8.788,8.806,-0.009999999999998,1.952,8.808,73.15,5.7225,0.0,1.0,1.0,0.0,0.0,1.0,1.0,1.0,True,DATA-09,False,public-derived-contiguous-slice
5645070,2020-04-18 05:29:58,9.008,8.812,-0.0079999999999991,2.0180000000000007,8.814,73.05,5.67,0.0,1.0,1.0,0.0,0.0,1.0,1.0,1.0,True,DATA-09,False,public-derived-contiguous-slice
5645080,2020-04-18 05:30:08,9.018,8.826,-0.009999999999998,2.022,8.826,72.77499999999999,5.824999999999999,0.0,1.0,1.0,0.0,0.0,1.0,1.0,1.0,True,DATA-09,False,public-derived-contiguous-slice
5645090,2020-04-18 05:30:18,9.026,8.84,-0.0060000000000002,2.024000000000001,8.84,72.625,5.805,0.0,1.0,1.0,0.0,0.0,1.0,1.0,1.0,True,DATA-09,False,public-derived-contiguous-slice
5645100,2020-04-18 05:30:27,9.034,8.85,-0.0079999999999991,2.0279999999999987,8.85,72.55,5.725,0.0,1.0,1.0,0.0,0.0,1.0,1.0,1.0,True,DATA-09,False,public-derived-contiguous-slice
5645110,2020-04-18 05:30:37,7.208,8.84,-0.0079999999999991,1.4860000000000009,8.84,72.75,5.3125,0.0,1.0,0.0,0.0,0.0,1.0,1.0,1.0,True,DATA-09,False,public-derived-contiguous-slice
5645120,2020-04-18 05:30:47,8.594,8.822,-0.0060000000000002,1.894,8.822,73.15,5.68,0.0,1.0,0.0,0.0,0.0,1.0,1.0,1.0,True,DATA-09,False,public-derived-contiguous-slice
5645130,2020-04-18 05:30:57,8.972,8.816,-0.009999999999998,2.007999999999999,8.816,73.35000000000001,5.797499999999999,0.0,1.0,0.0,0.0,0.0,1.0,1.0,1.0,True,DATA-09,False,public-derived-contiguous-slice
5645140,2020-04-18 05:31:07,8.982,8.828,-0.0060000000000002,2.0120000000000005,8.828,73.37499999999999,5.83,0.0,1.0,0.0,0.0,0.0,1.0,1.0,1.0,True,DATA-09,False,public-derived-contiguous-slice
5645150,2020-04-18 05:31:17,8.984,8.836,-0.0079999999999991,2.01,8.836,73.05,5.682499999999999,0.0,1.0,0.0,0.0,0.0,1.0,1.0,1.0,True,DATA-09,False,public-derived-contiguous-slice
5645160,2020-04-18 05:31:27,8.992,8.844,-0.0060000000000002,2.016,8.844,72.44999999999999,5.827500000000001,0.0,1.0,0.0,0.0,0.0,1.0,1.0,1.0,True,DATA-09,False,public-derived-contiguous-slice
5645170,2020-04-18 05:31:37,7.634,8.836,-0.0040000000000013,1.6140000000000008,8.834,72.22500000000001,5.5025,0.0,1.0,1.0,0.0,0.0,1.0,1.0,1.0,True,DATA-09,False,public-derived-contiguous-slice
5645180,2020-04-18 05:31:47,8.786,8.818,-0.0060000000000002,1.942,8.816,72.52499999999999,5.649999999999999,0.0,1.0,1.0,0.0,0.0,1.0,1.0,1.0,True,DATA-09,False,public-derived-contiguous-slice
5645190,2020-04-18 05:31:57,9.012,8.822,-0.0060000000000002,2.02,8.822,72.825,5.6875,0.0,1.0,1.0,0.0,0.0,1.0,1.0,1.0,True,DATA-09,False,public-derived-contiguous-slice
5645200,2020-04-18 05:32:07,9.022,8.834,-0.0079999999999991,2.022,8.834,72.95,5.707500000000001,0.0,1.0,1.0,0.0,0.0,1.0,1.0,1.0,True,DATA-09,False,public-derived-contiguous-slice
5645210,2020-04-18 05:32:17,9.032,8.844,-0.009999999999998,2.022,8.844,72.85,5.854999999999999,0.0,1.0,1.0,0.0,0.0,1.0,1.0,1.0,True,DATA-09,False,public-derived-contiguous-slice
5645220,2020-04-18 05:32:26,9.042,8.856,-0.0079999999999991,2.030000000000001,8.858,72.725,5.705,0.0,1.0,1.0,0.0,0.0,1.0,1.0,1.0,True,DATA-09,False,public-derived-contiguous-slice
5645230,2020-04-18 05:32:36,7.396000000000001,8.844,-0.0060000000000002,1.5500000000000007,8.846,72.44999999999999,5.397499999999999,0.0,1.0,0.0,0.0,0.0,1.0,1.0,1.0,True,DATA-09,False,public-derived-contiguous-slice
5645240,2020-04-18 05:32:46,8.598,8.826,-0.0060000000000002,1.894,8.826,72.30000000000001,5.595000000000001,0.0,1.0,0.0,0.0,0.0,1.0,1.0,1.0,True,DATA-09,False,public-derived-contiguous-slice
5645250,2020-04-18 05:32:56,8.972,8.818,-0.0060000000000002,2.004,8.818,72.275,5.782499999999999,0.0,1.0,0.0,0.0,0.0,1.0,1.0,1.0,True,DATA-09,False,public-derived-contiguous-slice
5645260,2020-04-18 05:33:06,8.982,8.83,-0.0079999999999991,2.01,8.826,72.37499999999999,5.8225,0.0,1.0,0.0,0.0,0.0,1.0,1.0,1.0,True,DATA-09,False,public-derived-contiguous-slice
5645270,2020-04-18 05:33:16,8.986,8.838,-0.0060000000000002,2.0120000000000005,8.834,72.55,5.7425,0.0,1.0,0.0,0.0,0.0,1.0,1.0,1.0,True,DATA-09,False,public-derived-contiguous-slice
5645280,2020-04-18 05:33:26,8.994,8.844,-0.0060000000000002,2.0120000000000005,8.844,72.675,5.83,0.0,1.0,0.0,0.0,0.0,1.0,1.0,1.0,True,DATA-09,False,public-derived-contiguous-slice
5645290,2020-04-18 05:33:36,7.804,8.834,-0.0060000000000002,1.6580000000000013,8.832,72.75,5.5625,0.0,1.0,1.0,0.0,0.0,1.0,1.0,1.0,True,DATA-09,False,public-derived-contiguous-slice
5645300,2020-04-18 05:33:46,8.88,8.818,-0.0060000000000002,1.9699999999999989,8.818,72.825,5.754999999999999,0.0,1.0,1.0,0.0,0.0,1.0,1.0,1.0,True,DATA-09,False,public-derived-contiguous-slice
5645310,2020-04-18 05:33:56,9.02,8.824,-0.0079999999999991,2.0180000000000007,8.826,72.95,5.682499999999999,0.0,1.0,1.0,0.0,0.0,1.0,1.0,1.0,True,DATA-09,False,public-derived-contiguous-slice
5645320,2020-04-18 05:34:06,9.028,8.84,-0.0079999999999991,2.02,8.84,72.875,5.7225,0.0,1.0,1.0,0.0,0.0,1.0,1.0,1.0,True,DATA-09,False,public-derived-contiguous-slice
5645330,2020-04-18 05:34:16,9.012,8.822,-0.0079999999999991,2.016,8.826,72.7,5.842499999999999,0.0,1.0,1.0,0.0,0.0,1.0,1.0,1.0,True,DATA-09,False,public-derived-contiguous-slice
5645340,2020-04-18 05:34:25,9.024,8.838,-0.0060000000000002,2.022,8.84,72.52499999999999,5.709999999999999,0.0,1.0,1.0,0.0,0.0,1.0,1.0,1.0,True,DATA-09,False,public-derived-contiguous-slice
5645350,2020-04-18 05:34:35,7.51,8.826,-0.0079999999999991,1.5739999999999998,8.826,73.05,5.43,0.0,1.0,0.0,0.0,0.0,1.0,1.0,1.0,True,DATA-09,False,public-derived-contiguous-slice
5645360,2020-04-18 05:34:45,8.682,8.802,-0.0079999999999991,1.918,8.804,73.475,5.612500000000001,0.0,1.0,0.0,0.0,0.0,1.0,1.0,1.0,True,DATA-09,False,public-derived-contiguous-slice
5645370,2020-04-18 05:34:55,8.966,8.804,-0.0060000000000002,2.014,8.804,73.52499999999999,5.8225,0.0,1.0,0.0,0.0,0.0,1.0,1.0,1.0,True,DATA-09,False,public-derived-contiguous-slice
5645380,2020-04-18 05:35:05,8.97,8.818,-0.0079999999999991,2.001999999999999,8.818,73.55000000000001,5.700000000000001,0.0,1.0,0.0,0.0,0.0,1.0,1.0,1.0,True,DATA-09,False,public-derived-contiguous-slice
5645390,2020-04-18 05:35:15,8.974,8.824,-0.0079999999999991,2.004,8.826,73.32499999999999,5.817499999999999,0.0,1.0,0.0,0.0,0.0,1.0,1.0,1.0,True,DATA-09,False,public-derived-contiguous-slice
5645400,2020-04-18 05:35:25,8.984,8.834,-0.0079999999999991,2.007999999999999,8.836,73.35000000000001,5.702499999999999,0.0,1.0,0.0,0.0,0.0,1.0,1.0,1.0,True,DATA-09,False,public-derived-contiguous-slice
5645410,2020-04-18 05:35:35,7.754,8.826,-0.0079999999999991,1.652000000000001,8.824,73.025,5.5550000000000015,0.0,1.0,1.0,0.0,0.0,1.0,1.0,1.0,True,DATA-09,False,public-derived-contiguous-slice
5645420,2020-04-18 05:35:45,8.922,8.806,-0.0079999999999991,1.9879999999999995,8.806,72.77499999999999,5.6850000000000005,0.0,1.0,1.0,0.0,0.0,1.0,1.0,1.0,True,DATA-09,False,public-derived-contiguous-slice
5645430,2020-04-18 05:35:55,9.016,8.818,-0.0079999999999991,2.016,8.818,72.35000000000001,5.805,0.0,1.0,1.0,0.0,0.0,1.0,1.0,1.0,True,DATA-09,False,public-derived-contiguous-slice
5645440,2020-04-18 05:36:05,9.022,8.834,-0.0060000000000002,2.0180000000000007,8.832,71.9,5.85,0.0,1.0,1.0,0.0,0.0,1.0,1.0,1.0,True,DATA-09,False,public-derived-contiguous-slice
5645450,2020-04-18 05:36:14,9.038,8.852,-0.0060000000000002,2.026,8.848,71.95,5.834999999999999,0.0,1.0,1.0,0.0,0.0,1.0,1.0,1.0,True,DATA-09,False,public-derived-contiguous-slice
5645460,2020-04-18 05:36:24,9.04,8.862,-0.0060000000000002,2.026,8.86,72.275,5.865,0.0,1.0,1.0,0.0,0.0,1.0,1.0,1.0,True,DATA-09,False,public-derived-contiguous-slice
5645470,2020-04-18 05:36:34,7.534000000000001,8.848,-0.0079999999999991,1.5779999999999994,8.846,72.6,5.3925,0.0,1.0,0.0,0.0,0.0,1.0,1.0,1.0,True,DATA-09,False,public-derived-contiguous-slice
5645480,2020-04-18 05:36:44,8.668,8.832,-0.0079999999999991,1.911999999999999,8.832,72.95,5.602499999999999,0.0,1.0,0.0,0.0,0.0,1.0,1.0,1.0,True,DATA-09,False,public-derived-contiguous-slice
5645490,2020-04-18 05:36:54,8.984,8.828,-0.0079999999999991,2.007999999999999,8.828,73.22500000000001,5.694999999999999,0.0,1.0,0.0,0.0,0.0,1.0,1.0,1.0,True,DATA-09,False,public-derived-contiguous-slice
5645500,2020-04-18 05:37:04,8.992,8.84,-0.0060000000000002,2.0120000000000005,8.84,72.95,5.834999999999999,0.0,1.0,0.0,0.0,0.0,1.0,1.0,1.0,True,DATA-09,False,public-derived-contiguous-slice
5645510,2020-04-18 05:37:14,8.996,8.848,-0.0060000000000002,2.014,8.846,72.7,5.7125,0.0,1.0,0.0,0.0,0.0,1.0,1.0,1.0,True,DATA-09,False,public-derived-contiguous-slice
5645520,2020-04-18 05:37:24,9.002,8.856,-0.0060000000000002,2.016,8.854,72.825,5.824999999999999,0.0,1.0,0.0,0.0,0.0,1.0,1.0,1.0,True,DATA-09,False,public-derived-contiguous-slice
5645530,2020-04-18 05:37:34,7.882,8.844,-0.0060000000000002,1.684000000000001,8.842,73.125,5.542499999999999,0.0,1.0,1.0,0.0,0.0,1.0,1.0,1.0,True,DATA-09,False,public-derived-contiguous-slice
5645540,2020-04-18 05:37:44,8.922,8.826,-0.0060000000000002,1.9860000000000009,8.824,73.52499999999999,5.654999999999999,0.0,1.0,1.0,0.0,0.0,1.0,1.0,1.0,True,DATA-09,False,public-derived-contiguous-slice
5645550,2020-04-18 05:37:54,9.03,8.836,-0.0079999999999991,2.024000000000001,8.838,73.64999999999999,5.734999999999999,0.0,1.0,1.0,0.0,0.0,1.0,1.0,1.0,True,DATA-09,False,public-derived-contiguous-slice
5645560,2020-04-18 05:38:03,9.04,8.85,-0.0060000000000002,2.022,8.85,73.50000000000001,5.85,0.0,1.0,1.0,0.0,0.0,1.0,1.0,1.0,True,DATA-09,False,public-derived-contiguous-slice
5645570,2020-04-18 05:38:13,9.046,8.86,-0.0079999999999991,2.024000000000001,8.862,73.125,5.774999999999999,0.0,1.0,1.0,0.0,0.0,1.0,1.0,1.0,True,DATA-09,False,public-derived-contiguous-slice
5645580,2020-04-18 05:38:23,9.054,8.872,-0.009999999999998,2.032,8.874,73.15,5.869999999999999,0.0,1.0,1.0,0.0,0.0,1.0,1.0,1.0,True,DATA-09,False,public-derived-contiguous-slice
5645590,2020-04-18 05:38:33,7.616,8.86,-0.0079999999999991,1.606,8.858,72.95,5.532500000000001,0.0,1.0,0.0,0.0,0.0,1.0,1.0,1.0,True,DATA-09,False,public-derived-contiguous-slice
5645600,2020-04-18 05:38:43,8.722,8.842,-0.0060000000000002,1.93,8.84,72.85,5.765000000000001,0.0,1.0,0.0,0.0,0.0,1.0,1.0,1.0,True,DATA-09,False,public-derived-contiguous-slice
5645610,2020-04-18 05:38:53,9.0,8.84,-0.0060000000000002,2.01,8.84,72.975,5.817499999999999,0.0,1.0,0.0,0.0,0.0,1.0,1.0,1.0,True,DATA-09,False,public-derived-contiguous-slice
5645620,2020-04-18 05:39:03,9.0,8.848,-0.0079999999999991,2.0120000000000005,8.848,73.17499999999998,5.7475000000000005,0.0,1.0,0.0,0.0,0.0,1.0,1.0,1.0,True,DATA-09,False,public-derived-contiguous-slice
5645630,2020-04-18 05:39:13,9.006,8.858,-0.0060000000000002,2.0180000000000007,8.856,73.55000000000001,5.7575,0.0,1.0,0.0,0.0,0.0,1.0,1.0,1.0,True,DATA-09,False,public-derived-contiguous-slice
5645640,2020-04-18 05:39:23,9.002,8.852,-0.0079999999999991,2.014,8.848,73.625,5.797499999999999,0.0,1.0,0.0,0.0,0.0,1.0,1.0,1.0,True,DATA-09,False,public-derived-contiguous-slice
5645650,2020-04-18 05:39:33,7.997999999999999,8.838,-0.0060000000000002,1.716000000000001,8.836,73.55000000000001,5.5550000000000015,0.0,1.0,1.0,0.0,0.0,1.0,1.0,1.0,True,DATA-09,False,public-derived-contiguous-slice
5645660,2020-04-18 05:39:43,8.986,8.82,-0.0079999999999991,2.004,8.82,73.52499999999999,5.780000000000001,0.0,1.0,1.0,0.0,0.0,1.0,1.0,1.0,True,DATA-09,False,public-derived-contiguous-slice
5645670,2020-04-18 05:39:52,9.03,8.836,-0.0079999999999991,2.02,8.836,73.37499999999999,5.8475,0.0,1.0,1.0,0.0,0.0,1.0,1.0,1.0,True,DATA-09,False,public-derived-contiguous-slice
5645680,2020-04-18 05:40:02,9.036,8.848,-0.0079999999999991,2.022,8.848,73.15,5.860000000000001,0.0,1.0,1.0,0.0,0.0,1.0,1.0,1.0,True,DATA-09,False,public-derived-contiguous-slice
5645690,2020-04-18 05:40:12,9.048,8.862,-0.0079999999999991,2.032,8.862,72.95,5.8675000000000015,0.0,1.0,1.0,0.0,0.0,1.0,1.0,1.0,True,DATA-09,False,public-derived-contiguous-slice
5645700,2020-04-18 05:40:22,9.06,8.874,-0.0079999999999991,2.033999999999999,8.876,72.925,5.73,0.0,1.0,1.0,0.0,0.0,1.0,1.0,1.0,True,DATA-09,False,public-derived-contiguous-slice
5645710,2020-04-18 05:40:32,7.632,8.858,-0.0079999999999991,1.6099999999999994,8.86,72.625,5.495000000000001,0.0,1.0,0.0,0.0,0.0,1.0,1.0,1.0,True,DATA-09,False,public-derived-contiguous-slice
5645720,2020-04-18 05:40:42,8.788,8.838,-0.0079999999999991,1.9480000000000004,8.84,72.825,5.802499999999998,0.0,1.0,0.0,0.0,0.0,1.0,1.0,1.0,True,DATA-09,False,public-derived-contiguous-slice
5645730,2020-04-18 05:40:52,8.996,8.84,-0.0079999999999991,2.007999999999999,8.842,72.95,5.834999999999999,0.0,1.0,0.0,0.0,0.0,1.0,1.0,1.0,True,DATA-09,False,public-derived-contiguous-slice
5645740,2020-04-18 05:41:02,9.0,8.848,-0.0079999999999991,2.01,8.848,72.95,5.6875,0.0,1.0,0.0,0.0,0.0,1.0,1.0,1.0,True,DATA-09,False,public-derived-contiguous-slice
5645750,2020-04-18 05:41:12,9.006,8.856,-0.0079999999999991,2.016,8.858,72.925,5.82,0.0,1.0,0.0,0.0,0.0,1.0,1.0,1.0,True,DATA-09,False,public-derived-contiguous-slice
5645760,2020-04-18 05:41:22,9.014,8.866,-0.0079999999999991,2.02,8.864,72.9,5.6975,0.0,1.0,0.0,0.0,0.0,1.0,1.0,1.0,True,DATA-09,False,public-derived-contiguous-slice
5645770,2020-04-18 05:41:32,8.008,8.85,-0.0079999999999991,1.7300000000000004,8.85,72.275,5.532500000000001,0.0,1.0,1.0,0.0,0.0,1.0,1.0,1.0,True,DATA-09,False,public-derived-contiguous-slice
5645780,2020-04-18 05:41:41,8.978,8.834,-0.0060000000000002,2.006,8.832,72.30000000000001,5.785,0.0,1.0,1.0,0.0,0.0,1.0,1.0,1.0,True,DATA-09,False,public-derived-contiguous-slice
5645790,2020-04-18 05:41:51,9.034,8.848,-0.0060000000000002,2.022,8.846,72.275,5.7425,0.0,1.0,1.0,0.0,0.0,1.0,1.0,1.0,True,DATA-09,False,public-derived-contiguous-slice
5645800,2020-04-18 05:42:01,9.046,8.858,-0.0060000000000002,2.026,8.858,72.37499999999999,5.802499999999998,0.0,1.0,1.0,0.0,0.0,1.0,1.0,1.0,True,DATA-09,False,public-derived-contiguous-slice
5645810,2020-04-18 05:42:11,9.06,8.87,-0.0060000000000002,2.032,8.87,72.52499999999999,5.845000000000001,0.0,1.0,1.0,0.0,0.0,1.0,1.0,1.0,True,DATA-09,False,public-derived-contiguous-slice
5645820,2020-04-18 05:42:21,9.066,8.88,-0.0079999999999991,2.036,8.88,72.8,5.8675000000000015,0.0,1.0,1.0,0.0,0.0,1.0,1.0,1.0,True,DATA-09,False,public-derived-contiguous-slice
5645830,2020-04-18 05:42:31,7.792,8.862,-0.009999999999998,1.652000000000001,8.862,72.925,5.462499999999999,0.0,1.0,0.0,0.0,0.0,1.0,1.0,1.0,True,DATA-09,False,public-derived-contiguous-slice
5645840,2020-04-18 05:42:41,8.796,8.844,-0.0079999999999991,1.952,8.846,73.15,5.640000000000001,0.0,1.0,0.0,0.0,0.0,1.0,1.0,1.0,True,DATA-09,False,public-derived-contiguous-slice
5645850,2020-04-18 05:42:51,9.002,8.846,-0.0079999999999991,2.0120000000000005,8.848,73.35000000000001,5.674999999999999,0.0,1.0,0.0,0.0,0.0,1.0,1.0,1.0,True,DATA-09,False,public-derived-contiguous-slice
5645860,2020-04-18 05:43:01,9.006,8.854,-0.0079999999999991,2.014,8.856,73.05,5.6875,0.0,1.0,0.0,0.0,0.0,1.0,1.0,1.0,True,DATA-09,False,public-derived-contiguous-slice
5645870,2020-04-18 05:43:11,9.014,8.864,-0.0060000000000002,2.0180000000000007,8.866,72.85,5.702499999999999,0.0,1.0,0.0,0.0,0.0,1.0,1.0,1.0,True,DATA-09,False,public-derived-contiguous-slice
5645880,2020-04-18 05:43:21,9.018,8.872,-0.0079999999999991,2.02,8.872,72.825,5.85,0.0,1.0,0.0,0.0,0.0,1.0,1.0,1.0,True,DATA-09,False,public-derived-contiguous-slice
5645890,2020-04-18 05:43:30,8.046,8.856,-0.0079999999999991,1.7300000000000004,8.858,72.85,5.5025,0.0,1.0,1.0,0.0,0.0,1.0,1.0,1.0,True,DATA-09,False,public-derived-contiguous-slice
5645900,2020-04-18 05:43:40,9.014,8.84,-0.0079999999999991,2.016,8.842,72.725,5.6625,0.0,1.0,1.0,0.0,0.0,1.0,1.0,1.0,True,DATA-09,False,public-derived-contiguous-slice
5645910,2020-04-18 05:43:50,9.044,8.85,-0.0079999999999991,2.024000000000001,8.852,72.475,5.817499999999999,0.0,1.0,1.0,0.0,0.0,1.0,1.0,1.0,True,DATA-09,False,public-derived-contiguous-slice
5645920,2020-04-18 05:44:00,9.054,8.864,-0.0079999999999991,2.030000000000001,8.866,72.44999999999999,5.700000000000001,0.0,1.0,1.0,0.0,0.0,1.0,1.0,1.0,True,DATA-09,False,public-derived-contiguous-slice
5645930,2020-04-18 05:44:10,9.062,8.874,-0.0079999999999991,2.032,8.876,72.7,5.82,0.0,1.0,1.0,0.0,0.0,1.0,1.0,1.0,True,DATA-09,False,public-derived-contiguous-slice
5645940,2020-04-18 05:44:20,9.07,8.884,-0.009999999999998,2.0380000000000003,8.886,72.64999999999999,5.7325,0.0,1.0,1.0,0.0,0.0,1.0,1.0,1.0,True,DATA-09,False,public-derived-contiguous-slice
5645950,2020-04-18 05:44:30,7.757999999999999,8.866,-0.0079999999999991,1.6460000000000008,8.87,72.825,5.547500000000001,0.0,1.0,0.0,0.0,0.0,1.0,1.0,1.0,True,DATA-09,False,public-derived-contiguous-slice
5645960,2020-04-18 05:44:40,8.838,8.848,-0.009999999999998,1.962,8.848,72.875,5.7925,0.0,1.0,0.0,0.0,0.0,1.0,1.0,1.0,True,DATA-09,False,public-derived-contiguous-slice
5645970,2020-04-18 05:44:50,9.004,8.85,-0.009999999999998,2.014,8.85,72.75,5.734999999999999,0.0,1.0,0.0,0.0,0.0,1.0,1.0,1.0,True,DATA-09,False,public-derived-contiguous-slice
5645980,2020-04-18 05:45:00,9.012,8.86,-0.0079999999999991,2.016,8.86,72.75,5.727500000000001,0.0,1.0,0.0,0.0,0.0,1.0,1.0,1.0,True,DATA-09,False,public-derived-contiguous-slice
5645990,2020-04-18 05:45:10,9.012,8.868,-0.0079999999999991,2.02,8.868,72.75,5.69,0.0,1.0,0.0,0.0,0.0,1.0,1.0,1.0,True,DATA-09,False,public-derived-contiguous-slice
5646000,2020-04-18 05:45:19,9.02,8.872,-0.009999999999998,2.022,8.874,72.55,5.824999999999999,0.0,1.0,0.0,0.0,0.0,1.0,1.0,1.0,True,DATA-09,False,public-derived-contiguous-slice
5646010,2020-04-18 05:45:29,8.068,8.856,-0.009999999999998,1.7360000000000009,8.858,72.64999999999999,5.565,0.0,1.0,1.0,0.0,0.0,1.0,1.0,1.0,True,DATA-09,False,public-derived-contiguous-slice
5646020,2020-04-18 05:45:39,9.026,8.836,-0.009999999999998,2.0180000000000007,8.838,72.55,5.69,0.0,1.0,1.0,0.0,0.0,1.0,1.0,1.0,True,DATA-09,False,public-derived-contiguous-slice
5646030,2020-04-18 05:45:49,9.046,8.85,-0.0079999999999991,2.030000000000001,8.854,71.825,5.734999999999999,0.0,1.0,1.0,0.0,0.0,1.0,1.0,1.0,True,DATA-09,False,public-derived-contiguous-slice
5646040,2020-04-18 05:45:59,9.054,8.868,-0.0060000000000002,2.032,8.868,71.7,5.75,0.0,1.0,1.0,0.0,0.0,1.0,1.0,1.0,True,DATA-09,False,public-derived-contiguous-slice
5646050,2020-04-18 05:46:09,9.06,8.878,-0.0079999999999991,2.033999999999999,8.878,71.85,5.865,0.0,1.0,1.0,0.0,0.0,1.0,1.0,1.0,True,DATA-09,False,public-derived-contiguous-slice
5646060,2020-04-18 05:46:19,9.066,8.888,-0.0060000000000002,2.036,8.888,72.05,5.780000000000001,0.0,1.0,1.0,0.0,0.0,1.0,1.0,1.0,True,DATA-09,False,public-derived-contiguous-slice
5646070,2020-04-18 05:46:29,7.83,8.868,-0.0079999999999991,1.67,8.87,72.24999999999999,5.4350000000000005,0.0,1.0,0.0,0.0,0.0,1.0,1.0,1.0,True,DATA-09,False,public-derived-contiguous-slice
5646080,2020-04-18 05:46:39,8.812,8.852,-0.009999999999998,1.958,8.85,72.57499999999999,5.709999999999999,0.0,1.0,0.0,0.0,0.0,1.0,1.0,1.0,True,DATA-09,False,public-derived-contiguous-slice
