station_id,date,capacity_mw,source_records,mean_irradiance,mean_air_temperature,mean_power_mw,mean_efficiency_ratio,mean_temperature_derating_pct,curtailment_suspected_share,automatic_control_allowed,allowed_action,data_nature
1,2019-01-01,50,96,181.01042,-9.5177083,7.7389796,0.76002527,0,0.010416667,False,register_operations_review,public-derived-entity-complete-daily-aggregate
1,2019-01-02,50,96,206.09375,-11.471875,8.628199,0.73701595,0,0.03125,False,register_operations_review,public-derived-entity-complete-daily-aggregate
1,2019-01-03,50,96,204.30208,-11.330208,8.5967824,0.74361445,0,0.03125,False,register_operations_review,public-derived-entity-complete-daily-aggregate
1,2019-01-04,50,96,136.4375,-9.190625,5.6931373,0.78437143,0,0.03125,False,register_operations_review,public-derived-entity-complete-daily-aggregate
1,2019-01-05,50,96,202.82292,-9.5885417,8.5661602,0.76377106,0,0.010416667,False,register_operations_review,public-derived-entity-complete-daily-aggregate
1,2019-01-06,50,96,199.80208,-8.25,8.3095443,0.73407988,0,0.010416667,False,register_operations_review,public-derived-entity-complete-daily-aggregate
1,2019-01-07,50,96,230.92708,-8.803125,9.6258636,0.7283464,0,0.03125,False,register_operations_review,public-derived-entity-complete-daily-aggregate
1,2019-01-08,50,96,225.36458,-8.48125,9.4139171,0.72635027,0,0.020833333,False,register_operations_review,public-derived-entity-complete-daily-aggregate
1,2019-01-09,50,96,207.39583,-8.1625,5.1684053,0.50899116,0,0.15625,False,register_operations_review,public-derived-entity-complete-daily-aggregate
1,2019-01-10,50,96,193.73958,-8.66875,7.9352206,0.75198875,0,0.010416667,False,register_operations_review,public-derived-entity-complete-daily-aggregate
1,2019-01-11,50,96,224.69792,-8.6885417,9.249124,0.72679798,0,0.010416667,False,register_operations_review,public-derived-entity-complete-daily-aggregate
1,2019-01-12,50,96,234.95833,-8.5177083,9.5650358,0.72026841,0,0.03125,False,register_operations_review,public-derived-entity-complete-daily-aggregate
1,2019-01-13,50,96,169.52083,-9.0729167,6.927772,0.76146519,0,0.010416667,False,register_operations_review,public-derived-entity-complete-daily-aggregate
1,2019-01-14,50,96,210.98958,-5.796875,8.7306547,0.73997945,0,0.020833333,False,register_operations_review,public-derived-entity-complete-daily-aggregate
1,2019-01-15,50,96,135.01042,-4.9520833,5.803845,0.86484782,0,0.010416667,False,register_operations_review,public-derived-entity-complete-daily-aggregate
1,2019-01-16,50,96,184.64583,-7.2895833,8.0886664,0.83062055,0,0,False,register_operations_review,public-derived-entity-complete-daily-aggregate
1,2019-01-17,50,96,182.94792,-6.1802083,7.4896901,0.74150282,0,0,False,register_operations_review,public-derived-entity-complete-daily-aggregate
1,2019-01-18,50,96,87.447917,-3.5145833,3.8740263,0.82127012,0,0,False,register_operations_review,public-derived-entity-complete-daily-aggregate
1,2019-01-19,50,96,141.63542,-4.7885417,5.6042595,0.64497753,0,0.041666667,False,register_operations_review,public-derived-entity-complete-daily-aggregate
1,2019-01-20,50,96,255.90625,-4.8229167,10.564124,0.751725,0,0.020833333,False,register_operations_review,public-derived-entity-complete-daily-aggregate
1,2019-01-21,50,96,266.85417,-5.9895833,10.955473,0.70955459,0,0.03125,False,register_operations_review,public-derived-entity-complete-daily-aggregate
1,2019-01-22,50,96,233.83333,-6.4645833,8.7864178,0.70045877,0,0.010416667,False,register_operations_review,public-derived-entity-complete-daily-aggregate
1,2019-01-23,50,96,232.67708,-7.525,9.1444268,0.70278138,0,0.010416667,False,register_operations_review,public-derived-entity-complete-daily-aggregate
1,2019-01-24,50,96,144.30208,-5.1333333,6.231538,0.78968061,0,0,False,register_operations_review,public-derived-entity-complete-daily-aggregate
1,2019-01-25,50,96,236.26042,-5.590625,9.5032614,0.7284204,0,0.010416667,False,register_operations_review,public-derived-entity-complete-daily-aggregate
1,2019-01-26,50,96,198.91667,-7.2989583,8.2871025,0.7695305,0,0,False,register_operations_review,public-derived-entity-complete-daily-aggregate
1,2019-01-27,50,96,194.02083,-5.34375,4.9549616,0.54831488,0,0.15625,False,register_operations_review,public-derived-entity-complete-daily-aggregate
1,2019-01-28,50,96,72.333333,-3.9041667,3.5873124,1.0031504,0,0,False,register_operations_review,public-derived-entity-complete-daily-aggregate
1,2019-01-29,50,96,198.20833,-8.4,5.4780866,0.61683212,0,0.11458333,False,register_operations_review,public-derived-entity-complete-daily-aggregate
1,2019-01-30,50,96,289.83333,-10.421875,12.455198,0.75935537,0,0.020833333,False,register_operations_review,public-derived-entity-complete-daily-aggregate
1,2019-01-31,50,96,276.01042,-10.564583,11.623616,0.75503362,0,0.010416667,False,register_operations_review,public-derived-entity-complete-daily-aggregate
1,2019-02-01,50,96,175.61458,-8.7145833,7.5453164,0.82945093,0,0,False,register_operations_review,public-derived-entity-complete-daily-aggregate
1,2019-02-02,50,96,153.65625,-6.6833333,5.4346213,0.76004537,0,0.052083333,False,register_operations_review,public-derived-entity-complete-daily-aggregate
1,2019-02-03,50,96,193.75,-6.0010417,7.9874684,0.76335739,0,0,False,register_operations_review,public-derived-entity-complete-daily-aggregate
1,2019-02-04,50,96,193.72917,-5.4635417,5.2745304,0.58972477,0,0.13541667,False,register_operations_review,public-derived-entity-complete-daily-aggregate
1,2019-02-05,50,96,144.15625,-6.1291667,4.9329276,0.68685313,0,0.041666667,False,register_operations_review,public-derived-entity-complete-daily-aggregate
1,2019-02-06,50,96,178.70833,-3.396875,3.8263513,0.50915271,0,0.19791667,False,register_operations_review,public-derived-entity-complete-daily-aggregate
1,2019-02-07,50,96,228.79167,-4.3447917,4.8936818,0.53590504,0,0.17708333,False,register_operations_review,public-derived-entity-complete-daily-aggregate
1,2019-02-08,50,96,234.76042,-6.7479167,9.8017761,0.77942683,0,0,False,register_operations_review,public-derived-entity-complete-daily-aggregate
1,2019-02-09,50,96,84.989583,-6.5052083,3.9101776,0.86771484,0,0,False,register_operations_review,public-derived-entity-complete-daily-aggregate
1,2019-02-10,50,96,218.15625,-3.9895833,9.0984157,0.78048408,0,0,False,register_operations_review,public-derived-entity-complete-daily-aggregate
1,2019-02-11,50,96,233.46875,-3.4395833,9.6051476,0.74894701,0,0,False,register_operations_review,public-derived-entity-complete-daily-aggregate
1,2019-02-12,50,96,187.88542,-3.2614583,7.8198663,0.7857504,0,0,False,register_operations_review,public-derived-entity-complete-daily-aggregate
1,2019-02-13,50,96,184.21875,-4.55,4.0449666,0.63549238,0,0.15625,False,register_operations_review,public-derived-entity-complete-daily-aggregate
1,2019-02-14,50,96,311.4375,-4.503125,12.471793,0.73201004,0,0.010416667,False,register_operations_review,public-derived-entity-complete-daily-aggregate
1,2019-02-15,50,96,313.58333,-3.1270833,8.7619359,0.55309872,0,0.125,False,register_operations_review,public-derived-entity-complete-daily-aggregate
1,2019-02-16,50,96,238.44792,-4.84375,9.5317226,0.77653029,0,0,False,register_operations_review,public-derived-entity-complete-daily-aggregate
1,2019-02-17,50,96,284.1875,-3.0916667,10.753466,0.69892711,0,0,False,register_operations_review,public-derived-entity-complete-daily-aggregate
1,2019-02-18,50,96,301.66667,-0.37916667,12.080444,0.73533366,0,0,False,register_operations_review,public-derived-entity-complete-daily-aggregate
1,2019-02-19,50,96,248.44792,-1.15625,9.9085782,0.75777413,0,0,False,register_operations_review,public-derived-entity-complete-daily-aggregate
1,2019-02-20,50,96,282.77083,1.5489583,10.80045,0.71908108,0,0,False,register_operations_review,public-derived-entity-complete-daily-aggregate
1,2019-02-21,50,96,305.5,3.159375,11.794573,0.72137038,0,0,False,register_operations_review,public-derived-entity-complete-daily-aggregate
1,2019-02-22,50,96,220.08333,1.146875,5.4736887,0.56675063,0,0.16666667,False,register_operations_review,public-derived-entity-complete-daily-aggregate
1,2019-02-23,50,96,206.20833,1.278125,8.2369602,0.74756297,0,0,False,register_operations_review,public-derived-entity-complete-daily-aggregate
1,2019-02-24,50,96,246.40625,0.97291667,9.7108497,0.73511279,0,0,False,register_operations_review,public-derived-entity-complete-daily-aggregate
1,2019-02-25,50,96,304.13542,1.5270833,11.861609,0.73076638,0,0,False,register_operations_review,public-derived-entity-complete-daily-aggregate
1,2019-02-26,50,96,325.22917,1.8239583,12.597164,0.72856852,0,0,False,register_operations_review,public-derived-entity-complete-daily-aggregate
1,2019-02-27,50,96,324.54167,2.340625,12.500334,0.72679182,0,0,False,register_operations_review,public-derived-entity-complete-daily-aggregate
1,2019-02-28,50,96,313.39583,3.278125,12.097372,0.725908,0,0,False,register_operations_review,public-derived-entity-complete-daily-aggregate
1,2019-03-01,50,96,315.375,4.8583333,12.137666,0.72548914,0,0,False,register_operations_review,public-derived-entity-complete-daily-aggregate
1,2019-03-02,50,96,316.84375,6.1510417,12.027014,0.70125202,0,0,False,register_operations_review,public-derived-entity-complete-daily-aggregate
1,2019-03-03,50,96,314.3125,6.45625,12.226674,0.7258596,0,0,False,register_operations_review,public-derived-entity-complete-daily-aggregate
1,2019-03-04,50,96,302.52083,8.8729167,11.734086,0.72344133,0,0.010416667,False,register_operations_review,public-derived-entity-complete-daily-aggregate
1,2019-03-05,50,96,316.57292,9.4177083,12.410588,0.72656003,0,0,False,register_operations_review,public-derived-entity-complete-daily-aggregate
1,2019-03-06,50,96,205.23958,9.05625,8.2890921,0.7610239,0,0,False,register_operations_review,public-derived-entity-complete-daily-aggregate
1,2019-03-07,50,96,294.27083,8.128125,11.326132,0.70600177,0,0.020833333,False,register_operations_review,public-derived-entity-complete-daily-aggregate
1,2019-03-08,50,96,305.8125,7.1583333,12.171502,0.76243856,0,0,False,register_operations_review,public-derived-entity-complete-daily-aggregate
1,2019-03-09,50,96,331.15625,6.05,13.240232,0.76519292,0,0,False,register_operations_review,public-derived-entity-complete-daily-aggregate
1,2019-03-10,50,96,310.76042,6.509375,12.659468,0.7820852,0,0,False,register_operations_review,public-derived-entity-complete-daily-aggregate
1,2019-03-11,50,96,341.17708,6.9552083,13.868014,0.75693557,0,0,False,register_operations_review,public-derived-entity-complete-daily-aggregate
1,2019-03-12,50,96,343.9375,7.709375,9.5679441,0.57908291,0,0.16666667,False,register_operations_review,public-derived-entity-complete-daily-aggregate
1,2019-03-13,50,96,301.46875,7.8697917,12.336827,0.78752838,0,0.010416667,False,register_operations_review,public-derived-entity-complete-daily-aggregate
1,2019-03-14,50,96,345.67708,8.9625,13.955763,0.75923453,0,0,False,register_operations_review,public-derived-entity-complete-daily-aggregate
1,2019-03-15,50,96,347.52083,10.504167,13.937793,0.75733905,0,0,False,register_operations_review,public-derived-entity-complete-daily-aggregate
1,2019-03-16,50,96,320.60417,10.523958,13.094041,0.77662789,0,0,False,register_operations_review,public-derived-entity-complete-daily-aggregate
1,2019-03-17,50,96,301.09375,12.155208,12.054385,0.75048787,0,0,False,register_operations_review,public-derived-entity-complete-daily-aggregate
1,2019-03-18,50,96,278.23958,13.25,10.166488,0.7079664,0,0.010416667,False,register_operations_review,public-derived-entity-complete-daily-aggregate
1,2019-03-19,50,96,259.14583,4.7583333,9.3978699,0.74973829,0,0.020833333,False,register_operations_review,public-derived-entity-complete-daily-aggregate
1,2019-03-20,50,96,341.25,4.2104167,14.365525,0.77129787,0,0,False,register_operations_review,public-derived-entity-complete-daily-aggregate
1,2019-03-21,50,96,354.4375,5.625,14.831915,0.76566895,0,0,False,register_operations_review,public-derived-entity-complete-daily-aggregate
1,2019-03-22,50,96,329.64583,7.7770833,13.291729,0.76506627,0,0,False,register_operations_review,public-derived-entity-complete-daily-aggregate
1,2019-03-23,50,96,329.39583,8.5197917,13.530027,0.76050926,0,0,False,register_operations_review,public-derived-entity-complete-daily-aggregate
1,2019-03-24,50,96,291.19792,9.7145833,11.838142,0.76267307,0,0,False,register_operations_review,public-derived-entity-complete-daily-aggregate
1,2019-03-25,50,96,226.30208,11.048958,8.8173262,0.76642835,0,0,False,register_operations_review,public-derived-entity-complete-daily-aggregate
1,2019-03-26,50,96,266.79167,11.769792,7.9884901,0.63972851,0,0.11458333,False,register_operations_review,public-derived-entity-complete-daily-aggregate
1,2019-03-27,50,96,344.28125,12.0375,8.9453761,0.55952558,0,0.19791667,False,register_operations_review,public-derived-entity-complete-daily-aggregate
1,2019-03-28,50,96,322.78125,11.444792,13.069889,0.77428435,0,0,False,register_operations_review,public-derived-entity-complete-daily-aggregate
1,2019-03-29,50,96,353.76042,13.285417,14.225884,0.73758489,0,0,False,register_operations_review,public-derived-entity-complete-daily-aggregate
1,2019-03-30,50,96,360.69792,12.390625,12.974074,0.6971927,0,0,False,register_operations_review,public-derived-entity-complete-daily-aggregate
1,2019-03-31,50,96,360.34375,15.047917,14.529076,0.73635219,0,0,False,register_operations_review,public-derived-entity-complete-daily-aggregate
1,2019-04-01,50,96,241.65625,17.935417,9.3240164,0.78124068,0,0,False,register_operations_review,public-derived-entity-complete-daily-aggregate
1,2019-04-02,50,96,265.27083,17.654167,10.796055,0.78439793,0,0,False,register_operations_review,public-derived-entity-complete-daily-aggregate
1,2019-04-03,50,96,331.90625,19.811458,13.229355,0.74695658,8.3333333e-06,0,False,register_operations_review,public-derived-entity-complete-daily-aggregate
1,2019-04-04,50,96,340.98958,18.477083,13.689081,0.74504507,6.25e-05,0,False,register_operations_review,public-derived-entity-complete-daily-aggregate
1,2019-04-05,50,96,269,20.10625,8.3303073,0.63325241,2.9166667e-05,0.083333333,False,register_operations_review,public-derived-entity-complete-daily-aggregate
1,2019-04-06,50,96,260.79167,17.95,10.71997,0.77687273,0,0,False,register_operations_review,public-derived-entity-complete-daily-aggregate
1,2019-04-07,50,96,102.23958,14.607292,3.8448291,0.7507139,0,0.010416667,False,register_operations_review,public-derived-entity-complete-daily-aggregate
1,2019-04-08,50,96,324.98958,10.042708,13.111682,0.75518201,0,0.010416667,False,register_operations_review,public-derived-entity-complete-daily-aggregate
1,2019-04-09,50,96,342.10417,7.6927083,13.023262,0.72919317,0,0.052083333,False,register_operations_review,public-derived-entity-complete-daily-aggregate
1,2019-04-10,50,96,361.5,11.423958,14.950349,0.74809514,0,0,False,register_operations_review,public-derived-entity-complete-daily-aggregate
1,2019-04-11,50,96,191.875,13.740625,8.4571727,0.85855367,0,0,False,register_operations_review,public-derived-entity-complete-daily-aggregate
1,2019-04-12,50,96,253.40625,15.382292,10.345079,0.83228744,0,0.010416667,False,register_operations_review,public-derived-entity-complete-daily-aggregate
1,2019-04-13,50,96,290.625,17.025,12.233704,0.82612492,0,0,False,register_operations_review,public-derived-entity-complete-daily-aggregate
1,2019-04-14,50,96,278.36458,17.242708,9.6269872,0.71557696,0,0.03125,False,register_operations_review,public-derived-entity-complete-daily-aggregate
1,2019-04-15,50,96,349.98958,18.222917,14.257898,0.74044447,2.0833333e-05,0,False,register_operations_review,public-derived-entity-complete-daily-aggregate
1,2019-04-16,50,96,325.4375,22.930208,12.013984,0.69791364,0.0064291667,0,False,register_operations_review,public-derived-entity-complete-daily-aggregate
1,2019-04-17,50,96,293.11458,21.714583,11.121289,0.74011824,0.0013416667,0,False,register_operations_review,public-derived-entity-complete-daily-aggregate
1,2019-04-18,50,96,306.08333,21.073958,12.791253,0.80249339,0.00093333333,0,False,register_operations_review,public-derived-entity-complete-daily-aggregate
1,2019-04-19,50,96,276.97917,22.180208,10.978191,0.75283627,0.0017583333,0,False,register_operations_review,public-derived-entity-complete-daily-aggregate
1,2019-04-20,50,96,316.88542,23.529167,12.41887,0.7221758,0.0069125,0,False,register_operations_review,public-derived-entity-complete-daily-aggregate
1,2019-04-21,50,96,332.23958,24.480208,11.144977,0.65252461,0.0062583333,0.010416667,False,register_operations_review,public-derived-entity-complete-daily-aggregate
1,2019-04-22,50,96,317.47917,23.6,12.385613,0.71274252,0.0042166667,0,False,register_operations_review,public-derived-entity-complete-daily-aggregate
1,2019-04-23,50,96,204.91667,18.58125,8.565906,0.81708354,0,0,False,register_operations_review,public-derived-entity-complete-daily-aggregate
1,2019-04-24,50,96,346.27083,18.569792,14.206643,0.74922171,0.00035416667,0,False,register_operations_review,public-derived-entity-complete-daily-aggregate
1,2019-04-25,50,96,312.05208,21.341667,12.49525,0.75045905,0.0026958333,0,False,register_operations_review,public-derived-entity-complete-daily-aggregate
1,2019-04-26,50,96,308.46875,19.267708,10.565438,0.71215685,1.25e-05,0,False,register_operations_review,public-derived-entity-complete-daily-aggregate
1,2019-04-27,50,96,251.5,17.208333,9.05934,0.73159755,0,0,False,register_operations_review,public-derived-entity-complete-daily-aggregate
1,2019-04-28,50,96,234.40625,18.790625,9.3143218,0.77378175,0,0,False,register_operations_review,public-derived-entity-complete-daily-aggregate
1,2019-04-29,50,96,345.39583,19.521875,14.017667,0.74843356,0,0.010416667,False,register_operations_review,public-derived-entity-complete-daily-aggregate
1,2019-04-30,50,96,349.625,22.455208,13.26148,0.70258926,0.0020791667,0,False,register_operations_review,public-derived-entity-complete-daily-aggregate
1,2019-05-01,50,96,281.73958,22.854167,11.440114,0.76621733,0.00405,0,False,register_operations_review,public-derived-entity-complete-daily-aggregate
1,2019-05-02,50,96,327.1875,22.586458,13.035929,0.74271907,0.0023833333,0,False,register_operations_review,public-derived-entity-complete-daily-aggregate
1,2019-05-03,50,96,318.32292,22.871875,12.972301,0.76346018,0.0028916667,0,False,register_operations_review,public-derived-entity-complete-daily-aggregate
1,2019-05-04,50,96,314.82292,24.683333,10.642157,0.7058455,0.0053625,0.010416667,False,register_operations_review,public-derived-entity-complete-daily-aggregate
1,2019-05-05,50,96,146.67708,18.015625,6.2995089,0.79653557,0,0,False,register_operations_review,public-derived-entity-complete-daily-aggregate
1,2019-05-06,50,96,52.5,12.369792,2.4738013,0.91584964,0,0,False,register_operations_review,public-derived-entity-complete-daily-aggregate
1,2019-05-07,50,96,169.875,14.448958,7.4948317,0.83783199,0,0.010416667,False,register_operations_review,public-derived-entity-complete-daily-aggregate
1,2019-05-08,50,96,159.23958,14.641667,6.5046255,0.88579703,0,0.010416667,False,register_operations_review,public-derived-entity-complete-daily-aggregate
1,2019-05-09,50,96,272.04167,16.833333,10.938393,0.75531488,0,0.020833333,False,register_operations_review,public-derived-entity-complete-daily-aggregate
1,2019-05-10,50,96,241.875,20.384375,7.7605831,0.7129665,7.0833333e-05,0.083333333,False,register_operations_review,public-derived-entity-complete-daily-aggregate
1,2019-05-11,50,96,264.91667,15.289583,11.038914,0.75268012,0,0,False,register_operations_review,public-derived-entity-complete-daily-aggregate
1,2019-05-12,50,96,337.41667,15.296875,13.387445,0.73476011,0,0.010416667,False,register_operations_review,public-derived-entity-complete-daily-aggregate
1,2019-05-13,50,96,311.28125,19.686458,12.087495,0.76091569,0.00045,0,False,register_operations_review,public-derived-entity-complete-daily-aggregate
1,2019-05-14,50,96,254.69792,18.46875,6.1957574,0.61303228,0,0.19791667,False,register_operations_review,public-derived-entity-complete-daily-aggregate
1,2019-05-15,50,96,344.35417,18.704167,11.080175,0.61624152,0.00039583333,0.09375,False,register_operations_review,public-derived-entity-complete-daily-aggregate
1,2019-05-16,50,96,309.90625,19.455208,6.4565262,0.55669026,0.000175,0.25,False,register_operations_review,public-derived-entity-complete-daily-aggregate
1,2019-05-17,50,96,239.5625,14.3,5.9650568,0.58364702,0,0.20833333,False,register_operations_review,public-derived-entity-complete-daily-aggregate
1,2019-05-18,50,96,364.15625,13.328125,14.061823,0.67390319,0,0.03125,False,register_operations_review,public-derived-entity-complete-daily-aggregate
1,2019-05-19,50,96,373.34375,17.298958,11.01463,0.58871619,0.00044166667,0.14583333,False,register_operations_review,public-derived-entity-complete-daily-aggregate
1,2019-05-20,50,96,329.35417,21.875,12.464166,0.72860349,0.0031708333,0.010416667,False,register_operations_review,public-derived-entity-complete-daily-aggregate
1,2019-05-21,50,96,355.57292,24.797917,13.565968,0.70299235,0.0111125,0,False,register_operations_review,public-derived-entity-complete-daily-aggregate
1,2019-05-22,50,96,249.19792,27.290625,9.6473254,0.72749292,0.014716667,0,False,register_operations_review,public-derived-entity-complete-daily-aggregate
1,2019-05-23,50,96,289.5625,27.464583,7.970556,0.6090372,0.012170833,0.010416667,False,register_operations_review,public-derived-entity-complete-daily-aggregate
1,2019-05-24,50,96,301.90625,21.248958,9.7730983,0.67494163,0.00099166667,0.03125,False,register_operations_review,public-derived-entity-complete-daily-aggregate
1,2019-05-25,50,96,369.375,19.601042,14.569408,0.69578293,6.25e-05,0,False,register_operations_review,public-derived-entity-complete-daily-aggregate
1,2019-05-26,50,96,287.57292,19.997917,10.151409,0.71294665,0.00094166667,0.010416667,False,register_operations_review,public-derived-entity-complete-daily-aggregate
1,2019-05-27,50,96,299.67708,22.4,10.958769,0.67650724,0.0045625,0,False,register_operations_review,public-derived-entity-complete-daily-aggregate
1,2019-05-28,50,96,304.60417,24.255208,11.096543,0.69401794,0.0059375,0,False,register_operations_review,public-derived-entity-complete-daily-aggregate
1,2019-05-29,50,96,237.57292,24.636458,9.0298033,0.77253666,0.0043458333,0.010416667,False,register_operations_review,public-derived-entity-complete-daily-aggregate
1,2019-05-30,50,96,295.59375,23.517708,10.772564,0.73059214,0.0037708333,0.041666667,False,register_operations_review,public-derived-entity-complete-daily-aggregate
1,2019-05-31,50,96,353.80208,24.952083,11.933962,0.62432754,0.010191667,0,False,register_operations_review,public-derived-entity-complete-daily-aggregate
1,2019-06-01,50,96,355,27.609375,11.382714,0.61888869,0.013408333,0,False,register_operations_review,public-derived-entity-complete-daily-aggregate
1,2019-06-02,50,96,335.44792,27.677083,10.526258,0.65513086,0.014366667,0.010416667,False,register_operations_review,public-derived-entity-complete-daily-aggregate
1,2019-06-03,50,96,162.64583,25.964583,6.1860624,0.72708417,0.0075291667,0.010416667,False,register_operations_review,public-derived-entity-complete-daily-aggregate
1,2019-06-04,50,96,353.97917,27.365625,12.633509,0.66551046,0.013983333,0,False,register_operations_review,public-derived-entity-complete-daily-aggregate
1,2019-06-05,50,96,321.53125,28.040625,12.334814,0.73487042,0.0139,0,False,register_operations_review,public-derived-entity-complete-daily-aggregate
1,2019-06-06,50,96,314.82292,28.601042,10.838286,0.67269104,0.016145833,0.010416667,False,register_operations_review,public-derived-entity-complete-daily-aggregate
1,2019-06-07,50,96,350.4375,29.655208,12.285114,0.65250279,0.020279167,0,False,register_operations_review,public-derived-entity-complete-daily-aggregate
1,2019-06-08,50,96,300.47917,27.085417,11.68819,0.74408659,0.0098708333,0,False,register_operations_review,public-derived-entity-complete-daily-aggregate
1,2019-06-09,50,96,227.4375,26.526042,8.8710803,0.76325016,0.0087833333,0,False,register_operations_review,public-derived-entity-complete-daily-aggregate
1,2019-06-10,50,96,274.22917,25.553125,11.183491,0.75465766,0.0082708333,0,False,register_operations_review,public-derived-entity-complete-daily-aggregate
1,2019-06-11,50,96,344.28125,28.5625,10.802016,0.61812828,0.0151875,0,False,register_operations_review,public-derived-entity-complete-daily-aggregate
1,2019-06-12,50,96,293.67708,28.726042,10.575255,0.71983994,0.015758333,0,False,register_operations_review,public-derived-entity-complete-daily-aggregate
1,2019-06-13,50,96,87.09375,22.283333,3.5474305,0.75037688,0.0022083333,0,False,register_operations_review,public-derived-entity-complete-daily-aggregate
1,2019-06-14,50,96,348.66667,21.808333,10.529205,0.59399234,0.0030833333,0.09375,False,register_operations_review,public-derived-entity-complete-daily-aggregate
1,2019-06-15,50,96,347.4375,25.377083,12.382263,0.64991135,0.0093041667,0,False,register_operations_review,public-derived-entity-complete-daily-aggregate
1,2019-06-16,50,96,348.15625,28.330208,12.932965,0.65026726,0.01685,0,False,register_operations_review,public-derived-entity-complete-daily-aggregate
1,2019-06-17,50,96,344.1875,28.915625,8.4054442,0.52468879,0.0171,0,False,register_operations_review,public-derived-entity-complete-daily-aggregate
1,2019-06-18,50,96,170.92708,27.010417,7.1194689,0.80022032,0.0089666667,0.010416667,False,register_operations_review,public-derived-entity-complete-daily-aggregate
1,2019-06-19,50,96,150.9375,27.09375,5.1093103,0.7227723,0.011420833,0.041666667,False,register_operations_review,public-derived-entity-complete-daily-aggregate
1,2019-06-20,50,96,111.77083,28.707292,4.9241505,0.84664046,0.014875,0,False,register_operations_review,public-derived-entity-complete-daily-aggregate
1,2019-06-21,50,96,221.3125,26.455208,8.5359636,0.77786247,0.0094708333,0.020833333,False,register_operations_review,public-derived-entity-complete-daily-aggregate
1,2019-06-22,50,96,280.09375,29.021875,10.813021,0.71929318,0.01815,0,False,register_operations_review,public-derived-entity-complete-daily-aggregate
1,2019-06-23,50,96,105.17708,27.467708,4.1327666,0.80124222,0.010541667,0.010416667,False,register_operations_review,public-derived-entity-complete-daily-aggregate
1,2019-06-24,50,96,214.48958,24.630208,7.833206,0.71907161,0.003975,0.010416667,False,register_operations_review,public-derived-entity-complete-daily-aggregate
1,2019-06-25,50,96,331.63542,26.344792,11.896044,0.68862508,0.012133333,0,False,register_operations_review,public-derived-entity-complete-daily-aggregate
1,2019-06-26,50,96,141.11458,25.719792,4.4817027,0.64775594,0.006375,0.072916667,False,register_operations_review,public-derived-entity-complete-daily-aggregate
1,2019-06-27,50,96,358.84375,26.1375,13.673861,0.66480505,0.010195833,0,False,register_operations_review,public-derived-entity-complete-daily-aggregate
1,2019-06-28,50,96,349.5625,28.238542,12.508034,0.64106863,0.016895833,0,False,register_operations_review,public-derived-entity-complete-daily-aggregate
1,2019-06-29,50,96,356.07292,30.466667,11.700184,0.61046323,0.024075,0.010416667,False,register_operations_review,public-derived-entity-complete-daily-aggregate
1,2019-06-30,50,96,354.625,32.508333,13.107244,0.65522875,0.030420833,0,False,register_operations_review,public-derived-entity-complete-daily-aggregate
1,2019-07-01,50,96,353.16667,33.391667,11.460434,0.62156986,0.033570833,0,False,register_operations_review,public-derived-entity-complete-daily-aggregate
1,2019-07-02,50,96,290.05208,33.980208,11.159913,0.73708696,0.035920833,0,False,register_operations_review,public-derived-entity-complete-daily-aggregate
1,2019-07-03,50,96,297.47917,34.616667,9.3119886,0.65757995,0.038466667,0,False,register_operations_review,public-derived-entity-complete-daily-aggregate
1,2019-07-04,50,96,349.92708,34.121875,11.966567,0.63178078,0.0364875,0,False,register_operations_review,public-derived-entity-complete-daily-aggregate
1,2019-07-05,50,96,241.52083,31.376042,8.7732929,0.71614488,0.025504167,0,False,register_operations_review,public-derived-entity-complete-daily-aggregate
1,2019-07-06,50,96,95.5625,27.386458,4.1294082,0.81882605,0.0097916667,0,False,register_operations_review,public-derived-entity-complete-daily-aggregate
1,2019-07-07,50,96,327.04167,25.497917,11.350796,0.68189002,0.0088083333,0.010416667,False,register_operations_review,public-derived-entity-complete-daily-aggregate
1,2019-07-08,50,96,336.77083,29.55625,12.610278,0.67656373,0.0222375,0,False,register_operations_review,public-derived-entity-complete-daily-aggregate
1,2019-07-09,50,96,317.16667,31.697917,11.442061,0.68010102,0.026791667,0,False,register_operations_review,public-derived-entity-complete-daily-aggregate
1,2019-07-10,50,96,331.55208,31.867708,12.487364,0.72259661,0.027470833,0,False,register_operations_review,public-derived-entity-complete-daily-aggregate
1,2019-07-11,50,96,246.125,30.720833,8.0669886,0.69027674,0.022883333,0,False,register_operations_review,public-derived-entity-complete-daily-aggregate
1,2019-07-12,50,96,141.15625,25.582292,5.8103131,0.8087049,0.0042541667,0,False,register_operations_review,public-derived-entity-complete-daily-aggregate
1,2019-07-13,50,96,314.66667,28.403125,11.127903,0.69570492,0.015408333,0,False,register_operations_review,public-derived-entity-complete-daily-aggregate
1,2019-07-14,50,96,340.69792,29.066667,12.808829,0.68215978,0.0183125,0,False,register_operations_review,public-derived-entity-complete-daily-aggregate
1,2019-07-15,50,96,297.94792,30.48125,10.73105,0.67879807,0.0222625,0,False,register_operations_review,public-derived-entity-complete-daily-aggregate
1,2019-07-16,50,96,275.07292,28.548958,10.928382,0.74718132,0.014195833,0,False,register_operations_review,public-derived-entity-complete-daily-aggregate
1,2019-07-17,50,96,91.489583,22.96875,4.1673617,0.81615856,0.0013875,0,False,register_operations_review,public-derived-entity-complete-daily-aggregate
1,2019-07-18,50,96,306.70833,27.327083,11.869523,0.69315629,0.015541667,0,False,register_operations_review,public-derived-entity-complete-daily-aggregate
1,2019-07-19,50,96,330.9375,29.839583,12.469821,0.68611792,0.0209125,0,False,register_operations_review,public-derived-entity-complete-daily-aggregate
1,2019-07-20,50,96,321.1875,30.304167,12.022123,0.70474433,0.021716667,0,False,register_operations_review,public-derived-entity-complete-daily-aggregate
1,2019-07-21,50,96,257.07292,25.153125,8.8767213,0.76792298,0.0061875,0.03125,False,register_operations_review,public-derived-entity-complete-daily-aggregate
1,2019-07-22,50,96,223.77083,25.623958,8.2454928,0.77741641,0.0100125,0.010416667,False,register_operations_review,public-derived-entity-complete-daily-aggregate
1,2019-07-23,50,96,206.69792,25.816667,6.5749818,0.75396623,0.0068875,0,False,register_operations_review,public-derived-entity-complete-daily-aggregate
1,2019-07-24,50,96,326.25,28.551042,12.285021,0.71814967,0.01965,0,False,register_operations_review,public-derived-entity-complete-daily-aggregate
1,2019-07-25,50,96,334.03125,30.330208,12.211827,0.66986725,0.021883333,0,False,register_operations_review,public-derived-entity-complete-daily-aggregate
1,2019-07-26,50,96,210.35417,24.270833,8.3289345,0.77967824,0.0027041667,0.010416667,False,register_operations_review,public-derived-entity-complete-daily-aggregate
1,2019-07-27,50,96,343.41667,26.747917,13.296968,0.69210585,0.012983333,0,False,register_operations_review,public-derived-entity-complete-daily-aggregate
1,2019-07-28,50,96,335.53125,28.754167,12.499472,0.70298555,0.0152,0,False,register_operations_review,public-derived-entity-complete-daily-aggregate
1,2019-07-29,50,96,344.45833,28.189583,13.148232,0.69291301,0.016608333,0,False,register_operations_review,public-derived-entity-complete-daily-aggregate
1,2019-07-30,50,96,305.30208,30.760417,10.7936,0.68693535,0.023170833,0,False,register_operations_review,public-derived-entity-complete-daily-aggregate
1,2019-07-31,50,96,307.54167,32.563542,11.278415,0.72543222,0.030254167,0,False,register_operations_review,public-derived-entity-complete-daily-aggregate
1,2019-08-01,50,96,314.57292,33.780208,11.990105,0.7227232,0.035120833,0,False,register_operations_review,public-derived-entity-complete-daily-aggregate
1,2019-08-02,50,96,202.54167,33.15,7.7427463,0.7758137,0.0326,0,False,register_operations_review,public-derived-entity-complete-daily-aggregate
1,2019-08-03,50,96,345.88542,32.838542,12.88601,0.66113266,0.031354167,0,False,register_operations_review,public-derived-entity-complete-daily-aggregate
1,2019-08-04,50,96,337.55208,33.85625,11.957468,0.64576121,0.035425,0,False,register_operations_review,public-derived-entity-complete-daily-aggregate
1,2019-08-05,50,96,296.86458,34.421875,11.015259,0.69369966,0.0376875,0,False,register_operations_review,public-derived-entity-complete-daily-aggregate
1,2019-08-06,50,96,82.989583,31.04375,3.5108277,0.81046076,0.024175,0,False,register_operations_review,public-derived-entity-complete-daily-aggregate
1,2019-08-07,50,96,155.9375,24.453125,6.5062339,0.77535696,0.0028833333,0,False,register_operations_review,public-derived-entity-complete-daily-aggregate
1,2019-08-08,50,96,340.46875,29.470833,12.150607,0.66172439,0.0201625,0,False,register_operations_review,public-derived-entity-complete-daily-aggregate
1,2019-08-09,50,96,344.35417,31.905208,13.1266,0.68687048,0.028091667,0,False,register_operations_review,public-derived-entity-complete-daily-aggregate
1,2019-08-10,50,96,346.78125,33.789583,13.039734,0.66544144,0.0354875,0,False,register_operations_review,public-derived-entity-complete-daily-aggregate
1,2019-08-11,50,96,134.82292,26.461458,5.8117727,0.80734133,0.0076958333,0,False,register_operations_review,public-derived-entity-complete-daily-aggregate
1,2019-08-12,50,96,342.26042,29.017708,13.411914,0.70500746,0.0179,0,False,register_operations_review,public-derived-entity-complete-daily-aggregate
1,2019-08-13,50,96,339.35417,30.166667,13.047224,0.68498759,0.023495833,0,False,register_operations_review,public-derived-entity-complete-daily-aggregate
1,2019-08-14,50,96,347.45833,31.886458,13.097734,0.67061759,0.028745833,0,False,register_operations_review,public-derived-entity-complete-daily-aggregate
1,2019-08-15,50,96,278.47917,33.470833,10.952323,0.73728458,0.033883333,0,False,register_operations_review,public-derived-entity-complete-daily-aggregate
1,2019-08-16,50,96,334.51042,31.236458,10.575809,0.61534804,0.024945833,0,False,register_operations_review,public-derived-entity-complete-daily-aggregate
1,2019-08-17,50,96,294.8125,30.176042,10.246918,0.68452043,0.0208375,0,False,register_operations_review,public-derived-entity-complete-daily-aggregate
1,2019-08-18,50,96,146.125,28.416667,5.8036755,0.75435296,0.0140375,0,False,register_operations_review,public-derived-entity-complete-daily-aggregate
1,2019-08-19,50,96,285.23958,24.5625,10.437514,0.73071907,0.0056083333,0,False,register_operations_review,public-derived-entity-complete-daily-aggregate
1,2019-08-20,50,96,281.45833,26.388542,11.511379,0.76651871,0.0089,0,False,register_operations_review,public-derived-entity-complete-daily-aggregate
1,2019-08-21,50,96,281.32292,27.822917,10.117769,0.70865517,0.012216667,0.010416667,False,register_operations_review,public-derived-entity-complete-daily-aggregate
1,2019-08-22,50,96,271.69792,28.138542,9.9608511,0.71805674,0.0146875,0.010416667,False,register_operations_review,public-derived-entity-complete-daily-aggregate
1,2019-08-23,50,96,318.84375,28.93125,12.27472,0.7159469,0.017154167,0,False,register_operations_review,public-derived-entity-complete-daily-aggregate
1,2019-08-24,50,96,330.34375,29.557292,12.852515,0.69688157,0.019116667,0,False,register_operations_review,public-derived-entity-complete-daily-aggregate
1,2019-08-25,50,96,316.44792,27.423958,11.179686,0.67772815,0.010008333,0,False,register_operations_review,public-derived-entity-complete-daily-aggregate
1,2019-08-26,50,96,286.54167,27.605208,10.181421,0.69513751,0.012741667,0,False,register_operations_review,public-derived-entity-complete-daily-aggregate
1,2019-08-27,50,96,335.76042,28.8,13.104093,0.70928321,0.018329167,0,False,register_operations_review,public-derived-entity-complete-daily-aggregate
1,2019-08-28,50,96,326.42708,31.721875,11.976529,0.6899677,0.026891667,0,False,register_operations_review,public-derived-entity-complete-daily-aggregate
1,2019-08-29,50,96,245.35417,32.665625,8.6687532,0.7503278,0.0306625,0,False,register_operations_review,public-derived-entity-complete-daily-aggregate
1,2019-08-30,50,96,318.89583,32.561458,12.178157,0.7156188,0.030358333,0,False,register_operations_review,public-derived-entity-complete-daily-aggregate
1,2019-08-31,50,96,336.19792,33.315625,12.942039,0.70928517,0.0332625,0,False,register_operations_review,public-derived-entity-complete-daily-aggregate
1,2019-09-01,50,96,260.97917,31.878125,9.1547366,0.71197005,0.027616667,0,False,register_operations_review,public-derived-entity-complete-daily-aggregate
1,2019-09-02,50,96,309.60417,31.180208,11.419964,0.7063553,0.025254167,0,False,register_operations_review,public-derived-entity-complete-daily-aggregate
1,2019-09-03,50,96,327.54167,29.689583,6.7201109,0.46297578,0.0187625,0.052083333,False,register_operations_review,public-derived-entity-complete-daily-aggregate
1,2019-09-04,50,96,316.80208,28.872917,12.598027,0.75208002,0.017291667,0,False,register_operations_review,public-derived-entity-complete-daily-aggregate
1,2019-09-05,50,96,324.45833,30.469792,10.645949,0.64128441,0.021925,0,False,register_operations_review,public-derived-entity-complete-daily-aggregate
1,2019-09-06,50,96,327.75,27.379167,11.904316,0.69447844,0.012070833,0,False,register_operations_review,public-derived-entity-complete-daily-aggregate
1,2019-09-07,50,96,39.166667,29.504167,7.4163379,0.72330006,0.018033333,0,False,register_operations_review,public-derived-entity-complete-daily-aggregate
1,2019-09-08,50,96,133.27083,22.663542,5.3996012,0.80844705,0.00088333333,0.010416667,False,register_operations_review,public-derived-entity-complete-daily-aggregate
1,2019-09-09,50,96,333.02083,24.783333,13.136277,0.71274332,0.0090375,0,False,register_operations_review,public-derived-entity-complete-daily-aggregate
1,2019-09-10,50,96,339.85417,26.705208,13.638747,0.7153938,0.011545833,0,False,register_operations_review,public-derived-entity-complete-daily-aggregate
1,2019-09-11,50,96,119.48958,18.316667,4.7753673,0.80667237,0.00013333333,0,False,register_operations_review,public-derived-entity-complete-daily-aggregate
1,2019-09-12,50,96,339.30208,16.307292,12.294659,0.69788936,0,0,False,register_operations_review,public-derived-entity-complete-daily-aggregate
1,2019-09-13,50,96,338.02083,17.847917,13.680729,0.75055699,0,0,False,register_operations_review,public-derived-entity-complete-daily-aggregate
1,2019-09-14,50,96,322.38542,20.230208,12.58686,0.72807119,0.0007375,0,False,register_operations_review,public-derived-entity-complete-daily-aggregate
1,2019-09-15,50,96,338.01042,21.626042,13.355341,0.74412482,0.0026583333,0,False,register_operations_review,public-derived-entity-complete-daily-aggregate
1,2019-09-16,50,96,339.54167,22.147917,13.513413,0.74548101,0.0031,0,False,register_operations_review,public-derived-entity-complete-daily-aggregate
1,2019-09-17,50,96,300.22917,24.072917,11.399068,0.7341519,0.0063708333,0,False,register_operations_review,public-derived-entity-complete-daily-aggregate
1,2019-09-18,50,96,172.61458,23.305208,6.8983164,0.79866773,0.001325,0.010416667,False,register_operations_review,public-derived-entity-complete-daily-aggregate
1,2019-09-19,50,96,295.33333,23.375,6.018427,0.50805767,0.0050166667,0.20833333,False,register_operations_review,public-derived-entity-complete-daily-aggregate
1,2019-09-20,50,96,279.58333,24.180208,10.880895,0.74406122,0.0063833333,0,False,register_operations_review,public-derived-entity-complete-daily-aggregate
1,2019-09-21,50,96,287.26042,24.54375,10.837793,0.73481739,0.0076583333,0.03125,False,register_operations_review,public-derived-entity-complete-daily-aggregate
1,2019-09-22,50,96,314.875,25.389583,12.010366,0.72814334,0.010825,0,False,register_operations_review,public-derived-entity-complete-daily-aggregate
1,2019-09-23,50,96,305.29167,26.66875,10.812608,0.71172622,0.011604167,0.010416667,False,register_operations_review,public-derived-entity-complete-daily-aggregate
1,2019-09-24,50,96,324.96875,26.611458,12.257157,0.71782845,0.013041667,0,False,register_operations_review,public-derived-entity-complete-daily-aggregate
1,2019-09-25,50,96,324.34375,26.655208,12.304274,0.7185051,0.0126875,0,False,register_operations_review,public-derived-entity-complete-daily-aggregate
1,2019-09-26,50,96,321.17708,26.501042,11.673391,0.69938539,0.012758333,0,False,register_operations_review,public-derived-entity-complete-daily-aggregate
1,2019-09-27,50,96,297.5625,26.225,6.9289511,0.54901491,0.012066667,0.041666667,False,register_operations_review,public-derived-entity-complete-daily-aggregate
1,2019-09-28,50,96,277.86458,26.058333,9.7326636,0.72904021,0.011516667,0,False,register_operations_review,public-derived-entity-complete-daily-aggregate
1,2019-09-29,50,96,296.55208,26.072917,11.11076,0.71670878,0.010295833,0,False,register_operations_review,public-derived-entity-complete-daily-aggregate
1,2019-09-30,50,96,315.20833,26.889583,4.4293395,0.38090771,0.01345,0.010416667,False,register_operations_review,public-derived-entity-complete-daily-aggregate
1,2019-10-01,50,96,307.04167,19.35625,8.3239255,0.56920177,0,0.17708333,False,register_operations_review,public-derived-entity-complete-daily-aggregate
1,2019-10-02,50,96,233.46875,17.173958,7.4044852,0.66730474,0,0.041666667,False,register_operations_review,public-derived-entity-complete-daily-aggregate
1,2019-10-03,50,96,315.9375,15.870833,13.151787,0.78395475,0,0,False,register_operations_review,public-derived-entity-complete-daily-aggregate
1,2019-10-04,50,96,302.46875,17.19375,12.169382,0.75778984,0,0,False,register_operations_review,public-derived-entity-complete-daily-aggregate
1,2019-10-05,50,96,269.03125,15.566667,11.112913,0.80277997,0,0,False,register_operations_review,public-derived-entity-complete-daily-aggregate
1,2019-10-06,50,96,320.90625,17.425,12.696101,0.75599904,0,0,False,register_operations_review,public-derived-entity-complete-daily-aggregate
1,2019-10-07,50,96,308.9375,18.169792,12.275634,0.76403795,0,0,False,register_operations_review,public-derived-entity-complete-daily-aggregate
1,2019-10-08,50,96,262.85417,18.328125,10.138399,0.75693768,5e-05,0,False,register_operations_review,public-derived-entity-complete-daily-aggregate
1,2019-10-09,50,96,255.53125,18.454167,9.996217,0.77228117,0.00015,0.010416667,False,register_operations_review,public-derived-entity-complete-daily-aggregate
1,2019-10-10,50,96,296.97917,18.05625,11.598898,0.73870006,4.1666667e-06,0,False,register_operations_review,public-derived-entity-complete-daily-aggregate
1,2019-10-11,50,96,270.26042,18.19375,9.5766226,0.70707227,0,0.03125,False,register_operations_review,public-derived-entity-complete-daily-aggregate
1,2019-10-12,50,96,234.30208,18.597917,9.1792386,0.81185528,0,0.020833333,False,register_operations_review,public-derived-entity-complete-daily-aggregate
1,2019-10-13,50,96,210.02083,17.292708,8.0535053,0.83527177,0,0.0625,False,register_operations_review,public-derived-entity-complete-daily-aggregate
1,2019-10-14,50,96,298.36458,13.5625,12.12723,0.77152503,0,0,False,register_operations_review,public-derived-entity-complete-daily-aggregate
1,2019-10-15,50,96,287.55208,14.31875,11.347711,0.75727895,0,0,False,register_operations_review,public-derived-entity-complete-daily-aggregate
1,2019-10-16,50,96,77.65625,11.391667,2.9635236,0.7718419,0,0,False,register_operations_review,public-derived-entity-complete-daily-aggregate
1,2019-10-17,50,96,303.13542,13.585417,12.097635,0.7635258,0,0,False,register_operations_review,public-derived-entity-complete-daily-aggregate
1,2019-10-18,50,96,222.71875,13.894792,7.1991477,0.72254772,0,0.0625,False,register_operations_review,public-derived-entity-complete-daily-aggregate
1,2019-10-19,50,96,313.86458,7.9645833,12.705959,0.76481295,0,0,False,register_operations_review,public-derived-entity-complete-daily-aggregate
1,2019-10-20,50,96,318.34375,9.234375,12.821682,0.76003122,0,0,False,register_operations_review,public-derived-entity-complete-daily-aggregate
1,2019-10-21,50,96,307.39583,12.446875,12.181215,0.75264658,0,0,False,register_operations_review,public-derived-entity-complete-daily-aggregate
1,2019-10-22,50,96,164.72917,7.7510417,6.359913,0.78721316,0,0,False,register_operations_review,public-derived-entity-complete-daily-aggregate
1,2019-10-23,50,96,310.65625,2.9708333,0,,0,0,False,register_operations_review,public-derived-entity-complete-daily-aggregate
1,2019-10-24,50,96,316.46875,4.165625,0,,0,0,False,register_operations_review,public-derived-entity-complete-daily-aggregate
1,2019-10-25,50,96,299.42708,6.7489583,12.093691,0.75617198,0,0,False,register_operations_review,public-derived-entity-complete-daily-aggregate
1,2019-10-26,50,96,288.44792,7.771875,11.494863,0.76259237,0,0,False,register_operations_review,public-derived-entity-complete-daily-aggregate
1,2019-10-27,50,96,267.15625,9.0479167,10.486078,0.75502767,0,0,False,register_operations_review,public-derived-entity-complete-daily-aggregate
1,2019-10-28,50,96,285.60417,10.60625,11.316659,0.74704207,0,0,False,register_operations_review,public-derived-entity-complete-daily-aggregate
1,2019-10-29,50,96,279.36458,9.5125,10.693855,0.73663132,0,0,False,register_operations_review,public-derived-entity-complete-daily-aggregate
1,2019-10-30,50,96,286.61458,11.633333,11.400643,0.73795461,0,0,False,register_operations_review,public-derived-entity-complete-daily-aggregate
1,2019-10-31,50,96,295.20833,12.801042,11.575225,0.71930455,0,0,False,register_operations_review,public-derived-entity-complete-daily-aggregate
1,2019-11-01,50,96,285.71875,12.220833,11.243491,0.73586043,0,0,False,register_operations_review,public-derived-entity-complete-daily-aggregate
1,2019-11-02,50,96,279.96875,11.830208,10.949071,0.72576114,0,0,False,register_operations_review,public-derived-entity-complete-daily-aggregate
1,2019-11-03,50,96,248.60417,11.260417,9.8101628,0.77325422,0,0,False,register_operations_review,public-derived-entity-complete-daily-aggregate
1,2019-11-04,50,96,243.67708,13.46875,9.6077491,0.75116643,0,0,False,register_operations_review,public-derived-entity-complete-daily-aggregate
1,2019-11-05,50,96,243.57292,11.954167,9.7018058,0.73944514,0,0.010416667,False,register_operations_review,public-derived-entity-complete-daily-aggregate
1,2019-11-06,50,96,250.52083,11.386458,10.174331,0.74820622,0,0,False,register_operations_review,public-derived-entity-complete-daily-aggregate
1,2019-11-07,50,96,220.92708,10.472917,8.791479,0.76098338,0,0.010416667,False,register_operations_review,public-derived-entity-complete-daily-aggregate
1,2019-11-08,50,96,234.14583,8.2822917,8.7524588,0.72450514,0,0.010416667,False,register_operations_review,public-derived-entity-complete-daily-aggregate
1,2019-11-09,50,96,275.85417,5.4708333,8.4175581,0.59920646,0,0.11458333,False,register_operations_review,public-derived-entity-complete-daily-aggregate
1,2019-11-10,50,96,264.375,7.0583333,10.348849,0.7181475,0,0.010416667,False,register_operations_review,public-derived-entity-complete-daily-aggregate
1,2019-11-11,50,96,218.6875,6.31875,8.6296115,0.7620482,0,0,False,register_operations_review,public-derived-entity-complete-daily-aggregate
1,2019-11-12,50,96,142.17708,4.69375,5.0174512,0.72222933,0,0.010416667,False,register_operations_review,public-derived-entity-complete-daily-aggregate
1,2019-11-13,50,96,258.46875,4.9510417,10.628377,0.73512059,0,0.010416667,False,register_operations_review,public-derived-entity-complete-daily-aggregate
1,2019-11-14,50,96,231.03125,4.85,9.4759879,0.75831326,0,0.010416667,False,register_operations_review,public-derived-entity-complete-daily-aggregate
1,2019-11-15,50,96,168.28125,3.7708333,6.8642811,0.80974288,0,0.010416667,False,register_operations_review,public-derived-entity-complete-daily-aggregate
1,2019-11-16,50,96,105.76042,1.1697917,4.6194207,0.86199926,0,0,False,register_operations_review,public-derived-entity-complete-daily-aggregate
1,2019-11-17,50,96,243.875,-3.3197917,10.168785,0.76529679,0,0.010416667,False,register_operations_review,public-derived-entity-complete-daily-aggregate
1,2019-11-18,50,96,249.94792,-2.5052083,10.339009,0.75777983,0,0.010416667,False,register_operations_review,public-derived-entity-complete-daily-aggregate
1,2019-11-19,50,96,231.4375,-0.15729167,9.5653851,0.77163236,0,0,False,register_operations_review,public-derived-entity-complete-daily-aggregate
1,2019-11-20,50,96,241.14583,0.29895833,9.9783066,0.76637527,0,0.010416667,False,register_operations_review,public-derived-entity-complete-daily-aggregate
1,2019-11-21,50,96,190.40625,-0.17395833,7.7007852,0.77916561,0,0.010416667,False,register_operations_review,public-derived-entity-complete-daily-aggregate
1,2019-11-22,50,96,166.96875,-1.3333333,4.5516526,0.58435538,0,0.10416667,False,register_operations_review,public-derived-entity-complete-daily-aggregate
1,2019-11-23,50,96,259.57292,-4.6666667,8.8048685,0.62994867,0,0.041666667,False,register_operations_review,public-derived-entity-complete-daily-aggregate
1,2019-11-24,50,96,260.8125,-3.9197917,9.4166635,0.64845196,0,0.020833333,False,register_operations_review,public-derived-entity-complete-daily-aggregate
1,2019-11-25,50,96,139.20833,-3.1666667,6.3515936,0.86242147,0,0.020833333,False,register_operations_review,public-derived-entity-complete-daily-aggregate
1,2019-11-26,50,96,165.1875,-1.1354167,6.8821386,0.76939529,0,0.020833333,False,register_operations_review,public-derived-entity-complete-daily-aggregate
1,2019-11-27,50,96,186.07292,-1.69375,8.2076546,0.80873736,0,0.010416667,False,register_operations_review,public-derived-entity-complete-daily-aggregate
1,2019-11-28,50,96,80.166667,-2.4666667,3.4043561,0.82242789,0,0.020833333,False,register_operations_review,public-derived-entity-complete-daily-aggregate
1,2019-11-29,50,96,117.98958,-3.2177083,5.4785283,0.89991603,0,0,False,register_operations_review,public-derived-entity-complete-daily-aggregate
1,2019-11-30,50,96,234.5625,-4.3979167,9.7059587,0.71900461,0,0.03125,False,register_operations_review,public-derived-entity-complete-daily-aggregate
1,2019-12-01,50,96,243.1875,-3.2854167,9.8775247,0.70517977,0,0.041666667,False,register_operations_review,public-derived-entity-complete-daily-aggregate
1,2019-12-02,50,96,234.38542,-2.7510417,9.6120893,0.71198479,0,0.03125,False,register_operations_review,public-derived-entity-complete-daily-aggregate
1,2019-12-03,50,96,202.35417,-2.0697917,8.4192484,0.73348979,0,0.010416667,False,register_operations_review,public-derived-entity-complete-daily-aggregate
1,2019-12-04,50,96,215.85417,-2.4239583,7.7578018,0.66191203,0,0.0625,False,register_operations_review,public-derived-entity-complete-daily-aggregate
1,2019-12-05,50,96,232.34375,-3.5395833,9.6014573,0.72424711,0,0.041666667,False,register_operations_review,public-derived-entity-complete-daily-aggregate
1,2019-12-06,50,96,206.125,-3.0614583,8.3965749,0.74302822,0,0.041666667,False,register_operations_review,public-derived-entity-complete-daily-aggregate
1,2019-12-07,50,96,170.57292,-2.296875,6.9423296,0.75001368,0,0.020833333,False,register_operations_review,public-derived-entity-complete-daily-aggregate
1,2019-12-08,50,96,214.96875,-2.3239583,8.801885,0.71094171,0,0.041666667,False,register_operations_review,public-derived-entity-complete-daily-aggregate
1,2019-12-09,50,96,217.53125,-1.2625,8.87779,0.72649761,0,0.03125,False,register_operations_review,public-derived-entity-complete-daily-aggregate
1,2019-12-10,50,96,218.84375,-2.575,9.0074401,0.71173211,0,0.03125,False,register_operations_review,public-derived-entity-complete-daily-aggregate
1,2019-12-11,50,96,225.34375,-3.7989583,9.1406143,0.69532631,0,0.041666667,False,register_operations_review,public-derived-entity-complete-daily-aggregate
1,2019-12-12,50,96,218.77083,-4.046875,8.7156158,0.68719653,0,0.041666667,False,register_operations_review,public-derived-entity-complete-daily-aggregate
1,2019-12-13,50,96,214.59375,-3.2197917,8.9040067,0.71974436,0,0.020833333,False,register_operations_review,public-derived-entity-complete-daily-aggregate
1,2019-12-14,50,96,125.75,-4.1479167,5.345318,0.82916854,0,0.020833333,False,register_operations_review,public-derived-entity-complete-daily-aggregate
1,2019-12-15,50,96,189.64583,-3.7322917,7.7787136,0.74515138,0,0,False,register_operations_review,public-derived-entity-complete-daily-aggregate
1,2019-12-16,50,96,116.78125,-4.109375,5.0054999,0.79416021,0,0,False,register_operations_review,public-derived-entity-complete-daily-aggregate
1,2019-12-17,50,96,68.197917,-3.4729167,2.7795437,0.8457819,0,0.020833333,False,register_operations_review,public-derived-entity-complete-daily-aggregate
1,2019-12-18,50,96,60.427083,-3.2166667,2.1713999,0.67366221,0,0.052083333,False,register_operations_review,public-derived-entity-complete-daily-aggregate
1,2019-12-19,50,96,82.5625,-4.646875,3.6260701,0.79490467,0,0.010416667,False,register_operations_review,public-derived-entity-complete-daily-aggregate
1,2019-12-20,50,96,123.44792,-4.190625,5.0931547,0.75588475,0,0.010416667,False,register_operations_review,public-derived-entity-complete-daily-aggregate
1,2019-12-21,50,96,173.71875,-6.303125,6.7689699,0.69776509,0,0.041666667,False,register_operations_review,public-derived-entity-complete-daily-aggregate
1,2019-12-22,50,96,151.75,-7.2166667,4.1654666,0.45391912,0,0.10416667,False,register_operations_review,public-derived-entity-complete-daily-aggregate
1,2019-12-23,50,96,162.23958,-6.2635417,6.5005866,0.73459979,0,0.010416667,False,register_operations_review,public-derived-entity-complete-daily-aggregate
1,2019-12-24,50,96,28.395833,-7.0729167,1.2392701,0.78994216,0,0,False,register_operations_review,public-derived-entity-complete-daily-aggregate
1,2019-12-25,50,96,196.35417,-8.0010417,6.008461,0.54847584,0,0.10416667,False,register_operations_review,public-derived-entity-complete-daily-aggregate
1,2019-12-26,50,96,210.94792,-6.8854167,7.609506,0.66720465,0,0.03125,False,register_operations_review,public-derived-entity-complete-daily-aggregate
1,2019-12-27,50,96,211.73958,-6.1020833,8.8575657,0.7739677,0,0.03125,False,register_operations_review,public-derived-entity-complete-daily-aggregate
1,2019-12-28,50,96,201.21875,-7.55,8.4058491,0.74452766,0,0.03125,False,register_operations_review,public-derived-entity-complete-daily-aggregate
1,2019-12-29,50,96,156.89583,-7.6760417,6.6934589,0.76180056,0,0.03125,False,register_operations_review,public-derived-entity-complete-daily-aggregate
1,2019-12-30,50,96,223.61458,-8.1645833,4.6175992,0.41632302,0,0.20833333,False,register_operations_review,public-derived-entity-complete-daily-aggregate
1,2019-12-31,50,96,216.79167,-7.50625,9.0727914,0.75835032,0,0.052083333,False,register_operations_review,public-derived-entity-complete-daily-aggregate
1,2020-01-01,50,96,105.45833,-5.0489583,4.5977214,0.81063262,0,0,False,register_operations_review,public-derived-entity-complete-daily-aggregate
1,2020-01-02,50,96,210.25,-4.0572917,8.6923219,0.72880634,0,0.03125,False,register_operations_review,public-derived-entity-complete-daily-aggregate
1,2020-01-03,50,96,174.29167,-5.7510417,7.4642464,0.74481789,0,0.020833333,False,register_operations_review,public-derived-entity-complete-daily-aggregate
1,2020-01-04,50,96,216.66667,-6.9760417,9.072447,0.70633167,0,0.052083333,False,register_operations_review,public-derived-entity-complete-daily-aggregate
1,2020-01-05,50,96,219.02083,-6.8354167,9.1869457,0.708804,0,0.052083333,False,register_operations_review,public-derived-entity-complete-daily-aggregate
1,2020-01-06,50,96,171.52083,-6.0916667,7.3991699,0.77405213,0,0,False,register_operations_review,public-derived-entity-complete-daily-aggregate
1,2020-01-07,50,96,207.94792,-6.95,8.7196761,0.74419091,0,0.03125,False,register_operations_review,public-derived-entity-complete-daily-aggregate
1,2020-01-08,50,96,222.1875,-6.7291667,9.271399,0.77192458,0,0.03125,False,register_operations_review,public-derived-entity-complete-daily-aggregate
1,2020-01-09,50,96,158.85417,-6.7229167,6.3917158,0.77092335,0,0.03125,False,register_operations_review,public-derived-entity-complete-daily-aggregate
1,2020-01-10,50,96,205.61458,-4.715625,8.3718199,0.7200622,0,0.03125,False,register_operations_review,public-derived-entity-complete-daily-aggregate
1,2020-01-11,50,96,175,-8.0114583,7.3075268,0.77125378,0,0,False,register_operations_review,public-derived-entity-complete-daily-aggregate
1,2020-01-12,50,96,232.53125,-6.6864583,9.5360205,0.73543342,0,0.020833333,False,register_operations_review,public-derived-entity-complete-daily-aggregate
1,2020-01-13,50,96,236.48958,-6.7822917,10.046042,0.78504953,0,0.020833333,False,register_operations_review,public-derived-entity-complete-daily-aggregate
1,2020-01-14,50,96,56.614583,-5.9104167,2.4655819,0.82122756,0,0,False,register_operations_review,public-derived-entity-complete-daily-aggregate
1,2020-01-15,50,96,119.29167,-3.5385417,4.8679214,0.74267844,0,0,False,register_operations_review,public-derived-entity-complete-daily-aggregate
1,2020-01-16,50,96,198.96875,-6.409375,7.2285574,0.7028783,0,0.052083333,False,register_operations_review,public-derived-entity-complete-daily-aggregate
1,2020-01-17,50,96,62.75,-8.2572917,3.0455138,0.89756222,0,0,False,register_operations_review,public-derived-entity-complete-daily-aggregate
1,2020-01-18,50,96,178.03125,-7.3854167,5.7099193,0.5456537,0,0.052083333,False,register_operations_review,public-derived-entity-complete-daily-aggregate
1,2020-01-19,50,96,134.52083,-8.9802083,5.1267506,0.75871615,0,0.020833333,False,register_operations_review,public-derived-entity-complete-daily-aggregate
1,2020-01-20,50,96,198.85417,-9.025,9.3032234,0.86419024,0,0,False,register_operations_review,public-derived-entity-complete-daily-aggregate
1,2020-01-21,50,96,120.26042,-8.6447917,5.2637797,0.8343287,0,0.010416667,False,register_operations_review,public-derived-entity-complete-daily-aggregate
1,2020-01-22,50,96,190.57292,-10.135417,8.9235533,0.79514064,0,0.041666667,False,register_operations_review,public-derived-entity-complete-daily-aggregate
1,2020-01-23,50,96,182.04167,-12.70625,8.0909741,0.80791956,0,0,False,register_operations_review,public-derived-entity-complete-daily-aggregate
1,2020-01-24,50,96,243.13542,-10.54375,9.8162588,0.73944295,0,0.010416667,False,register_operations_review,public-derived-entity-complete-daily-aggregate
1,2020-01-25,50,96,193.625,-14.192708,7.986349,0.77036035,0,0.010416667,False,register_operations_review,public-derived-entity-complete-daily-aggregate
1,2020-01-26,50,96,223.66667,-11.246875,10.211227,0.86439113,0,0,False,register_operations_review,public-derived-entity-complete-daily-aggregate
1,2020-01-27,50,96,244.33333,-10.795833,10.446968,0.78281783,0,0.010416667,False,register_operations_review,public-derived-entity-complete-daily-aggregate
1,2020-01-28,50,96,259.27083,-11.115625,10.82718,0.7501476,0,0,False,register_operations_review,public-derived-entity-complete-daily-aggregate
1,2020-01-29,50,96,255.45833,-10.641667,10.732456,0.75862419,0,0.010416667,False,register_operations_review,public-derived-entity-complete-daily-aggregate
1,2020-01-30,50,96,259.22917,-11.126042,10.974603,0.75579611,0,0.010416667,False,register_operations_review,public-derived-entity-complete-daily-aggregate
1,2020-01-31,50,96,256.0625,-10.829167,10.90837,0.7816548,0,0.010416667,False,register_operations_review,public-derived-entity-complete-daily-aggregate
1,2020-02-01,50,96,265.98958,-8.48125,10.863474,0.75855816,0,0.010416667,False,register_operations_review,public-derived-entity-complete-daily-aggregate
1,2020-02-02,50,96,269.59375,-9.7385417,8.6467741,0.63875578,0,0.083333333,False,register_operations_review,public-derived-entity-complete-daily-aggregate
1,2020-02-03,50,96,254.26042,-9.15625,10.744053,0.77609836,0,0,False,register_operations_review,public-derived-entity-complete-daily-aggregate
1,2020-02-04,50,96,231.77083,-10.195833,10.030034,0.82114076,0,0,False,register_operations_review,public-derived-entity-complete-daily-aggregate
1,2020-02-05,50,96,246.78125,-8.6333333,10.478745,0.80076123,0,0,False,register_operations_review,public-derived-entity-complete-daily-aggregate
1,2020-02-06,50,96,276.36458,-7.4697917,11.723274,0.7927821,0,0.010416667,False,register_operations_review,public-derived-entity-complete-daily-aggregate
1,2020-02-07,50,96,271.16667,-6.4708333,11.279014,0.76560083,0,0.010416667,False,register_operations_review,public-derived-entity-complete-daily-aggregate
1,2020-02-08,50,96,283.84375,-3.9458333,11.594089,0.75313271,0,0.010416667,False,register_operations_review,public-derived-entity-complete-daily-aggregate
1,2020-02-09,50,96,299.86458,-2.45,6.9951401,0.51256491,0,0.15625,False,register_operations_review,public-derived-entity-complete-daily-aggregate
1,2020-02-10,50,96,285.83333,-4.3041667,7.2873372,0.58563672,0,0.15625,False,register_operations_review,public-derived-entity-complete-daily-aggregate
1,2020-02-11,50,96,261,-2.3416667,9.8859608,0.72151847,0,0.010416667,False,register_operations_review,public-derived-entity-complete-daily-aggregate
1,2020-02-12,50,96,251.92708,-4.346875,6.2689074,0.56209512,0,0.16666667,False,register_operations_review,public-derived-entity-complete-daily-aggregate
1,2020-02-13,50,96,313.34375,-2.09375,6.2130186,0.46727178,0,0.21875,False,register_operations_review,public-derived-entity-complete-daily-aggregate
1,2020-02-14,50,96,315.11458,-3.5822917,4.2693582,0.39175828,0,0.27083333,False,register_operations_review,public-derived-entity-complete-daily-aggregate
1,2020-02-15,50,96,316.3125,-4.8375,4.999611,0.43482035,0,0.25,False,register_operations_review,public-derived-entity-complete-daily-aggregate
1,2020-02-16,50,96,221.0625,-4.196875,9.459283,0.82141304,0,0,False,register_operations_review,public-derived-entity-complete-daily-aggregate
1,2020-02-17,50,96,133.89583,-2.6135417,5.7046401,0.81697663,0,0,False,register_operations_review,public-derived-entity-complete-daily-aggregate
1,2020-02-18,50,96,259.63542,-1.071875,10.541173,0.78917535,0,0,False,register_operations_review,public-derived-entity-complete-daily-aggregate
1,2020-02-19,50,96,49.875,-3.190625,2.2458986,0.86756004,0,0,False,register_operations_review,public-derived-entity-complete-daily-aggregate
1,2020-02-20,50,96,118.76042,-1.24375,3.7882304,0.72101037,0,0.083333333,False,register_operations_review,public-derived-entity-complete-daily-aggregate
1,2020-02-21,50,96,251.53125,1.6145833,4.6469922,0.48237572,0,0.20833333,False,register_operations_review,public-derived-entity-complete-daily-aggregate
1,2020-02-22,50,96,264.375,2.8020833,7.1290019,0.61209672,0,0.14583333,False,register_operations_review,public-derived-entity-complete-daily-aggregate
1,2020-02-23,50,96,235.36458,2.2395833,3.8023686,0.4852333,0,0.21875,False,register_operations_review,public-derived-entity-complete-daily-aggregate
1,2020-02-24,50,96,224.52083,4.496875,6.8257415,0.65582563,0,0.13541667,False,register_operations_review,public-derived-entity-complete-daily-aggregate
1,2020-02-25,50,96,309.45833,6.5520833,12.56122,0.80076146,0,0,False,register_operations_review,public-derived-entity-complete-daily-aggregate
1,2020-02-26,50,96,292.22917,6.5385417,10.522407,0.72050168,0,0.0625,False,register_operations_review,public-derived-entity-complete-daily-aggregate
1,2020-02-27,50,96,293.39583,7.8677083,11.780643,0.79511575,0,0,False,register_operations_review,public-derived-entity-complete-daily-aggregate
1,2020-02-28,50,96,100.71875,6.0302083,4.6487582,0.88327007,0,0,False,register_operations_review,public-derived-entity-complete-daily-aggregate
1,2020-02-29,50,96,326.94792,4.146875,10.94076,0.6861475,0,0.072916667,False,register_operations_review,public-derived-entity-complete-daily-aggregate
1,2020-03-01,50,96,332.41667,4.1135417,13.343086,0.76732723,0,0,False,register_operations_review,public-derived-entity-complete-daily-aggregate
1,2020-03-02,50,96,330.80208,4.4635417,13.321533,0.77011409,0,0,False,register_operations_review,public-derived-entity-complete-daily-aggregate
1,2020-03-03,50,96,331.125,7.24375,13.245643,0.76368951,0,0,False,register_operations_review,public-derived-entity-complete-daily-aggregate
1,2020-03-04,50,96,297.125,7.43125,8.9281635,0.63364911,0,0.13541667,False,register_operations_review,public-derived-entity-complete-daily-aggregate
1,2020-03-05,50,96,263.02083,5.5364583,8.9821462,0.69263966,0,0.020833333,False,register_operations_review,public-derived-entity-complete-daily-aggregate
1,2020-03-06,50,96,316.97917,6.9135417,12.463997,0.7616111,0,0,False,register_operations_review,public-derived-entity-complete-daily-aggregate
1,2020-03-07,50,96,200.75,7.1260417,7.0663178,0.72766477,0,0,False,register_operations_review,public-derived-entity-complete-daily-aggregate
1,2020-03-08,50,96,91.458333,-1.13125,4.6277242,0.94932803,0,0,False,register_operations_review,public-derived-entity-complete-daily-aggregate
1,2020-03-09,50,96,327.70833,-2.9677083,14.137178,0.81980867,0,0,False,register_operations_review,public-derived-entity-complete-daily-aggregate
1,2020-03-10,50,96,307.625,2.25625,12.574926,0.79857145,0,0,False,register_operations_review,public-derived-entity-complete-daily-aggregate
1,2020-03-11,50,96,284.01042,2.7625,10.34678,0.73148101,0,0,False,register_operations_review,public-derived-entity-complete-daily-aggregate
1,2020-03-12,50,96,301.45833,2.5583333,12.818755,0.83550584,0,0,False,register_operations_review,public-derived-entity-complete-daily-aggregate
1,2020-03-13,50,96,341.88542,4.096875,13.99674,0.80032865,0,0,False,register_operations_review,public-derived-entity-complete-daily-aggregate
1,2020-03-14,50,96,328.59375,4.915625,13.368474,0.79386702,0,0,False,register_operations_review,public-derived-entity-complete-daily-aggregate
1,2020-03-15,50,96,313.88542,7.24375,12.685318,0.80150624,0,0,False,register_operations_review,public-derived-entity-complete-daily-aggregate
1,2020-03-16,50,96,338.92708,8.5489583,13.505724,0.77279621,0,0,False,register_operations_review,public-derived-entity-complete-daily-aggregate
1,2020-03-17,50,96,321.03125,11.064583,11.98472,0.73524251,0,0,False,register_operations_review,public-derived-entity-complete-daily-aggregate
1,2020-03-18,50,96,259.85417,12.44375,10.462464,0.78499777,0,0,False,register_operations_review,public-derived-entity-complete-daily-aggregate
1,2020-03-19,50,96,307.97917,13.039583,10.79713,0.70640644,0,0,False,register_operations_review,public-derived-entity-complete-daily-aggregate
1,2020-03-20,50,96,291.48958,14.146875,11.464278,0.73917488,0,0,False,register_operations_review,public-derived-entity-complete-daily-aggregate
1,2020-03-21,50,96,238.34375,13.644792,9.8622303,0.81424142,0,0.010416667,False,register_operations_review,public-derived-entity-complete-daily-aggregate
1,2020-03-22,50,96,211.94792,14.596875,8.3991997,0.78954868,0,0,False,register_operations_review,public-derived-entity-complete-daily-aggregate
1,2020-03-23,50,96,243.95833,14.467708,9.9776469,0.79505991,0,0,False,register_operations_review,public-derived-entity-complete-daily-aggregate
1,2020-03-24,50,96,217.05208,10.189583,6.4625458,0.67878084,0,0.125,False,register_operations_review,public-derived-entity-complete-daily-aggregate
1,2020-03-25,50,96,290,6.259375,8.7409865,0.68114966,0,0.125,False,register_operations_review,public-derived-entity-complete-daily-aggregate
1,2020-03-26,50,96,338.5,4.46875,14.773535,0.82071256,0,0,False,register_operations_review,public-derived-entity-complete-daily-aggregate
1,2020-03-27,50,96,299.125,6.6552083,12.825344,0.83778792,0,0,False,register_operations_review,public-derived-entity-complete-daily-aggregate
1,2020-03-28,50,96,350.72917,8.3708333,14.282591,0.76872786,0,0,False,register_operations_review,public-derived-entity-complete-daily-aggregate
1,2020-03-29,50,96,220.75,10.003125,9.129238,0.83001769,0,0,False,register_operations_review,public-derived-entity-complete-daily-aggregate
1,2020-03-30,50,96,314.91667,8.8177083,13.184747,0.7832149,0,0,False,register_operations_review,public-derived-entity-complete-daily-aggregate
1,2020-03-31,50,96,347.91667,8.0072917,10.785714,0.63573816,0,0.052083333,False,register_operations_review,public-derived-entity-complete-daily-aggregate
1,2020-04-01,50,96,344.29167,8.15,9.554551,0.59566795,0,0.17708333,False,register_operations_review,public-derived-entity-complete-daily-aggregate
1,2020-04-02,50,96,356.82292,9.9645833,9.6063331,0.57791547,0,0.1875,False,register_operations_review,public-derived-entity-complete-daily-aggregate
1,2020-04-03,50,96,346.83333,11.761458,14.181358,0.78789872,0,0,False,register_operations_review,public-derived-entity-complete-daily-aggregate
1,2020-04-04,50,96,326.5625,14.842708,13.006641,0.78159283,0,0,False,register_operations_review,public-derived-entity-complete-daily-aggregate
1,2020-04-05,50,96,337.73958,14.427083,13.565047,0.76086715,0,0,False,register_operations_review,public-derived-entity-complete-daily-aggregate
1,2020-04-06,50,96,328.03125,16.091667,13.320712,0.78253823,0,0,False,register_operations_review,public-derived-entity-complete-daily-aggregate
1,2020-04-07,50,96,328.83333,17.560417,13.263111,0.77404923,0,0,False,register_operations_review,public-derived-entity-complete-daily-aggregate
1,2020-04-08,50,96,338.52083,19.061458,13.406951,0.74530567,0.00013333333,0,False,register_operations_review,public-derived-entity-complete-daily-aggregate
1,2020-04-09,50,96,353.0625,19.207292,13.962403,0.72858059,0.0009875,0,False,register_operations_review,public-derived-entity-complete-daily-aggregate
1,2020-04-10,50,96,356.22917,16.219792,14.522068,0.75608903,0,0,False,register_operations_review,public-derived-entity-complete-daily-aggregate
1,2020-04-11,50,96,296.875,14.938542,12.258684,0.79889558,0,0,False,register_operations_review,public-derived-entity-complete-daily-aggregate
1,2020-04-12,50,96,327.79167,17.276042,12.864332,0.76961381,1.25e-05,0,False,register_operations_review,public-derived-entity-complete-daily-aggregate
1,2020-04-13,50,96,279.04167,19.7625,11.085136,0.77633936,0.00053333333,0,False,register_operations_review,public-derived-entity-complete-daily-aggregate
1,2020-04-14,50,96,288.05208,22.080208,11.298277,0.75986505,0.0039833333,0,False,register_operations_review,public-derived-entity-complete-daily-aggregate
1,2020-04-15,50,96,309.94792,20.985417,8.3863963,0.60985577,2.0833333e-05,0.16666667,False,register_operations_review,public-derived-entity-complete-daily-aggregate
1,2020-04-16,50,96,295.78125,20.704167,11.352811,0.75991876,2.9166667e-05,0.020833333,False,register_operations_review,public-derived-entity-complete-daily-aggregate
1,2020-04-17,50,96,175.35417,19.598958,7.8462991,0.85166598,0,0,False,register_operations_review,public-derived-entity-complete-daily-aggregate
1,2020-04-18,50,96,318.13542,19.180208,12.68146,0.77587803,0,0,False,register_operations_review,public-derived-entity-complete-daily-aggregate
1,2020-04-19,50,96,331.375,18.065625,10.504757,0.65530676,0,0.083333333,False,register_operations_review,public-derived-entity-complete-daily-aggregate
1,2020-04-20,50,96,345.91667,17.227083,14.053361,0.75913521,0,0,False,register_operations_review,public-derived-entity-complete-daily-aggregate
1,2020-04-21,50,96,336.4375,18.582292,13.264616,0.76017546,0,0.010416667,False,register_operations_review,public-derived-entity-complete-daily-aggregate
1,2020-04-22,50,96,355.80208,19.171875,13.899724,0.72353428,6.25e-05,0,False,register_operations_review,public-derived-entity-complete-daily-aggregate
1,2020-04-23,50,96,356.65625,18.860417,10.146388,0.6031312,0,0.15625,False,register_operations_review,public-derived-entity-complete-daily-aggregate
1,2020-04-24,50,96,364.57292,18.905208,14.244003,0.72477623,0.00010833333,0,False,register_operations_review,public-derived-entity-complete-daily-aggregate
1,2020-04-25,50,96,370.21875,20.075,14.260807,0.70361402,0.0023833333,0,False,register_operations_review,public-derived-entity-complete-daily-aggregate
1,2020-04-26,50,96,366.90625,22.155208,14.022003,0.6910241,0.0062625,0,False,register_operations_review,public-derived-entity-complete-daily-aggregate
1,2020-04-27,50,96,363.875,24.717708,13.844663,0.68785152,0.010858333,0,False,register_operations_review,public-derived-entity-complete-daily-aggregate
1,2020-04-28,50,96,330.71875,25.091667,12.400791,0.71740688,0.011141667,0,False,register_operations_review,public-derived-entity-complete-daily-aggregate
1,2020-04-29,50,96,341.42708,26.407292,12.861395,0.71869161,0.0148875,0,False,register_operations_review,public-derived-entity-complete-daily-aggregate
1,2020-04-30,50,96,351.29167,28.226042,13.123132,0.70829143,0.019783333,0,False,register_operations_review,public-derived-entity-complete-daily-aggregate
1,2020-05-01,50,96,318.84375,27.06875,5.9026811,0.49001285,0.010866667,0.010416667,False,register_operations_review,public-derived-entity-complete-daily-aggregate
1,2020-05-02,50,96,322.26042,23.095833,6.3860054,0.50373736,0.0028958333,0.28125,False,register_operations_review,public-derived-entity-complete-daily-aggregate
1,2020-05-03,50,96,343.08333,24.298958,12.946563,0.73370706,0.0051916667,0,False,register_operations_review,public-derived-entity-complete-daily-aggregate
1,2020-05-04,50,96,249.65625,24.835417,9.7602983,0.76117076,0.0077875,0.010416667,False,register_operations_review,public-derived-entity-complete-daily-aggregate
1,2020-05-05,50,96,132.4375,23.557292,5.731729,0.81958428,0.0012791667,0,False,register_operations_review,public-derived-entity-complete-daily-aggregate
1,2020-05-06,50,96,118.20833,18.135417,4.1129624,0.75292458,0,0.03125,False,register_operations_review,public-derived-entity-complete-daily-aggregate
1,2020-05-07,50,96,347.4375,15.157292,3.9008686,0.320969,0,0.40625,False,register_operations_review,public-derived-entity-complete-daily-aggregate
1,2020-05-08,50,96,358.30208,16.580208,4.2922242,0.33374726,0,0.34375,False,register_operations_review,public-derived-entity-complete-daily-aggregate
1,2020-05-09,50,96,353.64583,19.45625,9.004365,0.53247082,0.0016041667,0.16666667,False,register_operations_review,public-derived-entity-complete-daily-aggregate
1,2020-05-10,50,96,366.83333,18.808333,5.1796394,0.36357667,0,0.29166667,False,register_operations_review,public-derived-entity-complete-daily-aggregate
1,2020-05-11,50,96,367.79167,21.244792,5.6993526,0.38975626,0.0037291667,0.26041667,False,register_operations_review,public-derived-entity-complete-daily-aggregate
1,2020-05-12,50,96,280.85417,23.734375,11.100166,0.77645982,0.0055375,0,False,register_operations_review,public-derived-entity-complete-daily-aggregate
1,2020-05-13,50,96,301.35417,25.467708,3.5359853,0.39555148,0.0073541667,0.23958333,False,register_operations_review,public-derived-entity-complete-daily-aggregate
1,2020-05-14,50,96,194.09375,23.339583,3.4119041,0.48687947,0.0024291667,0.28125,False,register_operations_review,public-derived-entity-complete-daily-aggregate
1,2020-05-15,50,96,348.75,25.033333,3.5397069,0.30147249,0.010683333,0.1875,False,register_operations_review,public-derived-entity-complete-daily-aggregate
1,2020-05-16,50,96,351.71875,27.854167,6.3206137,0.43104821,0.0173125,0.041666667,False,register_operations_review,public-derived-entity-complete-daily-aggregate
1,2020-05-17,50,96,314.6875,28.45,3.6837992,0.37847307,0.014525,0.072916667,False,register_operations_review,public-derived-entity-complete-daily-aggregate
1,2020-05-18,50,96,256.14583,25.733333,7.1997922,0.61501485,0.00965,0.072916667,False,register_operations_review,public-derived-entity-complete-daily-aggregate
1,2020-05-19,50,96,357.78125,27.017708,12.352594,0.66392015,0.01405,0,False,register_operations_review,public-derived-entity-complete-daily-aggregate
1,2020-05-20,50,96,284.44792,28.205208,9.4085796,0.69547728,0.016691667,0,False,register_operations_review,public-derived-entity-complete-daily-aggregate
1,2020-05-21,50,96,220.55208,27.753125,7.4963677,0.79421012,0.012304167,0.020833333,False,register_operations_review,public-derived-entity-complete-daily-aggregate
1,2020-05-22,50,96,302.19792,22.425,7.5232664,0.61025729,0.0026916667,0.19791667,False,register_operations_review,public-derived-entity-complete-daily-aggregate
1,2020-05-23,50,96,336.75,22.380208,6.617072,0.51677427,0.004175,0.26041667,False,register_operations_review,public-derived-entity-complete-daily-aggregate
1,2020-05-24,50,96,190.30208,21.178125,7.6414866,0.75968565,0.00025833333,0.020833333,False,register_operations_review,public-derived-entity-complete-daily-aggregate
1,2020-05-25,50,96,249.83333,21.430208,9.8091156,0.80517475,0.00054583333,0.020833333,False,register_operations_review,public-derived-entity-complete-daily-aggregate
1,2020-05-26,50,96,327.01042,21.741667,12.730184,0.68748862,0.0039,0.03125,False,register_operations_review,public-derived-entity-complete-daily-aggregate
1,2020-05-27,50,96,352.15625,24.989583,11.874061,0.65495346,0.010041667,0.010416667,False,register_operations_review,public-derived-entity-complete-daily-aggregate
1,2020-05-28,50,96,162.4375,23.067708,5.1186569,0.7059228,0.0022791667,0.125,False,register_operations_review,public-derived-entity-complete-daily-aggregate
1,2020-05-29,50,96,353.72917,19.821875,11.666654,0.60731151,0.00056666667,0.10416667,False,register_operations_review,public-derived-entity-complete-daily-aggregate
1,2020-05-30,50,96,361.20833,22.803125,9.7333067,0.52513054,0.0040208333,0.16666667,False,register_operations_review,public-derived-entity-complete-daily-aggregate
1,2020-05-31,50,96,329.35417,24.384375,5.1600894,0.42661786,0.0088458333,0.15625,False,register_operations_review,public-derived-entity-complete-daily-aggregate
1,2020-06-01,50,96,349.6875,26.489583,13.217943,0.67154554,0.0126875,0,False,register_operations_review,public-derived-entity-complete-daily-aggregate
1,2020-06-02,50,96,352.83333,28.309375,11.189879,0.59324279,0.017558333,0,False,register_operations_review,public-derived-entity-complete-daily-aggregate
1,2020-06-03,50,96,345.61458,29.623958,10.913352,0.58211739,0.020883333,0,False,register_operations_review,public-derived-entity-complete-daily-aggregate
1,2020-06-04,50,96,316.03125,29.854167,11.077366,0.66994638,0.021375,0,False,register_operations_review,public-derived-entity-complete-daily-aggregate
1,2020-06-05,50,96,321.95833,30.116667,12.39902,0.72287439,0.022454167,0,False,register_operations_review,public-derived-entity-complete-daily-aggregate
1,2020-06-06,50,96,239.92708,23.0875,6.7263575,0.66755672,0.0025791667,0.125,False,register_operations_review,public-derived-entity-complete-daily-aggregate
1,2020-06-07,50,96,324,20.266667,10.807664,0.64526009,0.00013333333,0.09375,False,register_operations_review,public-derived-entity-complete-daily-aggregate
1,2020-06-08,50,96,339.92708,21.592708,10.735717,0.6338568,0.0013458333,0.09375,False,register_operations_review,public-derived-entity-complete-daily-aggregate
1,2020-06-09,50,96,369.09375,23.661458,13.236416,0.69714817,0.0062958333,0,False,register_operations_review,public-derived-entity-complete-daily-aggregate
1,2020-06-10,50,96,301.69792,25.538542,11.132389,0.77651077,0.00915,0.010416667,False,register_operations_review,public-derived-entity-complete-daily-aggregate
1,2020-06-11,50,96,346.6875,26.4,12.41537,0.71215511,0.00895,0.010416667,False,register_operations_review,public-derived-entity-complete-daily-aggregate
1,2020-06-12,50,96,110.97917,21.49375,4.0807047,0.74312641,1.25e-05,0.03125,False,register_operations_review,public-derived-entity-complete-daily-aggregate
1,2020-06-13,50,96,337.90625,25.923958,12.287925,0.71292849,0.012233333,0.020833333,False,register_operations_review,public-derived-entity-complete-daily-aggregate
1,2020-06-14,50,96,145.76042,27.202083,6.2569102,0.83138093,0.012158333,0,False,register_operations_review,public-derived-entity-complete-daily-aggregate
1,2020-06-15,50,96,301.73958,28.783333,10.724405,0.73092472,0.0161125,0.020833333,False,register_operations_review,public-derived-entity-complete-daily-aggregate
1,2020-06-16,50,96,348.25,28.688542,12.951628,0.66692188,0.018079167,0,False,register_operations_review,public-derived-entity-complete-daily-aggregate
1,2020-06-17,50,96,339.29167,31.144792,12.291389,0.69933057,0.0260125,0,False,register_operations_review,public-derived-entity-complete-daily-aggregate
1,2020-06-18,50,96,353.08333,32.405208,12.331934,0.66920736,0.029991667,0,False,register_operations_review,public-derived-entity-complete-daily-aggregate
1,2020-06-19,50,96,347.09375,31.046875,13.079952,0.69717918,0.0241875,0.010416667,False,register_operations_review,public-derived-entity-complete-daily-aggregate
1,2020-06-20,50,96,297.875,28.041667,11.32748,0.76071317,0.0128375,0,False,register_operations_review,public-derived-entity-complete-daily-aggregate
1,2020-06-21,50,96,136.55208,25.409375,4.7301541,0.74692939,0.0036,0.0625,False,register_operations_review,public-derived-entity-complete-daily-aggregate
1,2020-06-22,50,96,325.92708,25.832292,12.025145,0.66709583,0.011141667,0,False,register_operations_review,public-derived-entity-complete-daily-aggregate
1,2020-06-23,50,96,347.25,26.390625,12.816264,0.69450102,0.011854167,0,False,register_operations_review,public-derived-entity-complete-daily-aggregate
1,2020-06-24,50,96,340.76042,29.785417,12.506357,0.7102816,0.020495833,0,False,register_operations_review,public-derived-entity-complete-daily-aggregate
1,2020-06-25,50,96,327.75,30.484375,11.1686,0.70421897,0.0219375,0.010416667,False,register_operations_review,public-derived-entity-complete-daily-aggregate
1,2020-06-26,50,96,103.98958,26.603125,4.4325922,0.82771979,0.008175,0,False,register_operations_review,public-derived-entity-complete-daily-aggregate
1,2020-06-27,50,96,262.96875,21.701042,9.4878866,0.71103208,0.0019958333,0.052083333,False,register_operations_review,public-derived-entity-complete-daily-aggregate
1,2020-06-28,50,96,324.14583,27.920833,11.656627,0.67739972,0.017483333,0.010416667,False,register_operations_review,public-derived-entity-complete-daily-aggregate
1,2020-06-29,50,96,291.4375,29.895833,9.6483184,0.68566602,0.019583333,0,False,register_operations_review,public-derived-entity-complete-daily-aggregate
1,2020-06-30,50,96,309.9375,24.915625,11.944235,0.72837356,0.0056541667,0,False,register_operations_review,public-derived-entity-complete-daily-aggregate
1,2020-07-01,50,96,333.625,27.334375,12.372429,0.6935397,0.014825,0,False,register_operations_review,public-derived-entity-complete-daily-aggregate
1,2020-07-02,50,96,296.32292,30.248958,7.9086852,0.63806905,0.020995833,0,False,register_operations_review,public-derived-entity-complete-daily-aggregate
1,2020-07-03,50,96,338.125,32.023958,11.948271,0.64806062,0.028095833,0,False,register_operations_review,public-derived-entity-complete-daily-aggregate
1,2020-07-04,50,96,337.17708,32.602083,12.434898,0.67974111,0.030408333,0,False,register_operations_review,public-derived-entity-complete-daily-aggregate
1,2020-07-05,50,96,332.80208,33.226042,10.480515,0.64001606,0.032904167,0,False,register_operations_review,public-derived-entity-complete-daily-aggregate
1,2020-07-06,50,96,277.29167,32.383333,9.1208726,0.70145087,0.029533333,0,False,register_operations_review,public-derived-entity-complete-daily-aggregate
1,2020-07-07,50,96,317.63542,31.891667,7.612713,0.55741643,0.027566667,0.010416667,False,register_operations_review,public-derived-entity-complete-daily-aggregate
1,2020-07-08,50,96,344.89583,27.55,9.9672032,0.5707126,0.014125,0,False,register_operations_review,public-derived-entity-complete-daily-aggregate
1,2020-07-09,50,96,341.28125,29.445833,11.453916,0.62985077,0.01985,0,False,register_operations_review,public-derived-entity-complete-daily-aggregate
1,2020-07-10,50,96,271.375,29.410417,9.7769768,0.73604788,0.01805,0.010416667,False,register_operations_review,public-derived-entity-complete-daily-aggregate
1,2020-07-11,50,96,219.08333,29.1,8.0079067,0.73511683,0.0164,0,False,register_operations_review,public-derived-entity-complete-daily-aggregate
1,2020-07-12,50,96,315.66667,29.265625,11.113896,0.64487668,0.0176125,0.020833333,False,register_operations_review,public-derived-entity-complete-daily-aggregate
1,2020-07-13,50,96,220.08333,27.8,8.0245574,0.71972729,0.012666667,0.020833333,False,register_operations_review,public-derived-entity-complete-daily-aggregate
1,2020-07-14,50,96,346.07292,27.0875,12.90228,0.67242801,0.0147875,0.010416667,False,register_operations_review,public-derived-entity-complete-daily-aggregate
1,2020-07-15,50,96,346.72917,30.534375,12.436747,0.65887223,0.022333333,0.010416667,False,register_operations_review,public-derived-entity-complete-daily-aggregate
1,2020-07-16,50,96,161.22917,29.115625,6.0616381,0.75567505,0.0164625,0.010416667,False,register_operations_review,public-derived-entity-complete-daily-aggregate
1,2020-07-17,50,96,336.11458,27.2,12.565913,0.68629713,0.0095375,0.020833333,False,register_operations_review,public-derived-entity-complete-daily-aggregate
1,2020-07-18,50,96,352.125,29.703125,12.895031,0.65756427,0.0218625,0.010416667,False,register_operations_review,public-derived-entity-complete-daily-aggregate
1,2020-07-19,50,96,283.32292,32.504167,10.68255,0.72318826,0.030166667,0,False,register_operations_review,public-derived-entity-complete-daily-aggregate
1,2020-07-20,50,96,339.19792,33.588542,12.235894,0.73096184,0.034354167,0,False,register_operations_review,public-derived-entity-complete-daily-aggregate
1,2020-07-21,50,96,176.84375,30.2,6.3533172,0.76286841,0.0208,0.010416667,False,register_operations_review,public-derived-entity-complete-daily-aggregate
1,2020-07-22,50,96,234.83333,26.929167,7.9408914,0.71034392,0.01085,0.020833333,False,register_operations_review,public-derived-entity-complete-daily-aggregate
1,2020-07-23,50,96,307.46875,29.546875,11.944599,0.78310133,0.0183375,0.041666667,False,register_operations_review,public-derived-entity-complete-daily-aggregate
1,2020-07-24,50,96,313.97917,24.503125,11.522429,0.68443514,0.0043083333,0.041666667,False,register_operations_review,public-derived-entity-complete-daily-aggregate
1,2020-07-25,50,96,347.11458,27.9875,10.801899,0.59355682,0.0164125,0,False,register_operations_review,public-derived-entity-complete-daily-aggregate
1,2020-07-26,50,96,333.73958,31.027083,10.109863,0.59944098,0.024829167,0,False,register_operations_review,public-derived-entity-complete-daily-aggregate
1,2020-07-27,50,96,348.73958,32.255208,12.884058,0.67391765,0.029254167,0,False,register_operations_review,public-derived-entity-complete-daily-aggregate
1,2020-07-28,50,96,145.77083,28.375,5.3219949,0.75654831,0.0135,0.03125,False,register_operations_review,public-derived-entity-complete-daily-aggregate
1,2020-07-29,50,96,332.11458,28.442708,12.375148,0.71268277,0.017345833,0.010416667,False,register_operations_review,public-derived-entity-complete-daily-aggregate
1,2020-07-30,50,96,242.15625,29.04375,7.5730394,0.73287184,0.016945833,0.03125,False,register_operations_review,public-derived-entity-complete-daily-aggregate
1,2020-07-31,50,96,353.44792,25.019792,12.873989,0.65657102,0.0085708333,0.010416667,False,register_operations_review,public-derived-entity-complete-daily-aggregate
1,2020-08-01,50,96,353.63542,27.934375,13.244125,0.6688353,0.015979167,0.010416667,False,register_operations_review,public-derived-entity-complete-daily-aggregate
1,2020-08-02,50,96,342.40625,29.863542,12.517898,0.69074004,0.019854167,0.010416667,False,register_operations_review,public-derived-entity-complete-daily-aggregate
1,2020-08-03,50,96,281.32292,31.15,9.4992887,0.72650321,0.0249375,0,False,register_operations_review,public-derived-entity-complete-daily-aggregate
1,2020-08-04,50,96,343.16667,33.501042,12.723026,0.68849745,0.034004167,0.010416667,False,register_operations_review,public-derived-entity-complete-daily-aggregate
1,2020-08-05,50,96,299.47917,33.879167,9.4272171,0.66431952,0.035516667,0.010416667,False,register_operations_review,public-derived-entity-complete-daily-aggregate
1,2020-08-06,50,96,334.42708,32.9625,11.973509,0.67278024,0.03185,0.010416667,False,register_operations_review,public-derived-entity-complete-daily-aggregate
1,2020-08-07,50,96,296.61458,32.573958,9.995308,0.70912993,0.030295833,0,False,register_operations_review,public-derived-entity-complete-daily-aggregate
1,2020-08-08,50,96,322.10417,31.421875,11.155,0.67337724,0.025758333,0,False,register_operations_review,public-derived-entity-complete-daily-aggregate
1,2020-08-09,50,96,326.52083,32.348958,10.986041,0.67416694,0.029416667,0,False,register_operations_review,public-derived-entity-complete-daily-aggregate
1,2020-08-10,50,96,242.54167,30.96875,8.2671567,0.74855391,0.023875,0,False,register_operations_review,public-derived-entity-complete-daily-aggregate
1,2020-08-11,50,96,192.38542,25.001042,7.3878088,0.82839997,0.0063583333,0.010416667,False,register_operations_review,public-derived-entity-complete-daily-aggregate
1,2020-08-12,50,96,337.26042,28.385417,12.687193,0.7175382,0.017004167,0,False,register_operations_review,public-derived-entity-complete-daily-aggregate
1,2020-08-13,50,96,317.27083,30.098958,12.244362,0.73412101,0.020433333,0.020833333,False,register_operations_review,public-derived-entity-complete-daily-aggregate
1,2020-08-14,50,96,163.47917,27.079167,6.5074519,0.87221462,0.0086458333,0.052083333,False,register_operations_review,public-derived-entity-complete-daily-aggregate
1,2020-08-15,50,96,288.6875,24.090625,8.7008088,0.63259793,0.0054291667,0.083333333,False,register_operations_review,public-derived-entity-complete-daily-aggregate
1,2020-08-16,50,96,323.67708,25.3625,10.403927,0.6509939,0.0095875,0.041666667,False,register_operations_review,public-derived-entity-complete-daily-aggregate
1,2020-08-17,50,96,344.78125,27.329167,13.366326,0.69857386,0.013558333,0.010416667,False,register_operations_review,public-derived-entity-complete-daily-aggregate
1,2020-08-18,50,96,344.70833,28.64375,13.154232,0.6967079,0.018633333,0.010416667,False,register_operations_review,public-derived-entity-complete-daily-aggregate
1,2020-08-19,50,96,314.8125,30.28125,9.3418157,0.62082825,0.022954167,0,False,register_operations_review,public-derived-entity-complete-daily-aggregate
1,2020-08-20,50,96,141.20833,27.902083,4.8912401,0.73948102,0.012416667,0.010416667,False,register_operations_review,public-derived-entity-complete-daily-aggregate
1,2020-08-21,50,96,302.1875,27.295833,10.750075,0.72043909,0.013170833,0,False,register_operations_review,public-derived-entity-complete-daily-aggregate
1,2020-08-22,50,96,300.79167,28.465625,10.685207,0.77557896,0.015458333,0.03125,False,register_operations_review,public-derived-entity-complete-daily-aggregate
1,2020-08-23,50,96,323.29167,28.601042,12.973613,0.79771145,0.0158625,0,False,register_operations_review,public-derived-entity-complete-daily-aggregate
1,2020-08-24,50,96,264.57292,29.133333,10.501145,0.74379706,0.018816667,0,False,register_operations_review,public-derived-entity-complete-daily-aggregate
1,2020-08-25,50,96,329.9375,31.219792,12.383941,0.67741762,0.026125,0,False,register_operations_review,public-derived-entity-complete-daily-aggregate
1,2020-08-26,50,96,318.76042,27.895833,7.9281956,0.54785281,0.012420833,0.052083333,False,register_operations_review,public-derived-entity-complete-daily-aggregate
1,2020-08-27,50,96,350.28125,24.038542,12.567494,0.66658872,0.0045708333,0,False,register_operations_review,public-derived-entity-complete-daily-aggregate
1,2020-08-28,50,96,194.69792,24.41875,7.2612519,0.83246495,0.0032,0.03125,False,register_operations_review,public-derived-entity-complete-daily-aggregate
1,2020-08-29,50,96,260.9375,22.267708,8.32439,0.73733884,0.0016333333,0.11458333,False,register_operations_review,public-derived-entity-complete-daily-aggregate
1,2020-08-30,50,96,342.27083,23.053125,12.863332,0.69906073,0.0031291667,0,False,register_operations_review,public-derived-entity-complete-daily-aggregate
1,2020-08-31,50,96,338.21875,24.29375,13.336748,0.7303509,0.0077416667,0,False,register_operations_review,public-derived-entity-complete-daily-aggregate
1,2020-09-01,50,96,346.30208,27.183333,13.506269,0.70112022,0.0121,0,False,register_operations_review,public-derived-entity-complete-daily-aggregate
1,2020-09-02,50,96,278.54167,27.65,9.7988038,0.72155727,0.015054167,0.010416667,False,register_operations_review,public-derived-entity-complete-daily-aggregate
1,2020-09-03,50,96,338.52083,29.698958,13.062479,0.69682435,0.019504167,0,False,register_operations_review,public-derived-entity-complete-daily-aggregate
1,2020-09-04,50,96,94.479167,27.135417,3.861793,0.83140673,0.009375,0,False,register_operations_review,public-derived-entity-complete-daily-aggregate
1,2020-09-05,50,96,329.65625,25.423958,12.875717,0.72989459,0.0074375,0.010416667,False,register_operations_review,public-derived-entity-complete-daily-aggregate
1,2020-09-06,50,96,337.73958,26.78125,13.099682,0.71240557,0.011791667,0,False,register_operations_review,public-derived-entity-complete-daily-aggregate
1,2020-09-07,50,96,127.51042,27.141667,5.5575367,0.82066209,0.012895833,0,False,register_operations_review,public-derived-entity-complete-daily-aggregate
1,2020-09-08,50,96,324.01042,24.1875,13.106116,0.75335835,0.0046625,0,False,register_operations_review,public-derived-entity-complete-daily-aggregate
1,2020-09-09,50,96,333.19792,25.332292,12.889152,0.72428829,0.0086875,0,False,register_operations_review,public-derived-entity-complete-daily-aggregate
1,2020-09-10,50,96,318.11458,25.903125,11.828523,0.72737594,0.0080875,0.010416667,False,register_operations_review,public-derived-entity-complete-daily-aggregate
1,2020-09-11,50,96,212.54167,21.040625,7.6666261,0.76696083,0,0.052083333,False,register_operations_review,public-derived-entity-complete-daily-aggregate
1,2020-09-12,50,96,344.58333,19.140625,13.468412,0.71844124,5.4166667e-05,0,False,register_operations_review,public-derived-entity-complete-daily-aggregate
1,2020-09-13,50,96,306.8125,19.415625,11.529585,0.73819953,0.00042083333,0,False,register_operations_review,public-derived-entity-complete-daily-aggregate
1,2020-09-14,50,96,322.38542,20.689583,12.551616,0.75084263,4.1666667e-05,0,False,register_operations_review,public-derived-entity-complete-daily-aggregate
1,2020-09-15,50,96,324.82292,20.853125,12.26793,0.72902049,0.00087916667,0.010416667,False,register_operations_review,public-derived-entity-complete-daily-aggregate
1,2020-09-16,50,96,282.97917,21.679167,10.429873,0.75373429,0.0022125,0,False,register_operations_review,public-derived-entity-complete-daily-aggregate
1,2020-09-17,50,96,331.92708,22.621875,12.617806,0.71869885,0.0063041667,0,False,register_operations_review,public-derived-entity-complete-daily-aggregate
1,2020-09-18,50,96,345.11458,24.9375,13.09893,0.71124525,0.0100625,0,False,register_operations_review,public-derived-entity-complete-daily-aggregate
1,2020-09-19,50,96,297.9375,22.025,8.1694275,0.59794559,0.0011416667,0.17708333,False,register_operations_review,public-derived-entity-complete-daily-aggregate
1,2020-09-20,50,96,322.20833,21.195833,12.542284,0.72397947,0.0011541667,0,False,register_operations_review,public-derived-entity-complete-daily-aggregate
1,2020-09-21,50,96,103.78125,18.139583,4.3973124,0.80410407,0,0,False,register_operations_review,public-derived-entity-complete-daily-aggregate
1,2020-09-22,50,96,313.84375,18.91875,12.48215,0.75598671,0,0,False,register_operations_review,public-derived-entity-complete-daily-aggregate
1,2020-09-23,50,96,321.47917,20.257292,12.574401,0.74293311,0.0007375,0,False,register_operations_review,public-derived-entity-complete-daily-aggregate
1,2020-09-24,50,96,268.13542,21.615625,9.9081824,0.74936097,0.002525,0.010416667,False,register_operations_review,public-derived-entity-complete-daily-aggregate
1,2020-09-25,50,96,285.875,20.777083,9.5772705,0.67996955,0.0016208333,0.052083333,False,register_operations_review,public-derived-entity-complete-daily-aggregate
1,2020-09-26,50,96,309.83333,16.047917,11.355141,0.73063672,0,0,False,register_operations_review,public-derived-entity-complete-daily-aggregate
1,2020-09-27,50,96,269.95833,16.208333,11.178632,0.7991152,0,0,False,register_operations_review,public-derived-entity-complete-daily-aggregate
1,2020-09-28,50,96,282.5,17.846875,11.455284,0.78690341,0,0,False,register_operations_review,public-derived-entity-complete-daily-aggregate
1,2020-09-29,50,96,275.77083,18.396875,11.018672,0.75260136,0,0,False,register_operations_review,public-derived-entity-complete-daily-aggregate
1,2020-09-30,50,96,337.21875,13.079167,13.528854,0.76863271,0,0,False,register_operations_review,public-derived-entity-complete-daily-aggregate
1,2020-10-01,50,96,322.85417,12.641667,12.900107,0.78123438,0,0,False,register_operations_review,public-derived-entity-complete-daily-aggregate
1,2020-10-02,50,96,307.79167,12.120833,12.25772,0.77992399,0,0,False,register_operations_review,public-derived-entity-complete-daily-aggregate
1,2020-10-03,50,96,332.39583,13.875,13.480945,0.77260014,0,0.010416667,False,register_operations_review,public-derived-entity-complete-daily-aggregate
1,2020-10-04,50,96,316.10417,14.685417,12.342214,0.7795417,0,0,False,register_operations_review,public-derived-entity-complete-daily-aggregate
1,2020-10-05,50,96,319.20833,15.661458,12.337529,0.75210477,0,0,False,register_operations_review,public-derived-entity-complete-daily-aggregate
1,2020-10-06,50,96,299.03125,17.388542,11.497866,0.74394508,0,0.010416667,False,register_operations_review,public-derived-entity-complete-daily-aggregate
1,2020-10-07,50,96,130.05208,14.05625,5.1873312,0.83454851,0,0.020833333,False,register_operations_review,public-derived-entity-complete-daily-aggregate
1,2020-10-08,50,96,321.39583,11.554167,12.541611,0.75004374,0,0,False,register_operations_review,public-derived-entity-complete-daily-aggregate
1,2020-10-09,50,96,314.89583,13.035417,12.264482,0.73739238,0,0,False,register_operations_review,public-derived-entity-complete-daily-aggregate
1,2020-10-10,50,96,290.08333,11.447917,8.5606442,0.68391251,0,0.125,False,register_operations_review,public-derived-entity-complete-daily-aggregate
1,2020-10-11,50,96,326.72917,9.353125,12.931153,0.76836945,0,0,False,register_operations_review,public-derived-entity-complete-daily-aggregate
1,2020-10-12,50,96,325.96875,9.3291667,12.980079,0.76551912,0,0,False,register_operations_review,public-derived-entity-complete-daily-aggregate
1,2020-10-13,50,96,231.23958,10.152083,8.5542449,0.77407634,0,0.041666667,False,register_operations_review,public-derived-entity-complete-daily-aggregate
1,2020-10-14,50,96,309,10.096875,12.216465,0.75681162,0,0,False,register_operations_review,public-derived-entity-complete-daily-aggregate
1,2020-10-15,50,96,326.83333,10.991667,12.920833,0.7561961,0,0,False,register_operations_review,public-derived-entity-complete-daily-aggregate
1,2020-10-16,50,96,328.82292,10.683333,12.798545,0.74166929,0,0,False,register_operations_review,public-derived-entity-complete-daily-aggregate
1,2020-10-17,50,96,306.79167,11.821875,11.851015,0.7389493,0,0,False,register_operations_review,public-derived-entity-complete-daily-aggregate
1,2020-10-18,50,96,309.98958,12.026042,11.902923,0.72110958,0,0.010416667,False,register_operations_review,public-derived-entity-complete-daily-aggregate
1,2020-10-19,50,96,284.45833,13.305208,9.2843753,0.65848803,0,0.0625,False,register_operations_review,public-derived-entity-complete-daily-aggregate
1,2020-10-20,50,96,297.05208,13.275,11.288653,0.73135134,0,0,False,register_operations_review,public-derived-entity-complete-daily-aggregate
1,2020-10-21,50,96,291.4375,15.045833,11.022201,0.72927829,0,0,False,register_operations_review,public-derived-entity-complete-daily-aggregate
1,2020-10-22,50,96,307.96875,15.311458,11.471429,0.7216801,0,0,False,register_operations_review,public-derived-entity-complete-daily-aggregate
1,2020-10-23,50,96,213.10417,14.379167,6.912788,0.69629236,0,0.0625,False,register_operations_review,public-derived-entity-complete-daily-aggregate
1,2020-10-24,50,96,288.82292,12.505208,2.591711,0.24965574,0,0.36458333,False,register_operations_review,public-derived-entity-complete-daily-aggregate
1,2020-10-25,50,96,287.375,10.546875,2.3379534,0.25350387,0,0.35416667,False,register_operations_review,public-derived-entity-complete-daily-aggregate
1,2020-10-26,50,96,259.90625,9.0927083,9.9827005,0.7412572,0,0.010416667,False,register_operations_review,public-derived-entity-complete-daily-aggregate
1,2020-10-27,50,96,210.01042,8.7322917,5.5833137,0.5607996,0,0.15625,False,register_operations_review,public-derived-entity-complete-daily-aggregate
1,2020-10-28,50,96,278.15625,11.630208,10.603301,0.71490949,0,0,False,register_operations_review,public-derived-entity-complete-daily-aggregate
1,2020-10-29,50,96,209.78125,10.004167,4.2958624,0.53621179,0,0.17708333,False,register_operations_review,public-derived-entity-complete-daily-aggregate
1,2020-10-30,50,96,243.60417,7.6333333,4.6524144,0.5307526,0,0.19791667,False,register_operations_review,public-derived-entity-complete-daily-aggregate
1,2020-10-31,50,96,289.0625,6.4385417,4.7879519,0.40140396,0,0.25,False,register_operations_review,public-derived-entity-complete-daily-aggregate
1,2020-11-01,50,96,254.11458,7.4614583,9.2301914,0.70407782,0,0.03125,False,register_operations_review,public-derived-entity-complete-daily-aggregate
1,2020-11-02,50,96,265.375,9.4489583,9.0010511,0.6641658,0,0.041666667,False,register_operations_review,public-derived-entity-complete-daily-aggregate
1,2020-11-03,50,96,268.29167,8.565625,9.486426,0.67635439,0,0.041666667,False,register_operations_review,public-derived-entity-complete-daily-aggregate
1,2020-11-04,50,96,267.95833,8.2364583,5.4953421,0.47425106,0,0.20833333,False,register_operations_review,public-derived-entity-complete-daily-aggregate
1,2020-11-05,50,96,264.03125,6.9260417,2.8282965,0.29199236,0,0.29166667,False,register_operations_review,public-derived-entity-complete-daily-aggregate
1,2020-11-06,50,96,263.125,5.9052083,4.5241866,0.40079351,0,0.23958333,False,register_operations_review,public-derived-entity-complete-daily-aggregate
1,2020-11-07,50,96,273.59375,8.9625,8.8124359,0.62492177,0,0.072916667,False,register_operations_review,public-derived-entity-complete-daily-aggregate
1,2020-11-08,50,96,276.75,8.6447917,9.5747212,0.67104673,0,0.052083333,False,register_operations_review,public-derived-entity-complete-daily-aggregate
1,2020-11-09,50,96,267.96875,7.8364583,7.7096825,0.59177243,0,0.13541667,False,register_operations_review,public-derived-entity-complete-daily-aggregate
1,2020-11-10,50,96,240.84375,6.7697917,6.0736151,0.581371,0,0.15625,False,register_operations_review,public-derived-entity-complete-daily-aggregate
1,2020-11-11,50,96,262.84375,6.2291667,10.415118,0.74644146,0,0.020833333,False,register_operations_review,public-derived-entity-complete-daily-aggregate
1,2020-11-12,50,96,251.625,6.4822917,7.1709123,0.54054758,0,0.13541667,False,register_operations_review,public-derived-entity-complete-daily-aggregate
1,2020-11-13,50,96,263.08333,7.253125,7.8820372,0.57254047,0,0.11458333,False,register_operations_review,public-derived-entity-complete-daily-aggregate
1,2020-11-14,50,96,248.8125,8.284375,10.03773,0.74611885,0,0.010416667,False,register_operations_review,public-derived-entity-complete-daily-aggregate
1,2020-11-15,50,96,173.25,6.2395833,2.6562221,0.58215723,0,0.072916667,False,register_operations_review,public-derived-entity-complete-daily-aggregate
1,2020-11-16,50,96,196.9375,5.0822917,6.8904512,0.6900966,0,0.041666667,False,register_operations_review,public-derived-entity-complete-daily-aggregate
1,2020-11-17,50,96,175.71875,4.39375,7.3431407,0.80184553,0,0.010416667,False,register_operations_review,public-derived-entity-complete-daily-aggregate
1,2020-11-18,50,96,235.40625,3.0208333,9.11449,0.70297602,0,0.020833333,False,register_operations_review,public-derived-entity-complete-daily-aggregate
1,2020-11-19,50,96,233.78125,0.10208333,7.768588,0.65167312,0,0.052083333,False,register_operations_review,public-derived-entity-complete-daily-aggregate
1,2020-11-20,50,96,141.58333,-4.3010417,6.1243887,0.89971448,0,0.020833333,False,register_operations_review,public-derived-entity-complete-daily-aggregate
1,2020-11-21,50,96,277.38542,-4.6395833,11.629315,0.75607696,0,0.041666667,False,register_operations_review,public-derived-entity-complete-daily-aggregate
1,2020-11-22,50,96,273.21875,-5.4895833,10.471441,0.70998265,0,0.083333333,False,register_operations_review,public-derived-entity-complete-daily-aggregate
1,2020-11-23,50,96,259.03125,-5.9979167,10.737851,0.73866707,0,0.03125,False,register_operations_review,public-derived-entity-complete-daily-aggregate
1,2020-11-24,50,96,120.11458,-4.0354167,5.104745,0.83049214,0,0.020833333,False,register_operations_review,public-derived-entity-complete-daily-aggregate
1,2020-11-25,50,96,229.83333,-3.996875,9.4210038,0.73293821,0,0.010416667,False,register_operations_review,public-derived-entity-complete-daily-aggregate
1,2020-11-26,50,96,241.57292,-4.0010417,9.9946058,0.73113887,0,0.020833333,False,register_operations_review,public-derived-entity-complete-daily-aggregate
1,2020-11-27,50,96,211.65625,-1.94375,8.1864205,0.74165015,0,0.020833333,False,register_operations_review,public-derived-entity-complete-daily-aggregate
1,2020-11-28,50,96,173.01042,-2.790625,7.1882567,0.76093281,0,0.010416667,False,register_operations_review,public-derived-entity-complete-daily-aggregate
1,2020-11-29,50,96,134.22917,-3.8333333,5.2039116,0.77556168,0,0.020833333,False,register_operations_review,public-derived-entity-complete-daily-aggregate
1,2020-11-30,50,96,93.625,-2.5625,4.1322894,0.79677955,0,0,False,register_operations_review,public-derived-entity-complete-daily-aggregate
1,2020-12-01,50,96,132.08333,-3.3625,5.7899255,0.8401188,0,0.03125,False,register_operations_review,public-derived-entity-complete-daily-aggregate
1,2020-12-02,50,96,252.67708,-5.0229167,10.273633,0.74311562,0,0.052083333,False,register_operations_review,public-derived-entity-complete-daily-aggregate
1,2020-12-03,50,96,248.15625,-6.025,10.053449,0.71412173,0,0.052083333,False,register_operations_review,public-derived-entity-complete-daily-aggregate
1,2020-12-04,50,96,224.30208,-6.2447917,9.1770997,0.73886512,0,0.03125,False,register_operations_review,public-derived-entity-complete-daily-aggregate
1,2020-12-05,50,96,230.30208,-6.2760417,9.4810303,0.71867049,0,0.041666667,False,register_operations_review,public-derived-entity-complete-daily-aggregate
1,2020-12-06,50,96,230.80208,-5.7385417,9.3918094,0.70999513,0,0.041666667,False,register_operations_review,public-derived-entity-complete-daily-aggregate
1,2020-12-07,50,96,218.26042,-4.6125,8.842265,0.73081138,0,0.03125,False,register_operations_review,public-derived-entity-complete-daily-aggregate
1,2020-12-08,50,96,71.65625,-5.125,2.0376236,0.50468437,0,0.052083333,False,register_operations_review,public-derived-entity-complete-daily-aggregate
1,2020-12-09,50,96,238.39583,-6.1114583,9.1435567,0.67498576,0,0.041666667,False,register_operations_review,public-derived-entity-complete-daily-aggregate
1,2020-12-10,50,96,209.78125,-5.734375,8.7009373,0.73713251,0,0.020833333,False,register_operations_review,public-derived-entity-complete-daily-aggregate
1,2020-12-11,50,96,200.76042,-5.4114583,7.2682129,0.65478928,0,0.03125,False,register_operations_review,public-derived-entity-complete-daily-aggregate
1,2020-12-12,50,96,238.19792,-8.015625,6.0206352,0.48799153,0,0.1875,False,register_operations_review,public-derived-entity-complete-daily-aggregate
1,2020-12-13,50,96,237.41667,-9.1302083,9.688533,0.70074895,0,0.052083333,False,register_operations_review,public-derived-entity-complete-daily-aggregate
1,2020-12-14,50,96,232.71875,-9.746875,9.6100108,0.70821507,0,0.052083333,False,register_operations_review,public-derived-entity-complete-daily-aggregate
1,2020-12-15,50,96,237.01042,-9.6125,9.7395469,0.69917612,0,0.052083333,False,register_operations_review,public-derived-entity-complete-daily-aggregate
1,2020-12-16,50,96,239.19792,-9.4833333,9.4043345,0.67646471,0,0.052083333,False,register_operations_review,public-derived-entity-complete-daily-aggregate
1,2020-12-17,50,96,222.65625,-8.1802083,9.1976928,0.70254365,0,0.041666667,False,register_operations_review,public-derived-entity-complete-daily-aggregate
1,2020-12-18,50,96,166.36458,-8.0489583,6.8845546,0.77086808,0,0.020833333,False,register_operations_review,public-derived-entity-complete-daily-aggregate
1,2020-12-19,50,96,195.35417,-7.61875,8.0573519,0.72303728,0,0.03125,False,register_operations_review,public-derived-entity-complete-daily-aggregate
1,2020-12-20,50,96,220.88542,-7.946875,8.6439496,0.66729623,0,0.041666667,False,register_operations_review,public-derived-entity-complete-daily-aggregate
1,2020-12-21,50,96,200.05208,-8.8072917,7.6841471,0.65155174,0,0.03125,False,register_operations_review,public-derived-entity-complete-daily-aggregate
1,2020-12-22,50,96,182.16667,-7.5229167,7.0936602,0.6982163,0,0.020833333,False,register_operations_review,public-derived-entity-complete-daily-aggregate
1,2020-12-23,50,96,228.77083,-9.1729167,9.356849,0.71426428,0,0.041666667,False,register_operations_review,public-derived-entity-complete-daily-aggregate
1,2020-12-24,50,96,235.92708,-9.096875,9.5437233,0.70509865,0,0.052083333,False,register_operations_review,public-derived-entity-complete-daily-aggregate
1,2020-12-25,50,96,193.94792,-6.9479167,7.8720331,0.71751096,0,0.03125,False,register_operations_review,public-derived-entity-complete-daily-aggregate
1,2020-12-26,50,96,203.73958,-8.8666667,8.4677289,0.72687197,0,0.041666667,False,register_operations_review,public-derived-entity-complete-daily-aggregate
1,2020-12-27,50,96,137.05208,-8.2197917,5.3254999,0.75188941,0,0.03125,False,register_operations_review,public-derived-entity-complete-daily-aggregate
1,2020-12-28,50,96,217.38542,-8.9208333,6.3187756,0.55541527,0,0.125,False,register_operations_review,public-derived-entity-complete-daily-aggregate
1,2020-12-29,50,96,233.89583,-9.6375,6.250256,0.50833471,0,0.17708333,False,register_operations_review,public-derived-entity-complete-daily-aggregate
1,2020-12-30,50,96,215.76042,-10.304167,7.5687976,0.62206986,0,0.072916667,False,register_operations_review,public-derived-entity-complete-daily-aggregate
1,2020-12-31,50,96,199.91667,-7.6770833,7.7738781,0.68986108,0,0.03125,False,register_operations_review,public-derived-entity-complete-daily-aggregate
2,2019-01-01,130,96,103.6474,-7.8954167,19.568711,1.3231791,0,0,False,register_operations_review,public-derived-entity-complete-daily-aggregate
2,2019-01-02,130,96,91.321563,-6.94,15.923707,1.2261023,0,0,False,register_operations_review,public-derived-entity-complete-daily-aggregate
2,2019-01-03,130,96,98.493229,-4.47875,19.036587,1.3670005,0,0,False,register_operations_review,public-derived-entity-complete-daily-aggregate
2,2019-01-04,130,96,93.053854,-7.2396875,17.223113,1.2560882,0,0,False,register_operations_review,public-derived-entity-complete-daily-aggregate
2,2019-01-05,130,96,58.549167,-6.413125,8.3388568,1.0314346,0,0,False,register_operations_review,public-derived-entity-complete-daily-aggregate
2,2019-01-06,130,96,72.012813,-5.5939583,12.546287,1.1991155,0,0,False,register_operations_review,public-derived-entity-complete-daily-aggregate
2,2019-01-07,130,96,94.496771,-7.5526042,18.661239,1.4174097,0,0,False,register_operations_review,public-derived-entity-complete-daily-aggregate
2,2019-01-08,130,96,81.317604,-7.8252083,14.252029,1.2322196,0,0,False,register_operations_review,public-derived-entity-complete-daily-aggregate
2,2019-01-09,130,96,73.6,-5.0104167,13.234083,1.2654666,0,0,False,register_operations_review,public-derived-entity-complete-daily-aggregate
2,2019-01-10,130,96,95.950729,-6.1540625,19.464785,1.399627,0,0,False,register_operations_review,public-derived-entity-complete-daily-aggregate
2,2019-01-11,130,96,83.466146,-4.8513542,16.169084,1.2952667,0,0,False,register_operations_review,public-derived-entity-complete-daily-aggregate
2,2019-01-12,130,96,62.727917,-5.1648958,9.6297395,1.1099439,0,0,False,register_operations_review,public-derived-entity-complete-daily-aggregate
2,2019-01-13,130,96,53.625417,-5.2553125,8.1581912,1.0524364,0,0,False,register_operations_review,public-derived-entity-complete-daily-aggregate
2,2019-01-14,130,96,115.68719,-4.1826042,23.643584,1.3608277,0,0,False,register_operations_review,public-derived-entity-complete-daily-aggregate
2,2019-01-15,130,96,90.709896,-6.031875,15.788342,1.2481653,0,0,False,register_operations_review,public-derived-entity-complete-daily-aggregate
2,2019-01-16,130,96,64.964792,-5.5846875,7.9514335,0.99307733,0,0,False,register_operations_review,public-derived-entity-complete-daily-aggregate
2,2019-01-17,130,96,61.259375,-2.8234375,7.0426926,0.73320881,0,0,False,register_operations_review,public-derived-entity-complete-daily-aggregate
2,2019-01-18,130,96,24.209479,-2.8636458,3.5561483,1.057532,0,0,False,register_operations_review,public-derived-entity-complete-daily-aggregate
2,2019-01-19,130,96,24.415521,-2.9983333,3.2872072,0.97824411,0,0,False,register_operations_review,public-derived-entity-complete-daily-aggregate
2,2019-01-20,130,96,52.900625,-4.35375,6.4599038,0.97935082,0,0.020833333,False,register_operations_review,public-derived-entity-complete-daily-aggregate
2,2019-01-21,130,96,86.857708,-5.0559375,14.526033,1.193163,0,0,False,register_operations_review,public-derived-entity-complete-daily-aggregate
2,2019-01-22,130,96,78.026562,-7.480625,12.311583,1.1407434,0,0,False,register_operations_review,public-derived-entity-complete-daily-aggregate
2,2019-01-23,130,96,96.126354,-4.493125,14.231061,1.0930434,0,0,False,register_operations_review,public-derived-entity-complete-daily-aggregate
2,2019-01-24,130,96,123.05854,-4.5847917,18.890285,1.1683071,0,0.010416667,False,register_operations_review,public-derived-entity-complete-daily-aggregate
2,2019-01-25,130,96,83.555104,-4.1178125,15.398648,1.2435888,0,0,False,register_operations_review,public-derived-entity-complete-daily-aggregate
2,2019-01-26,130,96,80.261667,-3.963125,11.244143,0.94733982,0,0.03125,False,register_operations_review,public-derived-entity-complete-daily-aggregate
2,2019-01-27,130,96,139.75042,-3.4476042,26.393922,1.3453995,0,0,False,register_operations_review,public-derived-entity-complete-daily-aggregate
2,2019-01-28,130,96,153.35094,-1.9009375,27.736253,1.2311523,0,0,False,register_operations_review,public-derived-entity-complete-daily-aggregate
2,2019-01-29,130,96,118.15969,2.7383333,21.594922,1.2805312,0,0,False,register_operations_review,public-derived-entity-complete-daily-aggregate
2,2019-01-30,130,96,87.334687,-4.9909375,14.781088,1.211508,0,0,False,register_operations_review,public-derived-entity-complete-daily-aggregate
2,2019-01-31,130,96,86.917396,-7.216875,14.027392,1.2042084,0,0,False,register_operations_review,public-derived-entity-complete-daily-aggregate
2,2019-02-01,130,96,54.245625,-5.4432292,7.915087,1.0936864,0,0,False,register_operations_review,public-derived-entity-complete-daily-aggregate
2,2019-02-02,130,96,106.1451,-3.3942708,16.471639,1.1797057,0,0,False,register_operations_review,public-derived-entity-complete-daily-aggregate
2,2019-02-03,130,96,128.31104,-2.4509375,19.480297,1.2015842,0,0,False,register_operations_review,public-derived-entity-complete-daily-aggregate
2,2019-02-04,130,96,132.48271,-0.85791667,22.393065,1.2268593,0,0,False,register_operations_review,public-derived-entity-complete-daily-aggregate
2,2019-02-05,130,96,119.52667,0.84666667,17.841537,1.1244025,0,0,False,register_operations_review,public-derived-entity-complete-daily-aggregate
2,2019-02-06,130,96,41.706979,1.515625,5.5419,0.97879315,0,0,False,register_operations_review,public-derived-entity-complete-daily-aggregate
2,2019-02-07,130,96,29.252083,-0.76395833,3.9978531,0.9978129,0,0,False,register_operations_review,public-derived-entity-complete-daily-aggregate
2,2019-02-08,130,96,48.986354,-1.4835417,6.4875295,0.91278425,0,0,False,register_operations_review,public-derived-entity-complete-daily-aggregate
2,2019-02-09,130,96,142.32438,-1.9105208,21.014413,1.1609568,0,0,False,register_operations_review,public-derived-entity-complete-daily-aggregate
2,2019-02-10,130,96,142.82792,0.27041667,21.115014,1.1444495,0,0,False,register_operations_review,public-derived-entity-complete-daily-aggregate
2,2019-02-11,130,96,145.59854,2.3790625,20.525023,1.1307617,0,0,False,register_operations_review,public-derived-entity-complete-daily-aggregate
2,2019-02-12,130,96,127.46906,2.6892708,18.288144,1.1004047,0,0,False,register_operations_review,public-derived-entity-complete-daily-aggregate
2,2019-02-13,130,96,99.196458,3.5989583,14.643341,1.0709457,0,0,False,register_operations_review,public-derived-entity-complete-daily-aggregate
2,2019-02-14,130,96,107.14833,1.4952083,16.062258,1.0954896,0,0,False,register_operations_review,public-derived-entity-complete-daily-aggregate
2,2019-02-15,130,96,97.068542,0.48625,14.361338,1.0657443,0,0,False,register_operations_review,public-derived-entity-complete-daily-aggregate
2,2019-02-16,130,96,81.885417,1.4342708,11.052251,1.0254982,0,0,False,register_operations_review,public-derived-entity-complete-daily-aggregate
2,2019-02-17,130,96,133.25729,0.1575,19.295755,1.0662826,0,0,False,register_operations_review,public-derived-entity-complete-daily-aggregate
2,2019-02-18,130,96,57.570833,0.88375,7.7238292,0.98917883,0,0,False,register_operations_review,public-derived-entity-complete-daily-aggregate
2,2019-02-19,130,96,111.75354,1.463125,16.146297,1.0217326,0,0,False,register_operations_review,public-derived-entity-complete-daily-aggregate
2,2019-02-20,130,96,147.82802,2.9341667,23.137122,1.1320566,0,0,False,register_operations_review,public-derived-entity-complete-daily-aggregate
2,2019-02-21,130,96,50.259479,1.694375,6.3658972,0.93279955,0,0,False,register_operations_review,public-derived-entity-complete-daily-aggregate
2,2019-02-22,130,96,124.64479,2.4308333,16.747947,1.0193802,0,0,False,register_operations_review,public-derived-entity-complete-daily-aggregate
2,2019-02-23,130,96,164.48375,3.091875,24.9778,1.150938,0,0,False,register_operations_review,public-derived-entity-complete-daily-aggregate
2,2019-02-24,130,96,120.07687,2.6698958,18.703944,1.1551051,0,0,False,register_operations_review,public-derived-entity-complete-daily-aggregate
2,2019-02-25,130,96,142.23854,3.2307292,22.606118,1.139924,0,0,False,register_operations_review,public-derived-entity-complete-daily-aggregate
2,2019-02-26,130,96,157.78229,2.4377083,25.435581,1.1525982,0,0,False,register_operations_review,public-derived-entity-complete-daily-aggregate
2,2019-02-27,130,96,139.04885,2.1515625,22.962114,1.1555334,0,0,False,register_operations_review,public-derived-entity-complete-daily-aggregate
2,2019-02-28,130,96,173.18823,3.2652083,27.084262,1.1425218,0,0,False,register_operations_review,public-derived-entity-complete-daily-aggregate
2,2019-03-01,130,96,168.18906,3.7960417,27.621504,1.1969699,0,0,False,register_operations_review,public-derived-entity-complete-daily-aggregate
2,2019-03-02,130,96,154.67042,4.4872917,22.583312,1.1164867,0,0,False,register_operations_review,public-derived-entity-complete-daily-aggregate
2,2019-03-03,130,96,106.91823,6.0991667,16.805799,1.1472148,0,0,False,register_operations_review,public-derived-entity-complete-daily-aggregate
2,2019-03-04,130,96,152.91042,7.4003125,24.314142,1.1664033,0,0,False,register_operations_review,public-derived-entity-complete-daily-aggregate
2,2019-03-05,130,96,167.52531,6.5227083,27.695337,1.2225943,0,0,False,register_operations_review,public-derived-entity-complete-daily-aggregate
2,2019-03-06,130,96,176.19104,6.7669792,29.10432,1.214527,0,0,False,register_operations_review,public-derived-entity-complete-daily-aggregate
2,2019-03-07,130,96,165.05135,7.0665625,27.674011,1.2079444,0,0,False,register_operations_review,public-derived-entity-complete-daily-aggregate
2,2019-03-08,130,96,149.09292,8.4952083,24.386094,1.1752093,0,0,False,register_operations_review,public-derived-entity-complete-daily-aggregate
2,2019-03-09,130,96,148.30604,8.15625,22.467885,1.1214712,0,0,False,register_operations_review,public-derived-entity-complete-daily-aggregate
2,2019-03-10,130,96,187.43042,8.5947917,29.534555,1.1678229,0,0,False,register_operations_review,public-derived-entity-complete-daily-aggregate
2,2019-03-11,130,96,153.80271,7.6040625,24.126965,1.1531651,0,0,False,register_operations_review,public-derived-entity-complete-daily-aggregate
2,2019-03-12,130,96,125.59719,9.5627083,19.354689,1.1154537,0,0,False,register_operations_review,public-derived-entity-complete-daily-aggregate
2,2019-03-13,130,96,157.95042,9.8575,23.241956,1.0828813,0,0,False,register_operations_review,public-derived-entity-complete-daily-aggregate
2,2019-03-14,130,96,114.26042,9.8563542,15.662247,0.99503029,0,0,False,register_operations_review,public-derived-entity-complete-daily-aggregate
2,2019-03-15,130,96,120.34615,8.345,15.795553,0.97258241,0,0,False,register_operations_review,public-derived-entity-complete-daily-aggregate
2,2019-03-16,130,96,198.27042,10.072708,24.730643,0.937648,0,0,False,register_operations_review,public-derived-entity-complete-daily-aggregate
2,2019-03-17,130,96,189.60396,10.336458,24.351568,0.97452839,0,0,False,register_operations_review,public-derived-entity-complete-daily-aggregate
2,2019-03-18,130,96,203.01531,12.746042,20.982524,0.82447018,0,0,False,register_operations_review,public-derived-entity-complete-daily-aggregate
2,2019-03-19,130,96,175.7725,14.641146,24.003408,1.0061711,0,0,False,register_operations_review,public-derived-entity-complete-daily-aggregate
2,2019-03-20,130,96,75.694063,9.4908333,8.3829326,0.8316629,0,0,False,register_operations_review,public-derived-entity-complete-daily-aggregate
2,2019-03-21,130,96,41.744271,9.3616667,3.9410899,0.65922358,0,0,False,register_operations_review,public-derived-entity-complete-daily-aggregate
2,2019-03-22,130,96,94.631562,10.497604,9.4646538,0.73570557,0,0,False,register_operations_review,public-derived-entity-complete-daily-aggregate
2,2019-03-23,130,96,101.08125,10.324896,10.160155,0.7368745,0,0,False,register_operations_review,public-derived-entity-complete-daily-aggregate
2,2019-03-24,130,96,98.564583,12.302917,9.8713292,0.7347815,0,0,False,register_operations_review,public-derived-entity-complete-daily-aggregate
2,2019-03-25,130,96,125.77531,13.703125,12.667718,0.74763439,0,0,False,register_operations_review,public-derived-entity-complete-daily-aggregate
2,2019-03-26,130,96,186.52906,14.183125,19.344789,0.75593453,0,0.020833333,False,register_operations_review,public-derived-entity-complete-daily-aggregate
2,2019-03-27,130,96,199.4901,15.11625,20.784108,0.73665468,0,0.03125,False,register_operations_review,public-derived-entity-complete-daily-aggregate
2,2019-03-28,130,96,164.1399,16.234479,18.166939,0.76226629,0,0,False,register_operations_review,public-derived-entity-complete-daily-aggregate
2,2019-03-29,130,96,187.59573,16.497604,19.714693,0.73256545,0,0.020833333,False,register_operations_review,public-derived-entity-complete-daily-aggregate
2,2019-03-30,130,96,161.89167,15.464375,16.135294,0.7172635,0,0,False,register_operations_review,public-derived-entity-complete-daily-aggregate
2,2019-03-31,130,96,161.89323,16.313125,18.863395,0.84264447,0,0.010416667,False,register_operations_review,public-derived-entity-complete-daily-aggregate
2,2019-04-01,130,96,208.80573,16.733542,26.568709,0.89969476,0,0,False,register_operations_review,public-derived-entity-complete-daily-aggregate
2,2019-04-02,130,96,164.9326,16.42125,22.161295,1.0278357,0,0.010416667,False,register_operations_review,public-derived-entity-complete-daily-aggregate
2,2019-04-03,130,96,213.28344,18.133958,26.921066,0.92114652,0,0,False,register_operations_review,public-derived-entity-complete-daily-aggregate
2,2019-04-04,130,96,181.96958,16.933229,21.895275,0.87853409,0,0,False,register_operations_review,public-derived-entity-complete-daily-aggregate
2,2019-04-05,130,96,213.22281,19.292292,26.707034,0.90600751,0.00061333333,0,False,register_operations_review,public-derived-entity-complete-daily-aggregate
2,2019-04-06,130,96,187.15385,20.803958,23.616677,0.93401844,0.00070583333,0,False,register_operations_review,public-derived-entity-complete-daily-aggregate
2,2019-04-07,130,96,233.93979,20.334271,29.229581,0.92427571,0.00010041667,0,False,register_operations_review,public-derived-entity-complete-daily-aggregate
2,2019-04-08,130,96,223.82781,18.10125,28.248133,0.91643826,9.9166667e-05,0,False,register_operations_review,public-derived-entity-complete-daily-aggregate
2,2019-04-09,130,96,225.02344,18.517604,25.36765,0.83965889,0.00086708333,0,False,register_operations_review,public-derived-entity-complete-daily-aggregate
2,2019-04-10,130,96,201.64646,18.014896,23.577295,0.89277876,3.3333333e-06,0.010416667,False,register_operations_review,public-derived-entity-complete-daily-aggregate
2,2019-04-11,130,96,197.48187,20.023438,24.271629,0.93827317,0.00098916667,0,False,register_operations_review,public-derived-entity-complete-daily-aggregate
2,2019-04-12,130,96,158.39937,20.228646,21.365798,0.99321365,0,0,False,register_operations_review,public-derived-entity-complete-daily-aggregate
2,2019-04-13,130,96,202.7675,19.612708,24.978146,0.9443362,0.00053541667,0,False,register_operations_review,public-derived-entity-complete-daily-aggregate
2,2019-04-14,130,96,196.18323,20.266979,22.754076,0.90076659,0.00072833333,0,False,register_operations_review,public-derived-entity-complete-daily-aggregate
2,2019-04-15,130,96,227.40562,22.203333,23.15081,0.79351439,0.0033295833,0,False,register_operations_review,public-derived-entity-complete-daily-aggregate
2,2019-04-16,130,96,210.75177,22.628958,23.838145,0.86969867,0.0037029167,0,False,register_operations_review,public-derived-entity-complete-daily-aggregate
2,2019-04-17,130,96,174.2476,23.900937,20.737301,0.91681757,0.0056966667,0,False,register_operations_review,public-derived-entity-complete-daily-aggregate
2,2019-04-18,130,96,76.574479,21.590521,9.8256496,0.99678269,4.9166667e-05,0,False,register_operations_review,public-derived-entity-complete-daily-aggregate
2,2019-04-19,130,96,252.19125,21.602708,31.845202,0.90167803,0.0037058333,0.010416667,False,register_operations_review,public-derived-entity-complete-daily-aggregate
2,2019-04-20,130,96,258.71021,22.673958,31.583489,0.87072839,0.0058920833,0,False,register_operations_review,public-derived-entity-complete-daily-aggregate
2,2019-04-21,130,96,233.14115,22.994792,25.049611,0.86380423,0.006995,0,False,register_operations_review,public-derived-entity-complete-daily-aggregate
2,2019-04-22,130,96,215.07802,25.890729,27.432725,0.91400214,0.0085304167,0,False,register_operations_review,public-derived-entity-complete-daily-aggregate
2,2019-04-23,130,96,211.85271,24.143229,0.88540276,0.53746124,0.0060904167,0.020833333,False,register_operations_review,public-derived-entity-complete-daily-aggregate
2,2019-04-24,130,96,170.68208,25.820208,19.335093,0.84846945,0.0081833333,0,False,register_operations_review,public-derived-entity-complete-daily-aggregate
2,2019-04-25,130,96,153.54729,23.888854,18.637901,0.8811272,0.0024295833,0,False,register_operations_review,public-derived-entity-complete-daily-aggregate
2,2019-04-26,130,96,169.15885,21.153542,20.606007,0.91630414,0,0,False,register_operations_review,public-derived-entity-complete-daily-aggregate
2,2019-04-27,130,96,119.83719,17.346667,15.500666,1.0219938,0,0,False,register_operations_review,public-derived-entity-complete-daily-aggregate
2,2019-04-28,130,96,130.67292,17.131979,15.620364,0.90814205,0,0,False,register_operations_review,public-derived-entity-complete-daily-aggregate
2,2019-04-29,130,96,123.67719,16.360417,13.051213,0.79567546,0,0,False,register_operations_review,public-derived-entity-complete-daily-aggregate
2,2019-04-30,130,96,138.73698,17.233021,14.861639,0.7806087,0,0,False,register_operations_review,public-derived-entity-complete-daily-aggregate
2,2019-05-01,130,96,133.67198,16.405833,15.198531,0.8455949,0,0,False,register_operations_review,public-derived-entity-complete-daily-aggregate
2,2019-05-02,130,96,182.8625,18.714375,20.281003,0.80430576,5.4166667e-06,0,False,register_operations_review,public-derived-entity-complete-daily-aggregate
2,2019-05-03,130,96,157.0875,19.396667,16.19572,0.75638973,0,0,False,register_operations_review,public-derived-entity-complete-daily-aggregate
2,2019-05-04,130,96,194.12063,18.756042,21.138301,0.81434407,0,0.010416667,False,register_operations_review,public-derived-entity-complete-daily-aggregate
2,2019-05-05,130,96,202.92354,19.020208,21.224094,0.79525221,0,0.03125,False,register_operations_review,public-derived-entity-complete-daily-aggregate
2,2019-05-06,130,96,219.76781,17.174896,20.317937,0.66633362,0,0.041666667,False,register_operations_review,public-derived-entity-complete-daily-aggregate
2,2019-05-07,130,96,204.49698,15.846562,21.896472,0.80387236,0,0.052083333,False,register_operations_review,public-derived-entity-complete-daily-aggregate
2,2019-05-08,130,96,287.45833,17.80375,26.295436,0.68904838,3.25e-05,0.03125,False,register_operations_review,public-derived-entity-complete-daily-aggregate
2,2019-05-09,130,96,285.38938,17.577813,26.287175,0.68167258,0,0.03125,False,register_operations_review,public-derived-entity-complete-daily-aggregate
2,2019-05-10,130,96,270.12271,19.025729,26.815612,0.73216813,0.00031041667,0,False,register_operations_review,public-derived-entity-complete-daily-aggregate
2,2019-05-11,130,96,298.87948,21.829688,23.566299,0.65001196,0.0034808333,0.13541667,False,register_operations_review,public-derived-entity-complete-daily-aggregate
2,2019-05-12,130,96,274.26573,22.111875,23.306704,0.68793642,0.0042995833,0.041666667,False,register_operations_review,public-derived-entity-complete-daily-aggregate
2,2019-05-13,130,96,243.60802,23.049271,22.640265,0.75784654,0.0017229167,0.010416667,False,register_operations_review,public-derived-entity-complete-daily-aggregate
2,2019-05-14,130,96,282.31104,22.493333,25.625277,0.72592244,0.0020708333,0.010416667,False,register_operations_review,public-derived-entity-complete-daily-aggregate
2,2019-05-15,130,96,314.62625,23.464583,25.440983,0.5903501,0.0060558333,0.03125,False,register_operations_review,public-derived-entity-complete-daily-aggregate
2,2019-05-16,130,96,266.79406,24.327187,25.059443,0.72520064,0.0062416667,0,False,register_operations_review,public-derived-entity-complete-daily-aggregate
2,2019-05-17,130,96,270.47177,25.611667,24.604526,0.70591997,0.0068758333,0,False,register_operations_review,public-derived-entity-complete-daily-aggregate
2,2019-05-18,130,96,115.59698,23.093021,13.066929,0.87549481,0.00034041667,0,False,register_operations_review,public-derived-entity-complete-daily-aggregate
2,2019-05-19,130,96,196.28333,20.201667,21.300093,0.86334652,7.9166667e-06,0,False,register_operations_review,public-derived-entity-complete-daily-aggregate
2,2019-05-20,130,96,130.88865,20.118125,15.384177,0.88824288,0,0,False,register_operations_review,public-derived-entity-complete-daily-aggregate
2,2019-05-21,130,96,277.67177,21.213229,27.450952,0.7526312,0.0028308333,0,False,register_operations_review,public-derived-entity-complete-daily-aggregate
2,2019-05-22,130,96,297.24844,24.208542,26.534922,0.68785646,0.0084254167,0,False,register_operations_review,public-derived-entity-complete-daily-aggregate
2,2019-05-23,130,96,283.87729,25.705313,26.833364,0.77848383,0.011360417,0,False,register_operations_review,public-derived-entity-complete-daily-aggregate
2,2019-05-24,130,96,168.94865,24.756667,18.639967,0.8283864,0.00343875,0,False,register_operations_review,public-derived-entity-complete-daily-aggregate
2,2019-05-25,130,96,83.170104,21.274271,9.4602639,0.89981852,0,0,False,register_operations_review,public-derived-entity-complete-daily-aggregate
2,2019-05-26,130,96,60.255729,16.453021,7.6856135,0.96956234,0,0,False,register_operations_review,public-derived-entity-complete-daily-aggregate
2,2019-05-27,130,96,163.72458,17.273646,18.174102,0.86728706,0,0,False,register_operations_review,public-derived-entity-complete-daily-aggregate
2,2019-05-28,130,96,188.33187,20.040104,19.950204,0.83349799,0.00028833333,0,False,register_operations_review,public-derived-entity-complete-daily-aggregate
2,2019-05-29,130,96,308.78146,20.960313,28.309816,0.69533811,0.0023733333,0.0625,False,register_operations_review,public-derived-entity-complete-daily-aggregate
2,2019-05-30,130,96,330.53688,24.623958,33.423702,0.6720154,0.0089758333,0.020833333,False,register_operations_review,public-derived-entity-complete-daily-aggregate
2,2019-05-31,130,96,327.86552,24.503125,32.831516,0.67520883,0.011074583,0.020833333,False,register_operations_review,public-derived-entity-complete-daily-aggregate
2,2019-06-01,130,96,317.5149,26.609688,32.592333,0.72284353,0.01411,0,False,register_operations_review,public-derived-entity-complete-daily-aggregate
2,2019-06-02,130,96,292.4249,27.643646,28.187687,0.74477371,0.013732917,0,False,register_operations_review,public-derived-entity-complete-daily-aggregate
2,2019-06-03,130,96,247.76438,26.901146,25.049281,0.80334773,0.0094958333,0,False,register_operations_review,public-derived-entity-complete-daily-aggregate
2,2019-06-04,130,96,189.88479,24.359062,20.838693,0.90281001,0.00368875,0,False,register_operations_review,public-derived-entity-complete-daily-aggregate
2,2019-06-05,130,96,258.58469,22.920937,19.756914,0.68687341,0.0040241667,0.13541667,False,register_operations_review,public-derived-entity-complete-daily-aggregate
2,2019-06-06,130,96,248.61688,22.936458,23.792499,0.74389186,0.0023679167,0,False,register_operations_review,public-derived-entity-complete-daily-aggregate
2,2019-06-07,130,96,231.43854,22.478437,18.461666,0.72582456,0.002565,0.125,False,register_operations_review,public-derived-entity-complete-daily-aggregate
2,2019-06-08,130,96,282.02146,25.376771,21.571236,0.63677771,0.0086554167,0.072916667,False,register_operations_review,public-derived-entity-complete-daily-aggregate
2,2019-06-09,130,96,322.91708,24.224583,30.110728,0.71795038,0.0067033333,0.03125,False,register_operations_review,public-derived-entity-complete-daily-aggregate
2,2019-06-10,130,96,296.94344,25.640833,25.693458,0.6749253,0.011752917,0,False,register_operations_review,public-derived-entity-complete-daily-aggregate
2,2019-06-11,130,96,42.112917,16.928646,5.9108801,1.0068413,0.00025916667,0,False,register_operations_review,public-derived-entity-complete-daily-aggregate
2,2019-06-12,130,96,127.28198,15.420833,13.628161,0.88067323,0,0.010416667,False,register_operations_review,public-derived-entity-complete-daily-aggregate
2,2019-06-13,130,96,310.54781,21.745313,23.082451,0.62223596,0.0026545833,0.15625,False,register_operations_review,public-derived-entity-complete-daily-aggregate
2,2019-06-14,130,96,337.89021,25.626667,17.729923,0.42183715,0.0099666667,0.14583333,False,register_operations_review,public-derived-entity-complete-daily-aggregate
2,2019-06-15,130,96,251.32375,24.398021,23.825003,0.76538452,0.0054775,0,False,register_operations_review,public-derived-entity-complete-daily-aggregate
2,2019-06-16,130,96,285.00958,25.972083,28.612969,0.78460863,0.0070295833,0.052083333,False,register_operations_review,public-derived-entity-complete-daily-aggregate
2,2019-06-17,130,96,248.39865,26.338021,26.202621,0.76796164,0.00919125,0.010416667,False,register_operations_review,public-derived-entity-complete-daily-aggregate
2,2019-06-18,130,96,156.71417,25.533438,16.918137,0.84731653,0.0043891667,0.010416667,False,register_operations_review,public-derived-entity-complete-daily-aggregate
2,2019-06-19,130,96,180.57344,19.895,21.594477,0.92155036,0,0,False,register_operations_review,public-derived-entity-complete-daily-aggregate
2,2019-06-20,130,96,290.20427,22.805521,32.050391,0.79967818,0.0040008333,0,False,register_operations_review,public-derived-entity-complete-daily-aggregate
2,2019-06-21,130,96,110.0325,21.224062,13.294295,0.91621144,0,0,False,register_operations_review,public-derived-entity-complete-daily-aggregate
2,2019-06-22,130,96,193.91396,22.505625,18.099836,0.81591081,0.0025404167,0.052083333,False,register_operations_review,public-derived-entity-complete-daily-aggregate
2,2019-06-23,130,96,179.6775,22.121042,17.364173,0.8058319,0.00093041667,0.03125,False,register_operations_review,public-derived-entity-complete-daily-aggregate
2,2019-06-24,130,96,174.45958,21.743021,19.528522,0.88626502,0.0011520833,0,False,register_operations_review,public-derived-entity-complete-daily-aggregate
2,2019-06-25,130,96,96.621562,16.029792,10.016363,0.82360387,0,0,False,register_operations_review,public-derived-entity-complete-daily-aggregate
2,2019-06-26,130,96,322.97281,20.123229,27.461751,0.62099072,0.0004175,0.072916667,False,register_operations_review,public-derived-entity-complete-daily-aggregate
2,2019-06-27,130,96,213.34948,21.625833,22.10597,0.73802225,0.001135,0.03125,False,register_operations_review,public-derived-entity-complete-daily-aggregate
2,2019-06-28,130,96,172.07635,20.218021,19.783006,0.85672166,9.375e-05,0,False,register_operations_review,public-derived-entity-complete-daily-aggregate
2,2019-06-29,130,96,314.97469,23.238646,24.562336,0.57615905,0.0052666667,0.13541667,False,register_operations_review,public-derived-entity-complete-daily-aggregate
2,2019-06-30,130,96,200.49458,23.735,22.764204,0.85153191,0.0032141667,0,False,register_operations_review,public-derived-entity-complete-daily-aggregate
2,2019-07-01,130,96,288.5624,22.205208,19.880761,0.61814211,0.0021458333,0.1875,False,register_operations_review,public-derived-entity-complete-daily-aggregate
2,2019-07-02,130,96,307.17812,26.531042,27.451112,0.70463465,0.01191125,0,False,register_operations_review,public-derived-entity-complete-daily-aggregate
2,2019-07-03,130,96,321.43187,29.204271,32.041992,0.6988535,0.018296667,0.020833333,False,register_operations_review,public-derived-entity-complete-daily-aggregate
2,2019-07-04,130,96,191.79271,26.273438,19.607675,0.79616266,0.00762125,0,False,register_operations_review,public-derived-entity-complete-daily-aggregate
2,2019-07-05,130,96,274.99875,26.994167,27.769716,0.74277237,0.012456667,0.010416667,False,register_operations_review,public-derived-entity-complete-daily-aggregate
2,2019-07-06,130,96,323.86292,28.236667,32.548111,0.68987168,0.014517917,0,False,register_operations_review,public-derived-entity-complete-daily-aggregate
2,2019-07-07,130,96,296.60104,28.475,31.458286,0.77460248,0.016410833,0,False,register_operations_review,public-derived-entity-complete-daily-aggregate
2,2019-07-08,130,96,245.2199,26.017188,26.727732,0.84912719,0.00634625,0,False,register_operations_review,public-derived-entity-complete-daily-aggregate
2,2019-07-09,130,96,266.37021,27.610729,28.68416,0.80794958,0.012893333,0,False,register_operations_review,public-derived-entity-complete-daily-aggregate
2,2019-07-10,130,96,159.17354,24.488021,18.096035,0.89659303,0.0018279167,0,False,register_operations_review,public-derived-entity-complete-daily-aggregate
2,2019-07-11,130,96,260.00708,26.669062,24.705654,0.79051282,0.0101125,0.010416667,False,register_operations_review,public-derived-entity-complete-daily-aggregate
2,2019-07-12,130,96,318.95865,28.265,30.317243,0.65383218,0.016739583,0,False,register_operations_review,public-derived-entity-complete-daily-aggregate
2,2019-07-13,130,96,314.74229,29.481562,28.888934,0.65607864,0.019496667,0,False,register_operations_review,public-derived-entity-complete-daily-aggregate
2,2019-07-14,130,96,248.87104,29.61375,24.902142,0.77650856,0.018455,0,False,register_operations_review,public-derived-entity-complete-daily-aggregate
2,2019-07-15,130,96,202.33385,28.637604,20.273769,0.7575369,0.015297083,0.010416667,False,register_operations_review,public-derived-entity-complete-daily-aggregate
2,2019-07-16,130,96,263.94958,27.174688,23.916859,0.78814958,0.01170375,0.041666667,False,register_operations_review,public-derived-entity-complete-daily-aggregate
2,2019-07-17,130,96,310.77292,28.897604,29.134887,0.6873561,0.017369167,0,False,register_operations_review,public-derived-entity-complete-daily-aggregate
2,2019-07-18,130,96,291.71833,28.334063,31.372927,0.77375983,0.015055417,0,False,register_operations_review,public-derived-entity-complete-daily-aggregate
2,2019-07-19,130,96,124.38708,27.315104,14.768571,0.88853941,0.0093795833,0.010416667,False,register_operations_review,public-derived-entity-complete-daily-aggregate
2,2019-07-20,130,96,310.94271,28.500833,32.907598,0.73863343,0.018679167,0,False,register_operations_review,public-derived-entity-complete-daily-aggregate
2,2019-07-21,130,96,273.79063,30.094167,30.137571,0.81806437,0.021894583,0.010416667,False,register_operations_review,public-derived-entity-complete-daily-aggregate
2,2019-07-22,130,96,282.78156,29.679792,27.45861,0.72936872,0.019562917,0,False,register_operations_review,public-derived-entity-complete-daily-aggregate
2,2019-07-23,130,96,311.73188,31.458438,31.976792,0.70950253,0.025945,0,False,register_operations_review,public-derived-entity-complete-daily-aggregate
2,2019-07-24,130,96,306.71979,31.326562,32.427803,0.73479538,0.02570125,0,False,register_operations_review,public-derived-entity-complete-daily-aggregate
2,2019-07-25,130,96,308.13885,32.49,32.189376,0.73623537,0.030701667,0,False,register_operations_review,public-derived-entity-complete-daily-aggregate
2,2019-07-26,130,96,90.993021,27.915208,8.5378584,0.70654421,0.011934167,0,False,register_operations_review,public-derived-entity-complete-daily-aggregate
2,2019-07-27,130,96,153.13531,29.154062,13.579341,0.6840139,0.016875833,0,False,register_operations_review,public-derived-entity-complete-daily-aggregate
2,2019-07-28,130,96,194.20812,30.578542,17.764542,0.72343951,0.022365833,0,False,register_operations_review,public-derived-entity-complete-daily-aggregate
2,2019-07-29,130,96,191.73771,31.085313,19.118803,0.77352997,0.02434125,0,False,register_operations_review,public-derived-entity-complete-daily-aggregate
2,2019-07-30,130,96,204.08104,31.487083,21.582631,0.80657727,0.025948333,0,False,register_operations_review,public-derived-entity-complete-daily-aggregate
2,2019-07-31,130,96,201.68792,31.615313,22.124674,0.81975036,0.02646125,0,False,register_operations_review,public-derived-entity-complete-daily-aggregate
2,2019-08-01,130,96,239.76552,31.162708,25.812954,0.77646631,0.024650833,0,False,register_operations_review,public-derived-entity-complete-daily-aggregate
2,2019-08-02,130,96,249.76146,29.928542,28.333311,0.82863818,0.019789583,0,False,register_operations_review,public-derived-entity-complete-daily-aggregate
2,2019-08-03,130,96,155.43656,29.225938,17.409435,0.85539151,0.01690375,0,False,register_operations_review,public-derived-entity-complete-daily-aggregate
2,2019-08-04,130,96,203.79031,25.473542,19.578305,0.78026467,0.0056508333,0.072916667,False,register_operations_review,public-derived-entity-complete-daily-aggregate
2,2019-08-05,130,96,250.6724,26.086354,21.970324,0.63358229,0.00983125,0.010416667,False,register_operations_review,public-derived-entity-complete-daily-aggregate
2,2019-08-06,130,96,235.84781,27.281667,21.790691,0.69292408,0.011012083,0,False,register_operations_review,public-derived-entity-complete-daily-aggregate
2,2019-08-07,130,96,207.99021,27.100938,19.843056,0.73250299,0.0097183333,0,False,register_operations_review,public-derived-entity-complete-daily-aggregate
2,2019-08-08,130,96,269.38021,29.104271,29.229265,0.80475567,0.017879167,0,False,register_operations_review,public-derived-entity-complete-daily-aggregate
2,2019-08-09,130,96,267.08719,30.992292,28.777385,0.78400343,0.024199583,0,False,register_operations_review,public-derived-entity-complete-daily-aggregate
2,2019-08-10,130,96,121.85646,29.944896,13.977315,0.76733783,0.019779583,0,False,register_operations_review,public-derived-entity-complete-daily-aggregate
2,2019-08-11,130,96,180.63219,30.160937,17.672982,0.69615548,0.02064375,0,False,register_operations_review,public-derived-entity-complete-daily-aggregate
2,2019-08-12,130,96,169.85354,29.130625,16.952305,0.72714223,0.016527917,0,False,register_operations_review,public-derived-entity-complete-daily-aggregate
2,2019-08-13,130,96,197.46437,30.097083,21.713975,0.81093072,0.020498333,0,False,register_operations_review,public-derived-entity-complete-daily-aggregate
2,2019-08-14,130,96,203.32729,29.734375,22.66434,0.7181306,0.018976667,0,False,register_operations_review,public-derived-entity-complete-daily-aggregate
2,2019-08-15,130,96,191.98198,28.335938,20.15,0.7778501,0.014719583,0,False,register_operations_review,public-derived-entity-complete-daily-aggregate
2,2019-08-16,130,96,213.93719,29.203542,24.656532,0.80344857,0.017234167,0,False,register_operations_review,public-derived-entity-complete-daily-aggregate
2,2019-08-17,130,96,79.217812,25.966979,9.4388824,0.86399587,0.0047895833,0.03125,False,register_operations_review,public-derived-entity-complete-daily-aggregate
2,2019-08-18,130,96,117.43667,24.293854,14.157155,0.91325734,0.0016325,0,False,register_operations_review,public-derived-entity-complete-daily-aggregate
2,2019-08-19,130,96,124.04969,21.178438,14.834174,0.95987384,0,0,False,register_operations_review,public-derived-entity-complete-daily-aggregate
2,2019-08-20,130,96,114.56042,18.394271,14.321042,0.94824807,0,0,False,register_operations_review,public-derived-entity-complete-daily-aggregate
2,2019-08-21,130,96,257.76562,19.724062,22.873129,0.68685834,0.00126125,0.020833333,False,register_operations_review,public-derived-entity-complete-daily-aggregate
2,2019-08-22,130,96,255.44146,21.927083,20.989918,0.64528394,0.00455625,0.0625,False,register_operations_review,public-derived-entity-complete-daily-aggregate
2,2019-08-23,130,96,250.97635,24.156458,22.312357,0.69694668,0.0083579167,0,False,register_operations_review,public-derived-entity-complete-daily-aggregate
2,2019-08-24,130,96,209.18542,24.298229,23.520082,0.8840097,0.00654375,0,False,register_operations_review,public-derived-entity-complete-daily-aggregate
2,2019-08-25,130,96,197.59667,25.044479,21.26502,0.85342552,0.0046891667,0,False,register_operations_review,public-derived-entity-complete-daily-aggregate
2,2019-08-26,130,96,187.03927,25.564375,22.706167,0.90242457,0.0079820833,0,False,register_operations_review,public-derived-entity-complete-daily-aggregate
2,2019-08-27,130,96,149.64448,25.057813,18.882463,0.9426171,0.0036766667,0,False,register_operations_review,public-derived-entity-complete-daily-aggregate
2,2019-08-28,130,96,177.83208,24.779167,18.179707,0.83781137,0.004625,0.010416667,False,register_operations_review,public-derived-entity-complete-daily-aggregate
2,2019-08-29,130,96,225.32688,26.252188,23.340141,0.82360319,0.0098420833,0,False,register_operations_review,public-derived-entity-complete-daily-aggregate
2,2019-08-30,130,96,178.80417,27.091771,19.276298,0.86809788,0.0087954167,0,False,register_operations_review,public-derived-entity-complete-daily-aggregate
2,2019-08-31,130,96,95.405208,23.229479,10.948435,0.90864784,0.00019,0,False,register_operations_review,public-derived-entity-complete-daily-aggregate
2,2019-09-01,130,96,239.45271,25.055521,23.052293,0.78698515,0.0071816667,0,False,register_operations_review,public-derived-entity-complete-daily-aggregate
2,2019-09-02,130,96,206.57104,27.294792,20.419583,0.79374373,0.01124625,0,False,register_operations_review,public-derived-entity-complete-daily-aggregate
2,2019-09-03,130,96,169.60604,24.425937,18.373357,0.83989119,0.0028025,0,False,register_operations_review,public-derived-entity-complete-daily-aggregate
2,2019-09-04,130,96,170.87458,24.425417,18.585802,0.81290529,0.0044933333,0,False,register_operations_review,public-derived-entity-complete-daily-aggregate
2,2019-09-05,130,96,173.91365,23.746146,19.723664,0.82814646,0.0022533333,0,False,register_operations_review,public-derived-entity-complete-daily-aggregate
2,2019-09-06,130,96,142.45937,24.367708,15.583956,0.78325181,0.0036941667,0,False,register_operations_review,public-derived-entity-complete-daily-aggregate
2,2019-09-07,130,96,84.709271,16.845833,8.7379393,0.85464159,0,0,False,register_operations_review,public-derived-entity-complete-daily-aggregate
2,2019-09-08,130,96,226.10396,18.791354,22.530737,0.79525937,3.875e-05,0,False,register_operations_review,public-derived-entity-complete-daily-aggregate
2,2019-09-09,130,96,210.42865,22.133542,21.926027,0.85729742,0.0018691667,0,False,register_operations_review,public-derived-entity-complete-daily-aggregate
2,2019-09-10,130,96,186.58365,22.297396,20.615097,0.83953326,0.0017620833,0,False,register_operations_review,public-derived-entity-complete-daily-aggregate
2,2019-09-11,130,96,180.69677,16.617396,14.130555,0.70733342,0,0.10416667,False,register_operations_review,public-derived-entity-complete-daily-aggregate
2,2019-09-12,130,96,178.89448,19.01375,17.091005,0.76526299,7.0833333e-06,0.03125,False,register_operations_review,public-derived-entity-complete-daily-aggregate
2,2019-09-13,130,96,201.34615,18.419271,19.806249,0.79139078,0,0.010416667,False,register_operations_review,public-derived-entity-complete-daily-aggregate
2,2019-09-14,130,96,198.96979,20.691146,18.0018,0.80281982,0.00024875,0.052083333,False,register_operations_review,public-derived-entity-complete-daily-aggregate
2,2019-09-15,130,96,187.52271,22.068542,10.352669,0.55585842,0.00059458333,0.27083333,False,register_operations_review,public-derived-entity-complete-daily-aggregate
2,2019-09-16,130,96,129.24458,18.530208,0.3175497,0.071714504,0,0.27083333,False,register_operations_review,public-derived-entity-complete-daily-aggregate
2,2019-09-17,130,96,30.057396,13.656667,3.6585621,0.81965734,0,0,False,register_operations_review,public-derived-entity-complete-daily-aggregate
2,2019-09-18,130,96,248.10083,16.259271,19.630248,0.68514629,0,0.11458333,False,register_operations_review,public-derived-entity-complete-daily-aggregate
2,2019-09-19,130,96,240.24792,17.912604,23.75898,0.79458839,0,0,False,register_operations_review,public-derived-entity-complete-daily-aggregate
2,2019-09-20,130,96,240.9325,19.569167,24.885163,0.85070982,0.0010933333,0,False,register_operations_review,public-derived-entity-complete-daily-aggregate
2,2019-09-21,130,96,237.975,20.195833,24.870113,0.88044061,0.0019766667,0,False,register_operations_review,public-derived-entity-complete-daily-aggregate
2,2019-09-22,130,96,234.78635,20.829271,26.39079,0.93265393,0.00291875,0,False,register_operations_review,public-derived-entity-complete-daily-aggregate
2,2019-09-23,130,96,239.42042,22.707708,25.343395,0.86024325,0.0055466667,0,False,register_operations_review,public-derived-entity-complete-daily-aggregate
2,2019-09-24,130,96,236.34281,21.845833,23.959041,0.85375989,0.0039904167,0,False,register_operations_review,public-derived-entity-complete-daily-aggregate
2,2019-09-25,130,96,230.64094,21.9375,26.588739,0.92729189,0.0044895833,0,False,register_operations_review,public-derived-entity-complete-daily-aggregate
2,2019-09-26,130,96,224.28635,22.732812,24.633564,0.91677404,0.0054791667,0,False,register_operations_review,public-derived-entity-complete-daily-aggregate
2,2019-09-27,130,96,222.54344,24.174375,23.977834,0.90824486,0.0063491667,0,False,register_operations_review,public-derived-entity-complete-daily-aggregate
2,2019-09-28,130,96,222.53323,23.088021,22.994005,0.88444759,0.00618625,0,False,register_operations_review,public-derived-entity-complete-daily-aggregate
2,2019-09-29,130,96,223.81938,23.955313,22.210818,0.8267247,0.0074245833,0,False,register_operations_review,public-derived-entity-complete-daily-aggregate
2,2019-09-30,130,96,193.12521,23.090937,18.329813,0.83422899,0.00578,0.020833333,False,register_operations_review,public-derived-entity-complete-daily-aggregate
2,2019-10-01,130,96,160.65521,22.471771,13.453618,0.7939468,0.00063125,0.041666667,False,register_operations_review,public-derived-entity-complete-daily-aggregate
2,2019-10-02,130,96,163.59229,18.954062,18.475749,0.89798046,0,0,False,register_operations_review,public-derived-entity-complete-daily-aggregate
2,2019-10-03,130,96,103.00417,17.970729,12.231547,0.90257321,0,0,False,register_operations_review,public-derived-entity-complete-daily-aggregate
2,2019-10-04,130,96,102.33667,16.365,12.35577,0.89680784,0,0,False,register_operations_review,public-derived-entity-complete-daily-aggregate
2,2019-10-05,130,96,130.33833,16.637396,17.014688,0.93553809,0,0,False,register_operations_review,public-derived-entity-complete-daily-aggregate
2,2019-10-06,130,96,147.61937,16.994896,17.533118,0.91278702,0,0,False,register_operations_review,public-derived-entity-complete-daily-aggregate
2,2019-10-07,130,96,134.75979,17.131875,16.623439,0.94238389,0,0,False,register_operations_review,public-derived-entity-complete-daily-aggregate
2,2019-10-08,130,96,180.76375,17.764479,19.148009,0.9002878,0,0.03125,False,register_operations_review,public-derived-entity-complete-daily-aggregate
2,2019-10-09,130,96,143.64083,17.200625,17.033773,0.96186109,0,0,False,register_operations_review,public-derived-entity-complete-daily-aggregate
2,2019-10-10,130,96,194.98344,17.337396,24.593873,1.0343284,0,0,False,register_operations_review,public-derived-entity-complete-daily-aggregate
2,2019-10-11,130,96,203.63417,16.685,26.298346,1.0141357,0,0,False,register_operations_review,public-derived-entity-complete-daily-aggregate
2,2019-10-12,130,96,205.84354,17.654375,23.165318,0.91453682,2e-05,0,False,register_operations_review,public-derived-entity-complete-daily-aggregate
2,2019-10-13,130,96,190.67104,13.859063,26.557586,1.0807723,0,0,False,register_operations_review,public-derived-entity-complete-daily-aggregate
2,2019-10-14,130,96,182.97604,13.12875,23.637729,1.0593482,0,0,False,register_operations_review,public-derived-entity-complete-daily-aggregate
2,2019-10-15,130,96,175.84427,14.040417,22.796358,1.0148742,0,0,False,register_operations_review,public-derived-entity-complete-daily-aggregate
2,2019-10-16,130,96,194.51896,16.403958,23.028437,0.99851382,0,0,False,register_operations_review,public-derived-entity-complete-daily-aggregate
2,2019-10-17,130,96,178.24437,14.576042,22.007507,1.0000601,0,0,False,register_operations_review,public-derived-entity-complete-daily-aggregate
2,2019-10-18,130,96,179.24771,17.235312,23.045816,1.0022614,0,0,False,register_operations_review,public-derived-entity-complete-daily-aggregate
2,2019-10-19,130,96,137.21375,16.892292,18.16595,1.0456199,0,0,False,register_operations_review,public-derived-entity-complete-daily-aggregate
2,2019-10-20,130,96,157.52667,13.161979,21.361856,1.0834193,0,0,False,register_operations_review,public-derived-entity-complete-daily-aggregate
2,2019-10-21,130,96,158.58062,12.945208,22.585918,1.1001048,0,0,False,register_operations_review,public-derived-entity-complete-daily-aggregate
2,2019-10-22,130,96,145.4476,14.20875,20.720493,1.0922182,0,0,False,register_operations_review,public-derived-entity-complete-daily-aggregate
2,2019-10-23,130,96,111.08354,13.735,15.070922,1.0264118,0,0,False,register_operations_review,public-derived-entity-complete-daily-aggregate
2,2019-10-24,130,96,126.02896,10.456667,17.759758,1.0435379,0,0,False,register_operations_review,public-derived-entity-complete-daily-aggregate
2,2019-10-25,130,96,130.32271,9.5783333,17.818971,1.0508216,0,0,False,register_operations_review,public-derived-entity-complete-daily-aggregate
2,2019-10-26,130,96,156.97198,9.1348958,22.418384,1.1006602,0,0,False,register_operations_review,public-derived-entity-complete-daily-aggregate
2,2019-10-27,130,96,165.4749,10.334271,21.857697,1.0708405,0,0,False,register_operations_review,public-derived-entity-complete-daily-aggregate
2,2019-10-28,130,96,144.98021,10.030208,21.782344,1.1363165,0,0,False,register_operations_review,public-derived-entity-complete-daily-aggregate
2,2019-10-29,130,96,147.04802,10.847083,21.953271,1.1448069,0,0,False,register_operations_review,public-derived-entity-complete-daily-aggregate
2,2019-10-30,130,96,157.90479,10.457708,23.664523,1.176669,0,0,False,register_operations_review,public-derived-entity-complete-daily-aggregate
2,2019-10-31,130,96,154.2001,10.7625,22.207575,1.1458027,0,0,False,register_operations_review,public-derived-entity-complete-daily-aggregate
2,2019-11-01,130,96,157.55167,10.692292,26.150728,1.2407699,0,0,False,register_operations_review,public-derived-entity-complete-daily-aggregate
2,2019-11-02,130,96,148.40656,11.294479,24.783354,1.2423153,0,0,False,register_operations_review,public-derived-entity-complete-daily-aggregate
2,2019-11-03,130,96,145.64385,11.403646,21.829497,1.2031673,0,0,False,register_operations_review,public-derived-entity-complete-daily-aggregate
2,2019-11-04,130,96,134.73521,11.548333,20.067909,1.123805,0,0,False,register_operations_review,public-derived-entity-complete-daily-aggregate
2,2019-11-05,130,96,143.25615,9.4998958,22.76305,1.2348948,0,0,False,register_operations_review,public-derived-entity-complete-daily-aggregate
2,2019-11-06,130,96,95.589271,10.439271,14.556993,1.1203355,0,0,False,register_operations_review,public-derived-entity-complete-daily-aggregate
2,2019-11-07,130,96,127.50094,9.4145833,21.321378,1.2656058,0,0,False,register_operations_review,public-derived-entity-complete-daily-aggregate
2,2019-11-08,130,96,127.50094,9.4145833,21.321378,1.2656058,0,0,False,register_operations_review,public-derived-entity-complete-daily-aggregate
2,2019-11-09,130,96,127.50094,9.4145833,21.321378,1.2656058,0,0,False,register_operations_review,public-derived-entity-complete-daily-aggregate
2,2019-11-10,130,96,127.50094,9.4145833,21.321378,1.2656058,0,0,False,register_operations_review,public-derived-entity-complete-daily-aggregate
2,2019-11-11,130,96,118.03427,8.9734375,19.100018,1.1782292,0,0,False,register_operations_review,public-derived-entity-complete-daily-aggregate
2,2019-11-12,130,96,137.46635,7.9101042,19.476289,1.06227,0,0,False,register_operations_review,public-derived-entity-complete-daily-aggregate
2,2019-11-13,130,96,120.84479,4.9228125,20.294325,1.2587813,0,0,False,register_operations_review,public-derived-entity-complete-daily-aggregate
2,2019-11-14,130,96,134.91313,5.6117708,23.017222,1.275434,0,0,False,register_operations_review,public-derived-entity-complete-daily-aggregate
2,2019-11-15,130,96,134.24437,7.5834375,22.752836,1.2464102,0,0,False,register_operations_review,public-derived-entity-complete-daily-aggregate
2,2019-11-16,130,96,67.291146,10.73625,8.9620829,0.97808373,0,0,False,register_operations_review,public-derived-entity-complete-daily-aggregate
2,2019-11-17,130,96,130.62385,8.1172917,22.115408,1.2357018,0,0,False,register_operations_review,public-derived-entity-complete-daily-aggregate
2,2019-11-18,130,96,119.97448,4.4734375,20.646609,1.2184884,0,0,False,register_operations_review,public-derived-entity-complete-daily-aggregate
2,2019-11-19,130,96,132.68896,6.2705208,24.377354,1.3087212,0,0,False,register_operations_review,public-derived-entity-complete-daily-aggregate
2,2019-11-20,130,96,124.88583,4.0688542,22.090177,1.25993,0,0,False,register_operations_review,public-derived-entity-complete-daily-aggregate
2,2019-11-21,130,96,81.890521,4.0972917,11.461127,1.0701251,0,0,False,register_operations_review,public-derived-entity-complete-daily-aggregate
2,2019-11-22,130,96,104.36854,7.5544792,16.586332,1.1567223,0,0,False,register_operations_review,public-derived-entity-complete-daily-aggregate
2,2019-11-23,130,96,88.805417,4.54875,15.267162,1.2549595,0,0,False,register_operations_review,public-derived-entity-complete-daily-aggregate
2,2019-11-24,130,96,59.0325,0.54197917,8.7198343,1.0771356,0,0,False,register_operations_review,public-derived-entity-complete-daily-aggregate
2,2019-11-25,130,96,111.82646,-1.0538542,18.793184,1.2278388,0,0,False,register_operations_review,public-derived-entity-complete-daily-aggregate
2,2019-11-26,130,96,97.929063,-0.91041667,16.929546,1.2409456,0,0,False,register_operations_review,public-derived-entity-complete-daily-aggregate
2,2019-11-27,130,96,88.781771,-0.7678125,13.97665,1.1480633,0,0,False,register_operations_review,public-derived-entity-complete-daily-aggregate
2,2019-11-28,130,96,80.026146,-0.074375,12.112695,1.0858471,0,0,False,register_operations_review,public-derived-entity-complete-daily-aggregate
2,2019-11-29,130,96,103.41302,-0.64427083,18.077801,1.2448583,0,0,False,register_operations_review,public-derived-entity-complete-daily-aggregate
2,2019-11-30,130,96,102.02198,-0.93822917,18.617457,1.314933,0,0,False,register_operations_review,public-derived-entity-complete-daily-aggregate
2,2019-12-01,130,96,94.665417,-0.01375,16.899434,1.2304358,0,0,False,register_operations_review,public-derived-entity-complete-daily-aggregate
2,2019-12-02,130,96,105.92323,-0.25416667,19.858314,1.3409784,0,0,False,register_operations_review,public-derived-entity-complete-daily-aggregate
2,2019-12-03,130,96,119.51313,0.33645833,22.621419,1.2904105,0,0,False,register_operations_review,public-derived-entity-complete-daily-aggregate
2,2019-12-04,130,96,117.94094,-1.1136458,21.680152,1.2760459,0,0,False,register_operations_review,public-derived-entity-complete-daily-aggregate
2,2019-12-05,130,96,116.79896,-1.9717708,22.492217,1.3168653,0,0,False,register_operations_review,public-derived-entity-complete-daily-aggregate
2,2019-12-06,130,96,112.60979,-1.1532292,20.697065,1.2858719,0,0,False,register_operations_review,public-derived-entity-complete-daily-aggregate
2,2019-12-07,130,96,120.52469,1.0764583,22.797303,1.2645247,0,0,False,register_operations_review,public-derived-entity-complete-daily-aggregate
2,2019-12-08,130,96,114.23979,-0.97625,21.733415,1.2897914,0,0,False,register_operations_review,public-derived-entity-complete-daily-aggregate
2,2019-12-09,130,96,98.452812,-1.4023958,16.687419,1.1864702,0,0,False,register_operations_review,public-derived-entity-complete-daily-aggregate
2,2019-12-10,130,96,66.234479,-0.83791667,10.612921,1.1077262,0,0,False,register_operations_review,public-derived-entity-complete-daily-aggregate
2,2019-12-11,130,96,91.768438,-1.57125,16.48673,1.2125954,0,0,False,register_operations_review,public-derived-entity-complete-daily-aggregate
2,2019-12-12,130,96,92.997187,-1.3592708,16.69204,1.257587,0,0,False,register_operations_review,public-derived-entity-complete-daily-aggregate
2,2019-12-13,130,96,83.588437,-2.8890625,13.506551,1.1537599,0,0,False,register_operations_review,public-derived-entity-complete-daily-aggregate
2,2019-12-14,130,96,80.064375,-2.4621875,14.874681,1.2482715,0,0,False,register_operations_review,public-derived-entity-complete-daily-aggregate
2,2019-12-15,130,96,92.845937,0.68666667,14.489988,1.1342164,0,0,False,register_operations_review,public-derived-entity-complete-daily-aggregate
2,2019-12-16,130,96,106.46375,-0.419375,20.110443,1.2727347,0,0,False,register_operations_review,public-derived-entity-complete-daily-aggregate
2,2019-12-17,130,96,110.51448,-3.82375,21.08092,1.2658539,0,0,False,register_operations_review,public-derived-entity-complete-daily-aggregate
2,2019-12-18,130,96,93.092708,-4.7778125,17.295279,1.1952723,0,0,False,register_operations_review,public-derived-entity-complete-daily-aggregate
2,2019-12-19,130,96,47.897917,-2.4003125,6.8061145,1.0094039,0,0,False,register_operations_review,public-derived-entity-complete-daily-aggregate
2,2019-12-20,130,96,0,-2.3384375,21.070743,,0,0,False,register_operations_review,public-derived-entity-complete-daily-aggregate
2,2019-12-21,130,96,0,-2.8916667,19.599509,,0,0,False,register_operations_review,public-derived-entity-complete-daily-aggregate
2,2019-12-22,130,96,0,-2.2736458,18.150567,,0,0,False,register_operations_review,public-derived-entity-complete-daily-aggregate
2,2019-12-23,130,96,0,-1.6177083,18.80856,,0,0,False,register_operations_review,public-derived-entity-complete-daily-aggregate
2,2019-12-24,130,96,0,-2.0744792,8.1995665,,0,0,False,register_operations_review,public-derived-entity-complete-daily-aggregate
2,2019-12-25,130,96,0,-5.2561458,19.783084,,0,0,False,register_operations_review,public-derived-entity-complete-daily-aggregate
2,2019-12-26,130,96,0,-5.7988542,18.547691,,0,0,False,register_operations_review,public-derived-entity-complete-daily-aggregate
2,2019-12-27,130,96,0,-5.0967708,19.753467,,0,0,False,register_operations_review,public-derived-entity-complete-daily-aggregate
2,2019-12-28,130,96,0,-2.0289583,20.889662,,0,0,False,register_operations_review,public-derived-entity-complete-daily-aggregate
2,2019-12-29,130,96,0,-2.6544792,14.288969,,0,0,False,register_operations_review,public-derived-entity-complete-daily-aggregate
2,2019-12-30,130,96,90.324167,-3.8745833,14.052512,1.0248523,0,0.010416667,False,register_operations_review,public-derived-entity-complete-daily-aggregate
2,2019-12-31,130,96,76.283021,-4.15,12.61313,1.1083245,0,0,False,register_operations_review,public-derived-entity-complete-daily-aggregate
2,2020-01-01,130,96,99.947604,-1.8713542,16.211531,1.1161867,0,0,False,register_operations_review,public-derived-entity-complete-daily-aggregate
2,2020-01-02,130,96,94.251146,-4.5014583,15.211639,1.1624398,0,0,False,register_operations_review,public-derived-entity-complete-daily-aggregate
2,2020-01-03,130,96,104.05427,-5.2141667,17.318991,1.1899351,0,0,False,register_operations_review,public-derived-entity-complete-daily-aggregate
2,2020-01-04,130,96,71.79875,-4.3095833,11.264543,1.0684923,0,0,False,register_operations_review,public-derived-entity-complete-daily-aggregate
2,2020-01-05,130,96,109.33156,-3.1345833,18.597549,1.1485024,0,0,False,register_operations_review,public-derived-entity-complete-daily-aggregate
2,2020-01-06,130,96,47.204167,-4.6535417,6.0216187,0.91769045,0,0,False,register_operations_review,public-derived-entity-complete-daily-aggregate
2,2020-01-07,130,96,60.695729,-4.3576042,8.8803676,1.0160312,0,0,False,register_operations_review,public-derived-entity-complete-daily-aggregate
2,2020-01-08,130,96,25.342396,-4.3504167,1.6515868,0.45764893,0,0,False,register_operations_review,public-derived-entity-complete-daily-aggregate
2,2020-01-09,130,96,125.04135,-2.8319792,22.5167,1.0862899,0,0,False,register_operations_review,public-derived-entity-complete-daily-aggregate
2,2020-01-10,130,96,118.2474,-4.1039583,23.657678,1.3104618,0,0,False,register_operations_review,public-derived-entity-complete-daily-aggregate
2,2020-01-11,130,96,109.84219,-4.6594792,21.840969,1.3485797,0,0,False,register_operations_review,public-derived-entity-complete-daily-aggregate
2,2020-01-12,130,96,115.42823,-3.2296875,20.391226,1.2453083,0,0,False,register_operations_review,public-derived-entity-complete-daily-aggregate
2,2020-01-13,130,96,37.673958,-3.7682292,5.4814521,1.0845149,0,0,False,register_operations_review,public-derived-entity-complete-daily-aggregate
2,2020-01-14,130,96,57.449688,-2.98875,9.2478676,1.1330478,0,0,False,register_operations_review,public-derived-entity-complete-daily-aggregate
2,2020-01-15,130,96,88.303958,-3.2304167,14.697081,1.205605,0,0,False,register_operations_review,public-derived-entity-complete-daily-aggregate
2,2020-01-16,130,96,111.6599,-2.6263542,20.021285,1.2649877,0,0,False,register_operations_review,public-derived-entity-complete-daily-aggregate
2,2020-01-17,130,96,109.52927,-1.36875,20.079884,1.2563883,0,0,False,register_operations_review,public-derived-entity-complete-daily-aggregate
2,2020-01-18,130,96,94.576563,-3.9954167,14.689198,1.1685125,0,0.010416667,False,register_operations_review,public-derived-entity-complete-daily-aggregate
2,2020-01-19,130,96,129.35948,-3.3763542,23.702578,1.2955282,0,0,False,register_operations_review,public-derived-entity-complete-daily-aggregate
2,2020-01-20,130,96,65.092396,-5.27875,8.9796825,1.0110766,0,0,False,register_operations_review,public-derived-entity-complete-daily-aggregate
2,2020-01-21,130,96,95.099063,-5.1747917,14.862069,1.1391861,0,0,False,register_operations_review,public-derived-entity-complete-daily-aggregate
2,2020-01-22,130,96,125.58927,-2.7758333,23.439205,1.3588651,0,0,False,register_operations_review,public-derived-entity-complete-daily-aggregate
2,2020-01-23,130,96,133.7525,-2.0426042,16.54834,0.96566914,0,0.052083333,False,register_operations_review,public-derived-entity-complete-daily-aggregate
2,2020-01-24,130,96,131.795,-4.5671875,20.709884,1.1891848,0,0,False,register_operations_review,public-derived-entity-complete-daily-aggregate
2,2020-01-25,130,96,106.49187,-2.7432292,12.610211,1.015872,0,0,False,register_operations_review,public-derived-entity-complete-daily-aggregate
2,2020-01-26,130,96,116.04677,-2.6159375,14.650004,0.98278763,0,0,False,register_operations_review,public-derived-entity-complete-daily-aggregate
2,2020-01-27,130,96,122.42937,-2.2269792,11.050946,0.87213214,0,0.13541667,False,register_operations_review,public-derived-entity-complete-daily-aggregate
2,2020-01-28,130,96,136.88354,-2.79,12.274701,0.85364563,0,0.13541667,False,register_operations_review,public-derived-entity-complete-daily-aggregate
2,2020-01-29,130,96,115.79438,-3.1211458,11.516981,0.9077907,0,0.03125,False,register_operations_review,public-derived-entity-complete-daily-aggregate
2,2020-01-30,130,96,131.325,-2.1061458,12.317341,0.87418569,0,0.125,False,register_operations_review,public-derived-entity-complete-daily-aggregate
2,2020-01-31,130,96,137.56698,-1.3870833,12.468296,0.76869403,0,0.11458333,False,register_operations_review,public-derived-entity-complete-daily-aggregate
2,2020-02-01,130,96,144.15615,-1.6840625,15.127875,0.92881689,0,0,False,register_operations_review,public-derived-entity-complete-daily-aggregate
2,2020-02-02,130,96,152.79625,-2.0153125,15.633999,0.88956489,0,0,False,register_operations_review,public-derived-entity-complete-daily-aggregate
2,2020-02-03,130,96,155.60083,-0.58072917,15.374839,0.87207585,0,0.03125,False,register_operations_review,public-derived-entity-complete-daily-aggregate
2,2020-02-04,130,96,141.6424,-0.94875,15.794316,0.99339109,0,0,False,register_operations_review,public-derived-entity-complete-daily-aggregate
2,2020-02-05,130,96,152.81635,0.22552083,13.720471,0.84240722,0,0.083333333,False,register_operations_review,public-derived-entity-complete-daily-aggregate
2,2020-02-06,130,96,120.19146,0.0086458333,10.523484,0.81306462,0,0.083333333,False,register_operations_review,public-derived-entity-complete-daily-aggregate
2,2020-02-07,130,96,155.24375,0.79458333,11.755127,0.70577338,0,0.17708333,False,register_operations_review,public-derived-entity-complete-daily-aggregate
2,2020-02-08,130,96,160.44313,0.65708333,12.363633,0.74104582,0,0.17708333,False,register_operations_review,public-derived-entity-complete-daily-aggregate
2,2020-02-09,130,96,168.18635,0.12479167,12.35953,0.7083286,0,0.1875,False,register_operations_review,public-derived-entity-complete-daily-aggregate
2,2020-02-10,130,96,169.2899,2.2132292,12.174159,0.6907634,0,0.19791667,False,register_operations_review,public-derived-entity-complete-daily-aggregate
2,2020-02-11,130,96,150.71656,2.5664583,10.736104,0.77523973,0,0.17708333,False,register_operations_review,public-derived-entity-complete-daily-aggregate
2,2020-02-12,130,96,117.84969,4.3978125,9.2513358,0.71054714,0,0.11458333,False,register_operations_review,public-derived-entity-complete-daily-aggregate
2,2020-02-13,130,96,154.75156,4.1833333,11.889869,0.77237753,0,0.15625,False,register_operations_review,public-derived-entity-complete-daily-aggregate
2,2020-02-14,130,96,107.62177,3.0852083,9.5135273,0.78863232,0,0.052083333,False,register_operations_review,public-derived-entity-complete-daily-aggregate
2,2020-02-15,130,96,107.65823,-1.2655208,10.540707,0.80040634,0,0,False,register_operations_review,public-derived-entity-complete-daily-aggregate
2,2020-02-16,130,96,122.85906,-0.38010417,12.094483,0.81687383,0,0.041666667,False,register_operations_review,public-derived-entity-complete-daily-aggregate
2,2020-02-17,130,96,138.04563,0.788125,12.114144,0.76487371,0,0.072916667,False,register_operations_review,public-derived-entity-complete-daily-aggregate
2,2020-02-18,130,96,127.43917,-0.71135417,11.706936,0.80952343,0,0.052083333,False,register_operations_review,public-derived-entity-complete-daily-aggregate
2,2020-02-19,130,96,89.899271,2.5471875,9.6060003,0.86353784,0,0,False,register_operations_review,public-derived-entity-complete-daily-aggregate
2,2020-02-20,130,96,157.25927,1.608125,17.003078,0.8807966,0,0,False,register_operations_review,public-derived-entity-complete-daily-aggregate
2,2020-02-21,130,96,161.97042,2.0863542,16.385568,0.85923085,0,0,False,register_operations_review,public-derived-entity-complete-daily-aggregate
2,2020-02-22,130,96,172.90406,3.1109375,17.59738,0.85149372,0,0,False,register_operations_review,public-derived-entity-complete-daily-aggregate
2,2020-02-23,130,96,189.82854,8.1945833,13.389427,0.6920509,0,0.19791667,False,register_operations_review,public-derived-entity-complete-daily-aggregate
2,2020-02-24,130,96,172.65469,9.08875,13.387237,0.72732632,0,0.14583333,False,register_operations_review,public-derived-entity-complete-daily-aggregate
2,2020-02-25,130,96,181.05167,8.6945833,13.146707,0.67094032,0,0.16666667,False,register_operations_review,public-derived-entity-complete-daily-aggregate
2,2020-02-26,130,96,183.29979,9.9108333,12.041563,0.6451095,0,0.20833333,False,register_operations_review,public-derived-entity-complete-daily-aggregate
2,2020-02-27,130,96,146.37677,8.0580208,18.307518,0.97248228,0,0,False,register_operations_review,public-derived-entity-complete-daily-aggregate
2,2020-02-28,130,96,181.67344,9.7764583,14.747748,0.74892127,0,0.13541667,False,register_operations_review,public-derived-entity-complete-daily-aggregate
2,2020-02-29,130,96,155.92958,9.1488542,16.989632,0.88800741,0,0,False,register_operations_review,public-derived-entity-complete-daily-aggregate
2,2020-03-01,130,96,116.93198,8.00625,12.980839,0.89728313,0,0.010416667,False,register_operations_review,public-derived-entity-complete-daily-aggregate
2,2020-03-02,130,96,159.91615,7.724375,15.81361,0.84575859,0,0,False,register_operations_review,public-derived-entity-complete-daily-aggregate
2,2020-03-03,130,96,166.61437,7.8326042,16.13466,0.77874074,0,0,False,register_operations_review,public-derived-entity-complete-daily-aggregate
2,2020-03-04,130,96,176.61927,7.7120833,14.607925,0.75048241,0,0.125,False,register_operations_review,public-derived-entity-complete-daily-aggregate
2,2020-03-05,130,96,143.40396,8.2786458,15.708393,0.88371776,0,0,False,register_operations_review,public-derived-entity-complete-daily-aggregate
2,2020-03-06,130,96,161.9425,8.82625,14.571888,0.77927125,0,0.11458333,False,register_operations_review,public-derived-entity-complete-daily-aggregate
2,2020-03-07,130,96,135.73781,9.31125,18.732136,0.99992738,0,0,False,register_operations_review,public-derived-entity-complete-daily-aggregate
2,2020-03-08,130,96,114.93583,7.2865625,14.008087,0.92764649,0,0,False,register_operations_review,public-derived-entity-complete-daily-aggregate
2,2020-03-09,130,96,75.502083,5.6448958,9.0947668,0.85564053,0,0,False,register_operations_review,public-derived-entity-complete-daily-aggregate
2,2020-03-10,130,96,70.666771,5.56625,7.2432936,0.7636956,0,0,False,register_operations_review,public-derived-entity-complete-daily-aggregate
2,2020-03-11,130,96,120.75271,6.67,13.071771,0.8018452,0,0,False,register_operations_review,public-derived-entity-complete-daily-aggregate
2,2020-03-12,130,96,96.885833,6.934375,11.027248,0.84052708,0,0,False,register_operations_review,public-derived-entity-complete-daily-aggregate
2,2020-03-13,130,96,120.26385,6.3288542,13.120362,0.80158757,0,0,False,register_operations_review,public-derived-entity-complete-daily-aggregate
2,2020-03-14,130,96,149.62479,8.4411458,17.532581,0.85147426,0,0,False,register_operations_review,public-derived-entity-complete-daily-aggregate
2,2020-03-15,130,96,169.41094,8.3626042,19.257994,0.8405166,0,0.010416667,False,register_operations_review,public-derived-entity-complete-daily-aggregate
2,2020-03-16,130,96,173.76198,8.9040625,16.203889,0.7425534,0,0,False,register_operations_review,public-derived-entity-complete-daily-aggregate
2,2020-03-17,130,96,181.82604,9.053125,19.904626,0.81240898,0,0,False,register_operations_review,public-derived-entity-complete-daily-aggregate
2,2020-03-18,130,96,179.8876,10.624792,19.525012,0.82343468,0,0,False,register_operations_review,public-derived-entity-complete-daily-aggregate
2,2020-03-19,130,96,217.32844,12.304063,22.939712,0.81890579,0,0,False,register_operations_review,public-derived-entity-complete-daily-aggregate
2,2020-03-20,130,96,231.84687,15.388958,16.93088,0.66117467,0,0.17708333,False,register_operations_review,public-derived-entity-complete-daily-aggregate
2,2020-03-21,130,96,215.92333,16.633229,27.527757,1.0007804,8.3333333e-06,0,False,register_operations_review,public-derived-entity-complete-daily-aggregate
2,2020-03-22,130,96,155.28167,15.980938,19.643307,0.95731315,0,0,False,register_operations_review,public-derived-entity-complete-daily-aggregate
2,2020-03-23,130,96,212.34,16.725521,24.220248,0.89308864,0,0,False,register_operations_review,public-derived-entity-complete-daily-aggregate
2,2020-03-24,130,96,146.76135,15.027604,18.548505,0.9462121,0,0,False,register_operations_review,public-derived-entity-complete-daily-aggregate
2,2020-03-25,130,96,205.68083,15.285833,27.707881,0.998783,0,0,False,register_operations_review,public-derived-entity-complete-daily-aggregate
2,2020-03-26,130,96,89.293958,11.914896,9.5152337,0.7970821,0,0,False,register_operations_review,public-derived-entity-complete-daily-aggregate
2,2020-03-27,130,96,37.34125,10.816875,3.9334823,0.76738385,0,0,False,register_operations_review,public-derived-entity-complete-daily-aggregate
2,2020-03-28,130,96,66.602708,10.467812,6.9249856,0.82284359,0,0.010416667,False,register_operations_review,public-derived-entity-complete-daily-aggregate
2,2020-03-29,130,96,140.34781,12.516146,16.150373,0.84877537,0,0,False,register_operations_review,public-derived-entity-complete-daily-aggregate
2,2020-03-30,130,96,213.0801,14.627604,24.943138,0.84633796,0,0.010416667,False,register_operations_review,public-derived-entity-complete-daily-aggregate
2,2020-03-31,130,96,149.85771,13.661563,16.066475,0.80550926,0,0.010416667,False,register_operations_review,public-derived-entity-complete-daily-aggregate
2,2020-04-01,130,96,115.10208,12.820417,12.123239,0.79053556,0,0,False,register_operations_review,public-derived-entity-complete-daily-aggregate
2,2020-04-02,130,96,116.53302,12.408542,12.385017,0.78835074,0,0,False,register_operations_review,public-derived-entity-complete-daily-aggregate
2,2020-04-03,130,96,182.0574,13.410625,20.764668,0.85516627,0,0,False,register_operations_review,public-derived-entity-complete-daily-aggregate
2,2020-04-04,130,96,222.3151,13.650417,24.432056,0.84809354,0,0,False,register_operations_review,public-derived-entity-complete-daily-aggregate
2,2020-04-05,130,96,252.84042,14.663125,25.738283,0.8213597,0,0,False,register_operations_review,public-derived-entity-complete-daily-aggregate
2,2020-04-06,130,96,235.87552,15.567708,25.519961,0.83025288,0,0,False,register_operations_review,public-derived-entity-complete-daily-aggregate
2,2020-04-07,130,96,235.11,16.538021,26.627263,0.85917293,0,0,False,register_operations_review,public-derived-entity-complete-daily-aggregate
2,2020-04-08,130,96,248.01344,16.918437,26.315236,0.80624517,0,0,False,register_operations_review,public-derived-entity-complete-daily-aggregate
2,2020-04-09,130,96,213.10885,17.952917,24.889606,0.89033682,0.0005175,0,False,register_operations_review,public-derived-entity-complete-daily-aggregate
2,2020-04-10,130,96,153.61958,18.102292,18.587124,0.90716311,0,0,False,register_operations_review,public-derived-entity-complete-daily-aggregate
2,2020-04-11,130,96,228.20865,18.093958,27.428039,0.89471376,0.00015791667,0,False,register_operations_review,public-derived-entity-complete-daily-aggregate
2,2020-04-12,130,96,194.61896,18.993437,22.701165,0.87788349,0.00030083333,0,False,register_operations_review,public-derived-entity-complete-daily-aggregate
2,2020-04-13,130,96,215.11,18.402083,25.672828,0.88906013,0.00036583333,0.010416667,False,register_operations_review,public-derived-entity-complete-daily-aggregate
2,2020-04-14,130,96,195.53406,20.157187,22.796445,0.88624663,0.00080541667,0,False,register_operations_review,public-derived-entity-complete-daily-aggregate
2,2020-04-15,130,96,157.67073,20.125833,18.7123,0.88161014,0,0,False,register_operations_review,public-derived-entity-complete-daily-aggregate
2,2020-04-16,130,96,196.56677,21.476979,23.267013,0.93193851,0.00061458333,0,False,register_operations_review,public-derived-entity-complete-daily-aggregate
2,2020-04-17,130,96,129.04,19.171458,14.72564,0.84902136,0,0,False,register_operations_review,public-derived-entity-complete-daily-aggregate
2,2020-04-18,130,96,86.469167,13.826667,10.826574,0.97979708,0,0,False,register_operations_review,public-derived-entity-complete-daily-aggregate
2,2020-04-19,130,96,122.61906,11.340313,15.632393,0.96251828,0,0,False,register_operations_review,public-derived-entity-complete-daily-aggregate
2,2020-04-20,130,96,124.90479,12.510104,16.48378,1.0109491,0,0.010416667,False,register_operations_review,public-derived-entity-complete-daily-aggregate
2,2020-04-21,130,96,176.76844,13.644375,22.440772,0.98708636,0,0.010416667,False,register_operations_review,public-derived-entity-complete-daily-aggregate
2,2020-04-22,130,96,189.19125,15.022708,18.70059,0.86420122,0,0.052083333,False,register_operations_review,public-derived-entity-complete-daily-aggregate
2,2020-04-23,130,96,176.54688,14.3425,15.219618,0.75004703,0,0.083333333,False,register_operations_review,public-derived-entity-complete-daily-aggregate
2,2020-04-24,130,96,288.7326,16.413229,22.622223,0.65504631,0,0.13541667,False,register_operations_review,public-derived-entity-complete-daily-aggregate
2,2020-04-25,130,96,284.60552,18.810104,23.500115,0.66119519,0.00028291667,0.10416667,False,register_operations_review,public-derived-entity-complete-daily-aggregate
2,2020-04-26,130,96,277.73479,20.963333,20.86384,0.65390836,0.0017308333,0.15625,False,register_operations_review,public-derived-entity-complete-daily-aggregate
2,2020-04-27,130,96,289.19188,21.603958,22.193298,0.65643483,0.0029908333,0.125,False,register_operations_review,public-derived-entity-complete-daily-aggregate
2,2020-04-28,130,96,285.69865,22.375104,22.290311,0.63512998,0.0051283333,0.10416667,False,register_operations_review,public-derived-entity-complete-daily-aggregate
2,2020-04-29,130,96,293.20812,23.415417,25.50597,0.69778449,0.00670625,0.041666667,False,register_operations_review,public-derived-entity-complete-daily-aggregate
2,2020-04-30,130,96,208.16219,24.309271,20.405627,0.779365,0.00645875,0,False,register_operations_review,public-derived-entity-complete-daily-aggregate
2,2020-05-01,130,96,271.84167,24.806979,23.029358,0.69568999,0.0057925,0.0625,False,register_operations_review,public-derived-entity-complete-daily-aggregate
2,2020-05-02,130,96,220.93948,24.211771,24.475468,0.86941805,0.0038816667,0.010416667,False,register_operations_review,public-derived-entity-complete-daily-aggregate
2,2020-05-03,130,96,158.77729,21.775312,18.490208,0.87152035,8.875e-05,0,False,register_operations_review,public-derived-entity-complete-daily-aggregate
2,2020-05-04,130,96,162.82875,18.224896,13.868001,0.85678948,0,0.09375,False,register_operations_review,public-derived-entity-complete-daily-aggregate
2,2020-05-05,130,96,277.15167,20.737396,23.05843,0.70236381,0.0014054167,0.11458333,False,register_operations_review,public-derived-entity-complete-daily-aggregate
2,2020-05-06,130,96,107.34292,16.105729,13.548663,0.96769115,0,0,False,register_operations_review,public-derived-entity-complete-daily-aggregate
2,2020-05-07,130,96,194.23573,14.768229,19.345615,0.86042597,0,0.03125,False,register_operations_review,public-derived-entity-complete-daily-aggregate
2,2020-05-08,130,96,287.01,16.036354,19.225854,0.60198213,0,0.23958333,False,register_operations_review,public-derived-entity-complete-daily-aggregate
2,2020-05-09,130,96,248.29073,19.840521,22.154135,0.73222268,0.00025916667,0.041666667,False,register_operations_review,public-derived-entity-complete-daily-aggregate
2,2020-05-10,130,96,89.380833,18.544167,10.793837,0.9305386,0,0,False,register_operations_review,public-derived-entity-complete-daily-aggregate
2,2020-05-11,130,96,229.73927,18.11125,25.528258,0.82687425,0,0.010416667,False,register_operations_review,public-derived-entity-complete-daily-aggregate
2,2020-05-12,130,96,298.96552,19.866563,30.351451,0.75580964,0.0018658333,0.010416667,False,register_operations_review,public-derived-entity-complete-daily-aggregate
2,2020-05-13,130,96,307.01385,24.084375,31.72265,0.74443503,0.0071929167,0,False,register_operations_review,public-derived-entity-complete-daily-aggregate
2,2020-05-14,130,96,295.27187,26.273125,28.27922,0.7023104,0.011279583,0,False,register_operations_review,public-derived-entity-complete-daily-aggregate
2,2020-05-15,130,96,109.50552,21.827917,12.053769,0.84820377,2.1666667e-05,0,False,register_operations_review,public-derived-entity-complete-daily-aggregate
2,2020-05-16,130,96,223.79313,22.416354,26.074735,0.87644602,0.0015941667,0,False,register_operations_review,public-derived-entity-complete-daily-aggregate
2,2020-05-17,130,96,216.39708,22.251875,25.55018,0.88664224,0.00072541667,0,False,register_operations_review,public-derived-entity-complete-daily-aggregate
2,2020-05-18,130,96,188.4649,21.500625,18.925372,0.84179895,0.00028458333,0,False,register_operations_review,public-derived-entity-complete-daily-aggregate
2,2020-05-19,130,96,151.91604,19.106667,17.572275,0.92208819,0,0.010416667,False,register_operations_review,public-derived-entity-complete-daily-aggregate
2,2020-05-20,130,96,249.99771,20.293021,24.712717,0.7775869,0.00040166667,0,False,register_operations_review,public-derived-entity-complete-daily-aggregate
2,2020-05-21,130,96,306.5801,22.816354,25.717752,0.6404793,0.00357125,0.072916667,False,register_operations_review,public-derived-entity-complete-daily-aggregate
2,2020-05-22,130,96,234.14208,22.541458,22.525006,0.84000368,0.00159875,0.03125,False,register_operations_review,public-derived-entity-complete-daily-aggregate
2,2020-05-23,130,96,284.67375,22.999687,31.880666,0.8082343,0.00389125,0.010416667,False,register_operations_review,public-derived-entity-complete-daily-aggregate
2,2020-05-24,130,96,303.08042,24.172604,31.411187,0.75758382,0.0079004167,0.010416667,False,register_operations_review,public-derived-entity-complete-daily-aggregate
2,2020-05-25,130,96,306.14604,25.773125,31.704052,0.73720473,0.0092125,0,False,register_operations_review,public-derived-entity-complete-daily-aggregate
2,2020-05-26,130,96,296.42865,25.365521,27.51098,0.70604912,0.0078316667,0,False,register_operations_review,public-derived-entity-complete-daily-aggregate
2,2020-05-27,130,96,312.27844,25.954375,27.60692,0.66201335,0.012080833,0,False,register_operations_review,public-derived-entity-complete-daily-aggregate
2,2020-05-28,130,96,321.52312,25.967187,29.632648,0.68520776,0.012342917,0,False,register_operations_review,public-derived-entity-complete-daily-aggregate
2,2020-05-29,130,96,308.04844,27.554896,28.91542,0.70038247,0.014905,0,False,register_operations_review,public-derived-entity-complete-daily-aggregate
2,2020-05-30,130,96,168.50396,25.536458,19.327775,0.8856483,0.00417875,0,False,register_operations_review,public-derived-entity-complete-daily-aggregate
2,2020-05-31,130,96,146.43531,23.402083,17.728037,0.91680158,0.0014045833,0,False,register_operations_review,public-derived-entity-complete-daily-aggregate
2,2020-06-01,130,96,199.07396,25.042708,23.426515,0.887892,0.0054970833,0,False,register_operations_review,public-derived-entity-complete-daily-aggregate
2,2020-06-02,130,96,241.62,25.814792,26.54039,0.82494584,0.0093391667,0,False,register_operations_review,public-derived-entity-complete-daily-aggregate
2,2020-06-03,130,96,226.66802,25.872083,25.307326,0.87903706,0.010592917,0,False,register_operations_review,public-derived-entity-complete-daily-aggregate
2,2020-06-04,130,96,291.37323,27.557917,30.71124,0.75378602,0.0146875,0,False,register_operations_review,public-derived-entity-complete-daily-aggregate
2,2020-06-05,130,96,279.95635,28.393125,29.09215,0.7709824,0.013772083,0,False,register_operations_review,public-derived-entity-complete-daily-aggregate
2,2020-06-06,130,96,230.78292,27.441771,24.286198,0.76755781,0.011255833,0,False,register_operations_review,public-derived-entity-complete-daily-aggregate
2,2020-06-07,130,96,185.98021,24.949792,20.026988,0.78080095,0.0032033333,0,False,register_operations_review,public-derived-entity-complete-daily-aggregate
2,2020-06-08,130,96,210.9125,24.631875,20.774352,0.74894829,0.0074233333,0,False,register_operations_review,public-derived-entity-complete-daily-aggregate
2,2020-06-09,130,96,185.865,22.264271,20.42706,0.85590333,9.625e-05,0.010416667,False,register_operations_review,public-derived-entity-complete-daily-aggregate
2,2020-06-10,130,96,256.72823,23.377917,27.654202,0.82693414,0.00336875,0.020833333,False,register_operations_review,public-derived-entity-complete-daily-aggregate
2,2020-06-11,130,96,266.26698,23.008125,29.49186,0.82971707,0.0018404167,0.010416667,False,register_operations_review,public-derived-entity-complete-daily-aggregate
2,2020-06-12,130,96,279.69208,24.137083,29.600312,0.84810081,0.004155,0.020833333,False,register_operations_review,public-derived-entity-complete-daily-aggregate
2,2020-06-13,130,96,167.0449,19.2075,19.571438,0.92753936,0,0,False,register_operations_review,public-derived-entity-complete-daily-aggregate
2,2020-06-14,130,96,269.04406,21.553021,27.498821,0.82294915,0.0021354167,0.020833333,False,register_operations_review,public-derived-entity-complete-daily-aggregate
2,2020-06-15,130,96,245.97542,23.707083,26.391798,0.77627358,0.0052625,0,False,register_operations_review,public-derived-entity-complete-daily-aggregate
2,2020-06-16,130,96,272.18635,23.521771,27.556844,0.80923808,0.00412375,0.052083333,False,register_operations_review,public-derived-entity-complete-daily-aggregate
2,2020-06-17,130,96,310.55427,26.044792,29.680199,0.69638781,0.010073333,0,False,register_operations_review,public-derived-entity-complete-daily-aggregate
2,2020-06-18,130,96,252.50812,26.450729,27.914498,0.81297881,0.008855,0.010416667,False,register_operations_review,public-derived-entity-complete-daily-aggregate
2,2020-06-19,130,96,285.75198,25.765208,30.606833,0.80438517,0.0072133333,0.010416667,False,register_operations_review,public-derived-entity-complete-daily-aggregate
2,2020-06-20,130,96,285.00156,26.501875,29.815386,0.82458989,0.01064625,0,False,register_operations_review,public-derived-entity-complete-daily-aggregate
2,2020-06-21,130,96,261.36813,26.543229,27.721349,0.78896773,0.0083979167,0,False,register_operations_review,public-derived-entity-complete-daily-aggregate
2,2020-06-22,130,96,336.52125,28.109792,33.299034,0.67292303,0.016124583,0.020833333,False,register_operations_review,public-derived-entity-complete-daily-aggregate
2,2020-06-23,130,96,331.80292,30.528333,32.563331,0.67152854,0.025573333,0.020833333,False,register_operations_review,public-derived-entity-complete-daily-aggregate
2,2020-06-24,130,96,210.89729,28.608542,23.239392,0.83197495,0.014980833,0,False,register_operations_review,public-derived-entity-complete-daily-aggregate
2,2020-06-25,130,96,164.41417,24.773333,17.031622,0.8995097,0.0039554167,0.0625,False,register_operations_review,public-derived-entity-complete-daily-aggregate
2,2020-06-26,130,96,321.84094,24.650729,33.578458,0.71463242,0.0094445833,0,False,register_operations_review,public-derived-entity-complete-daily-aggregate
2,2020-06-27,130,96,264.7749,26.214375,28.642972,0.82174375,0.01087125,0,False,register_operations_review,public-derived-entity-complete-daily-aggregate
2,2020-06-28,130,96,170.44396,20.269167,18.739087,0.82487869,0.00071041667,0.020833333,False,register_operations_review,public-derived-entity-complete-daily-aggregate
2,2020-06-29,130,96,342.00427,21.009792,33.633349,0.71350075,0.0030670833,0.041666667,False,register_operations_review,public-derived-entity-complete-daily-aggregate
2,2020-06-30,130,96,316.45677,24.455729,30.222803,0.66278504,0.010211667,0.020833333,False,register_operations_review,public-derived-entity-complete-daily-aggregate
2,2020-07-01,130,96,276.35802,26.517813,28.862426,0.75838588,0.0118775,0,False,register_operations_review,public-derived-entity-complete-daily-aggregate
2,2020-07-02,130,96,289.30979,28.866458,30.162591,0.77494782,0.016390833,0,False,register_operations_review,public-derived-entity-complete-daily-aggregate
2,2020-07-03,130,96,259.56833,29.080104,27.362387,0.81254756,0.016737083,0,False,register_operations_review,public-derived-entity-complete-daily-aggregate
2,2020-07-04,130,96,236.20115,28.568958,26.132871,0.85448448,0.014489167,0,False,register_operations_review,public-derived-entity-complete-daily-aggregate
2,2020-07-05,130,96,112.22021,25.100417,13.073754,0.88629197,0.0025270833,0,False,register_operations_review,public-derived-entity-complete-daily-aggregate
2,2020-07-06,130,96,305.03573,25.841667,31.345441,0.76998024,0.010340833,0,False,register_operations_review,public-derived-entity-complete-daily-aggregate
2,2020-07-07,130,96,284.73448,26.231354,29.684085,0.74940576,0.010414583,0,False,register_operations_review,public-derived-entity-complete-daily-aggregate
2,2020-07-08,130,96,240.56917,27.852396,25.511344,0.82328302,0.014757083,0,False,register_operations_review,public-derived-entity-complete-daily-aggregate
2,2020-07-09,130,96,88.176042,25.692813,10.088351,0.9060209,0.0052179167,0.010416667,False,register_operations_review,public-derived-entity-complete-daily-aggregate
2,2020-07-10,130,96,263.26917,25.872604,27.361128,0.78173003,0.01005,0,False,register_operations_review,public-derived-entity-complete-daily-aggregate
2,2020-07-11,130,96,265.93979,26.087708,29.290221,0.83543277,0.0094329167,0,False,register_operations_review,public-derived-entity-complete-daily-aggregate
2,2020-07-12,130,96,122.9649,25.795625,13.629452,0.86743029,0.0057454167,0.010416667,False,register_operations_review,public-derived-entity-complete-daily-aggregate
2,2020-07-13,130,96,262.99625,26.850417,28.952959,0.83823101,0.011265417,0,False,register_operations_review,public-derived-entity-complete-daily-aggregate
2,2020-07-14,130,96,258.99292,24.064479,28.393577,0.83198597,0.0069104167,0,False,register_operations_review,public-derived-entity-complete-daily-aggregate
2,2020-07-15,130,96,285.12062,24.144792,31.534419,0.81270861,0.0069266667,0,False,register_operations_review,public-derived-entity-complete-daily-aggregate
2,2020-07-16,130,96,172.4776,23.336458,19.491259,0.8677713,0.0023154167,0,False,register_operations_review,public-derived-entity-complete-daily-aggregate
2,2020-07-17,130,96,254.53427,25.538958,28.34936,0.83677969,0.0099466667,0,False,register_operations_review,public-derived-entity-complete-daily-aggregate
2,2020-07-18,130,96,84.568229,22.195208,9.7800354,0.90683351,0.00068541667,0,False,register_operations_review,public-derived-entity-complete-daily-aggregate
2,2020-07-19,130,96,196.52219,21.880833,22.614927,0.95903751,0.0032341667,0.020833333,False,register_operations_review,public-derived-entity-complete-daily-aggregate
2,2020-07-20,130,96,286.86208,23.705208,31.967143,0.82569883,0.0063895833,0.03125,False,register_operations_review,public-derived-entity-complete-daily-aggregate
2,2020-07-21,130,96,140.32677,24.510625,16.269616,0.89417145,0.00352125,0.010416667,False,register_operations_review,public-derived-entity-complete-daily-aggregate
2,2020-07-22,130,96,241.80542,26.461354,25.815414,0.82237138,0.0098933333,0,False,register_operations_review,public-derived-entity-complete-daily-aggregate
2,2020-07-23,130,96,308.15562,25.648229,31.437619,0.76008824,0.009655,0,False,register_operations_review,public-derived-entity-complete-daily-aggregate
2,2020-07-24,130,96,307.7799,28.198125,32.178137,0.70122489,0.016322083,0,False,register_operations_review,public-derived-entity-complete-daily-aggregate
2,2020-07-25,130,96,273.7501,28.348542,29.858959,0.82585154,0.017185833,0,False,register_operations_review,public-derived-entity-complete-daily-aggregate
2,2020-07-26,130,96,269.34688,31.054479,29.05618,0.80357632,0.024259167,0,False,register_operations_review,public-derived-entity-complete-daily-aggregate
2,2020-07-27,130,96,144.20333,28.214167,15.964115,0.88484276,0.012856667,0,False,register_operations_review,public-derived-entity-complete-daily-aggregate
2,2020-07-28,130,96,288.44281,28.903333,30.734435,0.80307013,0.016259167,0,False,register_operations_review,public-derived-entity-complete-daily-aggregate
2,2020-07-29,130,96,262.72521,28.784479,25.487877,0.73379383,0.015827917,0,False,register_operations_review,public-derived-entity-complete-daily-aggregate
2,2020-07-30,130,96,261.44479,28.51375,26.62591,0.76305842,0.016284167,0,False,register_operations_review,public-derived-entity-complete-daily-aggregate
2,2020-07-31,130,96,216.37,29.157917,18.483315,0.74381184,0.018377083,0,False,register_operations_review,public-derived-entity-complete-daily-aggregate
2,2020-08-01,130,96,124.84771,27.686458,10.495063,0.74641358,0.010745833,0.0625,False,register_operations_review,public-derived-entity-complete-daily-aggregate
2,2020-08-02,130,96,197.13896,27.940104,15.744577,0.70518088,0.011988333,0.010416667,False,register_operations_review,public-derived-entity-complete-daily-aggregate
2,2020-08-03,130,96,248.17198,27.244062,17.123631,0.61108019,0.013624583,0.041666667,False,register_operations_review,public-derived-entity-complete-daily-aggregate
2,2020-08-04,130,96,210.45625,27.688229,17.333167,0.73353261,0.012309583,0.052083333,False,register_operations_review,public-derived-entity-complete-daily-aggregate
2,2020-08-05,130,96,219.02094,29.375,20.775761,0.7478844,0.0175,0,False,register_operations_review,public-derived-entity-complete-daily-aggregate
2,2020-08-06,130,96,229.63521,29.168021,22.103394,0.79247424,0.0169275,0,False,register_operations_review,public-derived-entity-complete-daily-aggregate
2,2020-08-07,130,96,262.46708,30.101458,25.81528,0.7594835,0.021190417,0,False,register_operations_review,public-derived-entity-complete-daily-aggregate
2,2020-08-08,130,96,251.6649,31.186458,25.517168,0.79013921,0.025185417,0,False,register_operations_review,public-derived-entity-complete-daily-aggregate
2,2020-08-09,130,96,184.75406,30.696146,20.404326,0.87016382,0.022784583,0,False,register_operations_review,public-derived-entity-complete-daily-aggregate
2,2020-08-10,130,96,194.4951,27.166458,18.590748,0.77908978,0.00973625,0,False,register_operations_review,public-derived-entity-complete-daily-aggregate
2,2020-08-11,130,96,171.87958,26.88875,16.792954,0.76913747,0.01028125,0,False,register_operations_review,public-derived-entity-complete-daily-aggregate
2,2020-08-12,130,96,223.51687,26.674792,19.700285,0.71173432,0.0096379167,0,False,register_operations_review,public-derived-entity-complete-daily-aggregate
2,2020-08-13,130,96,192.26531,26.021771,16.820013,0.72633707,0.0063729167,0.03125,False,register_operations_review,public-derived-entity-complete-daily-aggregate
2,2020-08-14,130,96,190.58292,26.364688,15.029408,0.70092942,0.0096441667,0,False,register_operations_review,public-derived-entity-complete-daily-aggregate
2,2020-08-15,130,96,236.96333,26.639375,19.393796,0.70486981,0.0095283333,0.03125,False,register_operations_review,public-derived-entity-complete-daily-aggregate
2,2020-08-16,130,96,288.39687,28.144375,20.341883,0.56712924,0.016235,0,False,register_operations_review,public-derived-entity-complete-daily-aggregate
2,2020-08-17,130,96,284.63885,28.509896,22.323508,0.61427339,0.017767917,0,False,register_operations_review,public-derived-entity-complete-daily-aggregate
2,2020-08-18,130,96,274.61333,28.223021,20.955018,0.61628793,0.016319167,0,False,register_operations_review,public-derived-entity-complete-daily-aggregate
2,2020-08-19,130,96,162.32771,25.921458,18.341662,0.8801523,0.0048204167,0,False,register_operations_review,public-derived-entity-complete-daily-aggregate
2,2020-08-20,130,96,171.33333,23.469688,17.217326,0.79515446,0.0017716667,0.010416667,False,register_operations_review,public-derived-entity-complete-daily-aggregate
2,2020-08-21,130,96,142.095,22.989479,15.038668,0.88215315,0.00136125,0.020833333,False,register_operations_review,public-derived-entity-complete-daily-aggregate
2,2020-08-22,130,96,257.94177,25.444896,21.656172,0.69922931,0.010445833,0,False,register_operations_review,public-derived-entity-complete-daily-aggregate
2,2020-08-23,130,96,260.17156,26.851146,23.393438,0.70728547,0.013968333,0,False,register_operations_review,public-derived-entity-complete-daily-aggregate
2,2020-08-24,130,96,261.10729,28.538854,20.806428,0.66369297,0.017839167,0,False,register_operations_review,public-derived-entity-complete-daily-aggregate
2,2020-08-25,130,96,262.21438,29.756458,19.862103,0.65918469,0.02120625,0,False,register_operations_review,public-derived-entity-complete-daily-aggregate
2,2020-08-26,130,96,235.3775,31.070208,21.855891,0.7595825,0.025322917,0,False,register_operations_review,public-derived-entity-complete-daily-aggregate
2,2020-08-27,130,96,149.19271,28.299896,17.061853,0.89195035,0.0137025,0,False,register_operations_review,public-derived-entity-complete-daily-aggregate
2,2020-08-28,130,96,105.17917,19.467604,12.780544,0.93980112,0,0,False,register_operations_review,public-derived-entity-complete-daily-aggregate
2,2020-08-29,130,96,243.47896,20.646771,18.343638,0.65798392,0.0019783333,0.15625,False,register_operations_review,public-derived-entity-complete-daily-aggregate
2,2020-08-30,130,96,217.33385,22.761042,17.801432,0.694739,0.0032204167,0.10416667,False,register_operations_review,public-derived-entity-complete-daily-aggregate
2,2020-08-31,130,96,222.60719,23.354479,21.690564,0.77829905,0.0052658333,0.020833333,False,register_operations_review,public-derived-entity-complete-daily-aggregate
2,2020-09-01,130,96,221.85125,24.541562,21.754259,0.80330008,0.0055475,0,False,register_operations_review,public-derived-entity-complete-daily-aggregate
2,2020-09-02,130,96,237.37396,26.210521,19.236671,0.52724352,0.00983875,0.0625,False,register_operations_review,public-derived-entity-complete-daily-aggregate
2,2020-09-03,130,96,234.58802,26.710625,25.011994,0.83521299,0.011024583,0,False,register_operations_review,public-derived-entity-complete-daily-aggregate
2,2020-09-04,130,96,184.71083,24.920833,17.75294,0.79791392,0.00387125,0.041666667,False,register_operations_review,public-derived-entity-complete-daily-aggregate
2,2020-09-05,130,96,208.20521,25.394271,17.046271,0.72806002,0.00619625,0.09375,False,register_operations_review,public-derived-entity-complete-daily-aggregate
2,2020-09-06,130,96,110.06021,23.834271,12.407432,0.9424595,0.0017525,0,False,register_operations_review,public-derived-entity-complete-daily-aggregate
2,2020-09-07,130,96,165.89146,24.442813,17.668906,0.869961,0.0050833333,0.020833333,False,register_operations_review,public-derived-entity-complete-daily-aggregate
2,2020-09-08,130,96,241.39198,23.850313,25.081279,0.81774587,0.0064379167,0,False,register_operations_review,public-derived-entity-complete-daily-aggregate
2,2020-09-09,130,96,203.84719,24.061875,24.40767,0.90827388,0.00478875,0,False,register_operations_review,public-derived-entity-complete-daily-aggregate
2,2020-09-10,130,96,205.88583,25.676771,23.226294,0.8827786,0.0072579167,0,False,register_operations_review,public-derived-entity-complete-daily-aggregate
2,2020-09-11,130,96,197.61979,25.291562,21.503898,0.87231546,0.0041716667,0,False,register_operations_review,public-derived-entity-complete-daily-aggregate
2,2020-09-12,130,96,165.86448,24.268438,18.683109,0.90955671,0.0026429167,0,False,register_operations_review,public-derived-entity-complete-daily-aggregate
2,2020-09-13,130,96,202.70229,21.729375,19.539965,0.77411634,0.0017066667,0.052083333,False,register_operations_review,public-derived-entity-complete-daily-aggregate
2,2020-09-14,130,96,185.2675,23.270938,16.460011,0.75541688,0.0041733333,0.052083333,False,register_operations_review,public-derived-entity-complete-daily-aggregate
2,2020-09-15,130,96,178.89271,22.599896,20.765308,0.90636999,0.00074458333,0,False,register_operations_review,public-derived-entity-complete-daily-aggregate
2,2020-09-16,130,96,232.8551,21.972708,19.721919,0.69854991,0.00375375,0.041666667,False,register_operations_review,public-derived-entity-complete-daily-aggregate
2,2020-09-17,130,96,222.89677,22.08,21.709943,0.80117943,0.0037125,0.041666667,False,register_operations_review,public-derived-entity-complete-daily-aggregate
2,2020-09-18,130,96,220.43302,21.545,21.542911,0.80098678,0.0028195833,0,False,register_operations_review,public-derived-entity-complete-daily-aggregate
2,2020-09-19,130,96,173.81583,19.346146,19.158531,0.86867104,0,0,False,register_operations_review,public-derived-entity-complete-daily-aggregate
2,2020-09-20,130,96,228.98948,16.513958,23.738536,0.86342419,0,0,False,register_operations_review,public-derived-entity-complete-daily-aggregate
2,2020-09-21,130,96,237.50365,18.901875,10.440638,0.4259952,0.000895,0.32291667,False,register_operations_review,public-derived-entity-complete-daily-aggregate
2,2020-09-22,130,96,222.96573,18.002083,14.025346,0.59293985,4.0833333e-05,0.22916667,False,register_operations_review,public-derived-entity-complete-daily-aggregate
2,2020-09-23,130,96,213.78365,18.971458,12.281835,0.51784544,9.625e-05,0.26041667,False,register_operations_review,public-derived-entity-complete-daily-aggregate
2,2020-09-24,130,96,216.38594,20.795417,13.19553,0.57848035,0.0019320833,0.21875,False,register_operations_review,public-derived-entity-complete-daily-aggregate
2,2020-09-25,130,96,231.11542,22.115729,17.093922,0.66877472,0.0047145833,0.14583333,False,register_operations_review,public-derived-entity-complete-daily-aggregate
2,2020-09-26,130,96,203.82302,21.322083,21.200365,0.88092084,0.0029691667,0,False,register_operations_review,public-derived-entity-complete-daily-aggregate
2,2020-09-27,130,96,123.64115,19.628438,14.16858,0.9323254,0,0.020833333,False,register_operations_review,public-derived-entity-complete-daily-aggregate
2,2020-09-28,130,96,128.99479,17.372917,15.33447,0.89267969,0,0,False,register_operations_review,public-derived-entity-complete-daily-aggregate
2,2020-09-29,130,96,149.80229,17.010938,18.010373,0.90780074,0,0,False,register_operations_review,public-derived-entity-complete-daily-aggregate
2,2020-09-30,130,96,122.32896,17.238958,14.310477,0.87312124,0,0,False,register_operations_review,public-derived-entity-complete-daily-aggregate
2,2020-10-01,130,96,133.85615,16.733438,16.500728,0.90487708,0,0,False,register_operations_review,public-derived-entity-complete-daily-aggregate
2,2020-10-02,130,96,159.67052,16.573646,20.546205,0.94213455,0,0,False,register_operations_review,public-derived-entity-complete-daily-aggregate
2,2020-10-03,130,96,162.19333,16.255417,21.17334,0.98555784,0,0,False,register_operations_review,public-derived-entity-complete-daily-aggregate
2,2020-10-04,130,96,167.40854,15.784583,22.439175,1.0116264,0,0,False,register_operations_review,public-derived-entity-complete-daily-aggregate
2,2020-10-05,130,96,171.41667,17.294583,23.178558,1.0496515,0,0,False,register_operations_review,public-derived-entity-complete-daily-aggregate
2,2020-10-06,130,96,187.7526,15.334167,26.024502,1.0716484,0,0,False,register_operations_review,public-derived-entity-complete-daily-aggregate
2,2020-10-07,130,96,183.66052,16.396562,26.72267,1.102833,0,0,False,register_operations_review,public-derived-entity-complete-daily-aggregate
2,2020-10-08,130,96,178.63073,15.861458,25.163573,1.064909,0,0,False,register_operations_review,public-derived-entity-complete-daily-aggregate
2,2020-10-09,130,96,183.06708,14.068854,27.088126,1.0942473,0,0,False,register_operations_review,public-derived-entity-complete-daily-aggregate
2,2020-10-10,130,96,181.27323,15.618437,28.053431,1.1234454,0,0,False,register_operations_review,public-derived-entity-complete-daily-aggregate
2,2020-10-11,130,96,146.15646,13.569167,21.627292,1.0557369,0,0,False,register_operations_review,public-derived-entity-complete-daily-aggregate
2,2020-10-12,130,96,138.12646,12.871042,19.853135,1.0447313,0,0,False,register_operations_review,public-derived-entity-complete-daily-aggregate
2,2020-10-13,130,96,141.38427,12.318125,19.532756,1.0304416,0,0,False,register_operations_review,public-derived-entity-complete-daily-aggregate
2,2020-10-14,130,96,159.40469,12.311771,24.564584,1.1221211,0,0,False,register_operations_review,public-derived-entity-complete-daily-aggregate
2,2020-10-15,130,96,164.76313,12.5825,25.862659,1.1621843,0,0,False,register_operations_review,public-derived-entity-complete-daily-aggregate
2,2020-10-16,130,96,171.84312,12.154479,20.872556,0.99868415,0,0,False,register_operations_review,public-derived-entity-complete-daily-aggregate
2,2020-10-17,130,96,173.78958,11.415625,23.89667,1.0592447,0,0,False,register_operations_review,public-derived-entity-complete-daily-aggregate
2,2020-10-18,130,96,173.2924,13.143646,20.891816,0.99486137,0,0,False,register_operations_review,public-derived-entity-complete-daily-aggregate
2,2020-10-19,130,96,182.24635,13.517812,21.956812,0.96473885,0,0,False,register_operations_review,public-derived-entity-complete-daily-aggregate
2,2020-10-20,130,96,182.56458,12.2925,19.921348,0.87175683,0,0,False,register_operations_review,public-derived-entity-complete-daily-aggregate
2,2020-10-21,130,96,174.65698,12.031354,19.931382,0.93203389,0,0,False,register_operations_review,public-derived-entity-complete-daily-aggregate
2,2020-10-22,130,96,176.49792,12.988229,20.807274,0.90653488,0,0,False,register_operations_review,public-derived-entity-complete-daily-aggregate
2,2020-10-23,130,96,170.98104,12.648333,18.439721,0.88804743,0,0.0625,False,register_operations_review,public-derived-entity-complete-daily-aggregate
2,2020-10-24,130,96,166.03729,12.708438,20.444345,0.98607451,0,0,False,register_operations_review,public-derived-entity-complete-daily-aggregate
2,2020-10-25,130,96,147.2076,11.864583,15.812482,0.68361426,0,0.041666667,False,register_operations_review,public-derived-entity-complete-daily-aggregate
2,2020-10-26,130,96,149.80979,10.833333,16.706917,0.95001331,0,0,False,register_operations_review,public-derived-entity-complete-daily-aggregate
2,2020-10-27,130,96,160.16333,9.7038542,19.144759,0.94995888,0,0,False,register_operations_review,public-derived-entity-complete-daily-aggregate
2,2020-10-28,130,96,153.4425,9.0690625,18.227526,0.98441003,0,0,False,register_operations_review,public-derived-entity-complete-daily-aggregate
2,2020-10-29,130,96,132.77271,10.348125,20.291602,1.1106724,0,0.010416667,False,register_operations_review,public-derived-entity-complete-daily-aggregate
2,2020-10-30,130,96,132.39437,9.9578125,18.792044,1.0789069,0,0,False,register_operations_review,public-derived-entity-complete-daily-aggregate
2,2020-10-31,130,96,140.5351,9.6998958,14.00664,0.87457949,0,0.010416667,False,register_operations_review,public-derived-entity-complete-daily-aggregate
2,2020-11-01,130,96,154.13083,7.4334375,14.4627,0.77377097,0,0.0625,False,register_operations_review,public-derived-entity-complete-daily-aggregate
2,2020-11-02,130,96,158.14427,7.6298958,11.279015,0.5850918,0,0.16666667,False,register_operations_review,public-derived-entity-complete-daily-aggregate
2,2020-11-03,130,96,149.01635,8.475,12.134203,0.71560848,0,0.13541667,False,register_operations_review,public-derived-entity-complete-daily-aggregate
2,2020-11-04,130,96,165.11677,9.2522917,9.2161051,0.51675599,0,0.21875,False,register_operations_review,public-derived-entity-complete-daily-aggregate
2,2020-11-05,130,96,160.86646,9.6716667,20.830721,1.0036118,0,0,False,register_operations_review,public-derived-entity-complete-daily-aggregate
2,2020-11-06,130,96,159.37042,7.4078125,20.51979,1.0027646,0,0,False,register_operations_review,public-derived-entity-complete-daily-aggregate
2,2020-11-07,130,96,157.24,7.3398958,22.154181,1.0433157,0,0,False,register_operations_review,public-derived-entity-complete-daily-aggregate
2,2020-11-08,130,96,158.77927,7.12125,22.61884,1.0433544,0,0,False,register_operations_review,public-derived-entity-complete-daily-aggregate
2,2020-11-09,130,96,0,6.8414583,16.227035,,0,0,False,register_operations_review,public-derived-entity-complete-daily-aggregate
2,2020-11-10,130,96,0,8.793125,20.197839,,0,0,False,register_operations_review,public-derived-entity-complete-daily-aggregate
2,2020-11-11,130,96,30.895417,6.7159375,22.210864,0.95556541,0,0,False,register_operations_review,public-derived-entity-complete-daily-aggregate
2,2020-11-12,130,96,139.33031,6.7678125,18.937139,1.0586978,0,0,False,register_operations_review,public-derived-entity-complete-daily-aggregate
2,2020-11-13,130,96,132.72292,5.7820833,16.931245,1.0451457,0,0,False,register_operations_review,public-derived-entity-complete-daily-aggregate
2,2020-11-14,130,96,135.525,5.2101042,21.588714,1.1828409,0,0,False,register_operations_review,public-derived-entity-complete-daily-aggregate
2,2020-11-15,130,96,127.52625,5.0167708,23.057552,1.2376812,0,0,False,register_operations_review,public-derived-entity-complete-daily-aggregate
2,2020-11-16,130,96,94.651354,7.7644792,14.557683,0.98033517,0,0.020833333,False,register_operations_review,public-derived-entity-complete-daily-aggregate
2,2020-11-17,130,96,117.65583,5.4454167,19.254073,1.1164491,0,0,False,register_operations_review,public-derived-entity-complete-daily-aggregate
2,2020-11-18,130,96,125.36729,3.7623958,23.865563,1.2458788,0,0,False,register_operations_review,public-derived-entity-complete-daily-aggregate
2,2020-11-19,130,96,65.686979,2.0575,8.9156399,0.9916325,0,0,False,register_operations_review,public-derived-entity-complete-daily-aggregate
2,2020-11-20,130,96,98.979167,2.96875,16.927407,1.2356645,0,0,False,register_operations_review,public-derived-entity-complete-daily-aggregate
2,2020-11-21,130,96,22.71125,-0.4859375,2.5574573,0.66411526,0,0,False,register_operations_review,public-derived-entity-complete-daily-aggregate
2,2020-11-22,130,96,73.710208,-3.1154167,11.24426,1.1232679,0,0,False,register_operations_review,public-derived-entity-complete-daily-aggregate
2,2020-11-23,130,96,89.225313,-3.7338542,14.997767,1.1566257,0,0,False,register_operations_review,public-derived-entity-complete-daily-aggregate
2,2020-11-24,130,96,83.643958,-2.7582292,13.50884,1.0919681,0,0,False,register_operations_review,public-derived-entity-complete-daily-aggregate
2,2020-11-25,130,96,91.92,-3.5032292,16.081595,1.2142714,0,0.010416667,False,register_operations_review,public-derived-entity-complete-daily-aggregate
2,2020-11-26,130,96,100.72094,-2.0190625,18.945152,1.1787879,0,0,False,register_operations_review,public-derived-entity-complete-daily-aggregate
2,2020-11-27,130,96,116.2049,-2.4328125,21.740629,1.2933523,0,0,False,register_operations_review,public-derived-entity-complete-daily-aggregate
2,2020-11-28,130,96,106.48469,-2.44625,19.772575,1.2585191,0,0,False,register_operations_review,public-derived-entity-complete-daily-aggregate
2,2020-11-29,130,96,61.856146,-0.011354167,8.3519769,0.88995006,0,0,False,register_operations_review,public-derived-entity-complete-daily-aggregate
2,2020-11-30,130,96,116.8499,-0.42760417,22.19882,1.2666901,0,0,False,register_operations_review,public-derived-entity-complete-daily-aggregate
2,2020-12-01,130,96,103.72792,-3.031875,19.373705,1.2674657,0,0,False,register_operations_review,public-derived-entity-complete-daily-aggregate
2,2020-12-02,130,96,110.16438,-3.815625,20.866841,1.2968737,0,0,False,register_operations_review,public-derived-entity-complete-daily-aggregate
2,2020-12-03,130,96,109.03729,-3.8723958,20.610924,1.292271,0,0,False,register_operations_review,public-derived-entity-complete-daily-aggregate
2,2020-12-04,130,96,79.722813,-3.7365625,12.96741,1.1344619,0,0,False,register_operations_review,public-derived-entity-complete-daily-aggregate
2,2020-12-05,130,96,105.94125,-2.7508333,20.109133,1.308333,0,0,False,register_operations_review,public-derived-entity-complete-daily-aggregate
2,2020-12-06,130,96,99.445521,-3.06625,18.480651,1.2307917,0,0,False,register_operations_review,public-derived-entity-complete-daily-aggregate
2,2020-12-07,130,96,72.084479,-3.4360417,10.432097,1.0187025,0,0.010416667,False,register_operations_review,public-derived-entity-complete-daily-aggregate
2,2020-12-08,130,96,60.917188,-2.4091667,9.6958287,1.1194564,0,0,False,register_operations_review,public-derived-entity-complete-daily-aggregate
2,2020-12-09,130,96,87.105937,-2.5129167,14.088229,1.1412016,0,0,False,register_operations_review,public-derived-entity-complete-daily-aggregate
2,2020-12-10,130,96,86.922604,-3.7666667,15.821558,1.1768599,0,0,False,register_operations_review,public-derived-entity-complete-daily-aggregate
2,2020-12-11,130,96,70.307396,-3.15875,13.171416,1.1700137,0,0,False,register_operations_review,public-derived-entity-complete-daily-aggregate
2,2020-12-12,130,96,41.499375,-2.3380208,5.2414032,0.86603075,0,0,False,register_operations_review,public-derived-entity-complete-daily-aggregate
2,2020-12-13,130,96,55.145208,-1.5969792,8.2864297,1.1261429,0,0,False,register_operations_review,public-derived-entity-complete-daily-aggregate
2,2020-12-14,130,96,52.037396,-1.64625,8.224871,1.1086299,0,0,False,register_operations_review,public-derived-entity-complete-daily-aggregate
2,2020-12-15,130,96,58.568333,-3.0142708,8.9840527,1.0752719,0,0,False,register_operations_review,public-derived-entity-complete-daily-aggregate
2,2020-12-16,130,96,59.468542,-4.05,8.9751567,1.0628891,0,0,False,register_operations_review,public-derived-entity-complete-daily-aggregate
2,2020-12-17,130,96,66.533229,-5.1347917,11.147147,1.0532222,0,0,False,register_operations_review,public-derived-entity-complete-daily-aggregate
2,2020-12-18,130,96,104.89083,-3.5170833,19.689347,1.2313727,0,0,False,register_operations_review,public-derived-entity-complete-daily-aggregate
2,2020-12-19,130,96,61.920313,-6.38375,11.561652,1.1591957,0,0,False,register_operations_review,public-derived-entity-complete-daily-aggregate
2,2020-12-20,130,96,76.396875,-4.8952083,10.408409,1.0427043,0,0.010416667,False,register_operations_review,public-derived-entity-complete-daily-aggregate
2,2020-12-21,130,96,106.25927,-3.2342708,22.018339,1.3616293,0,0,False,register_operations_review,public-derived-entity-complete-daily-aggregate
2,2020-12-22,130,96,110.07427,-2.9635417,20.292074,1.2417948,0,0,False,register_operations_review,public-derived-entity-complete-daily-aggregate
2,2020-12-23,130,96,90.541979,-6.4838542,18.2315,1.3641705,0,0,False,register_operations_review,public-derived-entity-complete-daily-aggregate
2,2020-12-24,130,96,99.742188,-6.02625,20.403486,1.3793071,0,0,False,register_operations_review,public-derived-entity-complete-daily-aggregate
2,2020-12-25,130,96,110.09156,-5.6203125,22.824625,1.3279418,0,0,False,register_operations_review,public-derived-entity-complete-daily-aggregate
2,2020-12-26,130,96,99.446667,-5.2079167,18.644701,1.2342332,0,0,False,register_operations_review,public-derived-entity-complete-daily-aggregate
2,2020-12-27,130,96,55.376458,-5.0082292,7.953592,1.0554204,0,0,False,register_operations_review,public-derived-entity-complete-daily-aggregate
2,2020-12-28,130,96,40.768542,-3.4575,5.2572648,0.98225363,0,0,False,register_operations_review,public-derived-entity-complete-daily-aggregate
2,2020-12-29,130,96,48.100521,-3.5916667,6.2759108,0.94973555,0,0,False,register_operations_review,public-derived-entity-complete-daily-aggregate
2,2020-12-30,130,96,105.85552,-5.9988542,20.571833,1.2216569,0,0,False,register_operations_review,public-derived-entity-complete-daily-aggregate
2,2020-12-31,130,96,113.38271,-7.8727083,22.156786,1.256807,0,0,False,register_operations_review,public-derived-entity-complete-daily-aggregate
3,2019-01-01,30,96,220.38542,,3.8949479,0.51688028,,0,False,register_operations_review,public-derived-entity-complete-daily-aggregate
3,2019-01-02,30,96,186.08333,,4.7013302,0.76613591,,0,False,register_operations_review,public-derived-entity-complete-daily-aggregate
3,2019-01-03,30,96,165.30208,,4.6773707,0.90513227,,0,False,register_operations_review,public-derived-entity-complete-daily-aggregate
3,2019-01-04,30,96,68.71875,,3.3064838,1.0188547,,0,False,register_operations_review,public-derived-entity-complete-daily-aggregate
3,2019-01-05,30,96,217.38542,,0.77147963,0.14211081,,0,False,register_operations_review,public-derived-entity-complete-daily-aggregate
3,2019-01-06,30,96,205.64583,,0.38579931,0.05642843,,0,False,register_operations_review,public-derived-entity-complete-daily-aggregate
3,2019-01-07,30,96,256.40625,,0.15216305,0.020629503,,0,False,register_operations_review,public-derived-entity-complete-daily-aggregate
3,2019-01-08,30,96,244.07292,,5.6852045,0.6603971,,0,False,register_operations_review,public-derived-entity-complete-daily-aggregate
3,2019-01-09,30,96,247.1875,,5.4377226,0.62894981,,0,False,register_operations_review,public-derived-entity-complete-daily-aggregate
3,2019-01-10,30,96,251.3125,,4.3080928,0.54700689,,0,False,register_operations_review,public-derived-entity-complete-daily-aggregate
3,2019-01-11,30,96,148.48958,,2.0292523,0.53388097,,0,False,register_operations_review,public-derived-entity-complete-daily-aggregate
3,2019-01-12,30,96,181.66667,,4.2070089,0.72256191,,0,False,register_operations_review,public-derived-entity-complete-daily-aggregate
3,2019-01-13,30,96,176.25,,3.50203,0.62656972,,0,False,register_operations_review,public-derived-entity-complete-daily-aggregate
3,2019-01-14,30,96,160.79167,,5.9288005,1.2417018,,0,False,register_operations_review,public-derived-entity-complete-daily-aggregate
3,2019-01-15,30,96,38.09375,,6.3685638,1.1776375,,0,False,register_operations_review,public-derived-entity-complete-daily-aggregate
3,2019-01-16,30,96,221.20833,,1.84002,0.26634439,,0,False,register_operations_review,public-derived-entity-complete-daily-aggregate
3,2019-01-17,30,96,231.23958,,3.6178291,0.47717834,,0,False,register_operations_review,public-derived-entity-complete-daily-aggregate
3,2019-01-18,30,96,235.55208,,4.2021056,0.51190814,,0,False,register_operations_review,public-derived-entity-complete-daily-aggregate
3,2019-01-19,30,96,199.91667,,6.1416628,0.9401094,,0,False,register_operations_review,public-derived-entity-complete-daily-aggregate
3,2019-01-20,30,96,181.5625,,6.3583667,1.1912182,,0,False,register_operations_review,public-derived-entity-complete-daily-aggregate
3,2019-01-21,30,96,61.0625,,3.3614378,0.92669317,,0,False,register_operations_review,public-derived-entity-complete-daily-aggregate
3,2019-01-22,30,96,74.885417,,3.8886256,0.97911271,,0,False,register_operations_review,public-derived-entity-complete-daily-aggregate
3,2019-01-23,30,96,194.69792,,3.1910905,0.54887711,,0,False,register_operations_review,public-derived-entity-complete-daily-aggregate
3,2019-01-24,30,96,76.84375,,3.8634877,1.189009,,0,False,register_operations_review,public-derived-entity-complete-daily-aggregate
3,2019-01-25,30,96,19.666667,,5.4154995,,,0,False,register_operations_review,public-derived-entity-complete-daily-aggregate
3,2019-01-26,30,96,186.65625,,1.3305173,0.27441366,,0,False,register_operations_review,public-derived-entity-complete-daily-aggregate
3,2019-01-27,30,96,132.85417,,3.2337016,0.71859057,,0,False,register_operations_review,public-derived-entity-complete-daily-aggregate
3,2019-01-28,30,96,266.07292,,0.78509463,0.1019857,,0,False,register_operations_review,public-derived-entity-complete-daily-aggregate
3,2019-01-29,30,96,236.67708,,1.6107547,0.30513759,,0,False,register_operations_review,public-derived-entity-complete-daily-aggregate
3,2019-01-30,30,96,223.25,,2.3044283,0.50638236,,0,False,register_operations_review,public-derived-entity-complete-daily-aggregate
3,2019-01-31,30,96,191.10417,,1.0161341,0.5884381,,0,False,register_operations_review,public-derived-entity-complete-daily-aggregate
3,2019-02-01,30,96,220.97917,,2.5938189,0.58127055,,0,False,register_operations_review,public-derived-entity-complete-daily-aggregate
3,2019-02-02,30,96,272.28125,,0.70351214,0.11075276,,0,False,register_operations_review,public-derived-entity-complete-daily-aggregate
3,2019-02-03,30,96,185.10417,,2.9233352,0.55704266,,0,False,register_operations_review,public-derived-entity-complete-daily-aggregate
3,2019-02-04,30,96,226.61458,,0.68221836,0.14370945,,0,False,register_operations_review,public-derived-entity-complete-daily-aggregate
3,2019-02-05,30,96,201.85417,,3.219139,0.5728314,,0,False,register_operations_review,public-derived-entity-complete-daily-aggregate
3,2019-02-06,30,96,229.39583,,2.6106313,0.35389357,,0,False,register_operations_review,public-derived-entity-complete-daily-aggregate
3,2019-02-07,30,96,231.03125,,0.51306423,0.077186095,,0,False,register_operations_review,public-derived-entity-complete-daily-aggregate
3,2019-02-08,30,96,265.54167,,1.4324988,0.25286904,,0,False,register_operations_review,public-derived-entity-complete-daily-aggregate
3,2019-02-09,30,96,230.10417,,1.7088412,0.3293387,,0,False,register_operations_review,public-derived-entity-complete-daily-aggregate
3,2019-02-10,30,96,221.94792,,2.7160647,0.54042572,,0,False,register_operations_review,public-derived-entity-complete-daily-aggregate
3,2019-02-11,30,96,217.28125,,2.9809395,0.55690742,,0,False,register_operations_review,public-derived-entity-complete-daily-aggregate
3,2019-02-12,30,96,228.79167,,5.5601198,0.8023749,,0,False,register_operations_review,public-derived-entity-complete-daily-aggregate
3,2019-02-13,30,96,162.83333,,2.3809428,0.65060671,,0,False,register_operations_review,public-derived-entity-complete-daily-aggregate
3,2019-02-14,30,96,27.947917,,0.17608336,0.22069029,,0,False,register_operations_review,public-derived-entity-complete-daily-aggregate
3,2019-02-15,30,96,281.01042,,0,,,0,False,register_operations_review,public-derived-entity-complete-daily-aggregate
3,2019-02-16,30,96,255.76042,,3.3421422,0.57756409,,0,False,register_operations_review,public-derived-entity-complete-daily-aggregate
3,2019-02-17,30,96,293.61458,,7.4272052,0.81506412,,0,False,register_operations_review,public-derived-entity-complete-daily-aggregate
3,2019-02-18,30,96,275.53125,,6.9058953,0.7672283,,0,False,register_operations_review,public-derived-entity-complete-daily-aggregate
3,2019-02-19,30,96,268.5625,,6.4845631,0.77971516,,0,False,register_operations_review,public-derived-entity-complete-daily-aggregate
3,2019-02-20,30,96,240.16667,,5.4035855,0.68896871,,0,False,register_operations_review,public-derived-entity-complete-daily-aggregate
3,2019-02-21,30,96,201.98958,,2.2699548,0.56713389,,0,False,register_operations_review,public-derived-entity-complete-daily-aggregate
3,2019-02-22,30,96,276.4375,,4.557663,0.70439431,,0,False,register_operations_review,public-derived-entity-complete-daily-aggregate
3,2019-02-23,30,96,187.47917,,3.5464873,0.82447498,,0,False,register_operations_review,public-derived-entity-complete-daily-aggregate
3,2019-02-24,30,96,56.197917,,1.6226656,0.77988191,,0,False,register_operations_review,public-derived-entity-complete-daily-aggregate
3,2019-02-25,30,96,86.489583,,0.89071938,0.34825427,,0,False,register_operations_review,public-derived-entity-complete-daily-aggregate
3,2019-02-26,30,96,168.95833,,7.459234,1.4404196,,0,False,register_operations_review,public-derived-entity-complete-daily-aggregate
3,2019-02-27,30,96,269.17708,,3.2714207,0.38978277,,0,False,register_operations_review,public-derived-entity-complete-daily-aggregate
3,2019-02-28,30,96,54.8125,,2.1102489,0.99550387,,0,False,register_operations_review,public-derived-entity-complete-daily-aggregate
3,2019-03-01,30,96,87.666667,,2.4974241,0.70498504,,0,False,register_operations_review,public-derived-entity-complete-daily-aggregate
3,2019-03-02,30,96,288.69792,,5.4632851,0.62482596,,0,False,register_operations_review,public-derived-entity-complete-daily-aggregate
3,2019-03-03,30,96,280.42708,,7.7554941,0.89175041,,0,False,register_operations_review,public-derived-entity-complete-daily-aggregate
3,2019-03-04,30,96,257.60417,,8.8921949,1.2164672,,0,False,register_operations_review,public-derived-entity-complete-daily-aggregate
3,2019-03-05,30,96,186.66667,,8.3812106,1.3706631,,0,False,register_operations_review,public-derived-entity-complete-daily-aggregate
3,2019-03-06,30,96,52.114583,,7.1329618,1.461947,,0,False,register_operations_review,public-derived-entity-complete-daily-aggregate
3,2019-03-07,30,96,191.10417,,2.9358303,0.53472175,,0,False,register_operations_review,public-derived-entity-complete-daily-aggregate
3,2019-03-08,30,96,218.09375,,3.641605,0.64504794,,0,False,register_operations_review,public-derived-entity-complete-daily-aggregate
3,2019-03-09,30,96,215.73958,,1.2699624,0.19801281,,0,False,register_operations_review,public-derived-entity-complete-daily-aggregate
3,2019-03-10,30,96,195.16667,,7.5833843,1.0633355,,0,False,register_operations_review,public-derived-entity-complete-daily-aggregate
3,2019-03-11,30,96,41.125,,8.1679665,1.4247678,,0,False,register_operations_review,public-derived-entity-complete-daily-aggregate
3,2019-03-12,30,96,226.15625,,5.7898252,0.86239454,,0,False,register_operations_review,public-derived-entity-complete-daily-aggregate
3,2019-03-13,30,96,195.65625,,7.408842,1.1606094,,0,False,register_operations_review,public-derived-entity-complete-daily-aggregate
3,2019-03-14,30,96,197.77083,,7.8558502,1.3829725,,0,False,register_operations_review,public-derived-entity-complete-daily-aggregate
3,2019-03-15,30,96,33.71875,,7.5344127,,,0,False,register_operations_review,public-derived-entity-complete-daily-aggregate
3,2019-03-16,30,96,266.25,,6.4558561,0.91166453,,0,False,register_operations_review,public-derived-entity-complete-daily-aggregate
3,2019-03-17,30,96,203.60417,,8.2596562,1.4241598,,0,False,register_operations_review,public-derived-entity-complete-daily-aggregate
3,2019-03-18,30,96,106.01042,,7.6805494,1.3533197,,0,False,register_operations_review,public-derived-entity-complete-daily-aggregate
3,2019-03-19,30,96,245.375,,9.207729,1.2236256,,0,False,register_operations_review,public-derived-entity-complete-daily-aggregate
3,2019-03-20,30,96,101.0625,,7.1517167,1.5659057,,0,False,register_operations_review,public-derived-entity-complete-daily-aggregate
3,2019-03-21,30,96,321.80208,,6.8796166,0.66568259,,0,False,register_operations_review,public-derived-entity-complete-daily-aggregate
3,2019-03-22,30,96,276.36458,,8.4993161,1.0484545,,0,False,register_operations_review,public-derived-entity-complete-daily-aggregate
3,2019-03-23,30,96,303.84375,,7.5802164,0.80247031,,0,False,register_operations_review,public-derived-entity-complete-daily-aggregate
3,2019-03-24,30,96,218.48958,,6.1449408,0.89944411,,0,False,register_operations_review,public-derived-entity-complete-daily-aggregate
3,2019-03-25,30,96,254.07292,,6.0243084,0.83991182,,0,False,register_operations_review,public-derived-entity-complete-daily-aggregate
3,2019-03-26,30,96,62.604167,,0.58153681,0.44330017,,0,False,register_operations_review,public-derived-entity-complete-daily-aggregate
3,2019-03-27,30,96,55.4375,,8.3016637,1.4775895,,0,False,register_operations_review,public-derived-entity-complete-daily-aggregate
3,2019-03-28,30,96,136.38542,,8.9768897,1.6922305,,0,False,register_operations_review,public-derived-entity-complete-daily-aggregate
3,2019-03-29,30,96,96.625,,8.3437477,1.1425537,,0,False,register_operations_review,public-derived-entity-complete-daily-aggregate
3,2019-03-30,30,96,289.6875,,6.9435376,0.79846081,,0,False,register_operations_review,public-derived-entity-complete-daily-aggregate
3,2019-03-31,30,96,249.65625,,4.5812344,0.63683782,,0,False,register_operations_review,public-derived-entity-complete-daily-aggregate
3,2019-04-01,30,96,137.51042,,7.2754694,1.1859443,,0,False,register_operations_review,public-derived-entity-complete-daily-aggregate
3,2019-04-02,30,96,17.385417,,4.2380679,1.5172973,,0,False,register_operations_review,public-derived-entity-complete-daily-aggregate
3,2019-04-03,30,96,82.572917,,8.5416424,1.4395455,,0,False,register_operations_review,public-derived-entity-complete-daily-aggregate
3,2019-04-04,30,96,305.375,,8.6777249,0.94958832,,0,False,register_operations_review,public-derived-entity-complete-daily-aggregate
3,2019-04-05,30,96,232.77083,,8.4782553,1.1637067,,0,False,register_operations_review,public-derived-entity-complete-daily-aggregate
3,2019-04-06,30,96,260.66667,,6.9159116,0.8806239,,0,False,register_operations_review,public-derived-entity-complete-daily-aggregate
3,2019-04-07,30,96,269.69792,,6.9117997,0.76212034,,0,False,register_operations_review,public-derived-entity-complete-daily-aggregate
3,2019-04-08,30,96,293.70833,,3.1699167,0.32457584,,0,False,register_operations_review,public-derived-entity-complete-daily-aggregate
3,2019-04-09,30,96,236.80208,,0.99436827,0.19309943,,0,False,register_operations_review,public-derived-entity-complete-daily-aggregate
3,2019-04-10,30,96,197.97917,,5.815601,0.98484296,,0,False,register_operations_review,public-derived-entity-complete-daily-aggregate
3,2019-04-11,30,96,153.47917,,8.784984,1.2555697,,0,False,register_operations_review,public-derived-entity-complete-daily-aggregate
3,2019-04-12,30,96,94.625,,7.7742978,1.3468495,,0,False,register_operations_review,public-derived-entity-complete-daily-aggregate
3,2019-04-13,30,96,273.88542,,8.3892107,1.0465146,,0,False,register_operations_review,public-derived-entity-complete-daily-aggregate
3,2019-04-14,30,96,304.59375,,7.4737954,0.80760367,,0,False,register_operations_review,public-derived-entity-complete-daily-aggregate
3,2019-04-15,30,96,278.25,,7.9914162,0.9287494,,0,False,register_operations_review,public-derived-entity-complete-daily-aggregate
3,2019-04-16,30,96,240.34375,,3.1263199,0.43832694,,0,False,register_operations_review,public-derived-entity-complete-daily-aggregate
3,2019-04-17,30,96,307.64583,,6.6030255,0.76855345,,0,False,register_operations_review,public-derived-entity-complete-daily-aggregate
3,2019-04-18,30,96,299.17708,,6.5494308,0.68544796,,0,False,register_operations_review,public-derived-entity-complete-daily-aggregate
3,2019-04-19,30,96,291.14583,,2.0658929,0.28115099,,0,False,register_operations_review,public-derived-entity-complete-daily-aggregate
3,2019-04-20,30,96,110.09375,,8.35661,1.39164,,0,False,register_operations_review,public-derived-entity-complete-daily-aggregate
3,2019-04-21,30,96,59.072917,,8.9545395,1.9114339,,0,False,register_operations_review,public-derived-entity-complete-daily-aggregate
3,2019-04-22,30,96,21.4375,,9.5191842,,,0,False,register_operations_review,public-derived-entity-complete-daily-aggregate
3,2019-04-23,30,96,59.53125,,9.4813066,,,0,False,register_operations_review,public-derived-entity-complete-daily-aggregate
3,2019-04-24,30,96,149.83333,,8.8628023,1.28496,,0,False,register_operations_review,public-derived-entity-complete-daily-aggregate
3,2019-04-25,30,96,276.16667,,8.9303596,1.0578274,,0,False,register_operations_review,public-derived-entity-complete-daily-aggregate
3,2019-04-26,30,96,38.177083,,4.2659959,0.65799053,,0,False,register_operations_review,public-derived-entity-complete-daily-aggregate
3,2019-04-27,30,96,202.82292,,7.0573353,0.83522298,,0,False,register_operations_review,public-derived-entity-complete-daily-aggregate
3,2019-04-28,30,96,263.48958,,8.4155736,1.0312189,,0,False,register_operations_review,public-derived-entity-complete-daily-aggregate
3,2019-04-29,30,96,150.25,,8.4460552,1.3051838,,0,False,register_operations_review,public-derived-entity-complete-daily-aggregate
3,2019-04-30,30,96,65.739583,,7.7401489,0.97538696,,0,False,register_operations_review,public-derived-entity-complete-daily-aggregate
3,2019-05-01,30,96,294.89583,,7.9150188,0.90628228,,0,False,register_operations_review,public-derived-entity-complete-daily-aggregate
3,2019-05-02,30,96,285.5625,,8.0947975,0.91612592,,0,False,register_operations_review,public-derived-entity-complete-daily-aggregate
3,2019-05-03,30,96,29.1875,,4.4056566,1.5407303,,0,False,register_operations_review,public-derived-entity-complete-daily-aggregate
3,2019-05-04,30,96,244.84375,,4.2618283,0.66471925,,0,False,register_operations_review,public-derived-entity-complete-daily-aggregate
3,2019-05-05,30,96,293.97917,,9.0822543,0.99007014,,0,False,register_operations_review,public-derived-entity-complete-daily-aggregate
3,2019-05-06,30,96,277.69792,,8.9694498,1.0478924,,0,False,register_operations_review,public-derived-entity-complete-daily-aggregate
3,2019-05-07,30,96,290.38542,,3.8258806,0.44564404,,0,False,register_operations_review,public-derived-entity-complete-daily-aggregate
3,2019-05-08,30,96,243.04167,,0.80803734,0.12094661,,0,False,register_operations_review,public-derived-entity-complete-daily-aggregate
3,2019-05-09,30,96,219.76042,,3.1168707,0.38180211,,0,False,register_operations_review,public-derived-entity-complete-daily-aggregate
3,2019-05-10,30,96,84.114583,,8.462908,1.4533355,,0,False,register_operations_review,public-derived-entity-complete-daily-aggregate
3,2019-05-11,30,96,277.55208,,3.8574562,0.53678232,,0,False,register_operations_review,public-derived-entity-complete-daily-aggregate
3,2019-05-12,30,96,237.65625,,9.2001738,1.1470332,,0,False,register_operations_review,public-derived-entity-complete-daily-aggregate
3,2019-05-13,30,96,241.40625,,0.098783891,0.63940788,,0,False,register_operations_review,public-derived-entity-complete-daily-aggregate
3,2019-05-14,30,96,77.125,,-0.0061490625,,,0,False,register_operations_review,public-derived-entity-complete-daily-aggregate
3,2019-05-15,30,96,69.197917,,6.6335186,0.9211324,,0,False,register_operations_review,public-derived-entity-complete-daily-aggregate
3,2019-05-16,30,96,109.125,,5.6970303,1.0917897,,0,False,register_operations_review,public-derived-entity-complete-daily-aggregate
3,2019-05-17,30,96,294.625,,7.5225106,0.81397039,,0,False,register_operations_review,public-derived-entity-complete-daily-aggregate
3,2019-05-18,30,96,265.40625,,4.8809163,0.66919649,,0,False,register_operations_review,public-derived-entity-complete-daily-aggregate
3,2019-05-19,30,96,227.90625,,8.7516655,1.2148616,,0,False,register_operations_review,public-derived-entity-complete-daily-aggregate
3,2019-05-20,30,96,109.5,,8.2678278,1.1123988,,0,False,register_operations_review,public-derived-entity-complete-daily-aggregate
3,2019-05-21,30,96,265.16667,,7.204132,0.87792869,,0,False,register_operations_review,public-derived-entity-complete-daily-aggregate
3,2019-05-22,30,96,260.6875,,8.1182147,1.0305214,,0,False,register_operations_review,public-derived-entity-complete-daily-aggregate
3,2019-05-23,30,96,62.739583,,4.247642,1.0826751,,0,False,register_operations_review,public-derived-entity-complete-daily-aggregate
3,2019-05-24,30,96,260.76042,,6.6652518,0.93793785,,0,False,register_operations_review,public-derived-entity-complete-daily-aggregate
3,2019-05-25,30,96,275.10417,,7.3514796,0.92595199,,0,False,register_operations_review,public-derived-entity-complete-daily-aggregate
3,2019-05-26,30,96,233.44792,,7.3397037,0.98555972,,0,False,register_operations_review,public-derived-entity-complete-daily-aggregate
3,2019-05-27,30,96,268.55208,,7.8340565,1.0075561,,0,False,register_operations_review,public-derived-entity-complete-daily-aggregate
3,2019-05-28,30,96,280.09375,,8.4339442,0.99260445,,0,False,register_operations_review,public-derived-entity-complete-daily-aggregate
3,2019-05-29,30,96,265.55208,,6.3357211,0.85335879,,0,False,register_operations_review,public-derived-entity-complete-daily-aggregate
3,2019-05-30,30,96,215.94792,,5.104953,0.74099126,,0,False,register_operations_review,public-derived-entity-complete-daily-aggregate
3,2019-05-31,30,96,220.30208,,5.5266992,0.84768248,,0,False,register_operations_review,public-derived-entity-complete-daily-aggregate
3,2019-06-01,30,96,146.14583,,6.7984077,0.95021499,,0,False,register_operations_review,public-derived-entity-complete-daily-aggregate
3,2019-06-02,30,96,227.5,,7.5798301,1.1843438,,0,False,register_operations_review,public-derived-entity-complete-daily-aggregate
3,2019-06-03,30,96,142.94792,,7.7177419,1.1527178,,0,False,register_operations_review,public-derived-entity-complete-daily-aggregate
3,2019-06-04,30,96,264.29167,,7.9627949,0.97229587,,0,False,register_operations_review,public-derived-entity-complete-daily-aggregate
3,2019-06-05,30,96,268.08333,,6.8853925,0.91876125,,0,False,register_operations_review,public-derived-entity-complete-daily-aggregate
3,2019-06-06,30,96,252.55208,,7.4076166,0.98651689,,0,False,register_operations_review,public-derived-entity-complete-daily-aggregate
3,2019-06-07,30,96,204.52083,,7.0921128,1.1315978,,0,False,register_operations_review,public-derived-entity-complete-daily-aggregate
3,2019-06-08,30,96,219.01042,,6.8158934,1.0652289,,0,False,register_operations_review,public-derived-entity-complete-daily-aggregate
3,2019-06-09,30,96,172.9375,,3.4503249,0.71631157,,0,False,register_operations_review,public-derived-entity-complete-daily-aggregate
3,2019-06-10,30,96,112.79167,,6.2796936,1.1302725,,0,False,register_operations_review,public-derived-entity-complete-daily-aggregate
3,2019-06-11,30,96,268.14583,,6.1191918,0.76609472,,0,False,register_operations_review,public-derived-entity-complete-daily-aggregate
3,2019-06-12,30,96,218.85417,,6.1381871,0.93914808,,0,False,register_operations_review,public-derived-entity-complete-daily-aggregate
3,2019-06-13,30,96,231.5625,,6.7576274,1.018589,,0,False,register_operations_review,public-derived-entity-complete-daily-aggregate
3,2019-06-14,30,96,55.489583,,8.4178623,1.4495626,,0,False,register_operations_review,public-derived-entity-complete-daily-aggregate
3,2019-06-15,30,96,107.19792,,5.7878125,1.3317559,,0,False,register_operations_review,public-derived-entity-complete-daily-aggregate
3,2019-06-16,30,96,154.27083,,4.2708983,0.8610677,,0,False,register_operations_review,public-derived-entity-complete-daily-aggregate
3,2019-06-17,30,96,77.4375,,2.6001606,0.88644674,,0,False,register_operations_review,public-derived-entity-complete-daily-aggregate
3,2019-06-18,30,96,254.67708,,2.785619,0.47256075,,0,False,register_operations_review,public-derived-entity-complete-daily-aggregate
3,2019-06-19,30,96,267.61458,,7.8385176,0.97607156,,0,False,register_operations_review,public-derived-entity-complete-daily-aggregate
3,2019-06-20,30,96,269.77083,,7.9733521,1.0243997,,0,False,register_operations_review,public-derived-entity-complete-daily-aggregate
3,2019-06-21,30,96,244.26042,,7.5952802,0.97788795,,0,False,register_operations_review,public-derived-entity-complete-daily-aggregate
3,2019-06-22,30,96,244.5,,7.6477293,0.98184981,,0,False,register_operations_review,public-derived-entity-complete-daily-aggregate
3,2019-06-23,30,96,166.34375,,1.9041404,0.39069302,,0,False,register_operations_review,public-derived-entity-complete-daily-aggregate
3,2019-06-24,30,96,72.395833,,3.0639502,1.1799882,,0,False,register_operations_review,public-derived-entity-complete-daily-aggregate
3,2019-06-25,30,96,89.270833,,5.3353219,0.96591443,,0,False,register_operations_review,public-derived-entity-complete-daily-aggregate
3,2019-06-26,30,96,261.5,,4.6757218,0.56133853,,0,False,register_operations_review,public-derived-entity-complete-daily-aggregate
3,2019-06-27,30,96,198.26042,,7.4669988,1.2664868,,0,False,register_operations_review,public-derived-entity-complete-daily-aggregate
3,2019-06-28,30,96,229.08333,,7.3165728,0.85517491,,0,False,register_operations_review,public-derived-entity-complete-daily-aggregate
3,2019-06-29,30,96,75.427083,,5.2442447,1.1118298,,0,False,register_operations_review,public-derived-entity-complete-daily-aggregate
3,2019-06-30,30,96,220.8125,,5.6523017,0.69217365,,0,False,register_operations_review,public-derived-entity-complete-daily-aggregate
3,2019-07-01,30,96,294.89583,,6.9112789,0.89497068,,0,False,register_operations_review,public-derived-entity-complete-daily-aggregate
3,2019-07-02,30,96,285.5625,,5.5993776,0.69910894,,0,False,register_operations_review,public-derived-entity-complete-daily-aggregate
3,2019-07-03,30,96,29.1875,,5.9729096,1.2052068,,0,False,register_operations_review,public-derived-entity-complete-daily-aggregate
3,2019-07-04,30,96,244.84375,,7.6095657,1.113981,,0,False,register_operations_review,public-derived-entity-complete-daily-aggregate
3,2019-07-05,30,96,293.97917,,3.9553408,0.56465798,,0,False,register_operations_review,public-derived-entity-complete-daily-aggregate
3,2019-07-06,30,96,277.69792,,7.4658314,0.89771438,,0,False,register_operations_review,public-derived-entity-complete-daily-aggregate
3,2019-07-07,30,96,290.38542,,7.7984702,0.93079265,,0,False,register_operations_review,public-derived-entity-complete-daily-aggregate
3,2019-07-08,30,96,243.04167,,8.2580036,1.1883021,,0,False,register_operations_review,public-derived-entity-complete-daily-aggregate
3,2019-07-09,30,96,219.76042,,3.3281609,0.62326083,,0,False,register_operations_review,public-derived-entity-complete-daily-aggregate
3,2019-07-10,30,96,84.114583,,5.8751551,0.85716155,,0,False,register_operations_review,public-derived-entity-complete-daily-aggregate
3,2019-07-11,30,96,277.55208,,2.6570049,0.40939717,,0,False,register_operations_review,public-derived-entity-complete-daily-aggregate
3,2019-07-12,30,96,237.65625,,2.8850993,0.36576353,,0,False,register_operations_review,public-derived-entity-complete-daily-aggregate
3,2019-07-13,30,96,241.40625,,3.6737898,0.55388508,,0,False,register_operations_review,public-derived-entity-complete-daily-aggregate
3,2019-07-14,30,96,77.125,,7.8457402,1.2109138,,0,False,register_operations_review,public-derived-entity-complete-daily-aggregate
3,2019-07-15,30,96,69.197917,,6.8359092,1.6157231,,0,False,register_operations_review,public-derived-entity-complete-daily-aggregate
3,2019-07-16,30,96,109.125,,7.1558239,1.4408942,,0,False,register_operations_review,public-derived-entity-complete-daily-aggregate
3,2019-07-17,30,96,294.625,,5.52758,0.71680942,,0,False,register_operations_review,public-derived-entity-complete-daily-aggregate
3,2019-07-18,30,96,265.40625,,2.6017289,0.42205327,,0,False,register_operations_review,public-derived-entity-complete-daily-aggregate
3,2019-07-19,30,96,227.90625,,1.5716936,0.29443634,,0,False,register_operations_review,public-derived-entity-complete-daily-aggregate
3,2019-07-20,30,96,109.5,,7.9239177,1.2340839,,0,False,register_operations_review,public-derived-entity-complete-daily-aggregate
3,2019-07-21,30,96,265.16667,,5.9061658,0.77767277,,0,False,register_operations_review,public-derived-entity-complete-daily-aggregate
3,2019-07-22,30,96,260.6875,,5.4869953,0.71405051,,0,False,register_operations_review,public-derived-entity-complete-daily-aggregate
3,2019-07-23,30,96,62.739583,,6.1568061,0.7547009,,0,False,register_operations_review,public-derived-entity-complete-daily-aggregate
3,2019-07-24,30,96,260.76042,,8.2173377,1.0205892,,0,False,register_operations_review,public-derived-entity-complete-daily-aggregate
3,2019-07-25,30,96,275.10417,,7.0753274,0.82455863,,0,False,register_operations_review,public-derived-entity-complete-daily-aggregate
3,2019-07-26,30,96,233.44792,,1.756905,0.32451551,,0,False,register_operations_review,public-derived-entity-complete-daily-aggregate
3,2019-07-27,30,96,268.55208,,6.1628666,0.69715303,,0,False,register_operations_review,public-derived-entity-complete-daily-aggregate
3,2019-07-28,30,96,280.09375,,7.0760756,0.86534613,,0,False,register_operations_review,public-derived-entity-complete-daily-aggregate
3,2019-07-29,30,96,265.55208,,5.8339638,0.78415315,,0,False,register_operations_review,public-derived-entity-complete-daily-aggregate
3,2019-07-30,30,96,215.94792,,7.6641031,0.98206162,,0,False,register_operations_review,public-derived-entity-complete-daily-aggregate
3,2019-07-31,30,96,220.30208,,5.1220518,0.74299889,,0,False,register_operations_review,public-derived-entity-complete-daily-aggregate
4,2019-01-01,130,96,106.35071,-1.1361006,13.539146,0.9104805,0,0,False,register_operations_review,public-derived-entity-complete-daily-aggregate
4,2019-01-02,130,96,52.394458,0.55950993,5.4679792,0.77186502,0,0,False,register_operations_review,public-derived-entity-complete-daily-aggregate
4,2019-01-03,130,96,68.99651,3.1576948,7.6663854,0.80087113,0,0,False,register_operations_review,public-derived-entity-complete-daily-aggregate
4,2019-01-04,130,96,35.697229,4.7318221,3.6882396,0.77125554,0,0,False,register_operations_review,public-derived-entity-complete-daily-aggregate
4,2019-01-05,130,96,29.101385,4.164471,2.8925938,0.77689282,0,0,False,register_operations_review,public-derived-entity-complete-daily-aggregate
4,2019-01-06,130,96,112.67224,4.2368621,13.202583,0.92490449,0,0,False,register_operations_review,public-derived-entity-complete-daily-aggregate
4,2019-01-07,130,96,29.247948,4.8351859,2.9204583,0.77051166,0,0,False,register_operations_review,public-derived-entity-complete-daily-aggregate
4,2019-01-08,130,96,68.391656,3.6424833,7.8442083,0.85092706,0,0,False,register_operations_review,public-derived-entity-complete-daily-aggregate
4,2019-01-09,130,96,23.932635,2.8116331,2.0911042,0.68041754,0,0,False,register_operations_review,public-derived-entity-complete-daily-aggregate
4,2019-01-10,130,96,40.938875,3.7254931,4.24175,0.77838838,0,0,False,register_operations_review,public-derived-entity-complete-daily-aggregate
4,2019-01-11,130,96,27.509031,4.4942451,2.8416458,0.81162242,0,0,False,register_operations_review,public-derived-entity-complete-daily-aggregate
4,2019-01-12,130,96,48.379896,3.1636492,5.214625,0.79514392,0,0,False,register_operations_review,public-derived-entity-complete-daily-aggregate
4,2019-01-13,130,96,97.577062,7.953357,11.201458,0.84852108,0,0,False,register_operations_review,public-derived-entity-complete-daily-aggregate
4,2019-01-14,130,96,17.518729,7.443155,1.6746875,0.75341103,0,0,False,register_operations_review,public-derived-entity-complete-daily-aggregate
4,2019-01-15,130,96,18.343729,4.8027382,1.7363021,0.73053673,0,0,False,register_operations_review,public-derived-entity-complete-daily-aggregate
4,2019-01-16,130,96,123.67019,1.75886,16.766271,1.0312964,0,0,False,register_operations_review,public-derived-entity-complete-daily-aggregate
4,2019-01-17,130,96,150.25623,3.9411818,20.014417,0.99628094,0,0,False,register_operations_review,public-derived-entity-complete-daily-aggregate
4,2019-01-18,130,96,36.938917,6.8126136,3.7762604,0.81589004,0,0,False,register_operations_review,public-derived-entity-complete-daily-aggregate
4,2019-01-19,130,96,22.199292,7.8653934,2.2066875,0.75630254,0,0,False,register_operations_review,public-derived-entity-complete-daily-aggregate
4,2019-01-20,130,96,116.89308,5.9329967,14.78574,0.9430393,0,0,False,register_operations_review,public-derived-entity-complete-daily-aggregate
4,2019-01-21,130,96,153.69653,5.1320208,20.523771,1.0039067,0,0,False,register_operations_review,public-derived-entity-complete-daily-aggregate
4,2019-01-22,130,96,171.63333,5.8241735,22.741302,0.99208648,0,0,False,register_operations_review,public-derived-entity-complete-daily-aggregate
4,2019-01-23,130,96,168.99095,5.5939062,22.71201,1.0041629,0,0,False,register_operations_review,public-derived-entity-complete-daily-aggregate
4,2019-01-24,130,96,171.60904,6.9854899,23.20175,1.0264624,0,0,False,register_operations_review,public-derived-entity-complete-daily-aggregate
4,2019-01-25,130,96,54.000677,10.425497,5.4409167,0.75557669,0,0,False,register_operations_review,public-derived-entity-complete-daily-aggregate
4,2019-01-26,130,96,79.233344,4.4748883,9.0787292,0.86907762,0,0,False,register_operations_review,public-derived-entity-complete-daily-aggregate
4,2019-01-27,130,96,50.478479,6.7347523,5.452,0.77661184,0,0,False,register_operations_review,public-derived-entity-complete-daily-aggregate
4,2019-01-28,130,96,7.6159896,6.5069938,0.53647917,0.68309123,0,0,False,register_operations_review,public-derived-entity-complete-daily-aggregate
4,2019-01-29,130,96,13.917354,8.3290426,1.1868542,0.68462276,0,0,False,register_operations_review,public-derived-entity-complete-daily-aggregate
4,2019-01-30,130,96,7.2666875,8.8333501,0.347375,0.53177543,0,0,False,register_operations_review,public-derived-entity-complete-daily-aggregate
4,2019-01-31,130,96,60.90974,4.357631,5.8849167,0.62278438,0,0.010416667,False,register_operations_review,public-derived-entity-complete-daily-aggregate
4,2019-02-01,130,96,97.357625,3.3294984,11.124896,0.87483427,0,0,False,register_operations_review,public-derived-entity-complete-daily-aggregate
4,2019-02-02,130,96,16.415938,8.2402306,1.4354062,0.68431431,0,0,False,register_operations_review,public-derived-entity-complete-daily-aggregate
4,2019-02-03,130,96,45.496531,9.4597804,4.6123021,0.76231458,0,0,False,register_operations_review,public-derived-entity-complete-daily-aggregate
4,2019-02-04,130,96,74.152062,6.8189705,7.7859687,0.80869356,0,0,False,register_operations_review,public-derived-entity-complete-daily-aggregate
4,2019-02-05,130,96,142.13124,7.9299131,16.885719,0.89364996,0,0,False,register_operations_review,public-derived-entity-complete-daily-aggregate
4,2019-02-06,130,96,35.8625,10.633735,3.5357187,0.79180062,0,0,False,register_operations_review,public-derived-entity-complete-daily-aggregate
4,2019-02-07,130,96,16.920135,7.9820122,1.4344063,0.706212,0,0,False,register_operations_review,public-derived-entity-complete-daily-aggregate
4,2019-02-08,130,96,15.749323,4.7858754,1.3557292,0.67735649,0,0,False,register_operations_review,public-derived-entity-complete-daily-aggregate
4,2019-02-09,130,96,25.627052,2.2367881,2.0024062,0.57788039,0,0,False,register_operations_review,public-derived-entity-complete-daily-aggregate
4,2019-02-10,130,96,24.06876,2.0070627,2.4652604,0.82183733,0,0,False,register_operations_review,public-derived-entity-complete-daily-aggregate
4,2019-02-11,130,96,34.400698,3.2153276,3.8741771,0.8471411,0,0,False,register_operations_review,public-derived-entity-complete-daily-aggregate
4,2019-02-12,130,96,23.304854,4.1389806,2.2748333,0.74479515,0,0,False,register_operations_review,public-derived-entity-complete-daily-aggregate
4,2019-02-13,130,96,20.854875,2.0559171,2.0391458,0.75555258,0,0,False,register_operations_review,public-derived-entity-complete-daily-aggregate
4,2019-02-14,130,96,36.308292,5.6034739,3.8844687,0.81856521,0,0,False,register_operations_review,public-derived-entity-complete-daily-aggregate
4,2019-02-15,130,96,23.676406,4.5607684,2.4364687,0.76375966,0,0,False,register_operations_review,public-derived-entity-complete-daily-aggregate
4,2019-02-16,130,96,26.07501,4.6787962,2.7168021,0.75859418,0,0,False,register_operations_review,public-derived-entity-complete-daily-aggregate
4,2019-02-17,130,96,26.937531,3.883838,2.9129375,0.82528645,0,0,False,register_operations_review,public-derived-entity-complete-daily-aggregate
4,2019-02-18,130,96,17.877802,2.6564601,1.7312083,0.75177807,0,0,False,register_operations_review,public-derived-entity-complete-daily-aggregate
4,2019-02-19,130,96,49.46249,3.739931,5.2576563,0.76604005,0,0,False,register_operations_review,public-derived-entity-complete-daily-aggregate
4,2019-02-20,130,96,38.380563,6.8803147,4.1418021,0.81041966,0,0,False,register_operations_review,public-derived-entity-complete-daily-aggregate
4,2019-02-21,130,96,21.29099,6.1586855,2.0894271,0.74508803,0,0,False,register_operations_review,public-derived-entity-complete-daily-aggregate
4,2019-02-22,130,96,145.49999,4.2307447,17.448646,0.92331833,0,0.010416667,False,register_operations_review,public-derived-entity-complete-daily-aggregate
4,2019-02-23,130,96,108.89444,6.3077274,12.748917,0.87935495,0,0,False,register_operations_review,public-derived-entity-complete-daily-aggregate
4,2019-02-24,130,96,181.72849,6.2063248,21.299729,0.88176613,0,0,False,register_operations_review,public-derived-entity-complete-daily-aggregate
4,2019-02-25,130,96,79.222219,7.7943241,8.4502604,0.79765738,0,0,False,register_operations_review,public-derived-entity-complete-daily-aggregate
4,2019-02-26,130,96,26.170813,7.3072088,2.6441146,0.78108793,0,0,False,register_operations_review,public-derived-entity-complete-daily-aggregate
4,2019-02-27,130,96,49.163875,9.527263,5.1390104,0.77746723,0,0,False,register_operations_review,public-derived-entity-complete-daily-aggregate
4,2019-02-28,130,96,85.554854,7.4625699,9.6808437,0.82130585,0,0,False,register_operations_review,public-derived-entity-complete-daily-aggregate
4,2019-03-01,130,96,37.253458,10.468245,3.7804271,0.7827734,0,0,False,register_operations_review,public-derived-entity-complete-daily-aggregate
4,2019-03-02,130,96,46.39651,10.678799,4.6123229,0.76519634,0,0,False,register_operations_review,public-derived-entity-complete-daily-aggregate
4,2019-03-03,130,96,199.12425,7.0804414,24.571042,0.93235377,0,0,False,register_operations_review,public-derived-entity-complete-daily-aggregate
4,2019-03-04,130,96,161.28074,11.802717,19.866375,0.91622643,0,0,False,register_operations_review,public-derived-entity-complete-daily-aggregate
4,2019-03-05,130,96,57.024302,11.472062,5.6706667,0.73325631,0,0.010416667,False,register_operations_review,public-derived-entity-complete-daily-aggregate
4,2019-03-06,130,96,0,9.8718716,17.89249,,0,0,False,register_operations_review,public-derived-entity-complete-daily-aggregate
4,2019-03-07,130,96,0,8.556718,26.598333,,0,0,False,register_operations_review,public-derived-entity-complete-daily-aggregate
4,2019-03-08,130,96,0,6.5267015,12.550083,,0,0,False,register_operations_review,public-derived-entity-complete-daily-aggregate
4,2019-03-09,130,96,111.10381,7.1576395,23.404927,0.93484844,0,0,False,register_operations_review,public-derived-entity-complete-daily-aggregate
4,2019-03-10,130,96,223.82077,10.39683,25.900458,0.86838927,0,0,False,register_operations_review,public-derived-entity-complete-daily-aggregate
4,2019-03-11,130,96,223.42017,12.230336,25.988052,0.8570313,0,0,False,register_operations_review,public-derived-entity-complete-daily-aggregate
4,2019-03-12,130,96,255.4375,13.027622,29.581146,0.90673004,0,0,False,register_operations_review,public-derived-entity-complete-daily-aggregate
4,2019-03-13,130,96,94.934042,13.236665,10.506042,0.826611,0,0,False,register_operations_review,public-derived-entity-complete-daily-aggregate
4,2019-03-14,130,96,230.61183,13.482162,26.444635,0.84476296,0,0,False,register_operations_review,public-derived-entity-complete-daily-aggregate
4,2019-03-15,130,96,218.07152,12.663113,24.81551,0.8649229,0,0,False,register_operations_review,public-derived-entity-complete-daily-aggregate
4,2019-03-16,130,96,171.43054,12.432567,19.736469,0.86879224,0,0,False,register_operations_review,public-derived-entity-complete-daily-aggregate
4,2019-03-17,130,96,142.3361,10.714642,15.768552,0.79936933,0,0,False,register_operations_review,public-derived-entity-complete-daily-aggregate
4,2019-03-18,130,96,180.51043,12.012355,21.054021,0.86842631,0,0,False,register_operations_review,public-derived-entity-complete-daily-aggregate
4,2019-03-19,130,96,172.86386,19.987133,19.931781,0.8655674,0.0035874477,0,False,register_operations_review,public-derived-entity-complete-daily-aggregate
4,2019-03-20,130,96,156.30276,19.099095,17.444937,0.79552119,0.00019228026,0,False,register_operations_review,public-derived-entity-complete-daily-aggregate
4,2019-03-21,130,96,82.943052,14.653432,8.5269271,0.80070329,0,0,False,register_operations_review,public-derived-entity-complete-daily-aggregate
4,2019-03-22,130,96,37.094417,12.443032,4.0163229,0.82329946,0,0,False,register_operations_review,public-derived-entity-complete-daily-aggregate
4,2019-03-23,130,96,216.45279,13.73177,25.153469,0.88213717,0,0,False,register_operations_review,public-derived-entity-complete-daily-aggregate
4,2019-03-24,130,96,117.85136,11.272582,12.954344,0.82076679,0,0,False,register_operations_review,public-derived-entity-complete-daily-aggregate
4,2019-03-25,130,96,259.42432,12.118499,29.072438,0.82911757,0,0.010416667,False,register_operations_review,public-derived-entity-complete-daily-aggregate
4,2019-03-26,130,96,213.50693,12.564251,23.417594,0.81456314,0,0,False,register_operations_review,public-derived-entity-complete-daily-aggregate
4,2019-03-27,130,96,188.07433,13.227302,20.554365,0.77054839,0,0,False,register_operations_review,public-derived-entity-complete-daily-aggregate
4,2019-03-28,130,96,92.695135,21.480523,9.4036979,0.74854528,0.0018778206,0,False,register_operations_review,public-derived-entity-complete-daily-aggregate
4,2019-03-29,130,96,151.90766,19.294195,16.296948,0.81023334,0.0016385056,0,False,register_operations_review,public-derived-entity-complete-daily-aggregate
4,2019-03-30,130,96,105.08677,15.37858,11.562,0.84100274,0,0,False,register_operations_review,public-derived-entity-complete-daily-aggregate
4,2019-03-31,130,96,269.46044,11.481031,29.05899,0.8222324,0,0,False,register_operations_review,public-derived-entity-complete-daily-aggregate
4,2019-04-01,130,96,276.15001,14.701142,28.632052,0.77533327,0,0.010416667,False,register_operations_review,public-derived-entity-complete-daily-aggregate
4,2019-04-02,130,96,15.080562,13.391015,1.4233229,0.75289915,0,0,False,register_operations_review,public-derived-entity-complete-daily-aggregate
4,2019-04-03,130,96,222.71943,15.210662,23.897708,0.80630997,0,0,False,register_operations_review,public-derived-entity-complete-daily-aggregate
4,2019-04-04,130,96,136.79862,12.11881,14.800635,0.80975621,0,0,False,register_operations_review,public-derived-entity-complete-daily-aggregate
4,2019-04-05,130,96,238.61042,14.895113,25.426719,0.80630446,0,0,False,register_operations_review,public-derived-entity-complete-daily-aggregate
4,2019-04-06,130,96,279.09512,22.889261,29.284302,0.78255154,0.0082313586,0,False,register_operations_review,public-derived-entity-complete-daily-aggregate
4,2019-04-07,130,96,275.06458,22.57449,28.413719,0.76376221,0.0051362745,0,False,register_operations_review,public-derived-entity-complete-daily-aggregate
4,2019-04-08,130,96,274.91109,21.606487,28.494427,0.76480576,0.0025619849,0,False,register_operations_review,public-derived-entity-complete-daily-aggregate
4,2019-04-09,130,96,44.650708,20.965639,4.4817292,0.76466671,0.0029175694,0.010416667,False,register_operations_review,public-derived-entity-complete-daily-aggregate
4,2019-04-10,130,96,125.15343,13.229135,14.500271,0.83826105,0,0,False,register_operations_review,public-derived-entity-complete-daily-aggregate
4,2019-04-11,130,96,240.34376,15.111126,27.075302,0.86428184,0,0,False,register_operations_review,public-derived-entity-complete-daily-aggregate
4,2019-04-12,130,96,297.90353,16.641278,30.929271,0.78477311,4.2630506e-05,0,False,register_operations_review,public-derived-entity-complete-daily-aggregate
4,2019-04-13,130,96,166.51875,18.777253,18.053583,0.82521421,0,0,False,register_operations_review,public-derived-entity-complete-daily-aggregate
4,2019-04-14,130,96,157.94376,15.604243,16.657813,0.79392313,0,0.010416667,False,register_operations_review,public-derived-entity-complete-daily-aggregate
4,2019-04-15,130,96,217.13056,15.276344,22.961979,0.79447024,0,0,False,register_operations_review,public-derived-entity-complete-daily-aggregate
4,2019-04-16,130,96,279.77571,19.57893,27.92651,0.73928924,0.00060822536,0,False,register_operations_review,public-derived-entity-complete-daily-aggregate
4,2019-04-17,130,96,306.80621,17.739584,31.103969,0.74323251,0.00045177199,0,False,register_operations_review,public-derived-entity-complete-daily-aggregate
4,2019-04-18,130,96,221.13124,25.691154,21.967823,0.7279132,0.011739522,0,False,register_operations_review,public-derived-entity-complete-daily-aggregate
4,2019-04-19,130,96,280.484,20.886103,29.248604,0.76116446,0.00040536236,0,False,register_operations_review,public-derived-entity-complete-daily-aggregate
4,2019-04-20,130,96,223.42016,19.090822,23.644427,0.79776993,0,0.010416667,False,register_operations_review,public-derived-entity-complete-daily-aggregate
4,2019-04-21,130,96,77.693094,21.891613,8.1394167,0.76240687,7.1934357e-05,0,False,register_operations_review,public-derived-entity-complete-daily-aggregate
4,2019-04-22,130,96,55.260417,18.418434,5.5698021,0.73131974,0,0,False,register_operations_review,public-derived-entity-complete-daily-aggregate
4,2019-04-23,130,96,116.42709,24.30922,12.245635,0.78260424,0.0037067816,0,False,register_operations_review,public-derived-entity-complete-daily-aggregate
4,2019-04-24,130,96,252.18127,23.827224,26.043906,0.7625594,0.0029062993,0,False,register_operations_review,public-derived-entity-complete-daily-aggregate
4,2019-04-25,130,96,209.55347,24.120381,21.969583,0.78602679,0.0036571899,0,False,register_operations_review,public-derived-entity-complete-daily-aggregate
4,2019-04-26,130,96,81.733323,26.117233,9.0796146,0.8202368,0.0076416352,0,False,register_operations_review,public-derived-entity-complete-daily-aggregate
4,2019-04-27,130,96,105.78544,22.184409,11.418333,0.79755769,0.0028092875,0,False,register_operations_review,public-derived-entity-complete-daily-aggregate
4,2019-04-28,130,96,36.280208,15.665169,3.3024687,0.65655022,0,0.010416667,False,register_operations_review,public-derived-entity-complete-daily-aggregate
4,2019-04-29,130,96,114.22014,13.644431,10.438156,0.6789974,0,0,False,register_operations_review,public-derived-entity-complete-daily-aggregate
4,2019-04-30,130,96,270.67777,19.423668,28.287563,0.77592465,0.00017953971,0,False,register_operations_review,public-derived-entity-complete-daily-aggregate
4,2019-05-01,130,96,303.92984,17.480073,30.399312,0.73905929,0,0,False,register_operations_review,public-derived-entity-complete-daily-aggregate
4,2019-05-02,130,96,232.63889,21.869875,22.77251,0.75617758,0.0019550538,0,False,register_operations_review,public-derived-entity-complete-daily-aggregate
4,2019-05-03,130,96,297.69443,24.355512,29.189438,0.73692508,0.0091555984,0,False,register_operations_review,public-derived-entity-complete-daily-aggregate
4,2019-05-04,130,96,212.92914,26.040294,21.711917,0.76752106,0.0098324906,0,False,register_operations_review,public-derived-entity-complete-daily-aggregate
4,2019-05-05,130,96,117.73471,22.16543,12.689375,0.8369895,0.0017968932,0,False,register_operations_review,public-derived-entity-complete-daily-aggregate
4,2019-05-06,130,96,93.957667,22.572136,10.609948,0.84013819,0.00060116358,0,False,register_operations_review,public-derived-entity-complete-daily-aggregate
4,2019-05-07,130,96,82.572917,20.265788,9.5366875,0.84358565,1.9411729e-05,0,False,register_operations_review,public-derived-entity-complete-daily-aggregate
4,2019-05-08,130,96,303.41536,16.027591,29.341844,0.72079272,0,0,False,register_operations_review,public-derived-entity-complete-daily-aggregate
4,2019-05-09,130,96,241.94303,21.74118,23.447385,0.71634147,0.0027866164,0,False,register_operations_review,public-derived-entity-complete-daily-aggregate
4,2019-05-10,130,96,297.4472,24.315015,28.464635,0.70916822,0.0093044907,0,False,register_operations_review,public-derived-entity-complete-daily-aggregate
4,2019-05-11,130,96,299.95067,22.200314,28.785823,0.71140312,0.0042431825,0,False,register_operations_review,public-derived-entity-complete-daily-aggregate
4,2019-05-12,130,96,92.438896,25.997446,9.8867396,0.81837434,0.0094360113,0,False,register_operations_review,public-derived-entity-complete-daily-aggregate
4,2019-05-13,130,96,41.806948,23.982094,4.4742604,0.81469501,0.0031845881,0,False,register_operations_review,public-derived-entity-complete-daily-aggregate
4,2019-05-14,130,96,52.826354,21.894785,5.6053958,0.76317695,0.0012921767,0,False,register_operations_review,public-derived-entity-complete-daily-aggregate
4,2019-05-15,130,96,34.551375,22.079991,3.4768229,0.73048947,0.00044761291,0,False,register_operations_review,public-derived-entity-complete-daily-aggregate
4,2019-05-16,130,96,125.75207,22.288694,12.650177,0.75885648,0.0013647039,0.010416667,False,register_operations_review,public-derived-entity-complete-daily-aggregate
4,2019-05-17,130,96,164.05421,28.066617,-0.087322917,,0.013476476,0,False,register_operations_review,public-derived-entity-complete-daily-aggregate
4,2019-05-18,130,96,182.73541,24.206313,18.686208,0.76740436,0.0043113715,0,False,register_operations_review,public-derived-entity-complete-daily-aggregate
4,2019-05-19,130,96,153.87014,28.490435,16.934979,0.81900202,0.014266359,0,False,register_operations_review,public-derived-entity-complete-daily-aggregate
4,2019-05-20,130,96,182.01112,23.271314,18.534979,0.75800066,0.0021109569,0,False,register_operations_review,public-derived-entity-complete-daily-aggregate
4,2019-05-21,130,96,108.35482,22.259572,11.577073,0.79761234,0.0005914534,0,False,register_operations_review,public-derived-entity-complete-daily-aggregate
4,2019-05-22,130,96,320.25134,24.953881,29.65874,0.66179654,0.0096882949,0.010416667,False,register_operations_review,public-derived-entity-complete-daily-aggregate
4,2019-05-23,130,96,325.82223,19.956824,29.498573,0.65586924,0.0007999336,0.020833333,False,register_operations_review,public-derived-entity-complete-daily-aggregate
4,2019-05-24,130,96,234.73123,29.434765,23.060323,0.71641762,0.020890754,0,False,register_operations_review,public-derived-entity-complete-daily-aggregate
4,2019-05-25,130,96,64.68126,29.265693,6.8355938,0.78538834,0.017062772,0,False,register_operations_review,public-derived-entity-complete-daily-aggregate
4,2019-05-26,130,96,189.66321,23.831659,18.626958,0.75741081,0.0018228896,0.03125,False,register_operations_review,public-derived-entity-complete-daily-aggregate
4,2019-05-27,130,96,302.70835,21.994648,29.117,0.69793843,0.0005750368,0.010416667,False,register_operations_review,public-derived-entity-complete-daily-aggregate
4,2019-05-28,130,96,262.1619,18.312148,25.558448,0.73073583,0,0,False,register_operations_review,public-derived-entity-complete-daily-aggregate
4,2019-05-29,130,96,104.69169,23.230385,11.232792,0.78546159,0.0025796649,0,False,register_operations_review,public-derived-entity-complete-daily-aggregate
4,2019-05-30,130,96,47.333333,23.778238,4.8343125,0.74462099,0.0030264319,0,False,register_operations_review,public-derived-entity-complete-daily-aggregate
4,2019-05-31,130,96,274.27506,20.840956,27.003833,0.74595677,7.9551336e-05,0.020833333,False,register_operations_review,public-derived-entity-complete-daily-aggregate
4,2019-06-01,130,96,209.39167,21.025788,20.21749,0.73579023,0.00021381371,0,False,register_operations_review,public-derived-entity-complete-daily-aggregate
4,2019-06-02,130,96,286.59932,29.451832,26.419875,0.69215831,0.018929116,0,False,register_operations_review,public-derived-entity-complete-daily-aggregate
4,2019-06-03,130,96,311.29582,27.7414,28.548333,0.64675511,0.016718056,0,False,register_operations_review,public-derived-entity-complete-daily-aggregate
4,2019-06-04,130,96,319.50277,28.710968,28.858927,0.63689271,0.018419644,0,False,register_operations_review,public-derived-entity-complete-daily-aggregate
4,2019-06-05,130,96,197.77919,31.194134,19.052073,0.68626582,0.02496989,0,False,register_operations_review,public-derived-entity-complete-daily-aggregate
4,2019-06-06,130,96,265.46595,25.07336,25.180365,0.72219122,0.0044689159,0.010416667,False,register_operations_review,public-derived-entity-complete-daily-aggregate
4,2019-06-07,130,96,310.84376,26.140584,28.487229,0.63894563,0.007889154,0.020833333,False,register_operations_review,public-derived-entity-complete-daily-aggregate
4,2019-06-08,130,96,254.63611,30.350919,24.214812,0.72726121,0.021461449,0,False,register_operations_review,public-derived-entity-complete-daily-aggregate
4,2019-06-09,130,96,232.07016,28.784334,22.597229,0.74433338,0.015443848,0,False,register_operations_review,public-derived-entity-complete-daily-aggregate
4,2019-06-10,130,96,270.03056,29.919323,25.550427,0.69830518,0.019851428,0,False,register_operations_review,public-derived-entity-complete-daily-aggregate
4,2019-06-11,130,96,229.94025,22.928668,22.304719,0.73249982,0.0014910666,0,False,register_operations_review,public-derived-entity-complete-daily-aggregate
4,2019-06-12,130,96,186.57083,21.057553,18.459146,0.75297333,0.00017425261,0,False,register_operations_review,public-derived-entity-complete-daily-aggregate
4,2019-06-13,130,96,307.29305,27.845221,28.18999,0.65891613,0.012479084,0.010416667,False,register_operations_review,public-derived-entity-complete-daily-aggregate
4,2019-06-14,130,96,318.05211,25.207734,29.281604,0.6764788,0.0076830384,0,False,register_operations_review,public-derived-entity-complete-daily-aggregate
4,2019-06-15,130,96,227.06665,28.156037,21.460531,0.70594256,0.016172964,0,False,register_operations_review,public-derived-entity-complete-daily-aggregate
4,2019-06-16,130,96,123.97292,27.669834,12.67701,0.78178112,0.011677849,0,False,register_operations_review,public-derived-entity-complete-daily-aggregate
4,2019-06-17,130,96,37.366677,22.74603,3.7870417,0.74591971,0.00036073894,0,False,register_operations_review,public-derived-entity-complete-daily-aggregate
4,2019-06-18,130,96,151.80624,25.062001,15.340615,0.75071631,0.0037653517,0.010416667,False,register_operations_review,public-derived-entity-complete-daily-aggregate
4,2019-06-19,130,96,82.175687,25.414866,8.3839687,0.76217456,0.0060564018,0,False,register_operations_review,public-derived-entity-complete-daily-aggregate
4,2019-06-20,130,96,142.56251,29.269028,14.11549,0.70693335,0.017329243,0,False,register_operations_review,public-derived-entity-complete-daily-aggregate
4,2019-06-21,130,96,88.270833,26.566592,9.5027604,0.76225642,0.0072444779,0,False,register_operations_review,public-derived-entity-complete-daily-aggregate
4,2019-06-22,130,96,100.82362,24.965651,11.136125,0.81171,0.0049650405,0,False,register_operations_review,public-derived-entity-complete-daily-aggregate
4,2019-06-23,130,96,329.54096,21.233792,30.540771,0.65738875,0.00069435522,0.03125,False,register_operations_review,public-derived-entity-complete-daily-aggregate
4,2019-06-24,130,96,294.64177,26.25291,28.038104,0.68994229,0.0092314407,0.010416667,False,register_operations_review,public-derived-entity-complete-daily-aggregate
4,2019-06-25,130,96,254.79308,25.828952,24.564198,0.72410949,0.0060912362,0,False,register_operations_review,public-derived-entity-complete-daily-aggregate
4,2019-06-26,130,96,306.03125,28.061896,26.15149,0.64471541,0.013770306,0,False,register_operations_review,public-derived-entity-complete-daily-aggregate
4,2019-06-27,130,96,244.65626,31.761945,23.131104,0.70968281,0.027373294,0,False,register_operations_review,public-derived-entity-complete-daily-aggregate
4,2019-06-28,130,96,71.37499,29.000361,7.5645521,0.76340774,0.01651214,0,False,register_operations_review,public-derived-entity-complete-daily-aggregate
4,2019-06-29,130,96,90.413906,21.980692,9.7221875,0.78820804,7.0231411e-05,0,False,register_operations_review,public-derived-entity-complete-daily-aggregate
4,2019-06-30,130,96,259.37152,23.805704,23.847063,0.69791,0.0027695274,0,False,register_operations_review,public-derived-entity-complete-daily-aggregate
4,2019-07-01,130,96,234.67359,23.543873,22.49701,0.69221356,0.002020981,0.010416667,False,register_operations_review,public-derived-entity-complete-daily-aggregate
4,2019-07-02,130,96,321.52639,25.414726,28.763781,0.64176902,0.005418976,0.020833333,False,register_operations_review,public-derived-entity-complete-daily-aggregate
4,2019-07-03,130,96,277.61874,33.581887,26.01126,0.68399519,0.034327547,0,False,register_operations_review,public-derived-entity-complete-daily-aggregate
4,2019-07-04,130,96,69.269427,30.938847,7.4103646,0.78131282,0.023755387,0,False,register_operations_review,public-derived-entity-complete-daily-aggregate
4,2019-07-05,130,96,248.82707,24.592045,23.837948,0.70423391,0.0034122841,0,False,register_operations_review,public-derived-entity-complete-daily-aggregate
4,2019-07-06,130,96,243.67775,32.829553,23.544719,0.72546578,0.031318214,0,False,register_operations_review,public-derived-entity-complete-daily-aggregate
4,2019-07-07,130,96,302.11187,31.586567,27.996854,0.69817929,0.026346268,0,False,register_operations_review,public-derived-entity-complete-daily-aggregate
4,2019-07-08,130,96,128.64652,26.494715,13.596469,0.79500238,0.0073935753,0,False,register_operations_review,public-derived-entity-complete-daily-aggregate
4,2019-07-09,130,96,138.02844,20.984615,14.323865,0.77645078,0,0,False,register_operations_review,public-derived-entity-complete-daily-aggregate
4,2019-07-10,130,96,292.76739,23.636189,27.597594,0.69893688,0.0023397344,0.041666667,False,register_operations_review,public-derived-entity-complete-daily-aggregate
4,2019-07-11,130,96,252.0382,31.091248,23.891125,0.69585329,0.024831018,0,False,register_operations_review,public-derived-entity-complete-daily-aggregate
4,2019-07-12,130,96,79.750708,27.595016,8.6917396,0.80684049,0.010734936,0,False,register_operations_review,public-derived-entity-complete-daily-aggregate
4,2019-07-13,130,96,266.23673,27.164494,25.05476,0.72619411,0.010009005,0.03125,False,register_operations_review,public-derived-entity-complete-daily-aggregate
4,2019-07-14,130,96,286.7347,21.803808,25.611948,0.6760433,0.0011441059,0,False,register_operations_review,public-derived-entity-complete-daily-aggregate
4,2019-07-15,130,96,298.44095,23.464491,26.50726,0.65363965,0.0033673986,0.010416667,False,register_operations_review,public-derived-entity-complete-daily-aggregate
4,2019-07-16,130,96,256.64098,30.931495,24.107688,0.69940168,0.02391723,0,False,register_operations_review,public-derived-entity-complete-daily-aggregate
4,2019-07-17,130,96,188.15487,31.717685,18.110854,0.73760066,0.026870738,0,False,register_operations_review,public-derived-entity-complete-daily-aggregate
4,2019-07-18,130,96,175.61593,35.558486,17.290458,0.74597409,0.042233943,0,False,register_operations_review,public-derived-entity-complete-daily-aggregate
4,2019-07-19,130,96,323.08277,32.300609,29.418448,0.64708945,0.029202436,0,False,register_operations_review,public-derived-entity-complete-daily-aggregate
4,2019-07-20,130,96,264.09378,31.921989,24.738667,0.68051133,0.027687954,0,False,register_operations_review,public-derived-entity-complete-daily-aggregate
4,2019-07-21,130,96,304.33403,30.471121,27.343198,0.65545714,0.021929763,0,False,register_operations_review,public-derived-entity-complete-daily-aggregate
4,2019-07-22,130,96,258.44098,26.724529,23.165188,0.67908759,0.0082653016,0.020833333,False,register_operations_review,public-derived-entity-complete-daily-aggregate
4,2019-07-23,130,96,283.42575,25.071284,25.232427,0.6745335,0.0042154181,0.010416667,False,register_operations_review,public-derived-entity-complete-daily-aggregate
4,2019-07-24,130,96,301.27089,28.856012,25.753115,0.6362085,0.015759348,0,False,register_operations_review,public-derived-entity-complete-daily-aggregate
4,2019-07-25,130,96,304.66318,33.174956,28.075,0.649198,0.032699823,0,False,register_operations_review,public-derived-entity-complete-daily-aggregate
4,2019-07-26,130,96,318.4048,28.074649,28.029198,0.61994991,0.012880576,0.010416667,False,register_operations_review,public-derived-entity-complete-daily-aggregate
4,2019-07-27,130,96,314.54722,33.215851,29.164937,0.66032175,0.032863405,0,False,register_operations_review,public-derived-entity-complete-daily-aggregate
4,2019-07-28,130,96,321.61456,36.962277,29.193656,0.62855692,0.047849108,0,False,register_operations_review,public-derived-entity-complete-daily-aggregate
4,2019-07-29,130,96,309.34515,31.039568,28.385094,0.65224308,0.024158726,0,False,register_operations_review,public-derived-entity-complete-daily-aggregate
4,2019-07-30,130,96,305.54021,39.723805,28.268604,0.66808975,0.05889522,0,False,register_operations_review,public-derived-entity-complete-daily-aggregate
4,2019-07-31,130,96,322.03336,33.178445,29.288781,0.64121703,0.032713781,0,False,register_operations_review,public-derived-entity-complete-daily-aggregate
4,2019-08-01,130,96,307.7395,33.96982,29.096677,0.68168444,0.035879279,0,False,register_operations_review,public-derived-entity-complete-daily-aggregate
4,2019-08-02,130,96,248.2784,27.294783,23.606052,0.71979208,0.010900306,0,False,register_operations_review,public-derived-entity-complete-daily-aggregate
4,2019-08-03,130,96,281.44597,31.990362,26.017615,0.65455279,0.027961446,0,False,register_operations_review,public-derived-entity-complete-daily-aggregate
4,2019-08-04,130,96,234.13747,29.834141,21.900073,0.72451157,0.019559542,0,False,register_operations_review,public-derived-entity-complete-daily-aggregate
4,2019-08-05,130,96,242.71115,32.069433,24.014229,0.75576091,0.028277734,0,False,register_operations_review,public-derived-entity-complete-daily-aggregate
4,2019-08-06,130,96,241.71941,36.471377,22.857656,0.73110423,0.045885509,0,False,register_operations_review,public-derived-entity-complete-daily-aggregate
4,2019-08-07,130,96,233.65552,28.388783,22.228833,0.70409473,0.014161111,0,False,register_operations_review,public-derived-entity-complete-daily-aggregate
4,2019-08-08,130,96,220.56739,33.909257,23.59824,0.76479487,0.035637028,0,False,register_operations_review,public-derived-entity-complete-daily-aggregate
4,2019-08-09,130,96,299.45488,39.075023,28.304156,0.66845138,0.056300091,0,False,register_operations_review,public-derived-entity-complete-daily-aggregate
4,2019-08-10,130,96,307.49012,34.561828,29.940687,0.66979482,0.038247313,0,False,register_operations_review,public-derived-entity-complete-daily-aggregate
4,2019-08-11,130,96,231.93335,33.64486,21.978281,0.6835403,0.034579441,0,False,register_operations_review,public-derived-entity-complete-daily-aggregate
4,2019-08-12,130,96,303.6417,26.278156,28.61474,0.67230524,0.0078944464,0,False,register_operations_review,public-derived-entity-complete-daily-aggregate
4,2019-08-13,130,96,278.34721,34.940694,25.461365,0.68501364,0.039762776,0,False,register_operations_review,public-derived-entity-complete-daily-aggregate
4,2019-08-14,130,96,274.85896,37.76745,27.30999,0.71478893,0.051069798,0,False,register_operations_review,public-derived-entity-complete-daily-aggregate
4,2019-08-15,130,96,237.19301,34.509932,23.942708,0.72666154,0.038039728,0.010416667,False,register_operations_review,public-derived-entity-complete-daily-aggregate
4,2019-08-16,130,96,309.93471,28.124026,29.547031,0.67820296,0.013967952,0,False,register_operations_review,public-derived-entity-complete-daily-aggregate
4,2019-08-17,130,96,278.35761,28.609111,26.377583,0.70054493,0.016318794,0,False,register_operations_review,public-derived-entity-complete-daily-aggregate
4,2019-08-18,130,96,271.6368,28.010564,25.451042,0.70115853,0.013259122,0.010416667,False,register_operations_review,public-derived-entity-complete-daily-aggregate
4,2019-08-19,130,96,285.90767,37.155271,27.240583,0.70020537,0.048621083,0,False,register_operations_review,public-derived-entity-complete-daily-aggregate
4,2019-08-20,130,96,292.70139,29.568368,28.152573,0.70124668,0.018682677,0,False,register_operations_review,public-derived-entity-complete-daily-aggregate
4,2019-08-21,130,96,246.03122,34.863556,23.409479,0.70029882,0.039454224,0,False,register_operations_review,public-derived-entity-complete-daily-aggregate
4,2019-08-22,130,96,220.9806,33.655011,21.810396,0.71919389,0.034620044,0,False,register_operations_review,public-derived-entity-complete-daily-aggregate
4,2019-08-23,130,96,169.66596,35.336254,17.011792,0.73668876,0.041345015,0,False,register_operations_review,public-derived-entity-complete-daily-aggregate
4,2019-08-24,130,96,258.42083,36.409951,25.708,0.74407308,0.045639806,0,False,register_operations_review,public-derived-entity-complete-daily-aggregate
4,2019-08-25,130,96,287.30831,34.544543,27.932094,0.69131975,0.038178172,0,False,register_operations_review,public-derived-entity-complete-daily-aggregate
4,2019-08-26,130,96,215.97156,28.984822,19.548188,0.69390774,0.016040803,0,False,register_operations_review,public-derived-entity-complete-daily-aggregate
4,2019-08-27,130,96,209.87429,34.674425,19.851479,0.72329139,0.0386977,0,False,register_operations_review,public-derived-entity-complete-daily-aggregate
4,2019-08-28,130,96,188.38891,24.623984,19.856021,0.75617076,0.0025371094,0,False,register_operations_review,public-derived-entity-complete-daily-aggregate
4,2019-08-29,130,96,304.12505,23.251433,30.602292,0.73528328,0.0012092677,0,False,register_operations_review,public-derived-entity-complete-daily-aggregate
4,2019-08-30,130,96,263.42228,33.766968,26.397208,0.72963448,0.035082884,0,False,register_operations_review,public-derived-entity-complete-daily-aggregate
4,2019-08-31,130,96,115.6785,27.083045,12.087365,0.77612368,0.010880013,0,False,register_operations_review,public-derived-entity-complete-daily-aggregate
4,2019-09-01,130,96,163.06043,26.906089,16.576969,0.74745309,0.0089839005,0,False,register_operations_review,public-derived-entity-complete-daily-aggregate
4,2019-09-02,130,96,189.78958,23.548453,19.279687,0.76992579,0.002647768,0.03125,False,register_operations_review,public-derived-entity-complete-daily-aggregate
4,2019-09-03,130,96,224.08754,21.661129,20.829094,0.72770818,0.00098453012,0.03125,False,register_operations_review,public-derived-entity-complete-daily-aggregate
4,2019-09-04,130,96,274.67431,21.525788,25.18374,0.67110933,0.00073708955,0.041666667,False,register_operations_review,public-derived-entity-complete-daily-aggregate
4,2019-09-05,130,96,233.24095,22.157962,23.198198,0.76430148,0.00087581385,0,False,register_operations_review,public-derived-entity-complete-daily-aggregate
4,2019-09-06,130,96,289.88404,25.366623,31.050316,0.76309861,0.0070724861,0,False,register_operations_review,public-derived-entity-complete-daily-aggregate
4,2019-09-07,130,96,284.83822,28.224033,29.367437,0.7506174,0.014447635,0,False,register_operations_review,public-derived-entity-complete-daily-aggregate
4,2019-09-08,130,96,272.22154,26.21218,28.143198,0.74806555,0.010249729,0,False,register_operations_review,public-derived-entity-complete-daily-aggregate
4,2019-09-09,130,96,269.81391,31.901544,27.87076,0.76291791,0.027679706,0,False,register_operations_review,public-derived-entity-complete-daily-aggregate
4,2019-09-10,130,96,238.16598,27.979953,23.928104,0.74581391,0.014119252,0,False,register_operations_review,public-derived-entity-complete-daily-aggregate
4,2019-09-11,130,96,244.91875,36.772097,25.328417,0.77477356,0.047088387,0,False,register_operations_review,public-derived-entity-complete-daily-aggregate
4,2019-09-12,130,96,246.75765,33.895029,25.478865,0.75134332,0.035580118,0,False,register_operations_review,public-derived-entity-complete-daily-aggregate
4,2019-09-13,130,96,241.65489,38.728583,25.210448,0.75173432,0.054914331,0,False,register_operations_review,public-derived-entity-complete-daily-aggregate
4,2019-09-14,130,96,149.87292,33.058001,15.69749,0.77133834,0.032232004,0,False,register_operations_review,public-derived-entity-complete-daily-aggregate
4,2019-09-15,130,96,113.43128,32.273513,11.063656,0.71896329,0.029094053,0,False,register_operations_review,public-derived-entity-complete-daily-aggregate
4,2019-09-16,130,96,118.39581,25.270487,11.763792,0.72066523,0.0043950489,0,False,register_operations_review,public-derived-entity-complete-daily-aggregate
4,2019-09-17,130,96,71.843073,31.464285,7.0351354,0.70751479,0.025882471,0,False,register_operations_review,public-derived-entity-complete-daily-aggregate
4,2019-09-18,130,96,50.131969,26.434279,5.1120833,0.69976583,0.0081413519,0,False,register_operations_review,public-derived-entity-complete-daily-aggregate
4,2019-09-19,130,96,135.2285,23.323651,14.429875,0.77401105,0.0026854884,0,False,register_operations_review,public-derived-entity-complete-daily-aggregate
4,2019-09-20,130,96,187.65626,27.664453,20.824698,0.78796382,0.012564752,0,False,register_operations_review,public-derived-entity-complete-daily-aggregate
4,2019-09-21,130,96,261.50137,23.36602,29.507771,0.82236024,0.0029960373,0,False,register_operations_review,public-derived-entity-complete-daily-aggregate
4,2019-09-22,130,96,262.66529,25.71031,29.922844,0.82909748,0.0082245234,0,False,register_operations_review,public-derived-entity-complete-daily-aggregate
4,2019-09-23,130,96,266.88816,22.955179,30.076615,0.83546892,0.0040430053,0,False,register_operations_review,public-derived-entity-complete-daily-aggregate
4,2019-09-24,130,96,194.26876,21.269102,20.75749,0.79084606,0.0013189307,0,False,register_operations_review,public-derived-entity-complete-daily-aggregate
4,2019-09-25,130,96,153.33192,29.760682,16.43801,0.77575207,0.020392757,0,False,register_operations_review,public-derived-entity-complete-daily-aggregate
4,2019-09-26,130,96,203.54719,20.141825,22.252021,0.78533836,0.00031272271,0,False,register_operations_review,public-derived-entity-complete-daily-aggregate
4,2019-09-27,130,96,238.50695,21.438131,26.547792,0.82136805,0.0028786092,0,False,register_operations_review,public-derived-entity-complete-daily-aggregate
4,2019-09-28,130,96,235.56183,24.470713,26.055219,0.82630016,0.007635572,0,False,register_operations_review,public-derived-entity-complete-daily-aggregate
4,2019-09-29,130,96,243.23474,23.097362,26.941333,0.81661088,0.0057805303,0,False,register_operations_review,public-derived-entity-complete-daily-aggregate
4,2019-09-30,130,96,0,30.444113,26.210812,,0.022694272,0,False,register_operations_review,public-derived-entity-complete-daily-aggregate
4,2019-10-01,130,96,0,26.523738,27.796677,,0.011363145,0,False,register_operations_review,public-derived-entity-complete-daily-aggregate
4,2019-10-02,130,96,0,25.002817,22.586906,,0.0064660294,0,False,register_operations_review,public-derived-entity-complete-daily-aggregate
4,2019-10-03,130,96,0,29.208666,23.613292,,0.018644919,0,False,register_operations_review,public-derived-entity-complete-daily-aggregate
4,2019-10-04,130,96,0,31.751305,21.1385,,0.027334975,0,False,register_operations_review,public-derived-entity-complete-daily-aggregate
4,2019-10-05,130,96,0,29.501596,1.5956354,,0.018152894,0,False,register_operations_review,public-derived-entity-complete-daily-aggregate
4,2019-10-06,130,96,0,19.741208,3.3594792,,1.9686054e-05,0,False,register_operations_review,public-derived-entity-complete-daily-aggregate
4,2019-10-07,130,96,0,19.741208,3.3594792,,1.9686054e-05,0,False,register_operations_review,public-derived-entity-complete-daily-aggregate
4,2019-10-08,130,96,0,22.576238,8.0571563,,0.0025712798,0,False,register_operations_review,public-derived-entity-complete-daily-aggregate
4,2019-10-09,130,96,169.86666,23.576293,20.524469,0.87182739,0.0057480682,0,False,register_operations_review,public-derived-entity-complete-daily-aggregate
4,2019-10-10,130,96,56.431917,25.103467,6.02125,0.74426074,0.0073064677,0,False,register_operations_review,public-derived-entity-complete-daily-aggregate
4,2019-10-11,130,96,119.5847,24.115253,12.96551,0.76024365,0.0014735433,0,False,register_operations_review,public-derived-entity-complete-daily-aggregate
4,2019-10-12,130,96,108.95276,19.280511,11.369188,0.78310294,0,0,False,register_operations_review,public-derived-entity-complete-daily-aggregate
4,2019-10-13,130,96,80.086781,24.859238,8.2518229,0.75156586,0.0048033661,0,False,register_operations_review,public-derived-entity-complete-daily-aggregate
4,2019-10-14,130,96,116.92847,21.604537,12.985781,0.78346815,0.00027297675,0,False,register_operations_review,public-derived-entity-complete-daily-aggregate
4,2019-10-15,130,96,193.14931,21.255129,24.396083,0.89459535,0.00031591566,0,False,register_operations_review,public-derived-entity-complete-daily-aggregate
4,2019-10-16,130,96,41.47499,15.751562,4.6209479,0.77292496,0,0,False,register_operations_review,public-derived-entity-complete-daily-aggregate
4,2019-10-17,130,96,210.73334,18.381238,26.577125,0.91002511,7.1472086e-05,0,False,register_operations_review,public-derived-entity-complete-daily-aggregate
4,2019-10-18,130,96,225.48613,18.447781,28.800698,0.92914853,0.00015746034,0,False,register_operations_review,public-derived-entity-complete-daily-aggregate
4,2019-10-19,130,96,218.30626,19.356312,27.429042,0.92846417,0.0019767964,0,False,register_operations_review,public-derived-entity-complete-daily-aggregate
4,2019-10-20,130,96,206.47779,18.344733,25.976365,0.93604171,0.000524809,0,False,register_operations_review,public-derived-entity-complete-daily-aggregate
4,2019-10-21,130,96,165.36181,23.764306,20.063323,0.87125285,0.0061133912,0,False,register_operations_review,public-derived-entity-complete-daily-aggregate
4,2019-10-22,130,96,22.677771,21.101762,2.4831667,0.75777587,0.00016525444,0,False,register_operations_review,public-derived-entity-complete-daily-aggregate
4,2019-10-23,130,96,167.37569,19.819741,20.220979,0.84168759,2.4198087e-05,0,False,register_operations_review,public-derived-entity-complete-daily-aggregate
4,2019-10-24,130,96,191.22915,22.097544,23.6265,0.90827097,0.0025700156,0,False,register_operations_review,public-derived-entity-complete-daily-aggregate
4,2019-10-25,130,96,39.91249,19.254124,4.5001979,0.81305844,0,0,False,register_operations_review,public-derived-entity-complete-daily-aggregate
4,2019-10-26,130,96,65.790969,12.843922,7.6231875,0.77190071,0,0,False,register_operations_review,public-derived-entity-complete-daily-aggregate
4,2019-10-27,130,96,90.063167,11.946648,10.671469,0.82761512,0,0,False,register_operations_review,public-derived-entity-complete-daily-aggregate
4,2019-10-28,130,96,155.23956,17.101504,19.345344,0.89074997,0,0,False,register_operations_review,public-derived-entity-complete-daily-aggregate
4,2019-10-29,130,96,187.15412,14.845741,23.881885,0.92830142,0,0,False,register_operations_review,public-derived-entity-complete-daily-aggregate
4,2019-10-30,130,96,194.11457,14.35285,25.00874,0.94667638,3.9333265e-07,0,False,register_operations_review,public-derived-entity-complete-daily-aggregate
4,2019-10-31,130,96,171.50348,18.024431,21.767552,0.91744149,0.00079004961,0,False,register_operations_review,public-derived-entity-complete-daily-aggregate
4,2019-11-01,130,96,174.49375,16.70089,21.427333,0.88542598,0.00015163027,0.010416667,False,register_operations_review,public-derived-entity-complete-daily-aggregate
4,2019-11-02,130,96,122.24722,20.611624,14.356615,0.81694903,0.00088602491,0,False,register_operations_review,public-derived-entity-complete-daily-aggregate
4,2019-11-03,130,96,186.92846,20.968879,24.546958,0.97201255,0.0020562269,0,False,register_operations_review,public-derived-entity-complete-daily-aggregate
4,2019-11-04,130,96,159.52221,15.033871,19.76324,0.910572,0,0,False,register_operations_review,public-derived-entity-complete-daily-aggregate
4,2019-11-05,130,96,179.52078,18.288084,23.132885,0.9477229,0.00018281632,0,False,register_operations_review,public-derived-entity-complete-daily-aggregate
4,2019-11-06,130,96,110.85415,14.113406,12.799802,0.83791894,0,0,False,register_operations_review,public-derived-entity-complete-daily-aggregate
4,2019-11-07,130,96,98.481281,18.298556,10.64626,0.81083695,0,0,False,register_operations_review,public-derived-entity-complete-daily-aggregate
4,2019-11-08,130,96,160.03128,19.404155,19.592958,0.9003596,0.00046716846,0,False,register_operations_review,public-derived-entity-complete-daily-aggregate
4,2019-11-09,130,96,169.49446,17.672845,21.537167,0.92500954,0.00013296865,0,False,register_operations_review,public-derived-entity-complete-daily-aggregate
4,2019-11-10,130,96,187.64721,19.298721,24.814667,0.95426902,0.00088826485,0,False,register_operations_review,public-derived-entity-complete-daily-aggregate
4,2019-11-11,130,96,150.1639,17.780693,18.757271,0.89457286,0.00012669541,0,False,register_operations_review,public-derived-entity-complete-daily-aggregate
4,2019-11-12,130,96,90.514594,21.215866,9.9204687,0.76843341,0.00052712098,0,False,register_operations_review,public-derived-entity-complete-daily-aggregate
4,2019-11-13,130,96,84.595135,13.23904,9.7769687,0.81081673,0,0,False,register_operations_review,public-derived-entity-complete-daily-aggregate
4,2019-11-14,130,96,177.79169,12.306718,25.429979,1.028093,0,0,False,register_operations_review,public-derived-entity-complete-daily-aggregate
4,2019-11-15,130,96,162.70832,13.287712,22.668021,1.0105943,0,0,False,register_operations_review,public-derived-entity-complete-daily-aggregate
4,2019-11-16,130,96,101.50046,18.578717,-0.025479167,0.28782133,0.00090007003,0,False,register_operations_review,public-derived-entity-complete-daily-aggregate
4,2019-11-17,130,96,15.43125,17.179097,1.4011875,0.71842813,0,0,False,register_operations_review,public-derived-entity-complete-daily-aggregate
4,2019-11-18,130,96,0,9.3930323,13.933563,,0,0,False,register_operations_review,public-derived-entity-complete-daily-aggregate
4,2019-11-19,130,96,0,8.5210807,24.132135,,0,0,False,register_operations_review,public-derived-entity-complete-daily-aggregate
4,2019-11-20,130,96,0,10.158917,13.554812,,0,0,False,register_operations_review,public-derived-entity-complete-daily-aggregate
4,2019-11-21,130,96,0,14.046581,6.0619792,,0,0,False,register_operations_review,public-derived-entity-complete-daily-aggregate
4,2019-11-22,130,96,121.93751,14.199866,15.671708,0.91414855,0,0,False,register_operations_review,public-derived-entity-complete-daily-aggregate
4,2019-11-23,130,96,64.725698,17.838149,7.1290729,0.7970982,0.00043221528,0,False,register_operations_review,public-derived-entity-complete-daily-aggregate
4,2019-11-24,130,96,13.840271,13.134186,1.2132812,0.67087553,0,0,False,register_operations_review,public-derived-entity-complete-daily-aggregate
4,2019-11-25,130,96,30.475677,6.6819399,3.2698229,0.80643675,0,0,False,register_operations_review,public-derived-entity-complete-daily-aggregate
4,2019-11-26,130,96,12.48749,7.3689423,0,,0,0,False,register_operations_review,public-derived-entity-complete-daily-aggregate
4,2019-11-27,130,96,23.534021,8.1315718,0,,0,0,False,register_operations_review,public-derived-entity-complete-daily-aggregate
4,2019-11-28,130,96,58.8125,8.5977711,6.3534688,0.76609795,0,0,False,register_operations_review,public-derived-entity-complete-daily-aggregate
4,2019-11-29,130,96,0,7.295188,5.0360417,,0,0,False,register_operations_review,public-derived-entity-complete-daily-aggregate
4,2019-11-30,130,96,17.322062,8.6693862,1.7502187,0.79035886,0,0,False,register_operations_review,public-derived-entity-complete-daily-aggregate
4,2019-12-01,130,96,59.390948,5.8099155,7.0275521,0.81455444,0,0,False,register_operations_review,public-derived-entity-complete-daily-aggregate
4,2019-12-02,130,96,114.95484,5.8797475,14.940906,0.8887,0,0,False,register_operations_review,public-derived-entity-complete-daily-aggregate
4,2019-12-03,130,96,160.09372,5.8130931,22.823771,0.99586962,0,0,False,register_operations_review,public-derived-entity-complete-daily-aggregate
4,2019-12-04,130,96,159.03402,6.9133574,22.595656,0.9863474,0,0,False,register_operations_review,public-derived-entity-complete-daily-aggregate
4,2019-12-05,130,96,148.10627,6.9921211,20.804052,1.008062,0,0,False,register_operations_review,public-derived-entity-complete-daily-aggregate
4,2019-12-06,130,96,136.39795,6.1031263,18.349115,0.94157487,0,0,False,register_operations_review,public-derived-entity-complete-daily-aggregate
4,2019-12-07,130,96,136.9736,7.2634312,18.803812,0.95439952,0,0,False,register_operations_review,public-derived-entity-complete-daily-aggregate
4,2019-12-08,130,96,99.710427,8.1520176,18.786948,1.0104314,0,0,False,register_operations_review,public-derived-entity-complete-daily-aggregate
4,2019-12-09,130,96,0,7.8653951,18.455177,,0,0,False,register_operations_review,public-derived-entity-complete-daily-aggregate
4,2019-12-10,130,96,0,12.521076,10.739937,,0,0,False,register_operations_review,public-derived-entity-complete-daily-aggregate
4,2019-12-11,130,96,145.64087,10.352716,21.675896,1.0144019,0,0,False,register_operations_review,public-derived-entity-complete-daily-aggregate
4,2019-12-12,130,96,88.448865,11.220712,19.893417,1.059278,0,0.041666667,False,register_operations_review,public-derived-entity-complete-daily-aggregate
4,2019-12-13,130,96,116.82098,11.136015,15.106563,1.0029541,0,0,False,register_operations_review,public-derived-entity-complete-daily-aggregate
4,2019-12-14,130,96,64.531427,12.47536,7.1575938,0.81633695,0,0,False,register_operations_review,public-derived-entity-complete-daily-aggregate
4,2019-12-15,130,96,58.385823,14.621179,6.3034688,0.80562317,0,0,False,register_operations_review,public-derived-entity-complete-daily-aggregate
4,2019-12-16,130,96,24.661885,11.638265,2.3133021,0.74657563,0,0,False,register_operations_review,public-derived-entity-complete-daily-aggregate
4,2019-12-17,130,96,13.107885,11.005235,1.152875,0.77056893,0,0,False,register_operations_review,public-derived-entity-complete-daily-aggregate
4,2019-12-18,130,96,15.363844,5.2589168,1.5554896,0.82824458,0,0,False,register_operations_review,public-derived-entity-complete-daily-aggregate
4,2019-12-19,130,96,132.65995,6.5413577,19.248979,1.0723097,0,0,False,register_operations_review,public-derived-entity-complete-daily-aggregate
4,2019-12-20,130,96,69.339198,7.0192159,8.1574271,0.89565614,0,0,False,register_operations_review,public-derived-entity-complete-daily-aggregate
4,2019-12-21,130,96,69.339198,6.9725192,8.1546667,0.89565614,0,0,False,register_operations_review,public-derived-entity-complete-daily-aggregate
4,2019-12-22,130,96,102.70028,6.481531,10.722073,0.76711237,0,0,False,register_operations_review,public-derived-entity-complete-daily-aggregate
4,2019-12-23,130,96,29.089865,8.3826632,3.034875,0.77705838,0,0,False,register_operations_review,public-derived-entity-complete-daily-aggregate
4,2019-12-24,130,96,49.932813,11.793383,5.4110104,0.79322466,0,0,False,register_operations_review,public-derived-entity-complete-daily-aggregate
4,2019-12-25,130,96,15.030073,9.0922466,1.323875,0.68804038,0,0,False,register_operations_review,public-derived-entity-complete-daily-aggregate
4,2019-12-26,130,96,119.18565,7.6721516,16.230552,1.0097484,0,0,False,register_operations_review,public-derived-entity-complete-daily-aggregate
4,2019-12-27,130,96,142.02372,4.2347947,19.942417,1.0334364,0,0,False,register_operations_review,public-derived-entity-complete-daily-aggregate
4,2019-12-28,130,96,33.513427,5.1108641,3.7059375,0.92149211,0,0,False,register_operations_review,public-derived-entity-complete-daily-aggregate
4,2019-12-29,130,96,32.822969,10.444553,3.4747187,0.81842579,0,0,False,register_operations_review,public-derived-entity-complete-daily-aggregate
4,2019-12-30,130,96,125.94976,10.453258,15.117052,0.89820506,0,0,False,register_operations_review,public-derived-entity-complete-daily-aggregate
4,2019-12-31,130,96,67.765531,6.5753159,8.1725208,0.91440335,0,0,False,register_operations_review,public-derived-entity-complete-daily-aggregate
4,2020-01-01,130,96,14.91175,-1.1361006,1.4444167,0.79525211,0,0,False,register_operations_review,public-derived-entity-complete-daily-aggregate
4,2020-01-02,130,96,0,0.55950993,1.8294687,,0,0,False,register_operations_review,public-derived-entity-complete-daily-aggregate
4,2020-01-03,130,96,13.823271,3.1576948,1.3171458,0.75276372,0,0,False,register_operations_review,public-derived-entity-complete-daily-aggregate
4,2020-01-04,130,96,23.146187,4.7318221,2.3039271,0.75836246,0,0,False,register_operations_review,public-derived-entity-complete-daily-aggregate
4,2020-01-05,130,96,8.6155833,4.164471,0.466625,0.58452394,0,0,False,register_operations_review,public-derived-entity-complete-daily-aggregate
4,2020-01-06,130,96,7.4304896,4.2368621,0.49420833,0.58537537,0,0,False,register_operations_review,public-derived-entity-complete-daily-aggregate
4,2020-01-07,130,96,52.988792,4.8351859,5.8537708,0.86049162,0,0.010416667,False,register_operations_review,public-derived-entity-complete-daily-aggregate
4,2020-01-08,130,96,31.582969,3.6424833,3.4621563,1.1775667,0,0,False,register_operations_review,public-derived-entity-complete-daily-aggregate
4,2020-01-09,130,96,20.778198,2.8116331,-0.034166667,,0,0,False,register_operations_review,public-derived-entity-complete-daily-aggregate
4,2020-01-10,130,96,14.986573,3.7254931,1.3190937,0.7226525,0,0,False,register_operations_review,public-derived-entity-complete-daily-aggregate
4,2020-01-11,130,96,70.372927,4.4942451,8.9676667,0.91450653,0,0,False,register_operations_review,public-derived-entity-complete-daily-aggregate
4,2020-01-12,130,96,141.79897,3.1636492,19.745458,1.0699378,0,0,False,register_operations_review,public-derived-entity-complete-daily-aggregate
4,2020-01-13,130,96,72.520437,7.953357,8.1740521,0.84375043,0,0,False,register_operations_review,public-derived-entity-complete-daily-aggregate
4,2020-01-14,130,96,110.23698,7.443155,20.619177,1.2580406,0,0.010416667,False,register_operations_review,public-derived-entity-complete-daily-aggregate
4,2020-01-15,130,96,12.318677,4.8027382,0.21425,0.24971125,0,0,False,register_operations_review,public-derived-entity-complete-daily-aggregate
4,2020-01-16,130,96,48.496604,1.75886,5.3260417,0.76082637,0,0,False,register_operations_review,public-derived-entity-complete-daily-aggregate
4,2020-01-17,130,96,89.297615,3.9411818,9.9815104,0.86074633,0,0,False,register_operations_review,public-derived-entity-complete-daily-aggregate
4,2020-01-18,130,96,121.3144,6.8126136,16.127521,0.97082807,0,0.010416667,False,register_operations_review,public-derived-entity-complete-daily-aggregate
4,2020-01-19,130,96,136.22136,7.8653934,18.027198,0.9356104,0,0,False,register_operations_review,public-derived-entity-complete-daily-aggregate
4,2020-01-20,130,96,145.62598,5.9329967,19.933563,1.0261995,0,0,False,register_operations_review,public-derived-entity-complete-daily-aggregate
4,2020-01-21,130,96,21.75051,5.1320208,2.2244688,0.80163383,0,0,False,register_operations_review,public-derived-entity-complete-daily-aggregate
4,2020-01-22,130,96,44.095625,5.8241735,5.3796667,0.76998452,0,0,False,register_operations_review,public-derived-entity-complete-daily-aggregate
4,2020-01-23,130,96,23.678542,5.5939062,8.6159063,1.0312261,0,0,False,register_operations_review,public-derived-entity-complete-daily-aggregate
4,2020-01-24,130,96,28.596042,6.9854899,2.3279167,0.54189671,0,0,False,register_operations_review,public-derived-entity-complete-daily-aggregate
4,2020-01-25,130,96,26.219063,10.425497,4.1573646,1.1443993,0,0,False,register_operations_review,public-derived-entity-complete-daily-aggregate
4,2020-01-26,130,96,25.997604,4.4748883,5.0833125,1.1807004,0,0,False,register_operations_review,public-derived-entity-complete-daily-aggregate
4,2020-01-27,130,96,46.414479,6.7347523,3.874875,0.60542503,0,0,False,register_operations_review,public-derived-entity-complete-daily-aggregate
4,2020-01-28,130,96,131.54094,6.5069938,21.335406,1.1056786,0,0,False,register_operations_review,public-derived-entity-complete-daily-aggregate
4,2020-01-29,130,96,0,8.3290426,22.116469,,0,0,False,register_operations_review,public-derived-entity-complete-daily-aggregate
4,2020-01-30,130,96,0,8.8333501,24.610396,,0,0,False,register_operations_review,public-derived-entity-complete-daily-aggregate
4,2020-01-31,130,96,0,4.357631,24.525625,,0,0,False,register_operations_review,public-derived-entity-complete-daily-aggregate
4,2020-02-01,130,96,103.72074,3.3294984,12.918615,0.93429918,0,0,False,register_operations_review,public-derived-entity-complete-daily-aggregate
4,2020-02-02,130,96,70.462927,8.2402306,8.1474896,0.86449634,0,0,False,register_operations_review,public-derived-entity-complete-daily-aggregate
4,2020-02-03,130,96,142.14248,9.4597804,17.970292,0.97638974,0,0,False,register_operations_review,public-derived-entity-complete-daily-aggregate
4,2020-02-04,130,96,171.45215,6.8189705,23.472083,1.0550647,0,0,False,register_operations_review,public-derived-entity-complete-daily-aggregate
4,2020-02-05,130,96,158.52979,7.9299131,21.151156,1.0331243,0,0,False,register_operations_review,public-derived-entity-complete-daily-aggregate
4,2020-02-06,130,96,27.458042,10.633735,3.1559687,0.87137706,0,0,False,register_operations_review,public-derived-entity-complete-daily-aggregate
4,2020-02-07,130,96,35.166896,7.9820122,3.9645312,0.8461634,0,0,False,register_operations_review,public-derived-entity-complete-daily-aggregate
4,2020-02-08,130,96,113.7541,4.7858754,15.307458,1.0443771,0,0,False,register_operations_review,public-derived-entity-complete-daily-aggregate
4,2020-02-09,130,96,191.31566,2.2367881,26.881354,1.0391108,0,0,False,register_operations_review,public-derived-entity-complete-daily-aggregate
4,2020-02-10,130,96,54.820385,2.0070627,5.8803021,0.85071736,0,0.010416667,False,register_operations_review,public-derived-entity-complete-daily-aggregate
4,2020-02-11,130,96,35.715344,3.2153276,3.8597917,0.81991669,0,0,False,register_operations_review,public-derived-entity-complete-daily-aggregate
4,2020-02-12,130,96,67.168156,4.1389806,7.6948333,0.8604795,0,0.010416667,False,register_operations_review,public-derived-entity-complete-daily-aggregate
4,2020-02-13,130,96,43.681437,2.0559171,4.6113854,0.8316522,0,0,False,register_operations_review,public-derived-entity-complete-daily-aggregate
4,2020-02-14,130,96,23.406021,5.6034739,2.4976875,0.75950579,0,0,False,register_operations_review,public-derived-entity-complete-daily-aggregate
4,2020-02-15,130,96,15.745219,4.5607684,0.58019792,0.51054906,0,0,False,register_operations_review,public-derived-entity-complete-daily-aggregate
4,2020-02-16,130,96,227.83328,4.6787962,26.705792,0.77742629,0,0.072916667,False,register_operations_review,public-derived-entity-complete-daily-aggregate
4,2020-02-17,130,96,192.39698,3.883838,27.036188,1.0602528,0,0,False,register_operations_review,public-derived-entity-complete-daily-aggregate
4,2020-02-18,130,96,188.99844,2.6564601,24.175198,0.98994854,0,0,False,register_operations_review,public-derived-entity-complete-daily-aggregate
4,2020-02-19,130,96,54.528437,3.739931,16.815208,1.3891281,0,0,False,register_operations_review,public-derived-entity-complete-daily-aggregate
4,2020-02-20,130,96,183.94073,6.8803147,30.247083,1.2236707,0,0,False,register_operations_review,public-derived-entity-complete-daily-aggregate
4,2020-02-21,130,96,50.479583,6.1586855,17.77949,1.1604211,0,0,False,register_operations_review,public-derived-entity-complete-daily-aggregate
4,2020-02-22,130,96,163.89917,4.2307447,27.054365,1.1790148,0,0,False,register_operations_review,public-derived-entity-complete-daily-aggregate
4,2020-02-23,130,96,154.79031,6.3077274,11.757917,0.53658576,0,0.16666667,False,register_operations_review,public-derived-entity-complete-daily-aggregate
4,2020-02-24,130,96,174.53813,6.2063248,6.9426146,0.39484677,0,0.23958333,False,register_operations_review,public-derived-entity-complete-daily-aggregate
4,2020-02-25,130,96,95.885729,7.7943241,20.930812,1.3058186,0,0,False,register_operations_review,public-derived-entity-complete-daily-aggregate
4,2020-02-26,130,96,71.524062,7.3072088,13.136594,1.0751693,0,0.052083333,False,register_operations_review,public-derived-entity-complete-daily-aggregate
4,2020-02-27,130,96,70.212292,9.527263,2.1253333,0.23532635,0,0.16666667,False,register_operations_review,public-derived-entity-complete-daily-aggregate
4,2020-02-28,130,96,40.586771,7.4625699,4.3080208,0.69106841,0,0,False,register_operations_review,public-derived-entity-complete-daily-aggregate
4,2020-02-29,130,96,77.826667,10.468245,17.33199,1.1258113,0,0,False,register_operations_review,public-derived-entity-complete-daily-aggregate
4,2020-03-01,130,96,117.225,10.678799,14.249385,0.95792273,0,0,False,register_operations_review,public-derived-entity-complete-daily-aggregate
4,2020-03-02,130,96,48.41875,7.0804414,5.6247813,0.91479916,0,0,False,register_operations_review,public-derived-entity-complete-daily-aggregate
4,2020-03-03,130,96,69.116667,11.802717,7.9066771,0.90546175,0,0,False,register_operations_review,public-derived-entity-complete-daily-aggregate
4,2020-03-04,130,96,203.30208,11.472062,26.528958,0.98995813,0,0,False,register_operations_review,public-derived-entity-complete-daily-aggregate
4,2020-03-05,130,96,215.71771,9.8718716,27.145927,0.93558696,0,0,False,register_operations_review,public-derived-entity-complete-daily-aggregate
4,2020-03-06,130,96,56.780208,8.556718,6.2848542,0.85784069,0,0,False,register_operations_review,public-derived-entity-complete-daily-aggregate
4,2020-03-07,130,96,221.62396,6.5267015,27.109594,0.91626184,0,0,False,register_operations_review,public-derived-entity-complete-daily-aggregate
4,2020-03-08,130,96,90.614583,7.1576395,10.513458,0.83302885,0,0.020833333,False,register_operations_review,public-derived-entity-complete-daily-aggregate
4,2020-03-09,130,96,33.995833,10.39683,3.7743437,0.83855231,0,0,False,register_operations_review,public-derived-entity-complete-daily-aggregate
4,2020-03-10,130,96,212.0375,12.230336,26.428979,0.96491619,0,0,False,register_operations_review,public-derived-entity-complete-daily-aggregate
4,2020-03-11,130,96,172.06458,13.027622,20.670917,0.89320869,0,0,False,register_operations_review,public-derived-entity-complete-daily-aggregate
4,2020-03-12,130,96,112.77292,13.236665,12.958344,0.90654271,0,0,False,register_operations_review,public-derived-entity-complete-daily-aggregate
4,2020-03-13,130,96,119.09167,13.482162,14.187458,0.89110776,0,0,False,register_operations_review,public-derived-entity-complete-daily-aggregate
4,2020-03-14,130,96,239.30104,12.663113,29.53099,0.93843203,0,0,False,register_operations_review,public-derived-entity-complete-daily-aggregate
4,2020-03-15,130,96,240.9125,12.432567,29.757073,0.95584162,0,0,False,register_operations_review,public-derived-entity-complete-daily-aggregate
4,2020-03-16,130,96,61.628125,10.714642,6.7970104,0.85836097,0,0,False,register_operations_review,public-derived-entity-complete-daily-aggregate
4,2020-03-17,130,96,241.59479,12.012355,28.74674,0.90246853,0,0,False,register_operations_review,public-derived-entity-complete-daily-aggregate
4,2020-03-18,130,96,256.76042,19.987133,30.771604,0.92264248,0.0035874477,0,False,register_operations_review,public-derived-entity-complete-daily-aggregate
4,2020-03-19,130,96,236.79896,19.099095,28.655521,0.93077482,0.00019228026,0,False,register_operations_review,public-derived-entity-complete-daily-aggregate
4,2020-03-20,130,96,241.46771,14.653432,28.362781,0.89513348,0,0,False,register_operations_review,public-derived-entity-complete-daily-aggregate
4,2020-03-21,130,96,77.804167,12.443032,8.7444167,0.82063157,0,0,False,register_operations_review,public-derived-entity-complete-daily-aggregate
4,2020-03-22,130,96,147.75729,13.73177,17.066406,0.89454383,0,0,False,register_operations_review,public-derived-entity-complete-daily-aggregate
4,2020-03-23,130,96,169.9375,11.272582,18.413625,0.83040438,0,0,False,register_operations_review,public-derived-entity-complete-daily-aggregate
4,2020-03-24,130,96,138.00938,12.118499,14.697646,0.82448694,0,0.010416667,False,register_operations_review,public-derived-entity-complete-daily-aggregate
4,2020-03-25,130,96,42.605208,12.564251,4.3671146,0.81512119,0,0.010416667,False,register_operations_review,public-derived-entity-complete-daily-aggregate
4,2020-03-26,130,96,23.56875,13.227302,2.3083333,0.60431156,0,0.010416667,False,register_operations_review,public-derived-entity-complete-daily-aggregate
4,2020-03-27,130,96,23.809375,21.480523,2.4839479,0.82224725,0.0018778206,0,False,register_operations_review,public-derived-entity-complete-daily-aggregate
4,2020-03-28,130,96,137.05312,19.294195,15.460375,0.86262444,0.0016385056,0.03125,False,register_operations_review,public-derived-entity-complete-daily-aggregate
4,2020-03-29,130,96,45.947917,15.37858,5.0841979,0.78208105,0,0,False,register_operations_review,public-derived-entity-complete-daily-aggregate
4,2020-03-30,130,96,101.58125,11.481031,12.059292,0.89280256,0,0,False,register_operations_review,public-derived-entity-complete-daily-aggregate
4,2020-03-31,130,96,56.800427,14.701142,6.3370729,0.86538096,0,0,False,register_operations_review,public-derived-entity-complete-daily-aggregate
4,2020-04-01,130,96,157.82933,13.391015,18.199,0.88446828,0,0,False,register_operations_review,public-derived-entity-complete-daily-aggregate
4,2020-04-02,130,96,139.87967,15.210662,15.765344,0.86537455,0,0,False,register_operations_review,public-derived-entity-complete-daily-aggregate
4,2020-04-03,130,96,162.59942,12.11881,18.101344,0.84601154,0,0,False,register_operations_review,public-derived-entity-complete-daily-aggregate
4,2020-04-04,130,96,215.55943,14.895113,24.554469,0.87719891,0,0,False,register_operations_review,public-derived-entity-complete-daily-aggregate
4,2020-04-05,130,96,137.13702,22.889261,15.225927,0.84779537,0.0082313586,0.010416667,False,register_operations_review,public-derived-entity-complete-daily-aggregate
4,2020-04-06,130,96,159.96758,22.57449,18.189104,0.91210512,0.0051362745,0.010416667,False,register_operations_review,public-derived-entity-complete-daily-aggregate
4,2020-04-07,130,96,263.31134,21.606487,27.88326,0.85296784,0.0025619849,0,False,register_operations_review,public-derived-entity-complete-daily-aggregate
4,2020-04-08,130,96,151.0882,20.965639,22.937042,0.94113252,0.0029175694,0,False,register_operations_review,public-derived-entity-complete-daily-aggregate
4,2020-04-09,130,96,277.73974,13.229135,29.87601,0.82426711,0,0,False,register_operations_review,public-derived-entity-complete-daily-aggregate
4,2020-04-10,130,96,66.357917,15.111126,7.4955521,0.81360248,0,0,False,register_operations_review,public-derived-entity-complete-daily-aggregate
4,2020-04-11,130,96,98.41951,16.641278,10.76224,0.86321021,4.2630506e-05,0.010416667,False,register_operations_review,public-derived-entity-complete-daily-aggregate
4,2020-04-12,130,96,304.53388,18.777253,33.628615,0.83741255,0,0,False,register_operations_review,public-derived-entity-complete-daily-aggregate
4,2020-04-13,130,96,306.67834,15.604243,32.898885,0.81553228,0,0.010416667,False,register_operations_review,public-derived-entity-complete-daily-aggregate
4,2020-04-14,130,96,220.91015,15.276344,24.476604,0.86857207,0,0.010416667,False,register_operations_review,public-derived-entity-complete-daily-aggregate
4,2020-04-15,130,96,287.61366,19.57893,31.203896,0.81895843,0.00060822536,0,False,register_operations_review,public-derived-entity-complete-daily-aggregate
4,2020-04-16,130,96,149.40255,17.739584,26.807719,0.85163713,0.00045177199,0,False,register_operations_review,public-derived-entity-complete-daily-aggregate
4,2020-04-17,130,96,102.69288,25.691154,10.916021,0.83076394,0.011739522,0,False,register_operations_review,public-derived-entity-complete-daily-aggregate
4,2020-04-18,130,96,27.25824,20.886103,3.0319368,0.87154887,0.00040536236,0,False,register_operations_review,public-derived-entity-complete-daily-aggregate
4,2020-04-19,130,96,211.3779,19.090822,25.53276,0.77424591,0,0,False,register_operations_review,public-derived-entity-complete-daily-aggregate
4,2020-04-20,130,96,29.707073,21.891613,3.2354479,0.89716362,7.1934357e-05,0,False,register_operations_review,public-derived-entity-complete-daily-aggregate
4,2020-04-21,130,96,79.946938,18.418434,8.9941562,0.87780312,0,0,False,register_operations_review,public-derived-entity-complete-daily-aggregate
4,2020-04-22,130,96,167.35434,24.30922,18.900104,0.84988013,0.0037067816,0,False,register_operations_review,public-derived-entity-complete-daily-aggregate
4,2020-04-23,130,96,134.44369,23.827224,19.164677,0.86101051,0.0029062993,0,False,register_operations_review,public-derived-entity-complete-daily-aggregate
4,2020-04-24,130,96,302.14023,24.120381,32.048875,0.77359342,0.0036571899,0.010416667,False,register_operations_review,public-derived-entity-complete-daily-aggregate
4,2020-04-25,130,96,279.2584,26.117233,29.20175,0.76842062,0.0076416352,0,False,register_operations_review,public-derived-entity-complete-daily-aggregate
4,2020-04-26,130,96,311.17221,22.184409,31.751406,0.74367273,0.0028092875,0,False,register_operations_review,public-derived-entity-complete-daily-aggregate
4,2020-04-27,130,96,295.59,15.665169,31.074146,0.76577283,0,0,False,register_operations_review,public-derived-entity-complete-daily-aggregate
4,2020-04-28,130,96,319.55073,13.644431,31.90649,0.72345266,0,0,False,register_operations_review,public-derived-entity-complete-daily-aggregate
4,2020-04-29,130,96,298.94269,19.423668,29.839313,0.72530352,0.00017953971,0,False,register_operations_review,public-derived-entity-complete-daily-aggregate
4,2020-04-30,130,96,123.39584,17.480073,12.836292,0.79714246,0,0,False,register_operations_review,public-derived-entity-complete-daily-aggregate
4,2020-05-01,130,96,255.16875,21.869875,25.428,0.75850151,0.0019550538,0.010416667,False,register_operations_review,public-derived-entity-complete-daily-aggregate
4,2020-05-02,130,96,293.06979,24.355512,29.254375,0.7291183,0.0091555984,0,False,register_operations_review,public-derived-entity-complete-daily-aggregate
4,2020-05-03,130,96,304.68333,26.040294,29.970313,0.72147413,0.0098324906,0,False,register_operations_review,public-derived-entity-complete-daily-aggregate
4,2020-05-04,130,96,228.72708,22.16543,23.317708,0.7563396,0.0017968932,0,False,register_operations_review,public-derived-entity-complete-daily-aggregate
4,2020-05-05,130,96,275.95833,22.572136,29.069375,0.7862646,0.00060116358,0,False,register_operations_review,public-derived-entity-complete-daily-aggregate
4,2020-05-06,130,96,123.45417,20.265788,13.40025,0.81014049,1.9411729e-05,0,False,register_operations_review,public-derived-entity-complete-daily-aggregate
4,2020-05-07,130,96,65.497917,16.027591,7.1439479,0.79193996,0,0.010416667,False,register_operations_review,public-derived-entity-complete-daily-aggregate
4,2020-05-08,130,96,118.57292,21.74118,13.028917,0.87072469,0.0027866164,0.010416667,False,register_operations_review,public-derived-entity-complete-daily-aggregate
4,2020-05-09,130,96,148.63542,24.315015,15.899281,0.80099822,0.0093044907,0.010416667,False,register_operations_review,public-derived-entity-complete-daily-aggregate
4,2020-05-10,130,96,324.17292,22.200314,32.010979,0.69858393,0.0042431825,0.020833333,False,register_operations_review,public-derived-entity-complete-daily-aggregate
4,2020-05-11,130,96,227.95417,25.997446,23.93976,0.75553945,0.0094360113,0,False,register_operations_review,public-derived-entity-complete-daily-aggregate
4,2020-05-12,130,96,330.19167,23.982094,31.925927,0.69551265,0.0031845881,0,False,register_operations_review,public-derived-entity-complete-daily-aggregate
4,2020-05-13,130,96,218.05104,21.894785,22.348917,0.79857952,0.0012921767,0,False,register_operations_review,public-derived-entity-complete-daily-aggregate
4,2020-05-14,130,96,59.790625,22.079991,6.4104271,0.7535494,0.00044761291,0,False,register_operations_review,public-derived-entity-complete-daily-aggregate
4,2020-05-15,130,96,224.96771,22.288694,22.873073,0.76676452,0.0013647039,0,False,register_operations_review,public-derived-entity-complete-daily-aggregate
4,2020-05-16,130,96,225.50312,28.066617,22.393927,0.75508321,0.013476476,0,False,register_operations_review,public-derived-entity-complete-daily-aggregate
4,2020-05-17,130,96,229.81146,24.206313,23.275615,0.77795377,0.0043113715,0.010416667,False,register_operations_review,public-derived-entity-complete-daily-aggregate
4,2020-05-18,130,96,332.93437,28.490435,32.50874,0.70265436,0.014266359,0.010416667,False,register_operations_review,public-derived-entity-complete-daily-aggregate
4,2020-05-19,130,96,316.29063,23.271314,29.343463,0.69053399,0.0021109569,0.020833333,False,register_operations_review,public-derived-entity-complete-daily-aggregate
4,2020-05-20,130,96,74.989583,22.259572,7.8544687,0.83321843,0.0005914534,0,False,register_operations_review,public-derived-entity-complete-daily-aggregate
4,2020-05-21,130,96,266.11875,24.953881,27.011427,0.76957815,0.0096882949,0,False,register_operations_review,public-derived-entity-complete-daily-aggregate
4,2020-05-22,130,96,265.37917,19.956824,25.52575,0.73261294,0.0007999336,0,False,register_operations_review,public-derived-entity-complete-daily-aggregate
4,2020-05-23,130,96,319.72292,29.434765,30.14801,0.68240974,0.020890754,0,False,register_operations_review,public-derived-entity-complete-daily-aggregate
4,2020-05-24,130,96,227.30417,29.265693,23.630802,0.76869096,0.017062772,0.010416667,False,register_operations_review,public-derived-entity-complete-daily-aggregate
4,2020-05-25,130,96,42.725,23.831659,4.8514792,0.88970978,0.0018228896,0,False,register_operations_review,public-derived-entity-complete-daily-aggregate
4,2020-05-26,130,96,234.63646,21.994648,24.640542,0.78320011,0.0005750368,0,False,register_operations_review,public-derived-entity-complete-daily-aggregate
4,2020-05-27,130,96,265.74896,18.312148,26.294906,0.74444827,0,0,False,register_operations_review,public-derived-entity-complete-daily-aggregate
4,2020-05-28,130,96,151.22813,23.230385,15.868573,0.7870382,0.0025796649,0,False,register_operations_review,public-derived-entity-complete-daily-aggregate
4,2020-05-29,130,96,56.741667,23.778238,5.9042708,0.80387789,0.0030264319,0,False,register_operations_review,public-derived-entity-complete-daily-aggregate
4,2020-05-30,130,96,250.8625,20.840956,22.514625,0.70230729,7.9551336e-05,0.072916667,False,register_operations_review,public-derived-entity-complete-daily-aggregate
4,2020-05-31,130,96,176.59896,21.025788,17.366177,0.76094519,0.00021381371,0,False,register_operations_review,public-derived-entity-complete-daily-aggregate
4,2020-06-01,130,96,320.04688,29.451832,30.112927,0.67546729,0.018929116,0,False,register_operations_review,public-derived-entity-complete-daily-aggregate
4,2020-06-02,130,96,170.12708,27.7414,16.447844,0.74763981,0.016718056,0,False,register_operations_review,public-derived-entity-complete-daily-aggregate
4,2020-06-03,130,96,264.025,28.710968,25.717021,0.72852132,0.018419644,0,False,register_operations_review,public-derived-entity-complete-daily-aggregate
4,2020-06-04,130,96,263.03646,31.194134,26.277365,0.73662763,0.02496989,0,False,register_operations_review,public-derived-entity-complete-daily-aggregate
4,2020-06-05,130,96,242.42812,25.07336,23.571562,0.75962834,0.0044689159,0.03125,False,register_operations_review,public-derived-entity-complete-daily-aggregate
4,2020-06-06,130,96,279.13333,26.140584,26.268885,0.6743938,0.007889154,0,False,register_operations_review,public-derived-entity-complete-daily-aggregate
4,2020-06-07,130,96,273.18229,30.350919,26.337219,0.70080677,0.021461449,0.020833333,False,register_operations_review,public-derived-entity-complete-daily-aggregate
4,2020-06-08,130,96,318.13333,28.784334,29.182823,0.64921826,0.015443848,0,False,register_operations_review,public-derived-entity-complete-daily-aggregate
4,2020-06-09,130,96,75.154167,29.919323,7.9027604,0.78631156,0.019851428,0,False,register_operations_review,public-derived-entity-complete-daily-aggregate
4,2020-06-10,130,96,192.93438,22.928668,19.046292,0.7560561,0.0014910666,0.010416667,False,register_operations_review,public-derived-entity-complete-daily-aggregate
4,2020-06-11,130,96,189.125,21.057553,19.367177,0.77673918,0.00017425261,0.010416667,False,register_operations_review,public-derived-entity-complete-daily-aggregate
4,2020-06-12,130,96,81.333333,27.845221,8.8617083,0.7519976,0.012479084,0,False,register_operations_review,public-derived-entity-complete-daily-aggregate
4,2020-06-13,130,96,73.476042,25.207734,7.4141146,0.7521613,0.0076830384,0,False,register_operations_review,public-derived-entity-complete-daily-aggregate
4,2020-06-14,130,96,65.197917,28.156037,6.5456146,0.75729453,0.016172964,0,False,register_operations_review,public-derived-entity-complete-daily-aggregate
4,2020-06-15,130,96,258.47396,27.669834,23.476875,0.67397717,0.011677849,0.052083333,False,register_operations_review,public-derived-entity-complete-daily-aggregate
4,2020-06-16,130,96,234.03646,22.74603,21.830354,0.74059147,0.00036073894,0.020833333,False,register_operations_review,public-derived-entity-complete-daily-aggregate
4,2020-06-17,130,96,165.83646,25.062001,15.687635,0.68433819,0.0037653517,0,False,register_operations_review,public-derived-entity-complete-daily-aggregate
4,2020-06-18,130,96,117.04271,25.414866,12.206375,0.78879322,0.0060564018,0,False,register_operations_review,public-derived-entity-complete-daily-aggregate
4,2020-06-19,130,96,120.20833,29.269028,12.799375,0.781979,0.017329243,0,False,register_operations_review,public-derived-entity-complete-daily-aggregate
4,2020-06-20,130,96,40.66875,26.566592,4.1273542,0.73021746,0.0072444779,0,False,register_operations_review,public-derived-entity-complete-daily-aggregate
4,2020-06-21,130,96,40.588542,24.965651,3.8321771,0.62306834,0.0049650405,0,False,register_operations_review,public-derived-entity-complete-daily-aggregate
4,2020-06-22,130,96,41.9625,21.233792,4.3150104,0.74615111,0.00069435522,0,False,register_operations_review,public-derived-entity-complete-daily-aggregate
4,2020-06-23,130,96,156.88125,26.25291,15.611375,0.76541626,0.0092314407,0.010416667,False,register_operations_review,public-derived-entity-complete-daily-aggregate
4,2020-06-24,130,96,253.56458,25.828952,23.717115,0.71869,0.0060912362,0.03125,False,register_operations_review,public-derived-entity-complete-daily-aggregate
4,2020-06-25,130,96,287.71875,28.061896,26.976208,0.68869978,0.013770306,0,False,register_operations_review,public-derived-entity-complete-daily-aggregate
4,2020-06-26,130,96,197.00208,31.761945,18.853052,0.74580522,0.027373294,0,False,register_operations_review,public-derived-entity-complete-daily-aggregate
4,2020-06-27,130,96,128.73333,29.000361,12.904292,0.77182414,0.01651214,0,False,register_operations_review,public-derived-entity-complete-daily-aggregate
4,2020-06-28,130,96,14.411458,21.980692,1.0730104,0.60819822,7.0231411e-05,0,False,register_operations_review,public-derived-entity-complete-daily-aggregate
4,2020-06-29,130,96,112.73542,23.805704,11.52974,0.75435674,0.0027695274,0,False,register_operations_review,public-derived-entity-complete-daily-aggregate
4,2020-06-30,130,96,260.55521,23.543873,23.026677,0.68671015,0.002020981,0.052083333,False,register_operations_review,public-derived-entity-complete-daily-aggregate
4,2020-07-01,130,96,233.81042,25.414726,22.609969,0.72685388,0.005418976,0.010416667,False,register_operations_review,public-derived-entity-complete-daily-aggregate
4,2020-07-02,130,96,37.340625,33.581887,3.5240104,0.71380823,0.034327547,0,False,register_operations_review,public-derived-entity-complete-daily-aggregate
4,2020-07-03,130,96,221.27917,30.938847,22.19624,0.74442431,0.023755387,0,False,register_operations_review,public-derived-entity-complete-daily-aggregate
4,2020-07-04,130,96,84.966667,24.592045,9.1005,0.818024,0.0034122841,0,False,register_operations_review,public-derived-entity-complete-daily-aggregate
4,2020-07-05,130,96,152.88958,32.829553,14.720573,0.73185551,0.031318214,0,False,register_operations_review,public-derived-entity-complete-daily-aggregate
4,2020-07-06,130,96,292.39271,31.586567,26.64674,0.66263941,0.026346268,0,False,register_operations_review,public-derived-entity-complete-daily-aggregate
4,2020-07-07,130,96,42.846875,26.494715,4.3557917,0.70427767,0.0073935753,0,False,register_operations_review,public-derived-entity-complete-daily-aggregate
4,2020-07-08,130,96,248.79167,20.984615,23.275427,0.73074145,0,0.0625,False,register_operations_review,public-derived-entity-complete-daily-aggregate
4,2020-07-09,130,96,225.90521,23.636189,23.052094,0.77761956,0.0023397344,0.020833333,False,register_operations_review,public-derived-entity-complete-daily-aggregate
4,2020-07-10,130,96,234.80104,31.091248,22.750542,0.72925354,0.024831018,0,False,register_operations_review,public-derived-entity-complete-daily-aggregate
4,2020-07-11,130,96,32.009375,27.595016,3.1805208,0.69836064,0.010734936,0,False,register_operations_review,public-derived-entity-complete-daily-aggregate
4,2020-07-12,130,96,62.296875,27.164494,6.0689896,0.77149721,0.010009005,0,False,register_operations_review,public-derived-entity-complete-daily-aggregate
4,2020-07-13,130,96,147.24896,21.803808,14.923865,0.77039293,0.0011441059,0,False,register_operations_review,public-derived-entity-complete-daily-aggregate
4,2020-07-14,130,96,116.19271,23.464491,11.837417,0.75901119,0.0033673986,0,False,register_operations_review,public-derived-entity-complete-daily-aggregate
4,2020-07-15,130,96,82.527083,30.931495,8.4271042,0.75039397,0.02391723,0,False,register_operations_review,public-derived-entity-complete-daily-aggregate
4,2020-07-16,130,96,15.303125,31.717685,1.1573854,0.60642053,0.026870738,0,False,register_operations_review,public-derived-entity-complete-daily-aggregate
4,2020-07-17,130,96,102.37604,35.558486,9.9016458,0.69851103,0.042233943,0,False,register_operations_review,public-derived-entity-complete-daily-aggregate
4,2020-07-18,130,96,31.13125,32.300609,2.9853854,0.69791279,0.029202436,0,False,register_operations_review,public-derived-entity-complete-daily-aggregate
4,2020-07-19,130,96,148.96667,31.921989,14.195781,0.69162279,0.027687954,0,False,register_operations_review,public-derived-entity-complete-daily-aggregate
4,2020-07-20,130,96,231.09687,30.471121,19.877156,0.67835467,0.021929763,0,False,register_operations_review,public-derived-entity-complete-daily-aggregate
4,2020-07-21,130,96,62.461458,26.724529,6.3749687,0.78258258,0.0082653016,0,False,register_operations_review,public-derived-entity-complete-daily-aggregate
4,2020-07-22,130,96,226.76667,25.071284,21.220646,0.6799033,0.0042154181,0,False,register_operations_review,public-derived-entity-complete-daily-aggregate
4,2020-07-23,130,96,260.13333,28.856012,24.607896,0.69318636,0.015759348,0.010416667,False,register_operations_review,public-derived-entity-complete-daily-aggregate
4,2020-07-24,130,96,166.58437,33.174956,16.036094,0.74045507,0.032699823,0,False,register_operations_review,public-derived-entity-complete-daily-aggregate
4,2020-07-25,130,96,119.90625,28.074649,11.695917,0.72405362,0.012880576,0,False,register_operations_review,public-derived-entity-complete-daily-aggregate
4,2020-07-26,130,96,45.541667,33.215851,4.5776875,0.72679269,0.032863405,0,False,register_operations_review,public-derived-entity-complete-daily-aggregate
4,2020-07-27,130,96,164.36875,36.962277,17.205396,0.79710225,0.047849108,0,False,register_operations_review,public-derived-entity-complete-daily-aggregate
4,2020-07-28,130,96,314.10625,31.039568,27.969198,0.65453713,0.024158726,0,False,register_operations_review,public-derived-entity-complete-daily-aggregate
4,2020-07-29,130,96,263.53021,39.723805,24.340115,0.70196269,0.05889522,0,False,register_operations_review,public-derived-entity-complete-daily-aggregate
4,2020-07-30,130,96,146.24896,33.178445,14.084469,0.71624219,0.032713781,0,False,register_operations_review,public-derived-entity-complete-daily-aggregate
4,2020-07-31,130,96,250.44167,33.96982,24.223042,0.74841346,0.035879279,0,False,register_operations_review,public-derived-entity-complete-daily-aggregate
4,2020-08-01,130,96,317.79688,27.294783,28.554417,0.66409176,0.010900306,0.010416667,False,register_operations_review,public-derived-entity-complete-daily-aggregate
4,2020-08-02,130,96,306.92292,31.990362,27.914219,0.66816199,0.027961446,0,False,register_operations_review,public-derived-entity-complete-daily-aggregate
4,2020-08-03,130,96,311.69063,29.834141,28.254344,0.66204221,0.019559542,0,False,register_operations_review,public-derived-entity-complete-daily-aggregate
4,2020-08-04,130,96,311.98646,32.069433,27.338521,0.63696859,0.028277734,0,False,register_operations_review,public-derived-entity-complete-daily-aggregate
4,2020-08-05,130,96,284.38958,36.471377,23.76125,0.62913295,0.045885509,0,False,register_operations_review,public-derived-entity-complete-daily-aggregate
4,2020-08-06,130,96,292.54896,28.388783,27.27975,0.68886944,0.014161111,0.020833333,False,register_operations_review,public-derived-entity-complete-daily-aggregate
4,2020-08-07,130,96,276.80729,33.909257,25.823479,0.69797259,0.035637028,0,False,register_operations_review,public-derived-entity-complete-daily-aggregate
4,2020-08-08,130,96,104.97396,39.075023,10.203437,0.74214467,0.056300091,0,False,register_operations_review,public-derived-entity-complete-daily-aggregate
4,2020-08-09,130,96,213.23646,34.561828,21.788646,0.7625998,0.038247313,0,False,register_operations_review,public-derived-entity-complete-daily-aggregate
4,2020-08-10,130,96,248.46354,33.64486,20.262396,0.65135813,0.034579441,0,False,register_operations_review,public-derived-entity-complete-daily-aggregate
4,2020-08-11,130,96,280.67708,26.278156,26.447177,0.71436952,0.0078944464,0,False,register_operations_review,public-derived-entity-complete-daily-aggregate
4,2020-08-12,130,96,159.06979,34.940694,14.893333,0.70924621,0.039762776,0,False,register_operations_review,public-derived-entity-complete-daily-aggregate
4,2020-08-13,130,96,308.22083,37.76745,29.078396,0.67446493,0.051069798,0,False,register_operations_review,public-derived-entity-complete-daily-aggregate
4,2020-08-14,130,96,322.08229,34.509932,30.075198,0.64498481,0.038039728,0,False,register_operations_review,public-derived-entity-complete-daily-aggregate
4,2020-08-15,130,96,293.95417,28.124026,27.756844,0.65745181,0.013967952,0.010416667,False,register_operations_review,public-derived-entity-complete-daily-aggregate
4,2020-08-16,130,96,322.04479,28.609111,30.019437,0.67272004,0.016318794,0,False,register_operations_review,public-derived-entity-complete-daily-aggregate
4,2020-08-17,130,96,290.34688,28.010564,28.107958,0.70549985,0.013259122,0,False,register_operations_review,public-derived-entity-complete-daily-aggregate
4,2020-08-18,130,96,288.5,37.155271,26.316438,0.66937471,0.048621083,0,False,register_operations_review,public-derived-entity-complete-daily-aggregate
4,2020-08-19,130,96,150.79479,29.568368,14.174458,0.73437508,0.018682677,0.010416667,False,register_operations_review,public-derived-entity-complete-daily-aggregate
4,2020-08-20,130,96,162.53229,34.863556,15.396594,0.70397326,0.039454224,0.010416667,False,register_operations_review,public-derived-entity-complete-daily-aggregate
4,2020-08-21,130,96,149.27917,33.655011,14.539865,0.75866356,0.034620044,0,False,register_operations_review,public-derived-entity-complete-daily-aggregate
4,2020-08-22,130,96,268.33125,35.336254,24.347646,0.71944781,0.041345015,0,False,register_operations_review,public-derived-entity-complete-daily-aggregate
4,2020-08-23,130,96,268.15625,36.409951,25.943302,0.71696898,0.045639806,0,False,register_operations_review,public-derived-entity-complete-daily-aggregate
4,2020-08-24,130,96,237.37604,34.544543,22.669594,0.73220702,0.038178172,0,False,register_operations_review,public-derived-entity-complete-daily-aggregate
4,2020-08-25,130,96,113.575,28.984822,11.536042,0.78480757,0.016040803,0.010416667,False,register_operations_review,public-derived-entity-complete-daily-aggregate
4,2020-08-26,130,96,288.6375,34.674425,27.9075,0.67759896,0.0386977,0,False,register_operations_review,public-derived-entity-complete-daily-aggregate
4,2020-08-27,130,96,308.77083,24.623984,29.674167,0.70253241,0.0025371094,0.010416667,False,register_operations_review,public-derived-entity-complete-daily-aggregate
4,2020-08-28,130,96,310.35521,23.251433,29.876167,0.70120266,0.0012092677,0,False,register_operations_review,public-derived-entity-complete-daily-aggregate
4,2020-08-29,130,96,311.17917,33.766968,30.291458,0.70399412,0.035082884,0,False,register_operations_review,public-derived-entity-complete-daily-aggregate
4,2020-08-30,130,96,239.43438,27.083045,24.370052,0.77269538,0.010880013,0,False,register_operations_review,public-derived-entity-complete-daily-aggregate
4,2020-08-31,130,96,278.92708,26.906089,27.69424,0.74507836,0.0089839005,0,False,register_operations_review,public-derived-entity-complete-daily-aggregate
4,2020-09-01,130,96,285.76667,23.548453,28.59326,0.75245115,0.002647768,0,False,register_operations_review,public-derived-entity-complete-daily-aggregate
4,2020-09-02,130,96,247.68958,21.661129,25.286792,0.77445943,0.00098453012,0.020833333,False,register_operations_review,public-derived-entity-complete-daily-aggregate
4,2020-09-03,130,96,293.81667,21.525788,27.956563,0.72084611,0.00073708955,0,False,register_operations_review,public-derived-entity-complete-daily-aggregate
4,2020-09-04,130,96,284.1375,22.157962,28.012396,0.74788988,0.00087581385,0.010416667,False,register_operations_review,public-derived-entity-complete-daily-aggregate
4,2020-09-05,130,96,280.42188,25.366623,27.74901,0.75937313,0.0070724861,0,False,register_operations_review,public-derived-entity-complete-daily-aggregate
4,2020-09-06,130,96,219.87188,28.224033,21.42126,0.72950988,0.014447635,0,False,register_operations_review,public-derived-entity-complete-daily-aggregate
4,2020-09-07,130,96,260.27187,26.21218,25.670448,0.75243507,0.010249729,0,False,register_operations_review,public-derived-entity-complete-daily-aggregate
4,2020-09-08,130,96,268.58437,31.901544,26.70576,0.75937454,0.027679706,0,False,register_operations_review,public-derived-entity-complete-daily-aggregate
4,2020-09-09,130,96,125.95104,27.979953,12.393385,0.75193565,0.014119252,0.010416667,False,register_operations_review,public-derived-entity-complete-daily-aggregate
4,2020-09-10,130,96,70.858333,36.772097,6.7466354,0.7535475,0.047088387,0,False,register_operations_review,public-derived-entity-complete-daily-aggregate
4,2020-09-11,130,96,256.13646,33.895029,26.860573,0.79754386,0.035580118,0,False,register_operations_review,public-derived-entity-complete-daily-aggregate
4,2020-09-12,130,96,255.45208,38.728583,26.821323,0.79995524,0.054914331,0,False,register_operations_review,public-derived-entity-complete-daily-aggregate
4,2020-09-13,130,96,189.06875,33.058001,20.433323,0.83536865,0.032232004,0,False,register_operations_review,public-derived-entity-complete-daily-aggregate
4,2020-09-14,130,96,102.25104,32.273513,10.049531,0.74368513,0.029094053,0,False,register_operations_review,public-derived-entity-complete-daily-aggregate
4,2020-09-15,130,96,53.220833,25.270487,4.9857812,0.74495466,0.0043950489,0.03125,False,register_operations_review,public-derived-entity-complete-daily-aggregate
4,2020-09-16,130,96,103.73021,31.464285,10.570042,0.76933027,0.025882471,0,False,register_operations_review,public-derived-entity-complete-daily-aggregate
4,2020-09-17,130,96,64.794792,26.434279,6.2843125,0.72608346,0.0081413519,0,False,register_operations_review,public-derived-entity-complete-daily-aggregate
4,2020-09-18,130,96,233.96042,23.323651,25.027177,0.78841734,0.0026854884,0,False,register_operations_review,public-derived-entity-complete-daily-aggregate
4,2020-09-19,130,96,127.16042,27.664453,12.27199,0.76490378,0.012564752,0.010416667,False,register_operations_review,public-derived-entity-complete-daily-aggregate
4,2020-09-20,130,96,33.592708,23.36602,3.2256875,0.73726471,0.0029960373,0,False,register_operations_review,public-derived-entity-complete-daily-aggregate
4,2020-09-21,130,96,46.995833,25.71031,4.5357083,0.70077245,0.0082245234,0,False,register_operations_review,public-derived-entity-complete-daily-aggregate
4,2020-09-22,130,96,37.715625,22.955179,3.5898854,0.68121858,0.0040430053,0,False,register_operations_review,public-derived-entity-complete-daily-aggregate
4,2020-09-23,130,96,86.666667,21.269102,8.1993542,0.71529559,0.0013189307,0.020833333,False,register_operations_review,public-derived-entity-complete-daily-aggregate
4,2020-09-24,130,96,230.86562,29.760682,23.864354,0.74920283,0.020392757,0,False,register_operations_review,public-derived-entity-complete-daily-aggregate
4,2020-09-25,130,96,84.2875,20.141825,8.5238333,0.77292425,0.00031272271,0,False,register_operations_review,public-derived-entity-complete-daily-aggregate
4,2020-09-26,130,96,170.97396,21.438131,17.578469,0.77746915,0.0028786092,0,False,register_operations_review,public-derived-entity-complete-daily-aggregate
4,2020-09-27,130,96,176.90104,24.470713,18.75626,0.80649225,0.007635572,0,False,register_operations_review,public-derived-entity-complete-daily-aggregate
4,2020-09-28,130,96,0,23.097362,16.743146,,0.0057805303,0,False,register_operations_review,public-derived-entity-complete-daily-aggregate
4,2020-09-29,130,96,33.258333,30.444113,3.1343958,0.72336472,0.022694272,0,False,register_operations_review,public-derived-entity-complete-daily-aggregate
4,2020-09-30,130,96,229.29896,26.523738,25.104646,0.86845015,0.011363145,0.010416667,False,register_operations_review,public-derived-entity-complete-daily-aggregate
4,2020-10-01,130,96,224.05729,25.002817,24.752115,0.83206521,0.0064660294,0,False,register_operations_review,public-derived-entity-complete-daily-aggregate
4,2020-10-02,130,96,39.869792,29.208666,3.8506354,0.71008656,0.018644919,0,False,register_operations_review,public-derived-entity-complete-daily-aggregate
4,2020-10-03,130,96,28.225,31.751305,2.5873021,0.67704797,0.027334975,0,False,register_operations_review,public-derived-entity-complete-daily-aggregate
4,2020-10-04,130,96,33.973958,29.501596,3.423125,0.73164206,0.018152894,0,False,register_operations_review,public-derived-entity-complete-daily-aggregate
4,2020-10-05,130,96,48.173958,19.741208,4.9144167,0.778683,1.9686054e-05,0,False,register_operations_review,public-derived-entity-complete-daily-aggregate
4,2020-10-06,130,96,48.173958,19.741208,4.9144167,0.778683,1.9686054e-05,0,False,register_operations_review,public-derived-entity-complete-daily-aggregate
4,2020-10-07,130,96,60.001042,22.576238,6.018,0.73365177,0.0025712798,0,False,register_operations_review,public-derived-entity-complete-daily-aggregate
4,2020-10-08,130,96,232.78646,23.576293,27.428281,0.90705877,0.0057480682,0,False,register_operations_review,public-derived-entity-complete-daily-aggregate
4,2020-10-09,130,96,171.0125,25.103467,18.842417,0.81511605,0.0073064677,0.010416667,False,register_operations_review,public-derived-entity-complete-daily-aggregate
4,2020-10-10,130,96,209.35729,24.115253,22.950063,0.8270458,0.0014735433,0.020833333,False,register_operations_review,public-derived-entity-complete-daily-aggregate
4,2020-10-11,130,96,215.03229,19.280511,25.667729,0.89091363,0,0,False,register_operations_review,public-derived-entity-complete-daily-aggregate
4,2020-10-12,130,96,90.896875,24.859238,8.7142396,0.71282541,0.0048033661,0,False,register_operations_review,public-derived-entity-complete-daily-aggregate
4,2020-10-13,130,96,141.79479,21.604537,15.545229,0.7786691,0.00027297675,0,False,register_operations_review,public-derived-entity-complete-daily-aggregate
4,2020-10-14,130,96,84.803125,21.255129,8.3750729,0.74142814,0.00031591566,0.010416667,False,register_operations_review,public-derived-entity-complete-daily-aggregate
4,2020-10-15,130,96,39.83125,15.751562,3.9643854,0.75570797,0,0,False,register_operations_review,public-derived-entity-complete-daily-aggregate
4,2020-10-16,130,96,63.592708,18.381238,6.5207917,0.78541328,7.1472086e-05,0,False,register_operations_review,public-derived-entity-complete-daily-aggregate
4,2020-10-17,130,96,97.104167,18.447781,10.489615,0.82509422,0.00015746034,0,False,register_operations_review,public-derived-entity-complete-daily-aggregate
4,2020-10-18,130,96,120.70417,19.356312,12.785677,0.79048951,0.0019767964,0,False,register_operations_review,public-derived-entity-complete-daily-aggregate
4,2020-10-19,130,96,194.66875,18.344733,22.886479,0.91097301,0.000524809,0,False,register_operations_review,public-derived-entity-complete-daily-aggregate
4,2020-10-20,130,96,73.100385,23.764306,7.5284896,0.75521029,0.0061133912,0,False,register_operations_review,public-derived-entity-complete-daily-aggregate
4,2020-10-21,130,96,154.74807,21.101762,18.038937,0.84905663,0.00016525444,0,False,register_operations_review,public-derived-entity-complete-daily-aggregate
4,2020-10-22,130,96,205.47265,19.819741,24.767604,0.93068081,2.4198087e-05,0,False,register_operations_review,public-derived-entity-complete-daily-aggregate
4,2020-10-23,130,96,200.84479,22.097544,24.090708,0.92112286,0.0025700156,0,False,register_operations_review,public-derived-entity-complete-daily-aggregate
4,2020-10-24,130,96,117.11979,19.254124,13.213448,0.86248037,0,0.010416667,False,register_operations_review,public-derived-entity-complete-daily-aggregate
4,2020-10-25,130,96,161.64271,12.843922,19.093719,0.88485342,0,0,False,register_operations_review,public-derived-entity-complete-daily-aggregate
4,2020-10-26,130,96,170.43333,11.946648,20.657198,0.86786646,0,0,False,register_operations_review,public-derived-entity-complete-daily-aggregate
4,2020-10-27,130,96,128.435,17.101504,15.114823,0.82016222,0,0,False,register_operations_review,public-derived-entity-complete-daily-aggregate
4,2020-10-28,130,96,34.088677,14.845741,3.3778542,0.74565067,0,0,False,register_operations_review,public-derived-entity-complete-daily-aggregate
4,2020-10-29,130,96,170.56458,14.35285,19.70101,0.88485401,3.9333265e-07,0,False,register_operations_review,public-derived-entity-complete-daily-aggregate
4,2020-10-30,130,96,131.19583,18.024431,15.049552,0.86479643,0.00079004961,0.010416667,False,register_operations_review,public-derived-entity-complete-daily-aggregate
4,2020-10-31,130,96,53.14375,16.70089,5.20875,0.73472753,0.00015163027,0,False,register_operations_review,public-derived-entity-complete-daily-aggregate
4,2020-11-01,130,96,92,20.611624,10.002885,0.7633877,0.00088602491,0,False,register_operations_review,public-derived-entity-complete-daily-aggregate
4,2020-11-02,130,96,202.13229,20.968879,25.372537,0.96159669,0.0020562269,0,False,register_operations_review,public-derived-entity-complete-daily-aggregate
4,2020-11-03,130,96,127.96875,15.033871,14.068854,0.8062427,0,0,False,register_operations_review,public-derived-entity-complete-daily-aggregate
4,2020-11-04,130,96,178.01875,18.288084,22.331833,0.90309448,0.00018281632,0,False,register_operations_review,public-derived-entity-complete-daily-aggregate
4,2020-11-05,130,96,70.113542,14.113406,6.809125,0.73386772,0,0,False,register_operations_review,public-derived-entity-complete-daily-aggregate
4,2020-11-06,130,96,149.26458,18.298556,18.157417,0.86249537,0,0.010416667,False,register_operations_review,public-derived-entity-complete-daily-aggregate
4,2020-11-07,130,96,183.15625,19.404155,23.089223,0.98470217,0.00046716846,0,False,register_operations_review,public-derived-entity-complete-daily-aggregate
4,2020-11-08,130,96,194.87292,17.672845,25.223365,0.98600812,0.00013296865,0,False,register_operations_review,public-derived-entity-complete-daily-aggregate
4,2020-11-09,130,96,167.35208,19.298721,20.502896,0.95345273,0.00088826485,0,False,register_operations_review,public-derived-entity-complete-daily-aggregate
4,2020-11-10,130,96,177.18333,17.780693,22.333406,0.96775429,0.00012669541,0,False,register_operations_review,public-derived-entity-complete-daily-aggregate
4,2020-11-11,130,96,188.19896,21.215866,24.281031,0.99294275,0.00052712098,0,False,register_operations_review,public-derived-entity-complete-daily-aggregate
4,2020-11-12,130,96,188.2625,13.23904,24.304885,0.959713,0,0,False,register_operations_review,public-derived-entity-complete-daily-aggregate
4,2020-11-13,130,96,185.91354,12.306718,24.296177,0.9634481,0,0,False,register_operations_review,public-derived-entity-complete-daily-aggregate
4,2020-11-14,130,96,181.74479,13.287712,23.373031,0.95622029,0,0,False,register_operations_review,public-derived-entity-complete-daily-aggregate
4,2020-11-15,130,96,183.11979,18.578717,23.540385,0.94814221,0.00090007003,0,False,register_operations_review,public-derived-entity-complete-daily-aggregate
4,2020-11-16,130,96,83.658333,17.179097,8.5078125,0.7892968,0,0.010416667,False,register_operations_review,public-derived-entity-complete-daily-aggregate
4,2020-11-17,130,96,58.04375,9.3930323,5.7307917,0.73393136,0,0.010416667,False,register_operations_review,public-derived-entity-complete-daily-aggregate
4,2020-11-18,130,96,19.917708,8.5210807,1.6829687,0.74523589,0,0,False,register_operations_review,public-derived-entity-complete-daily-aggregate
4,2020-11-19,130,96,52.766667,10.158917,4.9690729,0.71579007,0,0,False,register_operations_review,public-derived-entity-complete-daily-aggregate
4,2020-11-20,130,96,113.9125,14.046581,13.24601,0.86247611,0,0,False,register_operations_review,public-derived-entity-complete-daily-aggregate
4,2020-11-21,130,96,13.929167,14.199866,1.0643125,0.63355483,0,0,False,register_operations_review,public-derived-entity-complete-daily-aggregate
4,2020-11-22,130,96,22.919792,17.838149,2.0599167,0.72075303,0.00043221528,0,False,register_operations_review,public-derived-entity-complete-daily-aggregate
4,2020-11-23,130,96,15.020833,13.134186,1.2160729,0.62860779,0,0,False,register_operations_review,public-derived-entity-complete-daily-aggregate
4,2020-11-24,130,96,21.85,6.6819399,2.0835208,0.77776005,0,0,False,register_operations_review,public-derived-entity-complete-daily-aggregate
4,2020-11-25,130,96,22.23125,7.3689423,2.1798229,0.81021407,0,0,False,register_operations_review,public-derived-entity-complete-daily-aggregate
4,2020-11-26,130,96,67.751042,8.1315718,7.5235208,0.83134621,0,0.010416667,False,register_operations_review,public-derived-entity-complete-daily-aggregate
4,2020-11-27,130,96,59.528125,8.5977711,5.9490833,0.75566395,0,0,False,register_operations_review,public-derived-entity-complete-daily-aggregate
4,2020-11-28,130,96,16.679167,7.295188,1.5408021,0.68732931,0,0,False,register_operations_review,public-derived-entity-complete-daily-aggregate
4,2020-11-29,130,96,141.63333,8.6693862,18.575583,0.98748738,0,0,False,register_operations_review,public-derived-entity-complete-daily-aggregate
4,2020-11-30,130,96,158.39167,5.8099155,20.78849,0.97076857,0,0,False,register_operations_review,public-derived-entity-complete-daily-aggregate
4,2020-12-01,130,96,22.264583,5.8797475,2.0697187,0.72518755,0,0,False,register_operations_review,public-derived-entity-complete-daily-aggregate
4,2020-12-02,130,96,70.738542,5.8130931,7.6656042,0.83431126,0,0,False,register_operations_review,public-derived-entity-complete-daily-aggregate
4,2020-12-03,130,96,60.510417,6.9133574,6.2299479,0.77248222,0,0,False,register_operations_review,public-derived-entity-complete-daily-aggregate
4,2020-12-04,130,96,151.87396,6.9921211,20.216906,0.98039621,0,0,False,register_operations_review,public-derived-entity-complete-daily-aggregate
4,2020-12-05,130,96,159.8,6.1031263,21.226531,0.95255611,0,0,False,register_operations_review,public-derived-entity-complete-daily-aggregate
4,2020-12-06,130,96,25.889583,7.2634312,2.4784062,0.71649368,0,0,False,register_operations_review,public-derived-entity-complete-daily-aggregate
4,2020-12-07,130,96,30.620833,8.1520176,2.8882604,0.76267137,0,0,False,register_operations_review,public-derived-entity-complete-daily-aggregate
4,2020-12-08,130,96,30.477083,7.8653951,2.8057917,0.70904206,0,0,False,register_operations_review,public-derived-entity-complete-daily-aggregate
4,2020-12-09,130,96,18.672917,12.521076,1.6206979,0.64879465,0,0,False,register_operations_review,public-derived-entity-complete-daily-aggregate
4,2020-12-10,130,96,36.7,10.352716,3.4926979,0.7287608,0,0,False,register_operations_review,public-derived-entity-complete-daily-aggregate
4,2020-12-11,130,96,77.055208,11.220712,8.7407708,0.84587245,0,0,False,register_operations_review,public-derived-entity-complete-daily-aggregate
4,2020-12-12,130,96,146.44792,11.136015,19.400781,0.98979198,0,0,False,register_operations_review,public-derived-entity-complete-daily-aggregate
4,2020-12-13,130,96,24.9,12.47536,2.3591771,0.73787664,0,0,False,register_operations_review,public-derived-entity-complete-daily-aggregate
4,2020-12-14,130,96,49.004167,14.621179,5.0383021,0.77675278,0,0,False,register_operations_review,public-derived-entity-complete-daily-aggregate
4,2020-12-15,130,96,105.97292,11.638265,14.29349,0.90899674,0,0,False,register_operations_review,public-derived-entity-complete-daily-aggregate
4,2020-12-16,130,96,115.17292,11.005235,15.213698,0.91754687,0,0,False,register_operations_review,public-derived-entity-complete-daily-aggregate
4,2020-12-17,130,96,46.910417,5.2589168,4.7274167,0.73794195,0,0,False,register_operations_review,public-derived-entity-complete-daily-aggregate
4,2020-12-18,130,96,42.711458,6.5413577,4.1600833,0.73978509,0,0,False,register_operations_review,public-derived-entity-complete-daily-aggregate
4,2020-12-19,130,96,123.27708,7.0153155,16.437844,0.9461743,0,0.010416667,False,register_operations_review,public-derived-entity-complete-daily-aggregate
4,2020-12-20,130,96,123.27708,6.9696743,16.437844,0.9461743,0,0.010416667,False,register_operations_review,public-derived-entity-complete-daily-aggregate
4,2020-12-21,130,96,152.09063,6.481531,19.722135,0.93052934,0,0,False,register_operations_review,public-derived-entity-complete-daily-aggregate
4,2020-12-22,130,96,132.89167,8.3826632,16.591552,0.93970785,0,0,False,register_operations_review,public-derived-entity-complete-daily-aggregate
4,2020-12-23,130,96,0,11.793383,12.511917,,0,0,False,register_operations_review,public-derived-entity-complete-daily-aggregate
4,2020-12-24,130,96,141.34167,9.0922466,18.703781,0.92856144,0,0,False,register_operations_review,public-derived-entity-complete-daily-aggregate
4,2020-12-25,130,96,125.97604,7.6721516,15.681875,0.8754932,0,0,False,register_operations_review,public-derived-entity-complete-daily-aggregate
4,2020-12-26,130,96,17.9,4.2347947,1.5310417,0.66622919,0,0,False,register_operations_review,public-derived-entity-complete-daily-aggregate
4,2020-12-27,130,96,0,5.1108641,17.057854,,0,0,False,register_operations_review,public-derived-entity-complete-daily-aggregate
4,2020-12-28,130,96,113.00833,10.444553,13.215792,0.80337293,0,0,False,register_operations_review,public-derived-entity-complete-daily-aggregate
4,2020-12-29,130,96,18.472917,10.453258,1.6486875,0.70217333,0,0,False,register_operations_review,public-derived-entity-complete-daily-aggregate
4,2020-12-30,130,96,169.90521,6.5753159,24.936344,1.0267933,0,0.010416667,False,register_operations_review,public-derived-entity-complete-daily-aggregate
4,2020-12-31,130,96,169.55938,6.5753159,24.119198,1.0282553,0,0.010416667,False,register_operations_review,public-derived-entity-complete-daily-aggregate
5,2019-01-01,110,96,89.197917,2.0885417,9.3130208,0.90274806,0,0,False,register_operations_review,public-derived-entity-complete-daily-aggregate
5,2019-01-02,110,96,41.822917,3.1291667,4.4194792,0.91195831,0,0,False,register_operations_review,public-derived-entity-complete-daily-aggregate
5,2019-01-03,110,96,105.17708,5.5854167,11.260104,0.90012681,0,0,False,register_operations_review,public-derived-entity-complete-daily-aggregate
5,2019-01-04,110,96,24.71875,5.140625,2.4382292,0.83492805,0,0,False,register_operations_review,public-derived-entity-complete-daily-aggregate
5,2019-01-05,110,96,23.864583,3.9822917,2.336875,0.83200857,0,0,False,register_operations_review,public-derived-entity-complete-daily-aggregate
5,2019-01-06,110,96,71.96875,4.65,7.4585417,0.91121895,0,0,False,register_operations_review,public-derived-entity-complete-daily-aggregate
5,2019-01-07,110,96,19.0625,4.1354167,1.9455208,0.85798576,0,0,False,register_operations_review,public-derived-entity-complete-daily-aggregate
5,2019-01-08,110,96,47.822917,3.6677083,5.044375,0.90574944,0,0,False,register_operations_review,public-derived-entity-complete-daily-aggregate
5,2019-01-09,110,96,19.84375,2.546875,2.1244792,0.8805908,0,0,False,register_operations_review,public-derived-entity-complete-daily-aggregate
5,2019-01-10,110,96,40.614583,3.0697917,4.1778125,0.90130635,0,0,False,register_operations_review,public-derived-entity-complete-daily-aggregate
5,2019-01-11,110,96,21.75,3.215625,2.2272917,0.872977,0,0,False,register_operations_review,public-derived-entity-complete-daily-aggregate
5,2019-01-12,110,96,85.59375,4.2166667,8.93625,0.89436118,0,0,False,register_operations_review,public-derived-entity-complete-daily-aggregate
5,2019-01-13,110,96,147.57292,5.80625,15.518854,0.91331097,0,0,False,register_operations_review,public-derived-entity-complete-daily-aggregate
5,2019-01-14,110,96,27.71875,5.1020833,2.8830208,0.89563925,0,0,False,register_operations_review,public-derived-entity-complete-daily-aggregate
5,2019-01-15,110,96,15.385417,3.8645833,1.57125,0.88566016,0,0,False,register_operations_review,public-derived-entity-complete-daily-aggregate
5,2019-01-16,110,96,108.0625,1.359375,11.743542,0.94031041,0,0,False,register_operations_review,public-derived-entity-complete-daily-aggregate
5,2019-01-17,110,96,160.875,2.35,17.341146,0.95432297,0,0,False,register_operations_review,public-derived-entity-complete-daily-aggregate
5,2019-01-18,110,96,160.60417,4.2447917,17.463542,0.9142222,0,0,False,register_operations_review,public-derived-entity-complete-daily-aggregate
5,2019-01-19,110,96,22.1875,6.0760417,2.2557292,0.8535341,0,0,False,register_operations_review,public-derived-entity-complete-daily-aggregate
5,2019-01-20,110,96,130.33333,5.5666667,13.877917,0.91169955,0,0,False,register_operations_review,public-derived-entity-complete-daily-aggregate
5,2019-01-21,110,96,161.14583,5.7125,16.748021,0.90234803,0,0,False,register_operations_review,public-derived-entity-complete-daily-aggregate
5,2019-01-22,110,96,178.53125,4.678125,18.392813,0.88206241,0,0,False,register_operations_review,public-derived-entity-complete-daily-aggregate
5,2019-01-23,110,96,202.14583,5.9145833,20.873854,0.87265612,0,0,False,register_operations_review,public-derived-entity-complete-daily-aggregate
5,2019-01-24,110,96,203.97917,8.16875,20.486146,0.84611481,0,0,False,register_operations_review,public-derived-entity-complete-daily-aggregate
5,2019-01-25,110,96,48.6875,9.9072917,5.020625,0.88939626,0,0,False,register_operations_review,public-derived-entity-complete-daily-aggregate
5,2019-01-26,110,96,121.78125,6.4989583,12.33125,0.89170161,0,0,False,register_operations_review,public-derived-entity-complete-daily-aggregate
5,2019-01-27,110,96,83.03125,5.6260417,8.4333333,0.88707862,0,0,False,register_operations_review,public-derived-entity-complete-daily-aggregate
5,2019-01-28,110,96,8.0104167,5.7072917,0.83,0.92691641,0,0,False,register_operations_review,public-derived-entity-complete-daily-aggregate
5,2019-01-29,110,96,16.916667,5.4677083,1.7714583,0.88908776,0,0,False,register_operations_review,public-derived-entity-complete-daily-aggregate
5,2019-01-30,110,96,7.2604167,6.3427083,0.62125,0.74867243,0,0,False,register_operations_review,public-derived-entity-complete-daily-aggregate
5,2019-01-31,110,96,51.333333,4.5708333,5.4133333,0.87217732,0,0,False,register_operations_review,public-derived-entity-complete-daily-aggregate
5,2019-02-01,110,96,163.44792,4.2552083,16.662604,0.901209,0,0,False,register_operations_review,public-derived-entity-complete-daily-aggregate
5,2019-02-02,110,96,14.427083,7.5875,1.3908333,0.83498155,0,0,False,register_operations_review,public-derived-entity-complete-daily-aggregate
5,2019-02-03,110,96,38.697917,8.2989583,3.88875,0.888207,0,0,False,register_operations_review,public-derived-entity-complete-daily-aggregate
5,2019-02-04,110,96,75.21875,5.215625,7.6411458,0.87642585,0,0,False,register_operations_review,public-derived-entity-complete-daily-aggregate
5,2019-02-05,110,96,133.66667,6.0697917,13.728333,0.93529364,0,0,False,register_operations_review,public-derived-entity-complete-daily-aggregate
5,2019-02-06,110,96,84.75,10.153125,7.8641667,0.86640013,0,0.010416667,False,register_operations_review,public-derived-entity-complete-daily-aggregate
5,2019-02-07,110,96,24.1875,5.04375,2.4464583,0.88082059,0,0,False,register_operations_review,public-derived-entity-complete-daily-aggregate
5,2019-02-08,110,96,16.739583,1.7489583,1.6691667,0.80124862,0,0,False,register_operations_review,public-derived-entity-complete-daily-aggregate
5,2019-02-09,110,96,21.072917,0.64166667,2.2210417,0.88168858,0,0,False,register_operations_review,public-derived-entity-complete-daily-aggregate
5,2019-02-10,110,96,26.25,0.56354167,2.7344792,0.90217504,0,0,False,register_operations_review,public-derived-entity-complete-daily-aggregate
5,2019-02-11,110,96,27.291667,1.840625,2.8739583,0.92502554,0,0,False,register_operations_review,public-derived-entity-complete-daily-aggregate
5,2019-02-12,110,96,18.84375,3.303125,1.928125,0.89613516,0,0,False,register_operations_review,public-derived-entity-complete-daily-aggregate
5,2019-02-13,110,96,28.520833,3.95,2.9233333,0.89982736,0,0,False,register_operations_review,public-derived-entity-complete-daily-aggregate
5,2019-02-14,110,96,38.145833,3.85625,4.3515625,0.91427927,0,0,False,register_operations_review,public-derived-entity-complete-daily-aggregate
5,2019-02-15,110,96,16.5,2.49375,1.8663542,0.90370797,0,0,False,register_operations_review,public-derived-entity-complete-daily-aggregate
5,2019-02-16,110,96,22.364583,3.5510417,2.3459375,0.91458127,0,0,False,register_operations_review,public-derived-entity-complete-daily-aggregate
5,2019-02-17,110,96,37.229167,3.3302083,4.0046875,0.92741845,0,0,False,register_operations_review,public-derived-entity-complete-daily-aggregate
5,2019-02-18,110,96,17.135417,2.1385417,1.7733333,0.91269009,0,0,False,register_operations_review,public-derived-entity-complete-daily-aggregate
5,2019-02-19,110,96,46.791667,3.271875,4.7196875,0.89834177,0,0,False,register_operations_review,public-derived-entity-complete-daily-aggregate
5,2019-02-20,110,96,28.53125,4.4875,2.970625,0.86574033,0,0,False,register_operations_review,public-derived-entity-complete-daily-aggregate
5,2019-02-21,110,96,23.197917,4.3760417,2.4682292,0.91189844,0,0,False,register_operations_review,public-derived-entity-complete-daily-aggregate
5,2019-02-22,110,96,110.47917,3.5958333,11.561458,0.93631026,0,0,False,register_operations_review,public-derived-entity-complete-daily-aggregate
5,2019-02-23,110,96,123.97917,6.175,12.415625,0.91114598,0,0,False,register_operations_review,public-derived-entity-complete-daily-aggregate
5,2019-02-24,110,96,175.86458,6.3114583,17.658125,0.90096345,0,0,False,register_operations_review,public-derived-entity-complete-daily-aggregate
5,2019-02-25,110,96,84.541667,8.734375,8.3685417,0.87891199,0,0,False,register_operations_review,public-derived-entity-complete-daily-aggregate
5,2019-02-26,110,96,22.4375,8.1458333,2.2595833,0.89932769,0,0,False,register_operations_review,public-derived-entity-complete-daily-aggregate
5,2019-02-27,110,96,44.020833,6.2822917,4.5680208,0.86734104,0,0,False,register_operations_review,public-derived-entity-complete-daily-aggregate
5,2019-02-28,110,96,51.5,7.7416667,5.4064583,0.89906418,0,0,False,register_operations_review,public-derived-entity-complete-daily-aggregate
5,2019-03-01,110,96,34.46875,8.384375,3.6072917,0.91983759,0,0,False,register_operations_review,public-derived-entity-complete-daily-aggregate
5,2019-03-02,110,96,29.083333,7.2135417,3.1078125,0.91260469,0,0,False,register_operations_review,public-derived-entity-complete-daily-aggregate
5,2019-03-03,110,96,158.58333,8.6270833,16.618958,0.92584984,0,0,False,register_operations_review,public-derived-entity-complete-daily-aggregate
5,2019-03-04,110,96,198.98958,9.509375,19.708229,0.8964648,0,0,False,register_operations_review,public-derived-entity-complete-daily-aggregate
5,2019-03-05,110,96,50.3125,11.139583,5.0851042,0.86018191,0,0,False,register_operations_review,public-derived-entity-complete-daily-aggregate
5,2019-03-06,110,96,195.28125,12.344792,19.001667,0.85858386,0,0,False,register_operations_review,public-derived-entity-complete-daily-aggregate
5,2019-03-07,110,96,256.625,10.409375,25.324583,0.88337732,0,0,False,register_operations_review,public-derived-entity-complete-daily-aggregate
5,2019-03-08,110,96,93.145833,10.365625,9.5316667,0.89765777,0,0,False,register_operations_review,public-derived-entity-complete-daily-aggregate
5,2019-03-09,110,96,190.97917,11.701042,18.5825,0.87247668,0,0,False,register_operations_review,public-derived-entity-complete-daily-aggregate
5,2019-03-10,110,96,256.07292,12.933333,24.072396,0.84418826,0,0,False,register_operations_review,public-derived-entity-complete-daily-aggregate
5,2019-03-11,110,96,242.15625,14.083333,23.071771,0.8548362,0,0,False,register_operations_review,public-derived-entity-complete-daily-aggregate
5,2019-03-12,110,96,269.94792,14.552083,25.040729,0.83195922,0,0,False,register_operations_review,public-derived-entity-complete-daily-aggregate
5,2019-03-13,110,96,150.26042,14.571875,14.51125,0.87208846,0,0,False,register_operations_review,public-derived-entity-complete-daily-aggregate
5,2019-03-14,110,96,229.45833,14.714583,18.062604,0.77533946,0,0.020833333,False,register_operations_review,public-derived-entity-complete-daily-aggregate
5,2019-03-15,110,96,186.8125,14.773958,0.5340625,0.64892587,0,0.020833333,False,register_operations_review,public-derived-entity-complete-daily-aggregate
5,2019-03-16,110,96,203.91667,14.042708,19.690625,0.86163137,0,0,False,register_operations_review,public-derived-entity-complete-daily-aggregate
5,2019-03-17,110,96,156.70833,14.1875,14.770313,0.86614847,0,0,False,register_operations_review,public-derived-entity-complete-daily-aggregate
5,2019-03-18,110,96,158.61458,14.508333,15.4925,0.89887417,0,0,False,register_operations_review,public-derived-entity-complete-daily-aggregate
5,2019-03-19,110,96,193.5,16.761458,18.169271,0.8383381,0,0,False,register_operations_review,public-derived-entity-complete-daily-aggregate
5,2019-03-20,110,96,146.34375,22.111458,13.532917,0.83714778,0.0010208333,0,False,register_operations_review,public-derived-entity-complete-daily-aggregate
5,2019-03-21,110,96,86.71875,14.729167,8.6597917,0.86458812,0,0,False,register_operations_review,public-derived-entity-complete-daily-aggregate
5,2019-03-22,110,96,54.604167,10.509375,5.7070833,0.93316648,0,0,False,register_operations_review,public-derived-entity-complete-daily-aggregate
5,2019-03-23,110,96,234.76042,11.230208,22.831146,0.87721561,0,0,False,register_operations_review,public-derived-entity-complete-daily-aggregate
5,2019-03-24,110,96,98.739583,11.346875,9.7452083,0.88186381,0,0,False,register_operations_review,public-derived-entity-complete-daily-aggregate
5,2019-03-25,110,96,260.35417,13.180208,23.546042,0.84963513,0,0,False,register_operations_review,public-derived-entity-complete-daily-aggregate
5,2019-03-26,110,96,191.10417,15.69375,18.127188,0.84466254,0,0,False,register_operations_review,public-derived-entity-complete-daily-aggregate
5,2019-03-27,110,96,44.572917,14.56875,4.3213542,0.83598621,0,0,False,register_operations_review,public-derived-entity-complete-daily-aggregate
5,2019-03-28,110,96,140.13542,15.7625,12.889375,0.8142697,0,0,False,register_operations_review,public-derived-entity-complete-daily-aggregate
5,2019-03-29,110,96,163.41667,17.369792,14.928646,0.82539639,0,0,False,register_operations_review,public-derived-entity-complete-daily-aggregate
5,2019-03-30,110,96,128.53125,15.153125,12.01125,0.8356445,0,0,False,register_operations_review,public-derived-entity-complete-daily-aggregate
5,2019-03-31,110,96,294.89583,15.066667,26.610208,0.81421707,0,0,False,register_operations_review,public-derived-entity-complete-daily-aggregate
5,2019-04-01,110,96,298.4375,14.957292,26.887396,0.79604653,0,0,False,register_operations_review,public-derived-entity-complete-daily-aggregate
5,2019-04-02,110,96,20.395833,13.330208,2.0533333,0.86510234,0,0,False,register_operations_review,public-derived-entity-complete-daily-aggregate
5,2019-04-03,110,96,220.90625,16.920833,20.635625,0.84584427,0,0,False,register_operations_review,public-derived-entity-complete-daily-aggregate
5,2019-04-04,110,96,128.19792,15.869792,12.252604,0.8542212,0,0,False,register_operations_review,public-derived-entity-complete-daily-aggregate
5,2019-04-05,110,96,246.38542,16.398958,21.889687,0.79915862,0,0,False,register_operations_review,public-derived-entity-complete-daily-aggregate
5,2019-04-06,110,96,285.33333,19.830208,25.510312,0.78242808,0.00185,0,False,register_operations_review,public-derived-entity-complete-daily-aggregate
5,2019-04-07,110,96,287.03125,22.058333,24.891458,0.76339973,0.0057916667,0,False,register_operations_review,public-derived-entity-complete-daily-aggregate
5,2019-04-08,110,96,302.72917,25.95625,25.546875,0.7323318,0.014566667,0,False,register_operations_review,public-derived-entity-complete-daily-aggregate
5,2019-04-09,110,96,22.770833,14.4375,2.1322917,0.81696138,0.0010708333,0,False,register_operations_review,public-derived-entity-complete-daily-aggregate
5,2019-04-10,110,96,152.33333,9.765625,14.804688,0.87150212,0,0,False,register_operations_review,public-derived-entity-complete-daily-aggregate
5,2019-04-11,110,96,230.8125,12.511458,20.823021,0.83876127,0,0,False,register_operations_review,public-derived-entity-complete-daily-aggregate
5,2019-04-12,110,96,311.36458,16.666667,28.024896,0.79657765,2.9166667e-05,0,False,register_operations_review,public-derived-entity-complete-daily-aggregate
5,2019-04-13,110,96,176.67708,17.7375,16.302708,0.84949549,0,0,False,register_operations_review,public-derived-entity-complete-daily-aggregate
5,2019-04-14,110,96,167.90625,17.971875,15.801771,0.85061879,0,0,False,register_operations_review,public-derived-entity-complete-daily-aggregate
5,2019-04-15,110,96,242,17.044792,22.035937,0.82993457,0,0,False,register_operations_review,public-derived-entity-complete-daily-aggregate
5,2019-04-16,110,96,291.53125,18.509375,25.653542,0.77955728,1.25e-05,0,False,register_operations_review,public-derived-entity-complete-daily-aggregate
5,2019-04-17,110,96,315.5,20.69375,27.548021,0.77038726,0.0030083333,0,False,register_operations_review,public-derived-entity-complete-daily-aggregate
5,2019-04-18,110,96,266.46875,23.942708,22.617292,0.76130272,0.0081291667,0,False,register_operations_review,public-derived-entity-complete-daily-aggregate
5,2019-04-19,110,96,267.19792,21.63125,24.156354,0.7990219,0.00035,0,False,register_operations_review,public-derived-entity-complete-daily-aggregate
5,2019-04-20,110,96,227.35417,20.93125,20.497396,0.81151585,0.0009875,0,False,register_operations_review,public-derived-entity-complete-daily-aggregate
5,2019-04-21,110,96,47.677083,18.245833,4.5651042,0.85033157,0,0,False,register_operations_review,public-derived-entity-complete-daily-aggregate
5,2019-04-22,110,96,57.572917,17.860417,5.6466667,0.83632337,0,0,False,register_operations_review,public-derived-entity-complete-daily-aggregate
5,2019-04-23,110,96,129.38542,20.360417,11.768437,0.803962,0,0,False,register_operations_review,public-derived-entity-complete-daily-aggregate
5,2019-04-24,110,96,282.26042,23.671875,24.402708,0.77801733,0.0045666667,0,False,register_operations_review,public-derived-entity-complete-daily-aggregate
5,2019-04-25,110,96,246.67708,21.273958,21.614167,0.79111208,0.00084583333,0,False,register_operations_review,public-derived-entity-complete-daily-aggregate
5,2019-04-26,110,96,117.79167,16.95625,11.101562,0.83278245,0,0,False,register_operations_review,public-derived-entity-complete-daily-aggregate
5,2019-04-27,110,96,117.39583,16.5875,0,,0,0,False,register_operations_review,public-derived-entity-complete-daily-aggregate
5,2019-04-28,110,96,30.041667,12.595833,0,,0,0,False,register_operations_review,public-derived-entity-complete-daily-aggregate
5,2019-04-29,110,96,68.947917,14.538542,0,,0,0,False,register_operations_review,public-derived-entity-complete-daily-aggregate
5,2019-04-30,110,96,275.54167,18.260417,24.152917,0.79625471,8.3333333e-06,0,False,register_operations_review,public-derived-entity-complete-daily-aggregate
5,2019-05-01,110,96,318.27083,20.74375,28.237083,0.78455948,0.00093333333,0,False,register_operations_review,public-derived-entity-complete-daily-aggregate
5,2019-05-02,110,96,274.28125,20.261458,23.880938,0.77758424,0.0012,0,False,register_operations_review,public-derived-entity-complete-daily-aggregate
5,2019-05-03,110,96,298.22917,21.46875,25.845521,0.78631388,0.0031791667,0,False,register_operations_review,public-derived-entity-complete-daily-aggregate
5,2019-05-04,110,96,266.79167,22.878125,23.397917,0.79009465,0.0048666667,0,False,register_operations_review,public-derived-entity-complete-daily-aggregate
5,2019-05-05,110,96,179.375,22.523958,16.358333,0.85002282,0.0040291667,0,False,register_operations_review,public-derived-entity-complete-daily-aggregate
5,2019-05-06,110,96,127.02083,20.185417,12.618229,0.87436378,0,0,False,register_operations_review,public-derived-entity-complete-daily-aggregate
5,2019-05-07,110,96,103.72917,17.883333,10.622188,0.90366526,0,0,False,register_operations_review,public-derived-entity-complete-daily-aggregate
5,2019-05-08,110,96,304.0625,19.253125,26.228229,0.77008622,1.25e-05,0,False,register_operations_review,public-derived-entity-complete-daily-aggregate
5,2019-05-09,110,96,253.08333,20.21875,22.311562,0.80433501,0.001075,0,False,register_operations_review,public-derived-entity-complete-daily-aggregate
5,2019-05-10,110,96,308.40625,21.907292,26.057917,0.76288499,0.0035291667,0,False,register_operations_review,public-derived-entity-complete-daily-aggregate
5,2019-05-11,110,96,296.01042,23.383333,24.947187,0.76846349,0.007475,0,False,register_operations_review,public-derived-entity-complete-daily-aggregate
5,2019-05-12,110,96,112.11458,23.21875,10.781354,0.87989348,0.0037708333,0,False,register_operations_review,public-derived-entity-complete-daily-aggregate
5,2019-05-13,110,96,49.822917,20.802083,4.88,0.84373947,0,0,False,register_operations_review,public-derived-entity-complete-daily-aggregate
5,2019-05-14,110,96,86.010417,20.40625,7.9252083,0.82086008,0,0,False,register_operations_review,public-derived-entity-complete-daily-aggregate
5,2019-05-15,110,96,39.0625,21.016667,3.5304167,0.79003271,0,0,False,register_operations_review,public-derived-entity-complete-daily-aggregate
5,2019-05-16,110,96,138.0625,22.942708,12.272917,0.82305164,0.00075,0,False,register_operations_review,public-derived-entity-complete-daily-aggregate
5,2019-05-17,110,96,91.40625,23.553125,8.3786458,0.79939493,0.0013666667,0,False,register_operations_review,public-derived-entity-complete-daily-aggregate
5,2019-05-18,110,96,223.45833,24.307292,18.922708,0.75428532,0.0054541667,0.010416667,False,register_operations_review,public-derived-entity-complete-daily-aggregate
5,2019-05-19,110,96,215.5,24.288542,19.448542,0.81081807,0.0024375,0,False,register_operations_review,public-derived-entity-complete-daily-aggregate
5,2019-05-20,110,96,225.29167,22.732292,20.466354,0.8186985,0.0002625,0,False,register_operations_review,public-derived-entity-complete-daily-aggregate
5,2019-05-21,110,96,133.29167,19.058333,12.350938,0.83172739,0,0,False,register_operations_review,public-derived-entity-complete-daily-aggregate
5,2019-05-22,110,96,322.85417,21.082292,26.859583,0.7445272,0.0043208333,0,False,register_operations_review,public-derived-entity-complete-daily-aggregate
5,2019-05-23,110,96,332.42708,24.23125,26.954688,0.72652199,0.010429167,0,False,register_operations_review,public-derived-entity-complete-daily-aggregate
5,2019-05-24,110,96,271.10417,25.823958,22.374687,0.73714005,0.0128375,0,False,register_operations_review,public-derived-entity-complete-daily-aggregate
5,2019-05-25,110,96,45.770833,24.476042,4.3419792,0.8031007,0.0012708333,0,False,register_operations_review,public-derived-entity-complete-daily-aggregate
5,2019-05-26,110,96,158.125,24.082292,14.353542,0.79433129,0.0032875,0.020833333,False,register_operations_review,public-derived-entity-complete-daily-aggregate
5,2019-05-27,110,96,308.54167,25.321875,26.742083,0.75085326,0.0053958333,0,False,register_operations_review,public-derived-entity-complete-daily-aggregate
5,2019-05-28,110,96,297.125,23.495833,25.289062,0.77629908,0.0025208333,0,False,register_operations_review,public-derived-entity-complete-daily-aggregate
5,2019-05-29,110,96,275.57292,21.317708,23.623958,0.80322795,0.0023875,0,False,register_operations_review,public-derived-entity-complete-daily-aggregate
5,2019-05-30,110,96,45.010417,18.042708,4.2822917,0.8086566,0,0,False,register_operations_review,public-derived-entity-complete-daily-aggregate
5,2019-05-31,110,96,259.28125,23.2625,22.231667,0.75963595,0.0036416667,0,False,register_operations_review,public-derived-entity-complete-daily-aggregate
5,2019-06-01,110,96,226.76042,24.564583,19.7125,0.79522623,0.0048125,0,False,register_operations_review,public-derived-entity-complete-daily-aggregate
5,2019-06-02,110,96,247.61458,24.983333,21.06125,0.80134097,0.005925,0.010416667,False,register_operations_review,public-derived-entity-complete-daily-aggregate
5,2019-06-03,110,96,318.66667,26.539583,26.102187,0.73848338,0.011979167,0,False,register_operations_review,public-derived-entity-complete-daily-aggregate
5,2019-06-04,110,96,319.85417,28.839583,25.770938,0.71085287,0.017754167,0,False,register_operations_review,public-derived-entity-complete-daily-aggregate
5,2019-06-05,110,96,244.21875,28.744792,20.190521,0.72843716,0.015829167,0,False,register_operations_review,public-derived-entity-complete-daily-aggregate
5,2019-06-06,110,96,105.91667,23.276042,9.6171875,0.82421167,0.0001,0,False,register_operations_review,public-derived-entity-complete-daily-aggregate
5,2019-06-07,110,96,320.53125,25.938542,26.598854,0.74276702,0.0096333333,0,False,register_operations_review,public-derived-entity-complete-daily-aggregate
5,2019-06-08,110,96,298.76042,28.419792,23.818438,0.71707759,0.015170833,0,False,register_operations_review,public-derived-entity-complete-daily-aggregate
5,2019-06-09,110,96,263.98958,29.301042,22.738229,0.78830291,0.017204167,0,False,register_operations_review,public-derived-entity-complete-daily-aggregate
5,2019-06-10,110,96,273.30208,28.741667,22.685417,0.74172463,0.014966667,0,False,register_operations_review,public-derived-entity-complete-daily-aggregate
5,2019-06-11,110,96,275.375,27.471875,22.826354,0.7750619,0.012179167,0,False,register_operations_review,public-derived-entity-complete-daily-aggregate
5,2019-06-12,110,96,263.21875,25.807292,22.164479,0.79110548,0.00645,0.010416667,False,register_operations_review,public-derived-entity-complete-daily-aggregate
5,2019-06-13,110,96,238.375,23.896875,20.464167,0.77724292,0.0034,0.010416667,False,register_operations_review,public-derived-entity-complete-daily-aggregate
5,2019-06-14,110,96,315.98958,26.175,26.172708,0.73853226,0.0089291667,0,False,register_operations_review,public-derived-entity-complete-daily-aggregate
5,2019-06-15,110,96,258.22917,26.932292,21.551667,0.77099553,0.011054167,0,False,register_operations_review,public-derived-entity-complete-daily-aggregate
5,2019-06-16,110,96,121.03125,26.369792,11.190417,0.80161479,0.0064625,0,False,register_operations_review,public-derived-entity-complete-daily-aggregate
5,2019-06-17,110,96,39.8125,22.739583,3.7657292,0.80914998,0,0,False,register_operations_review,public-derived-entity-complete-daily-aggregate
5,2019-06-18,110,96,114.39583,24.171875,10.574896,0.82667025,0.002,0,False,register_operations_review,public-derived-entity-complete-daily-aggregate
5,2019-06-19,110,96,73.510417,24.5875,6.7414583,0.78002167,0.00081666667,0,False,register_operations_review,public-derived-entity-complete-daily-aggregate
5,2019-06-20,110,96,120.20833,26.158333,10.478229,0.70071103,0.0063,0,False,register_operations_review,public-derived-entity-complete-daily-aggregate
5,2019-06-21,110,96,64.604167,23.592708,6.1123958,0.78416654,0,0,False,register_operations_review,public-derived-entity-complete-daily-aggregate
5,2019-06-22,110,96,101.57292,24.11875,9.6191667,0.82108641,0.0010583333,0,False,register_operations_review,public-derived-entity-complete-daily-aggregate
5,2019-06-23,110,96,326.28125,25.8375,27.350938,0.73895063,0.0094791667,0,False,register_operations_review,public-derived-entity-complete-daily-aggregate
5,2019-06-24,110,96,272.26042,25.482292,22.558438,0.73273716,0.0081166667,0,False,register_operations_review,public-derived-entity-complete-daily-aggregate
5,2019-06-25,110,96,279.90625,27.364583,22.76125,0.74565485,0.011366667,0.010416667,False,register_operations_review,public-derived-entity-complete-daily-aggregate
5,2019-06-26,110,96,289.89583,27.545833,22.899062,0.73517685,0.012366667,0,False,register_operations_review,public-derived-entity-complete-daily-aggregate
5,2019-06-27,110,96,289.36458,29.052083,23.508542,0.72285224,0.017370833,0,False,register_operations_review,public-derived-entity-complete-daily-aggregate
5,2019-06-28,110,96,91.9375,27.634375,8.5910417,0.79899686,0.011308333,0,False,register_operations_review,public-derived-entity-complete-daily-aggregate
5,2019-06-29,110,96,122.19792,24.672917,11.264792,0.81847956,0.0020875,0,False,register_operations_review,public-derived-entity-complete-daily-aggregate
5,2019-06-30,110,96,280.76042,27.359375,23.632292,0.75524928,0.011841667,0,False,register_operations_review,public-derived-entity-complete-daily-aggregate
5,2019-07-01,110,96,231.6875,28.439583,19.373958,0.77555878,0.013779167,0,False,register_operations_review,public-derived-entity-complete-daily-aggregate
5,2019-07-02,110,96,315.54167,28.859375,25.849167,0.75973702,0.017620833,0,False,register_operations_review,public-derived-entity-complete-daily-aggregate
5,2019-07-03,110,96,283.69792,29.447917,23.406458,0.75157065,0.018,0,False,register_operations_review,public-derived-entity-complete-daily-aggregate
5,2019-07-04,110,96,115.28125,27.45,10.571458,0.82293049,0.0098125,0,False,register_operations_review,public-derived-entity-complete-daily-aggregate
5,2019-07-05,110,96,203.59375,28.094792,17.291042,0.7539551,0.012379167,0,False,register_operations_review,public-derived-entity-complete-daily-aggregate
5,2019-07-06,110,96,231.71875,29.072917,19.189167,0.77802976,0.016291667,0,False,register_operations_review,public-derived-entity-complete-daily-aggregate
5,2019-07-07,110,96,311.28125,28.286458,25.988021,0.76861877,0.013916667,0,False,register_operations_review,public-derived-entity-complete-daily-aggregate
5,2019-07-08,110,96,169.30208,26.211458,15.001771,0.79883045,0.0059166667,0,False,register_operations_review,public-derived-entity-complete-daily-aggregate
5,2019-07-09,110,96,129.36458,24.747917,11.843854,0.80468263,0.0022416667,0,False,register_operations_review,public-derived-entity-complete-daily-aggregate
5,2019-07-10,110,96,317.42708,26.034375,24.664479,0.75860187,0.0088166667,0.020833333,False,register_operations_review,public-derived-entity-complete-daily-aggregate
5,2019-07-11,110,96,259.78125,27.065625,21.794479,0.76261371,0.010979167,0,False,register_operations_review,public-derived-entity-complete-daily-aggregate
5,2019-07-12,110,96,52.135417,23.570833,5.1746875,0.86109061,0.00014166667,0,False,register_operations_review,public-derived-entity-complete-daily-aggregate
5,2019-07-13,110,96,231.44792,25.155208,20.156146,0.7875518,0.0056375,0.010416667,False,register_operations_review,public-derived-entity-complete-daily-aggregate
5,2019-07-14,110,96,287.64583,26.688542,23.140312,0.75579226,0.010070833,0.010416667,False,register_operations_review,public-derived-entity-complete-daily-aggregate
5,2019-07-15,110,96,265.625,28.934375,23.701667,0.83497276,0.01645,0,False,register_operations_review,public-derived-entity-complete-daily-aggregate
5,2019-07-16,110,96,271.51042,30.447917,22.577083,0.76984456,0.021791667,0,False,register_operations_review,public-derived-entity-complete-daily-aggregate
5,2019-07-17,110,96,223.6875,29.298958,18.515313,0.77117265,0.017195833,0,False,register_operations_review,public-derived-entity-complete-daily-aggregate
5,2019-07-18,110,96,200.86458,28.5125,17.344167,0.77700963,0.01405,0,False,register_operations_review,public-derived-entity-complete-daily-aggregate
5,2019-07-19,110,96,319.69792,29.1375,25.541979,0.70501135,0.01655,0,False,register_operations_review,public-derived-entity-complete-daily-aggregate
5,2019-07-20,110,96,293.47917,30.279167,23.850729,0.74807853,0.021116667,0,False,register_operations_review,public-derived-entity-complete-daily-aggregate
5,2019-07-21,110,96,310.27083,31.175,25.245729,0.72601326,0.0247,0,False,register_operations_review,public-derived-entity-complete-daily-aggregate
5,2019-07-22,110,96,264.26042,31.764583,22.658646,0.76382079,0.027058333,0,False,register_operations_review,public-derived-entity-complete-daily-aggregate
5,2019-07-23,110,96,202.63542,30.984375,18.159792,0.80694364,0.0239375,0,False,register_operations_review,public-derived-entity-complete-daily-aggregate
5,2019-07-24,110,96,298.97917,31.13125,23.2325,0.69229033,0.024525,0,False,register_operations_review,public-derived-entity-complete-daily-aggregate
5,2019-07-25,110,96,293.25,32.25625,24.070521,0.73171749,0.029025,0,False,register_operations_review,public-derived-entity-complete-daily-aggregate
5,2019-07-26,110,96,312.95833,32.822917,24.934479,0.69913591,0.031291667,0,False,register_operations_review,public-derived-entity-complete-daily-aggregate
5,2019-07-27,110,96,292.98958,33.107292,23.994375,0.7283263,0.032429167,0,False,register_operations_review,public-derived-entity-complete-daily-aggregate
5,2019-07-28,110,96,307.94792,33.915625,25.0475,0.68989464,0.0356625,0,False,register_operations_review,public-derived-entity-complete-daily-aggregate
5,2019-07-29,110,96,297.64583,33.528125,24.214896,0.72413035,0.0341125,0,False,register_operations_review,public-derived-entity-complete-daily-aggregate
5,2019-07-30,110,96,298.9375,32.771875,24.389792,0.72109221,0.0310875,0,False,register_operations_review,public-derived-entity-complete-daily-aggregate
5,2019-07-31,110,96,292.83333,31.910417,23.325729,0.711139,0.027641667,0,False,register_operations_review,public-derived-entity-complete-daily-aggregate
5,2019-08-01,110,96,295.21875,32.25625,24.137812,0.70748571,0.029025,0,False,register_operations_review,public-derived-entity-complete-daily-aggregate
5,2019-08-02,110,96,241.76042,30.558333,21.209792,0.80698423,0.022233333,0,False,register_operations_review,public-derived-entity-complete-daily-aggregate
5,2019-08-03,110,96,226.89583,29.195833,18.869792,0.76803648,0.016783333,0,False,register_operations_review,public-derived-entity-complete-daily-aggregate
5,2019-08-04,110,96,257.85417,30.157292,21.235938,0.78613579,0.020629167,0,False,register_operations_review,public-derived-entity-complete-daily-aggregate
5,2019-08-05,110,96,272.79167,31.136458,21.315938,0.67391889,0.024545833,0,False,register_operations_review,public-derived-entity-complete-daily-aggregate
5,2019-08-06,110,96,278.125,31.567708,23.158229,0.79520458,0.026270833,0,False,register_operations_review,public-derived-entity-complete-daily-aggregate
5,2019-08-07,110,96,222.22917,29.66875,18.392708,0.75556864,0.018675,0,False,register_operations_review,public-derived-entity-complete-daily-aggregate
5,2019-08-08,110,96,292.09375,31.022917,24.27625,0.75074136,0.024091667,0,False,register_operations_review,public-derived-entity-complete-daily-aggregate
5,2019-08-09,110,96,297.5,32.18125,24.648229,0.7177242,0.028725,0,False,register_operations_review,public-derived-entity-complete-daily-aggregate
5,2019-08-10,110,96,271.44792,30.230208,23.586458,0.77717051,0.020920833,0,False,register_operations_review,public-derived-entity-complete-daily-aggregate
5,2019-08-11,110,96,240.19792,29.258333,18.486979,0.76855402,0.017033333,0,False,register_operations_review,public-derived-entity-complete-daily-aggregate
5,2019-08-12,110,96,266.89583,28.970833,22.527812,0.77395901,0.015883333,0,False,register_operations_review,public-derived-entity-complete-daily-aggregate
5,2019-08-13,110,96,244.92708,29.742708,20.789583,0.73267712,0.01965,0,False,register_operations_review,public-derived-entity-complete-daily-aggregate
5,2019-08-14,110,96,218.29167,30.890625,17.980833,0.78606719,0.0235625,0,False,register_operations_review,public-derived-entity-complete-daily-aggregate
5,2019-08-15,110,96,256.94792,30.435417,21.093125,0.75970303,0.021741667,0,False,register_operations_review,public-derived-entity-complete-daily-aggregate
5,2019-08-16,110,96,293.55208,30.476042,24.013021,0.7229533,0.022579167,0,False,register_operations_review,public-derived-entity-complete-daily-aggregate
5,2019-08-17,110,96,282.01042,31.532292,22.172604,0.70036192,0.026129167,0,False,register_operations_review,public-derived-entity-complete-daily-aggregate
5,2019-08-18,110,96,235.70833,30.666667,19.916146,0.78223662,0.022683333,0,False,register_operations_review,public-derived-entity-complete-daily-aggregate
5,2019-08-19,110,96,293.79167,31.140625,23.732292,0.71995326,0.025479167,0,False,register_operations_review,public-derived-entity-complete-daily-aggregate
5,2019-08-20,110,96,279,31.454167,22.638437,0.71215642,0.025816667,0,False,register_operations_review,public-derived-entity-complete-daily-aggregate
5,2019-08-21,110,96,228.90625,30.91875,19.104375,0.75045115,0.023675,0,False,register_operations_review,public-derived-entity-complete-daily-aggregate
5,2019-08-22,110,96,186.04167,29.166667,14.931771,0.71602951,0.016666667,0,False,register_operations_review,public-derived-entity-complete-daily-aggregate
5,2019-08-23,110,96,139.38542,29.315625,12.161354,0.7764441,0.0172625,0,False,register_operations_review,public-derived-entity-complete-daily-aggregate
5,2019-08-24,110,96,277.96875,31.414583,23.001875,0.73952325,0.0256625,0,False,register_operations_review,public-derived-entity-complete-daily-aggregate
5,2019-08-25,110,96,260.25,31.217708,22.128021,0.76188598,0.024870833,0,False,register_operations_review,public-derived-entity-complete-daily-aggregate
5,2019-08-26,110,96,246.4375,31.075,19.491667,0.76086654,0.0243,0,False,register_operations_review,public-derived-entity-complete-daily-aggregate
5,2019-08-27,110,96,204.51042,30.822917,17.307813,0.76265989,0.023291667,0,False,register_operations_review,public-derived-entity-complete-daily-aggregate
5,2019-08-28,110,96,156.69792,27.638542,14.033958,0.78966489,0.010558333,0,False,register_operations_review,public-derived-entity-complete-daily-aggregate
5,2019-08-29,110,96,298.39583,29.601042,25.209896,0.75255454,0.018579167,0,False,register_operations_review,public-derived-entity-complete-daily-aggregate
5,2019-08-30,110,96,304.84375,27.964583,26.523854,0.76675915,0.014033333,0,False,register_operations_review,public-derived-entity-complete-daily-aggregate
5,2019-08-31,110,96,151.89583,24.682292,13.877292,0.8569775,0.0047666667,0,False,register_operations_review,public-derived-entity-complete-daily-aggregate
5,2019-09-01,110,96,125.63542,25.170833,11.738021,0.83682545,0.0041,0,False,register_operations_review,public-derived-entity-complete-daily-aggregate
5,2019-09-02,110,96,184.78125,25.292708,16.964479,0.81144667,0.006725,0,False,register_operations_review,public-derived-entity-complete-daily-aggregate
5,2019-09-03,110,96,241.92708,25.535417,20.322604,0.78278278,0.0079291667,0.020833333,False,register_operations_review,public-derived-entity-complete-daily-aggregate
5,2019-09-04,110,96,269.05208,26.209375,24.235938,0.82718242,0.0098416667,0,False,register_operations_review,public-derived-entity-complete-daily-aggregate
5,2019-09-05,110,96,215.85417,27.161458,19.111042,0.8048546,0.010629167,0,False,register_operations_review,public-derived-entity-complete-daily-aggregate
5,2019-09-06,110,96,276.76042,27.370833,23.421042,0.76584129,0.0126625,0,False,register_operations_review,public-derived-entity-complete-daily-aggregate
5,2019-09-07,110,96,286.94792,27.367708,24.438542,0.7375361,0.0139125,0,False,register_operations_review,public-derived-entity-complete-daily-aggregate
5,2019-09-08,110,96,286.23958,28.25625,24.253542,0.75026206,0.017658333,0,False,register_operations_review,public-derived-entity-complete-daily-aggregate
5,2019-09-09,110,96,284.39583,29.189583,24.031875,0.7469476,0.019708333,0,False,register_operations_review,public-derived-entity-complete-daily-aggregate
5,2019-09-10,110,96,253.625,29.638542,21.50125,0.74866053,0.0201625,0,False,register_operations_review,public-derived-entity-complete-daily-aggregate
5,2019-09-11,110,96,247.64583,31.001042,20.930833,0.73896148,0.024029167,0,False,register_operations_review,public-derived-entity-complete-daily-aggregate
5,2019-09-12,110,96,259.05208,31.578125,21.578125,0.72923965,0.026325,0,False,register_operations_review,public-derived-entity-complete-daily-aggregate
5,2019-09-13,110,96,256.29167,30.521875,21.35875,0.73550674,0.0220875,0,False,register_operations_review,public-derived-entity-complete-daily-aggregate
5,2019-09-14,110,96,236.42708,27.669792,20.4775,0.75695612,0.010891667,0,False,register_operations_review,public-derived-entity-complete-daily-aggregate
5,2019-09-15,110,96,215.47917,25.311458,18.389792,0.75532834,0.0041083333,0,False,register_operations_review,public-derived-entity-complete-daily-aggregate
5,2019-09-16,110,96,47.71875,22.252083,4.2736458,0.77249692,0,0,False,register_operations_review,public-derived-entity-complete-daily-aggregate
5,2019-09-17,110,96,69.447917,22.219792,6.3422917,0.79572544,0,0,False,register_operations_review,public-derived-entity-complete-daily-aggregate
5,2019-09-18,110,96,82.833333,22.054167,7.7139583,0.80938949,0.00044583333,0,False,register_operations_review,public-derived-entity-complete-daily-aggregate
5,2019-09-19,110,96,252.09375,25.384375,22.166562,0.80648599,0.0078,0,False,register_operations_review,public-derived-entity-complete-daily-aggregate
5,2019-09-20,110,96,206.67708,24.157292,19.200833,0.82810437,0.0037916667,0,False,register_operations_review,public-derived-entity-complete-daily-aggregate
5,2019-09-21,110,96,296.38542,23.396875,26.995938,0.80178123,0.0049708333,0,False,register_operations_review,public-derived-entity-complete-daily-aggregate
5,2019-09-22,110,96,289.48958,23.1375,26.203542,0.79642563,0.0064541667,0,False,register_operations_review,public-derived-entity-complete-daily-aggregate
5,2019-09-23,110,96,289.02083,23.152083,25.617604,0.7873798,0.007625,0,False,register_operations_review,public-derived-entity-complete-daily-aggregate
5,2019-09-24,110,96,222.91667,23.539583,19.906562,0.81115364,0.0081416667,0,False,register_operations_review,public-derived-entity-complete-daily-aggregate
5,2019-09-25,110,96,172.3125,24.50625,15.295938,0.80870384,0.0076,0,False,register_operations_review,public-derived-entity-complete-daily-aggregate
5,2019-09-26,110,96,203.42708,23.803125,17.763958,0.78193334,0.0094416667,0,False,register_operations_review,public-derived-entity-complete-daily-aggregate
5,2019-09-27,110,96,259.125,23.260417,22.698021,0.77948022,0.0089666667,0,False,register_operations_review,public-derived-entity-complete-daily-aggregate
5,2019-09-28,110,96,262.27083,24.098958,22.425417,0.76761521,0.010679167,0,False,register_operations_review,public-derived-entity-complete-daily-aggregate
5,2019-09-29,110,96,259.38542,25.261458,21.889687,0.74972736,0.012783333,0,False,register_operations_review,public-derived-entity-complete-daily-aggregate
5,2019-09-30,110,96,236.29167,26.18125,19.937708,0.75449536,0.014558333,0,False,register_operations_review,public-derived-entity-complete-daily-aggregate
5,2019-10-01,110,96,274.76042,25.944792,23.050313,0.74127947,0.0132125,0,False,register_operations_review,public-derived-entity-complete-daily-aggregate
5,2019-10-02,110,96,180.83333,25.167708,15.406771,0.78041669,0.0085041667,0,False,register_operations_review,public-derived-entity-complete-daily-aggregate
5,2019-10-03,110,96,232.32292,27.479167,19.350312,0.73760617,0.014429167,0,False,register_operations_review,public-derived-entity-complete-daily-aggregate
5,2019-10-04,110,96,206.36458,28.055208,16.679583,0.72316715,0.016066667,0,False,register_operations_review,public-derived-entity-complete-daily-aggregate
5,2019-10-05,110,96,39.072917,19.926042,3.3716667,0.69442167,0,0,False,register_operations_review,public-derived-entity-complete-daily-aggregate
5,2019-10-06,110,96,53.572917,17.4125,5.0545833,0.82188871,0,0,False,register_operations_review,public-derived-entity-complete-daily-aggregate
5,2019-10-07,110,96,150.5,17.291667,14.930521,0.85390553,0,0,False,register_operations_review,public-derived-entity-complete-daily-aggregate
5,2019-10-08,110,96,63.8125,17.286458,6.1846875,0.86533133,0,0,False,register_operations_review,public-derived-entity-complete-daily-aggregate
5,2019-10-09,110,96,187.10417,21.183333,17.622604,0.83905797,0.0012333333,0,False,register_operations_review,public-derived-entity-complete-daily-aggregate
5,2019-10-10,110,96,81.9375,21.344792,7.6029167,0.79842832,0,0,False,register_operations_review,public-derived-entity-complete-daily-aggregate
5,2019-10-11,110,96,65.21875,20.289583,6.6051042,0.86798797,0,0,False,register_operations_review,public-derived-entity-complete-daily-aggregate
5,2019-10-12,110,96,86.510417,19.841667,7.9440625,0.80987235,0,0,False,register_operations_review,public-derived-entity-complete-daily-aggregate
5,2019-10-13,110,96,70.645833,20.69375,6.5309375,0.81008602,0,0,False,register_operations_review,public-derived-entity-complete-daily-aggregate
5,2019-10-14,110,96,164.82292,20.50625,15.396354,0.84504395,0.000175,0,False,register_operations_review,public-derived-entity-complete-daily-aggregate
5,2019-10-15,110,96,233.53125,18.691667,22.186771,0.85486999,0,0,False,register_operations_review,public-derived-entity-complete-daily-aggregate
5,2019-10-16,110,96,59.666667,14.885417,6.0371875,0.90270531,0,0,False,register_operations_review,public-derived-entity-complete-daily-aggregate
5,2019-10-17,110,96,206.78125,16.980208,19.498125,0.83281074,0,0,False,register_operations_review,public-derived-entity-complete-daily-aggregate
5,2019-10-18,110,96,256.95833,17.382292,24.101875,0.83993933,2.0833333e-05,0,False,register_operations_review,public-derived-entity-complete-daily-aggregate
5,2019-10-19,110,96,249.13542,18.010417,23.277188,0.84007729,0.0011041667,0,False,register_operations_review,public-derived-entity-complete-daily-aggregate
5,2019-10-20,110,96,247.67708,19.048958,23.167813,0.85567877,0.0028375,0,False,register_operations_review,public-derived-entity-complete-daily-aggregate
5,2019-10-21,110,96,218.26042,21.501042,19.975938,0.83382753,0.0040125,0,False,register_operations_review,public-derived-entity-complete-daily-aggregate
5,2019-10-22,110,96,23.010417,18.83125,2.3265625,0.90819722,0,0,False,register_operations_review,public-derived-entity-complete-daily-aggregate
5,2019-10-23,110,96,169.51042,19.223958,15.773542,0.82935491,6.25e-05,0,False,register_operations_review,public-derived-entity-complete-daily-aggregate
5,2019-10-24,110,96,221.45833,19.571875,20.939167,0.85043086,0.0010041667,0,False,register_operations_review,public-derived-entity-complete-daily-aggregate
5,2019-10-25,110,96,48.458333,15.952083,5.0379167,0.89855839,0,0,False,register_operations_review,public-derived-entity-complete-daily-aggregate
5,2019-10-26,110,96,59.96875,14.257292,6.0761458,0.86552764,0,0,False,register_operations_review,public-derived-entity-complete-daily-aggregate
5,2019-10-27,110,96,78.895833,13.159375,7.7151042,0.88622628,0,0,False,register_operations_review,public-derived-entity-complete-daily-aggregate
5,2019-10-28,110,96,182.09375,12.888542,17.829271,0.88600342,0,0,False,register_operations_review,public-derived-entity-complete-daily-aggregate
5,2019-10-29,110,96,221.40625,15.679167,21.12625,0.86419265,9.1666667e-05,0,False,register_operations_review,public-derived-entity-complete-daily-aggregate
5,2019-10-30,110,96,217.9375,16.473958,20.652708,0.84231126,0.0005625,0,False,register_operations_review,public-derived-entity-complete-daily-aggregate
5,2019-10-31,110,96,199.125,16.866667,18.785,0.83821163,0.0014541667,0,False,register_operations_review,public-derived-entity-complete-daily-aggregate
5,2019-11-01,110,96,191.13542,19.0875,17.8875,0.83870068,0.0039291667,0,False,register_operations_review,public-derived-entity-complete-daily-aggregate
5,2019-11-02,110,96,108.57292,20.042708,10.195417,0.8153749,0.000275,0,False,register_operations_review,public-derived-entity-complete-daily-aggregate
5,2019-11-03,110,96,198.57292,19.113542,18.755417,0.81210999,5e-05,0,False,register_operations_review,public-derived-entity-complete-daily-aggregate
5,2019-11-04,110,96,177.98958,16.304167,16.766979,0.82326951,0,0,False,register_operations_review,public-derived-entity-complete-daily-aggregate
5,2019-11-05,110,96,207.0625,16.688542,19.603646,0.83054181,1.25e-05,0,False,register_operations_review,public-derived-entity-complete-daily-aggregate
5,2019-11-06,110,96,104.54167,16.928125,9.9140625,0.83864294,0,0,False,register_operations_review,public-derived-entity-complete-daily-aggregate
5,2019-11-07,110,96,162.875,17.890625,16.069688,0.87058308,0,0,False,register_operations_review,public-derived-entity-complete-daily-aggregate
5,2019-11-08,110,96,186.375,15.276042,17.425417,0.81661069,0,0,False,register_operations_review,public-derived-entity-complete-daily-aggregate
5,2019-11-09,110,96,195.67708,14.792708,18.192708,0.80839351,0,0,False,register_operations_review,public-derived-entity-complete-daily-aggregate
5,2019-11-10,110,96,201.61458,16.013542,18.702292,0.80786101,4.5833333e-05,0,False,register_operations_review,public-derived-entity-complete-daily-aggregate
5,2019-11-11,110,96,189.88542,16.664583,17.6675,0.81641757,0.00025,0,False,register_operations_review,public-derived-entity-complete-daily-aggregate
5,2019-11-12,110,96,84.572917,18.704167,8.363125,0.8577919,0,0,False,register_operations_review,public-derived-entity-complete-daily-aggregate
5,2019-11-13,110,96,118.4375,15.504167,12.030313,0.871372,0,0,False,register_operations_review,public-derived-entity-complete-daily-aggregate
5,2019-11-14,110,96,215.4375,12.053125,21.177708,0.84795329,0,0,False,register_operations_review,public-derived-entity-complete-daily-aggregate
5,2019-11-15,110,96,207.57292,14.990625,20.417188,0.8397138,0,0,False,register_operations_review,public-derived-entity-complete-daily-aggregate
5,2019-11-16,110,96,111.34375,18.48125,10.520625,0.84107083,0.00083333333,0,False,register_operations_review,public-derived-entity-complete-daily-aggregate
5,2019-11-17,110,96,25.697917,14.459375,2.45,0.81653108,0,0,False,register_operations_review,public-derived-entity-complete-daily-aggregate
5,2019-11-18,110,96,134.17708,8.6666667,13.996771,0.90921905,0,0,False,register_operations_review,public-derived-entity-complete-daily-aggregate
5,2019-11-19,110,96,208.13542,8.2614583,21.374896,0.87971488,0,0,False,register_operations_review,public-derived-entity-complete-daily-aggregate
5,2019-11-20,110,96,189.92708,12.775,18.967083,0.84539966,0,0,False,register_operations_review,public-derived-entity-complete-daily-aggregate
5,2019-11-21,110,96,62.916667,13.877083,6.1092708,0.8463011,0,0,False,register_operations_review,public-derived-entity-complete-daily-aggregate
5,2019-11-22,110,96,176.375,14.569792,17.691979,0.8460076,0,0,False,register_operations_review,public-derived-entity-complete-daily-aggregate
5,2019-11-23,110,96,83.6875,15.965625,7.945625,0.84185804,0,0,False,register_operations_review,public-derived-entity-complete-daily-aggregate
5,2019-11-24,110,96,30.375,14.258333,0.15635417,0.55315725,0,0,False,register_operations_review,public-derived-entity-complete-daily-aggregate
5,2019-11-25,110,96,22.416667,4.828125,2.3297917,0.8670295,0,0,False,register_operations_review,public-derived-entity-complete-daily-aggregate
5,2019-11-26,110,96,15.40625,5.6729167,1.5160417,0.83959362,0,0,False,register_operations_review,public-derived-entity-complete-daily-aggregate
5,2019-11-27,110,96,18.90625,5.7625,1.8714583,0.87266576,0,0,False,register_operations_review,public-derived-entity-complete-daily-aggregate
5,2019-11-28,110,96,76.385417,7.1541667,7.7557292,0.89135742,0,0,False,register_operations_review,public-derived-entity-complete-daily-aggregate
5,2019-11-29,110,96,93.25,7.203125,9.3139583,0.88857779,0,0,False,register_operations_review,public-derived-entity-complete-daily-aggregate
5,2019-11-30,110,96,12.010417,6.1760417,1.2127083,0.8702281,0,0,False,register_operations_review,public-derived-entity-complete-daily-aggregate
5,2019-12-01,110,96,76.552083,5.35625,7.8435417,0.89744141,0,0,False,register_operations_review,public-derived-entity-complete-daily-aggregate
5,2019-12-02,110,96,135.29167,3.9833333,13.534479,0.8756761,0,0,False,register_operations_review,public-derived-entity-complete-daily-aggregate
5,2019-12-03,110,96,189.05208,5.3895833,19.169375,0.83650296,0,0,False,register_operations_review,public-derived-entity-complete-daily-aggregate
5,2019-12-04,110,96,193.44792,7.0895833,19.59125,0.82802171,0,0.020833333,False,register_operations_review,public-derived-entity-complete-daily-aggregate
5,2019-12-05,110,96,184.5,7.9604167,19.094271,0.88081818,0,0.010416667,False,register_operations_review,public-derived-entity-complete-daily-aggregate
5,2019-12-06,110,96,164.3125,7.575,16.542813,0.85220762,0,0,False,register_operations_review,public-derived-entity-complete-daily-aggregate
5,2019-12-07,110,96,159,5.5677083,16.040729,0.8639362,0,0,False,register_operations_review,public-derived-entity-complete-daily-aggregate
5,2019-12-08,110,96,166.03125,7.2416667,16.942604,0.8570037,0,0,False,register_operations_review,public-derived-entity-complete-daily-aggregate
5,2019-12-09,110,96,154.84375,8.6760417,15.657396,0.8691843,0,0,False,register_operations_review,public-derived-entity-complete-daily-aggregate
5,2019-12-10,110,96,100.28125,8.4291667,9.9745833,0.85906957,0,0,False,register_operations_review,public-derived-entity-complete-daily-aggregate
5,2019-12-11,110,96,187.07292,9.8333333,18.603854,0.81715829,0,0.010416667,False,register_operations_review,public-derived-entity-complete-daily-aggregate
5,2019-12-12,110,96,178.21875,10.341667,17.124271,0.80368272,0,0.010416667,False,register_operations_review,public-derived-entity-complete-daily-aggregate
5,2019-12-13,110,96,139.10417,9.6822917,13.717917,0.85748818,0,0,False,register_operations_review,public-derived-entity-complete-daily-aggregate
5,2019-12-14,110,96,64.854167,9.90625,6.4416667,0.85615735,0,0,False,register_operations_review,public-derived-entity-complete-daily-aggregate
5,2019-12-15,110,96,57.979167,10.660417,5.5672917,0.83401589,0,0,False,register_operations_review,public-derived-entity-complete-daily-aggregate
5,2019-12-16,110,96,45.822917,9.5333333,4.3564583,0.82039028,0,0,False,register_operations_review,public-derived-entity-complete-daily-aggregate
5,2019-12-17,110,96,12.15625,8.3479167,1.1222917,0.81624949,0,0,False,register_operations_review,public-derived-entity-complete-daily-aggregate
5,2019-12-18,110,96,11.270833,5.625,1.0670833,0.82959627,0,0,False,register_operations_review,public-derived-entity-complete-daily-aggregate
5,2019-12-19,110,96,126.3125,5.2291667,12.625521,0.90686714,0,0.010416667,False,register_operations_review,public-derived-entity-complete-daily-aggregate
5,2019-12-20,110,96,62.802083,5.0572917,6.328125,0.88769412,0,0,False,register_operations_review,public-derived-entity-complete-daily-aggregate
5,2019-12-21,110,96,50.40625,6.978125,5.2364583,0.88456572,0,0,False,register_operations_review,public-derived-entity-complete-daily-aggregate
5,2019-12-22,110,96,42.78125,6.684375,4.1497917,0.86978998,0,0,False,register_operations_review,public-derived-entity-complete-daily-aggregate
5,2019-12-23,110,96,35.260417,7.1979167,3.5564583,0.84971102,0,0,False,register_operations_review,public-derived-entity-complete-daily-aggregate
5,2019-12-24,110,96,47.447917,8.8364583,4.7769792,0.8653569,0,0,False,register_operations_review,public-derived-entity-complete-daily-aggregate
5,2019-12-25,110,96,9.34375,7.8875,0.83177083,0.74630344,0,0,False,register_operations_review,public-derived-entity-complete-daily-aggregate
5,2019-12-26,110,96,123.42708,5.7041667,12.369271,0.86466292,0,0,False,register_operations_review,public-derived-entity-complete-daily-aggregate
5,2019-12-27,110,96,175.73958,3.3354167,17.869063,0.8579125,0,0,False,register_operations_review,public-derived-entity-complete-daily-aggregate
5,2019-12-28,110,96,56.0625,4.365625,5.7336458,0.85615819,0,0,False,register_operations_review,public-derived-entity-complete-daily-aggregate
5,2019-12-29,110,96,74.34375,7.5520833,7.88875,0.9097795,0,0,False,register_operations_review,public-derived-entity-complete-daily-aggregate
5,2019-12-30,110,96,81.479167,5.934375,8.530625,0.88219356,0,0,False,register_operations_review,public-derived-entity-complete-daily-aggregate
5,2019-12-31,110,96,150.23958,4.6927083,15.528333,0.88100504,0,0,False,register_operations_review,public-derived-entity-complete-daily-aggregate
5,2020-01-01,110,96,24.354167,5.0552083,2.32875,0.88988524,0,0,False,register_operations_review,public-derived-entity-complete-daily-aggregate
5,2020-01-02,110,96,21.114583,6.3916667,1.9529167,0.85286769,0,0,False,register_operations_review,public-derived-entity-complete-daily-aggregate
5,2020-01-03,110,96,11.208333,6.6479167,0.88802083,0.81004385,0,0,False,register_operations_review,public-derived-entity-complete-daily-aggregate
5,2020-01-04,110,96,21.75,7.6020833,1.9638542,0.84287963,0,0,False,register_operations_review,public-derived-entity-complete-daily-aggregate
5,2020-01-05,110,96,11.520833,8.9770833,0.89552083,0.76774231,0,0,False,register_operations_review,public-derived-entity-complete-daily-aggregate
5,2020-01-06,110,96,5.0520833,6.015625,0.19958333,0.62189469,0,0,False,register_operations_review,public-derived-entity-complete-daily-aggregate
5,2020-01-07,110,96,33.572917,4.0572917,3.1060417,0.81760104,0,0,False,register_operations_review,public-derived-entity-complete-daily-aggregate
5,2020-01-08,110,96,66.770833,3.1708333,6.8816667,0.85904479,0,0,False,register_operations_review,public-derived-entity-complete-daily-aggregate
5,2020-01-09,110,96,18.03125,2.55625,1.6572917,0.80078179,0,0,False,register_operations_review,public-derived-entity-complete-daily-aggregate
5,2020-01-10,110,96,14.927083,3.0041667,1.3244792,0.85049151,0,0,False,register_operations_review,public-derived-entity-complete-daily-aggregate
5,2020-01-11,110,96,28.25,3.9854167,2.8001042,0.90035669,0,0,False,register_operations_review,public-derived-entity-complete-daily-aggregate
5,2020-01-12,110,96,142.34375,2.2791667,14.711458,0.95719708,0,0,False,register_operations_review,public-derived-entity-complete-daily-aggregate
5,2020-01-13,110,96,107.51042,5.3416667,10.938333,0.90721885,0,0,False,register_operations_review,public-derived-entity-complete-daily-aggregate
5,2020-01-14,110,96,163.26042,5.809375,16.917292,0.90786002,0,0,False,register_operations_review,public-derived-entity-complete-daily-aggregate
5,2020-01-15,110,96,13.09375,2.8114583,1.1998958,0.88812353,0,0,False,register_operations_review,public-derived-entity-complete-daily-aggregate
5,2020-01-16,110,96,28.333333,2.071875,2.635,0.84143335,0,0,False,register_operations_review,public-derived-entity-complete-daily-aggregate
5,2020-01-17,110,96,34.479167,2.8395833,3.6347917,0.93709392,0,0,False,register_operations_review,public-derived-entity-complete-daily-aggregate
5,2020-01-18,110,96,155.07292,3.546875,16.266875,0.95494592,0,0,False,register_operations_review,public-derived-entity-complete-daily-aggregate
5,2020-01-19,110,96,103.79167,3.628125,10.634063,0.92549905,0,0,False,register_operations_review,public-derived-entity-complete-daily-aggregate
5,2020-01-20,110,96,184.09375,5.4104167,18.981146,0.89875252,0,0,False,register_operations_review,public-derived-entity-complete-daily-aggregate
5,2020-01-21,110,96,17.510417,4.940625,1.5819792,0.88777255,0,0,False,register_operations_review,public-derived-entity-complete-daily-aggregate
5,2020-01-22,110,96,21.75,5.7677083,1.9548958,0.82396216,0,0,False,register_operations_review,public-derived-entity-complete-daily-aggregate
5,2020-01-23,110,96,62.46875,7.5052083,6.5059375,0.8998129,0,0,False,register_operations_review,public-derived-entity-complete-daily-aggregate
5,2020-01-24,110,96,23.020833,7.5760417,2.2411458,0.90052356,0,0,False,register_operations_review,public-derived-entity-complete-daily-aggregate
5,2020-01-25,110,96,32.447917,5.8333333,3.2253125,0.9092278,0,0,False,register_operations_review,public-derived-entity-complete-daily-aggregate
5,2020-01-26,110,96,39.666667,3.471875,4.234375,0.94709798,0,0,False,register_operations_review,public-derived-entity-complete-daily-aggregate
5,2020-01-27,110,96,46.0625,3.5645833,5.0715625,0.99871358,0,0,False,register_operations_review,public-derived-entity-complete-daily-aggregate
5,2020-01-28,110,96,101.38542,4.6979167,10.104792,0.9136714,0,0,False,register_operations_review,public-derived-entity-complete-daily-aggregate
5,2020-01-29,110,96,164.4375,4.6625,17.04625,0.95157796,0,0,False,register_operations_review,public-derived-entity-complete-daily-aggregate
5,2020-01-30,110,96,183.88542,5.5947917,18.862708,0.9199806,0,0,False,register_operations_review,public-derived-entity-complete-daily-aggregate
5,2020-01-31,110,96,200.55208,5.9291667,20.473542,0.90043296,0,0,False,register_operations_review,public-derived-entity-complete-daily-aggregate
5,2020-02-01,110,96,167.35417,8.6333333,17.060208,0.91603225,0,0,False,register_operations_review,public-derived-entity-complete-daily-aggregate
5,2020-02-02,110,96,43.458333,9.5885417,4.3296875,0.87632878,0,0,False,register_operations_review,public-derived-entity-complete-daily-aggregate
5,2020-02-03,110,96,174.28125,8.2479167,17.878438,0.91358026,0,0,False,register_operations_review,public-derived-entity-complete-daily-aggregate
5,2020-02-04,110,96,200.70833,7.9052083,20.755208,0.92172884,0,0,False,register_operations_review,public-derived-entity-complete-daily-aggregate
5,2020-02-05,110,96,184.55208,7.80625,18.835521,0.90278453,0,0,False,register_operations_review,public-derived-entity-complete-daily-aggregate
5,2020-02-06,110,96,36.395833,5.8395833,3.7394792,0.90770858,0,0,False,register_operations_review,public-derived-entity-complete-daily-aggregate
5,2020-02-07,110,96,37.979167,5.35,3.8796875,0.92725535,0,0,False,register_operations_review,public-derived-entity-complete-daily-aggregate
5,2020-02-08,110,96,110.47917,6.803125,11.073646,0.90750938,0,0,False,register_operations_review,public-derived-entity-complete-daily-aggregate
5,2020-02-09,110,96,216.5,6.39375,22.27,0.90251771,0,0,False,register_operations_review,public-derived-entity-complete-daily-aggregate
5,2020-02-10,110,96,68.71875,8.2145833,6.88,0.90250519,0,0,False,register_operations_review,public-derived-entity-complete-daily-aggregate
5,2020-02-11,110,96,78.333333,9.984375,7.3616667,0.88897138,0,0,False,register_operations_review,public-derived-entity-complete-daily-aggregate
5,2020-02-12,110,96,134.05208,10.20625,13.222187,0.87090434,0,0,False,register_operations_review,public-derived-entity-complete-daily-aggregate
5,2020-02-13,110,96,44.6875,10.142708,3.9459375,0.76975729,0,0,False,register_operations_review,public-derived-entity-complete-daily-aggregate
5,2020-02-14,110,96,53.25,12.366667,2.5485417,0.57231435,0,0.0625,False,register_operations_review,public-derived-entity-complete-daily-aggregate
5,2020-02-15,110,96,11.520833,3.1625,0.64979167,0.77985103,0,0,False,register_operations_review,public-derived-entity-complete-daily-aggregate
5,2020-02-16,110,96,251.54167,2.903125,16.087396,0.58406663,0,0.15625,False,register_operations_review,public-derived-entity-complete-daily-aggregate
5,2020-02-17,110,96,254.61458,4.6229167,20.931875,0.76878883,0,0.020833333,False,register_operations_review,public-derived-entity-complete-daily-aggregate
5,2020-02-18,110,96,249.21875,6.66875,17.776875,0.71435728,0,0.041666667,False,register_operations_review,public-derived-entity-complete-daily-aggregate
5,2020-02-19,110,96,107.25,9.2447917,11.031771,0.92321197,0,0,False,register_operations_review,public-derived-entity-complete-daily-aggregate
5,2020-02-20,110,96,246.10417,9.9354167,24.695937,0.90005945,0,0,False,register_operations_review,public-derived-entity-complete-daily-aggregate
5,2020-02-21,110,96,108.25,10.994792,11.106563,0.90225623,0,0,False,register_operations_review,public-derived-entity-complete-daily-aggregate
5,2020-02-22,110,96,225.1875,11.589583,22.419167,0.89688377,0,0,False,register_operations_review,public-derived-entity-complete-daily-aggregate
5,2020-02-23,110,96,112.33333,14.265625,11.153854,0.8932655,0,0,False,register_operations_review,public-derived-entity-complete-daily-aggregate
5,2020-02-24,110,96,123.28125,18.692708,11.959271,0.8617054,7.5e-05,0,False,register_operations_review,public-derived-entity-complete-daily-aggregate
5,2020-02-25,110,96,166.03125,16.588542,16.376979,0.8622632,0,0,False,register_operations_review,public-derived-entity-complete-daily-aggregate
5,2020-02-26,110,96,39.53125,12.378125,3.70375,0.82817711,0,0,False,register_operations_review,public-derived-entity-complete-daily-aggregate
5,2020-02-27,110,96,22.520833,9.971875,2.0855208,0.8459575,0,0,False,register_operations_review,public-derived-entity-complete-daily-aggregate
5,2020-02-28,110,96,15.09375,6.21875,1.2880208,0.83058103,0,0,False,register_operations_review,public-derived-entity-complete-daily-aggregate
5,2020-02-29,110,96,148.89583,8.8583333,14.839167,0.9008316,0,0,False,register_operations_review,public-derived-entity-complete-daily-aggregate
5,2020-03-01,110,96,136.15625,10.055208,12.556771,0.85744681,0,0,False,register_operations_review,public-derived-entity-complete-daily-aggregate
5,2020-03-02,110,96,79.333333,8.215625,8.3116667,0.95049211,0,0,False,register_operations_review,public-derived-entity-complete-daily-aggregate
5,2020-03-03,110,96,52.6875,8.3927083,5.3903125,0.92247101,0,0,False,register_operations_review,public-derived-entity-complete-daily-aggregate
5,2020-03-04,110,96,214.01042,11.123958,21.104167,0.89544808,0,0,False,register_operations_review,public-derived-entity-complete-daily-aggregate
5,2020-03-05,110,96,224.01042,10.907292,21.999479,0.89808963,0,0,False,register_operations_review,public-derived-entity-complete-daily-aggregate
5,2020-03-06,110,96,62.708333,11.160417,6.08875,0.89122598,0,0,False,register_operations_review,public-derived-entity-complete-daily-aggregate
5,2020-03-07,110,96,227.4375,14.645833,22.070729,0.84145339,0,0,False,register_operations_review,public-derived-entity-complete-daily-aggregate
5,2020-03-08,110,96,79.145833,15.00625,7.8884375,0.86829427,0,0,False,register_operations_review,public-derived-entity-complete-daily-aggregate
5,2020-03-09,110,96,39.03125,12.25,4.3991667,0.9456539,0,0,False,register_operations_review,public-derived-entity-complete-daily-aggregate
5,2020-03-10,110,96,215.86458,12.035417,21.671771,0.91403871,0,0,False,register_operations_review,public-derived-entity-complete-daily-aggregate
5,2020-03-11,110,96,198.30208,13.176042,19.242708,0.86366261,0,0,False,register_operations_review,public-derived-entity-complete-daily-aggregate
5,2020-03-12,110,96,106.33333,13.066667,10.477188,0.90861011,0,0,False,register_operations_review,public-derived-entity-complete-daily-aggregate
5,2020-03-13,110,96,165.86458,11.24375,17.364583,0.93382451,0,0,False,register_operations_review,public-derived-entity-complete-daily-aggregate
5,2020-03-14,110,96,242.88542,11.488542,23.574063,0.8899268,0,0,False,register_operations_review,public-derived-entity-complete-daily-aggregate
5,2020-03-15,110,96,265.9375,13.898958,25.441875,0.86917861,0,0,False,register_operations_review,public-derived-entity-complete-daily-aggregate
5,2020-03-16,110,96,93.4375,15.825,9.1323958,0.88612097,0,0,False,register_operations_review,public-derived-entity-complete-daily-aggregate
5,2020-03-17,110,96,241.66667,15.839583,22.909167,0.86454147,0,0,False,register_operations_review,public-derived-entity-complete-daily-aggregate
5,2020-03-18,110,96,269.36458,16.159375,25.251146,0.84108412,0,0,False,register_operations_review,public-derived-entity-complete-daily-aggregate
5,2020-03-19,110,96,238.53125,16.916667,22.507604,0.83351909,0.0003375,0,False,register_operations_review,public-derived-entity-complete-daily-aggregate
5,2020-03-20,110,96,265.375,17.947917,24.776563,0.83387449,0.0010333333,0,False,register_operations_review,public-derived-entity-complete-daily-aggregate
5,2020-03-21,110,96,78.145833,18.588542,7.1229167,0.8308374,0.0003375,0,False,register_operations_review,public-derived-entity-complete-daily-aggregate
5,2020-03-22,110,96,133.16667,18.98125,13.078333,0.88086283,0,0,False,register_operations_review,public-derived-entity-complete-daily-aggregate
5,2020-03-23,110,96,199.33333,19.3875,18.410937,0.83386482,0.00017083333,0,False,register_operations_review,public-derived-entity-complete-daily-aggregate
5,2020-03-24,110,96,138.3125,19.338542,13.191042,0.85682728,0,0,False,register_operations_review,public-derived-entity-complete-daily-aggregate
5,2020-03-25,110,96,51.854167,19.520833,4.9389583,0.83899471,0,0,False,register_operations_review,public-derived-entity-complete-daily-aggregate
5,2020-03-26,110,96,82.354167,18.671875,7.3061458,0.78406947,0,0,False,register_operations_review,public-derived-entity-complete-daily-aggregate
5,2020-03-27,110,96,24.895833,9.5260417,2.5601042,0.90967327,0,0,False,register_operations_review,public-derived-entity-complete-daily-aggregate
5,2020-03-28,110,96,241.01042,9.0354167,24.702604,0.95332354,0,0,False,register_operations_review,public-derived-entity-complete-daily-aggregate
5,2020-03-29,110,96,35.322917,7.2114583,3.6308333,0.89588366,0,0,False,register_operations_review,public-derived-entity-complete-daily-aggregate
5,2020-03-30,110,96,84.114583,8.7583333,8.668125,0.92879811,0,0,False,register_operations_review,public-derived-entity-complete-daily-aggregate
5,2020-03-31,110,96,38.447917,10.021875,4.04125,0.93401639,0,0,False,register_operations_review,public-derived-entity-complete-daily-aggregate
5,2020-04-01,110,96,192.91667,12.119792,18.822188,0.90180938,0,0,False,register_operations_review,public-derived-entity-complete-daily-aggregate
5,2020-04-02,110,96,98.958333,14.78125,9.585,0.89796857,0,0,False,register_operations_review,public-derived-entity-complete-daily-aggregate
5,2020-04-03,110,96,132.875,14.6375,12.997917,0.86886611,0,0,False,register_operations_review,public-derived-entity-complete-daily-aggregate
5,2020-04-04,110,96,220.80208,15.53125,20.772604,0.86516898,0,0,False,register_operations_review,public-derived-entity-complete-daily-aggregate
5,2020-04-05,110,96,202.91667,16.98125,19.232396,0.86189408,0,0,False,register_operations_review,public-derived-entity-complete-daily-aggregate
5,2020-04-06,110,96,191.46875,17.801042,18.079271,0.84170206,0,0,False,register_operations_review,public-derived-entity-complete-daily-aggregate
5,2020-04-07,110,96,259.64583,17.655208,24.513542,0.85920731,0,0,False,register_operations_review,public-derived-entity-complete-daily-aggregate
5,2020-04-08,110,96,200.875,17.048958,19.153021,0.8621308,0,0,False,register_operations_review,public-derived-entity-complete-daily-aggregate
5,2020-04-09,110,96,279.97917,18.347917,25.619062,0.82372149,0.0012208333,0,False,register_operations_review,public-derived-entity-complete-daily-aggregate
5,2020-04-10,110,96,83.145833,13.434375,8.6082292,0.89482039,0,0,False,register_operations_review,public-derived-entity-complete-daily-aggregate
5,2020-04-11,110,96,56.822917,8.9145833,5.9944792,0.98274125,0,0,False,register_operations_review,public-derived-entity-complete-daily-aggregate
5,2020-04-12,110,96,279.80208,11.45,25.852604,0.82973788,0,0,False,register_operations_review,public-derived-entity-complete-daily-aggregate
5,2020-04-13,110,96,304.10417,15.008333,28.013542,0.81286182,0,0,False,register_operations_review,public-derived-entity-complete-daily-aggregate
5,2020-04-14,110,96,188.59375,16.7125,18.203333,0.87019125,0,0,False,register_operations_review,public-derived-entity-complete-daily-aggregate
5,2020-04-15,110,96,283.86458,18.509375,26.074687,0.81614652,0.00091666667,0,False,register_operations_review,public-derived-entity-complete-daily-aggregate
5,2020-04-16,110,96,250.29167,22.973958,21.645208,0.78487276,0.0056375,0,False,register_operations_review,public-derived-entity-complete-daily-aggregate
5,2020-04-17,110,96,126.29167,22.478125,11,0.81584752,0.00018333333,0,False,register_operations_review,public-derived-entity-complete-daily-aggregate
5,2020-04-18,110,96,26.5625,15.002083,2.5370833,0.84243551,0,0,False,register_operations_review,public-derived-entity-complete-daily-aggregate
5,2020-04-19,110,96,196.01042,15.313542,17.59625,0.89240056,0,0.010416667,False,register_operations_review,public-derived-entity-complete-daily-aggregate
5,2020-04-20,110,96,38.75,13.892708,3.9322917,0.91826622,0,0,False,register_operations_review,public-derived-entity-complete-daily-aggregate
5,2020-04-21,110,96,98.5625,15.475,9.4763542,0.84487796,0,0,False,register_operations_review,public-derived-entity-complete-daily-aggregate
5,2020-04-22,110,96,218.51042,17.828125,19.704896,0.8350074,0,0,False,register_operations_review,public-derived-entity-complete-daily-aggregate
5,2020-04-23,110,96,192.625,17.81875,17.602083,0.84975515,0,0,False,register_operations_review,public-derived-entity-complete-daily-aggregate
5,2020-04-24,110,96,315.84375,17.384375,27.489687,0.76892102,4.1666667e-06,0,False,register_operations_review,public-derived-entity-complete-daily-aggregate
5,2020-04-25,110,96,295.64583,19.00625,25.782917,0.78120273,0.000925,0,False,register_operations_review,public-derived-entity-complete-daily-aggregate
5,2020-04-26,110,96,315.04167,21.2875,26.952187,0.74684485,0.0036625,0,False,register_operations_review,public-derived-entity-complete-daily-aggregate
5,2020-04-27,110,96,302.08333,19.377083,26.498021,0.76802157,0.00027916667,0,False,register_operations_review,public-derived-entity-complete-daily-aggregate
5,2020-04-28,110,96,324.13542,18.102083,27.648333,0.75009279,0.00037916667,0,False,register_operations_review,public-derived-entity-complete-daily-aggregate
5,2020-04-29,110,96,306.09375,22.576042,25.776146,0.74700767,0.007975,0,False,register_operations_review,public-derived-entity-complete-daily-aggregate
5,2020-04-30,110,96,131.58333,23.255208,11.538333,0.84768403,0.0049375,0,False,register_operations_review,public-derived-entity-complete-daily-aggregate
5,2020-05-01,110,96,227.77083,23.672917,19.257604,0.77416361,0.0037125,0,False,register_operations_review,public-derived-entity-complete-daily-aggregate
5,2020-05-02,110,96,284.89583,25.921875,24.650521,0.78150966,0.010725,0,False,register_operations_review,public-derived-entity-complete-daily-aggregate
5,2020-05-03,110,96,309.39583,27.225,25.518021,0.7263643,0.014520833,0,False,register_operations_review,public-derived-entity-complete-daily-aggregate
5,2020-05-04,110,96,241.92708,28.580208,20.546771,0.78230704,0.017825,0,False,register_operations_review,public-derived-entity-complete-daily-aggregate
5,2020-05-05,110,96,158.41667,22.092708,20.758854,0.78868775,0,0,False,register_operations_review,public-derived-entity-complete-daily-aggregate
5,2020-05-06,110,96,193.3125,22.538542,17.545,0.80932827,0.0017166667,0,False,register_operations_review,public-derived-entity-complete-daily-aggregate
5,2020-05-07,110,96,132.39583,23.126042,11.911146,0.79652218,0.0023708333,0,False,register_operations_review,public-derived-entity-complete-daily-aggregate
5,2020-05-08,110,96,62.84375,20.648958,6.265,0.88295074,0,0,False,register_operations_review,public-derived-entity-complete-daily-aggregate
5,2020-05-09,110,96,171.90625,19,14.608646,0.78865053,0,0,False,register_operations_review,public-derived-entity-complete-daily-aggregate
5,2020-05-10,110,96,319.23958,21.158333,27.270625,0.76470467,0.0014791667,0,False,register_operations_review,public-derived-entity-complete-daily-aggregate
5,2020-05-11,110,96,263.72917,20.926042,23.359375,0.78795469,0.00081666667,0,False,register_operations_review,public-derived-entity-complete-daily-aggregate
5,2020-05-12,110,96,322.80208,21.253125,27.016458,0.74353361,0.0043708333,0,False,register_operations_review,public-derived-entity-complete-daily-aggregate
5,2020-05-13,110,96,274.02083,23.292708,23.09875,0.79698965,0.0057708333,0,False,register_operations_review,public-derived-entity-complete-daily-aggregate
5,2020-05-14,110,96,21.375,20.509375,1.7245833,0.71129819,0,0,False,register_operations_review,public-derived-entity-complete-daily-aggregate
5,2020-05-15,110,96,169.36458,21.102083,15.439167,0.81519628,0.00010416667,0,False,register_operations_review,public-derived-entity-complete-daily-aggregate
5,2020-05-16,110,96,219.48958,22.504167,19.096354,0.80845088,0.0024708333,0,False,register_operations_review,public-derived-entity-complete-daily-aggregate
5,2020-05-17,110,96,259.46875,24.785417,22.028646,0.78473597,0.0067,0,False,register_operations_review,public-derived-entity-complete-daily-aggregate
5,2020-05-18,110,96,335.20833,23.502083,28.552813,0.74485193,0.0023541667,0,False,register_operations_review,public-derived-entity-complete-daily-aggregate
5,2020-05-19,110,96,284.71875,22.359375,24.367604,0.78453229,0.0059666667,0,False,register_operations_review,public-derived-entity-complete-daily-aggregate
5,2020-05-20,110,96,99.21875,23.261458,9.2140625,0.84942475,0.0027916667,0,False,register_operations_review,public-derived-entity-complete-daily-aggregate
5,2020-05-21,110,96,254.60417,23.242708,22.368854,0.80530374,0.0029541667,0,False,register_operations_review,public-derived-entity-complete-daily-aggregate
5,2020-05-22,110,96,268.01042,25.065625,22.598646,0.78432639,0.0078041667,0,False,register_operations_review,public-derived-entity-complete-daily-aggregate
5,2020-05-23,110,96,311.75,27.184375,25.29,0.72877848,0.012670833,0,False,register_operations_review,public-derived-entity-complete-daily-aggregate
5,2020-05-24,110,96,239.27083,26.773958,20.579062,0.77917711,0.0097583333,0,False,register_operations_review,public-derived-entity-complete-daily-aggregate
5,2020-05-25,110,96,80.4375,21.428125,7.9701042,0.89039681,5e-05,0,False,register_operations_review,public-derived-entity-complete-daily-aggregate
5,2020-05-26,110,96,279.75,23.641667,23.2575,0.81949008,0.0039291667,0.010416667,False,register_operations_review,public-derived-entity-complete-daily-aggregate
5,2020-05-27,110,96,269.82292,24.925,22.354896,0.78526403,0.0060916667,0,False,register_operations_review,public-derived-entity-complete-daily-aggregate
5,2020-05-28,110,96,195.21875,25.229167,17.093333,0.80201538,0.00695,0,False,register_operations_review,public-derived-entity-complete-daily-aggregate
5,2020-05-29,110,96,59.21875,22.909375,6.0346875,0.92291365,7.0833333e-05,0,False,register_operations_review,public-derived-entity-complete-daily-aggregate
5,2020-05-30,110,96,229.90625,24.45625,19.115,0.82386818,0.0046791667,0,False,register_operations_review,public-derived-entity-complete-daily-aggregate
5,2020-05-31,110,96,180.27083,25.497917,15.382604,0.83234563,0.0074583333,0,False,register_operations_review,public-derived-entity-complete-daily-aggregate
5,2020-06-01,110,96,284.60417,27.288542,24.489271,0.79259332,0.013829167,0,False,register_operations_review,public-derived-entity-complete-daily-aggregate
5,2020-06-02,110,96,178.09375,27.305208,15.906146,0.88781583,0.010129167,0,False,register_operations_review,public-derived-entity-complete-daily-aggregate
5,2020-06-03,110,96,244.86458,26.080208,21.182292,0.80582239,0.0082958333,0,False,register_operations_review,public-derived-entity-complete-daily-aggregate
5,2020-06-04,110,96,260.83333,27.976042,21.558021,0.7845398,0.013308333,0,False,register_operations_review,public-derived-entity-complete-daily-aggregate
5,2020-06-05,110,96,209.71875,27.396875,18.647292,0.85643539,0.0097291667,0,False,register_operations_review,public-derived-entity-complete-daily-aggregate
5,2020-06-06,110,96,256.14583,27.1375,22.201667,0.79744549,0.012329167,0,False,register_operations_review,public-derived-entity-complete-daily-aggregate
5,2020-06-07,110,96,287.22917,28.34375,23.998437,0.76987673,0.015145833,0,False,register_operations_review,public-derived-entity-complete-daily-aggregate
5,2020-06-08,110,96,230.52083,28.947917,20.543229,0.83205015,0.016854167,0,False,register_operations_review,public-derived-entity-complete-daily-aggregate
5,2020-06-09,110,96,106.75,27.076042,9.883125,0.76394652,0.0083041667,0,False,register_operations_review,public-derived-entity-complete-daily-aggregate
5,2020-06-10,110,96,172.17708,26.733333,16.233542,0.79298599,0.0080083333,0,False,register_operations_review,public-derived-entity-complete-daily-aggregate
5,2020-06-11,110,96,157.25,28.165625,13.974687,0.81877073,0.0127,0,False,register_operations_review,public-derived-entity-complete-daily-aggregate
5,2020-06-12,110,96,133.88542,27.690625,12.0825,0.80168445,0.011133333,0,False,register_operations_review,public-derived-entity-complete-daily-aggregate
5,2020-06-13,110,96,48.385417,25.744792,4.3085417,0.79387738,0.0032041667,0,False,register_operations_review,public-derived-entity-complete-daily-aggregate
5,2020-06-14,110,96,58.979167,26.21875,5.3778125,0.81945742,0.0048791667,0,False,register_operations_review,public-derived-entity-complete-daily-aggregate
5,2020-06-15,110,96,225.5,29.092708,20.299583,0.82072946,0.016370833,0,False,register_operations_review,public-derived-entity-complete-daily-aggregate
5,2020-06-16,110,96,199.45833,29.6375,16.691771,0.76636698,0.01855,0,False,register_operations_review,public-derived-entity-complete-daily-aggregate
5,2020-06-17,110,96,225.07292,29.4875,20.297292,0.8493722,0.020025,0,False,register_operations_review,public-derived-entity-complete-daily-aggregate
5,2020-06-18,110,96,101.82292,21.848958,9.9173958,0.87503815,0,0,False,register_operations_review,public-derived-entity-complete-daily-aggregate
5,2020-06-19,110,96,154.48958,24.388542,14.390104,0.84300501,0.0033083333,0,False,register_operations_review,public-derived-entity-complete-daily-aggregate
5,2020-06-20,110,96,44.479167,22.596875,4.221875,0.83418082,0,0,False,register_operations_review,public-derived-entity-complete-daily-aggregate
5,2020-06-21,110,96,20.479167,21.566667,1.5989583,0.69355481,0,0,False,register_operations_review,public-derived-entity-complete-daily-aggregate
5,2020-06-22,110,96,25.177083,22.775,2.031875,0.76327503,0,0,False,register_operations_review,public-derived-entity-complete-daily-aggregate
5,2020-06-23,110,96,104.64583,24.157292,9.2330208,0.81284976,0.0010416667,0.010416667,False,register_operations_review,public-derived-entity-complete-daily-aggregate
5,2020-06-24,110,96,222.80208,26.575,19.145,0.78566115,0.0087041667,0.010416667,False,register_operations_review,public-derived-entity-complete-daily-aggregate
5,2020-06-25,110,96,275.875,28.269792,23.323438,0.78526499,0.0143125,0,False,register_operations_review,public-derived-entity-complete-daily-aggregate
5,2020-06-26,110,96,258.69792,29.001042,21.511458,0.7665207,0.0162625,0,False,register_operations_review,public-derived-entity-complete-daily-aggregate
5,2020-06-27,110,96,162.90625,27.85625,13.351875,0.81717403,0.011425,0,False,register_operations_review,public-derived-entity-complete-daily-aggregate
5,2020-06-28,110,96,30.333333,26.132292,2.6870833,0.70035328,0.0045291667,0,False,register_operations_review,public-derived-entity-complete-daily-aggregate
5,2020-06-29,110,96,89.072917,25.516667,8.3219792,0.81969732,0.0029583333,0,False,register_operations_review,public-derived-entity-complete-daily-aggregate
5,2020-06-30,110,96,260.59375,27.211458,20.683854,0.77321118,0.010841667,0,False,register_operations_review,public-derived-entity-complete-daily-aggregate
5,2020-07-01,110,96,266.23958,28.489583,22.394479,0.78195415,0.014841667,0,False,register_operations_review,public-derived-entity-complete-daily-aggregate
5,2020-07-02,110,96,28.625,24.09375,2.5559375,0.80509264,0.0011083333,0,False,register_operations_review,public-derived-entity-complete-daily-aggregate
5,2020-07-03,110,96,279.63542,26.78125,22.787917,0.7749134,0.0097458333,0.020833333,False,register_operations_review,public-derived-entity-complete-daily-aggregate
5,2020-07-04,110,96,114.13542,25.428125,10.666771,0.8485542,0.00225,0,False,register_operations_review,public-derived-entity-complete-daily-aggregate
5,2020-07-05,110,96,70.770833,25.577083,6.7692708,0.84218449,0.0029583333,0,False,register_operations_review,public-derived-entity-complete-daily-aggregate
5,2020-07-06,110,96,134.76042,26.138542,11.722396,0.77780164,0.0045833333,0,False,register_operations_review,public-derived-entity-complete-daily-aggregate
5,2020-07-07,110,96,43.71875,23.923958,4.0538542,0.75767385,0.00037083333,0,False,register_operations_review,public-derived-entity-complete-daily-aggregate
5,2020-07-08,110,96,233.01042,26.882292,19.943229,0.76672042,0.0089208333,0,False,register_operations_review,public-derived-entity-complete-daily-aggregate
5,2020-07-09,110,96,254.76042,28.954167,21.256146,0.77895816,0.015816667,0,False,register_operations_review,public-derived-entity-complete-daily-aggregate
5,2020-07-10,110,96,206.34375,28.751042,17.803021,0.78729462,0.015004167,0,False,register_operations_review,public-derived-entity-complete-daily-aggregate
5,2020-07-11,110,96,66.760417,27.41875,6.2352083,0.82001472,0.009675,0,False,register_operations_review,public-derived-entity-complete-daily-aggregate
5,2020-07-12,110,96,77.739583,26.316667,6.9857292,0.81646813,0.0073166667,0,False,register_operations_review,public-derived-entity-complete-daily-aggregate
5,2020-07-13,110,96,163.25,24.230208,15.115937,0.81314406,0.0019041667,0,False,register_operations_review,public-derived-entity-complete-daily-aggregate
5,2020-07-14,110,96,100.07292,24.615625,9.2890625,0.8205938,0.0019291667,0,False,register_operations_review,public-derived-entity-complete-daily-aggregate
5,2020-07-15,110,96,65.5625,24.020833,6.0530208,0.80363645,7.9166667e-05,0,False,register_operations_review,public-derived-entity-complete-daily-aggregate
5,2020-07-16,110,96,15.458333,23.402083,1.0798958,0.63384952,0,0,False,register_operations_review,public-derived-entity-complete-daily-aggregate
5,2020-07-17,110,96,154.53125,27.154167,13.630521,0.78751086,0.0111125,0,False,register_operations_review,public-derived-entity-complete-daily-aggregate
5,2020-07-18,110,96,32.604167,24.791667,2.8314583,0.75751269,0.0021833333,0,False,register_operations_review,public-derived-entity-complete-daily-aggregate
5,2020-07-19,110,96,85.0625,23.151042,7.9953125,0.83648657,0.00020833333,0.010416667,False,register_operations_review,public-derived-entity-complete-daily-aggregate
5,2020-07-20,110,96,274.77083,26.463542,21.837604,0.73541863,0.0087458333,0,False,register_operations_review,public-derived-entity-complete-daily-aggregate
5,2020-07-21,110,96,83.5625,25.466667,8.0728125,0.86460379,0.0029708333,0,False,register_operations_review,public-derived-entity-complete-daily-aggregate
5,2020-07-22,110,96,279.90625,30.696875,23.3375,0.76730851,0.0227875,0,False,register_operations_review,public-derived-entity-complete-daily-aggregate
5,2020-07-23,110,96,266.52083,29.048958,21.569688,0.75664502,0.016208333,0,False,register_operations_review,public-derived-entity-complete-daily-aggregate
5,2020-07-24,110,96,196.19792,26.479167,17.305312,0.81076987,0.006575,0,False,register_operations_review,public-derived-entity-complete-daily-aggregate
5,2020-07-25,110,96,67.8125,24.5,6.3533333,0.83252052,0.0010083333,0,False,register_operations_review,public-derived-entity-complete-daily-aggregate
5,2020-07-26,110,96,44.770833,25.21875,4.0151042,0.81275951,0.0013833333,0,False,register_operations_review,public-derived-entity-complete-daily-aggregate
5,2020-07-27,110,96,107.39583,25.077083,9.7716667,0.80001154,0.0027958333,0,False,register_operations_review,public-derived-entity-complete-daily-aggregate
5,2020-07-28,110,96,131.26042,26.55,12.152396,0.80393326,0.0066083333,0,False,register_operations_review,public-derived-entity-complete-daily-aggregate
5,2020-07-29,110,96,263.80208,28.404167,22.195937,0.76558727,0.014316667,0,False,register_operations_review,public-derived-entity-complete-daily-aggregate
5,2020-07-30,110,96,237.16667,28.723958,20.4375,0.78279244,0.014895833,0,False,register_operations_review,public-derived-entity-complete-daily-aggregate
5,2020-07-31,110,96,296.76042,30.152083,23.870208,0.71957261,0.020608333,0,False,register_operations_review,public-derived-entity-complete-daily-aggregate
5,2020-08-01,110,96,269.71875,31.269792,22.136771,0.73471495,0.025079167,0,False,register_operations_review,public-derived-entity-complete-daily-aggregate
5,2020-08-02,110,96,296.53125,32.0125,24,0.72130635,0.02805,0,False,register_operations_review,public-derived-entity-complete-daily-aggregate
5,2020-08-03,110,96,306.72917,32.13125,25.19375,0.73006391,0.028525,0,False,register_operations_review,public-derived-entity-complete-daily-aggregate
5,2020-08-04,110,96,308.61458,32.628125,24.686562,0.71761805,0.0305125,0,False,register_operations_review,public-derived-entity-complete-daily-aggregate
5,2020-08-05,110,96,288.76042,32.744792,23.620104,0.72699775,0.030979167,0,False,register_operations_review,public-derived-entity-complete-daily-aggregate
5,2020-08-06,110,96,233.96875,31.591667,20.0725,0.77781306,0.026366667,0,False,register_operations_review,public-derived-entity-complete-daily-aggregate
5,2020-08-07,110,96,211.42708,31.883333,17.312292,0.7689168,0.027533333,0,False,register_operations_review,public-derived-entity-complete-daily-aggregate
5,2020-08-08,110,96,113.5,30.954167,10.466146,0.80805984,0.023816667,0,False,register_operations_review,public-derived-entity-complete-daily-aggregate
5,2020-08-09,110,96,188.79167,29.751042,16.716979,0.792634,0.019004167,0,False,register_operations_review,public-derived-entity-complete-daily-aggregate
5,2020-08-10,110,96,230.66667,28.95,18.210313,0.74996226,0.0158,0,False,register_operations_review,public-derived-entity-complete-daily-aggregate
5,2020-08-11,110,96,236.59375,29.494792,18.765521,0.80256488,0.017979167,0,False,register_operations_review,public-derived-entity-complete-daily-aggregate
5,2020-08-12,110,96,161.69792,29.485417,14.091042,0.80057568,0.017941667,0,False,register_operations_review,public-derived-entity-complete-daily-aggregate
5,2020-08-13,110,96,290.09375,30.922917,23.960208,0.73769734,0.023691667,0,False,register_operations_review,public-derived-entity-complete-daily-aggregate
5,2020-08-14,110,96,315.01042,31.567708,25.187292,0.73279406,0.026270833,0,False,register_operations_review,public-derived-entity-complete-daily-aggregate
5,2020-08-15,110,96,301.53125,32.044792,24.345417,0.72584237,0.028179167,0,False,register_operations_review,public-derived-entity-complete-daily-aggregate
5,2020-08-16,110,96,300.03125,32.079167,24.081771,0.71900619,0.028316667,0,False,register_operations_review,public-derived-entity-complete-daily-aggregate
5,2020-08-17,110,96,306.9375,31.191667,24.279062,0.70816314,0.024766667,0,False,register_operations_review,public-derived-entity-complete-daily-aggregate
5,2020-08-18,110,96,302,31.7875,24.037083,0.73796085,0.02715,0,False,register_operations_review,public-derived-entity-complete-daily-aggregate
5,2020-08-19,110,96,209.77083,30.427083,17.756979,0.7775889,0.021708333,0,False,register_operations_review,public-derived-entity-complete-daily-aggregate
5,2020-08-20,110,96,212.26042,27.463542,16.041458,0.7010766,0.0109375,0,False,register_operations_review,public-derived-entity-complete-daily-aggregate
5,2020-08-21,110,96,262.66667,27.509375,22.865833,0.80806615,0.010779167,0,False,register_operations_review,public-derived-entity-complete-daily-aggregate
5,2020-08-22,110,96,244.63542,28.417708,18.850208,0.75588817,0.013670833,0,False,register_operations_review,public-derived-entity-complete-daily-aggregate
5,2020-08-23,110,96,283.48958,29.859375,23.043958,0.75789194,0.0194375,0,False,register_operations_review,public-derived-entity-complete-daily-aggregate
5,2020-08-24,110,96,279.0625,31.147917,22.552604,0.77750799,0.024591667,0,False,register_operations_review,public-derived-entity-complete-daily-aggregate
5,2020-08-25,110,96,190.55208,27.753125,16.997292,0.81441509,0.0110125,0,False,register_operations_review,public-derived-entity-complete-daily-aggregate
5,2020-08-26,110,96,294.60417,28.671875,24.764583,0.77452868,0.014695833,0,False,register_operations_review,public-derived-entity-complete-daily-aggregate
5,2020-08-27,110,96,310.22917,28.458333,25.300937,0.73774107,0.015333333,0,False,register_operations_review,public-derived-entity-complete-daily-aggregate
5,2020-08-28,110,96,312.01042,28.770833,25.284271,0.72282626,0.016275,0,False,register_operations_review,public-derived-entity-complete-daily-aggregate
5,2020-08-29,110,96,304.26042,28.1375,25.086979,0.73733464,0.0147,0,False,register_operations_review,public-derived-entity-complete-daily-aggregate
5,2020-08-30,110,96,294.65625,28.944792,23.344167,0.73065194,0.016270833,0,False,register_operations_review,public-derived-entity-complete-daily-aggregate
5,2020-08-31,110,96,297.73958,29.214583,23.021458,0.70651547,0.0175,0,False,register_operations_review,public-derived-entity-complete-daily-aggregate
5,2020-09-01,110,96,291.25,28.916667,23.145,0.7135783,0.0157625,0,False,register_operations_review,public-derived-entity-complete-daily-aggregate
5,2020-09-02,110,96,223.76042,27.798958,18.311875,0.75476857,0.012333333,0,False,register_operations_review,public-derived-entity-complete-daily-aggregate
5,2020-09-03,110,96,277.90625,26.670833,22.545937,0.7570499,0.0119125,0,False,register_operations_review,public-derived-entity-complete-daily-aggregate
5,2020-09-04,110,96,294.05208,27.157292,23.648438,0.72018573,0.013504167,0,False,register_operations_review,public-derived-entity-complete-daily-aggregate
5,2020-09-05,110,96,274.75,27.294792,22.452187,0.74468819,0.012516667,0,False,register_operations_review,public-derived-entity-complete-daily-aggregate
5,2020-09-06,110,96,258.38542,28.702083,21.287396,0.75156401,0.015629167,0,False,register_operations_review,public-derived-entity-complete-daily-aggregate
5,2020-09-07,110,96,243.03125,27.404167,20.125521,0.7599828,0.012254167,0,False,register_operations_review,public-derived-entity-complete-daily-aggregate
5,2020-09-08,110,96,264.25,28.30625,21.198958,0.71912645,0.015583333,0,False,register_operations_review,public-derived-entity-complete-daily-aggregate
5,2020-09-09,110,96,152.15625,27.453125,12.584479,0.8481943,0.010991667,0,False,register_operations_review,public-derived-entity-complete-daily-aggregate
5,2020-09-10,110,96,29.010417,22.45625,2.563125,0.81199301,0.0001,0,False,register_operations_review,public-derived-entity-complete-daily-aggregate
5,2020-09-11,110,96,260.60417,24.8875,22.295104,0.79071228,0.0062375,0,False,register_operations_review,public-derived-entity-complete-daily-aggregate
5,2020-09-12,110,96,244.45833,25.710417,21.089688,0.78497561,0.0059125,0,False,register_operations_review,public-derived-entity-complete-daily-aggregate
5,2020-09-13,110,96,202.52083,25.379167,16.638542,0.80142543,0.0059166667,0.010416667,False,register_operations_review,public-derived-entity-complete-daily-aggregate
5,2020-09-14,110,96,102.47917,23.654167,9.4538542,0.78209214,0.0012291667,0,False,register_operations_review,public-derived-entity-complete-daily-aggregate
5,2020-09-15,110,96,47.75,21.953125,4.42,0.9831827,0,0,False,register_operations_review,public-derived-entity-complete-daily-aggregate
5,2020-09-16,110,96,83.270833,23.004167,7.7305208,0.82173642,0.00064166667,0,False,register_operations_review,public-derived-entity-complete-daily-aggregate
5,2020-09-17,110,96,52.59375,19.876042,5.2277083,0.87039353,0,0,False,register_operations_review,public-derived-entity-complete-daily-aggregate
5,2020-09-18,110,96,261.60417,21.541667,21.685833,0.74362519,0.0012375,0.010416667,False,register_operations_review,public-derived-entity-complete-daily-aggregate
5,2020-09-19,110,96,175.51042,20.989583,16.447292,0.83961861,5.8333333e-05,0,False,register_operations_review,public-derived-entity-complete-daily-aggregate
5,2020-09-20,110,96,39.71875,18.311458,3.6511458,0.85513054,0,0,False,register_operations_review,public-derived-entity-complete-daily-aggregate
5,2020-09-21,110,96,42.46875,17.778125,4.13125,0.90415755,0,0,False,register_operations_review,public-derived-entity-complete-daily-aggregate
5,2020-09-22,110,96,43.15625,17.772917,4.1642708,0.83254212,0,0,False,register_operations_review,public-derived-entity-complete-daily-aggregate
5,2020-09-23,110,96,102.09375,20.007292,10.461354,0.89583124,0,0,False,register_operations_review,public-derived-entity-complete-daily-aggregate
5,2020-09-24,110,96,244.3125,21.938542,20.668229,0.76678445,0.0019833333,0,False,register_operations_review,public-derived-entity-complete-daily-aggregate
5,2020-09-25,110,96,104.34375,22.201042,9.9379167,0.86067176,0.00077916667,0,False,register_operations_review,public-derived-entity-complete-daily-aggregate
5,2020-09-26,110,96,188.98958,23.171875,14.523229,0.68155192,0.0028416667,0,False,register_operations_review,public-derived-entity-complete-daily-aggregate
5,2020-09-27,110,96,222.10417,23.548958,-0.0578125,0.48484848,0.0036,0,False,register_operations_review,public-derived-entity-complete-daily-aggregate
5,2020-09-28,110,96,224.4375,24.222917,18.629271,0.7712632,0.0039166667,0,False,register_operations_review,public-derived-entity-complete-daily-aggregate
5,2020-09-29,110,96,35.8125,21.478125,3.4172917,0.85529231,0,0,False,register_operations_review,public-derived-entity-complete-daily-aggregate
5,2020-09-30,110,96,265.25,23.729167,22.616458,0.75884241,0.0039916667,0,False,register_operations_review,public-derived-entity-complete-daily-aggregate
5,2020-10-01,110,96,231.35417,23.36875,20.499063,0.7929827,0.0039916667,0,False,register_operations_review,public-derived-entity-complete-daily-aggregate
5,2020-10-02,110,96,63,21.888542,5.7197917,0.81563563,0.0004,0,False,register_operations_review,public-derived-entity-complete-daily-aggregate
5,2020-10-03,110,96,30.729167,16.764583,2.8213542,0.72897927,0,0,False,register_operations_review,public-derived-entity-complete-daily-aggregate
5,2020-10-04,110,96,39.635417,15.563542,3.9461458,0.89433638,0,0,False,register_operations_review,public-derived-entity-complete-daily-aggregate
5,2020-10-05,110,96,58.541667,13.9125,5.8694792,0.86824394,0,0,False,register_operations_review,public-derived-entity-complete-daily-aggregate
5,2020-10-06,110,96,40.739583,13.103125,4.0807292,0.90159284,0,0,False,register_operations_review,public-derived-entity-complete-daily-aggregate
5,2020-10-07,110,96,53.947917,14.60625,5.1748958,0.84366618,0,0,False,register_operations_review,public-derived-entity-complete-daily-aggregate
5,2020-10-08,110,96,281.67708,18.642708,24.016563,0.74768227,1.25e-05,0,False,register_operations_review,public-derived-entity-complete-daily-aggregate
5,2020-10-09,110,96,233.95833,19.754167,19.548333,0.77833334,0.00012083333,0,False,register_operations_review,public-derived-entity-complete-daily-aggregate
5,2020-10-10,110,96,272.34375,20.395833,23.285417,0.77568037,0.0010625,0,False,register_operations_review,public-derived-entity-complete-daily-aggregate
5,2020-10-11,110,96,267.07292,20.859375,21.937813,0.74300775,0.001675,0.010416667,False,register_operations_review,public-derived-entity-complete-daily-aggregate
5,2020-10-12,110,96,206.5625,20.678125,17.84875,0.77205139,0.0001,0,False,register_operations_review,public-derived-entity-complete-daily-aggregate
5,2020-10-13,110,96,183.9375,20.753125,15.589062,0.77444427,0.000575,0,False,register_operations_review,public-derived-entity-complete-daily-aggregate
5,2020-10-14,110,96,57.75,18.182292,5.4510417,0.83546369,0,0,False,register_operations_review,public-derived-entity-complete-daily-aggregate
5,2020-10-15,110,96,37.458333,15.980208,3.6523958,0.87368624,0,0,False,register_operations_review,public-derived-entity-complete-daily-aggregate
5,2020-10-16,110,96,60.739583,15.488542,5.8822917,0.86500888,0,0,False,register_operations_review,public-derived-entity-complete-daily-aggregate
5,2020-10-17,110,96,120.97917,15.515625,11.53375,0.83346394,0,0,False,register_operations_review,public-derived-entity-complete-daily-aggregate
5,2020-10-18,110,96,98.270833,15.70625,8.7834375,0.84005817,0,0,False,register_operations_review,public-derived-entity-complete-daily-aggregate
5,2020-10-19,110,96,213.38542,16.208333,18.753021,0.78190232,0,0,False,register_operations_review,public-derived-entity-complete-daily-aggregate
5,2020-10-20,110,96,93.625,15.760417,9.040625,0.86765552,0,0,False,register_operations_review,public-derived-entity-complete-daily-aggregate
5,2020-10-21,110,96,162.64583,16.994792,14.497917,0.82475723,0,0,False,register_operations_review,public-derived-entity-complete-daily-aggregate
5,2020-10-22,110,96,251.80208,17.846875,21.094687,0.75014147,0.00025833333,0,False,register_operations_review,public-derived-entity-complete-daily-aggregate
5,2020-10-23,110,96,249.4375,15.816667,21.022292,0.75830481,0,0,False,register_operations_review,public-derived-entity-complete-daily-aggregate
5,2020-10-24,110,96,160.91667,15.258333,14.284687,0.80654751,0,0,False,register_operations_review,public-derived-entity-complete-daily-aggregate
5,2020-10-25,110,96,194.78125,17.761458,16.975521,0.81327988,0,0,False,register_operations_review,public-derived-entity-complete-daily-aggregate
5,2020-10-26,110,96,124.09375,18.31875,10.870833,0.78094023,0,0,False,register_operations_review,public-derived-entity-complete-daily-aggregate
5,2020-10-27,110,96,165.73958,19.297917,14.123437,0.78320469,0.00015416667,0,False,register_operations_review,public-derived-entity-complete-daily-aggregate
5,2020-10-28,110,96,46.572917,16.6625,4.34875,0.83795948,0,0,False,register_operations_review,public-derived-entity-complete-daily-aggregate
5,2020-10-29,110,96,184.9375,16.975,15.295729,0.75894349,0,0,False,register_operations_review,public-derived-entity-complete-daily-aggregate
5,2020-10-30,110,96,191.64583,17.526042,15.738333,0.76424351,0,0,False,register_operations_review,public-derived-entity-complete-daily-aggregate
5,2020-10-31,110,96,69.708333,17.38125,6.5145833,0.82626341,0,0,False,register_operations_review,public-derived-entity-complete-daily-aggregate
5,2020-11-01,110,96,73.145833,17.861458,6.7355208,0.81849762,0,0,False,register_operations_review,public-derived-entity-complete-daily-aggregate
5,2020-11-02,110,96,232.21875,17.875,19.422292,0.73542596,0,0,False,register_operations_review,public-derived-entity-complete-daily-aggregate
5,2020-11-03,110,96,188.60417,15.420833,15.502187,0.76609775,0,0,False,register_operations_review,public-derived-entity-complete-daily-aggregate
5,2020-11-04,110,96,229.17708,16.579167,19.123437,0.74063679,0,0,False,register_operations_review,public-derived-entity-complete-daily-aggregate
5,2020-11-05,110,96,87.854167,17.648958,8.0132292,0.79686234,0,0,False,register_operations_review,public-derived-entity-complete-daily-aggregate
5,2020-11-06,110,96,176.85417,18.236458,14.574167,0.76726729,0,0,False,register_operations_review,public-derived-entity-complete-daily-aggregate
5,2020-11-07,110,96,229.52083,17.183333,18.731771,0.7120736,0.0001,0,False,register_operations_review,public-derived-entity-complete-daily-aggregate
5,2020-11-08,110,96,242.35417,15.665625,19.793542,0.68582613,0,0,False,register_operations_review,public-derived-entity-complete-daily-aggregate
5,2020-11-09,110,96,217.11458,14.50625,17.744792,0.72040901,0,0,False,register_operations_review,public-derived-entity-complete-daily-aggregate
5,2020-11-10,110,96,228.55208,14.653125,18.556563,0.69811831,0,0,False,register_operations_review,public-derived-entity-complete-daily-aggregate
5,2020-11-11,110,96,234.29167,14.909375,18.976146,0.68812458,0,0,False,register_operations_review,public-derived-entity-complete-daily-aggregate
5,2020-11-12,110,96,243.8125,15.291667,19.355,0.66852474,3.3333333e-05,0,False,register_operations_review,public-derived-entity-complete-daily-aggregate
5,2020-11-13,110,96,240.375,16.598958,19.020312,0.66094106,0.00032916667,0.010416667,False,register_operations_review,public-derived-entity-complete-daily-aggregate
5,2020-11-14,110,96,243.125,14.807292,19.030521,0.6523886,0,0.010416667,False,register_operations_review,public-derived-entity-complete-daily-aggregate
5,2020-11-15,110,96,236.55208,15.158333,18.366667,0.64591349,0,0.010416667,False,register_operations_review,public-derived-entity-complete-daily-aggregate
5,2020-11-16,110,96,145.9375,16.894792,12.235417,0.75889593,0,0.010416667,False,register_operations_review,public-derived-entity-complete-daily-aggregate
5,2020-11-17,110,96,48.75,19.880208,4.5585417,0.84709228,0,0,False,register_operations_review,public-derived-entity-complete-daily-aggregate
5,2020-11-18,110,96,49.520833,20.017708,4.3772917,0.79051152,0.00024166667,0,False,register_operations_review,public-derived-entity-complete-daily-aggregate
5,2020-11-19,110,96,55.447917,14.65625,4.9552083,0.84216873,0,0,False,register_operations_review,public-derived-entity-complete-daily-aggregate
5,2020-11-20,110,96,133.72917,13.361458,11.829792,0.79949124,0,0,False,register_operations_review,public-derived-entity-complete-daily-aggregate
5,2020-11-21,110,96,13.333333,9.2677083,1.080625,0.79143194,0,0,False,register_operations_review,public-derived-entity-complete-daily-aggregate
5,2020-11-22,110,96,24.395833,7.284375,2.355625,0.87165472,0,0,False,register_operations_review,public-derived-entity-complete-daily-aggregate
5,2020-11-23,110,96,15.9375,5.9104167,1.386875,0.83225444,0,0,False,register_operations_review,public-derived-entity-complete-daily-aggregate
5,2020-11-24,110,96,25.489583,5.2072917,2.3827083,0.86749206,0,0,False,register_operations_review,public-derived-entity-complete-daily-aggregate
5,2020-11-25,110,96,17.260417,6.75,1.5196875,0.83269971,0,0,False,register_operations_review,public-derived-entity-complete-daily-aggregate
5,2020-11-26,110,96,35.3125,6.8427083,3.3421875,0.85073014,0,0,False,register_operations_review,public-derived-entity-complete-daily-aggregate
5,2020-11-27,110,96,53.229167,8.125,5.1047917,0.8548293,0,0,False,register_operations_review,public-derived-entity-complete-daily-aggregate
5,2020-11-28,110,96,15.239583,7.5510417,1.430625,0.89041222,0,0,False,register_operations_review,public-derived-entity-complete-daily-aggregate
5,2020-11-29,110,96,160.71875,7.375,14.918333,0.84172901,0,0,False,register_operations_review,public-derived-entity-complete-daily-aggregate
5,2020-11-30,110,96,211.04167,7.2833333,17.906146,0.72596611,0,0.020833333,False,register_operations_review,public-derived-entity-complete-daily-aggregate
5,2020-12-01,110,96,23.104167,6.0760417,2.155625,0.88887552,0,0,False,register_operations_review,public-derived-entity-complete-daily-aggregate
5,2020-12-02,110,96,72.208333,6.7197917,6.5303125,0.82467409,0,0,False,register_operations_review,public-derived-entity-complete-daily-aggregate
5,2020-12-03,110,96,65.041667,6.1145833,6.150625,0.84834904,0,0,False,register_operations_review,public-derived-entity-complete-daily-aggregate
5,2020-12-04,110,96,208.63542,5.7625,18.006562,0.71966014,0,0.03125,False,register_operations_review,public-derived-entity-complete-daily-aggregate
5,2020-12-05,110,96,179.71875,5.5145833,15.480312,0.7547348,0,0.010416667,False,register_operations_review,public-derived-entity-complete-daily-aggregate
5,2020-12-06,110,96,39.541667,5.184375,3.7492708,0.87521308,0,0,False,register_operations_review,public-derived-entity-complete-daily-aggregate
5,2020-12-07,110,96,23.979167,7.05625,2.1809375,0.8221556,0,0,False,register_operations_review,public-derived-entity-complete-daily-aggregate
5,2020-12-08,110,96,29.9375,7.6875,2.82,0.83245031,0,0,False,register_operations_review,public-derived-entity-complete-daily-aggregate
5,2020-12-09,110,96,22.34375,8.475,2.1128125,0.86073996,0,0,False,register_operations_review,public-derived-entity-complete-daily-aggregate
5,2020-12-10,110,96,24.385417,8.4395833,2.2727083,0.82439188,0,0,False,register_operations_review,public-derived-entity-complete-daily-aggregate
5,2020-12-11,110,96,136.32292,8.8947917,12.004271,0.78249229,0,0,False,register_operations_review,public-derived-entity-complete-daily-aggregate
5,2020-12-12,110,96,218.875,8.090625,18.189375,0.6788333,0,0.041666667,False,register_operations_review,public-derived-entity-complete-daily-aggregate
5,2020-12-13,110,96,47.541667,5.1770833,4.0140625,0.81731119,0,0.020833333,False,register_operations_review,public-derived-entity-complete-daily-aggregate
5,2020-12-14,110,96,54.364583,2.2666667,5.3788542,0.88864094,0,0,False,register_operations_review,public-derived-entity-complete-daily-aggregate
5,2020-12-15,110,96,142.98958,2.21875,12.620833,0.75397023,0,0.020833333,False,register_operations_review,public-derived-entity-complete-daily-aggregate
5,2020-12-16,110,96,200.72917,4.1666667,17.309271,0.72693171,0,0.020833333,False,register_operations_review,public-derived-entity-complete-daily-aggregate
5,2020-12-17,110,96,51.947917,5.4291667,5.0446875,0.87747778,0,0,False,register_operations_review,public-derived-entity-complete-daily-aggregate
5,2020-12-18,110,96,42.677083,6.3479167,4.0271875,0.8315574,0,0,False,register_operations_review,public-derived-entity-complete-daily-aggregate
5,2020-12-19,110,96,142.13542,5.3552083,11.980729,0.73584982,0,0,False,register_operations_review,public-derived-entity-complete-daily-aggregate
5,2020-12-20,110,96,184.08333,4.125,15.065521,0.6909008,0,0.010416667,False,register_operations_review,public-derived-entity-complete-daily-aggregate
5,2020-12-21,110,96,218.4375,3.6072917,17.326562,0.6370731,0,0.052083333,False,register_operations_review,public-derived-entity-complete-daily-aggregate
5,2020-12-22,110,96,175.72917,4.6166667,14.890625,0.75058981,0,0,False,register_operations_review,public-derived-entity-complete-daily-aggregate
5,2020-12-23,110,96,108.70833,7.4833333,9.3010417,0.78137507,0,0,False,register_operations_review,public-derived-entity-complete-daily-aggregate
5,2020-12-24,110,96,190.64583,6.7197917,15.109687,0.66165083,0,0.03125,False,register_operations_review,public-derived-entity-complete-daily-aggregate
5,2020-12-25,110,96,164.53125,7.0083333,13.396146,0.73759472,0,0,False,register_operations_review,public-derived-entity-complete-daily-aggregate
5,2020-12-26,110,96,23.239583,8.171875,2.0357292,0.82313441,0,0,False,register_operations_review,public-derived-entity-complete-daily-aggregate
5,2020-12-27,110,96,144.98958,8.8739583,11.765625,0.70378667,0,0,False,register_operations_review,public-derived-entity-complete-daily-aggregate
5,2020-12-28,110,96,155.88542,10.30625,12.670833,0.71736179,0,0,False,register_operations_review,public-derived-entity-complete-daily-aggregate
5,2020-12-29,110,96,8.4583333,2.9770833,0.6734375,0.84827415,0,0,False,register_operations_review,public-derived-entity-complete-daily-aggregate
5,2020-12-30,110,96,231.5625,-1.0520833,21.171563,0.73579346,0,0.0625,False,register_operations_review,public-derived-entity-complete-daily-aggregate
5,2020-12-31,110,96,240.40625,-1.6822917,20.906042,0.69242691,0,0.0625,False,register_operations_review,public-derived-entity-complete-daily-aggregate
6,2019-01-01,35,96,306.50972,13.130417,7.4767014,0.64872248,0,0.020833333,False,register_operations_review,public-derived-entity-complete-daily-aggregate
6,2019-01-02,35,96,312.27083,13.696042,7.5940347,0.65052462,0,0.010416667,False,register_operations_review,public-derived-entity-complete-daily-aggregate
6,2019-01-03,35,96,293.99097,14.328993,7.1397118,0.66127504,0,0.010416667,False,register_operations_review,public-derived-entity-complete-daily-aggregate
6,2019-01-04,35,96,307.39097,14.625208,7.5721667,0.65665157,0,0.010416667,False,register_operations_review,public-derived-entity-complete-daily-aggregate
6,2019-01-05,35,96,325.41007,14.868819,7.7373368,0.636851,0,0.020833333,False,register_operations_review,public-derived-entity-complete-daily-aggregate
6,2019-01-06,35,96,305.58125,15.396042,7.3758056,0.63778419,0,0.020833333,False,register_operations_review,public-derived-entity-complete-daily-aggregate
6,2019-01-07,35,96,309.72847,16.917847,7.4159931,0.63484152,0,0.020833333,False,register_operations_review,public-derived-entity-complete-daily-aggregate
6,2019-01-08,35,96,41.454861,13.875278,1.3972083,0.95140511,0,0,False,register_operations_review,public-derived-entity-complete-daily-aggregate
6,2019-01-09,35,96,304.29167,13.952014,7.3999028,0.65319872,0,0.041666667,False,register_operations_review,public-derived-entity-complete-daily-aggregate
6,2019-01-10,35,96,286.4618,14.590208,7.0662153,0.66964852,0,0.020833333,False,register_operations_review,public-derived-entity-complete-daily-aggregate
6,2019-01-11,35,96,312.9757,14.352778,7.6735764,0.66293717,0,0.020833333,False,register_operations_review,public-derived-entity-complete-daily-aggregate
6,2019-01-12,35,96,318.25139,15.419931,7.8250035,0.6512607,0,0.010416667,False,register_operations_review,public-derived-entity-complete-daily-aggregate
6,2019-01-13,35,96,325.25625,16.382986,7.9275278,0.64365401,0,0.020833333,False,register_operations_review,public-derived-entity-complete-daily-aggregate
6,2019-01-14,35,96,295.30486,16.752986,7.3475209,0.67164163,0,0.020833333,False,register_operations_review,public-derived-entity-complete-daily-aggregate
6,2019-01-15,35,96,295.50833,15.144167,6.8132222,0.63892745,0,0.0625,False,register_operations_review,public-derived-entity-complete-daily-aggregate
6,2019-01-16,35,96,321.69757,13.745055,7.9224271,0.66550175,0,0.010416667,False,register_operations_review,public-derived-entity-complete-daily-aggregate
6,2019-01-17,35,96,318.08125,12.83563,7.8322152,0.66362056,0,0.010416667,False,register_operations_review,public-derived-entity-complete-daily-aggregate
6,2019-01-18,35,96,320.20834,15.332004,7.839868,0.65954889,0,0.010416667,False,register_operations_review,public-derived-entity-complete-daily-aggregate
6,2019-01-19,35,96,328.26667,16.202431,7.9827777,0.65720719,0,0.010416667,False,register_operations_review,public-derived-entity-complete-daily-aggregate
6,2019-01-20,35,96,324.67361,15.162604,7.9969931,0.66530318,0,0.010416667,False,register_operations_review,public-derived-entity-complete-daily-aggregate
6,2019-01-21,35,96,303.05486,13.998993,7.5223438,0.65743719,0,0,False,register_operations_review,public-derived-entity-complete-daily-aggregate
6,2019-01-22,35,96,301.54201,14.744028,7.3319063,0.65497501,0,0.010416667,False,register_operations_review,public-derived-entity-complete-daily-aggregate
6,2019-01-23,35,96,315.30833,16.297188,7.7074826,0.65191154,0,0.010416667,False,register_operations_review,public-derived-entity-complete-daily-aggregate
6,2019-01-24,35,96,331.65035,16.697396,8.0279618,0.65689865,0,0.010416667,False,register_operations_review,public-derived-entity-complete-daily-aggregate
6,2019-01-25,35,96,333.75139,17.039236,8.0431979,0.6560608,0,0.010416667,False,register_operations_review,public-derived-entity-complete-daily-aggregate
6,2019-01-26,35,96,324.72847,17.395417,7.9819722,0.66916231,0,0,False,register_operations_review,public-derived-entity-complete-daily-aggregate
6,2019-01-27,35,96,321.78264,17.766042,7.8903889,0.67198965,0,0,False,register_operations_review,public-derived-entity-complete-daily-aggregate
6,2019-01-28,35,96,317.66597,17.832014,7.8356181,0.67750456,0,0,False,register_operations_review,public-derived-entity-complete-daily-aggregate
6,2019-01-29,35,96,197.51389,16.834375,5.1013959,0.72604565,0,0,False,register_operations_review,public-derived-entity-complete-daily-aggregate
6,2019-01-30,35,96,195.27639,14.63993,5.3121424,0.79030921,0,0,False,register_operations_review,public-derived-entity-complete-daily-aggregate
6,2019-01-31,35,96,339.93125,13.370833,8.4268438,0.66727343,0,0,False,register_operations_review,public-derived-entity-complete-daily-aggregate
6,2019-02-01,35,96,337.98854,16.692708,8.2718125,0.67099183,0,0,False,register_operations_review,public-derived-entity-complete-daily-aggregate
6,2019-02-02,35,96,343.83021,18.246215,8.3721459,0.66425477,0,0,False,register_operations_review,public-derived-entity-complete-daily-aggregate
6,2019-02-03,35,96,353.99549,17.751319,8.4587604,0.65438528,0,0,False,register_operations_review,public-derived-entity-complete-daily-aggregate
6,2019-02-04,35,96,353.78611,16.858889,8.5193681,0.6594167,0,0,False,register_operations_review,public-derived-entity-complete-daily-aggregate
6,2019-02-05,35,96,351.23924,17.1925,8.4360139,0.64566639,0,0,False,register_operations_review,public-derived-entity-complete-daily-aggregate
6,2019-02-06,35,96,350.20104,18.04684,8.5207777,0.65190967,0,0,False,register_operations_review,public-derived-entity-complete-daily-aggregate
6,2019-02-07,35,96,352.29722,18.511875,8.5375348,0.64498669,0,0,False,register_operations_review,public-derived-entity-complete-daily-aggregate
6,2019-02-08,35,96,344.32292,20.564931,8.2821458,0.64037079,0.0014636111,0,False,register_operations_review,public-derived-entity-complete-daily-aggregate
6,2019-02-09,35,96,311.98819,20.781458,7.7000834,0.67468036,0.00099861112,0,False,register_operations_review,public-derived-entity-complete-daily-aggregate
6,2019-02-10,35,96,292.26806,20.345972,7.3286319,0.68525874,3.4722208e-05,0,False,register_operations_review,public-derived-entity-complete-daily-aggregate
6,2019-02-11,35,96,332.58542,19.681944,8.1662361,0.66324144,5e-06,0,False,register_operations_review,public-derived-entity-complete-daily-aggregate
6,2019-02-12,35,96,342.72361,19.936597,8.4377292,0.66237869,0.00018722229,0,False,register_operations_review,public-derived-entity-complete-daily-aggregate
6,2019-02-13,35,96,350.70347,20.028819,8.5877083,0.6655719,8.5833292e-05,0,False,register_operations_review,public-derived-entity-complete-daily-aggregate
6,2019-02-14,35,96,339.99306,19.677986,8.4321944,0.67123336,6.7777792e-05,0,False,register_operations_review,public-derived-entity-complete-daily-aggregate
6,2019-02-15,35,96,339.40278,20.064271,8.5445556,0.67795698,0.00036861113,0,False,register_operations_review,public-derived-entity-complete-daily-aggregate
6,2019-02-16,35,96,321.62986,20.38493,8.1217917,0.69268591,0.00024749996,0,False,register_operations_review,public-derived-entity-complete-daily-aggregate
6,2019-02-17,35,96,148.40764,15.642986,4.1019375,0.82862711,0,0,False,register_operations_review,public-derived-entity-complete-daily-aggregate
6,2019-02-18,35,96,338.92118,15.05184,8.5542291,0.71531673,0,0,False,register_operations_review,public-derived-entity-complete-daily-aggregate
6,2019-02-19,35,96,286.37535,16.046528,7.457875,0.73008486,0,0,False,register_operations_review,public-derived-entity-complete-daily-aggregate
6,2019-02-20,35,96,221.42222,15.981528,5.9452986,0.77923339,0,0,False,register_operations_review,public-derived-entity-complete-daily-aggregate
6,2019-02-21,35,96,343.91701,17.070347,8.6518958,0.69207957,0,0,False,register_operations_review,public-derived-entity-complete-daily-aggregate
6,2019-02-22,35,96,252.68889,16.902847,6.5566944,0.74374015,0,0,False,register_operations_review,public-derived-entity-complete-daily-aggregate
6,2019-02-23,35,96,253.08542,17.111806,6.5261319,0.74897063,0,0,False,register_operations_review,public-derived-entity-complete-daily-aggregate
6,2019-02-24,35,96,326.27431,19.412118,8.2415555,0.69846226,0.00020027783,0,False,register_operations_review,public-derived-entity-complete-daily-aggregate
6,2019-02-25,35,96,298.74375,19.683958,7.647566,0.73432101,3.8889167e-06,0,False,register_operations_review,public-derived-entity-complete-daily-aggregate
6,2019-02-26,35,96,269.33472,16.877014,7.0572222,0.77318644,0,0,False,register_operations_review,public-derived-entity-complete-daily-aggregate
6,2019-02-27,35,96,298.21736,16.284444,7.6867778,0.7445379,0,0,False,register_operations_review,public-derived-entity-complete-daily-aggregate
6,2019-02-28,35,96,230.63889,16.043056,6.3484028,0.79190709,0,0,False,register_operations_review,public-derived-entity-complete-daily-aggregate
6,2019-03-01,35,96,269.65,16.917222,7.0837986,0.75334026,0,0,False,register_operations_review,public-derived-entity-complete-daily-aggregate
6,2019-03-02,35,96,347.61458,16.189653,8.8045417,0.71308927,0,0,False,register_operations_review,public-derived-entity-complete-daily-aggregate
6,2019-03-03,35,96,295.54097,16.735694,7.7109653,0.75467799,0,0,False,register_operations_review,public-derived-entity-complete-daily-aggregate
6,2019-03-04,35,96,144.35,18.188472,4.1243056,0.81790576,0,0,False,register_operations_review,public-derived-entity-complete-daily-aggregate
6,2019-03-05,35,96,299.52708,17.507222,7.6691805,0.73503343,0,0,False,register_operations_review,public-derived-entity-complete-daily-aggregate
6,2019-03-06,35,96,289.425,16.657083,7.4687083,0.73137529,0,0,False,register_operations_review,public-derived-entity-complete-daily-aggregate
6,2019-03-07,35,96,188.38194,16.112847,5.3130347,0.80120556,0,0,False,register_operations_review,public-derived-entity-complete-daily-aggregate
6,2019-03-08,35,96,336.10625,17.511181,8.5400486,0.72082961,0,0,False,register_operations_review,public-derived-entity-complete-daily-aggregate
6,2019-03-09,35,96,276.98472,17.672569,7.0641111,0.7437026,0,0,False,register_operations_review,public-derived-entity-complete-daily-aggregate
6,2019-03-10,35,96,323.81667,17.071806,8.3126041,0.73565679,0,0,False,register_operations_review,public-derived-entity-complete-daily-aggregate
6,2019-03-11,35,96,339.40903,17.54,8.5249375,0.71725271,0,0,False,register_operations_review,public-derived-entity-complete-daily-aggregate
6,2019-03-12,35,96,314.94097,18.790069,8.1059722,0.7415523,0,0,False,register_operations_review,public-derived-entity-complete-daily-aggregate
6,2019-03-13,35,96,330.74028,20.284097,8.3791944,0.72158223,0.000618611,0,False,register_operations_review,public-derived-entity-complete-daily-aggregate
6,2019-03-14,35,96,246.69097,19.241007,6.6391528,0.76651212,0,0,False,register_operations_review,public-derived-entity-complete-daily-aggregate
6,2019-03-15,35,96,289.16667,20.506181,7.4961667,0.74617677,0.00021972229,0,False,register_operations_review,public-derived-entity-complete-daily-aggregate
6,2019-03-16,35,96,297.32569,21.047902,7.6205485,0.73947601,0.0015974999,0,False,register_operations_review,public-derived-entity-complete-daily-aggregate
6,2019-03-17,35,96,312.07639,21.596771,8.0550695,0.74177348,0.0010688888,0,False,register_operations_review,public-derived-entity-complete-daily-aggregate
6,2019-03-18,35,96,338.08889,21.810726,8.5394791,0.7278505,0.0017441666,0,False,register_operations_review,public-derived-entity-complete-daily-aggregate
6,2019-03-19,35,96,204.98403,19.700625,5.5862361,0.80193444,0,0,False,register_operations_review,public-derived-entity-complete-daily-aggregate
6,2019-03-20,35,96,243.675,18.48221,6.5478125,0.80770095,0,0,False,register_operations_review,public-derived-entity-complete-daily-aggregate
6,2019-03-21,35,96,320.73611,19.452059,8.3344375,0.75172976,0.00019361117,0,False,register_operations_review,public-derived-entity-complete-daily-aggregate
6,2019-03-22,35,96,333.7882,20.37059,8.5976528,0.75799542,0.00054166663,0,False,register_operations_review,public-derived-entity-complete-daily-aggregate
6,2019-03-23,35,96,247.20069,20.092024,6.5119514,0.77037757,6.6388917e-05,0,False,register_operations_review,public-derived-entity-complete-daily-aggregate
6,2019-03-24,35,96,316.96944,20.632535,8.1933473,0.75845981,0.00081944446,0,False,register_operations_review,public-derived-entity-complete-daily-aggregate
6,2019-03-25,35,96,322.31944,22.222869,8.3277291,0.75361241,0.0020811112,0,False,register_operations_review,public-derived-entity-complete-daily-aggregate
6,2019-03-26,35,96,340.38125,23.81816,8.7329375,0.74794938,0.0046225001,0,False,register_operations_review,public-derived-entity-complete-daily-aggregate
6,2019-03-27,35,96,199.52778,21.851493,5.4841181,0.80654357,0.0010036111,0,False,register_operations_review,public-derived-entity-complete-daily-aggregate
6,2019-03-28,35,96,306.37292,18.921389,7.986375,0.76451792,3.3333333e-06,0,False,register_operations_review,public-derived-entity-complete-daily-aggregate
6,2019-03-29,35,96,346.00134,20.239995,8.8942292,0.75465384,0.002209008,0,False,register_operations_review,public-derived-entity-complete-daily-aggregate
6,2019-03-30,35,96,341.48294,23.42067,8.7614514,0.76231261,0.0038422617,0,False,register_operations_review,public-derived-entity-complete-daily-aggregate
6,2019-03-31,35,96,302.41597,23.84315,7.8161527,0.77309589,0.0037136113,0,False,register_operations_review,public-derived-entity-complete-daily-aggregate
6,2019-04-01,35,96,160.4941,21.082862,4.4002153,0.81888855,0,0,False,register_operations_review,public-derived-entity-complete-daily-aggregate
6,2019-04-02,35,96,228.71111,20.380679,6.2130347,0.7919247,3.777775e-05,0,False,register_operations_review,public-derived-entity-complete-daily-aggregate
6,2019-04-03,35,96,114.87569,16.631308,3.4277897,0.86458896,0,0,False,register_operations_review,public-derived-entity-complete-daily-aggregate
6,2019-04-04,35,96,342.74891,17.757321,8.9172083,0.73553075,2.6944417e-05,0,False,register_operations_review,public-derived-entity-complete-daily-aggregate
6,2019-04-05,35,96,210.50794,18.448209,5.8036597,0.87082245,0,0,False,register_operations_review,public-derived-entity-complete-daily-aggregate
6,2019-04-06,35,96,337.5061,18.131026,8.8894722,0.79921043,0.00038444446,0,False,register_operations_review,public-derived-entity-complete-daily-aggregate
6,2019-04-07,35,96,338.38819,22.396592,8.831757,0.78043185,0.0037630556,0,False,register_operations_review,public-derived-entity-complete-daily-aggregate
6,2019-04-08,35,96,221.05417,21.999201,6.047625,0.80835645,0.00016611108,0,False,register_operations_review,public-derived-entity-complete-daily-aggregate
6,2019-04-09,35,96,327.71805,22.497222,8.4984027,0.75448284,0.0024775001,0,False,register_operations_review,public-derived-entity-complete-daily-aggregate
6,2019-04-10,35,96,301.19792,23.074797,7.9211111,0.78059997,0.0026872223,0,False,register_operations_review,public-derived-entity-complete-daily-aggregate
6,2019-04-11,35,96,341.5625,23.289271,8.8290208,0.7607182,0.0037572222,0,False,register_operations_review,public-derived-entity-complete-daily-aggregate
6,2019-04-12,35,96,343.5252,25.123313,8.8584444,0.76884493,0.008270476,0,False,register_operations_review,public-derived-entity-complete-daily-aggregate
6,2019-04-13,35,96,339.03334,26.030749,8.7508541,0.76910794,0.0088752183,0,False,register_operations_review,public-derived-entity-complete-daily-aggregate
6,2019-04-14,35,96,216.3875,25.640851,6.0780417,0.81508496,0.0058859028,0,False,register_operations_review,public-derived-entity-complete-daily-aggregate
6,2019-04-15,35,96,285.10833,24.838542,7.3435625,0.74595805,0.0057583334,0,False,register_operations_review,public-derived-entity-complete-daily-aggregate
6,2019-04-16,35,96,240.01528,22.164132,6.4798194,0.78295432,0.0017361111,0,False,register_operations_review,public-derived-entity-complete-daily-aggregate
6,2019-04-17,35,96,329.06898,24.135216,8.5435868,0.76872169,0.0076980557,0,False,register_operations_review,public-derived-entity-complete-daily-aggregate
6,2019-04-18,35,96,323.55937,26.019236,8.4545874,0.75664988,0.0087544445,0,False,register_operations_review,public-derived-entity-complete-daily-aggregate
6,2019-04-19,35,96,333.43189,26.457693,8.669493,0.76338578,0.0096704963,0,False,register_operations_review,public-derived-entity-complete-daily-aggregate
6,2019-04-20,35,96,336.22714,26.493259,8.7075417,0.77060781,0.0098694248,0,False,register_operations_review,public-derived-entity-complete-daily-aggregate
6,2019-04-21,35,96,266.7875,24.863438,7.1070069,0.7767419,0.0043756945,0,False,register_operations_review,public-derived-entity-complete-daily-aggregate
6,2019-04-22,35,96,309.81185,25.210188,8.1622517,0.76103928,0.0071190871,0,False,register_operations_review,public-derived-entity-complete-daily-aggregate
6,2019-04-23,35,96,312.58264,26.625719,8.2730555,0.78088113,0.0090855555,0,False,register_operations_review,public-derived-entity-complete-daily-aggregate
6,2019-04-24,35,96,324.98195,26.091458,8.4631598,0.78102679,0.0086297223,0,False,register_operations_review,public-derived-entity-complete-daily-aggregate
6,2019-04-25,35,96,310.75208,26.269816,8.0769444,0.75812595,0.0086439882,0,False,register_operations_review,public-derived-entity-complete-daily-aggregate
6,2019-04-26,35,96,313.83611,26.59936,8.1362361,0.74847273,0.011108056,0,False,register_operations_review,public-derived-entity-complete-daily-aggregate
6,2019-04-27,35,96,316.55352,27.991751,8.2059584,0.74783671,0.013601448,0,False,register_operations_review,public-derived-entity-complete-daily-aggregate
6,2019-04-28,35,96,265.10625,26.532187,7.0459583,0.74421948,0.0077898609,0,False,register_operations_review,public-derived-entity-complete-daily-aggregate
6,2019-04-29,35,96,194.52431,24.365226,3.4082847,0.66932585,0.0039136112,0.11458333,False,register_operations_review,public-derived-entity-complete-daily-aggregate
6,2019-04-30,35,96,193.66319,20.857426,5.5227569,0.798898,0.00011999992,0,False,register_operations_review,public-derived-entity-complete-daily-aggregate
6,2019-05-01,35,96,221.84861,21.528846,6.1424444,0.79122803,0.002526389,0,False,register_operations_review,public-derived-entity-complete-daily-aggregate
6,2019-05-02,35,96,238.52708,24.398125,6.422875,0.77841522,0.0039874999,0,False,register_operations_review,public-derived-entity-complete-daily-aggregate
6,2019-05-03,35,96,290.8814,27.085355,7.6572361,0.74451773,0.011527103,0,False,register_operations_review,public-derived-entity-complete-daily-aggregate
6,2019-05-04,35,96,228.74995,27.641828,6.1654514,0.75925893,0.012802589,0,False,register_operations_review,public-derived-entity-complete-daily-aggregate
6,2019-05-05,35,96,195.89896,26.58238,5.2427882,0.76242513,0.0077450758,0,False,register_operations_review,public-derived-entity-complete-daily-aggregate
6,2019-05-06,35,96,273.40874,27.032141,7.2689637,0.77859423,0.011144398,0,False,register_operations_review,public-derived-entity-complete-daily-aggregate
6,2019-05-07,35,96,310.93055,27.410417,8.2635625,0.74132424,0.011375556,0,False,register_operations_review,public-derived-entity-complete-daily-aggregate
6,2019-05-08,35,96,271.83253,27.078138,7.2830865,0.77612769,0.010260053,0,False,register_operations_review,public-derived-entity-complete-daily-aggregate
6,2019-05-09,35,96,222.13333,25.972396,6.0062569,0.79191761,0.0063593055,0,False,register_operations_review,public-derived-entity-complete-daily-aggregate
6,2019-05-10,35,96,253.47594,25.182039,6.9470625,0.77431719,0.0073795437,0,False,register_operations_review,public-derived-entity-complete-daily-aggregate
6,2019-05-11,35,96,259.34013,26.781647,7.0916111,0.77209119,0.010170476,0,False,register_operations_review,public-derived-entity-complete-daily-aggregate
6,2019-05-12,35,96,267.52847,28.124206,7.2526805,0.76175839,0.013722103,0,False,register_operations_review,public-derived-entity-complete-daily-aggregate
6,2019-05-13,35,96,273.8375,28.208924,7.4067361,0.77120523,0.013691528,0,False,register_operations_review,public-derived-entity-complete-daily-aggregate
6,2019-05-14,35,96,296.15139,27.912008,8.0191598,0.78471098,0.013524419,0,False,register_operations_review,public-derived-entity-complete-daily-aggregate
6,2019-05-15,35,96,265.39792,28.158452,7.1501875,0.74999762,0.013501587,0,False,register_operations_review,public-derived-entity-complete-daily-aggregate
6,2019-05-16,35,96,289.94375,28.554777,5.269507,0.5286989,0.015706051,0,False,register_operations_review,public-derived-entity-complete-daily-aggregate
6,2019-05-17,35,96,281.8941,28.803576,2.4905764,0.23756658,0.01607875,0.16666667,False,register_operations_review,public-derived-entity-complete-daily-aggregate
6,2019-05-18,35,96,293.09291,29.053502,3.6772986,0.3896926,0.016629842,0.14583333,False,register_operations_review,public-derived-entity-complete-daily-aggregate
6,2019-05-19,35,96,294.8243,29.348403,7.8194027,0.73082675,0.018324723,0,False,register_operations_review,public-derived-entity-complete-daily-aggregate
6,2019-05-20,35,96,294.93611,30.248398,7.7432569,0.72168857,0.021067758,0,False,register_operations_review,public-derived-entity-complete-daily-aggregate
6,2019-05-21,35,96,293.34444,29.313815,7.9202778,0.75365493,0.017488869,0,False,register_operations_review,public-derived-entity-complete-daily-aggregate
6,2019-05-22,35,96,264.05278,25.918085,7.3403819,0.79917388,0.00804,0,False,register_operations_review,public-derived-entity-complete-daily-aggregate
6,2019-05-23,35,96,288.17431,27.565605,7.9578542,0.79475422,0.013776032,0,False,register_operations_review,public-derived-entity-complete-daily-aggregate
6,2019-05-24,35,96,245.8246,27.666567,6.9038889,0.81259979,0.011448492,0,False,register_operations_review,public-derived-entity-complete-daily-aggregate
6,2019-05-25,35,96,275.87048,27.49068,7.7335972,0.81749086,0.01247383,0,False,register_operations_review,public-derived-entity-complete-daily-aggregate
6,2019-05-26,35,96,285.18472,27.95,7.7659722,0.78007252,0.013053334,0,False,register_operations_review,public-derived-entity-complete-daily-aggregate
6,2019-05-27,35,96,190.40625,25.301255,5.4490764,0.82402384,0.0055716866,0,False,register_operations_review,public-derived-entity-complete-daily-aggregate
6,2019-05-28,35,96,265.61875,23.581528,7.2409931,0.78057904,0.0049716667,0,False,register_operations_review,public-derived-entity-complete-daily-aggregate
6,2019-05-29,35,96,269.71458,27.982346,7.5539861,0.80894302,0.014570278,0,False,register_operations_review,public-derived-entity-complete-daily-aggregate
6,2019-05-30,35,96,278.81389,27.877118,7.7010278,0.78929604,0.012505139,0,False,register_operations_review,public-derived-entity-complete-daily-aggregate
6,2019-05-31,35,96,261.58279,23.369678,7.4139097,0.80812468,0.0030982933,0,False,register_operations_review,public-derived-entity-complete-daily-aggregate
6,2019-06-01,35,96,41.258681,18.193993,1.3355694,0.89138655,0,0,False,register_operations_review,public-derived-entity-complete-daily-aggregate
6,2019-06-02,35,96,288.01806,21.211979,8.2191667,0.81592087,0.0037299999,0,False,register_operations_review,public-derived-entity-complete-daily-aggregate
6,2019-06-03,35,96,290.33333,26.844167,8.1668888,0.80179412,0.011917223,0,False,register_operations_review,public-derived-entity-complete-daily-aggregate
6,2019-06-04,35,96,240.08542,27.191701,6.9088472,0.82011378,0.0097901387,0,False,register_operations_review,public-derived-entity-complete-daily-aggregate
6,2019-06-05,35,96,288.1625,28.110729,8.0525625,0.79464012,0.014423472,0,False,register_operations_review,public-derived-entity-complete-daily-aggregate
6,2019-06-06,35,96,269.36299,28.818548,7.4635625,0.78718409,0.015954468,0,False,register_operations_review,public-derived-entity-complete-daily-aggregate
6,2019-06-07,35,96,279.88566,29.349712,7.7574375,0.77077591,0.017731627,0,False,register_operations_review,public-derived-entity-complete-daily-aggregate
6,2019-06-08,35,96,255.57748,28.914469,7.1449515,0.77578512,0.01625121,0,False,register_operations_review,public-derived-entity-complete-daily-aggregate
6,2019-06-09,35,96,284.23403,28.530555,7.8682153,0.77337275,0.015410278,0,False,register_operations_review,public-derived-entity-complete-daily-aggregate
6,2019-06-10,35,96,275.69028,28.574637,7.5292778,0.77733518,0.01505327,0,False,register_operations_review,public-derived-entity-complete-daily-aggregate
6,2019-06-11,35,96,286.46667,30.347691,7.8199583,0.77832664,0.021442987,0,False,register_operations_review,public-derived-entity-complete-daily-aggregate
6,2019-06-12,35,96,283.15625,30.208428,7.6818333,0.78416697,0.020930934,0,False,register_operations_review,public-derived-entity-complete-daily-aggregate
6,2019-06-13,35,96,92.231249,22.058472,2.8856319,0.87635237,4.5833333e-05,0,False,register_operations_review,public-derived-entity-complete-daily-aggregate
6,2019-06-14,35,96,177.2879,24.62058,5.0614097,0.83819779,0.0032147222,0,False,register_operations_review,public-derived-entity-complete-daily-aggregate
6,2019-06-15,35,96,218.22431,27.507949,6.2903055,0.83344669,0.011769572,0,False,register_operations_review,public-derived-entity-complete-daily-aggregate
6,2019-06-16,35,96,170.15208,26.765347,5.0189653,0.82592717,0.0098319444,0,False,register_operations_review,public-derived-entity-complete-daily-aggregate
6,2019-06-17,35,96,264.08542,26.044906,7.3291597,0.79722851,0.011761111,0,False,register_operations_review,public-derived-entity-complete-daily-aggregate
6,2019-06-18,35,96,229.80139,28.700407,6.4617014,0.81714368,0.015000516,0,False,register_operations_review,public-derived-entity-complete-daily-aggregate
6,2019-06-19,35,96,207.45695,26.712882,5.871243,0.82015551,0.0077231944,0,False,register_operations_review,public-derived-entity-complete-daily-aggregate
6,2019-06-20,35,96,280.65139,28.303958,7.9038402,0.78862571,0.015545833,0,False,register_operations_review,public-derived-entity-complete-daily-aggregate
6,2019-06-21,35,96,279.2054,29.735729,7.8425486,0.7951054,0.019772917,0,False,register_operations_review,public-derived-entity-complete-daily-aggregate
6,2019-06-22,35,96,272.07738,30.324891,7.6572084,0.80018707,0.021506508,0,False,register_operations_review,public-derived-entity-complete-daily-aggregate
6,2019-06-23,35,96,92.759722,23.535139,2.8561597,0.85129827,0.0015394444,0,False,register_operations_review,public-derived-entity-complete-daily-aggregate
6,2019-06-24,35,96,146.775,23.822708,4.5118889,0.83223173,0.0040761111,0,False,register_operations_review,public-derived-entity-complete-daily-aggregate
6,2019-06-25,35,96,55.18125,20.492917,1.7642708,0.88017113,0,0,False,register_operations_review,public-derived-entity-complete-daily-aggregate
6,2019-06-26,35,96,129.37778,22.436818,3.8451944,0.81979675,0.0013402778,0,False,register_operations_review,public-derived-entity-complete-daily-aggregate
6,2019-06-27,35,96,281.69931,27.489479,7.9308542,0.81368759,0.012253194,0,False,register_operations_review,public-derived-entity-complete-daily-aggregate
6,2019-06-28,35,96,262.51181,28.31566,7.533493,0.83937494,0.014564028,0,False,register_operations_review,public-derived-entity-complete-daily-aggregate
6,2019-06-29,35,96,221.22981,25.231647,6.2655209,0.78542907,0.0033335318,0,False,register_operations_review,public-derived-entity-complete-daily-aggregate
6,2019-06-30,35,96,76.086806,18.778735,2.4446111,0.89675118,0,0,False,register_operations_review,public-derived-entity-complete-daily-aggregate
6,2019-07-01,35,96,240.72778,22.927062,6.8266389,0.81916018,0.0033397223,0,False,register_operations_review,public-derived-entity-complete-daily-aggregate
6,2019-07-02,35,96,278.10555,26.840154,7.7524097,0.81578781,0.0108125,0,False,register_operations_review,public-derived-entity-complete-daily-aggregate
6,2019-07-03,35,96,176.10417,26.801875,5.1329444,0.83374945,0.0079141665,0,False,register_operations_review,public-derived-entity-complete-daily-aggregate
6,2019-07-04,35,96,65.45,20.923244,2.0812153,0.89245913,0,0,False,register_operations_review,public-derived-entity-complete-daily-aggregate
6,2019-07-05,35,96,158.41131,21.369338,4.8139653,0.8342997,2.25e-05,0,False,register_operations_review,public-derived-entity-complete-daily-aggregate
6,2019-07-06,35,96,139.06414,21.236384,4.0879444,0.83441477,0,0,False,register_operations_review,public-derived-entity-complete-daily-aggregate
6,2019-07-07,35,96,189.79445,23.641503,5.5713889,0.8401901,0.0046291666,0,False,register_operations_review,public-derived-entity-complete-daily-aggregate
6,2019-07-08,35,96,207.59792,25.630888,6.0182639,0.82124916,0.0067891073,0,False,register_operations_review,public-derived-entity-complete-daily-aggregate
6,2019-07-09,35,96,81.675695,19.282059,2.8419028,0.9532318,0,0,False,register_operations_review,public-derived-entity-complete-daily-aggregate
6,2019-07-10,35,96,71.513194,19.257842,2.3418542,0.91207351,0,0,False,register_operations_review,public-derived-entity-complete-daily-aggregate
6,2019-07-11,35,96,185.65625,21.976042,5.363993,0.82726343,0.00073666671,0,False,register_operations_review,public-derived-entity-complete-daily-aggregate
6,2019-07-12,35,96,188.00625,23.465695,5.556993,0.87742167,0.0012352779,0,False,register_operations_review,public-derived-entity-complete-daily-aggregate
6,2019-07-13,35,96,116.38269,21.778294,3.5990347,0.85413917,0,0,False,register_operations_review,public-derived-entity-complete-daily-aggregate
6,2019-07-14,35,96,182.12014,21.54434,5.3885764,0.82505189,0.00075861096,0,False,register_operations_review,public-derived-entity-complete-daily-aggregate
6,2019-07-15,35,96,256.60208,25.661493,7.1013264,0.78214808,0.0072927775,0,False,register_operations_review,public-derived-entity-complete-daily-aggregate
6,2019-07-16,35,96,241.54931,26.959722,6.8043889,0.80684169,0.0089988886,0,False,register_operations_review,public-derived-entity-complete-daily-aggregate
6,2019-07-17,35,96,252.30764,26.786076,6.9940278,0.81852128,0.0092629166,0,False,register_operations_review,public-derived-entity-complete-daily-aggregate
6,2019-07-18,35,96,275.81389,28.203996,7.7004098,0.8086494,0.013345985,0,False,register_operations_review,public-derived-entity-complete-daily-aggregate
6,2019-07-19,35,96,87.720933,22.113234,2.8680416,0.91702678,0.0012750001,0,False,register_operations_review,public-derived-entity-complete-daily-aggregate
6,2019-07-20,35,96,97.870833,21.685377,3.1190764,0.89104157,1.5833333e-05,0,False,register_operations_review,public-derived-entity-complete-daily-aggregate
6,2019-07-21,35,96,201.41528,22.934901,6.1099514,0.87602979,0.0018233332,0,False,register_operations_review,public-derived-entity-complete-daily-aggregate
6,2019-07-22,35,96,115.25972,23.748204,3.4970833,0.85864687,0.0014699999,0,False,register_operations_review,public-derived-entity-complete-daily-aggregate
6,2019-07-23,35,96,84.489583,20.621736,2.9779444,1.0157304,0,0,False,register_operations_review,public-derived-entity-complete-daily-aggregate
6,2019-07-24,35,96,169.23889,22.085556,5.1030347,0.87015489,0.000803611,0,False,register_operations_review,public-derived-entity-complete-daily-aggregate
6,2019-07-25,35,96,126.73056,21.526111,3.9787431,0.88228789,8.3611167e-05,0,False,register_operations_review,public-derived-entity-complete-daily-aggregate
6,2019-07-26,35,96,200.85987,22.231652,5.8326319,0.85917584,0.0012298612,0,False,register_operations_review,public-derived-entity-complete-daily-aggregate
6,2019-07-27,35,96,237.08522,24.873394,6.607507,0.82216468,0.0052518455,0,False,register_operations_review,public-derived-entity-complete-daily-aggregate
6,2019-07-28,35,96,279.87153,27.041806,7.8067986,0.8070522,0.0099375001,0,False,register_operations_review,public-derived-entity-complete-daily-aggregate
6,2019-07-29,35,96,74.813194,23.457188,2.4575903,0.92211677,0.000772639,0,False,register_operations_review,public-derived-entity-complete-daily-aggregate
6,2019-07-30,35,96,88.619444,21.070278,2.968868,0.93138669,0,0,False,register_operations_review,public-derived-entity-complete-daily-aggregate
6,2019-07-31,35,96,165.66875,21.172622,5.0705208,0.89442752,0.00025888892,0,False,register_operations_review,public-derived-entity-complete-daily-aggregate
6,2019-08-01,35,96,206.76945,21.980451,5.9995764,0.8352224,0.001631389,0,False,register_operations_review,public-derived-entity-complete-daily-aggregate
6,2019-08-02,35,96,279.90863,25.156116,7.6847708,0.80903739,0.0064310515,0,False,register_operations_review,public-derived-entity-complete-daily-aggregate
6,2019-08-03,35,96,45.384624,21.56222,1.535,0.94292876,0,0,False,register_operations_review,public-derived-entity-complete-daily-aggregate
6,2019-08-04,35,96,158.55347,22.373194,5.272257,0.93811946,0.0017202778,0,False,register_operations_review,public-derived-entity-complete-daily-aggregate
6,2019-08-05,35,96,169.72292,22.660625,5.2415902,0.89156243,0.00167,0,False,register_operations_review,public-derived-entity-complete-daily-aggregate
6,2019-08-06,35,96,275.35972,25.361875,7.3655208,0.79297766,0.0059694445,0,False,register_operations_review,public-derived-entity-complete-daily-aggregate
6,2019-08-07,35,96,80.925694,20.711864,2.5127917,0.8964178,0,0,False,register_operations_review,public-derived-entity-complete-daily-aggregate
6,2019-08-08,35,96,246.49514,22.85964,6.6561041,0.80285174,0.0032319442,0,False,register_operations_review,public-derived-entity-complete-daily-aggregate
6,2019-08-09,35,96,103.37862,21.577867,3.2938403,0.98209856,5.2916667e-05,0,False,register_operations_review,public-derived-entity-complete-daily-aggregate
6,2019-08-10,35,96,267.36816,23.799534,7.2468542,0.79442944,0.0048153572,0,False,register_operations_review,public-derived-entity-complete-daily-aggregate
6,2019-08-11,35,96,311.93125,26.520215,8.2663542,0.79452859,0.009608081,0,False,register_operations_review,public-derived-entity-complete-daily-aggregate
6,2019-08-12,35,96,307.73125,26.827618,8.1851111,0.81375502,0.010794359,0,False,register_operations_review,public-derived-entity-complete-daily-aggregate
6,2019-08-13,35,96,309.91459,27.429668,8.2004236,0.79348926,0.011427559,0,False,register_operations_review,public-derived-entity-complete-daily-aggregate
6,2019-08-14,35,96,150.86528,22.502361,4.5245208,0.87851778,0.0011269445,0,False,register_operations_review,public-derived-entity-complete-daily-aggregate
6,2019-08-15,35,96,313.05278,24.369062,8.308125,0.79017032,0.0058816665,0,False,register_operations_review,public-derived-entity-complete-daily-aggregate
6,2019-08-16,35,96,315.58403,25.698963,8.3400417,0.79996762,0.0086044444,0,False,register_operations_review,public-derived-entity-complete-daily-aggregate
6,2019-08-17,35,96,310.98522,26.607892,8.1867847,0.79674187,0.010324762,0,False,register_operations_review,public-derived-entity-complete-daily-aggregate
6,2019-08-18,35,96,298.6493,27.563785,7.8527708,0.77050765,0.010963194,0,False,register_operations_review,public-derived-entity-complete-daily-aggregate
6,2019-08-19,35,96,308.65625,27.855199,8.0494028,0.74718769,0.011864127,0,False,register_operations_review,public-derived-entity-complete-daily-aggregate
6,2019-08-20,35,96,274.23542,28.062297,7.2252083,0.76562229,0.012405854,0,False,register_operations_review,public-derived-entity-complete-daily-aggregate
6,2019-08-21,35,96,228.45347,27.179221,6.2946597,0.80227343,0.0088935517,0,False,register_operations_review,public-derived-entity-complete-daily-aggregate
6,2019-08-22,35,96,129.24792,22.449551,3.9797361,0.88923258,0.000424594,0,False,register_operations_review,public-derived-entity-complete-daily-aggregate
6,2019-08-23,35,96,118.41463,20.402445,3.8755139,0.91034208,0,0,False,register_operations_review,public-derived-entity-complete-daily-aggregate
6,2019-08-24,35,96,262.82073,23.380005,7.5523472,0.86911823,0.0036733531,0,False,register_operations_review,public-derived-entity-complete-daily-aggregate
6,2019-08-25,35,96,306.56528,25.081875,8.0415556,0.77458307,0.0071238888,0,False,register_operations_review,public-derived-entity-complete-daily-aggregate
6,2019-08-26,35,96,311.61597,26.476562,8.1159445,0.77139695,0.0094477779,0,False,register_operations_review,public-derived-entity-complete-daily-aggregate
6,2019-08-27,35,96,232.35556,25.321979,6.1936041,0.76529201,0.005512361,0,False,register_operations_review,public-derived-entity-complete-daily-aggregate
6,2019-08-28,35,96,199.78542,23.209249,5.5548402,0.85698404,0.0016491666,0,False,register_operations_review,public-derived-entity-complete-daily-aggregate
6,2019-08-29,35,96,201.05764,23.963872,5.5782778,0.79318944,0.0022061111,0,False,register_operations_review,public-derived-entity-complete-daily-aggregate
6,2019-08-30,35,96,211.83472,24.312224,5.8836389,0.80785131,0.0023710912,0,False,register_operations_review,public-derived-entity-complete-daily-aggregate
6,2019-08-31,35,96,224.28725,23.745898,6.1856528,0.80412044,0.0019422025,0,False,register_operations_review,public-derived-entity-complete-daily-aggregate
6,2019-09-01,35,96,160.17153,21.688924,4.6322778,0.83574876,0.00051694463,0,False,register_operations_review,public-derived-entity-complete-daily-aggregate
6,2019-09-02,35,96,66.172917,19.390486,2.0264097,0.82652508,0,0,False,register_operations_review,public-derived-entity-complete-daily-aggregate
6,2019-09-03,35,96,163.8875,20.149618,4.8871389,0.85276214,0,0,False,register_operations_review,public-derived-entity-complete-daily-aggregate
6,2019-09-04,35,96,155.30903,21.988819,4.4855903,0.82712254,0.00040333333,0,False,register_operations_review,public-derived-entity-complete-daily-aggregate
6,2019-09-05,35,96,58.954166,20.256771,1.67225,0.79584909,0,0,False,register_operations_review,public-derived-entity-complete-daily-aggregate
6,2019-09-06,35,96,239.45729,21.878244,6.3583055,0.79463872,0.00079345233,0,False,register_operations_review,public-derived-entity-complete-daily-aggregate
6,2019-09-07,35,96,279.13829,25.229836,7.4907083,0.76580915,0.0057469842,0,False,register_operations_review,public-derived-entity-complete-daily-aggregate
6,2019-09-08,35,96,94.938194,24.345,2.9164653,0.86789589,0.00085555567,0,False,register_operations_review,public-derived-entity-complete-daily-aggregate
6,2019-09-09,35,96,105.97153,22.106364,3.0517847,0.8388764,6.6666667e-06,0,False,register_operations_review,public-derived-entity-complete-daily-aggregate
6,2019-09-10,35,96,157.55,23.242708,4.6008958,0.87183698,0.0019188888,0,False,register_operations_review,public-derived-entity-complete-daily-aggregate
6,2019-09-11,35,96,124.98125,22.599444,3.5925695,0.83121071,0.00041527783,0,False,register_operations_review,public-derived-entity-complete-daily-aggregate
6,2019-09-12,35,96,188.32386,24.002986,5.2827986,0.81283511,0.0015452778,0,False,register_operations_review,public-derived-entity-complete-daily-aggregate
6,2019-09-13,35,96,210.33438,25.26745,5.7661042,0.78924941,0.0048039683,0,False,register_operations_review,public-derived-entity-complete-daily-aggregate
6,2019-09-14,35,96,174.42966,24.202083,4.8460764,0.82426148,0.0018811112,0,False,register_operations_review,public-derived-entity-complete-daily-aggregate
6,2019-09-15,35,96,171.45486,21.398869,4.9497917,0.817465,5.6944375e-05,0,False,register_operations_review,public-derived-entity-complete-daily-aggregate
6,2019-09-16,35,96,232.49167,24.422222,6.1000278,0.7866577,0.003568611,0,False,register_operations_review,public-derived-entity-complete-daily-aggregate
6,2019-09-17,35,96,261.7868,25.137674,6.9753438,0.77321724,0.0038555557,0,False,register_operations_review,public-derived-entity-complete-daily-aggregate
6,2019-09-18,35,96,314.96666,25.150721,8.0812152,0.73500006,0.0046811112,0,False,register_operations_review,public-derived-entity-complete-daily-aggregate
6,2019-09-19,35,96,321.37986,24.909809,8.2590139,0.74320702,0.0049169445,0,False,register_operations_review,public-derived-entity-complete-daily-aggregate
6,2019-09-20,35,96,134.84306,20.705771,3.9228889,0.84130177,0,0,False,register_operations_review,public-derived-entity-complete-daily-aggregate
6,2019-09-21,35,96,116.025,16.246771,3.5683195,0.87973098,0,0,False,register_operations_review,public-derived-entity-complete-daily-aggregate
6,2019-09-22,35,96,271.36181,18.8331,7.3145139,0.77941118,0,0,False,register_operations_review,public-derived-entity-complete-daily-aggregate
6,2019-09-23,35,96,238.85208,20.207698,6.4126527,0.797509,1.4166667e-05,0,False,register_operations_review,public-derived-entity-complete-daily-aggregate
6,2019-09-24,35,96,48.680556,18.132014,1.5942917,0.91719423,0,0,False,register_operations_review,public-derived-entity-complete-daily-aggregate
6,2019-09-25,35,96,23.517361,13.591314,0.74752083,0.86101108,0,0,False,register_operations_review,public-derived-entity-complete-daily-aggregate
6,2019-09-26,35,96,189.69167,15.883385,5.6390973,0.85696165,0,0,False,register_operations_review,public-derived-entity-complete-daily-aggregate
6,2019-09-27,35,96,309.10208,18.816662,7.9801875,0.74406071,0,0,False,register_operations_review,public-derived-entity-complete-daily-aggregate
6,2019-09-28,35,96,296.66111,20.184479,7.6933195,0.76459176,0.00057583333,0,False,register_operations_review,public-derived-entity-complete-daily-aggregate
6,2019-09-29,35,96,322.39653,21.849112,8.2246389,0.73546614,0.0017475,0,False,register_operations_review,public-derived-entity-complete-daily-aggregate
6,2019-09-30,35,96,328.01389,23.017587,8.1770416,0.70418926,0.0021536112,0,False,register_operations_review,public-derived-entity-complete-daily-aggregate
6,2019-10-01,35,96,321.975,24.108209,8.3064583,0.727818,0.0030275,0,False,register_operations_review,public-derived-entity-complete-daily-aggregate
6,2019-10-02,35,96,288.22569,23.871736,7.3495695,0.73927048,0.0024713889,0,False,register_operations_review,public-derived-entity-complete-daily-aggregate
6,2019-10-03,35,96,274.40764,23.846627,7.1671458,0.74644059,0.0027044445,0,False,register_operations_review,public-derived-entity-complete-daily-aggregate
6,2019-10-04,35,96,302.02639,23.99245,7.6717222,0.75904117,0.0036258333,0,False,register_operations_review,public-derived-entity-complete-daily-aggregate
6,2019-10-05,35,96,69.553472,17.975903,2.280507,0.96180106,0,0,False,register_operations_review,public-derived-entity-complete-daily-aggregate
6,2019-10-06,35,96,175.54514,19.951597,4.8088611,0.79826125,2.6666708e-05,0,False,register_operations_review,public-derived-entity-complete-daily-aggregate
6,2019-10-07,35,96,162.25625,21.229722,4.4620139,0.82173438,0.00021694446,0,False,register_operations_review,public-derived-entity-complete-daily-aggregate
6,2019-10-08,35,96,253.78819,21.381463,6.56675,0.76060349,0.00077888888,0,False,register_operations_review,public-derived-entity-complete-daily-aggregate
6,2019-10-09,35,96,307.95417,22.688854,7.8631806,0.73748112,0.0014094446,0,False,register_operations_review,public-derived-entity-complete-daily-aggregate
6,2019-10-10,35,96,332.84375,23.528085,8.3535139,0.70717113,0.0020663889,0,False,register_operations_review,public-derived-entity-complete-daily-aggregate
6,2019-10-11,35,96,314.94514,22.519261,7.9552083,0.7206954,0.0015916668,0,False,register_operations_review,public-derived-entity-complete-daily-aggregate
6,2019-10-12,35,96,325.91528,22.076042,8.2024098,0.71869622,0.002088889,0,False,register_operations_review,public-derived-entity-complete-daily-aggregate
6,2019-10-13,35,96,253.55556,22.019023,6.6010694,0.77912704,0.0015194445,0,False,register_operations_review,public-derived-entity-complete-daily-aggregate
6,2019-10-14,35,96,195.02569,19.844444,5.1949375,0.80093673,0,0,False,register_operations_review,public-derived-entity-complete-daily-aggregate
6,2019-10-15,35,96,82.757639,18.394688,2.6580555,0.88968822,0,0,False,register_operations_review,public-derived-entity-complete-daily-aggregate
6,2019-10-16,35,96,327.43194,20.852431,8.1843402,0.69555177,0.00075444442,0,False,register_operations_review,public-derived-entity-complete-daily-aggregate
6,2019-10-17,35,96,304.87014,20.595575,7.5565555,0.72444421,0.00048527771,0,False,register_operations_review,public-derived-entity-complete-daily-aggregate
6,2019-10-18,35,96,211.66458,16.599826,6.6528264,0.90858425,0,0,False,register_operations_review,public-derived-entity-complete-daily-aggregate
6,2019-10-19,35,96,280.18889,19.531771,7.136125,0.74374281,0.0001130555,0,False,register_operations_review,public-derived-entity-complete-daily-aggregate
6,2019-10-20,35,96,329.4875,20.420307,8.2215625,0.69220965,0.00033527775,0,False,register_operations_review,public-derived-entity-complete-daily-aggregate
6,2019-10-21,35,96,322.12014,21.455625,8.0949583,0.70250395,0.0011308334,0,False,register_operations_review,public-derived-entity-complete-daily-aggregate
6,2019-10-22,35,96,276.74097,22.525174,7.0275,0.68405398,0.0010908333,0,False,register_operations_review,public-derived-entity-complete-daily-aggregate
6,2019-10-23,35,96,329.57986,21.079549,8.0474306,0.67146418,0.00047305563,0,False,register_operations_review,public-derived-entity-complete-daily-aggregate
6,2019-10-24,35,96,195.22361,20.719628,5.2684931,0.76610751,0,0,False,register_operations_review,public-derived-entity-complete-daily-aggregate
6,2019-10-25,35,96,106.44097,21.651806,3.2182639,0.84994623,0,0,False,register_operations_review,public-derived-entity-complete-daily-aggregate
6,2019-10-26,35,96,99.276389,20.819688,2.9277083,0.84346433,0,0,False,register_operations_review,public-derived-entity-complete-daily-aggregate
6,2019-10-27,35,96,181.00417,21.427406,5.0027152,0.77779932,8.0555417e-06,0,False,register_operations_review,public-derived-entity-complete-daily-aggregate
6,2019-10-28,35,96,227.43333,19.405799,5.7614583,0.75056586,5.5558333e-07,0,False,register_operations_review,public-derived-entity-complete-daily-aggregate
6,2019-10-29,35,96,233.35556,19.574722,6.0394514,0.75641491,0,0,False,register_operations_review,public-derived-entity-complete-daily-aggregate
6,2019-10-30,35,96,276.93889,20.223889,7.013507,0.72893027,1.25e-05,0,False,register_operations_review,public-derived-entity-complete-daily-aggregate
6,2019-10-31,35,96,304.11319,20.602361,7.7121111,0.72018672,0.00014249992,0,False,register_operations_review,public-derived-entity-complete-daily-aggregate
6,2019-11-01,35,96,322.54166,21.504471,7.8913403,0.66876948,0.00065916662,0,False,register_operations_review,public-derived-entity-complete-daily-aggregate
6,2019-11-02,35,96,320.62778,21.436632,7.8518334,0.67216235,0.00081611108,0,False,register_operations_review,public-derived-entity-complete-daily-aggregate
6,2019-11-03,35,96,288.41875,19.842381,7.2859792,0.72334994,1.2777833e-05,0,False,register_operations_review,public-derived-entity-complete-daily-aggregate
6,2019-11-04,35,96,281.22847,19.826979,7.0640972,0.70463075,5.9722167e-05,0,False,register_operations_review,public-derived-entity-complete-daily-aggregate
6,2019-11-05,35,96,134.44514,18.882773,3.650125,0.79148398,0,0,False,register_operations_review,public-derived-entity-complete-daily-aggregate
6,2019-11-06,35,96,329.42222,18.88967,8.0701111,0.66788829,0,0,False,register_operations_review,public-derived-entity-complete-daily-aggregate
6,2019-11-07,35,96,290.83958,19.108542,7.1277014,0.67459029,0,0,False,register_operations_review,public-derived-entity-complete-daily-aggregate
6,2019-11-08,35,96,296.1625,19.809354,7.3869376,0.6926435,0,0,False,register_operations_review,public-derived-entity-complete-daily-aggregate
6,2019-11-09,35,96,302.10972,19.960868,7.4862639,0.67305534,3.6110833e-06,0,False,register_operations_review,public-derived-entity-complete-daily-aggregate
6,2019-11-10,35,96,50.9,16.807817,1.5683611,0.84417249,0,0,False,register_operations_review,public-derived-entity-complete-daily-aggregate
6,2019-11-11,35,96,182.53993,17.972292,4.7274028,0.74559202,0,0,False,register_operations_review,public-derived-entity-complete-daily-aggregate
6,2019-11-12,35,96,305.99236,20.937654,7.428007,0.65698473,0.00070861108,0,False,register_operations_review,public-derived-entity-complete-daily-aggregate
6,2019-11-13,35,96,72.495833,18.501667,2.1408681,0.81230437,0,0,False,register_operations_review,public-derived-entity-complete-daily-aggregate
6,2019-11-14,35,96,205.79167,18.124583,5.1661598,0.72907006,0,0,False,register_operations_review,public-derived-entity-complete-daily-aggregate
6,2019-11-15,35,96,310.01667,18.507187,7.5297014,0.66730507,9.72225e-06,0,False,register_operations_review,public-derived-entity-complete-daily-aggregate
6,2019-11-16,35,96,317.7625,19.060521,7.6382916,0.65878141,1.9444167e-06,0.010416667,False,register_operations_review,public-derived-entity-complete-daily-aggregate
6,2019-11-17,35,96,319.28194,19.856464,7.6216458,0.65193487,0.00056916654,0.010416667,False,register_operations_review,public-derived-entity-complete-daily-aggregate
6,2019-11-18,35,96,139.56458,16.865278,3.6031805,0.76634734,0,0,False,register_operations_review,public-derived-entity-complete-daily-aggregate
6,2019-11-19,35,96,311.80764,17.66809,7.4930902,0.64983876,0,0.010416667,False,register_operations_review,public-derived-entity-complete-daily-aggregate
6,2019-11-20,35,96,309.31111,18.325814,7.439243,0.64763423,0,0.010416667,False,register_operations_review,public-derived-entity-complete-daily-aggregate
6,2019-11-21,35,96,314.17986,17.282326,7.5108264,0.6439206,0,0.010416667,False,register_operations_review,public-derived-entity-complete-daily-aggregate
6,2019-11-22,35,96,314.61597,17.31934,7.4913334,0.64055337,0,0.010416667,False,register_operations_review,public-derived-entity-complete-daily-aggregate
6,2019-11-23,35,96,312.81319,16.536319,1.3628611,0.46258373,0,0.083333333,False,register_operations_review,public-derived-entity-complete-daily-aggregate
6,2019-11-24,35,96,255.43541,17.139792,6.2600694,0.66460457,0,0,False,register_operations_review,public-derived-entity-complete-daily-aggregate
6,2019-11-25,35,96,178.20347,15.639896,4.5084027,0.73190225,0,0,False,register_operations_review,public-derived-entity-complete-daily-aggregate
6,2019-11-26,35,96,291.92431,17.72678,7.011375,0.65471837,0,0,False,register_operations_review,public-derived-entity-complete-daily-aggregate
6,2019-11-27,35,96,306.04653,18.373472,7.2067778,0.63777642,0,0.020833333,False,register_operations_review,public-derived-entity-complete-daily-aggregate
6,2019-11-28,35,96,310.34375,18.860293,7.2778159,0.63133142,0,0.020833333,False,register_operations_review,public-derived-entity-complete-daily-aggregate
6,2019-11-29,35,96,323.26042,18.770729,7.5406805,0.62688877,0,0.020833333,False,register_operations_review,public-derived-entity-complete-daily-aggregate
6,2019-11-30,35,96,318.97569,18.256558,7.4553055,0.62540667,0,0.03125,False,register_operations_review,public-derived-entity-complete-daily-aggregate
6,2019-12-01,35,96,319.9875,17.258182,7.4616111,0.62474536,0,0.03125,False,register_operations_review,public-derived-entity-complete-daily-aggregate
6,2019-12-02,35,96,137.37847,11.302743,3.7000556,0.76351397,0,0,False,register_operations_review,public-derived-entity-complete-daily-aggregate
6,2019-12-03,35,96,228.19722,12.929097,5.9196111,0.74519088,0,0.010416667,False,register_operations_review,public-derived-entity-complete-daily-aggregate
6,2019-12-04,35,96,97.381944,11.431215,2.5694653,0.77940718,0,0.010416667,False,register_operations_review,public-derived-entity-complete-daily-aggregate
6,2019-12-05,35,96,227.60695,7.7297917,6.4665139,0.7897808,0,0.020833333,False,register_operations_review,public-derived-entity-complete-daily-aggregate
6,2019-12-06,35,96,308.76736,8.93125,7.78175,0.68223892,0,0.010416667,False,register_operations_review,public-derived-entity-complete-daily-aggregate
6,2019-12-07,35,96,302.75069,9.3544395,7.5879237,0.67451845,0,0.010416667,False,register_operations_review,public-derived-entity-complete-daily-aggregate
6,2019-12-08,35,96,279.15417,10.068899,7.0575486,0.69129808,0,0.010416667,False,register_operations_review,public-derived-entity-complete-daily-aggregate
6,2019-12-09,35,96,241.0882,11.314924,6.2618264,0.73431504,0,0,False,register_operations_review,public-derived-entity-complete-daily-aggregate
6,2019-12-10,35,96,290.81944,10.214445,7.2561667,0.67187158,0,0,False,register_operations_review,public-derived-entity-complete-daily-aggregate
6,2019-12-11,35,96,93.660069,9.6187847,2.6834201,0.80823392,0,0.010416667,False,register_operations_review,public-derived-entity-complete-daily-aggregate
6,2019-12-12,35,96,289.20174,10.959766,7.1857986,0.66234588,0,0,False,register_operations_review,public-derived-entity-complete-daily-aggregate
6,2019-12-13,35,96,303.07847,12.874757,7.3806597,0.65001373,0,0.020833333,False,register_operations_review,public-derived-entity-complete-daily-aggregate
6,2019-12-14,35,96,311.6125,15.265021,7.4920486,0.65313813,0,0.020833333,False,register_operations_review,public-derived-entity-complete-daily-aggregate
6,2019-12-15,35,96,311.91875,16.87876,7.4807499,0.65210209,0,0.020833333,False,register_operations_review,public-derived-entity-complete-daily-aggregate
6,2019-12-16,35,96,312.56458,16.938785,7.514757,0.65285312,0,0.020833333,False,register_operations_review,public-derived-entity-complete-daily-aggregate
6,2019-12-17,35,96,307.45556,16.878889,7.4147361,0.65376686,0,0.020833333,False,register_operations_review,public-derived-entity-complete-daily-aggregate
6,2019-12-18,35,96,306.85139,15.592917,7.3171458,0.63970343,0,0.020833333,False,register_operations_review,public-derived-entity-complete-daily-aggregate
6,2019-12-19,35,96,240.0375,13.328837,6.0859722,0.71519689,0,0,False,register_operations_review,public-derived-entity-complete-daily-aggregate
6,2019-12-20,35,96,253.00972,13.856186,6.1525694,0.67864455,0,0.03125,False,register_operations_review,public-derived-entity-complete-daily-aggregate
6,2019-12-21,35,96,303.37222,16.246035,7.3751458,0.65423811,0,0.020833333,False,register_operations_review,public-derived-entity-complete-daily-aggregate
6,2019-12-22,35,96,314.84306,16.50066,7.5660903,0.63613417,0,0.03125,False,register_operations_review,public-derived-entity-complete-daily-aggregate
6,2019-12-23,35,96,322.53333,16.917666,7.6014722,0.62852044,0,0.03125,False,register_operations_review,public-derived-entity-complete-daily-aggregate
6,2019-12-24,35,96,321.05903,16.135685,7.64375,0.63350059,0,0.03125,False,register_operations_review,public-derived-entity-complete-daily-aggregate
6,2019-12-25,35,96,325.85625,16.110937,7.6958959,0.62784079,0,0.041666667,False,register_operations_review,public-derived-entity-complete-daily-aggregate
6,2019-12-26,35,96,243.26389,14.396285,5.992625,0.68200176,0,0.010416667,False,register_operations_review,public-derived-entity-complete-daily-aggregate
6,2019-12-27,35,96,234.05417,11.823418,5.8818403,0.69819267,0,0,False,register_operations_review,public-derived-entity-complete-daily-aggregate
6,2019-12-28,35,96,131.8125,11.565729,3.4909375,0.793853,0,0.010416667,False,register_operations_review,public-derived-entity-complete-daily-aggregate
6,2019-12-29,35,96,319.59097,10.943829,7.8174445,0.65680321,0,0.020833333,False,register_operations_review,public-derived-entity-complete-daily-aggregate
6,2019-12-30,35,96,315.51667,11.075709,7.7314861,0.65699239,0,0.020833333,False,register_operations_review,public-derived-entity-complete-daily-aggregate
6,2019-12-31,35,96,296.35278,11.924132,7.3503958,0.67538688,0,0,False,register_operations_review,public-derived-entity-complete-daily-aggregate
6,2020-01-01,35,96,311.20833,14.54125,7.5709097,0.65385727,0,0.020833333,False,register_operations_review,public-derived-entity-complete-daily-aggregate
6,2020-01-02,35,96,209.99097,14.770392,5.4780139,0.72836035,0,0.010416667,False,register_operations_review,public-derived-entity-complete-daily-aggregate
6,2020-01-03,35,96,205.96042,15.92406,5.359118,0.72186778,0,0,False,register_operations_review,public-derived-entity-complete-daily-aggregate
6,2020-01-04,35,96,19.584028,13.287292,0.66274999,0.94404042,0,0,False,register_operations_review,public-derived-entity-complete-daily-aggregate
6,2020-01-05,35,96,156.56389,12.058611,4.0980277,0.7953625,0,0.010416667,False,register_operations_review,public-derived-entity-complete-daily-aggregate
6,2020-01-06,35,96,281.93681,13.510347,7.142243,0.70507215,0,0.010416667,False,register_operations_review,public-derived-entity-complete-daily-aggregate
6,2020-01-07,35,96,319.82709,12.130526,7.8947083,0.6686406,0,0.020833333,False,register_operations_review,public-derived-entity-complete-daily-aggregate
6,2020-01-08,35,96,298.92917,15.255615,7.3437361,0.65729134,0,0.010416667,False,register_operations_review,public-derived-entity-complete-daily-aggregate
6,2020-01-09,35,96,263.24514,16.796771,6.5380972,0.70081748,0,0.010416667,False,register_operations_review,public-derived-entity-complete-daily-aggregate
6,2020-01-10,35,96,220.5875,15.660823,5.7036042,0.74707866,0,0,False,register_operations_review,public-derived-entity-complete-daily-aggregate
6,2020-01-11,35,96,318.92639,13.797728,7.8699861,0.66618616,0,0.020833333,False,register_operations_review,public-derived-entity-complete-daily-aggregate
6,2020-01-12,35,96,324.13611,12.902936,7.9690555,0.66622736,0,0.010416667,False,register_operations_review,public-derived-entity-complete-daily-aggregate
6,2020-01-13,35,96,316.61424,14.450169,7.8176771,0.6614064,0,0.010416667,False,register_operations_review,public-derived-entity-complete-daily-aggregate
6,2020-01-14,35,96,312.10555,16.604936,7.7152778,0.65542485,0,0.010416667,False,register_operations_review,public-derived-entity-complete-daily-aggregate
6,2020-01-15,35,96,318.99722,16.919112,7.9147986,0.66087867,0,0.010416667,False,register_operations_review,public-derived-entity-complete-daily-aggregate
6,2020-01-16,35,96,320.39931,16.323854,7.9367986,0.66040861,0,0.020833333,False,register_operations_review,public-derived-entity-complete-daily-aggregate
6,2020-01-17,35,96,323.62708,16.690377,8.0370625,0.66457072,0,0.020833333,False,register_operations_review,public-derived-entity-complete-daily-aggregate
6,2020-01-18,35,96,325.67361,17.345833,8.0311944,0.66199523,0,0.020833333,False,register_operations_review,public-derived-entity-complete-daily-aggregate
6,2020-01-19,35,96,322.51771,16.549375,7.9567257,0.66202092,0,0.020833333,False,register_operations_review,public-derived-entity-complete-daily-aggregate
6,2020-01-20,35,96,317.41875,16.103924,7.8359444,0.6712538,0,0.010416667,False,register_operations_review,public-derived-entity-complete-daily-aggregate
6,2020-01-21,35,96,261.86806,15.927931,6.7169653,0.71167076,0,0,False,register_operations_review,public-derived-entity-complete-daily-aggregate
6,2020-01-22,35,96,317.91597,16.069722,7.8635,0.67458866,0,0.010416667,False,register_operations_review,public-derived-entity-complete-daily-aggregate
6,2020-01-23,35,96,327.9382,15.63649,8.0847291,0.67213099,0,0.020833333,False,register_operations_review,public-derived-entity-complete-daily-aggregate
6,2020-01-24,35,96,225.41181,13.250451,5.7988611,0.77396535,0,0,False,register_operations_review,public-derived-entity-complete-daily-aggregate
6,2020-01-25,35,96,135.57014,7.3026389,3.8652986,0.81928676,0,0,False,register_operations_review,public-derived-entity-complete-daily-aggregate
6,2020-01-26,35,96,297.53056,7.8107639,7.4708611,0.71126613,0,0,False,register_operations_review,public-derived-entity-complete-daily-aggregate
6,2020-01-27,35,96,327.19375,10.916944,8.2300764,0.7030688,0,0,False,register_operations_review,public-derived-entity-complete-daily-aggregate
6,2020-01-28,35,96,271.59375,11.916389,6.8349931,0.73978395,0,0,False,register_operations_review,public-derived-entity-complete-daily-aggregate
6,2020-01-29,35,96,304.33333,11.829749,7.7107361,0.70867828,0,0,False,register_operations_review,public-derived-entity-complete-daily-aggregate
6,2020-01-30,35,96,237.32778,12.609678,6.4055208,0.77214706,0,0,False,register_operations_review,public-derived-entity-complete-daily-aggregate
6,2020-01-31,35,96,288.51111,13.968408,7.3505764,0.71941373,0,0,False,register_operations_review,public-derived-entity-complete-daily-aggregate
6,2020-02-01,35,96,296.8125,14.457431,7.4472292,0.68351245,0,0,False,register_operations_review,public-derived-entity-complete-daily-aggregate
6,2020-02-02,35,96,324.52986,15.14438,8.1531389,0.68328588,0,0,False,register_operations_review,public-derived-entity-complete-daily-aggregate
6,2020-02-03,35,96,280.84747,14.496801,7.2844167,0.72820707,0,0,False,register_operations_review,public-derived-entity-complete-daily-aggregate
6,2020-02-04,35,96,329.17708,14.265681,8.2090764,0.68408666,0,0,False,register_operations_review,public-derived-entity-complete-daily-aggregate
6,2020-02-05,35,96,321.30903,15.301411,7.9773958,0.68779442,0,0,False,register_operations_review,public-derived-entity-complete-daily-aggregate
6,2020-02-06,35,96,330.14375,14.766806,8.2864722,0.69007237,0,0,False,register_operations_review,public-derived-entity-complete-daily-aggregate
6,2020-02-07,35,96,316.85972,15.917662,7.8772708,0.68658335,0,0,False,register_operations_review,public-derived-entity-complete-daily-aggregate
6,2020-02-08,35,96,278.05209,16.38078,6.9704375,0.69464132,0,0,False,register_operations_review,public-derived-entity-complete-daily-aggregate
6,2020-02-09,35,96,20.392361,11.82936,0.67188195,0.90018024,0,0,False,register_operations_review,public-derived-entity-complete-daily-aggregate
6,2020-02-10,35,96,150.75139,10.516672,4.339125,0.85146874,0,0,False,register_operations_review,public-derived-entity-complete-daily-aggregate
6,2020-02-11,35,96,344.79444,14.953256,8.6828542,0.69146009,0,0,False,register_operations_review,public-derived-entity-complete-daily-aggregate
6,2020-02-12,35,96,279.36389,14.662396,7.2819861,0.71601148,0,0,False,register_operations_review,public-derived-entity-complete-daily-aggregate
6,2020-02-13,35,96,332.00556,15.840863,8.4514028,0.70706719,0,0,False,register_operations_review,public-derived-entity-complete-daily-aggregate
6,2020-02-14,35,96,278.01736,15.406642,7.2287778,0.729196,0,0,False,register_operations_review,public-derived-entity-complete-daily-aggregate
6,2020-02-15,35,96,88.145139,13.450598,2.6360903,0.83890026,0,0,False,register_operations_review,public-derived-entity-complete-daily-aggregate
6,2020-02-16,35,96,95.770833,9.8179513,2.8961181,0.84461698,0,0,False,register_operations_review,public-derived-entity-complete-daily-aggregate
6,2020-02-17,35,96,30.06875,7.6963505,0.97649305,0.88528149,0,0,False,register_operations_review,public-derived-entity-complete-daily-aggregate
6,2020-02-18,35,96,238.96002,11.524439,6.231125,0.75790927,0,0,False,register_operations_review,public-derived-entity-complete-daily-aggregate
6,2020-02-19,35,96,324.41111,15.966215,8.1584653,0.69380523,0,0,False,register_operations_review,public-derived-entity-complete-daily-aggregate
6,2020-02-20,35,96,325.55069,18.592655,8.2817083,0.71274954,0,0,False,register_operations_review,public-derived-entity-complete-daily-aggregate
6,2020-02-21,35,96,325.30764,19.048944,8.1578889,0.69399467,0,0,False,register_operations_review,public-derived-entity-complete-daily-aggregate
6,2020-02-22,35,96,304.21389,19.360868,7.6903472,0.70859027,0,0,False,register_operations_review,public-derived-entity-complete-daily-aggregate
6,2020-02-23,35,96,278.4,20.021032,7.090243,0.7177683,8.0555417e-06,0,False,register_operations_review,public-derived-entity-complete-daily-aggregate
6,2020-02-24,35,96,275.01528,18.494737,7.0426528,0.72644798,0,0,False,register_operations_review,public-derived-entity-complete-daily-aggregate
6,2020-02-25,35,96,328.7007,18.649444,8.2486389,0.70580775,0,0,False,register_operations_review,public-derived-entity-complete-daily-aggregate
6,2020-02-26,35,96,279.92361,19.463457,7.2098611,0.73472276,0,0,False,register_operations_review,public-derived-entity-complete-daily-aggregate
6,2020-02-27,35,96,81.256944,18.198453,2.3651597,0.85342358,0,0,False,register_operations_review,public-derived-entity-complete-daily-aggregate
6,2020-02-28,35,96,275.96181,16.620947,7.2475833,0.76710415,0,0,False,register_operations_review,public-derived-entity-complete-daily-aggregate
6,2020-02-29,35,96,355.25555,18.434291,8.9066597,0.71241791,0,0,False,register_operations_review,public-derived-entity-complete-daily-aggregate
6,2020-03-01,35,96,351.78264,19.787661,8.8375208,0.70572179,0.00043694446,0,False,register_operations_review,public-derived-entity-complete-daily-aggregate
6,2020-03-02,35,96,321.84142,20.279603,8.2499375,0.73161568,5.6111125e-05,0,False,register_operations_review,public-derived-entity-complete-daily-aggregate
6,2020-03-03,35,96,185.5,17.63313,5.0768125,0.7895265,0,0,False,register_operations_review,public-derived-entity-complete-daily-aggregate
6,2020-03-04,35,96,234.32778,16.108987,6.2872431,0.78522411,0,0,False,register_operations_review,public-derived-entity-complete-daily-aggregate
6,2020-03-05,35,96,323.23889,18.3125,8.3092847,0.75190413,5.4166708e-05,0,False,register_operations_review,public-derived-entity-complete-daily-aggregate
6,2020-03-06,35,96,292.99931,18.795174,7.6198333,0.75620265,0,0,False,register_operations_review,public-derived-entity-complete-daily-aggregate
6,2020-03-07,35,96,325.99167,19.435313,8.4985972,0.7430854,0.00029722225,0,False,register_operations_review,public-derived-entity-complete-daily-aggregate
6,2020-03-08,35,96,332.53125,20.288829,8.6264445,0.74035367,0.00044666671,0,False,register_operations_review,public-derived-entity-complete-daily-aggregate
6,2020-03-09,35,96,331.62778,19.56401,8.5280138,0.74695306,0,0,False,register_operations_review,public-derived-entity-complete-daily-aggregate
6,2020-03-10,35,96,280.97847,18.631668,7.5026701,0.76758277,0,0,False,register_operations_review,public-derived-entity-complete-daily-aggregate
6,2020-03-11,35,96,338.12415,20.884499,8.7714999,0.7443598,0.001221389,0,False,register_operations_review,public-derived-entity-complete-daily-aggregate
6,2020-03-12,35,96,339.27014,21.847193,8.7074445,0.74068821,0.002261111,0,False,register_operations_review,public-derived-entity-complete-daily-aggregate
6,2020-03-13,35,96,350.57664,22.987336,8.8246389,0.73380545,0.0034577777,0,False,register_operations_review,public-derived-entity-complete-daily-aggregate
6,2020-03-14,35,96,344.47639,24.156296,8.7129722,0.73540333,0.0052885186,0,False,register_operations_review,public-derived-entity-complete-daily-aggregate
6,2020-03-15,35,96,314.21875,24.725878,8.101618,0.75242698,0.0049508334,0,False,register_operations_review,public-derived-entity-complete-daily-aggregate
6,2020-03-16,35,96,225.0875,22.511562,6.0215555,0.7880926,0.00085527783,0,False,register_operations_review,public-derived-entity-complete-daily-aggregate
6,2020-03-17,35,96,275.44722,21.478487,7.1318229,0.76100896,0.00078611108,0,False,register_operations_review,public-derived-entity-complete-daily-aggregate
6,2020-03-18,35,96,325.7875,21.469253,8.4013542,0.75210154,0.00074722233,0,False,register_operations_review,public-derived-entity-complete-daily-aggregate
6,2020-03-19,35,96,287.71458,19.173056,7.5147708,0.76576656,0,0,False,register_operations_review,public-derived-entity-complete-daily-aggregate
6,2020-03-20,35,96,294.28681,20.700694,7.6868056,0.76286673,0.00031805546,0,False,register_operations_review,public-derived-entity-complete-daily-aggregate
6,2020-03-21,35,96,252.05903,20.05438,6.8723334,0.7992086,5.8333333e-06,0,False,register_operations_review,public-derived-entity-complete-daily-aggregate
6,2020-03-22,35,96,287.70278,20.934233,7.4779305,0.76031015,0.00024388896,0,False,register_operations_review,public-derived-entity-complete-daily-aggregate
6,2020-03-23,35,96,239.37182,20.098437,6.4031042,0.81066922,4e-05,0,False,register_operations_review,public-derived-entity-complete-daily-aggregate
6,2020-03-24,35,96,300.34097,20.16315,7.8576111,0.77396701,0.0001105555,0,False,register_operations_review,public-derived-entity-complete-daily-aggregate
6,2020-03-25,35,96,335.281,20.946084,8.6441389,0.76101132,0.0010188888,0,False,register_operations_review,public-derived-entity-complete-daily-aggregate
6,2020-03-26,35,96,336.79861,22.610326,8.6713681,0.76282696,0.0029377778,0,False,register_operations_review,public-derived-entity-complete-daily-aggregate
6,2020-03-27,35,96,339.09167,23.560977,8.6805625,0.7584482,0.005199365,0,False,register_operations_review,public-derived-entity-complete-daily-aggregate
6,2020-03-28,35,96,268.49167,23.863199,7.1175556,0.7724264,0.0035113889,0,False,register_operations_review,public-derived-entity-complete-daily-aggregate
6,2020-03-29,35,96,307.90347,25.426954,8.0208264,0.75050935,0.0080644443,0,False,register_operations_review,public-derived-entity-complete-daily-aggregate
6,2020-03-30,35,96,325.86483,25.058333,8.4966042,0.7451949,0.0066095835,0,False,register_operations_review,public-derived-entity-complete-daily-aggregate
6,2020-03-31,35,96,335.77708,24.773051,8.5593472,0.73213051,0.0060815278,0,False,register_operations_review,public-derived-entity-complete-daily-aggregate
6,2020-04-01,35,96,322.86627,25.409793,8.3173125,0.74950308,0.0069894311,0,False,register_operations_review,public-derived-entity-complete-daily-aggregate
6,2020-04-02,35,96,234.07778,23.84831,6.1996598,0.75693002,0.0029711109,0,False,register_operations_review,public-derived-entity-complete-daily-aggregate
6,2020-04-03,35,96,265.54306,22.418472,7.0024653,0.76624378,0.0019588889,0,False,register_operations_review,public-derived-entity-complete-daily-aggregate
6,2020-04-04,35,96,173.64931,21.168893,4.9098264,0.81238166,0,0,False,register_operations_review,public-derived-entity-complete-daily-aggregate
6,2020-04-05,35,96,317.29395,21.702973,8.2290417,0.76883211,0.0019224009,0,False,register_operations_review,public-derived-entity-complete-daily-aggregate
6,2020-04-06,35,96,294.43403,22.005104,7.8456077,0.78502049,0.001033889,0,False,register_operations_review,public-derived-entity-complete-daily-aggregate
6,2020-04-07,35,96,265.09792,20.945916,7.0279861,0.78304268,7.6388875e-05,0,False,register_operations_review,public-derived-entity-complete-daily-aggregate
6,2020-04-08,35,96,316.7125,20.683084,8.2985278,0.77288063,0.00078666662,0,False,register_operations_review,public-derived-entity-complete-daily-aggregate
6,2020-04-09,35,96,269.3875,22.218194,7.312118,0.80222458,0.0023763889,0,False,register_operations_review,public-derived-entity-complete-daily-aggregate
6,2020-04-10,35,96,224.13958,22.503973,6.1463958,0.82998041,0.00076888879,0,False,register_operations_review,public-derived-entity-complete-daily-aggregate
6,2020-04-11,35,96,331.58125,21.991319,8.6668333,0.77813356,0.002306111,0,False,register_operations_review,public-derived-entity-complete-daily-aggregate
6,2020-04-12,35,96,304.01111,21.331389,8.0634723,0.76827188,0.0017655556,0,False,register_operations_review,public-derived-entity-complete-daily-aggregate
6,2020-04-13,35,96,160.97917,16.95438,4.9002223,0.8631045,0,0,False,register_operations_review,public-derived-entity-complete-daily-aggregate
6,2020-04-14,35,96,330.87639,17.113904,8.9602222,0.80391018,0.0003175,0,False,register_operations_review,public-derived-entity-complete-daily-aggregate
6,2020-04-15,35,96,327.03403,24.44247,8.5763125,0.76822691,0.007528333,0,False,register_operations_review,public-derived-entity-complete-daily-aggregate
6,2020-04-16,35,96,305.55139,26.101349,8.0379236,0.77918127,0.0078394442,0,False,register_operations_review,public-derived-entity-complete-daily-aggregate
6,2020-04-17,35,96,280.06181,24.482813,7.5691459,0.78079381,0.0038709722,0,False,register_operations_review,public-derived-entity-complete-daily-aggregate
6,2020-04-18,35,96,321.92986,22.986488,8.5474653,0.80502094,0.0049558333,0,False,register_operations_review,public-derived-entity-complete-daily-aggregate
6,2020-04-19,35,96,303.45208,24.190104,8.0747778,0.79450223,0.0054136111,0,False,register_operations_review,public-derived-entity-complete-daily-aggregate
6,2020-04-20,35,96,296.68333,24.750868,7.9482708,0.79405019,0.0057494445,0,False,register_operations_review,public-derived-entity-complete-daily-aggregate
6,2020-04-21,35,96,291.58334,25.529628,7.7794792,0.7912228,0.0075486108,0,False,register_operations_review,public-derived-entity-complete-daily-aggregate
6,2020-04-22,35,96,213.87917,23.739261,5.9946042,0.81225038,0.001163889,0,False,register_operations_review,public-derived-entity-complete-daily-aggregate
6,2020-04-23,35,96,241.36528,21.023611,6.7609792,0.81650445,0.0010891666,0,False,register_operations_review,public-derived-entity-complete-daily-aggregate
6,2020-04-24,35,96,55.6375,13.085411,1.8506597,0.90949209,0,0,False,register_operations_review,public-derived-entity-complete-daily-aggregate
6,2020-04-25,35,96,40.327083,9.949747,1.4652222,0.97168642,0,0,False,register_operations_review,public-derived-entity-complete-daily-aggregate
6,2020-04-26,35,96,93.436112,11.659301,3.1223819,0.93393418,0,0,False,register_operations_review,public-derived-entity-complete-daily-aggregate
6,2020-04-27,35,96,232.30486,16.12125,6.7728611,0.83856509,0,0,False,register_operations_review,public-derived-entity-complete-daily-aggregate
6,2020-04-28,35,96,273.88194,18.805903,7.4904167,0.81440365,5.5558333e-07,0,False,register_operations_review,public-derived-entity-complete-daily-aggregate
6,2020-04-29,35,96,100.14861,18.710213,3.2276806,0.9399146,0,0,False,register_operations_review,public-derived-entity-complete-daily-aggregate
6,2020-04-30,35,96,249.19444,19.870556,6.9432778,0.79858159,4.1111083e-05,0,False,register_operations_review,public-derived-entity-complete-daily-aggregate
6,2020-05-01,35,96,284.7125,20.532837,7.8915209,0.84992826,0.0013991669,0,False,register_operations_review,public-derived-entity-complete-daily-aggregate
6,2020-05-02,35,96,313.51042,22.082743,8.5968403,0.84060017,0.0041755554,0,False,register_operations_review,public-derived-entity-complete-daily-aggregate
6,2020-05-03,35,96,225.06319,24.462927,6.3011319,0.81040492,0.0036194443,0,False,register_operations_review,public-derived-entity-complete-daily-aggregate
6,2020-05-04,35,96,275.06111,25.140064,7.507132,0.83108158,0.0068819445,0,False,register_operations_review,public-derived-entity-complete-daily-aggregate
6,2020-05-05,35,96,277.61042,25.82689,7.5685069,0.81033367,0.0083542065,0,False,register_operations_review,public-derived-entity-complete-daily-aggregate
6,2020-05-06,35,96,310.82292,27.012118,8.191125,0.7961177,0.011543056,0,False,register_operations_review,public-derived-entity-complete-daily-aggregate
6,2020-05-07,35,96,310.65208,28.231295,8.4477083,0.8106482,0.014932401,0,False,register_operations_review,public-derived-entity-complete-daily-aggregate
6,2020-05-08,35,96,313.73611,27.594008,8.5621111,0.80360812,0.012293811,0,False,register_operations_review,public-derived-entity-complete-daily-aggregate
6,2020-05-09,35,96,293.91201,26.531503,8.0554514,0.81758441,0.009373511,0,False,register_operations_review,public-derived-entity-complete-daily-aggregate
6,2020-05-10,35,96,303.99167,27.265174,8.3508542,0.82622058,0.011529306,0,False,register_operations_review,public-derived-entity-complete-daily-aggregate
6,2020-05-11,35,96,284.75764,27.529918,7.9292014,0.8265157,0.011963838,0,False,register_operations_review,public-derived-entity-complete-daily-aggregate
6,2020-05-12,35,96,253.65208,25.473646,7.1129375,0.82119974,0.007816389,0,False,register_operations_review,public-derived-entity-complete-daily-aggregate
6,2020-05-13,35,96,212.00972,26.004479,6.1067223,0.834203,0.0070406944,0,False,register_operations_review,public-derived-entity-complete-daily-aggregate
6,2020-05-14,35,96,258.5757,25.172847,7.2833333,0.82871488,0.0063469444,0,False,register_operations_review,public-derived-entity-complete-daily-aggregate
6,2020-05-15,35,96,297.44653,25.723666,8.255493,0.82470023,0.009862222,0,False,register_operations_review,public-derived-entity-complete-daily-aggregate
6,2020-05-16,35,96,287.59444,25.964779,7.864868,0.79542481,0.0091627275,0,False,register_operations_review,public-derived-entity-complete-daily-aggregate
6,2020-05-17,35,96,240.01875,20.703547,7.0865555,0.84040403,0.0013472222,0,False,register_operations_review,public-derived-entity-complete-daily-aggregate
6,2020-05-18,35,96,264.51597,21.239375,7.5636111,0.85073608,0.00282,0,False,register_operations_review,public-derived-entity-complete-daily-aggregate
6,2020-05-19,35,96,254.68611,25.195764,7.2893125,0.84189652,0.010569722,0,False,register_operations_review,public-derived-entity-complete-daily-aggregate
6,2020-05-20,35,96,190.34931,28.170347,5.5858333,0.83625828,0.013066389,0,False,register_operations_review,public-derived-entity-complete-daily-aggregate
6,2020-05-21,35,96,212.01181,27.684325,6.0513958,0.83267621,0.011188133,0,False,register_operations_review,public-derived-entity-complete-daily-aggregate
6,2020-05-22,35,96,274.27361,23.463566,7.7660625,0.79756799,0.0028005556,0,False,register_operations_review,public-derived-entity-complete-daily-aggregate
6,2020-05-23,35,96,73.966667,16.954432,2.384868,0.97420812,0,0,False,register_operations_review,public-derived-entity-complete-daily-aggregate
6,2020-05-24,35,96,235.64722,24.602604,6.8193403,0.84102159,0.0085355556,0,False,register_operations_review,public-derived-entity-complete-daily-aggregate
6,2020-05-25,35,96,70.55625,19.314742,2.1923889,0.87776785,0.00012980154,0,False,register_operations_review,public-derived-entity-complete-daily-aggregate
6,2020-05-26,35,96,29.398611,12.981032,0.99799306,0.92912464,0,0,False,register_operations_review,public-derived-entity-complete-daily-aggregate
6,2020-05-27,35,96,32.603472,11.807232,1.1996042,1.0064179,0,0,False,register_operations_review,public-derived-entity-complete-daily-aggregate
6,2020-05-28,35,96,31.544295,12.027417,1.1099653,1.0280583,0,0,False,register_operations_review,public-derived-entity-complete-daily-aggregate
6,2020-05-29,35,96,256.45972,16.78187,7.61275,0.89044571,0,0,False,register_operations_review,public-derived-entity-complete-daily-aggregate
6,2020-05-30,35,96,232.87292,21.770679,6.8507083,0.8635348,0.0028369445,0,False,register_operations_review,public-derived-entity-complete-daily-aggregate
6,2020-05-31,35,96,263.36389,24.460678,7.734507,0.85829247,0.0067152115,0,False,register_operations_review,public-derived-entity-complete-daily-aggregate
6,2020-06-01,35,96,267.38983,26.192549,7.6904375,0.83915594,0.0090163077,0,False,register_operations_review,public-derived-entity-complete-daily-aggregate
6,2020-06-02,35,96,283.02758,27.183053,7.8661667,0.8102192,0.011519742,0,False,register_operations_review,public-derived-entity-complete-daily-aggregate
6,2020-06-03,35,96,277.96806,24.429833,7.9248056,0.81646048,0.0065588889,0,False,register_operations_review,public-derived-entity-complete-daily-aggregate
6,2020-06-04,35,96,199.47222,25.142049,5.8844444,0.86664739,0.0065222223,0,False,register_operations_review,public-derived-entity-complete-daily-aggregate
6,2020-06-05,35,96,218.12014,25.726736,6.2037569,0.79391194,0.0066100001,0,False,register_operations_review,public-derived-entity-complete-daily-aggregate
6,2020-06-06,35,96,228.47986,27.404722,6.4926944,0.81550369,0.011297222,0,False,register_operations_review,public-derived-entity-complete-daily-aggregate
6,2020-06-07,35,96,276.95347,28.827778,7.7302153,0.80715284,0.015927222,0,False,register_operations_review,public-derived-entity-complete-daily-aggregate
6,2020-06-08,35,96,283.34931,29.311319,7.9438611,0.81389362,0.017981389,0,False,register_operations_review,public-derived-entity-complete-daily-aggregate
6,2020-06-09,35,96,245.54514,28.487292,6.7599723,0.81056745,0.015514167,0,False,register_operations_review,public-derived-entity-complete-daily-aggregate
6,2020-06-10,35,96,262.36667,26.330625,7.5279306,0.82551659,0.011344167,0,False,register_operations_review,public-derived-entity-complete-daily-aggregate
6,2020-06-11,35,96,248.99306,28.283542,7.2235417,0.83552794,0.014636111,0,False,register_operations_review,public-derived-entity-complete-daily-aggregate
6,2020-06-12,35,96,265.90347,28.898542,7.5520486,0.82814104,0.016913056,0,False,register_operations_review,public-derived-entity-complete-daily-aggregate
6,2020-06-13,35,96,265.69375,28.56368,7.5161111,0.82576701,0.014961944,0,False,register_operations_review,public-derived-entity-complete-daily-aggregate
6,2020-06-14,35,96,127.74653,21.222708,3.6901875,0.86506106,0.00024861112,0,False,register_operations_review,public-derived-entity-complete-daily-aggregate
6,2020-06-15,35,96,171.8434,22.675243,5.1302917,0.83675357,0.0020905554,0,False,register_operations_review,public-derived-entity-complete-daily-aggregate
6,2020-06-16,35,96,250.99444,26.725417,7.1282709,0.82093905,0.0093452776,0,False,register_operations_review,public-derived-entity-complete-daily-aggregate
6,2020-06-17,35,96,268.64236,28.376667,7.744625,0.84006239,0.014535,0,False,register_operations_review,public-derived-entity-complete-daily-aggregate
6,2020-06-18,35,96,180.77153,24.140833,5.4218056,0.85418779,0.0012197222,0,False,register_operations_review,public-derived-entity-complete-daily-aggregate
6,2020-06-19,35,96,202.34201,23.710417,5.9893334,0.8503317,0.0055227779,0,False,register_operations_review,public-derived-entity-complete-daily-aggregate
6,2020-06-20,35,96,255.99572,28.559572,7.4254375,0.83245648,0.014613287,0,False,register_operations_review,public-derived-entity-complete-daily-aggregate
6,2020-06-21,35,96,225.725,28.115489,6.6563472,0.87365965,0.012718909,0,False,register_operations_review,public-derived-entity-complete-daily-aggregate
6,2020-06-22,35,96,245.96597,27.835174,7.0541459,0.83864309,0.012916806,0,False,register_operations_review,public-derived-entity-complete-daily-aggregate
6,2020-06-23,35,96,276.89965,28.934683,7.8512361,0.8047147,0.016333036,0,False,register_operations_review,public-derived-entity-complete-daily-aggregate
6,2020-06-24,35,96,214.37639,25.149702,6.1303472,0.82871445,0.0061240277,0,False,register_operations_review,public-derived-entity-complete-daily-aggregate
6,2020-06-25,35,96,259.31574,26.936791,7.5210208,0.8559491,0.0090568847,0,False,register_operations_review,public-derived-entity-complete-daily-aggregate
6,2020-06-26,35,96,252.06875,27.979965,7.1884236,0.80352367,0.013186805,0,False,register_operations_review,public-derived-entity-complete-daily-aggregate
6,2020-06-27,35,96,246.11963,28.113773,6.9760278,0.81322745,0.013405231,0,False,register_operations_review,public-derived-entity-complete-daily-aggregate
6,2020-06-28,35,96,274.45729,28.497153,7.9188958,0.81956808,0.015295,0,False,register_operations_review,public-derived-entity-complete-daily-aggregate
6,2020-06-29,35,96,268.10946,29.304777,7.4930973,0.81525759,0.017249246,0,False,register_operations_review,public-derived-entity-complete-daily-aggregate
6,2020-06-30,35,96,88.405556,23.248264,2.7560625,0.85668671,0.0020323611,0,False,register_operations_review,public-derived-entity-complete-daily-aggregate
6,2020-07-01,35,96,137.2125,21.717034,4.1523195,0.93638963,0.00030236113,0,False,register_operations_review,public-derived-entity-complete-daily-aggregate
6,2020-07-02,35,96,164.98704,24.299109,4.8893472,0.8584447,0.0036949537,0,False,register_operations_review,public-derived-entity-complete-daily-aggregate
6,2020-07-03,35,96,111.04013,23.76745,3.3653542,0.86239364,0.0016127182,0,False,register_operations_review,public-derived-entity-complete-daily-aggregate
6,2020-07-04,35,96,166.42697,23.792488,4.9150903,0.85188481,0.0025662037,0,False,register_operations_review,public-derived-entity-complete-daily-aggregate
6,2020-07-05,35,96,198.40972,25.446285,5.8684653,0.85148354,0.0061697222,0,False,register_operations_review,public-derived-entity-complete-daily-aggregate
6,2020-07-06,35,96,224.47222,26.662502,6.5056875,0.85041354,0.0094267725,0,False,register_operations_review,public-derived-entity-complete-daily-aggregate
6,2020-07-07,35,96,187.60174,27.02745,5.4676667,0.86866018,0.0091958929,0,False,register_operations_review,public-derived-entity-complete-daily-aggregate
6,2020-07-08,35,96,141.86111,25.689236,4.2689723,0.86173014,0.0041994444,0,False,register_operations_review,public-derived-entity-complete-daily-aggregate
6,2020-07-09,35,96,131.94769,23.811887,4.0021736,0.86527066,0.0012570834,0,False,register_operations_review,public-derived-entity-complete-daily-aggregate
6,2020-07-10,35,96,180.12083,25.475243,5.4585764,0.87233704,0.0047451388,0,False,register_operations_review,public-derived-entity-complete-daily-aggregate
6,2020-07-11,35,96,186.25232,26.873467,5.4685278,0.84346462,0.0089995833,0,False,register_operations_review,public-derived-entity-complete-daily-aggregate
6,2020-07-12,35,96,112.75253,23.803879,3.4417778,0.88896311,0.0016587104,0,False,register_operations_review,public-derived-entity-complete-daily-aggregate
6,2020-07-13,35,96,93.387384,21.107986,3.0381458,0.90630769,0,0,False,register_operations_review,public-derived-entity-complete-daily-aggregate
6,2020-07-14,35,96,119.65159,22.942711,3.7662083,0.88978322,0.0014857738,0,False,register_operations_review,public-derived-entity-complete-daily-aggregate
6,2020-07-15,35,96,144.41898,25.198241,4.3661111,0.86374087,0.0038338889,0,False,register_operations_review,public-derived-entity-complete-daily-aggregate
6,2020-07-16,35,96,175.97371,26.456763,5.1207083,0.828835,0.0076540873,0,False,register_operations_review,public-derived-entity-complete-daily-aggregate
6,2020-07-17,35,96,50.161343,22.181538,1.7004236,0.93263574,0.00021958333,0,False,register_operations_review,public-derived-entity-complete-daily-aggregate
6,2020-07-18,35,96,89.114782,21.459692,2.8119097,0.8727086,2.97625e-07,0,False,register_operations_review,public-derived-entity-complete-daily-aggregate
6,2020-07-19,35,96,94.28507,21.505417,3.0447639,0.93365629,1.0833333e-05,0,False,register_operations_review,public-derived-entity-complete-daily-aggregate
6,2020-07-20,35,96,69.148661,19.393581,2.2058403,0.96376616,0,0,False,register_operations_review,public-derived-entity-complete-daily-aggregate
6,2020-07-21,35,96,165.32569,23.133576,4.9017361,0.85916382,0.0033356945,0,False,register_operations_review,public-derived-entity-complete-daily-aggregate
6,2020-07-22,35,96,260.72346,26.220534,7.069375,0.79113377,0.0077711111,0,False,register_operations_review,public-derived-entity-complete-daily-aggregate
6,2020-07-23,35,96,248.89757,26.462222,7.0040625,0.83807449,0.0077968055,0,False,register_operations_review,public-derived-entity-complete-daily-aggregate
6,2020-07-24,35,96,263.77738,26.582986,7.2985278,0.79263688,0.0089498612,0,False,register_operations_review,public-derived-entity-complete-daily-aggregate
6,2020-07-25,35,96,228.39826,27.344444,6.4792986,0.8198075,0.010086944,0,False,register_operations_review,public-derived-entity-complete-daily-aggregate
6,2020-07-26,35,96,36.952149,21.459119,1.2635382,0.9831182,0.0010280556,0,False,register_operations_review,public-derived-entity-complete-daily-aggregate
6,2020-07-27,35,96,241.99306,22.057187,7.0166215,0.88293499,0.0032719444,0,False,register_operations_review,public-derived-entity-complete-daily-aggregate
6,2020-07-28,35,96,278.07446,25.448075,7.7458368,0.82035276,0.0083627181,0,False,register_operations_review,public-derived-entity-complete-daily-aggregate
6,2020-07-29,35,96,255.22813,26.851806,7.0390486,0.81559772,0.0092238888,0,False,register_operations_review,public-derived-entity-complete-daily-aggregate
6,2020-07-30,35,96,189.2121,26.938185,5.4557882,0.82581635,0.0082867658,0,False,register_operations_review,public-derived-entity-complete-daily-aggregate
6,2020-07-31,35,96,160.96931,25.76568,4.8427569,0.87030965,0.0043049539,0,False,register_operations_review,public-derived-entity-complete-daily-aggregate
6,2020-08-01,35,96,263.91751,24.099931,7.3341577,0.83169601,0.0048456944,0,False,register_operations_review,public-derived-entity-complete-daily-aggregate
6,2020-08-02,35,96,273.39692,26.217159,7.5017188,0.78612957,0.009003836,0,False,register_operations_review,public-derived-entity-complete-daily-aggregate
6,2020-08-03,35,96,256.84491,26.537963,6.8694167,0.78734897,0.0082997222,0,False,register_operations_review,public-derived-entity-complete-daily-aggregate
6,2020-08-04,35,96,237.33075,25.975858,0,,0.0078263426,0,False,register_operations_review,public-derived-entity-complete-daily-aggregate
6,2020-08-05,35,96,295.96344,28.371341,0,,0.014008141,0,False,register_operations_review,public-derived-entity-complete-daily-aggregate
6,2020-08-06,35,96,273.51979,28.343889,7.2812847,0.73319134,0.013905,0,False,register_operations_review,public-derived-entity-complete-daily-aggregate
6,2020-08-07,35,96,135.65521,26.064458,4.0630555,0.86431384,0.0054631084,0,False,register_operations_review,public-derived-entity-complete-daily-aggregate
6,2020-08-08,35,96,208.74163,25.280522,5.9181702,0.84240365,0.0053938888,0,False,register_operations_review,public-derived-entity-complete-daily-aggregate
6,2020-08-09,35,96,176.9312,22.24541,5.2648755,0.86286789,0.0010094443,0,False,register_operations_review,public-derived-entity-complete-daily-aggregate
6,2020-08-10,35,96,192.82222,22.999167,5.9354965,0.90813422,0.001918889,0,False,register_operations_review,public-derived-entity-complete-daily-aggregate
6,2020-08-11,35,96,172.61806,24.96998,5.0975694,0.8422616,0.0044293056,0,False,register_operations_review,public-derived-entity-complete-daily-aggregate
6,2020-08-12,35,96,154.95691,25.553295,4.6282118,0.85713735,0.0046423478,0,False,register_operations_review,public-derived-entity-complete-daily-aggregate
6,2020-08-13,35,96,47.36713,20.426979,1.6242604,0.95407541,3.125e-05,0,False,register_operations_review,public-derived-entity-complete-daily-aggregate
6,2020-08-14,35,96,171.97153,22.980035,4.9780868,0.84823493,0.0016994445,0,False,register_operations_review,public-derived-entity-complete-daily-aggregate
6,2020-08-15,35,96,164.0193,24.995258,4.7709514,0.84355415,0.0029713096,0,False,register_operations_review,public-derived-entity-complete-daily-aggregate
6,2020-08-16,35,96,119.49211,22.835858,3.707125,0.90204578,0.00024069442,0,False,register_operations_review,public-derived-entity-complete-daily-aggregate
6,2020-08-17,35,96,76.548958,20.399633,2.4948935,0.90706138,0,0,False,register_operations_review,public-derived-entity-complete-daily-aggregate
6,2020-08-18,35,96,46.392038,18.344606,1.548349,0.90602413,0,0,False,register_operations_review,public-derived-entity-complete-daily-aggregate
6,2020-08-19,35,96,45.027778,15.576354,1.588934,0.94363793,0,0,False,register_operations_review,public-derived-entity-complete-daily-aggregate
6,2020-08-20,35,96,175.70868,19.528275,5.3663021,0.91868424,0.00015013892,0,False,register_operations_review,public-derived-entity-complete-daily-aggregate
6,2020-08-21,35,96,311.6995,23.801369,8.2695313,0.80231176,0.0046407143,0,False,register_operations_review,public-derived-entity-complete-daily-aggregate
6,2020-08-22,35,96,302.16126,26.027073,7.9804583,0.7844499,0.0071235715,0,False,register_operations_review,public-derived-entity-complete-daily-aggregate
6,2020-08-23,35,96,243.95569,25.367617,6.7174791,0.82592406,0.0055351521,0,False,register_operations_review,public-derived-entity-complete-daily-aggregate
6,2020-08-24,35,96,32.666319,20.096863,1.0601528,0.81333511,5e-05,0,False,register_operations_review,public-derived-entity-complete-daily-aggregate
6,2020-08-25,35,96,268.47793,22.438933,7.4133507,0.88622823,0.0034126388,0,False,register_operations_review,public-derived-entity-complete-daily-aggregate
6,2020-08-26,35,96,319.44306,24.536424,8.3999653,0.799022,0.0074716667,0,False,register_operations_review,public-derived-entity-complete-daily-aggregate
6,2020-08-27,35,96,316.04514,26.478443,8.2079965,0.76649939,0.0099850002,0,False,register_operations_review,public-derived-entity-complete-daily-aggregate
6,2020-08-28,35,96,261.92202,21.842455,7.3192465,0.79985201,0.00205625,0,False,register_operations_review,public-derived-entity-complete-daily-aggregate
6,2020-08-29,35,96,195.64112,21.686686,5.2671111,0.7942662,0.00032134921,0.010416667,False,register_operations_review,public-derived-entity-complete-daily-aggregate
6,2020-08-30,35,96,51.126339,20.77692,1.7027986,0.88742002,0,0,False,register_operations_review,public-derived-entity-complete-daily-aggregate
6,2020-08-31,35,96,118.85084,19.911548,3.6450139,0.87104861,0,0,False,register_operations_review,public-derived-entity-complete-daily-aggregate
6,2020-09-01,35,96,293.97495,21.853393,7.8908993,0.84334985,0.0019931348,0,False,register_operations_review,public-derived-entity-complete-daily-aggregate
6,2020-09-02,35,96,322.74132,24.186994,8.4245347,0.7830488,0.0053019643,0,False,register_operations_review,public-derived-entity-complete-daily-aggregate
6,2020-09-03,35,96,235.91701,24.82625,6.5330799,0.79947228,0.0037620835,0,False,register_operations_review,public-derived-entity-complete-daily-aggregate
6,2020-09-04,35,96,140.96711,23.91937,4.2024271,0.85531362,0.0010251191,0,False,register_operations_review,public-derived-entity-complete-daily-aggregate
6,2020-09-05,35,96,197.14653,24.73941,5.5690243,0.80007166,0.0045690278,0,False,register_operations_review,public-derived-entity-complete-daily-aggregate
6,2020-09-06,35,96,93.016617,21.09748,2.9910555,0.89057597,4.722225e-05,0,False,register_operations_review,public-derived-entity-complete-daily-aggregate
6,2020-09-07,35,96,280.56268,22.779669,7.5176215,0.78742478,0.0019039351,0,False,register_operations_review,public-derived-entity-complete-daily-aggregate
6,2020-09-08,35,96,98.805555,22.660099,3.0302188,0.87614768,0.00034585321,0,False,register_operations_review,public-derived-entity-complete-daily-aggregate
6,2020-09-09,35,96,207.25213,23.694944,5.7256909,0.80374796,0.0022380093,0,False,register_operations_review,public-derived-entity-complete-daily-aggregate
6,2020-09-10,35,96,30.17118,20.342307,1.0103264,0.88385406,0,0,False,register_operations_review,public-derived-entity-complete-daily-aggregate
6,2020-09-11,35,96,133.07574,20.636493,4.0995,0.92042028,7.7380958e-05,0,False,register_operations_review,public-derived-entity-complete-daily-aggregate
6,2020-09-12,35,96,125.60868,20.249965,3.6241458,0.84432489,0,0,False,register_operations_review,public-derived-entity-complete-daily-aggregate
6,2020-09-13,35,96,78.173727,19.367141,2.4048438,0.87188063,0,0,False,register_operations_review,public-derived-entity-complete-daily-aggregate
6,2020-09-14,35,96,142.25749,20.769891,3.9609062,0.80484315,0.0001394445,0,False,register_operations_review,public-derived-entity-complete-daily-aggregate
6,2020-09-15,35,96,217.02743,23.556324,5.8062813,0.79415431,0.0020802382,0,False,register_operations_review,public-derived-entity-complete-daily-aggregate
6,2020-09-16,35,96,221.83398,24.132998,5.9562951,0.77682281,0.0022998611,0,False,register_operations_review,public-derived-entity-complete-daily-aggregate
6,2020-09-17,35,96,83.388294,20.458576,2.6468609,0.86324585,0,0,False,register_operations_review,public-derived-entity-complete-daily-aggregate
6,2020-09-18,35,96,68.809722,17.98772,2.2027639,0.90181954,0,0,False,register_operations_review,public-derived-entity-complete-daily-aggregate
6,2020-09-19,35,96,228.82227,20.454582,6.5486354,0.86410634,0.00025486112,0,False,register_operations_review,public-derived-entity-complete-daily-aggregate
6,2020-09-20,35,96,209.65394,23.253657,5.5823924,0.77245199,0.0014124537,0,False,register_operations_review,public-derived-entity-complete-daily-aggregate
6,2020-09-21,35,96,309.52813,24.594438,8.0534166,0.75465416,0.0047838425,0,False,register_operations_review,public-derived-entity-complete-daily-aggregate
6,2020-09-22,35,96,232.56701,23.226027,6.2027708,0.80288048,0.0023726389,0,False,register_operations_review,public-derived-entity-complete-daily-aggregate
6,2020-09-23,35,96,36.878472,16.551557,0,,0,0,False,register_operations_review,public-derived-entity-complete-daily-aggregate
6,2020-09-24,35,96,66.577778,17.878218,2.1170799,0.81556787,0,0,False,register_operations_review,public-derived-entity-complete-daily-aggregate
6,2020-09-25,35,96,227.43681,22.698229,6.1548368,0.79011064,0.001678287,0,False,register_operations_review,public-derived-entity-complete-daily-aggregate
6,2020-09-26,35,96,92.776389,19.293727,2.7666458,0.82751079,0,0,False,register_operations_review,public-derived-entity-complete-daily-aggregate
6,2020-09-27,35,96,294.78368,21.250937,7.5283355,0.73273478,0.0015433334,0,False,register_operations_review,public-derived-entity-complete-daily-aggregate
6,2020-09-28,35,96,309.96662,25.04514,7.8824757,0.73667723,0.0048490908,0,False,register_operations_review,public-derived-entity-complete-daily-aggregate
6,2020-09-29,35,96,287.64846,23.860427,7.256493,0.72381173,0.0022809722,0,False,register_operations_review,public-derived-entity-complete-daily-aggregate
6,2020-09-30,35,96,265.19559,23.34558,6.946934,0.7609812,0.0035009723,0,False,register_operations_review,public-derived-entity-complete-daily-aggregate
6,2020-10-01,35,96,329.83835,25.765436,8.1126944,0.71071517,0.0062138293,0,False,register_operations_review,public-derived-entity-complete-daily-aggregate
6,2020-10-02,35,96,290.69921,25.659483,7.6284896,0.78521587,0.005918628,0,False,register_operations_review,public-derived-entity-complete-daily-aggregate
6,2020-10-03,35,96,273.08542,25.029757,6.9562604,0.73941805,0.0037906944,0,False,register_operations_review,public-derived-entity-complete-daily-aggregate
6,2020-10-04,35,96,322.63056,24.884375,8.02875,0.70699558,0.0047286111,0,False,register_operations_review,public-derived-entity-complete-daily-aggregate
6,2020-10-05,35,96,277.65208,24.810521,7.0301771,0.74253507,0.0043870833,0,False,register_operations_review,public-derived-entity-complete-daily-aggregate
6,2020-10-06,35,96,190.21905,24.218747,5.13,0.79464518,0.0021335119,0,False,register_operations_review,public-derived-entity-complete-daily-aggregate
6,2020-10-07,35,96,148.07049,22.23438,4.3133576,0.83437679,0.00029013896,0,False,register_operations_review,public-derived-entity-complete-daily-aggregate
6,2020-10-08,35,96,272.62535,23.240208,6.7944236,0.75519399,0.0026841667,0,False,register_operations_review,public-derived-entity-complete-daily-aggregate
6,2020-10-09,35,96,58.6125,22.861597,1.8261458,0.87693582,2.1666667e-05,0,False,register_operations_review,public-derived-entity-complete-daily-aggregate
6,2020-10-10,35,96,148.56701,22.01938,4.27,0.84533914,5.875e-05,0,False,register_operations_review,public-derived-entity-complete-daily-aggregate
6,2020-10-11,35,96,218.88194,23.016563,5.6565972,0.82710545,0.0013965278,0,False,register_operations_review,public-derived-entity-complete-daily-aggregate
6,2020-10-12,35,96,206.70012,22.859208,5.466125,0.78328803,0.0005575,0,False,register_operations_review,public-derived-entity-complete-daily-aggregate
6,2020-10-13,35,96,225.77639,22.69684,5.7101111,0.77016143,0.0012084723,0,False,register_operations_review,public-derived-entity-complete-daily-aggregate
6,2020-10-14,35,96,256.01404,23.272371,6.3424306,0.73876185,0.0019315278,0,False,register_operations_review,public-derived-entity-complete-daily-aggregate
6,2020-10-15,35,96,323.05139,21.928368,7.8825972,0.70713694,0.0015052778,0,False,register_operations_review,public-derived-entity-complete-daily-aggregate
6,2020-10-16,35,96,40.809672,16.01246,1.3892986,0.93665364,0,0,False,register_operations_review,public-derived-entity-complete-daily-aggregate
6,2020-10-17,35,96,38.112847,12.419757,1.338743,0.99066307,0,0,False,register_operations_review,public-derived-entity-complete-daily-aggregate
6,2020-10-18,35,96,28.055208,13.506285,0.97080555,0.93301153,0,0,False,register_operations_review,public-derived-entity-complete-daily-aggregate
6,2020-10-19,35,96,27.771677,12.666905,0.92284722,0.89831786,0,0,False,register_operations_review,public-derived-entity-complete-daily-aggregate
6,2020-10-20,35,96,26.534028,13.077341,0.81047222,0.82971731,0,0,False,register_operations_review,public-derived-entity-complete-daily-aggregate
6,2020-10-21,35,96,72.766369,10.673041,2.5257291,0.96067338,0,0,False,register_operations_review,public-derived-entity-complete-daily-aggregate
6,2020-10-22,35,96,138.58542,12.620278,4.136757,0.85076216,0,0,False,register_operations_review,public-derived-entity-complete-daily-aggregate
6,2020-10-23,35,96,149.2919,14.693365,4.3019306,0.8687768,0,0,False,register_operations_review,public-derived-entity-complete-daily-aggregate
6,2020-10-24,35,96,237.10521,17.292743,6.2494236,0.79601511,0,0,False,register_operations_review,public-derived-entity-complete-daily-aggregate
6,2020-10-25,35,96,316.88055,20.124236,7.8624653,0.68442254,0.00064638887,0,False,register_operations_review,public-derived-entity-complete-daily-aggregate
6,2020-10-26,35,96,272.93819,22.0175,6.8659305,0.71940678,0.0011161112,0,False,register_operations_review,public-derived-entity-complete-daily-aggregate
6,2020-10-27,35,96,297.01319,23.341806,7.3692222,0.70510959,0.0014558335,0,False,register_operations_review,public-derived-entity-complete-daily-aggregate
6,2020-10-28,35,96,238.80764,21.824028,6.126382,0.74691559,0.00074444442,0,False,register_operations_review,public-derived-entity-complete-daily-aggregate
6,2020-10-29,35,96,267.83287,21.854178,6.6158437,0.71381996,0.00055277779,0,False,register_operations_review,public-derived-entity-complete-daily-aggregate
6,2020-10-30,35,96,105.15104,19.488819,3.2102535,0.8557167,0,0,False,register_operations_review,public-derived-entity-complete-daily-aggregate
6,2020-10-31,35,96,99.716617,20.646954,2.9412118,0.84091942,0,0,False,register_operations_review,public-derived-entity-complete-daily-aggregate
6,2020-11-01,35,96,186.23912,22.020741,5.005007,0.7865994,0.00035819442,0,False,register_operations_review,public-derived-entity-complete-daily-aggregate
6,2020-11-02,35,96,28.255555,15.150394,0.93746875,0.88527441,0,0,False,register_operations_review,public-derived-entity-complete-daily-aggregate
6,2020-11-03,35,96,26.892163,11.177485,0.92608333,0.93705419,0,0,False,register_operations_review,public-derived-entity-complete-daily-aggregate
6,2020-11-04,35,96,118.54097,13.471875,3.324993,0.83667657,0,0,False,register_operations_review,public-derived-entity-complete-daily-aggregate
6,2020-11-05,35,96,302.63958,18.114722,7.1403333,0.63687321,5.5558333e-07,0.03125,False,register_operations_review,public-derived-entity-complete-daily-aggregate
6,2020-11-06,35,96,320.63958,19.267917,7.8366319,0.6731484,0,0,False,register_operations_review,public-derived-entity-complete-daily-aggregate
6,2020-11-07,35,96,317.3,18.344803,7.8917951,0.67648004,0,0,False,register_operations_review,public-derived-entity-complete-daily-aggregate
6,2020-11-08,35,96,299.28368,17.870139,7.4225035,0.6793928,0,0,False,register_operations_review,public-derived-entity-complete-daily-aggregate
6,2020-11-09,35,96,48.695833,14.496285,1.7217465,0.96515969,0,0,False,register_operations_review,public-derived-entity-complete-daily-aggregate
6,2020-11-10,35,96,143.44803,13.162454,3.9697465,0.82671252,0,0,False,register_operations_review,public-derived-entity-complete-daily-aggregate
6,2020-11-11,35,96,266.89453,15.302118,6.8668264,0.71435952,0,0,False,register_operations_review,public-derived-entity-complete-daily-aggregate
6,2020-11-12,35,96,292.44988,16.597153,7.375434,0.71760101,0,0,False,register_operations_review,public-derived-entity-complete-daily-aggregate
6,2020-11-13,35,96,231.83125,16.932763,6.0216354,0.74225355,0,0,False,register_operations_review,public-derived-entity-complete-daily-aggregate
6,2020-11-14,35,96,278.16934,17.309003,7.0504514,0.72159476,0,0,False,register_operations_review,public-derived-entity-complete-daily-aggregate
6,2020-11-15,35,96,300.83924,17.198436,7.4572396,0.69163329,0,0,False,register_operations_review,public-derived-entity-complete-daily-aggregate
6,2020-11-16,35,96,309.70273,17.940372,7.6221771,0.68597241,0,0,False,register_operations_review,public-derived-entity-complete-daily-aggregate
6,2020-11-17,35,96,268.25069,19.364155,6.7273403,0.70899231,0,0.010416667,False,register_operations_review,public-derived-entity-complete-daily-aggregate
6,2020-11-18,35,96,305.93611,18.256458,7.5005486,0.6968697,0,0.010416667,False,register_operations_review,public-derived-entity-complete-daily-aggregate
6,2020-11-19,35,96,319.37882,17.157569,7.7794166,0.65763176,0,0.010416667,False,register_operations_review,public-derived-entity-complete-daily-aggregate
6,2020-11-20,35,96,323.80961,17.422396,7.8926771,0.6667616,0,0.010416667,False,register_operations_review,public-derived-entity-complete-daily-aggregate
6,2020-11-21,35,96,324.36459,18.274456,7.9060486,0.66964476,7.5e-06,0.010416667,False,register_operations_review,public-derived-entity-complete-daily-aggregate
6,2020-11-22,35,96,195.44271,17.465203,5.2497708,0.75854403,0,0,False,register_operations_review,public-derived-entity-complete-daily-aggregate
6,2020-11-23,35,96,303.94132,18.202558,7.3591285,0.66342484,0,0,False,register_operations_review,public-derived-entity-complete-daily-aggregate
6,2020-11-24,35,96,302.12292,17.91125,7.3141042,0.66036601,0,0.010416667,False,register_operations_review,public-derived-entity-complete-daily-aggregate
6,2020-11-25,35,96,321.15347,17.868333,7.7028403,0.65812522,0,0.010416667,False,register_operations_review,public-derived-entity-complete-daily-aggregate
6,2020-11-26,35,96,319.35903,16.750417,7.6591945,0.65130907,0,0.020833333,False,register_operations_review,public-derived-entity-complete-daily-aggregate
6,2020-11-27,35,96,286.9375,15.270556,7.0105416,0.67058418,0,0.020833333,False,register_operations_review,public-derived-entity-complete-daily-aggregate
6,2020-11-28,35,96,167.16528,14.877153,4.2021528,0.73602099,0,0.03125,False,register_operations_review,public-derived-entity-complete-daily-aggregate
6,2020-11-29,35,96,259.32639,14.411181,6.5706806,0.70096518,0,0,False,register_operations_review,public-derived-entity-complete-daily-aggregate
6,2020-11-30,35,96,253.63333,14.537917,6.3367431,0.69887438,0,0,False,register_operations_review,public-derived-entity-complete-daily-aggregate
6,2020-12-01,35,96,296.39514,15.53875,7.2578889,0.65759618,0,0.010416667,False,register_operations_review,public-derived-entity-complete-daily-aggregate
6,2020-12-02,35,96,292.28542,15.666042,7.1762431,0.65723069,0,0.010416667,False,register_operations_review,public-derived-entity-complete-daily-aggregate
6,2020-12-03,35,96,272.25972,14.662917,6.8299166,0.68237188,0,0,False,register_operations_review,public-derived-entity-complete-daily-aggregate
6,2020-12-04,35,96,250.70243,13.824811,6.3703125,0.72364264,0,0,False,register_operations_review,public-derived-entity-complete-daily-aggregate
6,2020-12-05,35,96,282.24583,15.196319,6.7825764,0.63836647,0,0.041666667,False,register_operations_review,public-derived-entity-complete-daily-aggregate
6,2020-12-06,35,96,301.22083,15.552778,7.2770347,0.63677845,0,0.03125,False,register_operations_review,public-derived-entity-complete-daily-aggregate
6,2020-12-07,35,96,262.47083,14.992639,6.4831597,0.66576489,0,0.020833333,False,register_operations_review,public-derived-entity-complete-daily-aggregate
6,2020-12-08,35,96,297.73889,14.056042,7.1829236,0.63380334,0,0.03125,False,register_operations_review,public-derived-entity-complete-daily-aggregate
6,2020-12-09,35,96,290.80347,14.748958,7.0207083,0.63913939,0,0.020833333,False,register_operations_review,public-derived-entity-complete-daily-aggregate
6,2020-12-10,35,96,168.52917,13.508194,4.2389306,0.703988,0,0.010416667,False,register_operations_review,public-derived-entity-complete-daily-aggregate
6,2020-12-11,35,96,294.28333,14.692986,7.0232152,0.64431443,0,0.03125,False,register_operations_review,public-derived-entity-complete-daily-aggregate
6,2020-12-12,35,96,295.30139,15.8475,6.996118,0.64035616,0,0.041666667,False,register_operations_review,public-derived-entity-complete-daily-aggregate
6,2020-12-13,35,96,303.7375,18.970417,7.1684722,0.63361604,2.2222083e-06,0.041666667,False,register_operations_review,public-derived-entity-complete-daily-aggregate
6,2020-12-14,35,96,304.53681,18.586667,7.1914375,0.63418984,0,0.041666667,False,register_operations_review,public-derived-entity-complete-daily-aggregate
6,2020-12-15,35,96,298.19792,18.315208,7.0219028,0.63258994,0,0.041666667,False,register_operations_review,public-derived-entity-complete-daily-aggregate
6,2020-12-16,35,96,303.6757,18.54132,7.0210764,0.62182392,0,0.041666667,False,register_operations_review,public-derived-entity-complete-daily-aggregate
6,2020-12-17,35,96,301.45417,18.864236,7.0969028,0.63191198,0,0.041666667,False,register_operations_review,public-derived-entity-complete-daily-aggregate
6,2020-12-18,35,96,276.13681,17.019236,6.5607083,0.63964259,0,0.03125,False,register_operations_review,public-derived-entity-complete-daily-aggregate
6,2020-12-19,35,96,281.31042,13.279583,6.7609375,0.643813,0,0.020833333,False,register_operations_review,public-derived-entity-complete-daily-aggregate
6,2020-12-20,35,96,205.92083,10.310625,5.2544514,0.73912396,0,0,False,register_operations_review,public-derived-entity-complete-daily-aggregate
6,2020-12-21,35,96,210.53403,11.399514,5.1093958,0.71225771,0,0.010416667,False,register_operations_review,public-derived-entity-complete-daily-aggregate
6,2020-12-22,35,96,194.90625,11.623264,4.7720347,0.70233004,0,0,False,register_operations_review,public-derived-entity-complete-daily-aggregate
6,2020-12-23,35,96,244.45139,12.246458,5.7642292,0.64372863,0,0.03125,False,register_operations_review,public-derived-entity-complete-daily-aggregate
6,2020-12-24,35,96,267.25278,12.455625,6.3114097,0.63986655,0,0.03125,False,register_operations_review,public-derived-entity-complete-daily-aggregate
6,2020-12-25,35,96,294.19375,15.893472,6.8069514,0.60523963,0,0.041666667,False,register_operations_review,public-derived-entity-complete-daily-aggregate
6,2020-12-26,35,96,289.57153,16.248611,6.6625278,0.60175287,0,0.052083333,False,register_operations_review,public-derived-entity-complete-daily-aggregate
6,2020-12-27,35,96,268.0118,14.322222,6.2585486,0.60826019,0,0.041666667,False,register_operations_review,public-derived-entity-complete-daily-aggregate
6,2020-12-28,35,96,293.87569,15.897292,6.7610833,0.60017751,0,0.052083333,False,register_operations_review,public-derived-entity-complete-daily-aggregate
6,2020-12-29,35,96,294.58264,15.818681,6.7041389,0.59958832,0,0.0625,False,register_operations_review,public-derived-entity-complete-daily-aggregate
6,2020-12-30,35,96,131.00069,8.9421527,3.3242916,0.69729083,0,0,False,register_operations_review,public-derived-entity-complete-daily-aggregate
6,2020-12-31,35,96,252.91111,13.100556,6.0165694,0.66028788,0,0.010416667,False,register_operations_review,public-derived-entity-complete-daily-aggregate
7,2019-01-01,30,96,270.025,5.1501389,6.8394861,0.8577936,0,0,False,register_operations_review,public-derived-entity-complete-daily-aggregate
7,2019-01-02,30,96,278.38542,5.5585417,7.0723264,0.8502583,0,0,False,register_operations_review,public-derived-entity-complete-daily-aggregate
7,2019-01-03,30,96,257.125,6.415,6.5425695,0.84044335,0,0,False,register_operations_review,public-derived-entity-complete-daily-aggregate
7,2019-01-04,30,96,286.8875,6.1958333,7.1781458,0.82104757,0,0,False,register_operations_review,public-derived-entity-complete-daily-aggregate
7,2019-01-05,30,96,292.02292,6.9598611,7.2587361,0.83098154,0,0,False,register_operations_review,public-derived-entity-complete-daily-aggregate
7,2019-01-06,30,96,285.66528,8.3570139,7.2053403,0.82355306,0,0,False,register_operations_review,public-derived-entity-complete-daily-aggregate
7,2019-01-07,30,96,292.91875,10.427431,7.3281458,0.82638894,0,0,False,register_operations_review,public-derived-entity-complete-daily-aggregate
7,2019-01-08,30,96,54.613194,7.4275,1.7480069,1.036563,0,0,False,register_operations_review,public-derived-entity-complete-daily-aggregate
7,2019-01-09,30,96,263.93819,6.4654167,6.8565347,0.84330436,0,0,False,register_operations_review,public-derived-entity-complete-daily-aggregate
7,2019-01-10,30,96,118.43958,5.5236458,3.1499028,0.89825851,0,0,False,register_operations_review,public-derived-entity-complete-daily-aggregate
7,2019-01-11,30,96,286.31944,5.829375,7.2527084,0.84261302,0,0,False,register_operations_review,public-derived-entity-complete-daily-aggregate
7,2019-01-12,30,96,295.30868,8.2746181,7.4253298,0.81405018,0,0,False,register_operations_review,public-derived-entity-complete-daily-aggregate
7,2019-01-13,30,96,295.425,9.1490972,7.3691181,0.80546973,0,0,False,register_operations_review,public-derived-entity-complete-daily-aggregate
7,2019-01-14,30,96,293.28889,10.394375,7.3476319,0.82490389,0,0,False,register_operations_review,public-derived-entity-complete-daily-aggregate
7,2019-01-15,30,96,276.74306,7.1270834,6.9963264,0.83433563,0,0,False,register_operations_review,public-derived-entity-complete-daily-aggregate
7,2019-01-16,30,96,66.597917,4.3888492,7.3237465,0.76389477,0,0,False,register_operations_review,public-derived-entity-complete-daily-aggregate
7,2019-01-17,30,96,284.63889,5.7529713,7.1467431,0.82425277,0,0,False,register_operations_review,public-derived-entity-complete-daily-aggregate
7,2019-01-18,30,96,289.45546,7.4461409,7.5593299,0.85640355,0,0,False,register_operations_review,public-derived-entity-complete-daily-aggregate
7,2019-01-19,30,96,292.88958,7.7741667,7.5708472,0.85846931,0,0,False,register_operations_review,public-derived-entity-complete-daily-aggregate
7,2019-01-20,30,96,285.03611,5.8417535,7.3620625,0.86662396,0,0,False,register_operations_review,public-derived-entity-complete-daily-aggregate
7,2019-01-21,30,96,281.15694,6.0519792,7.2719479,0.86786962,0,0,False,register_operations_review,public-derived-entity-complete-daily-aggregate
7,2019-01-22,30,96,266.65833,6.9819445,6.8683576,0.85567856,0,0,False,register_operations_review,public-derived-entity-complete-daily-aggregate
7,2019-01-23,30,96,287.38785,8.3180556,7.3547014,0.8615086,0,0,False,register_operations_review,public-derived-entity-complete-daily-aggregate
7,2019-01-24,30,96,295.7191,9.5420486,7.5218784,0.83156202,0,0,False,register_operations_review,public-derived-entity-complete-daily-aggregate
7,2019-01-25,30,96,300.97743,9.4027431,7.4689271,0.81370542,0,0,False,register_operations_review,public-derived-entity-complete-daily-aggregate
7,2019-01-26,30,96,294.70417,9.5697917,7.4557083,0.83050946,0,0,False,register_operations_review,public-derived-entity-complete-daily-aggregate
7,2019-01-27,30,96,292.85139,10.994167,7.5050764,0.84143778,0,0,False,register_operations_review,public-derived-entity-complete-daily-aggregate
7,2019-01-28,30,96,285.57292,10.317882,7.2574375,0.84370368,0,0,False,register_operations_review,public-derived-entity-complete-daily-aggregate
7,2019-01-29,30,96,214.90833,8.5467361,5.4416806,0.88772642,0,0,False,register_operations_review,public-derived-entity-complete-daily-aggregate
7,2019-01-30,30,96,201.2184,6.2898611,5.5145764,0.88149901,0,0,False,register_operations_review,public-derived-entity-complete-daily-aggregate
7,2019-01-31,30,96,301.5441,6.3788541,7.8158333,0.89113752,0,0,False,register_operations_review,public-derived-entity-complete-daily-aggregate
7,2019-02-01,30,96,305.74931,9.763507,7.8448229,0.88954047,0,0,False,register_operations_review,public-derived-entity-complete-daily-aggregate
7,2019-02-02,30,96,307.40833,11.228993,8.0251458,0.88291996,0,0,False,register_operations_review,public-derived-entity-complete-daily-aggregate
7,2019-02-03,30,96,316.44028,9.4276388,8.1515139,0.88231203,0,0,False,register_operations_review,public-derived-entity-complete-daily-aggregate
7,2019-02-04,30,96,308.29097,8.3663889,7.9689514,0.85768423,0,0,False,register_operations_review,public-derived-entity-complete-daily-aggregate
7,2019-02-05,30,96,314.75486,9.3104861,7.9212708,0.82995886,0,0,False,register_operations_review,public-derived-entity-complete-daily-aggregate
7,2019-02-06,30,96,313.7441,11.046424,7.9483368,0.84407358,0,0,False,register_operations_review,public-derived-entity-complete-daily-aggregate
7,2019-02-07,30,96,310.94792,11.464583,7.860375,0.84124402,0,0,False,register_operations_review,public-derived-entity-complete-daily-aggregate
7,2019-02-08,30,96,314.85486,14.394722,7.8371597,0.80373435,0,0.020833333,False,register_operations_review,public-derived-entity-complete-daily-aggregate
7,2019-02-09,30,96,280.61111,13.6075,6.8986181,0.80834633,0,0,False,register_operations_review,public-derived-entity-complete-daily-aggregate
7,2019-02-10,30,96,289.87361,12.104931,7.1459167,0.79930735,0,0,False,register_operations_review,public-derived-entity-complete-daily-aggregate
7,2019-02-11,30,96,304.90069,10.7925,7.4727084,0.80396063,0,0,False,register_operations_review,public-derived-entity-complete-daily-aggregate
7,2019-02-12,30,96,317.45486,11.130694,7.9206597,0.82623125,0,0,False,register_operations_review,public-derived-entity-complete-daily-aggregate
7,2019-02-13,30,96,320.15694,11.856875,7.9517778,0.81391489,0,0,False,register_operations_review,public-derived-entity-complete-daily-aggregate
7,2019-02-14,30,96,312.54097,11.266389,7.8689583,0.82471555,0,0,False,register_operations_review,public-derived-entity-complete-daily-aggregate
7,2019-02-15,30,96,310.03056,11.720694,7.8691944,0.82400877,0,0,False,register_operations_review,public-derived-entity-complete-daily-aggregate
7,2019-02-16,30,96,291.70486,11.869618,7.3316319,0.81816889,0,0,False,register_operations_review,public-derived-entity-complete-daily-aggregate
7,2019-02-17,30,96,43.951389,7.5631944,1.6064444,0.96563845,0,0,False,register_operations_review,public-derived-entity-complete-daily-aggregate
7,2019-02-18,30,96,322.14896,6.7113194,8.3517674,0.84837129,0,0,False,register_operations_review,public-derived-entity-complete-daily-aggregate
7,2019-02-19,30,96,178.52326,7.1427778,4.840184,0.88398609,0,0,False,register_operations_review,public-derived-entity-complete-daily-aggregate
7,2019-02-20,30,96,212.77813,7.2801041,5.6555903,0.88118421,0,0,False,register_operations_review,public-derived-entity-complete-daily-aggregate
7,2019-02-21,30,96,313.59167,9.1990972,7.9418993,0.83330897,0,0,False,register_operations_review,public-derived-entity-complete-daily-aggregate
7,2019-02-22,30,96,290.13958,9.5474305,7.505625,0.85281871,0,0,False,register_operations_review,public-derived-entity-complete-daily-aggregate
7,2019-02-23,30,96,256.60069,9.6405556,6.6072014,0.84424633,0,0,False,register_operations_review,public-derived-entity-complete-daily-aggregate
7,2019-02-24,30,96,225.98542,11.002917,5.9408785,0.86042507,0,0,False,register_operations_review,public-derived-entity-complete-daily-aggregate
7,2019-02-25,30,96,291.5875,10.819653,7.1709653,0.7955115,0,0,False,register_operations_review,public-derived-entity-complete-daily-aggregate
7,2019-02-26,30,96,240.69861,9.5847222,5.9718993,0.80132449,0,0,False,register_operations_review,public-derived-entity-complete-daily-aggregate
7,2019-02-27,30,96,284.31181,8.8709028,7.4503542,0.85736006,0,0,False,register_operations_review,public-derived-entity-complete-daily-aggregate
7,2019-02-28,30,96,217.99097,8.8232639,5.6823056,0.86477765,0,0,False,register_operations_review,public-derived-entity-complete-daily-aggregate
7,2019-03-01,30,96,160.71597,7.975,4.2317778,0.85852273,0,0,False,register_operations_review,public-derived-entity-complete-daily-aggregate
7,2019-03-02,30,96,334.04306,7.8188195,8.6256667,0.84690196,0,0,False,register_operations_review,public-derived-entity-complete-daily-aggregate
7,2019-03-03,30,96,327.03472,9.1027778,8.2547847,0.83489186,0,0,False,register_operations_review,public-derived-entity-complete-daily-aggregate
7,2019-03-04,30,96,121.1625,10.035347,3.4392222,0.92191284,0,0,False,register_operations_review,public-derived-entity-complete-daily-aggregate
7,2019-03-05,30,96,183.85139,8.9125,4.7278056,0.84263456,0,0,False,register_operations_review,public-derived-entity-complete-daily-aggregate
7,2019-03-06,30,96,174.71736,8.3714583,4.8565208,0.91087783,0,0,False,register_operations_review,public-derived-entity-complete-daily-aggregate
7,2019-03-07,30,96,119.9625,8.0245833,3.3060972,0.91245343,0,0,False,register_operations_review,public-derived-entity-complete-daily-aggregate
7,2019-03-08,30,96,254.15417,8.6671528,6.5550069,0.85258826,0,0,False,register_operations_review,public-derived-entity-complete-daily-aggregate
7,2019-03-09,30,96,198.56736,8.6660417,5.3520208,0.90452081,0,0,False,register_operations_review,public-derived-entity-complete-daily-aggregate
7,2019-03-10,30,96,275.7375,8.3181944,6.8362222,0.82985349,0,0,False,register_operations_review,public-derived-entity-complete-daily-aggregate
7,2019-03-11,30,96,294.125,9.383125,7.4578542,0.8363463,0,0,False,register_operations_review,public-derived-entity-complete-daily-aggregate
7,2019-03-12,30,96,289.35,10.913264,7.4241319,0.84750843,0,0,False,register_operations_review,public-derived-entity-complete-daily-aggregate
7,2019-03-13,30,96,310.47778,12.910139,7.9030417,0.83646355,0,0,False,register_operations_review,public-derived-entity-complete-daily-aggregate
7,2019-03-14,30,96,243.52153,12.458403,6.4741944,0.89646247,0,0,False,register_operations_review,public-derived-entity-complete-daily-aggregate
7,2019-03-15,30,96,261.58819,13.591736,6.7562361,0.86095334,0,0,False,register_operations_review,public-derived-entity-complete-daily-aggregate
7,2019-03-16,30,96,263.57708,14.094028,6.8382847,0.83188062,0,0,False,register_operations_review,public-derived-entity-complete-daily-aggregate
7,2019-03-17,30,96,273.00694,13.095486,7.096368,0.8426036,0,0,False,register_operations_review,public-derived-entity-complete-daily-aggregate
7,2019-03-18,30,96,303.11319,13.119931,7.668868,0.83300797,0,0,False,register_operations_review,public-derived-entity-complete-daily-aggregate
7,2019-03-19,30,96,186.89931,12.295278,4.9693681,0.88701317,0,0,False,register_operations_review,public-derived-entity-complete-daily-aggregate
7,2019-03-20,30,96,196.63472,10.690625,5.1807153,0.88225685,0,0,False,register_operations_review,public-derived-entity-complete-daily-aggregate
7,2019-03-21,30,96,304.40764,11.708819,7.8439097,0.84988304,0,0,False,register_operations_review,public-derived-entity-complete-daily-aggregate
7,2019-03-22,30,96,304.8691,12.125456,7.6631389,0.81097468,0,0,False,register_operations_review,public-derived-entity-complete-daily-aggregate
7,2019-03-23,30,96,205.60561,11.683472,5.2880625,0.84516801,0,0,False,register_operations_review,public-derived-entity-complete-daily-aggregate
7,2019-03-24,30,96,268.95764,12.198403,6.860493,0.84404695,0,0,False,register_operations_review,public-derived-entity-complete-daily-aggregate
7,2019-03-25,30,96,311.82917,13.437222,7.9505486,0.8341749,0,0,False,register_operations_review,public-derived-entity-complete-daily-aggregate
7,2019-03-26,30,96,311.49375,15.086736,8.0904375,0.85703607,0,0,False,register_operations_review,public-derived-entity-complete-daily-aggregate
7,2019-03-27,30,96,211.70972,13.628472,5.5482778,0.85314562,0,0,False,register_operations_review,public-derived-entity-complete-daily-aggregate
7,2019-03-28,30,96,227.46528,10.235972,5.9403819,0.9028547,0,0,False,register_operations_review,public-derived-entity-complete-daily-aggregate
7,2019-03-29,30,96,310.1309,12.501974,7.9487778,0.84253805,0,0,False,register_operations_review,public-derived-entity-complete-daily-aggregate
7,2019-03-30,30,96,310.86905,16.009653,7.9702014,0.83540498,0,0,False,register_operations_review,public-derived-entity-complete-daily-aggregate
7,2019-03-31,30,96,222.86111,15.300486,5.6398195,0.8428532,0,0,False,register_operations_review,public-derived-entity-complete-daily-aggregate
7,2019-04-01,30,96,93.486111,12.543056,2.5375139,0.94321169,0,0,False,register_operations_review,public-derived-entity-complete-daily-aggregate
7,2019-04-02,30,96,205.88889,13.140139,5.304757,0.82809541,0,0,False,register_operations_review,public-derived-entity-complete-daily-aggregate
7,2019-04-03,30,96,92.111325,8.3876736,2.9352113,1.0561021,0,0,False,register_operations_review,public-derived-entity-complete-daily-aggregate
7,2019-04-04,30,96,225.45957,10.292163,6.0769583,0.94197042,0,0,False,register_operations_review,public-derived-entity-complete-daily-aggregate
7,2019-04-05,30,96,153.09792,9.8492312,4.1998055,0.96323745,0,0,False,register_operations_review,public-derived-entity-complete-daily-aggregate
7,2019-04-06,30,96,291.19345,11.356319,7.8658403,0.90141419,0,0,False,register_operations_review,public-derived-entity-complete-daily-aggregate
7,2019-04-07,30,96,305.55486,14.565764,8.0303055,0.87663325,0,0,False,register_operations_review,public-derived-entity-complete-daily-aggregate
7,2019-04-08,30,96,214.2625,14.974236,5.7660417,0.88064164,0,0,False,register_operations_review,public-derived-entity-complete-daily-aggregate
7,2019-04-09,30,96,264.26111,14.960799,6.7633819,0.82670542,0,0,False,register_operations_review,public-derived-entity-complete-daily-aggregate
7,2019-04-10,30,96,167.03681,15.317917,4.2633959,0.81423541,0,0,False,register_operations_review,public-derived-entity-complete-daily-aggregate
7,2019-04-11,30,96,285.84583,15.449809,7.4234653,0.84891731,0,0,False,register_operations_review,public-derived-entity-complete-daily-aggregate
7,2019-04-12,30,96,302.43418,17.308299,7.9047153,0.85272786,0,0,False,register_operations_review,public-derived-entity-complete-daily-aggregate
7,2019-04-13,30,96,302.05546,18.836389,7.8111667,0.83791805,0.00043361113,0,False,register_operations_review,public-derived-entity-complete-daily-aggregate
7,2019-04-14,30,96,235.77569,18.157014,6.2487153,0.87620411,0,0,False,register_operations_review,public-derived-entity-complete-daily-aggregate
7,2019-04-15,30,96,202.52986,17.339921,5.27925,0.84894478,0,0,False,register_operations_review,public-derived-entity-complete-daily-aggregate
7,2019-04-16,30,96,180.83333,14.510208,4.8117292,0.8735381,0,0,False,register_operations_review,public-derived-entity-complete-daily-aggregate
7,2019-04-17,30,96,286.80278,17.341898,7.3469266,0.82063137,8.4722208e-05,0,False,register_operations_review,public-derived-entity-complete-daily-aggregate
7,2019-04-18,30,96,252.32951,18.315417,1.5298889,0.79932011,0,0.041666667,False,register_operations_review,public-derived-entity-complete-daily-aggregate
7,2019-04-19,30,96,271.85432,18.290655,7.0525347,0.81928896,0,0,False,register_operations_review,public-derived-entity-complete-daily-aggregate
7,2019-04-20,30,96,289.65129,18.21371,7.5374167,0.84157918,2.6785708e-05,0,False,register_operations_review,public-derived-entity-complete-daily-aggregate
7,2019-04-21,30,96,153.70347,16.150069,4.1051181,0.86957279,0,0,False,register_operations_review,public-derived-entity-complete-daily-aggregate
7,2019-04-22,30,96,254.96091,16.501339,6.8116224,0.89371997,0,0,False,register_operations_review,public-derived-entity-complete-daily-aggregate
7,2019-04-23,30,96,232.85278,17.757981,6.1397778,0.87117688,0,0,False,register_operations_review,public-derived-entity-complete-daily-aggregate
7,2019-04-24,30,96,252.69722,16.770347,6.7175278,0.87029317,2.1944458e-05,0,False,register_operations_review,public-derived-entity-complete-daily-aggregate
7,2019-04-25,30,96,261.60139,16.889514,6.8700555,0.89933042,0,0,False,register_operations_review,public-derived-entity-complete-daily-aggregate
7,2019-04-26,30,96,288.01875,17.898681,7.5881528,0.86708778,4.3055542e-05,0,False,register_operations_review,public-derived-entity-complete-daily-aggregate
7,2019-04-27,30,96,257.11572,19.491319,6.7079583,0.86136696,0.00041833333,0,False,register_operations_review,public-derived-entity-complete-daily-aggregate
7,2019-04-28,30,96,253.02569,19.563125,6.4177917,0.84983698,0.00014611113,0,False,register_operations_review,public-derived-entity-complete-daily-aggregate
7,2019-04-29,30,96,97.192361,15.021597,3.0080417,1.0111974,0,0,False,register_operations_review,public-derived-entity-complete-daily-aggregate
7,2019-04-30,30,96,94.0813,12.086855,2.7662986,0.97466403,0,0,False,register_operations_review,public-derived-entity-complete-daily-aggregate
7,2019-05-01,30,96,140.75972,12.584044,4.1170208,0.98218667,0,0,False,register_operations_review,public-derived-entity-complete-daily-aggregate
7,2019-05-02,30,96,208.67083,15.795417,5.4759514,0.88453973,0,0,False,register_operations_review,public-derived-entity-complete-daily-aggregate
7,2019-05-03,30,96,290.09727,18.953199,7.6523681,0.86317638,0.00072113096,0,False,register_operations_review,public-derived-entity-complete-daily-aggregate
7,2019-05-04,30,96,145.13502,20.513209,4.1348264,0.94960356,2.3333333e-05,0,False,register_operations_review,public-derived-entity-complete-daily-aggregate
7,2019-05-05,30,96,135.12488,18.967345,3.947134,0.96178147,0,0,False,register_operations_review,public-derived-entity-complete-daily-aggregate
7,2019-05-06,30,96,181.86862,19.064152,4.720792,0.86162278,0,0,False,register_operations_review,public-derived-entity-complete-daily-aggregate
7,2019-05-07,30,96,261.84792,19.354861,6.918993,0.87683708,0.00010166667,0,False,register_operations_review,public-derived-entity-complete-daily-aggregate
7,2019-05-08,30,96,207.38841,18.708281,5.5532406,0.88592782,0,0,False,register_operations_review,public-derived-entity-complete-daily-aggregate
7,2019-05-09,30,96,90.258333,17.082569,2.4334028,0.89858715,0,0,False,register_operations_review,public-derived-entity-complete-daily-aggregate
7,2019-05-10,30,96,186.41374,17.45498,5.1733889,0.93530607,0,0,False,register_operations_review,public-derived-entity-complete-daily-aggregate
7,2019-05-11,30,96,217.77054,18.040278,5.5795278,0.84000835,0,0,False,register_operations_review,public-derived-entity-complete-daily-aggregate
7,2019-05-12,30,96,127.06875,17.805764,3.6961597,0.9637174,0,0,False,register_operations_review,public-derived-entity-complete-daily-aggregate
7,2019-05-13,30,96,214.53056,18.194861,5.7512917,0.86918489,0,0,False,register_operations_review,public-derived-entity-complete-daily-aggregate
7,2019-05-14,30,96,264.64375,19.030417,7.0912778,0.87348444,0.00028388892,0,False,register_operations_review,public-derived-entity-complete-daily-aggregate
7,2019-05-15,30,96,248.36736,20.201806,6.5166458,0.86823167,0.00042305558,0,False,register_operations_review,public-derived-entity-complete-daily-aggregate
7,2019-05-16,30,96,265.58819,21.116319,7.0084722,0.85880662,0.0014222223,0,False,register_operations_review,public-derived-entity-complete-daily-aggregate
7,2019-05-17,30,96,261.03676,21.051533,6.8452014,0.86626666,0.0013058531,0,False,register_operations_review,public-derived-entity-complete-daily-aggregate
7,2019-05-18,30,96,264.60689,21.839955,7.019007,0.86250097,0.0025489881,0,False,register_operations_review,public-derived-entity-complete-daily-aggregate
7,2019-05-19,30,96,263.79931,21.932222,6.8383264,0.85650566,0.0014422223,0,False,register_operations_review,public-derived-entity-complete-daily-aggregate
7,2019-05-20,30,96,268.26944,22.473333,7.2028125,0.8776542,0.00214,0,False,register_operations_review,public-derived-entity-complete-daily-aggregate
7,2019-05-21,30,96,259.03681,20.907029,6.8599861,0.86227188,0.0006675,0,False,register_operations_review,public-derived-entity-complete-daily-aggregate
7,2019-05-22,30,96,195.80417,18.487847,5.4381042,0.94442777,0,0,False,register_operations_review,public-derived-entity-complete-daily-aggregate
7,2019-05-23,30,96,192.5875,20.541667,5.1729653,0.88836422,5.5833333e-05,0,False,register_operations_review,public-derived-entity-complete-daily-aggregate
7,2019-05-24,30,96,173.12649,20.393889,4.7186806,0.92325753,0,0,False,register_operations_review,public-derived-entity-complete-daily-aggregate
7,2019-05-25,30,96,252.09172,20.601949,6.6701041,0.87239376,0.00021696433,0,False,register_operations_review,public-derived-entity-complete-daily-aggregate
7,2019-05-26,30,96,235.93194,21.177917,6.2055694,0.86141723,1.6666667e-05,0,False,register_operations_review,public-derived-entity-complete-daily-aggregate
7,2019-05-27,30,96,159.05417,18.063333,4.6277222,0.94817717,0,0,False,register_operations_review,public-derived-entity-complete-daily-aggregate
7,2019-05-28,30,96,251.52778,17.961319,6.9166041,0.91833045,0,0,False,register_operations_review,public-derived-entity-complete-daily-aggregate
7,2019-05-29,30,96,215.67917,19.792222,5.8905,0.89158987,0,0,False,register_operations_review,public-derived-entity-complete-daily-aggregate
7,2019-05-30,30,96,209.56875,19.854375,5.5954653,0.87973299,0,0,False,register_operations_review,public-derived-entity-complete-daily-aggregate
7,2019-05-31,30,96,253.0751,17.675139,7.1145833,0.92403782,0,0,False,register_operations_review,public-derived-entity-complete-daily-aggregate
7,2019-06-01,30,96,54.421032,12.443056,1.7283333,1.0343876,0,0,False,register_operations_review,public-derived-entity-complete-daily-aggregate
7,2019-06-02,30,96,262.15972,15.155556,7.2726527,0.9243878,0,0,False,register_operations_review,public-derived-entity-complete-daily-aggregate
7,2019-06-03,30,96,264.98889,18.569306,7.2470278,0.90680453,0.00050055554,0,False,register_operations_review,public-derived-entity-complete-daily-aggregate
7,2019-06-04,30,96,151.36528,18.397431,4.2517222,0.92930216,0,0,False,register_operations_review,public-derived-entity-complete-daily-aggregate
7,2019-06-05,30,96,265.35139,20.902361,7.1461319,0.89086313,0.0012255555,0,False,register_operations_review,public-derived-entity-complete-daily-aggregate
7,2019-06-06,30,96,246.68115,21.877604,6.6728264,0.88806813,0.00011027779,0,False,register_operations_review,public-derived-entity-complete-daily-aggregate
7,2019-06-07,30,96,248.76404,22.49563,6.6575347,0.8707637,0.0016958532,0,False,register_operations_review,public-derived-entity-complete-daily-aggregate
7,2019-06-08,30,96,178.97391,22.264028,4.9441736,0.9024608,0.00025222221,0,False,register_operations_review,public-derived-entity-complete-daily-aggregate
7,2019-06-09,30,96,212.40417,22.142014,5.5733958,0.87633586,0.0018605555,0,False,register_operations_review,public-derived-entity-complete-daily-aggregate
7,2019-06-10,30,96,208.79028,21.278889,5.5850347,0.88681798,1.0555542e-05,0,False,register_operations_review,public-derived-entity-complete-daily-aggregate
7,2019-06-11,30,96,250.51389,22.982778,6.6996944,0.88927002,0.0028891667,0,False,register_operations_review,public-derived-entity-complete-daily-aggregate
7,2019-06-12,30,96,212.93333,21.280278,5.5580278,0.86709605,0.00060055558,0,False,register_operations_review,public-derived-entity-complete-daily-aggregate
7,2019-06-13,30,96,164.67639,18.334028,4.6260972,0.97139058,0,0,False,register_operations_review,public-derived-entity-complete-daily-aggregate
7,2019-06-14,30,96,201.20427,19.90496,5.1902778,0.84278859,0,0,False,register_operations_review,public-derived-entity-complete-daily-aggregate
7,2019-06-15,30,96,210.46875,21.555833,5.6535278,0.88568247,0.00020611112,0,False,register_operations_review,public-derived-entity-complete-daily-aggregate
7,2019-06-16,30,96,125.00139,18.803437,3.4486041,0.92715029,0,0,False,register_operations_review,public-derived-entity-complete-daily-aggregate
7,2019-06-17,30,96,222.69028,19.169028,6.3047361,0.91820923,0,0,False,register_operations_review,public-derived-entity-complete-daily-aggregate
7,2019-06-18,30,96,215.98889,21.940139,5.8549236,0.90567534,0.00020722221,0,False,register_operations_review,public-derived-entity-complete-daily-aggregate
7,2019-06-19,30,96,162.44514,20.929444,4.4116042,0.93469587,2.1944458e-05,0,False,register_operations_review,public-derived-entity-complete-daily-aggregate
7,2019-06-20,30,96,261.62639,23.00625,7.1915278,0.90410692,0.0048863889,0,False,register_operations_review,public-derived-entity-complete-daily-aggregate
7,2019-06-21,30,96,231.91979,23.739444,0.18070833,0.19994111,0.0035341667,0.041666667,False,register_operations_review,public-derived-entity-complete-daily-aggregate
7,2019-06-22,30,96,255.60962,23.13376,0,,0.0034725397,0,False,register_operations_review,public-derived-entity-complete-daily-aggregate
7,2019-06-23,30,96,182.10278,18.825972,0,,0,0,False,register_operations_review,public-derived-entity-complete-daily-aggregate
7,2019-06-24,30,96,129.95972,19.287153,0,,0,0,False,register_operations_review,public-derived-entity-complete-daily-aggregate
7,2019-06-25,30,96,83.135417,17.094236,0,,0,0,False,register_operations_review,public-derived-entity-complete-daily-aggregate
7,2019-06-26,30,96,140.48542,18.379167,4.0429028,0.907624,0,0,False,register_operations_review,public-derived-entity-complete-daily-aggregate
7,2019-06-27,30,96,237.01458,21.434861,6.3581666,0.88471416,0.00116,0,False,register_operations_review,public-derived-entity-complete-daily-aggregate
7,2019-06-28,30,96,230.12639,22.075,6.2916389,0.88149535,0.00067250004,0,False,register_operations_review,public-derived-entity-complete-daily-aggregate
7,2019-06-29,30,96,186.17123,19.684345,5.122882,0.9255485,0,0,False,register_operations_review,public-derived-entity-complete-daily-aggregate
7,2019-06-30,30,96,82.611806,15.254236,2.5352153,1.0224154,0,0,False,register_operations_review,public-derived-entity-complete-daily-aggregate
7,2019-07-01,30,96,126.78403,16.852847,3.8209167,0.9877585,0,0,False,register_operations_review,public-derived-entity-complete-daily-aggregate
7,2019-07-02,30,96,201.62292,20.33875,5.4683125,0.88728467,0.00019555558,0,False,register_operations_review,public-derived-entity-complete-daily-aggregate
7,2019-07-03,30,96,119.50625,19.176875,3.5592431,0.9884728,0,0,False,register_operations_review,public-derived-entity-complete-daily-aggregate
7,2019-07-04,30,96,59.736806,15.795278,1.8878611,1.0288953,0,0,False,register_operations_review,public-derived-entity-complete-daily-aggregate
7,2019-07-05,30,96,83.615526,15.307897,2.4834166,0.982619,0,0,False,register_operations_review,public-derived-entity-complete-daily-aggregate
7,2019-07-06,30,96,134.0808,16.107778,3.9366944,0.97900459,0,0,False,register_operations_review,public-derived-entity-complete-daily-aggregate
7,2019-07-07,30,96,164.38472,18.038056,4.6128195,0.93334509,0,0,False,register_operations_review,public-derived-entity-complete-daily-aggregate
7,2019-07-08,30,96,146.81597,18.877768,4.1350486,0.90622562,5.5554167e-07,0,False,register_operations_review,public-derived-entity-complete-daily-aggregate
7,2019-07-09,30,96,135.86042,15.553428,3.9572015,0.96914204,0,0,False,register_operations_review,public-derived-entity-complete-daily-aggregate
7,2019-07-10,30,96,123.71528,15.215947,3.6152222,1.0270298,0,0,False,register_operations_review,public-derived-entity-complete-daily-aggregate
7,2019-07-11,30,96,130.44444,17.145134,3.9184999,0.97008606,0,0,False,register_operations_review,public-derived-entity-complete-daily-aggregate
7,2019-07-12,30,96,167.32361,18.851806,4.6967916,0.91757679,0,0,False,register_operations_review,public-derived-entity-complete-daily-aggregate
7,2019-07-13,30,96,102.26835,16.224182,3.1060417,0.975224,0,0,False,register_operations_review,public-derived-entity-complete-daily-aggregate
7,2019-07-14,30,96,168.20208,17.026007,4.7586667,0.92544317,0,0,False,register_operations_review,public-derived-entity-complete-daily-aggregate
7,2019-07-15,30,96,183.8375,19.327847,5.234868,0.94950365,0,0,False,register_operations_review,public-derived-entity-complete-daily-aggregate
7,2019-07-16,30,96,196.72292,20.260556,5.3221667,0.89443612,0,0,False,register_operations_review,public-derived-entity-complete-daily-aggregate
7,2019-07-17,30,96,211.83125,20.970972,5.9623194,0.91735515,0.00018027779,0,False,register_operations_review,public-derived-entity-complete-daily-aggregate
7,2019-07-18,30,96,244.06458,21.963542,6.6409375,0.90791209,0.00094888888,0,False,register_operations_review,public-derived-entity-complete-daily-aggregate
7,2019-07-19,30,96,100.50823,17.461632,3.1599375,1.0219289,0,0,False,register_operations_review,public-derived-entity-complete-daily-aggregate
7,2019-07-20,30,96,96.700099,17.739464,2.8209583,0.96894033,0,0,False,register_operations_review,public-derived-entity-complete-daily-aggregate
7,2019-07-21,30,96,193.19444,19.052153,5.4799792,0.94491522,7.1388875e-05,0,False,register_operations_review,public-derived-entity-complete-daily-aggregate
7,2019-07-22,30,96,111.48611,19.000699,3.3261944,1.0030527,0,0,False,register_operations_review,public-derived-entity-complete-daily-aggregate
7,2019-07-23,30,96,113.11458,18.181319,3.454493,0.992612,0,0,False,register_operations_review,public-derived-entity-complete-daily-aggregate
7,2019-07-24,30,96,172.55903,18.412014,4.7672639,0.9283587,0,0,False,register_operations_review,public-derived-entity-complete-daily-aggregate
7,2019-07-25,30,96,128.875,17.295208,3.9528194,1.0121752,0,0,False,register_operations_review,public-derived-entity-complete-daily-aggregate
7,2019-07-26,30,96,156.85456,17.780278,4.6067431,0.97585819,0,0,False,register_operations_review,public-derived-entity-complete-daily-aggregate
7,2019-07-27,30,96,222.49772,19.508125,6.1769097,0.95132555,0,0,False,register_operations_review,public-derived-entity-complete-daily-aggregate
7,2019-07-28,30,96,209.42847,19.884896,5.6758542,0.92857201,6.0555542e-05,0,False,register_operations_review,public-derived-entity-complete-daily-aggregate
7,2019-07-29,30,96,68.717361,16.500486,2.1714722,1.016117,0,0,False,register_operations_review,public-derived-entity-complete-daily-aggregate
7,2019-07-30,30,96,111.4125,16.147431,3.2726598,0.96812169,0,0,False,register_operations_review,public-derived-entity-complete-daily-aggregate
7,2019-07-31,30,96,164.77847,17.163264,4.6768195,0.93623095,0,0,False,register_operations_review,public-derived-entity-complete-daily-aggregate
7,2019-08-01,30,96,184.30139,16.91275,4.8580694,0.89217926,0,0,False,register_operations_review,public-derived-entity-complete-daily-aggregate
7,2019-08-02,30,96,260.48844,18.864056,5.8469861,0.72531981,0,0.010416667,False,register_operations_review,public-derived-entity-complete-daily-aggregate
7,2019-08-03,30,96,154.9254,18.215451,3.7171319,0.77042211,0,0,False,register_operations_review,public-derived-entity-complete-daily-aggregate
7,2019-08-04,30,96,121.76944,17.058701,3.0852083,0.80695705,0,0,False,register_operations_review,public-derived-entity-complete-daily-aggregate
7,2019-08-05,30,96,176.64375,17.88775,4.1694375,0.74199593,0,0,False,register_operations_review,public-derived-entity-complete-daily-aggregate
7,2019-08-06,30,96,180.64097,17.291424,4.2478472,0.76293425,0,0,False,register_operations_review,public-derived-entity-complete-daily-aggregate
7,2019-08-07,30,96,190.27292,16.988167,4.4537778,0.74967836,0,0,False,register_operations_review,public-derived-entity-complete-daily-aggregate
7,2019-08-08,30,96,228.01458,18.41542,5.3146389,0.76659058,0,0,False,register_operations_review,public-derived-entity-complete-daily-aggregate
7,2019-08-09,30,96,155.10997,18.36625,3.6048472,0.73765804,0,0,False,register_operations_review,public-derived-entity-complete-daily-aggregate
7,2019-08-10,30,96,182.39033,17.997729,4.3228195,0.74163328,0,0.010416667,False,register_operations_review,public-derived-entity-complete-daily-aggregate
7,2019-08-11,30,96,345.49306,19.016854,7.5082847,0.65141932,0.00027713892,0.020833333,False,register_operations_review,public-derived-entity-complete-daily-aggregate
7,2019-08-12,30,96,332.5375,19.871423,7.4041875,0.68676329,0.00041308333,0.010416667,False,register_operations_review,public-derived-entity-complete-daily-aggregate
7,2019-08-13,30,96,318.31875,19.107084,7.1506667,0.70010826,0.00041436104,0.010416667,False,register_operations_review,public-derived-entity-complete-daily-aggregate
7,2019-08-14,30,96,102.80903,16.331625,2.515132,0.79361959,0,0,False,register_operations_review,public-derived-entity-complete-daily-aggregate
7,2019-08-15,30,96,310.62708,17.679625,6.9557778,0.69168387,5.5083333e-05,0.03125,False,register_operations_review,public-derived-entity-complete-daily-aggregate
7,2019-08-16,30,96,339.27986,18.883674,7.5133125,0.6648353,0.00085477775,0.03125,False,register_operations_review,public-derived-entity-complete-daily-aggregate
7,2019-08-17,30,96,333.22014,19.989601,7.4745416,0.68483582,0.00074218054,0.010416667,False,register_operations_review,public-derived-entity-complete-daily-aggregate
7,2019-08-18,30,96,318.42847,20.022653,7.3434375,0.72177218,5.4166667e-05,0,False,register_operations_review,public-derived-entity-complete-daily-aggregate
7,2019-08-19,30,96,249.81944,21.547035,5.8280278,0.75379565,0.00017958333,0,False,register_operations_review,public-derived-entity-complete-daily-aggregate
7,2019-08-20,30,96,269.42361,21.092451,6.1744583,0.75203075,0.00040852775,0,False,register_operations_review,public-derived-entity-complete-daily-aggregate
7,2019-08-21,30,96,185.225,19.932903,4.5859792,0.78315181,0,0,False,register_operations_review,public-derived-entity-complete-daily-aggregate
7,2019-08-22,30,96,119.08958,16.710139,2.9688402,0.82003706,0,0,False,register_operations_review,public-derived-entity-complete-daily-aggregate
7,2019-08-23,30,96,125.88304,16.192081,3.1480278,0.80431663,0,0,False,register_operations_review,public-derived-entity-complete-daily-aggregate
7,2019-08-24,30,96,299.12763,17.990861,7.0058056,0.74490818,0,0,False,register_operations_review,public-derived-entity-complete-daily-aggregate
7,2019-08-25,30,96,314.26458,19.034083,7.3252431,0.72684103,0.00010844446,0,False,register_operations_review,public-derived-entity-complete-daily-aggregate
7,2019-08-26,30,96,317.72292,19.845514,7.399507,0.72190439,0.00061683329,0,False,register_operations_review,public-derived-entity-complete-daily-aggregate
7,2019-08-27,30,96,208.70764,19.946076,4.8953194,0.75642523,2.5277917e-06,0,False,register_operations_review,public-derived-entity-complete-daily-aggregate
7,2019-08-28,30,96,153.13958,18.124757,3.7651458,0.79036382,0,0,False,register_operations_review,public-derived-entity-complete-daily-aggregate
7,2019-08-29,30,96,227.12222,17.528125,5.457382,0.77718506,0,0,False,register_operations_review,public-derived-entity-complete-daily-aggregate
7,2019-08-30,30,96,143.17401,16.559569,3.5240069,0.79996957,0,0,False,register_operations_review,public-derived-entity-complete-daily-aggregate
7,2019-08-31,30,96,81.363492,15.922694,2.0129306,0.76978758,0,0,False,register_operations_review,public-derived-entity-complete-daily-aggregate
7,2019-09-01,30,96,155.59375,16.241083,3.8483264,0.81452626,0,0,False,register_operations_review,public-derived-entity-complete-daily-aggregate
7,2019-09-02,30,96,81.599306,14.49216,2.054868,0.8305179,0,0,False,register_operations_review,public-derived-entity-complete-daily-aggregate
7,2019-09-03,30,96,115.86597,14.845944,2.8817847,0.79057761,0,0,False,register_operations_review,public-derived-entity-complete-daily-aggregate
7,2019-09-04,30,96,195.61806,16.539542,4.8021389,0.78181426,0,0,False,register_operations_review,public-derived-entity-complete-daily-aggregate
7,2019-09-05,30,96,181.83125,16.55841,4.5456805,0.82695458,0,0,False,register_operations_review,public-derived-entity-complete-daily-aggregate
7,2019-09-06,30,96,244.63586,17.407208,6.0555139,0.79479322,0,0,False,register_operations_review,public-derived-entity-complete-daily-aggregate
7,2019-09-07,30,96,227.31875,19.454861,5.5640555,0.78432997,0,0,False,register_operations_review,public-derived-entity-complete-daily-aggregate
7,2019-09-08,30,96,168.91319,18.646785,4.1944653,0.76716901,0,0,False,register_operations_review,public-derived-entity-complete-daily-aggregate
7,2019-09-09,30,96,198.81944,18.070903,4.9492153,0.82118915,0,0,False,register_operations_review,public-derived-entity-complete-daily-aggregate
7,2019-09-10,30,96,214.48611,19.071826,5.404,0.80892674,0,0,False,register_operations_review,public-derived-entity-complete-daily-aggregate
7,2019-09-11,30,96,170.43681,17.641986,4.2729861,0.78047841,0,0,False,register_operations_review,public-derived-entity-complete-daily-aggregate
7,2019-09-12,30,96,184.53373,18.083167,4.8368958,0.82464227,0,0,False,register_operations_review,public-derived-entity-complete-daily-aggregate
7,2019-09-13,30,96,180.95392,18.378028,4.6180694,0.8078062,0,0,False,register_operations_review,public-derived-entity-complete-daily-aggregate
7,2019-09-14,30,96,148.65372,16.475722,3.7500208,0.80916396,0,0,False,register_operations_review,public-derived-entity-complete-daily-aggregate
7,2019-09-15,30,96,142.09514,16.691403,3.5911945,0.80238923,0,0,False,register_operations_review,public-derived-entity-complete-daily-aggregate
7,2019-09-16,30,96,106.49167,16.627806,2.6707986,0.80661392,0,0,False,register_operations_review,public-derived-entity-complete-daily-aggregate
7,2019-09-17,30,96,158.42222,17.250542,4.0216215,0.80834609,0,0,False,register_operations_review,public-derived-entity-complete-daily-aggregate
7,2019-09-18,30,96,178.87986,16.984097,4.6387222,0.82130652,0,0,False,register_operations_review,public-derived-entity-complete-daily-aggregate
7,2019-09-19,30,96,260.39375,17.651833,6.7871597,0.84054287,0,0,False,register_operations_review,public-derived-entity-complete-daily-aggregate
7,2019-09-20,30,96,117.47976,14.671712,2.9738611,0.80677125,0,0,False,register_operations_review,public-derived-entity-complete-daily-aggregate
7,2019-09-21,30,96,140.18988,11.088597,3.5815209,0.80936929,0,0,False,register_operations_review,public-derived-entity-complete-daily-aggregate
7,2019-09-22,30,96,167.66875,12.368029,4.492,0.85594555,0,0,False,register_operations_review,public-derived-entity-complete-daily-aggregate
7,2019-09-23,30,96,165.04167,13.370155,4.2462222,0.80637438,0,0,False,register_operations_review,public-derived-entity-complete-daily-aggregate
7,2019-09-24,30,96,44.896528,11.072243,1.1174236,0.77830245,0,0,False,register_operations_review,public-derived-entity-complete-daily-aggregate
7,2019-09-25,30,96,103.88611,10.246844,2.7578055,0.8353643,0,0,False,register_operations_review,public-derived-entity-complete-daily-aggregate
7,2019-09-26,30,96,214.76389,11.211656,5.9114306,0.88418035,0,0,False,register_operations_review,public-derived-entity-complete-daily-aggregate
7,2019-09-27,30,96,237.65903,10.999919,6.2206944,0.83239097,0,0,False,register_operations_review,public-derived-entity-complete-daily-aggregate
7,2019-09-28,30,96,259.95,11.740177,7.1836458,0.89878923,0,0,False,register_operations_review,public-derived-entity-complete-daily-aggregate
7,2019-09-29,30,96,250.325,14.394789,6.8448195,0.86773211,0,0,False,register_operations_review,public-derived-entity-complete-daily-aggregate
7,2019-09-30,30,96,197.51528,15.285748,5.498375,0.9204097,0,0,False,register_operations_review,public-derived-entity-complete-daily-aggregate
7,2019-10-01,30,96,271.81736,16.636722,7.5852083,0.93017575,0,0,False,register_operations_review,public-derived-entity-complete-daily-aggregate
7,2019-10-02,30,96,216.85833,16.586465,5.8019097,0.86849496,0,0,False,register_operations_review,public-derived-entity-complete-daily-aggregate
7,2019-10-03,30,96,214.09861,16.578862,5.8419931,0.92240308,0,0,False,register_operations_review,public-derived-entity-complete-daily-aggregate
7,2019-10-04,30,96,219.44861,16.866684,5.6889375,0.82223322,0,0,False,register_operations_review,public-derived-entity-complete-daily-aggregate
7,2019-10-05,30,96,140.26667,15.18626,3.8269305,0.86274797,0,0,False,register_operations_review,public-derived-entity-complete-daily-aggregate
7,2019-10-06,30,96,152.32014,15.384149,4.0585556,0.84028022,0,0,False,register_operations_review,public-derived-entity-complete-daily-aggregate
7,2019-10-07,30,96,140.40486,14.619301,3.6275486,0.81136276,0,0,False,register_operations_review,public-derived-entity-complete-daily-aggregate
7,2019-10-08,30,96,142.29861,15.216855,3.7724722,0.82530687,0,0,False,register_operations_review,public-derived-entity-complete-daily-aggregate
7,2019-10-09,30,96,217.41736,16.326259,6.2523264,0.90736161,0,0,False,register_operations_review,public-derived-entity-complete-daily-aggregate
7,2019-10-10,30,96,183.34444,15.850494,5.2098959,0.92267871,0,0,False,register_operations_review,public-derived-entity-complete-daily-aggregate
7,2019-10-11,30,96,226.02847,15.567703,6.6115208,0.92387297,0,0,False,register_operations_review,public-derived-entity-complete-daily-aggregate
7,2019-10-12,30,96,241.97708,15.246175,7.2383472,1.0378813,0,0,False,register_operations_review,public-derived-entity-complete-daily-aggregate
7,2019-10-13,30,96,209.72222,15.054309,6.2096111,0.95747684,0,0,False,register_operations_review,public-derived-entity-complete-daily-aggregate
7,2019-10-14,30,96,245.71319,14.511549,7.5409028,1.0191886,0,0,False,register_operations_review,public-derived-entity-complete-daily-aggregate
7,2019-10-15,30,96,223.13889,14.223111,6.9096667,1.0349184,0,0,False,register_operations_review,public-derived-entity-complete-daily-aggregate
7,2019-10-16,30,96,233.00347,13.570938,7.0537986,0.99018236,0,0,False,register_operations_review,public-derived-entity-complete-daily-aggregate
7,2019-10-17,30,96,245.82986,12.679586,0.74754861,0.9390329,0,0.010416667,False,register_operations_review,public-derived-entity-complete-daily-aggregate
7,2019-10-18,30,96,216.37292,11.38767,0,,0,0,False,register_operations_review,public-derived-entity-complete-daily-aggregate
7,2019-10-19,30,96,198.47917,13.308226,0,,0,0,False,register_operations_review,public-derived-entity-complete-daily-aggregate
7,2019-10-20,30,96,209.40417,12.923461,6.5869653,1.0368326,0,0,False,register_operations_review,public-derived-entity-complete-daily-aggregate
7,2019-10-21,30,96,225.53403,14.189684,6.7654583,1.0083124,0,0,False,register_operations_review,public-derived-entity-complete-daily-aggregate
7,2019-10-22,30,96,185.79931,14.703487,5.2949445,0.95400152,0,0,False,register_operations_review,public-derived-entity-complete-daily-aggregate
7,2019-10-23,30,96,228.64722,13.348635,7.0541875,1.0465689,0,0,False,register_operations_review,public-derived-entity-complete-daily-aggregate
7,2019-10-24,30,96,99.70625,12.882105,2.7079445,0.86028885,0,0,False,register_operations_review,public-derived-entity-complete-daily-aggregate
7,2019-10-25,30,96,89.60625,13.894965,2.4002847,0.86566172,0,0,False,register_operations_review,public-derived-entity-complete-daily-aggregate
7,2019-10-26,30,96,118.25208,13.475458,3.3956944,0.88472102,0,0,False,register_operations_review,public-derived-entity-complete-daily-aggregate
7,2019-10-27,30,96,162.01042,14.438984,4.5969653,0.87423763,0,0,False,register_operations_review,public-derived-entity-complete-daily-aggregate
7,2019-10-28,30,96,226.02708,12.416328,7.3957639,1.1071087,0,0,False,register_operations_review,public-derived-entity-complete-daily-aggregate
7,2019-10-29,30,96,177.62014,12.802267,5.7413125,1.0812247,0,0,False,register_operations_review,public-derived-entity-complete-daily-aggregate
7,2019-10-30,30,96,148.93542,12.016826,4.3241667,0.94034697,0,0,False,register_operations_review,public-derived-entity-complete-daily-aggregate
7,2019-10-31,30,96,166.71528,12.685089,5.1526597,0.97317889,0,0,False,register_operations_review,public-derived-entity-complete-daily-aggregate
7,2019-11-01,30,96,150.43333,13.803642,4.8740417,1.052845,0,0,False,register_operations_review,public-derived-entity-complete-daily-aggregate
7,2019-11-02,30,96,222.93403,13.241611,7.0936111,1.1079078,0,0.010416667,False,register_operations_review,public-derived-entity-complete-daily-aggregate
7,2019-11-03,30,96,206.80903,11.889301,6.83525,1.0797596,0,0,False,register_operations_review,public-derived-entity-complete-daily-aggregate
7,2019-11-04,30,96,159.24583,12.152819,4.9468333,1.0400084,0,0,False,register_operations_review,public-derived-entity-complete-daily-aggregate
7,2019-11-05,30,96,124.99306,11.589636,4.0421111,1.0414848,0,0,False,register_operations_review,public-derived-entity-complete-daily-aggregate
7,2019-11-06,30,96,217.675,11.653519,7.4592361,1.1974392,0,0,False,register_operations_review,public-derived-entity-complete-daily-aggregate
7,2019-11-07,30,96,151.70903,11.756688,4.7221319,1.0261169,0,0,False,register_operations_review,public-derived-entity-complete-daily-aggregate
7,2019-11-08,30,96,172.02153,12.210888,5.9804723,1.1175266,0,0,False,register_operations_review,public-derived-entity-complete-daily-aggregate
7,2019-11-09,30,96,198.72083,13.16724,6.7156944,1.1346899,0,0,False,register_operations_review,public-derived-entity-complete-daily-aggregate
7,2019-11-10,30,96,27.203472,11.892262,0.57756943,0.66297171,0,0,False,register_operations_review,public-derived-entity-complete-daily-aggregate
7,2019-11-11,30,96,141.19444,13.253771,4.3589028,0.88805643,0,0,False,register_operations_review,public-derived-entity-complete-daily-aggregate
7,2019-11-12,30,96,188.13611,13.96846,6.1533403,1.0779289,0,0,False,register_operations_review,public-derived-entity-complete-daily-aggregate
7,2019-11-13,30,96,95.339583,11.282927,2.9414792,0.96084908,0,0,False,register_operations_review,public-derived-entity-complete-daily-aggregate
7,2019-11-14,30,96,172.99583,12.411476,5.7322639,1.0797956,0,0,False,register_operations_review,public-derived-entity-complete-daily-aggregate
7,2019-11-15,30,96,192.54097,11.74707,6.5865347,1.0972084,0,0,False,register_operations_review,public-derived-entity-complete-daily-aggregate
7,2019-11-16,30,96,195.47708,12.171771,6.8130625,1.1838987,0,0,False,register_operations_review,public-derived-entity-complete-daily-aggregate
7,2019-11-17,30,96,200.77569,13.333319,7.1748889,1.2380521,0,0,False,register_operations_review,public-derived-entity-complete-daily-aggregate
7,2019-11-18,30,96,120.85208,10.991248,3.6006181,0.90235268,0,0,False,register_operations_review,public-derived-entity-complete-daily-aggregate
7,2019-11-19,30,96,194.92431,10.552722,6.9052708,1.1941664,0,0,False,register_operations_review,public-derived-entity-complete-daily-aggregate
7,2019-11-20,30,96,196.17431,10.322362,7.0930764,1.2198382,0,0,False,register_operations_review,public-derived-entity-complete-daily-aggregate
7,2019-11-21,30,96,194.76736,9.3050816,7.1254791,1.2544009,0,0,False,register_operations_review,public-derived-entity-complete-daily-aggregate
7,2019-11-22,30,96,193.52014,9.8795313,7.0603958,1.2435787,0,0,False,register_operations_review,public-derived-entity-complete-daily-aggregate
7,2019-11-23,30,96,191.80556,10.461597,6.8768542,1.1959794,0,0,False,register_operations_review,public-derived-entity-complete-daily-aggregate
7,2019-11-24,30,96,106.04931,9.0872604,3.1795417,0.89588285,0,0,False,register_operations_review,public-derived-entity-complete-daily-aggregate
7,2019-11-25,30,96,106.42083,10.101281,3.1695209,0.94874675,0,0,False,register_operations_review,public-derived-entity-complete-daily-aggregate
7,2019-11-26,30,96,166.26736,10.659386,6.1833819,1.2695758,0,0,False,register_operations_review,public-derived-entity-complete-daily-aggregate
7,2019-11-27,30,96,188.64653,11.104087,6.9943195,1.2924433,0,0,False,register_operations_review,public-derived-entity-complete-daily-aggregate
7,2019-11-28,30,96,188.80035,11.01764,7.0697674,1.28685,0,0,False,register_operations_review,public-derived-entity-complete-daily-aggregate
7,2019-11-29,30,96,193.71806,12.121608,7.3371389,1.2804458,0,0,False,register_operations_review,public-derived-entity-complete-daily-aggregate
7,2019-11-30,30,96,191.60694,10.575641,7.3339792,1.27981,0,0,False,register_operations_review,public-derived-entity-complete-daily-aggregate
7,2019-12-01,30,96,182.92639,8.4364041,6.8041945,1.2149044,0,0,False,register_operations_review,public-derived-entity-complete-daily-aggregate
7,2019-12-02,30,96,182.20347,6.5896146,6.8054861,1.2904211,0,0,False,register_operations_review,public-derived-entity-complete-daily-aggregate
7,2019-12-03,30,96,180.86597,6.1229236,6.8623056,1.2794973,0,0,False,register_operations_review,public-derived-entity-complete-daily-aggregate
7,2019-12-04,30,96,164.43889,5.7472292,5.6451597,1.0977425,0,0,False,register_operations_review,public-derived-entity-complete-daily-aggregate
7,2019-12-05,30,96,179.02986,3.3923368,6.99675,1.3143472,0,0,False,register_operations_review,public-derived-entity-complete-daily-aggregate
7,2019-12-06,30,96,183.15764,2.613188,7.1189306,1.3166,0,0,False,register_operations_review,public-derived-entity-complete-daily-aggregate
7,2019-12-07,30,96,155.10278,3.8564217,5.8160347,1.1945691,0,0,False,register_operations_review,public-derived-entity-complete-daily-aggregate
7,2019-12-08,30,96,80.4375,3.4758671,2.6286875,0.94129678,0,0,False,register_operations_review,public-derived-entity-complete-daily-aggregate
7,2019-12-09,30,96,92.009722,4.2437452,2.7352431,0.910999,0,0,False,register_operations_review,public-derived-entity-complete-daily-aggregate
7,2019-12-10,30,96,147.98542,3.3645243,5.2810139,1.1342828,0,0,False,register_operations_review,public-derived-entity-complete-daily-aggregate
7,2019-12-11,30,96,112.6559,3.3023889,3.4725694,0.92062092,0,0,False,register_operations_review,public-derived-entity-complete-daily-aggregate
7,2019-12-12,30,96,177.03056,3.9569192,6.8604028,1.2791823,0,0,False,register_operations_review,public-derived-entity-complete-daily-aggregate
7,2019-12-13,30,96,177.65833,7.2505312,6.8950417,1.3391826,0,0,False,register_operations_review,public-derived-entity-complete-daily-aggregate
7,2019-12-14,30,96,180.49583,9.177187,7.0410764,1.3274205,0,0,False,register_operations_review,public-derived-entity-complete-daily-aggregate
7,2019-12-15,30,96,181.03472,10.21563,7.177125,1.3625844,0,0,False,register_operations_review,public-derived-entity-complete-daily-aggregate
7,2019-12-16,30,96,179.29167,10.352788,7.1018958,1.3451246,0,0,False,register_operations_review,public-derived-entity-complete-daily-aggregate
7,2019-12-17,30,96,177.45347,8.9388924,6.9167153,1.32987,0,0,False,register_operations_review,public-derived-entity-complete-daily-aggregate
7,2019-12-18,30,96,175.85486,7.0070343,6.8644166,1.3424955,0,0,False,register_operations_review,public-derived-entity-complete-daily-aggregate
7,2019-12-19,30,96,134.09861,5.0562778,4.7670694,1.15293,0,0,False,register_operations_review,public-derived-entity-complete-daily-aggregate
7,2019-12-20,30,96,157.71042,5.2697009,5.909007,1.2057656,0,0,False,register_operations_review,public-derived-entity-complete-daily-aggregate
7,2019-12-21,30,96,178.41528,7.3684748,6.9062709,1.3334443,0,0,False,register_operations_review,public-derived-entity-complete-daily-aggregate
7,2019-12-22,30,96,178.17292,8.7980382,7.0112222,1.3285337,0,0,False,register_operations_review,public-derived-entity-complete-daily-aggregate
7,2019-12-23,30,96,179.13333,9.1002387,6.9474097,1.30284,0,0,False,register_operations_review,public-derived-entity-complete-daily-aggregate
7,2019-12-24,30,96,183.40417,8.5615962,7.145743,1.3138915,0,0,False,register_operations_review,public-derived-entity-complete-daily-aggregate
7,2019-12-25,30,96,185.88681,7.676691,7.2203472,1.3152554,0,0,False,register_operations_review,public-derived-entity-complete-daily-aggregate
7,2019-12-26,30,96,165.61944,5.1616737,6.5894653,1.3073707,0,0,False,register_operations_review,public-derived-entity-complete-daily-aggregate
7,2019-12-27,30,96,155.09097,5.1842803,5.769132,1.181819,0,0,False,register_operations_review,public-derived-entity-complete-daily-aggregate
7,2019-12-28,30,96,136.79097,4.5424201,4.8893958,1.1263284,0,0,False,register_operations_review,public-derived-entity-complete-daily-aggregate
7,2019-12-29,30,96,184.85139,3.6948249,7.2684583,1.3437036,0,0,False,register_operations_review,public-derived-entity-complete-daily-aggregate
7,2019-12-30,30,96,181.77431,3.9474315,7.1467153,1.3333491,0,0,False,register_operations_review,public-derived-entity-complete-daily-aggregate
7,2019-12-31,30,96,182.24444,4.6771756,7.164,1.3316246,0,0,False,register_operations_review,public-derived-entity-complete-daily-aggregate
7,2020-01-01,30,96,180.33819,6.9080486,7.1287361,1.3279804,0,0,False,register_operations_review,public-derived-entity-complete-daily-aggregate
7,2020-01-02,30,96,154.23264,7.3875287,5.7688819,1.2575858,0,0,False,register_operations_review,public-derived-entity-complete-daily-aggregate
7,2020-01-03,30,96,148.45139,8.6262495,5.3014861,1.1039225,0,0,False,register_operations_review,public-derived-entity-complete-daily-aggregate
7,2020-01-04,30,96,48.034028,6.3867622,1.3454097,0.84447672,0,0,False,register_operations_review,public-derived-entity-complete-daily-aggregate
7,2020-01-05,30,96,142.70417,6.4782986,5.3454236,1.1729652,0,0,False,register_operations_review,public-derived-entity-complete-daily-aggregate
7,2020-01-06,30,96,115.67431,6.0856146,4.0934098,1.1306768,0,0,False,register_operations_review,public-derived-entity-complete-daily-aggregate
7,2020-01-07,30,96,187.07292,3.8047272,7.3217014,1.3451244,0,0,False,register_operations_review,public-derived-entity-complete-daily-aggregate
7,2020-01-08,30,96,142.03472,7.6102381,4.9802916,1.1350102,0,0,False,register_operations_review,public-derived-entity-complete-daily-aggregate
7,2020-01-09,30,96,131.53542,7.5698804,4.6891944,1.1081258,0,0,False,register_operations_review,public-derived-entity-complete-daily-aggregate
7,2020-01-10,30,96,191.37743,7.7391816,7.543118,1.3157848,0,0,False,register_operations_review,public-derived-entity-complete-daily-aggregate
7,2020-01-11,30,96,190.32431,5.2368026,7.1866181,1.2524091,0,0,False,register_operations_review,public-derived-entity-complete-daily-aggregate
7,2020-01-12,30,96,192.99722,5.5196136,7.4408125,1.3171741,0,0,False,register_operations_review,public-derived-entity-complete-daily-aggregate
7,2020-01-13,30,96,192.05417,6.1297014,7.3190937,1.2901189,0,0,False,register_operations_review,public-derived-entity-complete-daily-aggregate
7,2020-01-14,30,96,189.67222,7.5588046,7.2219792,1.2990429,0,0,False,register_operations_review,public-derived-entity-complete-daily-aggregate
7,2020-01-15,30,96,193.97639,9.402629,7.3454097,1.2662058,0,0,False,register_operations_review,public-derived-entity-complete-daily-aggregate
7,2020-01-16,30,96,192.35556,8.1863472,7.2586736,1.2853833,0,0,False,register_operations_review,public-derived-entity-complete-daily-aggregate
7,2020-01-17,30,96,195.90139,9.5428264,7.3854584,1.2853004,0,0,False,register_operations_review,public-derived-entity-complete-daily-aggregate
7,2020-01-18,30,96,201.98403,10.583073,7.5451528,1.3004055,0,0,False,register_operations_review,public-derived-entity-complete-daily-aggregate
7,2020-01-19,30,96,198.88229,9.0069549,7.474243,1.2748855,0,0,False,register_operations_review,public-derived-entity-complete-daily-aggregate
7,2020-01-20,30,96,188.49653,7.5262519,6.9094653,1.2214194,0,0,False,register_operations_review,public-derived-entity-complete-daily-aggregate
7,2020-01-21,30,96,178.48681,6.8521582,6.311507,1.1828052,0,0,False,register_operations_review,public-derived-entity-complete-daily-aggregate
7,2020-01-22,30,96,170.90069,6.5704792,5.9871354,1.1567285,0,0,False,register_operations_review,public-derived-entity-complete-daily-aggregate
7,2020-01-23,30,96,181.73264,5.864149,6.4050903,1.1856439,0,0,False,register_operations_review,public-derived-entity-complete-daily-aggregate
7,2020-01-24,30,96,99.900694,3.0270208,3.0382361,0.97781521,0,0,False,register_operations_review,public-derived-entity-complete-daily-aggregate
7,2020-01-25,30,96,68.639583,-0.47983331,1.7443542,0.70319525,0,0,False,register_operations_review,public-derived-entity-complete-daily-aggregate
7,2020-01-26,30,96,190.05278,1.061556,6.5396736,1.0957383,0,0,False,register_operations_review,public-derived-entity-complete-daily-aggregate
7,2020-01-27,30,96,212.58333,2.3888125,7.7727639,1.2520314,0,0,False,register_operations_review,public-derived-entity-complete-daily-aggregate
7,2020-01-28,30,96,209.47153,3.2042882,7.5440278,1.2205967,0,0,False,register_operations_review,public-derived-entity-complete-daily-aggregate
7,2020-01-29,30,96,189.17292,4.2605337,6.7765764,1.1844,0,0,False,register_operations_review,public-derived-entity-complete-daily-aggregate
7,2020-01-30,30,96,154.00972,4.8567292,4.9189306,1.028628,0,0,False,register_operations_review,public-derived-entity-complete-daily-aggregate
7,2020-01-31,30,96,209.92639,5.5519643,7.2581528,1.1242559,0,0,False,register_operations_review,public-derived-entity-complete-daily-aggregate
7,2020-02-01,30,96,214.73194,5.8528576,7.7406319,1.2333791,0,0,False,register_operations_review,public-derived-entity-complete-daily-aggregate
7,2020-02-02,30,96,214.06042,6.6003487,7.6340486,1.2149487,0,0,False,register_operations_review,public-derived-entity-complete-daily-aggregate
7,2020-02-03,30,96,185.01979,5.8031414,6.3971666,1.1657614,0,0,False,register_operations_review,public-derived-entity-complete-daily-aggregate
7,2020-02-04,30,96,216.99583,5.9488854,7.6124028,1.2081788,0,0,False,register_operations_review,public-derived-entity-complete-daily-aggregate
7,2020-02-05,30,96,215.02431,6.5549779,7.6161389,1.2095062,0,0,False,register_operations_review,public-derived-entity-complete-daily-aggregate
7,2020-02-06,30,96,217.33194,6.4695288,7.528743,1.1676509,0,0,False,register_operations_review,public-derived-entity-complete-daily-aggregate
7,2020-02-07,30,96,218.90139,7.2840018,7.5927083,1.1839404,0,0,False,register_operations_review,public-derived-entity-complete-daily-aggregate
7,2020-02-08,30,96,167.95486,7.1977336,5.2307986,1.0103344,0,0,False,register_operations_review,public-derived-entity-complete-daily-aggregate
7,2020-02-09,30,96,37.966667,4.2494621,0.92931944,0.77117743,0,0,False,register_operations_review,public-derived-entity-complete-daily-aggregate
7,2020-02-10,30,96,202.67778,6.2433526,6.7036701,1.0806345,0,0,False,register_operations_review,public-derived-entity-complete-daily-aggregate
7,2020-02-11,30,96,228.55347,6.9274507,7.6762083,1.1395513,0,0,False,register_operations_review,public-derived-entity-complete-daily-aggregate
7,2020-02-12,30,96,229.64097,7.3617771,7.558125,1.1100891,0,0,False,register_operations_review,public-derived-entity-complete-daily-aggregate
7,2020-02-13,30,96,227.04444,7.8764092,7.5717917,1.1364381,0,0,False,register_operations_review,public-derived-entity-complete-daily-aggregate
7,2020-02-14,30,96,204.79444,7.8908338,6.5024097,1.0799072,0,0,False,register_operations_review,public-derived-entity-complete-daily-aggregate
7,2020-02-15,30,96,107.45833,7.0496246,2.9608958,0.81545153,0,0,False,register_operations_review,public-derived-entity-complete-daily-aggregate
7,2020-02-16,30,96,92.0625,6.5905809,2.7202847,0.93403342,0,0,False,register_operations_review,public-derived-entity-complete-daily-aggregate
7,2020-02-17,30,96,125.78819,4.5794501,3.4774514,0.85745169,0,0,False,register_operations_review,public-derived-entity-complete-daily-aggregate
7,2020-02-18,30,96,229.26751,7.1124112,7.4820486,1.087495,0,0,False,register_operations_review,public-derived-entity-complete-daily-aggregate
7,2020-02-19,30,96,236.68681,9.7586944,7.5049167,1.0608642,0,0,False,register_operations_review,public-derived-entity-complete-daily-aggregate
7,2020-02-20,30,96,218.50833,10.036535,7.0204306,1.0919512,0,0,False,register_operations_review,public-derived-entity-complete-daily-aggregate
7,2020-02-21,30,96,242.29861,10.841554,7.7723125,1.0978097,0,0,False,register_operations_review,public-derived-entity-complete-daily-aggregate
7,2020-02-22,30,96,247.97014,11.326163,7.7144444,1.0522049,0,0,False,register_operations_review,public-derived-entity-complete-daily-aggregate
7,2020-02-23,30,96,237.41597,11.650219,7.3941181,1.0217927,0,0,False,register_operations_review,public-derived-entity-complete-daily-aggregate
7,2020-02-24,30,96,255.31181,11.44936,8.0453195,1.0635928,0,0,False,register_operations_review,public-derived-entity-complete-daily-aggregate
7,2020-02-25,30,96,256.43403,10.908738,7.9689514,1.0644318,0,0,False,register_operations_review,public-derived-entity-complete-daily-aggregate
7,2020-02-26,30,96,238.39236,11.194173,7.3227917,1.0380119,0,0,False,register_operations_review,public-derived-entity-complete-daily-aggregate
7,2020-02-27,30,96,112.13125,9.9931245,3.2179514,0.84956248,0,0,False,register_operations_review,public-derived-entity-complete-daily-aggregate
7,2020-02-28,30,96,236.43611,7.2811265,7.0200833,0.95608655,0,0,False,register_operations_review,public-derived-entity-complete-daily-aggregate
7,2020-02-29,30,96,263.50833,9.4209657,8.1432292,1.0690499,0,0,False,register_operations_review,public-derived-entity-complete-daily-aggregate
7,2020-03-01,30,96,261.55,11.226264,8.0239653,1.043813,0,0,False,register_operations_review,public-derived-entity-complete-daily-aggregate
7,2020-03-02,30,96,248.6375,11.650114,7.5101458,1.0270783,0,0,False,register_operations_review,public-derived-entity-complete-daily-aggregate
7,2020-03-03,30,96,184.65035,10.345863,5.495375,0.98987731,0,0,False,register_operations_review,public-derived-entity-complete-daily-aggregate
7,2020-03-04,30,96,175.14306,7.7471723,4.7992084,0.86295616,0,0,False,register_operations_review,public-derived-entity-complete-daily-aggregate
7,2020-03-05,30,96,284.94583,10.002522,8.4727847,0.98924336,0,0,False,register_operations_review,public-derived-entity-complete-daily-aggregate
7,2020-03-06,30,96,280.63274,11.275608,8.2174896,0.9922104,0,0,False,register_operations_review,public-derived-entity-complete-daily-aggregate
7,2020-03-07,30,96,276.78958,11.693014,8.3032639,1.0173201,0,0,False,register_operations_review,public-derived-entity-complete-daily-aggregate
7,2020-03-08,30,96,245.16319,11.85191,7.0785347,0.9688933,0,0,False,register_operations_review,public-derived-entity-complete-daily-aggregate
7,2020-03-09,30,96,264.31944,11.339878,7.5613264,0.96695065,0,0,False,register_operations_review,public-derived-entity-complete-daily-aggregate
7,2020-03-10,30,96,240.13368,10.202561,7.060934,1.0129826,0,0,False,register_operations_review,public-derived-entity-complete-daily-aggregate
7,2020-03-11,30,96,249.40367,12.030644,7.1598681,0.94804802,0,0,False,register_operations_review,public-derived-entity-complete-daily-aggregate
7,2020-03-12,30,96,279.02778,13.014641,8.0886389,0.9631593,0,0,False,register_operations_review,public-derived-entity-complete-daily-aggregate
7,2020-03-13,30,96,284.93859,13.997631,8.050875,0.96506108,0,0,False,register_operations_review,public-derived-entity-complete-daily-aggregate
7,2020-03-14,30,96,284.12292,15.905795,7.9218194,0.92207369,0,0,False,register_operations_review,public-derived-entity-complete-daily-aggregate
7,2020-03-15,30,96,249.28611,16.786314,6.9718611,0.90087657,0,0,False,register_operations_review,public-derived-entity-complete-daily-aggregate
7,2020-03-16,30,96,156.32153,12.790368,4.3280417,0.874664,0,0,False,register_operations_review,public-derived-entity-complete-daily-aggregate
7,2020-03-17,30,96,177.12847,12.051354,4.7856805,0.88002006,0,0,False,register_operations_review,public-derived-entity-complete-daily-aggregate
7,2020-03-18,30,96,232.24097,12.141125,6.3131528,0.88746579,0,0,False,register_operations_review,public-derived-entity-complete-daily-aggregate
7,2020-03-19,30,96,172.31736,8.7836464,4.5587431,0.84023153,0,0,False,register_operations_review,public-derived-entity-complete-daily-aggregate
7,2020-03-20,30,96,275.48403,10.98378,7.5205139,0.85002444,0,0,False,register_operations_review,public-derived-entity-complete-daily-aggregate
7,2020-03-21,30,96,232.07014,11.848631,6.2063264,0.8639434,0,0,False,register_operations_review,public-derived-entity-complete-daily-aggregate
7,2020-03-22,30,96,276.56597,12.282041,7.3489166,0.85648233,0,0,False,register_operations_review,public-derived-entity-complete-daily-aggregate
7,2020-03-23,30,96,217.04286,11.497122,5.6425208,0.81507501,0,0,False,register_operations_review,public-derived-entity-complete-daily-aggregate
7,2020-03-24,30,96,205.31319,11.913935,5.4016319,0.84717961,0,0,False,register_operations_review,public-derived-entity-complete-daily-aggregate
7,2020-03-25,30,96,270.52158,12.341221,7.0067014,0.81128149,0,0,False,register_operations_review,public-derived-entity-complete-daily-aggregate
7,2020-03-26,30,96,292.19375,13.330577,7.5147986,0.82431019,0,0,False,register_operations_review,public-derived-entity-complete-daily-aggregate
7,2020-03-27,30,96,305.95486,15.350595,7.6894999,0.78987356,0,0,False,register_operations_review,public-derived-entity-complete-daily-aggregate
7,2020-03-28,30,96,246.1,16.827031,6.2262847,0.78061317,0,0,False,register_operations_review,public-derived-entity-complete-daily-aggregate
7,2020-03-29,30,96,286.65764,18.049427,7.324132,0.81065896,0.00028502779,0,False,register_operations_review,public-derived-entity-complete-daily-aggregate
7,2020-03-30,30,96,293.18279,16.8846,7.5596181,0.80705396,0,0,False,register_operations_review,public-derived-entity-complete-daily-aggregate
7,2020-03-31,30,96,311.5375,16.556006,7.8319028,0.79164633,0,0,False,register_operations_review,public-derived-entity-complete-daily-aggregate
7,2020-04-01,30,96,254.51493,16.353453,6.4432986,0.79933644,0,0,False,register_operations_review,public-derived-entity-complete-daily-aggregate
7,2020-04-02,30,96,208.23279,14.805305,5.2072153,0.7830428,0,0,False,register_operations_review,public-derived-entity-complete-daily-aggregate
7,2020-04-03,30,96,253.73472,13.685726,6.3254445,0.79130021,0,0,False,register_operations_review,public-derived-entity-complete-daily-aggregate
7,2020-04-04,30,96,235.48819,13.731839,5.8313611,0.78640038,0,0,False,register_operations_review,public-derived-entity-complete-daily-aggregate
7,2020-04-05,30,96,273.25382,13.817467,6.8072431,0.79103297,0,0,False,register_operations_review,public-derived-entity-complete-daily-aggregate
7,2020-04-06,30,96,258.71806,13.526627,6.3785313,0.77750685,0,0,False,register_operations_review,public-derived-entity-complete-daily-aggregate
7,2020-04-07,30,96,228.01042,12.016711,5.6948889,0.79722925,0,0,False,register_operations_review,public-derived-entity-complete-daily-aggregate
7,2020-04-08,30,96,224.86458,11.832267,5.5542083,0.78720052,0,0,False,register_operations_review,public-derived-entity-complete-daily-aggregate
7,2020-04-09,30,96,217.99097,13.094319,5.310125,0.74929605,0,0,False,register_operations_review,public-derived-entity-complete-daily-aggregate
7,2020-04-10,30,96,249.65208,14.559761,6.0578403,0.75988091,0,0,False,register_operations_review,public-derived-entity-complete-daily-aggregate
7,2020-04-11,30,96,308.30278,14.298701,7.4036181,0.74988672,0,0,False,register_operations_review,public-derived-entity-complete-daily-aggregate
7,2020-04-12,30,96,244.27569,14.025486,5.87175,0.74717244,0,0,False,register_operations_review,public-derived-entity-complete-daily-aggregate
7,2020-04-13,30,96,192.25556,10.731743,4.613875,0.73525185,0,0,False,register_operations_review,public-derived-entity-complete-daily-aggregate
7,2020-04-14,30,96,302.99306,11.228879,7.367625,0.75272183,0,0,False,register_operations_review,public-derived-entity-complete-daily-aggregate
7,2020-04-15,30,96,305.20625,16.409325,7.1575625,0.74555087,2.7916667e-05,0,False,register_operations_review,public-derived-entity-complete-daily-aggregate
7,2020-04-16,30,96,302.53611,18.191511,7.1163819,0.73029856,0,0,False,register_operations_review,public-derived-entity-complete-daily-aggregate
7,2020-04-17,30,96,231.74583,16.298764,5.4649375,0.74864323,0,0,False,register_operations_review,public-derived-entity-complete-daily-aggregate
7,2020-04-18,30,96,256.50139,15.902644,5.9539861,0.74687337,0,0,False,register_operations_review,public-derived-entity-complete-daily-aggregate
7,2020-04-19,30,96,244.10764,16.757153,5.756757,0.74399071,0,0,False,register_operations_review,public-derived-entity-complete-daily-aggregate
7,2020-04-20,30,96,308.21528,17.015962,7.1684861,0.73171681,0,0.020833333,False,register_operations_review,public-derived-entity-complete-daily-aggregate
7,2020-04-21,30,96,229.52083,16.440739,5.3139167,0.72936514,0,0.020833333,False,register_operations_review,public-derived-entity-complete-daily-aggregate
7,2020-04-22,30,96,224.50833,15.633257,5.4576944,0.7780626,0,0,False,register_operations_review,public-derived-entity-complete-daily-aggregate
7,2020-04-23,30,96,177.74583,12.776833,4.1716111,0.75038681,0,0,False,register_operations_review,public-derived-entity-complete-daily-aggregate
7,2020-04-24,30,96,129.70833,7.4588056,3.2603403,0.8150058,0,0,False,register_operations_review,public-derived-entity-complete-daily-aggregate
7,2020-04-25,30,96,97.51875,5.3789722,2.4960556,0.80186003,0,0,False,register_operations_review,public-derived-entity-complete-daily-aggregate
7,2020-04-26,30,96,135.20903,7.590625,3.4441458,0.82605558,0,0,False,register_operations_review,public-derived-entity-complete-daily-aggregate
7,2020-04-27,30,96,212.18264,10.079604,5.2673055,0.80090615,0,0,False,register_operations_review,public-derived-entity-complete-daily-aggregate
7,2020-04-28,30,96,267.48264,11.883625,6.2553889,0.75661852,0,0,False,register_operations_review,public-derived-entity-complete-daily-aggregate
7,2020-04-29,30,96,113.52292,11.556361,2.8269375,0.79977004,0,0,False,register_operations_review,public-derived-entity-complete-daily-aggregate
7,2020-04-30,30,96,193.51319,11.970021,4.6068542,0.746283,0,0,False,register_operations_review,public-derived-entity-complete-daily-aggregate
7,2020-05-01,30,96,252.96667,11.708049,5.7979444,0.74823738,0,0,False,register_operations_review,public-derived-entity-complete-daily-aggregate
7,2020-05-02,30,96,315.77153,14.246347,7.2219722,0.73548603,0,0,False,register_operations_review,public-derived-entity-complete-daily-aggregate
7,2020-05-03,30,96,200.47917,15.94517,4.5676042,0.73072213,0,0.020833333,False,register_operations_review,public-derived-entity-complete-daily-aggregate
7,2020-05-04,30,96,285.70625,17.649181,6.1281597,0.68779703,0,0.072916667,False,register_operations_review,public-derived-entity-complete-daily-aggregate
7,2020-05-05,30,96,318.90556,18.723023,6.8353334,0.64713713,0.00018641667,0.041666667,False,register_operations_review,public-derived-entity-complete-daily-aggregate
7,2020-05-06,30,96,303.00556,19.64566,6.4706319,0.64766124,0.00042899996,0.041666667,False,register_operations_review,public-derived-entity-complete-daily-aggregate
7,2020-05-07,30,96,353.01597,20.127507,7.5183333,0.62123467,0.001093639,0.09375,False,register_operations_review,public-derived-entity-complete-daily-aggregate
7,2020-05-08,30,96,331.18333,19.142864,7.0702777,0.65550606,0.00019636112,0.03125,False,register_operations_review,public-derived-entity-complete-daily-aggregate
7,2020-05-09,30,96,317.92483,18.046635,6.7551146,0.64278067,0,0.041666667,False,register_operations_review,public-derived-entity-complete-daily-aggregate
7,2020-05-10,30,96,350.40903,18.71288,7.317493,0.62245346,0.00014294446,0.052083333,False,register_operations_review,public-derived-entity-complete-daily-aggregate
7,2020-05-11,30,96,314.33507,19.15311,6.6776388,0.644422,0,0.041666667,False,register_operations_review,public-derived-entity-complete-daily-aggregate
7,2020-05-12,30,96,196.51389,17.861639,4.558625,0.75858401,0,0,False,register_operations_review,public-derived-entity-complete-daily-aggregate
7,2020-05-13,30,96,255.57569,17.319389,5.6386458,0.69130853,0,0.03125,False,register_operations_review,public-derived-entity-complete-daily-aggregate
7,2020-05-14,30,96,280.78264,17.840597,6.0135903,0.68275789,0,0.020833333,False,register_operations_review,public-derived-entity-complete-daily-aggregate
7,2020-05-15,30,96,337.80764,18.072342,6.9614862,0.61853972,1.3944458e-05,0.0625,False,register_operations_review,public-derived-entity-complete-daily-aggregate
7,2020-05-16,30,96,201.39792,16.698759,4.3549722,0.67029169,0,0.041666667,False,register_operations_review,public-derived-entity-complete-daily-aggregate
7,2020-05-17,30,96,191.34514,12.915318,4.4673125,0.75522911,0,0,False,register_operations_review,public-derived-entity-complete-daily-aggregate
7,2020-05-18,30,96,246.77778,14.426826,5.4722569,0.71658126,0,0,False,register_operations_review,public-derived-entity-complete-daily-aggregate
7,2020-05-19,30,96,324.34688,17.932115,6.7867222,0.63796057,6.85e-05,0.041666667,False,register_operations_review,public-derived-entity-complete-daily-aggregate
7,2020-05-20,30,96,168.18239,20.324785,3.8389375,0.73044558,0,0,False,register_operations_review,public-derived-entity-complete-daily-aggregate
7,2020-05-21,30,96,174.66111,20.707349,4.0754583,0.76410784,0,0,False,register_operations_review,public-derived-entity-complete-daily-aggregate
7,2020-05-22,30,96,201.58889,15.739318,4.3610903,0.69327419,0,0.052083333,False,register_operations_review,public-derived-entity-complete-daily-aggregate
7,2020-05-23,30,96,179.6375,13.403446,4.2684792,0.78353534,0,0,False,register_operations_review,public-derived-entity-complete-daily-aggregate
7,2020-05-24,30,96,249.14861,16.653628,5.3788472,0.68828392,0,0.020833333,False,register_operations_review,public-derived-entity-complete-daily-aggregate
7,2020-05-25,30,96,49.584722,13.44114,1.2291458,0.76482075,0,0,False,register_operations_review,public-derived-entity-complete-daily-aggregate
7,2020-05-26,30,96,41.515278,8.0411071,0.95154169,0.71716903,0,0,False,register_operations_review,public-derived-entity-complete-daily-aggregate
7,2020-05-27,30,96,107.78681,7.4762143,2.7812222,0.82440416,0,0,False,register_operations_review,public-derived-entity-complete-daily-aggregate
7,2020-05-28,30,96,91.689931,7.7944226,2.3400139,0.81398947,0,0,False,register_operations_review,public-derived-entity-complete-daily-aggregate
7,2020-05-29,30,96,316.86116,12.566629,6.7772986,0.69146329,0,0.020833333,False,register_operations_review,public-derived-entity-complete-daily-aggregate
7,2020-05-30,30,96,329.74236,15.185196,6.8424444,0.63435098,0,0.020833333,False,register_operations_review,public-derived-entity-complete-daily-aggregate
7,2020-05-31,30,96,288.6501,15.409003,6.1287361,0.6804474,0,0,False,register_operations_review,public-derived-entity-complete-daily-aggregate
7,2020-06-01,30,96,234.33576,16.162635,5.1419722,0.71792537,0,0,False,register_operations_review,public-derived-entity-complete-daily-aggregate
7,2020-06-02,30,96,248.43606,17.132556,0,,0,0,False,register_operations_review,public-derived-entity-complete-daily-aggregate
7,2020-06-03,30,96,243.24861,16.379047,0,,0,0,False,register_operations_review,public-derived-entity-complete-daily-aggregate
7,2020-06-04,30,96,219.98889,17.62451,0,,0,0,False,register_operations_review,public-derived-entity-complete-daily-aggregate
7,2020-06-05,30,96,241.23819,15.741295,0,,0,0,False,register_operations_review,public-derived-entity-complete-daily-aggregate
7,2020-06-06,30,96,239.66181,17.499861,0,,0,0,False,register_operations_review,public-derived-entity-complete-daily-aggregate
7,2020-06-07,30,96,343.62083,20.758319,6.8001458,0.60443088,0.0017507776,0.052083333,False,register_operations_review,public-derived-entity-complete-daily-aggregate
7,2020-06-08,30,96,321.90903,20.930049,6.4060556,0.61299975,0.00088986112,0.052083333,False,register_operations_review,public-derived-entity-complete-daily-aggregate
7,2020-06-09,30,96,295.98889,20.463299,6.2111736,0.65523698,0,0.03125,False,register_operations_review,public-derived-entity-complete-daily-aggregate
7,2020-06-10,30,96,291.01806,20.424333,5.8890764,0.6319593,3.6944583e-06,0.041666667,False,register_operations_review,public-derived-entity-complete-daily-aggregate
7,2020-06-11,30,96,337.76389,21.969958,6.7544583,0.5997558,0.00218325,0.052083333,False,register_operations_review,public-derived-entity-complete-daily-aggregate
7,2020-06-12,30,96,330.01597,22.073979,6.6237361,0.61753991,0.0010097222,0.052083333,False,register_operations_review,public-derived-entity-complete-daily-aggregate
7,2020-06-13,30,96,265.69097,20.833778,5.7713681,0.70963827,0.00054261108,0,False,register_operations_review,public-derived-entity-complete-daily-aggregate
7,2020-06-14,30,96,172.45069,16.483604,3.7788264,0.71857115,0,0.041666667,False,register_operations_review,public-derived-entity-complete-daily-aggregate
7,2020-06-15,30,96,233.91389,17.95358,5.0419167,0.70023363,0,0.041666667,False,register_operations_review,public-derived-entity-complete-daily-aggregate
7,2020-06-16,30,96,245.13194,20.131618,5.1959583,0.67741618,0,0,False,register_operations_review,public-derived-entity-complete-daily-aggregate
7,2020-06-17,30,96,330.52153,21.150778,6.6623334,0.63055473,0.00015216667,0.052083333,False,register_operations_review,public-derived-entity-complete-daily-aggregate
7,2020-06-18,30,96,105.79583,19.14034,2.5982986,0.79945361,0,0,False,register_operations_review,public-derived-entity-complete-daily-aggregate
7,2020-06-19,30,96,260.21238,19.203972,5.4758125,0.67702965,0,0.03125,False,register_operations_review,public-derived-entity-complete-daily-aggregate
7,2020-06-20,30,96,236.5817,22.106767,4.9336736,0.69045711,0.00028531942,0.03125,False,register_operations_review,public-derived-entity-complete-daily-aggregate
7,2020-06-21,30,96,273.13438,22.397799,5.4808819,0.62116601,0.0011838611,0.041666667,False,register_operations_review,public-derived-entity-complete-daily-aggregate
7,2020-06-22,30,96,315.40417,21.032891,6.4534444,0.62938272,2.5166667e-05,0.0625,False,register_operations_review,public-derived-entity-complete-daily-aggregate
7,2020-06-23,30,96,338.38929,21.564035,5.8867986,0.61294421,0.00018490279,0.11458333,False,register_operations_review,public-derived-entity-complete-daily-aggregate
7,2020-06-24,30,96,282.09446,17.334083,4.7256042,0.55980064,5.5e-06,0.125,False,register_operations_review,public-derived-entity-complete-daily-aggregate
7,2020-06-25,30,96,290.32029,17.605223,6.2514722,0.7281236,0.00028593054,0,False,register_operations_review,public-derived-entity-complete-daily-aggregate
7,2020-06-26,30,96,283.32917,20.979181,5.7342083,0.64625418,0.0004255,0.03125,False,register_operations_review,public-derived-entity-complete-daily-aggregate
7,2020-06-27,30,96,329.67273,22.201905,6.8456667,0.66927078,0.001581,0.020833333,False,register_operations_review,public-derived-entity-complete-daily-aggregate
7,2020-06-28,30,96,313.53461,21.819035,6.5151319,0.67096122,0.00077694446,0,False,register_operations_review,public-derived-entity-complete-daily-aggregate
7,2020-06-29,30,96,265.23619,20.875762,5.5038611,0.66089662,0.00045647746,0.010416667,False,register_operations_review,public-derived-entity-complete-daily-aggregate
7,2020-06-30,30,96,111.69965,16.252918,2.8467569,0.80199908,0,0,False,register_operations_review,public-derived-entity-complete-daily-aggregate
7,2020-07-01,30,96,149.45274,16.526585,3.6205556,0.78528782,0,0,False,register_operations_review,public-derived-entity-complete-daily-aggregate
7,2020-07-02,30,96,223.82593,19.566441,4.9736875,0.70113245,0,0.03125,False,register_operations_review,public-derived-entity-complete-daily-aggregate
7,2020-07-03,30,96,273.99335,18.54997,5.8496597,0.67524343,0,0.041666667,False,register_operations_review,public-derived-entity-complete-daily-aggregate
7,2020-07-04,30,96,154.0985,18.311091,3.4713611,0.78022165,0,0,False,register_operations_review,public-derived-entity-complete-daily-aggregate
7,2020-07-05,30,96,206.25521,18.692465,4.5909583,0.73572935,0,0.020833333,False,register_operations_review,public-derived-entity-complete-daily-aggregate
7,2020-07-06,30,96,266.99236,20.470457,5.8708542,0.69846941,0,0.010416667,False,register_operations_review,public-derived-entity-complete-daily-aggregate
7,2020-07-07,30,96,254.68889,20.310626,5.7219653,0.72153282,0,0,False,register_operations_review,public-derived-entity-complete-daily-aggregate
7,2020-07-08,30,96,136.23762,16.729215,3.2826111,0.81640663,0,0,False,register_operations_review,public-derived-entity-complete-daily-aggregate
7,2020-07-09,30,96,170.20284,18.000275,3.8997361,0.77310057,0,0,False,register_operations_review,public-derived-entity-complete-daily-aggregate
7,2020-07-10,30,96,260.82593,18.97137,5.8991597,0.76810474,0,0,False,register_operations_review,public-derived-entity-complete-daily-aggregate
7,2020-07-11,30,96,240.99506,20.366011,5.4389097,0.74399505,8.3513917e-05,0,False,register_operations_review,public-derived-entity-complete-daily-aggregate
7,2020-07-12,30,96,135.96303,18.947606,3.3793889,0.7893896,0,0,False,register_operations_review,public-derived-entity-complete-daily-aggregate
7,2020-07-13,30,96,190.19135,17.571863,4.599618,0.78138391,0,0,False,register_operations_review,public-derived-entity-complete-daily-aggregate
7,2020-07-14,30,96,203.56766,18.093101,4.5868959,0.76004268,0,0,False,register_operations_review,public-derived-entity-complete-daily-aggregate
7,2020-07-15,30,96,185.68542,19.009782,4.4673681,0.78781263,0,0,False,register_operations_review,public-derived-entity-complete-daily-aggregate
7,2020-07-16,30,96,192.70549,19.277128,4.5650139,0.75706203,0,0,False,register_operations_review,public-derived-entity-complete-daily-aggregate
7,2020-07-17,30,96,72.318403,16.609831,1.9158403,0.84800807,0,0,False,register_operations_review,public-derived-entity-complete-daily-aggregate
7,2020-07-18,30,96,137.06465,17.930229,3.2791528,0.75161876,0,0,False,register_operations_review,public-derived-entity-complete-daily-aggregate
7,2020-07-19,30,96,171.00069,17.28884,3.9152778,0.73266014,0,0,False,register_operations_review,public-derived-entity-complete-daily-aggregate
7,2020-07-20,30,96,161.01951,15.785149,3.8111319,0.78276375,0,0,False,register_operations_review,public-derived-entity-complete-daily-aggregate
7,2020-07-21,30,96,240.56606,18.231214,5.4655486,0.74649363,0,0,False,register_operations_review,public-derived-entity-complete-daily-aggregate
7,2020-07-22,30,96,259.55417,20.022141,5.9840834,0.7159079,0,0,False,register_operations_review,public-derived-entity-complete-daily-aggregate
7,2020-07-23,30,96,232.51933,20.555991,5.1484861,0.72844364,0,0,False,register_operations_review,public-derived-entity-complete-daily-aggregate
7,2020-07-24,30,96,269.42654,20.38121,5.9034861,0.69870107,0,0.010416667,False,register_operations_review,public-derived-entity-complete-daily-aggregate
7,2020-07-25,30,96,210.12361,20.552108,4.7358264,0.74796599,0,0,False,register_operations_review,public-derived-entity-complete-daily-aggregate
7,2020-07-26,30,96,97.063442,17.206849,2.4482212,0.79819583,0,0,False,register_operations_review,public-derived-entity-complete-daily-aggregate
7,2020-07-27,30,96,300.15127,17.874527,6.2973993,0.64973918,0,0.03125,False,register_operations_review,public-derived-entity-complete-daily-aggregate
7,2020-07-28,30,96,287.08585,18.826452,6.2050838,0.65609656,0,0.020833333,False,register_operations_review,public-derived-entity-complete-daily-aggregate
7,2020-07-29,30,96,166.09144,18.883088,3.8999155,0.77679369,0,0,False,register_operations_review,public-derived-entity-complete-daily-aggregate
7,2020-07-30,30,96,196.92612,18.979141,4.5464439,0.75228955,0,0,False,register_operations_review,public-derived-entity-complete-daily-aggregate
7,2020-07-31,30,96,117.12293,16.485913,2.7897893,0.76784759,0,0,False,register_operations_review,public-derived-entity-complete-daily-aggregate
7,2020-08-01,30,96,244.53705,18.889074,5.634941,0.76638079,0,0,False,register_operations_review,public-derived-entity-complete-daily-aggregate
7,2020-08-02,30,96,205.59683,19.514835,4.7375961,0.74435218,4.6833333e-05,0,False,register_operations_review,public-derived-entity-complete-daily-aggregate
7,2020-08-03,30,96,176.2834,19.139843,3.9962523,0.71323076,0,0,False,register_operations_review,public-derived-entity-complete-daily-aggregate
7,2020-08-04,30,96,263.45221,19.394608,6.0827275,0.77174639,2.4319458e-05,0,False,register_operations_review,public-derived-entity-complete-daily-aggregate
7,2020-08-05,30,96,317.35647,20.549731,6.8118599,0.66702442,0.00069101392,0,False,register_operations_review,public-derived-entity-complete-daily-aggregate
7,2020-08-06,30,96,319.30843,21.176303,6.8278021,0.65680513,0.0011229861,0.010416667,False,register_operations_review,public-derived-entity-complete-daily-aggregate
7,2020-08-07,30,96,239.80227,20.485788,5.5786319,0.75561529,8.4166667e-06,0,False,register_operations_review,public-derived-entity-complete-daily-aggregate
7,2020-08-08,30,96,194.29158,19.104049,4.5885506,0.77268141,0,0,False,register_operations_review,public-derived-entity-complete-daily-aggregate
7,2020-08-09,30,96,222.931,18.067228,5.0878055,0.77325174,0,0,False,register_operations_review,public-derived-entity-complete-daily-aggregate
7,2020-08-10,30,96,300.38353,19.43629,6.5361076,0.70817326,4.5e-06,0.010416667,False,register_operations_review,public-derived-entity-complete-daily-aggregate
7,2020-08-11,30,96,260.54152,19.728827,6.0691736,0.76058786,2.8638875e-05,0,False,register_operations_review,public-derived-entity-complete-daily-aggregate
7,2020-08-12,30,96,160.27098,19.441409,3.8359848,0.79090268,0,0,False,register_operations_review,public-derived-entity-complete-daily-aggregate
7,2020-08-13,30,96,82.322173,16.731488,2.1591701,0.82949021,0,0,False,register_operations_review,public-derived-entity-complete-daily-aggregate
7,2020-08-14,30,96,228.04742,18.53037,5.3455451,0.75789593,0,0,False,register_operations_review,public-derived-entity-complete-daily-aggregate
7,2020-08-15,30,96,231.29648,19.424014,5.3584375,0.75429145,0,0,False,register_operations_review,public-derived-entity-complete-daily-aggregate
7,2020-08-16,30,96,97.245288,18.361528,2.4937014,0.82132227,0,0,False,register_operations_review,public-derived-entity-complete-daily-aggregate
7,2020-08-17,30,96,115.40852,16.252003,2.9396106,0.82179259,0,0,False,register_operations_review,public-derived-entity-complete-daily-aggregate
7,2020-08-18,30,96,45.511905,13.06083,1.0685323,0.71320847,0,0,False,register_operations_review,public-derived-entity-complete-daily-aggregate
7,2020-08-19,30,96,99.552083,11.903694,2.5969028,0.81931091,0,0,False,register_operations_review,public-derived-entity-complete-daily-aggregate
7,2020-08-20,30,96,222.93889,15.716035,5.3685625,0.76637583,0,0,False,register_operations_review,public-derived-entity-complete-daily-aggregate
7,2020-08-21,30,96,313.53874,18.282399,7.1354028,0.70782081,0,0,False,register_operations_review,public-derived-entity-complete-daily-aggregate
7,2020-08-22,30,96,248.3496,19.047563,5.7221458,0.74604554,0,0,False,register_operations_review,public-derived-entity-complete-daily-aggregate
7,2020-08-23,30,96,246.71901,19.30375,5.8605139,0.74873977,0,0,False,register_operations_review,public-derived-entity-complete-daily-aggregate
7,2020-08-24,30,96,130.57426,15.694874,3.288066,0.79220213,0,0,False,register_operations_review,public-derived-entity-complete-daily-aggregate
7,2020-08-25,30,96,323.92173,17.973481,7.4751597,0.71814628,2.5097208e-05,0.010416667,False,register_operations_review,public-derived-entity-complete-daily-aggregate
7,2020-08-26,30,96,312.6308,18.151799,7.1452579,0.69214128,0.00065580554,0.010416667,False,register_operations_review,public-derived-entity-complete-daily-aggregate
7,2020-08-27,30,96,301.69444,17.656817,6.9462569,0.72220675,0.00043401387,0.010416667,False,register_operations_review,public-derived-entity-complete-daily-aggregate
7,2020-08-28,30,96,236.17178,16.408527,5.5361563,0.76745962,0,0,False,register_operations_review,public-derived-entity-complete-daily-aggregate
7,2020-08-29,30,96,238.42098,17.624864,5.659247,0.76094169,0,0,False,register_operations_review,public-derived-entity-complete-daily-aggregate
7,2020-08-30,30,96,118.17158,16.529933,2.8465278,0.76932295,0,0,False,register_operations_review,public-derived-entity-complete-daily-aggregate
7,2020-08-31,30,96,131.67455,15.590924,3.2892986,0.8246392,0,0,False,register_operations_review,public-derived-entity-complete-daily-aggregate
7,2020-09-01,30,96,260.81181,17.631531,6.2271146,0.77716031,0,0,False,register_operations_review,public-derived-entity-complete-daily-aggregate
7,2020-09-02,30,96,283.66424,19.010117,6.6459142,0.73909619,0,0,False,register_operations_review,public-derived-entity-complete-daily-aggregate
7,2020-09-03,30,96,279.28993,18.818694,6.675125,0.74577198,0,0,False,register_operations_review,public-derived-entity-complete-daily-aggregate
7,2020-09-04,30,96,229.5845,17.940221,5.4755521,0.75239084,0,0,False,register_operations_review,public-derived-entity-complete-daily-aggregate
7,2020-09-05,30,96,186.56647,18.362809,4.4942882,0.78991007,0,0,False,register_operations_review,public-derived-entity-complete-daily-aggregate
7,2020-09-06,30,96,184.75197,16.630882,4.5939796,0.80385804,0,0,False,register_operations_review,public-derived-entity-complete-daily-aggregate
7,2020-09-07,30,96,280.06782,16.782713,6.6578125,0.74419748,0,0,False,register_operations_review,public-derived-entity-complete-daily-aggregate
7,2020-09-08,30,96,154.59608,17.325552,3.6057331,0.75060801,0,0,False,register_operations_review,public-derived-entity-complete-daily-aggregate
7,2020-09-09,30,96,141.6663,17.430785,3.4811424,0.79310143,0,0,False,register_operations_review,public-derived-entity-complete-daily-aggregate
7,2020-09-10,30,96,71.718056,16.369611,1.8574965,0.81051457,0,0,False,register_operations_review,public-derived-entity-complete-daily-aggregate
7,2020-09-11,30,96,172.007,16.565997,4.1644028,0.78483559,0,0,False,register_operations_review,public-derived-entity-complete-daily-aggregate
7,2020-09-12,30,96,179.24375,17.216066,4.3906597,0.78763289,0,0,False,register_operations_review,public-derived-entity-complete-daily-aggregate
7,2020-09-13,30,96,148.94841,15.885909,3.6110035,0.77762643,0,0,False,register_operations_review,public-derived-entity-complete-daily-aggregate
7,2020-09-14,30,96,130.89511,16.151074,3.2819122,0.79084163,0,0,False,register_operations_review,public-derived-entity-complete-daily-aggregate
7,2020-09-15,30,96,167.6068,17.695238,4.0720764,0.79477611,0,0,False,register_operations_review,public-derived-entity-complete-daily-aggregate
7,2020-09-16,30,96,145.36944,17.099134,3.6647431,0.80153173,0,0,False,register_operations_review,public-derived-entity-complete-daily-aggregate
7,2020-09-17,30,96,76.085119,15.365896,1.8134045,0.77064469,0,0,False,register_operations_review,public-derived-entity-complete-daily-aggregate
7,2020-09-18,30,96,93.576637,14.023652,2.3598819,0.8025412,0,0,False,register_operations_review,public-derived-entity-complete-daily-aggregate
7,2020-09-19,30,96,155.19861,15.853209,3.8583819,0.8113686,0,0,False,register_operations_review,public-derived-entity-complete-daily-aggregate
7,2020-09-20,30,96,201.93962,17.15184,5.2952014,0.82852782,0,0,False,register_operations_review,public-derived-entity-complete-daily-aggregate
7,2020-09-21,30,96,175.06255,18.713299,4.5380486,0.84791843,0,0,False,register_operations_review,public-derived-entity-complete-daily-aggregate
7,2020-09-22,30,96,162.83408,17.972845,4.1802454,0.82292929,0,0,False,register_operations_review,public-derived-entity-complete-daily-aggregate
7,2020-09-23,30,96,106.80456,13.372901,2.6078333,0.75585773,0,0,False,register_operations_review,public-derived-entity-complete-daily-aggregate
7,2020-09-24,30,96,135.87025,14.583973,3.3822257,0.804012,0,0,False,register_operations_review,public-derived-entity-complete-daily-aggregate
7,2020-09-25,30,96,165.37859,16.922034,4.3669097,0.80753808,0,0,False,register_operations_review,public-derived-entity-complete-daily-aggregate
7,2020-09-26,30,96,137.45775,16.863951,3.5051736,0.79969953,0,0,False,register_operations_review,public-derived-entity-complete-daily-aggregate
7,2020-09-27,30,96,169.59841,17.29246,4.3279549,0.81476469,0,0,False,register_operations_review,public-derived-entity-complete-daily-aggregate
7,2020-09-28,30,96,253.53318,18.819645,6.7139628,0.85927177,2.1444458e-05,0,False,register_operations_review,public-derived-entity-complete-daily-aggregate
7,2020-09-29,30,96,212.1878,18.445889,5.5956726,0.83094497,0,0,False,register_operations_review,public-derived-entity-complete-daily-aggregate
7,2020-09-30,30,96,268.90516,19.020652,7.227936,0.87855788,0,0,False,register_operations_review,public-derived-entity-complete-daily-aggregate
7,2020-10-01,30,96,191.73775,18.681774,5.1967304,0.91442768,0,0,False,register_operations_review,public-derived-entity-complete-daily-aggregate
7,2020-10-02,30,96,195.17593,18.938624,5.1312401,0.87130317,5.75e-06,0,False,register_operations_review,public-derived-entity-complete-daily-aggregate
7,2020-10-03,30,96,188.11306,18.542925,5.1409861,0.88881676,0,0,False,register_operations_review,public-derived-entity-complete-daily-aggregate
7,2020-10-04,30,96,205.86209,17.679662,5.8388195,0.92416182,0,0,False,register_operations_review,public-derived-entity-complete-daily-aggregate
7,2020-10-05,30,96,144.52292,17.686529,3.8801667,0.85806584,0,0,False,register_operations_review,public-derived-entity-complete-daily-aggregate
7,2020-10-06,30,96,196.45337,18.52023,5.2526409,0.85565186,0,0,False,register_operations_review,public-derived-entity-complete-daily-aggregate
7,2020-10-07,30,96,81.097801,16.132731,2.0306389,0.76042263,0,0,False,register_operations_review,public-derived-entity-complete-daily-aggregate
7,2020-10-08,30,96,164.64861,16.899782,4.3773681,0.83602487,0,0,False,register_operations_review,public-derived-entity-complete-daily-aggregate
7,2020-10-09,30,96,169.25417,17.234802,4.7706181,0.9024023,0,0,False,register_operations_review,public-derived-entity-complete-daily-aggregate
7,2020-10-10,30,96,162.43695,16.955902,4.7263889,0.90718977,0,0,False,register_operations_review,public-derived-entity-complete-daily-aggregate
7,2020-10-11,30,96,203.24157,17.682337,5.765375,0.93445179,0,0,False,register_operations_review,public-derived-entity-complete-daily-aggregate
7,2020-10-12,30,96,131.32546,16.242944,3.5483403,0.88322305,0,0,False,register_operations_review,public-derived-entity-complete-daily-aggregate
7,2020-10-13,30,96,189.80382,16.06662,5.4017014,0.97387303,0,0,False,register_operations_review,public-derived-entity-complete-daily-aggregate
7,2020-10-14,30,96,231.79911,15.956078,6.8564514,0.98945682,0,0,False,register_operations_review,public-derived-entity-complete-daily-aggregate
7,2020-10-15,30,96,214.78016,16.25741,6.2904861,0.93916405,0,0,False,register_operations_review,public-derived-entity-complete-daily-aggregate
7,2020-10-16,30,96,89.564137,13.896684,2.3075764,0.81394142,0,0,False,register_operations_review,public-derived-entity-complete-daily-aggregate
7,2020-10-17,30,96,65.182639,10.163944,1.5951805,0.79811618,0,0,False,register_operations_review,public-derived-entity-complete-daily-aggregate
7,2020-10-18,30,96,118.19167,12.009417,3.2100833,0.86584707,0,0,False,register_operations_review,public-derived-entity-complete-daily-aggregate
7,2020-10-19,30,96,80.982089,11.066262,2.0995903,0.7798367,0,0,False,register_operations_review,public-derived-entity-complete-daily-aggregate
7,2020-10-20,30,96,62.2313,10.244427,1.5508889,0.8110691,0,0,False,register_operations_review,public-derived-entity-complete-daily-aggregate
7,2020-10-21,30,96,77.20625,5.7365521,1.973993,0.79718717,0,0,False,register_operations_review,public-derived-entity-complete-daily-aggregate
7,2020-10-22,30,96,165.25942,9.3180813,4.7613125,0.93795586,0,0,False,register_operations_review,public-derived-entity-complete-daily-aggregate
7,2020-10-23,30,96,72.307639,8.8901876,1.833368,0.8143608,0,0,False,register_operations_review,public-derived-entity-complete-daily-aggregate
7,2020-10-24,30,96,132.45521,11.578042,3.6140416,0.87716134,0,0,False,register_operations_review,public-derived-entity-complete-daily-aggregate
7,2020-10-25,30,96,205.43611,14.586132,6.2478611,1.0110946,0,0,False,register_operations_review,public-derived-entity-complete-daily-aggregate
7,2020-10-26,30,96,209.85833,14.856389,6.1779792,0.98194548,0,0,False,register_operations_review,public-derived-entity-complete-daily-aggregate
7,2020-10-27,30,96,205.77569,15.895945,6.6059097,1.0812966,0,0,False,register_operations_review,public-derived-entity-complete-daily-aggregate
7,2020-10-28,30,96,219.78403,14.940056,7.0455555,1.0861936,0,0,False,register_operations_review,public-derived-entity-complete-daily-aggregate
7,2020-10-29,30,96,185.30134,15.143995,6.0195382,1.1100569,0,0,False,register_operations_review,public-derived-entity-complete-daily-aggregate
7,2020-10-30,30,96,205.22183,15.531055,6.4021562,1.0461581,0,0,False,register_operations_review,public-derived-entity-complete-daily-aggregate
7,2020-10-31,30,96,163.31815,15.184018,4.9604826,0.98349882,0,0,False,register_operations_review,public-derived-entity-complete-daily-aggregate
7,2020-11-01,30,96,128.32086,15.453741,3.5903229,0.89593271,0,0,False,register_operations_review,public-derived-entity-complete-daily-aggregate
7,2020-11-02,30,96,77.773264,14.591448,2.0054167,0.82776418,0,0,False,register_operations_review,public-derived-entity-complete-daily-aggregate
7,2020-11-03,30,96,192.21458,13.065294,5.7953462,0.98473237,0,0,False,register_operations_review,public-derived-entity-complete-daily-aggregate
7,2020-11-04,30,96,173.16806,11.928799,5.5586319,1.1003621,0,0,False,register_operations_review,public-derived-entity-complete-daily-aggregate
7,2020-11-05,30,96,185.29444,13.057132,6.1699236,1.1477974,0,0,False,register_operations_review,public-derived-entity-complete-daily-aggregate
7,2020-11-06,30,96,215.35208,11.096965,7.2759028,1.1744758,0,0,False,register_operations_review,public-derived-entity-complete-daily-aggregate
7,2020-11-07,30,96,210.35546,10.635774,6.9301007,1.1296042,0,0,False,register_operations_review,public-derived-entity-complete-daily-aggregate
7,2020-11-08,30,96,212.87465,10.49978,7.1111528,1.1408524,0,0,False,register_operations_review,public-derived-entity-complete-daily-aggregate
7,2020-11-09,30,96,157.24549,9.6691655,5.0003993,0.97590857,0,0,False,register_operations_review,public-derived-entity-complete-daily-aggregate
7,2020-11-10,30,96,205.09855,9.565538,7.1072211,1.1947091,0,0,False,register_operations_review,public-derived-entity-complete-daily-aggregate
7,2020-11-11,30,96,201.24653,9.8728889,6.7251047,1.1037421,0,0,False,register_operations_review,public-derived-entity-complete-daily-aggregate
7,2020-11-12,30,96,156.22407,11.12259,4.9513542,1.0409681,0,0,False,register_operations_review,public-derived-entity-complete-daily-aggregate
7,2020-11-13,30,96,196.21597,10.73117,6.703559,1.1200375,0,0,False,register_operations_review,public-derived-entity-complete-daily-aggregate
7,2020-11-14,30,96,193.54775,11.376601,6.5951181,1.1353827,0,0,False,register_operations_review,public-derived-entity-complete-daily-aggregate
7,2020-11-15,30,96,192.04884,11.013208,6.614625,1.1429422,0,0,False,register_operations_review,public-derived-entity-complete-daily-aggregate
7,2020-11-16,30,96,197.97341,11.172217,6.9077535,1.174494,0,0,False,register_operations_review,public-derived-entity-complete-daily-aggregate
7,2020-11-17,30,96,193.39282,11.288274,6.8564757,1.2068694,0,0,False,register_operations_review,public-derived-entity-complete-daily-aggregate
7,2020-11-18,30,96,150.28403,10.208948,5.0114445,1.0312486,0,0,False,register_operations_review,public-derived-entity-complete-daily-aggregate
7,2020-11-19,30,96,200.53437,9.1043021,7.2494653,1.2501323,0,0,False,register_operations_review,public-derived-entity-complete-daily-aggregate
7,2020-11-20,30,96,199.18318,9.8546116,7.2083194,1.2365668,0,0,False,register_operations_review,public-derived-entity-complete-daily-aggregate
7,2020-11-21,30,96,198.89965,10.270781,7.137559,1.2405101,0,0,False,register_operations_review,public-derived-entity-complete-daily-aggregate
7,2020-11-22,30,96,85.657986,8.8488894,2.5590104,0.90391592,0,0,False,register_operations_review,public-derived-entity-complete-daily-aggregate
7,2020-11-23,30,96,195.10035,10.122215,7.0457188,1.2176658,0,0,False,register_operations_review,public-derived-entity-complete-daily-aggregate
7,2020-11-24,30,96,194.16528,9.2829861,7.1871736,1.2754667,0,0,False,register_operations_review,public-derived-entity-complete-daily-aggregate
7,2020-11-25,30,96,194.04931,9.8731736,7.0725208,1.254275,0,0,False,register_operations_review,public-derived-entity-complete-daily-aggregate
7,2020-11-26,30,96,188.32014,9.21,6.7519375,1.2260031,0,0,False,register_operations_review,public-derived-entity-complete-daily-aggregate
7,2020-11-27,30,96,183.38611,9.5411319,6.4924583,1.1809569,0,0,False,register_operations_review,public-derived-entity-complete-daily-aggregate
7,2020-11-28,30,96,81.870139,8.1233666,2.1238194,0.83668336,0,0,False,register_operations_review,public-derived-entity-complete-daily-aggregate
7,2020-11-29,30,96,188.78681,7.9991597,6.7698889,1.2115964,0,0,False,register_operations_review,public-derived-entity-complete-daily-aggregate
7,2020-11-30,30,96,180.63333,7.5372014,6.623375,1.2011181,0,0,False,register_operations_review,public-derived-entity-complete-daily-aggregate
7,2020-12-01,30,96,185.56319,8.1466041,6.871507,1.2472222,0,0,False,register_operations_review,public-derived-entity-complete-daily-aggregate
7,2020-12-02,30,96,175.26944,6.9009514,6.2960972,1.1661024,0,0,False,register_operations_review,public-derived-entity-complete-daily-aggregate
7,2020-12-03,30,96,116.69028,7.9487708,3.5202361,0.97750082,0,0,False,register_operations_review,public-derived-entity-complete-daily-aggregate
7,2020-12-04,30,96,160.7625,6.4891865,5.6419097,1.1588904,0,0,False,register_operations_review,public-derived-entity-complete-daily-aggregate
7,2020-12-05,30,96,181.56667,7.1937283,6.5730139,1.1934406,0,0,False,register_operations_review,public-derived-entity-complete-daily-aggregate
7,2020-12-06,30,96,180.38542,7.1187778,6.7804583,1.2946496,0,0,False,register_operations_review,public-derived-entity-complete-daily-aggregate
7,2020-12-07,30,96,150.20139,6.0505278,5.2740903,1.1123405,0,0,False,register_operations_review,public-derived-entity-complete-daily-aggregate
7,2020-12-08,30,96,171.19028,6.5565764,0.039055563,0.60927378,0,0,False,register_operations_review,public-derived-entity-complete-daily-aggregate
7,2020-12-09,30,96,171.36597,7.2217014,0,,0,0,False,register_operations_review,public-derived-entity-complete-daily-aggregate
7,2020-12-10,30,96,135.70347,5.7535,0,,0,0,False,register_operations_review,public-derived-entity-complete-daily-aggregate
7,2020-12-11,30,96,173.13542,6.4897431,0,,0,0,False,register_operations_review,public-derived-entity-complete-daily-aggregate
7,2020-12-12,30,96,176.72986,9.5954236,0,,0,0,False,register_operations_review,public-derived-entity-complete-daily-aggregate
7,2020-12-13,30,96,179.95972,12.229847,0,,0,0,False,register_operations_review,public-derived-entity-complete-daily-aggregate
7,2020-12-14,30,96,181.19306,10.329417,0,,0,0,False,register_operations_review,public-derived-entity-complete-daily-aggregate
7,2020-12-15,30,96,178.63958,9.4215139,0,,0,0,False,register_operations_review,public-derived-entity-complete-daily-aggregate
7,2020-12-16,30,96,179.2625,9.4531389,0,,0,0,False,register_operations_review,public-derived-entity-complete-daily-aggregate
7,2020-12-17,30,96,180.24792,9.7346181,0,,0,0,False,register_operations_review,public-derived-entity-complete-daily-aggregate
7,2020-12-18,30,96,159.44861,7.7651875,0,,0,0,False,register_operations_review,public-derived-entity-complete-daily-aggregate
7,2020-12-19,30,96,170.21111,6.5785278,0,,0,0,False,register_operations_review,public-derived-entity-complete-daily-aggregate
7,2020-12-20,30,96,165.99514,5.3063055,0,,0,0,False,register_operations_review,public-derived-entity-complete-daily-aggregate
7,2020-12-21,30,96,161.08958,4.1558333,0,,0,0,False,register_operations_review,public-derived-entity-complete-daily-aggregate
7,2020-12-22,30,96,142.91597,4.3561667,0,,0,0,False,register_operations_review,public-derived-entity-complete-daily-aggregate
7,2020-12-23,30,96,159.25833,4.3724861,0,,0,0,False,register_operations_review,public-derived-entity-complete-daily-aggregate
7,2020-12-24,30,96,154.75069,6.9125764,5.6127778,1.2042109,0,0,False,register_operations_review,public-derived-entity-complete-daily-aggregate
7,2020-12-25,30,96,164.17569,8.9799722,6.1057709,1.2206962,0,0,False,register_operations_review,public-derived-entity-complete-daily-aggregate
7,2020-12-26,30,96,163.74167,8.2022222,6.0097569,1.1899519,0,0,False,register_operations_review,public-derived-entity-complete-daily-aggregate
7,2020-12-27,30,96,155.01667,5.314743,5.5129722,1.1837808,0,0,False,register_operations_review,public-derived-entity-complete-daily-aggregate
7,2020-12-28,30,96,164.89097,7.0806528,6.0978611,1.2038484,0,0,False,register_operations_review,public-derived-entity-complete-daily-aggregate
7,2020-12-29,30,96,171.24653,9.2733541,6.3509236,1.2231766,0,0,False,register_operations_review,public-derived-entity-complete-daily-aggregate
7,2020-12-30,30,96,161.1375,5.5048889,5.9802847,1.2098778,0,0,False,register_operations_review,public-derived-entity-complete-daily-aggregate
7,2020-12-31,30,96,176.99514,6.5891389,6.7849722,1.2798718,0,0,False,register_operations_review,public-derived-entity-complete-daily-aggregate
8,2019-01-01,30,96,56.330312,4.3912562,2.0475,1.2172589,0,0,False,register_operations_review,public-derived-entity-complete-daily-aggregate
8,2019-01-02,30,96,76.249167,6.3134375,2.4644792,1.0843269,0,0,False,register_operations_review,public-derived-entity-complete-daily-aggregate
8,2019-01-03,30,96,92.640104,8.1870833,2.9539583,1.0574927,0,0,False,register_operations_review,public-derived-entity-complete-daily-aggregate
8,2019-01-04,30,96,47.583125,11.220417,1.3677083,0.96049539,0,0,False,register_operations_review,public-derived-entity-complete-daily-aggregate
8,2019-01-05,30,96,27.902917,10.621875,0.99260417,1.2015519,0,0,False,register_operations_review,public-derived-entity-complete-daily-aggregate
8,2019-01-06,30,96,130.56177,10.811771,3.9014583,0.99164784,0,0,False,register_operations_review,public-derived-entity-complete-daily-aggregate
8,2019-01-07,30,96,29.201667,9.8488542,1.171875,1.3490266,0,0,False,register_operations_review,public-derived-entity-complete-daily-aggregate
8,2019-01-08,30,96,82.121771,10.57,2.3963542,0.98836431,0,0,False,register_operations_review,public-derived-entity-complete-daily-aggregate
8,2019-01-09,30,96,68.990729,11.044271,2.48875,1.1862637,0,0,False,register_operations_review,public-derived-entity-complete-daily-aggregate
8,2019-01-10,30,96,36.424583,12.067813,1.2891667,1.1808231,0,0,False,register_operations_review,public-derived-entity-complete-daily-aggregate
8,2019-01-11,30,96,99.046667,13.756354,3.0857292,1.0478593,0,0,False,register_operations_review,public-derived-entity-complete-daily-aggregate
8,2019-01-12,30,96,102.06562,13.014583,3.985,1.3122223,0,0,False,register_operations_review,public-derived-entity-complete-daily-aggregate
8,2019-01-13,30,96,59.644583,11.856979,3.5191667,1.5851636,0,0,False,register_operations_review,public-derived-entity-complete-daily-aggregate
8,2019-01-14,30,96,84.365208,12.3425,3.243125,1.2961182,0,0,False,register_operations_review,public-derived-entity-complete-daily-aggregate
8,2019-01-15,30,96,32.055,9.3178125,1.1472917,1.2037272,0,0,False,register_operations_review,public-derived-entity-complete-daily-aggregate
8,2019-01-16,30,96,46.642708,6.0941667,1.9953125,1.4185904,0,0,False,register_operations_review,public-derived-entity-complete-daily-aggregate
8,2019-01-17,30,96,137.63094,6.263125,5.2184375,1.2784309,0,0,False,register_operations_review,public-derived-entity-complete-daily-aggregate
8,2019-01-18,30,96,184.77625,6.0184375,6.2134375,1.1282611,0,0,False,register_operations_review,public-derived-entity-complete-daily-aggregate
8,2019-01-19,30,96,138.06854,8.2032292,5.1328125,1.2409026,0,0,False,register_operations_review,public-derived-entity-complete-daily-aggregate
8,2019-01-20,30,96,32.641875,9.0820833,1.5460417,1.5505814,0,0,False,register_operations_review,public-derived-entity-complete-daily-aggregate
8,2019-01-21,30,96,101.11583,6.27375,4.0172917,1.2472663,0,0,False,register_operations_review,public-derived-entity-complete-daily-aggregate
8,2019-01-22,30,96,200.70188,4.4658333,6.4235417,1.0893538,0,0,False,register_operations_review,public-derived-entity-complete-daily-aggregate
8,2019-01-23,30,96,200.24646,3.3355208,6.3196875,1.0556012,0,0,False,register_operations_review,public-derived-entity-complete-daily-aggregate
8,2019-01-24,30,96,214.71094,6.1513542,6.35875,0.99359646,0,0,False,register_operations_review,public-derived-entity-complete-daily-aggregate
8,2019-01-25,30,96,166.63219,7.3175,4.7530208,0.95014477,0,0,False,register_operations_review,public-derived-entity-complete-daily-aggregate
8,2019-01-26,30,96,144.49656,5.0336458,6.14,1.4213875,0,0,False,register_operations_review,public-derived-entity-complete-daily-aggregate
8,2019-01-27,30,96,141.06833,4.8923958,5.9016667,1.4275114,0,0,False,register_operations_review,public-derived-entity-complete-daily-aggregate
8,2019-01-28,30,96,174.53313,9.756875,5.3980208,1.0382702,0,0,False,register_operations_review,public-derived-entity-complete-daily-aggregate
8,2019-01-29,30,96,143.76552,11.884062,5.7061458,1.3331994,0,0,False,register_operations_review,public-derived-entity-complete-daily-aggregate
8,2019-01-30,30,96,157.25344,14.325625,5.573125,1.1776043,2.7916667e-05,0,False,register_operations_review,public-derived-entity-complete-daily-aggregate
8,2019-01-31,30,96,77.326875,11.626771,2.5511458,1.1191129,0,0,False,register_operations_review,public-derived-entity-complete-daily-aggregate
8,2019-02-01,30,96,197.75479,6.4098958,6.3486458,1.0609209,0,0,False,register_operations_review,public-derived-entity-complete-daily-aggregate
8,2019-02-02,30,96,143.42927,10.87125,4.3197917,0.99740818,0,0,False,register_operations_review,public-derived-entity-complete-daily-aggregate
8,2019-02-03,30,96,70.418958,17.11875,2.379375,1.1191108,0,0,False,register_operations_review,public-derived-entity-complete-daily-aggregate
8,2019-02-04,30,96,56.114375,12.171979,1.8654167,1.1254413,0,0,False,register_operations_review,public-derived-entity-complete-daily-aggregate
8,2019-02-05,30,96,61.216563,11.254167,1.7169792,0.9526946,0,0,False,register_operations_review,public-derived-entity-complete-daily-aggregate
8,2019-02-06,30,96,172.04938,15.058854,5.1101042,0.98529906,0,0,False,register_operations_review,public-derived-entity-complete-daily-aggregate
8,2019-02-07,30,96,86.0225,15.707083,2.5971875,1.0141928,0,0,False,register_operations_review,public-derived-entity-complete-daily-aggregate
8,2019-02-08,30,96,51.815521,9.3745833,1.6945833,1.084282,0,0,False,register_operations_review,public-derived-entity-complete-daily-aggregate
8,2019-02-09,30,96,34.031875,8.1077083,1.2654167,1.2655817,0,0,False,register_operations_review,public-derived-entity-complete-daily-aggregate
8,2019-02-10,30,96,43.233021,6.5675,1.4397917,1.1120015,0,0,False,register_operations_review,public-derived-entity-complete-daily-aggregate
8,2019-02-11,30,96,28.979479,6.6852083,0.989375,1.1542166,0,0,False,register_operations_review,public-derived-entity-complete-daily-aggregate
8,2019-02-12,30,96,148.81073,10.471146,4.1426042,0.93154746,0,0,False,register_operations_review,public-derived-entity-complete-daily-aggregate
8,2019-02-13,30,96,76.12375,9.9277083,2.2880208,1.0205828,0,0,False,register_operations_review,public-derived-entity-complete-daily-aggregate
8,2019-02-14,30,96,73.215312,12.773854,2.0788542,0.94253125,0,0,False,register_operations_review,public-derived-entity-complete-daily-aggregate
8,2019-02-15,30,96,70.218333,14.853021,2.3311458,1.1146879,0,0,False,register_operations_review,public-derived-entity-complete-daily-aggregate
8,2019-02-16,30,96,26.619167,9.5108333,0.98541667,1.2337307,0,0,False,register_operations_review,public-derived-entity-complete-daily-aggregate
8,2019-02-17,30,96,59.242396,6.2688542,2.2140625,1.2402163,0,0,False,register_operations_review,public-derived-entity-complete-daily-aggregate
8,2019-02-18,30,96,69.215625,10.453437,2.2817708,1.113119,0,0,False,register_operations_review,public-derived-entity-complete-daily-aggregate
8,2019-02-19,30,96,103.82146,16.163854,3.8146875,1.2453713,0,0,False,register_operations_review,public-derived-entity-complete-daily-aggregate
8,2019-02-20,30,96,92.405208,12.994167,2.5472917,0.90469752,0,0,False,register_operations_review,public-derived-entity-complete-daily-aggregate
8,2019-02-21,30,96,51.285625,11.258854,1.5376042,1.0189977,0,0,False,register_operations_review,public-derived-entity-complete-daily-aggregate
8,2019-02-22,30,96,104.84448,7.6471875,3.5328125,1.126061,0,0,False,register_operations_review,public-derived-entity-complete-daily-aggregate
8,2019-02-23,30,96,118.91583,7.2228125,4.2796875,1.2229284,0,0,False,register_operations_review,public-derived-entity-complete-daily-aggregate
8,2019-02-24,30,96,85.658646,6.8586458,3.1011458,1.2138215,0,0,False,register_operations_review,public-derived-entity-complete-daily-aggregate
8,2019-02-25,30,96,97.687917,10.095104,3.5322917,1.1909868,0,0,False,register_operations_review,public-derived-entity-complete-daily-aggregate
8,2019-02-26,30,96,144.96552,13.785938,3.9805208,0.91280365,0,0,False,register_operations_review,public-derived-entity-complete-daily-aggregate
8,2019-02-27,30,96,67.210417,11.383542,2.2966667,1.1480752,0,0,False,register_operations_review,public-derived-entity-complete-daily-aggregate
8,2019-02-28,30,96,43.006354,10.084896,1.1785417,0.92444541,0,0,False,register_operations_review,public-derived-entity-complete-daily-aggregate
8,2019-03-01,30,96,90.014792,12.646875,2.3142708,0.86901301,0,0,False,register_operations_review,public-derived-entity-complete-daily-aggregate
8,2019-03-02,30,96,137.04698,17.852812,3.5979167,0.87017898,0.00090583333,0,False,register_operations_review,public-derived-entity-complete-daily-aggregate
8,2019-03-03,30,96,57.521875,9.8573958,1.6452083,0.94213734,0,0,False,register_operations_review,public-derived-entity-complete-daily-aggregate
8,2019-03-04,30,96,213.90573,11.786667,6.3875,0.9912061,0,0,False,register_operations_review,public-derived-entity-complete-daily-aggregate
8,2019-03-05,30,96,20.371771,8.8807292,0.690625,1.1293295,0,0,False,register_operations_review,public-derived-entity-complete-daily-aggregate
8,2019-03-06,30,96,74.120312,13.050417,2.1495833,0.98471317,0,0,False,register_operations_review,public-derived-entity-complete-daily-aggregate
8,2019-03-07,30,96,133.29688,9.3965625,4.0041667,0.99151514,0,0,False,register_operations_review,public-derived-entity-complete-daily-aggregate
8,2019-03-08,30,96,117.73156,8.2672917,3.5604167,1.0208039,0,0,False,register_operations_review,public-derived-entity-complete-daily-aggregate
8,2019-03-09,30,96,48.089063,10.253542,1.2791667,0.89320615,0,0,False,register_operations_review,public-derived-entity-complete-daily-aggregate
8,2019-03-10,30,96,114.9751,10.125521,3.1834375,0.93578881,0,0,False,register_operations_review,public-derived-entity-complete-daily-aggregate
8,2019-03-11,30,96,255.99823,10.835208,6.7315625,0.89102457,0,0,False,register_operations_review,public-derived-entity-complete-daily-aggregate
8,2019-03-12,30,96,206.18344,9.119375,7.0545833,1.146748,0,0,False,register_operations_review,public-derived-entity-complete-daily-aggregate
8,2019-03-13,30,96,222.11958,11.536667,6.0627083,0.91699917,0,0,False,register_operations_review,public-derived-entity-complete-daily-aggregate
8,2019-03-14,30,96,73.456771,14.076979,1.8098958,0.83540661,0,0,False,register_operations_review,public-derived-entity-complete-daily-aggregate
8,2019-03-15,30,96,290.305,14.410417,6.924375,0.80313119,0,0,False,register_operations_review,public-derived-entity-complete-daily-aggregate
8,2019-03-16,30,96,158.78021,12.268958,4.4027083,0.92689529,0,0,False,register_operations_review,public-derived-entity-complete-daily-aggregate
8,2019-03-17,30,96,62.991979,10.455417,2.0576042,1.0995868,0,0,False,register_operations_review,public-derived-entity-complete-daily-aggregate
8,2019-03-18,30,96,58.640104,10.812396,1.3921875,0.78754728,0,0,False,register_operations_review,public-derived-entity-complete-daily-aggregate
8,2019-03-19,30,96,240.93365,16.180625,6.5113542,0.89567996,0.00036208333,0,False,register_operations_review,public-derived-entity-complete-daily-aggregate
8,2019-03-20,30,96,254.02771,17.728854,6.4265625,0.87686959,0.0007325,0,False,register_operations_review,public-derived-entity-complete-daily-aggregate
8,2019-03-21,30,96,239.47365,17.822604,5.5234375,0.76271809,6.0416667e-05,0,False,register_operations_review,public-derived-entity-complete-daily-aggregate
8,2019-03-22,30,96,64.811354,13.86625,1.8169792,0.92812925,0,0,False,register_operations_review,public-derived-entity-complete-daily-aggregate
8,2019-03-23,30,96,186.51594,12.283021,5.3107292,0.95701206,0,0,False,register_operations_review,public-derived-entity-complete-daily-aggregate
8,2019-03-24,30,96,160.56406,8.6130208,3.8338542,0.79805441,0,0,False,register_operations_review,public-derived-entity-complete-daily-aggregate
8,2019-03-25,30,96,71.740833,12.250208,2.2425,1.0450111,0,0,False,register_operations_review,public-derived-entity-complete-daily-aggregate
8,2019-03-26,30,96,279.17896,11.426979,7.0388542,0.83995829,0,0,False,register_operations_review,public-derived-entity-complete-daily-aggregate
8,2019-03-27,30,96,180.67854,14.730312,4.5471875,0.83986452,0,0,False,register_operations_review,public-derived-entity-complete-daily-aggregate
8,2019-03-28,30,96,132.54219,23.663646,3.324375,0.84766791,0.004015,0,False,register_operations_review,public-derived-entity-complete-daily-aggregate
8,2019-03-29,30,96,99.786042,13.555208,2.7009375,0.8930315,0,0,False,register_operations_review,public-derived-entity-complete-daily-aggregate
8,2019-03-30,30,96,226.85031,18.524583,6.655,0.99858373,0.00054333333,0,False,register_operations_review,public-derived-entity-complete-daily-aggregate
8,2019-03-31,30,96,57.079167,11.291979,1.8491667,1.081099,0,0,False,register_operations_review,public-derived-entity-complete-daily-aggregate
8,2019-04-01,30,96,221.24437,11.754896,6.5733333,1.0042564,0,0,False,register_operations_review,public-derived-entity-complete-daily-aggregate
8,2019-04-02,30,96,139.6401,10.814687,4.53125,1.0728614,0,0,False,register_operations_review,public-derived-entity-complete-daily-aggregate
8,2019-04-03,30,96,69.190521,14.934167,1.6382292,0.80335431,0,0,False,register_operations_review,public-derived-entity-complete-daily-aggregate
8,2019-04-04,30,96,78.223229,14.087813,1.9513542,0.84113533,0,0,False,register_operations_review,public-derived-entity-complete-daily-aggregate
8,2019-04-05,30,96,130.8526,13.661146,3.4952083,0.90401923,0,0,False,register_operations_review,public-derived-entity-complete-daily-aggregate
8,2019-04-06,30,96,252.89573,19.103958,6.6846875,0.88979591,0.00332875,0,False,register_operations_review,public-derived-entity-complete-daily-aggregate
8,2019-04-07,30,96,181.09406,15.775521,5.7897917,1.0741057,0,0,False,register_operations_review,public-derived-entity-complete-daily-aggregate
8,2019-04-08,30,96,226.89833,20.590521,6.3440625,0.9279684,0.0043820833,0,False,register_operations_review,public-derived-entity-complete-daily-aggregate
8,2019-04-09,30,96,204.73281,21.038021,6.47625,1.0615987,0.00208375,0,False,register_operations_review,public-derived-entity-complete-daily-aggregate
8,2019-04-10,30,96,65.649479,21.916979,2.1251042,1.068718,0.00031125,0,False,register_operations_review,public-derived-entity-complete-daily-aggregate
8,2019-04-11,30,96,60.34125,12.082292,1.3819792,0.76854167,0,0,False,register_operations_review,public-derived-entity-complete-daily-aggregate
8,2019-04-12,30,96,269.13615,16.174792,6.6269792,0.82498097,0.00031041667,0,False,register_operations_review,public-derived-entity-complete-daily-aggregate
8,2019-04-13,30,96,91.505521,15.595729,2.2757292,0.82564214,0,0,False,register_operations_review,public-derived-entity-complete-daily-aggregate
8,2019-04-14,30,96,128.34229,20.764062,3.2345833,0.85167567,0.00088416667,0,False,register_operations_review,public-derived-entity-complete-daily-aggregate
8,2019-04-15,30,96,111.22083,18.912604,3.5794792,1.0825907,0.00020875,0,False,register_operations_review,public-derived-entity-complete-daily-aggregate
8,2019-04-16,30,96,63.284896,12.136354,1.8290625,0.97927855,0,0,False,register_operations_review,public-derived-entity-complete-daily-aggregate
8,2019-04-17,30,96,243.38698,13.824375,7.1589583,0.98434926,0,0,False,register_operations_review,public-derived-entity-complete-daily-aggregate
8,2019-04-18,30,96,265.66365,21.560312,7.0166667,0.88809298,0.00759375,0,False,register_operations_review,public-derived-entity-complete-daily-aggregate
8,2019-04-19,30,96,102.26646,15.542917,2.9204167,0.95518399,0,0,False,register_operations_review,public-derived-entity-complete-daily-aggregate
8,2019-04-20,30,96,196.85115,20.079375,4.9419792,0.84369139,0.00054875,0,False,register_operations_review,public-derived-entity-complete-daily-aggregate
8,2019-04-21,30,96,112.38,22.721042,2.8226042,0.83737617,0.0017379167,0,False,register_operations_review,public-derived-entity-complete-daily-aggregate
8,2019-04-22,30,96,150.82271,20.70125,4.194375,0.93176738,0.00087,0,False,register_operations_review,public-derived-entity-complete-daily-aggregate
8,2019-04-23,30,96,107.84052,26.841042,3.4909375,1.0836102,0.01035,0,False,register_operations_review,public-derived-entity-complete-daily-aggregate
8,2019-04-24,30,96,151.01469,26.500625,4.0164583,0.87997032,0.0088866667,0,False,register_operations_review,public-derived-entity-complete-daily-aggregate
8,2019-04-25,30,96,111.86885,23.31625,2.6683333,0.79291009,0.0017675,0,False,register_operations_review,public-derived-entity-complete-daily-aggregate
8,2019-04-26,30,96,234.09552,21.418437,6.0936458,0.87014383,0.0022179167,0,False,register_operations_review,public-derived-entity-complete-daily-aggregate
8,2019-04-27,30,96,172.11,19.289375,5.2952083,1.0493001,0.00018083333,0,False,register_operations_review,public-derived-entity-complete-daily-aggregate
8,2019-04-28,30,96,104.95312,22.025417,3.1573958,1.0053973,0.0014604167,0,False,register_operations_review,public-derived-entity-complete-daily-aggregate
8,2019-04-29,30,96,233.96802,19.433229,5.3409375,0.77230963,0.000325,0,False,register_operations_review,public-derived-entity-complete-daily-aggregate
8,2019-04-30,30,96,50.408854,17.860625,1.2597917,0.84404479,0,0,False,register_operations_review,public-derived-entity-complete-daily-aggregate
8,2019-05-01,30,96,234.46917,17.300937,5.9116667,0.8461439,0,0,False,register_operations_review,public-derived-entity-complete-daily-aggregate
8,2019-05-02,30,96,196.5876,20.644063,5.8894792,1.0010408,0.00236,0,False,register_operations_review,public-derived-entity-complete-daily-aggregate
8,2019-05-03,30,96,338.22708,16.037917,7.9817708,0.79695903,0.00011,0,False,register_operations_review,public-derived-entity-complete-daily-aggregate
8,2019-05-04,30,96,264.45677,18.304479,7.60125,0.95874541,0.0021058333,0,False,register_operations_review,public-derived-entity-complete-daily-aggregate
8,2019-05-05,30,96,291.71719,15.363958,7.3635417,0.81728361,0,0,False,register_operations_review,public-derived-entity-complete-daily-aggregate
8,2019-05-06,30,96,93.524479,16.880729,2.109375,0.7626389,0,0,False,register_operations_review,public-derived-entity-complete-daily-aggregate
8,2019-05-07,30,96,252.28448,16.840833,6.64375,0.88593787,0,0,False,register_operations_review,public-derived-entity-complete-daily-aggregate
8,2019-05-08,30,96,217.93365,13.635104,4.97125,0.77251438,0,0,False,register_operations_review,public-derived-entity-complete-daily-aggregate
8,2019-05-09,30,96,198.82885,17.934062,4.4097917,0.74622847,0,0,False,register_operations_review,public-derived-entity-complete-daily-aggregate
8,2019-05-10,30,96,160.98823,16.711562,4.8585417,1.0067817,0,0,False,register_operations_review,public-derived-entity-complete-daily-aggregate
8,2019-05-11,30,96,251.55094,20.975833,5.9507292,0.79031032,0.0027341667,0,False,register_operations_review,public-derived-entity-complete-daily-aggregate
8,2019-05-12,30,96,241.23594,22.031875,7.0832292,0.9788902,0.00456625,0,False,register_operations_review,public-derived-entity-complete-daily-aggregate
8,2019-05-13,30,96,134.33167,19.873437,3.4377083,0.86088302,4.1666667e-05,0,False,register_operations_review,public-derived-entity-complete-daily-aggregate
8,2019-05-14,30,96,141.6426,24.919479,3.3146875,0.77818858,0.00618,0,False,register_operations_review,public-derived-entity-complete-daily-aggregate
8,2019-05-15,30,96,205.19938,19.61,4.6784375,0.76292568,0.00012458333,0,False,register_operations_review,public-derived-entity-complete-daily-aggregate
8,2019-05-16,30,96,79.401354,23.056667,2.4869792,1.0453723,0.00092458333,0,False,register_operations_review,public-derived-entity-complete-daily-aggregate
8,2019-05-17,30,96,107.31667,23.100521,2.48375,0.78084096,0.0009925,0,False,register_operations_review,public-derived-entity-complete-daily-aggregate
8,2019-05-18,30,96,194.12656,20.368542,5.8691667,1.0179054,0.00039125,0,False,register_operations_review,public-derived-entity-complete-daily-aggregate
8,2019-05-19,30,96,100.89156,22.187292,2.3880208,0.79541841,0.00024833333,0,False,register_operations_review,public-derived-entity-complete-daily-aggregate
8,2019-05-20,30,96,185.39396,23.368646,4.6966667,0.85335876,0.0028904167,0,False,register_operations_review,public-derived-entity-complete-daily-aggregate
8,2019-05-21,30,96,235.65719,23.89125,7.1436458,1.0198317,0.00616625,0,False,register_operations_review,public-derived-entity-complete-daily-aggregate
8,2019-05-22,30,96,162.82365,24.691042,4.0414583,0.82659053,0.0057775,0,False,register_operations_review,public-derived-entity-complete-daily-aggregate
8,2019-05-23,30,96,317.27927,24.58625,7.485,0.78800187,0.0094954167,0,False,register_operations_review,public-derived-entity-complete-daily-aggregate
8,2019-05-24,30,96,256.40135,20.590208,8.3701042,1.094104,0.0044025,0,False,register_operations_review,public-derived-entity-complete-daily-aggregate
8,2019-05-25,30,96,145.7551,27.046979,4.7711458,1.0941952,0.012412083,0,False,register_operations_review,public-derived-entity-complete-daily-aggregate
8,2019-05-26,30,96,158.87833,23.594688,3.6765625,0.77541743,0.00291,0,False,register_operations_review,public-derived-entity-complete-daily-aggregate
8,2019-05-27,30,96,146.85938,19.597604,3.4614583,0.78649602,0,0,False,register_operations_review,public-derived-entity-complete-daily-aggregate
8,2019-05-28,30,96,74.201146,20.96375,2.3039583,1.0331496,1.4166667e-05,0,False,register_operations_review,public-derived-entity-complete-daily-aggregate
8,2019-05-29,30,96,117.59844,21.895938,2.736875,0.78617684,0.001995,0,False,register_operations_review,public-derived-entity-complete-daily-aggregate
8,2019-05-30,30,96,249.605,22.548438,6.116875,0.8261687,0.0047141667,0,False,register_operations_review,public-derived-entity-complete-daily-aggregate
8,2019-05-31,30,96,105.37313,24.720104,3.061875,0.97497788,0.00377375,0,False,register_operations_review,public-derived-entity-complete-daily-aggregate
8,2019-06-01,30,96,62.663125,21.055521,1.9548958,1.0377807,2.625e-05,0,False,register_operations_review,public-derived-entity-complete-daily-aggregate
8,2019-06-02,30,96,89.155937,19.542083,2.9469792,1.1024406,0,0,False,register_operations_review,public-derived-entity-complete-daily-aggregate
8,2019-06-03,30,96,270.20844,22.016667,6.474375,0.80329278,0.0027291667,0,False,register_operations_review,public-derived-entity-complete-daily-aggregate
8,2019-06-04,30,96,242.25312,22.746562,7.7423958,1.0673968,0.0048079167,0,False,register_operations_review,public-derived-entity-complete-daily-aggregate
8,2019-06-05,30,96,296.21375,30.314688,7.6255208,0.85905456,0.023686667,0,False,register_operations_review,public-derived-entity-complete-daily-aggregate
8,2019-06-06,30,96,275.6776,25.275104,6.4995833,0.77482542,0.0069508333,0,False,register_operations_review,public-derived-entity-complete-daily-aggregate
8,2019-06-07,30,96,75.084792,22.266042,1.7765625,0.796461,9e-05,0,False,register_operations_review,public-derived-entity-complete-daily-aggregate
8,2019-06-08,30,96,84.847083,23.704375,2.0802083,0.81181483,0.0019595833,0,False,register_operations_review,public-derived-entity-complete-daily-aggregate
8,2019-06-09,30,96,29.995104,23.265417,0.85427083,0.95840594,0.00076583333,0,False,register_operations_review,public-derived-entity-complete-daily-aggregate
8,2019-06-10,30,96,146.43938,23.341146,4.5170833,1.0477175,0.0022116667,0,False,register_operations_review,public-derived-entity-complete-daily-aggregate
8,2019-06-11,30,96,317.81042,27.828646,7.6247917,0.8114602,0.016389583,0,False,register_operations_review,public-derived-entity-complete-daily-aggregate
8,2019-06-12,30,96,212.05615,24.615417,6.0402083,1.0073718,0.0054583333,0,False,register_operations_review,public-derived-entity-complete-daily-aggregate
8,2019-06-13,30,96,52.895938,15.722604,1.6658333,1.0572784,0,0,False,register_operations_review,public-derived-entity-complete-daily-aggregate
8,2019-06-14,30,96,146.23656,20.290938,4.3604167,1.0075447,0.00033708333,0,False,register_operations_review,public-derived-entity-complete-daily-aggregate
8,2019-06-15,30,96,280.97125,23.384271,8.5094792,1.0125238,0.0090945833,0,False,register_operations_review,public-derived-entity-complete-daily-aggregate
8,2019-06-16,30,96,348.89083,19.775938,8.670625,0.82662981,0.00209,0,False,register_operations_review,public-derived-entity-complete-daily-aggregate
8,2019-06-17,30,96,259.09656,19.332812,7.1728125,0.92063257,0.00066041667,0,False,register_operations_review,public-derived-entity-complete-daily-aggregate
8,2019-06-18,30,96,243.13063,28.139062,5.8313542,0.79672298,0.0147,0,False,register_operations_review,public-derived-entity-complete-daily-aggregate
8,2019-06-19,30,96,99.215729,28.931771,3.3333333,1.1274591,0.01584375,0,False,register_operations_review,public-derived-entity-complete-daily-aggregate
8,2019-06-20,30,96,126.64438,25.434479,4.0119792,1.0075925,0.0059320833,0,False,register_operations_review,public-derived-entity-complete-daily-aggregate
8,2019-06-21,30,96,97.281146,28.848125,2.5332292,0.85158088,0.015465833,0,False,register_operations_review,public-derived-entity-complete-daily-aggregate
8,2019-06-22,30,96,32.848958,19.445729,1.2954167,1.0590665,0,0,False,register_operations_review,public-derived-entity-complete-daily-aggregate
8,2019-06-23,30,96,48.344687,19.360625,1.546875,1.0685537,0,0,False,register_operations_review,public-derived-entity-complete-daily-aggregate
8,2019-06-24,30,96,178.07115,21.213542,4.2304167,0.78516679,0.00082458333,0,False,register_operations_review,public-derived-entity-complete-daily-aggregate
8,2019-06-25,30,96,128.39344,22.869062,3.6808333,0.96622118,0.0020733333,0,False,register_operations_review,public-derived-entity-complete-daily-aggregate
8,2019-06-26,30,96,159.14104,27.843229,5.544375,1.2030977,0.012817917,0,False,register_operations_review,public-derived-entity-complete-daily-aggregate
8,2019-06-27,30,96,258.05937,22.480417,5.1128125,0.61787941,0.0019504167,0.010416667,False,register_operations_review,public-derived-entity-complete-daily-aggregate
8,2019-06-28,30,96,274.18177,30.600729,5.2366667,0.64131632,0.023142917,0.010416667,False,register_operations_review,public-derived-entity-complete-daily-aggregate
8,2019-06-29,30,96,220.79229,29.552708,4.1954167,0.6112255,0.01930375,0,False,register_operations_review,public-derived-entity-complete-daily-aggregate
8,2019-06-30,30,96,144.04208,30.021146,3.5077083,0.76464247,0.020138333,0,False,register_operations_review,public-derived-entity-complete-daily-aggregate
8,2019-07-01,30,96,197.63302,26.123437,3.6538542,0.60685469,0.00723875,0,False,register_operations_review,public-derived-entity-complete-daily-aggregate
8,2019-07-02,30,96,176.76844,26.224167,5.6954167,1.0896866,0.0080866667,0,False,register_operations_review,public-derived-entity-complete-daily-aggregate
8,2019-07-03,30,96,94.723229,24.743542,2.4709375,0.77783961,0.0025895833,0.010416667,False,register_operations_review,public-derived-entity-complete-daily-aggregate
8,2019-07-04,30,96,155.43427,23.14125,3.1191667,0.68111724,0.00068416667,0,False,register_operations_review,public-derived-entity-complete-daily-aggregate
8,2019-07-05,30,96,40.715313,22.808438,1.0785417,0.90146708,0.00012333333,0,False,register_operations_review,public-derived-entity-complete-daily-aggregate
8,2019-07-06,30,96,96.040208,24.626667,2.3084375,0.86606529,0.0024891667,0,False,register_operations_review,public-derived-entity-complete-daily-aggregate
8,2019-07-07,30,96,82.633854,28.071354,1.8378125,0.7549657,0.012649583,0,False,register_operations_review,public-derived-entity-complete-daily-aggregate
8,2019-07-08,30,96,77.407396,22.568438,1.7686458,0.80333049,0.00024291667,0,False,register_operations_review,public-derived-entity-complete-daily-aggregate
8,2019-07-09,30,96,106.48667,22.435,2.3461458,0.78707666,0.00068875,0,False,register_operations_review,public-derived-entity-complete-daily-aggregate
8,2019-07-10,30,96,44.098125,21.744687,0.96354167,0.79685718,0,0,False,register_operations_review,public-derived-entity-complete-daily-aggregate
8,2019-07-11,30,96,214.28958,19.751146,5.1211458,0.78307386,0.00023541667,0,False,register_operations_review,public-derived-entity-complete-daily-aggregate
8,2019-07-12,30,96,139.74854,25.255208,2.7990625,0.6880045,0.0050979167,0,False,register_operations_review,public-derived-entity-complete-daily-aggregate
8,2019-07-13,30,96,207.7901,28.338021,3.9744792,0.66775893,0.014772917,0,False,register_operations_review,public-derived-entity-complete-daily-aggregate
8,2019-07-14,30,96,70.621458,26.542917,1.284375,0.6687153,0.00719125,0.020833333,False,register_operations_review,public-derived-entity-complete-daily-aggregate
8,2019-07-15,30,96,85.810313,28.390521,2.4380208,1.0261683,0.014217083,0,False,register_operations_review,public-derived-entity-complete-daily-aggregate
8,2019-07-16,30,96,227.40156,21.896875,4.4907292,0.68438888,0.0015816667,0,False,register_operations_review,public-derived-entity-complete-daily-aggregate
8,2019-07-17,30,96,276.99083,27.982083,6.9475,0.80619603,0.015425417,0,False,register_operations_review,public-derived-entity-complete-daily-aggregate
8,2019-07-18,30,96,259.88313,23.83125,6.4385417,0.78302506,0.004585,0,False,register_operations_review,public-derived-entity-complete-daily-aggregate
8,2019-07-19,30,96,217.98156,28.11,5.5629167,0.79493742,0.013795833,0,False,register_operations_review,public-derived-entity-complete-daily-aggregate
8,2019-07-20,30,96,164.4724,22.702187,4.5653125,0.89085744,0.0014095833,0,False,register_operations_review,public-derived-entity-complete-daily-aggregate
8,2019-07-21,30,96,164.75292,23.703646,3.6480208,0.75169366,0.0017708333,0,False,register_operations_review,public-derived-entity-complete-daily-aggregate
8,2019-07-22,30,96,156.33479,26.155937,3.7504167,0.82706258,0.0071666667,0,False,register_operations_review,public-derived-entity-complete-daily-aggregate
8,2019-07-23,30,96,260.59771,24.635313,6.6345833,0.80011646,0.0048741667,0,False,register_operations_review,public-derived-entity-complete-daily-aggregate
8,2019-07-24,30,96,226.3276,24.580313,5.7933333,0.80478281,0.0048758333,0,False,register_operations_review,public-derived-entity-complete-daily-aggregate
8,2019-07-25,30,96,249.1699,30.499271,6.1621875,0.76270405,0.022399583,0,False,register_operations_review,public-derived-entity-complete-daily-aggregate
8,2019-07-26,30,96,260.72688,22.633542,5.9386458,0.72561469,0.00222375,0,False,register_operations_review,public-derived-entity-complete-daily-aggregate
8,2019-07-27,30,96,180.65604,30.959583,4.4794792,0.81692554,0.02391375,0,False,register_operations_review,public-derived-entity-complete-daily-aggregate
8,2019-07-28,30,96,268.57771,26.3825,6.59125,0.78287771,0.0083633333,0,False,register_operations_review,public-derived-entity-complete-daily-aggregate
8,2019-07-29,30,96,230.46771,24.901979,7.1780208,1.0010572,0.0071958333,0,False,register_operations_review,public-derived-entity-complete-daily-aggregate
8,2019-07-30,30,96,274.5774,30.297188,7.153125,0.85348481,0.0219825,0,False,register_operations_review,public-derived-entity-complete-daily-aggregate
8,2019-07-31,30,96,281.11615,24.281042,7.348125,0.84211315,0.0068754167,0,False,register_operations_review,public-derived-entity-complete-daily-aggregate
8,2019-08-01,30,96,216.18083,26.099688,6.4140625,0.9361173,0.0096241667,0,False,register_operations_review,public-derived-entity-complete-daily-aggregate
8,2019-08-02,30,96,296.07865,23.899896,6.2721875,0.66773652,0.0052525,0,False,register_operations_review,public-derived-entity-complete-daily-aggregate
8,2019-08-03,30,96,236.04125,27.521979,6.5555208,0.85996482,0.014520417,0,False,register_operations_review,public-derived-entity-complete-daily-aggregate
8,2019-08-04,30,96,266.78875,28.387396,6.6091667,0.79928739,0.016154583,0,False,register_operations_review,public-derived-entity-complete-daily-aggregate
8,2019-08-05,30,96,281.53667,32.912188,7.1010417,0.81110024,0.031750417,0,False,register_operations_review,public-derived-entity-complete-daily-aggregate
8,2019-08-06,30,96,227.86979,32.316667,6.28625,0.85950733,0.029436667,0,False,register_operations_review,public-derived-entity-complete-daily-aggregate
8,2019-08-07,30,96,225.50531,24.477604,7.2065625,1.0115044,0.00688,0,False,register_operations_review,public-derived-entity-complete-daily-aggregate
8,2019-08-08,30,96,206.73906,31.427292,6.3319792,0.96158683,0.025933333,0,False,register_operations_review,public-derived-entity-complete-daily-aggregate
8,2019-08-09,30,96,165.35427,23.857292,3.1957292,0.66240778,0.00241,0,False,register_operations_review,public-derived-entity-complete-daily-aggregate
8,2019-08-10,30,96,70.118229,28.383854,1.7078125,0.84183619,0.013700417,0,False,register_operations_review,public-derived-entity-complete-daily-aggregate
8,2019-08-11,30,96,254.7551,30.158958,4.6419792,0.5808754,0.02112625,0,False,register_operations_review,public-derived-entity-complete-daily-aggregate
8,2019-08-12,30,96,273.72417,29.39125,7.5708333,0.90277318,0.019098333,0,False,register_operations_review,public-derived-entity-complete-daily-aggregate
8,2019-08-13,30,96,269.19208,33.093125,7.3664583,0.88597897,0.0327375,0,False,register_operations_review,public-derived-entity-complete-daily-aggregate
8,2019-08-14,30,96,261.19229,32.346771,7.2182292,0.85482173,0.029555417,0,False,register_operations_review,public-derived-entity-complete-daily-aggregate
8,2019-08-15,30,96,188.58063,31.078438,5.4638542,0.92365229,0.02441625,0,False,register_operations_review,public-derived-entity-complete-daily-aggregate
8,2019-08-16,30,96,249.65219,22.630104,6.7857292,0.8662466,0.0015958333,0,False,register_operations_review,public-derived-entity-complete-daily-aggregate
8,2019-08-17,30,96,246.9199,32.085625,6.7160417,0.88607575,0.028378333,0,False,register_operations_review,public-derived-entity-complete-daily-aggregate
8,2019-08-18,30,96,257.64344,24.008021,7.1065625,0.89732705,0.0062558333,0,False,register_operations_review,public-derived-entity-complete-daily-aggregate
8,2019-08-19,30,96,263.2551,25.118437,7.3980208,0.93519091,0.0096879167,0,False,register_operations_review,public-derived-entity-complete-daily-aggregate
8,2019-08-20,30,96,325.26125,27.82125,7.5179167,0.76317146,0.01593375,0,False,register_operations_review,public-derived-entity-complete-daily-aggregate
8,2019-08-21,30,96,221.29604,23.271771,7.2635417,1.0793529,0.00569375,0,False,register_operations_review,public-derived-entity-complete-daily-aggregate
8,2019-08-22,30,96,291.78708,25.349271,6.989375,0.77284327,0.00830375,0,False,register_operations_review,public-derived-entity-complete-daily-aggregate
8,2019-08-23,30,96,264.10104,31.291562,7.3483333,0.91150668,0.025586667,0,False,register_operations_review,public-derived-entity-complete-daily-aggregate
8,2019-08-24,30,96,223.89323,27.660729,6.25,0.88386278,0.013835833,0,False,register_operations_review,public-derived-entity-complete-daily-aggregate
8,2019-08-25,30,96,244.55635,25.239792,5.4125,0.68980618,0.0064429167,0,False,register_operations_review,public-derived-entity-complete-daily-aggregate
8,2019-08-26,30,96,227.9949,30.031354,6.2572917,0.86985691,0.020976667,0,False,register_operations_review,public-derived-entity-complete-daily-aggregate
8,2019-08-27,30,96,303.35115,28.316354,7.3671875,0.81550639,0.01658375,0,False,register_operations_review,public-derived-entity-complete-daily-aggregate
8,2019-08-28,30,96,221.0499,33.693542,7.2142708,1.0478966,0.0349625,0,False,register_operations_review,public-derived-entity-complete-daily-aggregate
8,2019-08-29,30,96,236.25021,23.818438,7.1982292,0.96582559,0.00475875,0,False,register_operations_review,public-derived-entity-complete-daily-aggregate
8,2019-08-30,30,96,120.60188,19.146667,3.2036458,0.88521102,2.5e-06,0,False,register_operations_review,public-derived-entity-complete-daily-aggregate
8,2019-08-31,30,96,182.72969,27.970625,4.0180208,0.72395586,0.012425417,0,False,register_operations_review,public-derived-entity-complete-daily-aggregate
8,2019-09-01,30,96,178.36208,21.258021,5.439375,0.95690037,0.00069416667,0,False,register_operations_review,public-derived-entity-complete-daily-aggregate
8,2019-09-02,30,96,190.41156,25.059896,4.1789583,0.70196427,0.0053775,0,False,register_operations_review,public-derived-entity-complete-daily-aggregate
8,2019-09-03,30,96,198.86417,28.786563,4.8282292,0.77082536,0.015585,0,False,register_operations_review,public-derived-entity-complete-daily-aggregate
8,2019-09-04,30,96,231.21917,29.615313,4.7642708,0.66182964,0.018810417,0,False,register_operations_review,public-derived-entity-complete-daily-aggregate
8,2019-09-05,30,96,203.64021,21.993646,6.0919792,0.93567412,0.00152875,0,False,register_operations_review,public-derived-entity-complete-daily-aggregate
8,2019-09-06,30,96,228.6676,26.923646,6.3246875,0.84135233,0.011461667,0,False,register_operations_review,public-derived-entity-complete-daily-aggregate
8,2019-09-07,30,96,292.24531,28.39,7.2861458,0.81332994,0.016491667,0,False,register_operations_review,public-derived-entity-complete-daily-aggregate
8,2019-09-08,30,96,256.19073,25.129062,7.6261458,1.0100005,0.00948,0,False,register_operations_review,public-derived-entity-complete-daily-aggregate
8,2019-09-09,30,96,237.35073,20.431354,7.0875,0.97658798,0.00093708333,0,False,register_operations_review,public-derived-entity-complete-daily-aggregate
8,2019-09-10,30,96,203.69531,25.610208,7.1514583,1.1267187,0.010540833,0,False,register_operations_review,public-derived-entity-complete-daily-aggregate
8,2019-09-11,30,96,281.74896,28.035625,7.1828125,0.83978138,0.01659125,0,False,register_operations_review,public-derived-entity-complete-daily-aggregate
8,2019-09-12,30,96,268.94396,28.713542,6.9407292,0.81165404,0.01669,0,False,register_operations_review,public-derived-entity-complete-daily-aggregate
8,2019-09-13,30,96,236.96344,22.833333,7.0403125,0.97685475,0.0035245833,0,False,register_operations_review,public-derived-entity-complete-daily-aggregate
8,2019-09-14,30,96,262.8449,28.762083,7.2167708,0.90766778,0.01833625,0,False,register_operations_review,public-derived-entity-complete-daily-aggregate
8,2019-09-15,30,96,246.03146,20.803021,6.8878125,0.92650201,0.0020404167,0,False,register_operations_review,public-derived-entity-complete-daily-aggregate
8,2019-09-16,30,96,184.04469,22.759479,6.2920833,1.0950836,0.0040975,0,False,register_operations_review,public-derived-entity-complete-daily-aggregate
8,2019-09-17,30,96,278.31833,27.450208,7.4197917,0.9259309,0.016389583,0,False,register_operations_review,public-derived-entity-complete-daily-aggregate
8,2019-09-18,30,96,282.93146,20.738021,7.3872917,0.8674174,0.0013016667,0,False,register_operations_review,public-derived-entity-complete-daily-aggregate
8,2019-09-19,30,96,298.45167,17.594792,6.6310417,0.78187634,0.00042125,0,False,register_operations_review,public-derived-entity-complete-daily-aggregate
8,2019-09-20,30,96,237.57948,20.376875,7.2438542,1.0500648,0.00296375,0,False,register_operations_review,public-derived-entity-complete-daily-aggregate
8,2019-09-21,30,96,227.55448,17.455104,7.07125,1.0411159,1.5833333e-05,0,False,register_operations_review,public-derived-entity-complete-daily-aggregate
8,2019-09-22,30,96,139.39562,16.505625,2.418125,0.56261532,0,0.03125,False,register_operations_review,public-derived-entity-complete-daily-aggregate
8,2019-09-23,30,96,270.72198,21.480833,7.49125,0.92437604,0.0042704167,0,False,register_operations_review,public-derived-entity-complete-daily-aggregate
8,2019-09-24,30,96,253.96073,20.795417,7.7432292,1.0438936,0.0052716667,0,False,register_operations_review,public-derived-entity-complete-daily-aggregate
8,2019-09-25,30,96,277.33771,19.195833,7.6295833,0.94487461,0.002355,0,False,register_operations_review,public-derived-entity-complete-daily-aggregate
8,2019-09-26,30,96,252.88125,23.121875,7.5120833,1.025252,0.0089241667,0,False,register_operations_review,public-derived-entity-complete-daily-aggregate
8,2019-09-27,30,96,247.45823,20.656979,7.4146875,1.0112218,0.003805,0,False,register_operations_review,public-derived-entity-complete-daily-aggregate
8,2019-09-28,30,96,178.87521,23.274479,6.0502083,1.1496478,0.0071545833,0,False,register_operations_review,public-derived-entity-complete-daily-aggregate
8,2019-09-29,30,96,252.22615,21.819583,6.6270833,0.86691268,0.0037179167,0,False,register_operations_review,public-derived-entity-complete-daily-aggregate
8,2019-09-30,30,96,195.2726,24.678021,4.8651042,0.7547334,0.0069225,0,False,register_operations_review,public-derived-entity-complete-daily-aggregate
8,2019-10-01,30,96,52.933021,24.929792,1.3178125,0.80622627,0.0032745833,0,False,register_operations_review,public-derived-entity-complete-daily-aggregate
8,2019-10-02,30,96,205.6326,25.054792,7.093125,1.2009134,0.0095933333,0,False,register_operations_review,public-derived-entity-complete-daily-aggregate
8,2019-10-03,30,96,184.85146,23.764062,7.1040625,1.2909562,0.0079583333,0,False,register_operations_review,public-derived-entity-complete-daily-aggregate
8,2019-10-04,30,96,226.49292,25.5275,6.2647917,0.91282531,0.010272917,0,False,register_operations_review,public-derived-entity-complete-daily-aggregate
8,2019-10-05,30,96,152.43396,23.751667,5.8310417,1.2345227,0.0051175,0,False,register_operations_review,public-derived-entity-complete-daily-aggregate
8,2019-10-06,30,96,146.26229,20.0525,5.6332292,1.2152731,0.00078166667,0,False,register_operations_review,public-derived-entity-complete-daily-aggregate
8,2019-10-07,30,1,0,21.51,0,,0,0,False,register_operations_review,public-derived-entity-complete-daily-aggregate
8,2019-10-08,30,95,201.05137,22.693579,6.8944211,1.1956603,0.0029785263,0,False,register_operations_review,public-derived-entity-complete-daily-aggregate
8,2019-10-09,30,96,146.22052,22.970938,5.2514583,1.0814657,0.0026845833,0,False,register_operations_review,public-derived-entity-complete-daily-aggregate
8,2019-10-10,30,96,197.98104,19.886563,3.3917708,0.57023724,0.0008675,0.09375,False,register_operations_review,public-derived-entity-complete-daily-aggregate
8,2019-10-11,30,96,182.3825,25.450417,6.0360417,1.064246,0.0097179167,0,False,register_operations_review,public-derived-entity-complete-daily-aggregate
8,2019-10-12,30,96,144.18385,25.299583,6.2464583,1.4402257,0.0081445833,0,False,register_operations_review,public-derived-entity-complete-daily-aggregate
8,2019-10-13,30,96,174.55344,23.712083,5.8984375,1.1077849,0.0044941667,0,False,register_operations_review,public-derived-entity-complete-daily-aggregate
8,2019-10-14,30,96,108.20302,23.545,5.2955208,1.5390531,0.0037008333,0,False,register_operations_review,public-derived-entity-complete-daily-aggregate
8,2019-10-15,30,96,163.37333,17.779896,3.2179167,0.65000888,0,0.041666667,False,register_operations_review,public-derived-entity-complete-daily-aggregate
8,2019-10-16,30,96,226.85719,15.305521,5.2421875,0.77990413,0,0,False,register_operations_review,public-derived-entity-complete-daily-aggregate
8,2019-10-17,30,96,181.4024,18.555833,6.0767708,1.0984458,0.00094,0,False,register_operations_review,public-derived-entity-complete-daily-aggregate
8,2019-10-18,30,96,161.7176,19.729896,6.4483333,1.3598115,0.0033520833,0,False,register_operations_review,public-derived-entity-complete-daily-aggregate
8,2019-10-19,30,96,193.21458,18.166667,6.0117708,1.0637764,0.0011304167,0,False,register_operations_review,public-derived-entity-complete-daily-aggregate
8,2019-10-20,30,96,201.9475,18.236563,6.9277083,1.1896925,0.0038579167,0,False,register_operations_review,public-derived-entity-complete-daily-aggregate
8,2019-10-21,30,96,246.66573,17.846667,6.4359375,0.84763661,0.0043520833,0,False,register_operations_review,public-derived-entity-complete-daily-aggregate
8,2019-10-22,30,96,206.19583,16.681354,6.9558333,1.1104804,0.00066166667,0,False,register_operations_review,public-derived-entity-complete-daily-aggregate
8,2019-10-23,30,96,183.94802,17.109479,6.8027083,1.2893927,5.5833333e-05,0,False,register_operations_review,public-derived-entity-complete-daily-aggregate
8,2019-10-24,30,96,211.2425,22.396458,5.6544792,0.85665313,0.00689375,0,False,register_operations_review,public-derived-entity-complete-daily-aggregate
8,2019-10-25,30,96,124.63052,20.282917,6.2096875,1.3292702,0.0017366667,0,False,register_operations_review,public-derived-entity-complete-daily-aggregate
8,2019-10-26,30,96,43.451667,19.906771,4.4813542,1.5206947,1.125e-05,0,False,register_operations_review,public-derived-entity-complete-daily-aggregate
8,2019-10-27,30,96,42.58,17.381042,0.97583333,0.81228118,0,0,False,register_operations_review,public-derived-entity-complete-daily-aggregate
8,2019-10-28,30,96,33.690312,12.645625,1.1590625,1.1011762,0,0,False,register_operations_review,public-derived-entity-complete-daily-aggregate
8,2019-10-29,30,96,175.29208,15.830208,0.873125,0.1676741,9.25e-05,0.32291667,False,register_operations_review,public-derived-entity-complete-daily-aggregate
8,2019-10-30,30,96,181.90188,11.550625,6.2020833,1.0817966,0,0,False,register_operations_review,public-derived-entity-complete-daily-aggregate
8,2019-10-31,30,96,188.20573,14.894375,6.4689583,1.1243941,0.0005425,0,False,register_operations_review,public-derived-entity-complete-daily-aggregate
8,2019-11-01,30,96,189.15542,13.635,6.4873958,1.1294012,0,0,False,register_operations_review,public-derived-entity-complete-daily-aggregate
8,2019-11-02,30,96,206.69938,17.074896,6.2975,1.054498,0.0008625,0,False,register_operations_review,public-derived-entity-complete-daily-aggregate
8,2019-11-03,30,96,95.540104,13.240208,6.334375,1.678152,0,0,False,register_operations_review,public-derived-entity-complete-daily-aggregate
8,2019-11-04,30,96,158.7976,12.126458,2.6160417,0.5426627,0,0.14583333,False,register_operations_review,public-derived-entity-complete-daily-aggregate
8,2019-11-05,30,96,166.08656,12.246042,6.1426042,1.2310741,0,0,False,register_operations_review,public-derived-entity-complete-daily-aggregate
8,2019-11-06,30,96,182.77771,13.057396,5.8621875,1.0538539,0,0,False,register_operations_review,public-derived-entity-complete-daily-aggregate
8,2019-11-07,30,96,147.39333,17.012396,5.7747917,1.2968072,0.00013541667,0,False,register_operations_review,public-derived-entity-complete-daily-aggregate
8,2019-11-08,30,96,139.39875,12.74375,4.1384375,0.96436603,0,0,False,register_operations_review,public-derived-entity-complete-daily-aggregate
8,2019-11-09,30,96,213.75,10.639687,5.2269792,0.80394158,0,0,False,register_operations_review,public-derived-entity-complete-daily-aggregate
8,2019-11-10,30,96,191.59635,13.852708,6.0642708,1.0354146,0,0,False,register_operations_review,public-derived-entity-complete-daily-aggregate
8,2019-11-11,30,96,180.67792,12.232604,5.7630208,1.0109852,0,0,False,register_operations_review,public-derived-entity-complete-daily-aggregate
8,2019-11-12,30,96,146.12844,15.972187,6.2385417,1.4258799,0.00053708333,0,False,register_operations_review,public-derived-entity-complete-daily-aggregate
8,2019-11-13,30,96,192.10823,18.531458,5.5108333,0.95500478,0.0012916667,0,False,register_operations_review,public-derived-entity-complete-daily-aggregate
8,2019-11-14,30,96,224.59177,12.238646,6.2103125,0.95610885,0,0,False,register_operations_review,public-derived-entity-complete-daily-aggregate
8,2019-11-15,30,96,186.37844,11.546667,5.5029167,0.92777172,0,0,False,register_operations_review,public-derived-entity-complete-daily-aggregate
8,2019-11-16,30,96,223.17802,13.791771,6.005625,0.88722019,0.00013666667,0,False,register_operations_review,public-derived-entity-complete-daily-aggregate
8,2019-11-17,30,96,195.03667,18.526667,6.2552083,1.0629404,0.00316625,0,False,register_operations_review,public-derived-entity-complete-daily-aggregate
8,2019-11-18,30,96,133.25469,13.295833,6.4757292,1.5022167,0,0,False,register_operations_review,public-derived-entity-complete-daily-aggregate
8,2019-11-19,30,96,159.65229,11.829688,4.0561458,0.77353739,0,0.010416667,False,register_operations_review,public-derived-entity-complete-daily-aggregate
8,2019-11-20,30,96,198.62635,8.4736458,4.9245833,0.76395294,0,0.010416667,False,register_operations_review,public-derived-entity-complete-daily-aggregate
8,2019-11-21,30,96,141.4624,12.66125,5.0582292,1.2001808,0,0,False,register_operations_review,public-derived-entity-complete-daily-aggregate
8,2019-11-22,30,96,145.80927,12.972813,4.6139583,1.0568593,0,0,False,register_operations_review,public-derived-entity-complete-daily-aggregate
8,2019-11-23,30,96,142.34396,19.96375,4.7930208,1.0906688,0.0028141667,0,False,register_operations_review,public-derived-entity-complete-daily-aggregate
8,2019-11-24,30,96,138.90813,16.835,5.0322917,1.1577817,0.00040833333,0,False,register_operations_review,public-derived-entity-complete-daily-aggregate
8,2019-11-25,30,96,135.45594,14.911563,5.7297917,1.3713555,0,0,False,register_operations_review,public-derived-entity-complete-daily-aggregate
8,2019-11-26,30,96,127.3075,13.537604,2.3439583,0.59799164,0,0.010416667,False,register_operations_review,public-derived-entity-complete-daily-aggregate
8,2019-11-27,30,96,180.7051,13.482083,4.3716667,0.78530065,0,0,False,register_operations_review,public-derived-entity-complete-daily-aggregate
8,2019-11-28,30,96,99.965521,7.67625,4.9211458,1.5757752,0,0,False,register_operations_review,public-derived-entity-complete-daily-aggregate
8,2019-11-29,30,96,158.39708,7.7134375,2.6326042,0.54134188,0,0.125,False,register_operations_review,public-derived-entity-complete-daily-aggregate
8,2019-11-30,30,96,93.877187,12.618854,5.0567708,1.2987469,0,0,False,register_operations_review,public-derived-entity-complete-daily-aggregate
8,2019-12-01,30,96,98.201979,11.163125,1.645625,0.56335172,0,0.072916667,False,register_operations_review,public-derived-entity-complete-daily-aggregate
8,2019-12-02,30,96,163.24635,7.5690625,2.0873958,0.45423417,0,0.22916667,False,register_operations_review,public-derived-entity-complete-daily-aggregate
8,2019-12-03,30,96,151.75167,5.3930208,4.040625,0.82563721,0,0.020833333,False,register_operations_review,public-derived-entity-complete-daily-aggregate
8,2019-12-04,30,96,179.79896,4.6664583,5.0377083,0.89506579,0,0.020833333,False,register_operations_review,public-derived-entity-complete-daily-aggregate
8,2019-12-05,30,96,62.748333,5.12125,4.80875,1.1355105,0,0,False,register_operations_review,public-derived-entity-complete-daily-aggregate
8,2019-12-06,30,96,28.159271,5.3260417,1.3676042,1.5617942,0,0,False,register_operations_review,public-derived-entity-complete-daily-aggregate
8,2019-12-07,30,96,203.13208,3.0782292,0.77104167,0.11922936,0,0.34375,False,register_operations_review,public-derived-entity-complete-daily-aggregate
8,2019-12-08,30,96,198.65844,3.0685417,4.7739583,0.75219324,0,0.052083333,False,register_operations_review,public-derived-entity-complete-daily-aggregate
8,2019-12-09,30,96,199.93271,6.0221875,4.849375,0.79529126,0,0.020833333,False,register_operations_review,public-derived-entity-complete-daily-aggregate
8,2019-12-10,30,96,182.34594,8.2895833,5.2145833,0.89771856,0,0,False,register_operations_review,public-derived-entity-complete-daily-aggregate
8,2019-12-11,30,96,165.5251,7.029375,5.6477083,1.0768282,0,0,False,register_operations_review,public-derived-entity-complete-daily-aggregate
8,2019-12-12,30,96,159.99677,9.1832292,5.229375,1.0174723,0,0.010416667,False,register_operations_review,public-derived-entity-complete-daily-aggregate
8,2019-12-13,30,96,141.31875,8.92625,5.45875,1.1985501,0,0,False,register_operations_review,public-derived-entity-complete-daily-aggregate
8,2019-12-14,30,1,0,2.8,0,,0,0,False,register_operations_review,public-derived-entity-complete-daily-aggregate
8,2019-12-15,30,95,161.54568,12.235579,5.2723158,1.0285387,2.4e-05,0,False,register_operations_review,public-derived-entity-complete-daily-aggregate
8,2019-12-16,30,96,171.29573,12.422917,5.0857292,0.96490319,0,0,False,register_operations_review,public-derived-entity-complete-daily-aggregate
8,2019-12-17,30,96,124.57344,16.940313,4.2984375,1.0323893,0.00073458333,0,False,register_operations_review,public-derived-entity-complete-daily-aggregate
8,2019-12-18,30,96,91.019063,10.823542,4.5541667,1.3662415,0,0,False,register_operations_review,public-derived-entity-complete-daily-aggregate
8,2019-12-19,30,96,26.220938,7.149375,1.7789583,1.6006523,0,0,False,register_operations_review,public-derived-entity-complete-daily-aggregate
8,2019-12-20,30,96,73.645625,6.7344792,0.5371875,0.26795824,0,0.21875,False,register_operations_review,public-derived-entity-complete-daily-aggregate
8,2019-12-21,30,1,0,8.57,0,,0,0,False,register_operations_review,public-derived-entity-complete-daily-aggregate
8,2019-12-22,30,95,55.220737,9.4369474,1.0885263,0.62231184,0,0,False,register_operations_review,public-derived-entity-complete-daily-aggregate
8,2019-12-23,30,96,79.1225,12.115312,1.1569792,0.5611254,0,0.16666667,False,register_operations_review,public-derived-entity-complete-daily-aggregate
8,2019-12-24,30,96,70.201146,14.132292,1.3673958,0.68245269,0,0.072916667,False,register_operations_review,public-derived-entity-complete-daily-aggregate
8,2019-12-25,30,96,69.409375,14.068437,1.5891667,0.82223783,0,0.052083333,False,register_operations_review,public-derived-entity-complete-daily-aggregate
8,2019-12-26,30,96,87.4475,11.387708,1.5246875,0.65605332,0,0.09375,False,register_operations_review,public-derived-entity-complete-daily-aggregate
8,2019-12-27,30,96,142.2799,6.8664583,1.245,0.26766443,0,0.30208333,False,register_operations_review,public-derived-entity-complete-daily-aggregate
8,2019-12-28,30,96,140.00708,8.2580208,4.3766667,0.98879769,0,0,False,register_operations_review,public-derived-entity-complete-daily-aggregate
8,2019-12-29,30,96,104.26625,10.552708,4.728125,1.3264719,0,0,False,register_operations_review,public-derived-entity-complete-daily-aggregate
8,2019-12-30,30,96,134.42437,15.680208,2.3083333,0.54959282,0.00011708333,0.0625,False,register_operations_review,public-derived-entity-complete-daily-aggregate
8,2019-12-31,30,96,90.851875,8.2498958,4.4702083,1.2558797,0,0,False,register_operations_review,public-derived-entity-complete-daily-aggregate
8,2020-01-01,30,96,140.74812,8.8161925,1.2346875,0.27357074,0,0.29166667,False,register_operations_review,public-derived-entity-complete-daily-aggregate
8,2020-01-02,30,96,139.89667,9.1344666,3.6798958,0.77464964,0,0.041666667,False,register_operations_review,public-derived-entity-complete-daily-aggregate
8,2020-01-03,30,96,110.13292,15.270776,3.2148958,0.89598749,1.4495581e-05,0,False,register_operations_review,public-derived-entity-complete-daily-aggregate
8,2020-01-04,30,96,91.830417,12.235748,3.7510417,1.197999,0,0,False,register_operations_review,public-derived-entity-complete-daily-aggregate
8,2020-01-05,30,96,97.852292,14.382726,1.7435417,0.61536077,0,0.010416667,False,register_operations_review,public-derived-entity-complete-daily-aggregate
8,2020-01-06,30,96,131.30354,14.81084,1.821875,0.42106305,1.8180134e-05,0.19791667,False,register_operations_review,public-derived-entity-complete-daily-aggregate
8,2020-01-07,30,96,95.293542,14.308481,4.081875,1.0817697,0,0,False,register_operations_review,public-derived-entity-complete-daily-aggregate
8,2020-01-08,30,96,165.81312,6.394403,1.4580208,0.29502738,0,0.30208333,False,register_operations_review,public-derived-entity-complete-daily-aggregate
8,2020-01-09,30,96,182.58708,11.682203,4.6760417,0.7730452,0,0.010416667,False,register_operations_review,public-derived-entity-complete-daily-aggregate
8,2020-01-10,30,96,124.06396,10.586364,4.32125,1.0700455,0,0,False,register_operations_review,public-derived-entity-complete-daily-aggregate
8,2020-01-11,30,96,36.428958,8.8149074,3.221875,1.3770971,0,0,False,register_operations_review,public-derived-entity-complete-daily-aggregate
8,2020-01-12,30,96,97.069375,6.1175817,0.5796875,0.17895117,0,0.26041667,False,register_operations_review,public-derived-entity-complete-daily-aggregate
8,2020-01-13,30,96,169.89573,4.5436792,0.97114583,0.17562441,0,0.32291667,False,register_operations_review,public-derived-entity-complete-daily-aggregate
8,2020-01-14,30,96,150.61292,7.4497407,4.7352083,0.96373002,0,0.010416667,False,register_operations_review,public-derived-entity-complete-daily-aggregate
8,2020-01-15,30,96,29.799792,5.2896709,3.5607292,,0,0,False,register_operations_review,public-derived-entity-complete-daily-aggregate
8,2020-01-16,30,96,22.349063,8.649497,0.4965625,0.72431504,0,0,False,register_operations_review,public-derived-entity-complete-daily-aggregate
8,2020-01-17,30,96,74.704583,6.5218036,0.37427083,0.15232488,0,0.20833333,False,register_operations_review,public-derived-entity-complete-daily-aggregate
8,2020-01-18,30,96,162.22469,7.5089246,1.0516667,0.22529633,0,0.30208333,False,register_operations_review,public-derived-entity-complete-daily-aggregate
8,2020-01-19,30,96,98.737708,6.4827082,3.4104167,1.0410957,0,0,False,register_operations_review,public-derived-entity-complete-daily-aggregate
8,2020-01-20,30,96,146.4174,6.7449807,1.2275,0.26655502,0,0.3125,False,register_operations_review,public-derived-entity-complete-daily-aggregate
8,2020-01-21,30,96,129.19177,8.4101046,4.8232292,1.1900078,0,0,False,register_operations_review,public-derived-entity-complete-daily-aggregate
8,2020-01-22,30,96,133.71792,12.364148,4.1904167,0.95568428,0,0.03125,False,register_operations_review,public-derived-entity-complete-daily-aggregate
8,2020-01-23,30,96,128.43698,15.672517,3.6307292,0.8576648,4.7710064e-05,0,False,register_operations_review,public-derived-entity-complete-daily-aggregate
8,2020-01-24,30,96,106.03469,14.647545,3.7471875,1.1456307,0,0,False,register_operations_review,public-derived-entity-complete-daily-aggregate
8,2020-01-25,30,96,80.527812,12.223315,2.5392708,1.0231414,0,0,False,register_operations_review,public-derived-entity-complete-daily-aggregate
8,2020-01-26,30,96,36.442917,7.891369,1.5785417,1.2753992,0,0,False,register_operations_review,public-derived-entity-complete-daily-aggregate
8,2020-01-27,30,96,62.292708,4.7717771,0.59958333,0.34391387,0,0.125,False,register_operations_review,public-derived-entity-complete-daily-aggregate
8,2020-01-28,30,96,79.834479,4.5060711,1.3027083,0.51611969,0,0.072916667,False,register_operations_review,public-derived-entity-complete-daily-aggregate
8,2020-01-29,30,96,191.58229,3.881506,1.236875,0.2223128,0,0.33333333,False,register_operations_review,public-derived-entity-complete-daily-aggregate
8,2020-01-30,30,96,188.22854,3.5594955,4.1167708,0.63694308,0,0.10416667,False,register_operations_review,public-derived-entity-complete-daily-aggregate
8,2020-01-31,30,96,182.94635,4.6238788,3.5501042,0.58407051,0,0.052083333,False,register_operations_review,public-derived-entity-complete-daily-aggregate
8,2020-02-01,30,96,231.69583,5.8576033,5.1180208,0.66991211,0,0.052083333,False,register_operations_review,public-derived-entity-complete-daily-aggregate
8,2020-02-02,30,96,164.91,6.9590386,5.5534375,1.0621269,0,0,False,register_operations_review,public-derived-entity-complete-daily-aggregate
8,2020-02-03,30,96,35.606458,7.2489649,3.6784375,1.3982416,0,0,False,register_operations_review,public-derived-entity-complete-daily-aggregate
8,2020-02-04,30,96,38.328958,9.2240279,0.7771875,0.63113254,0,0,False,register_operations_review,public-derived-entity-complete-daily-aggregate
8,2020-02-05,30,96,144.47229,8.078547,0.74375,0.15697688,0,0.29166667,False,register_operations_review,public-derived-entity-complete-daily-aggregate
8,2020-02-06,30,96,33.267187,7.4037293,1.8397917,1.4589924,0,0,False,register_operations_review,public-derived-entity-complete-daily-aggregate
8,2020-02-07,30,96,142.13708,8.0181519,0.72927083,0.21342314,0,0.30208333,False,register_operations_review,public-derived-entity-complete-daily-aggregate
8,2020-02-08,30,96,149.55812,9.7235533,1.9198958,0.40207272,0,0.28125,False,register_operations_review,public-derived-entity-complete-daily-aggregate
8,2020-02-09,30,96,110.35708,5.7595094,3.5745833,0.93774848,0,0.020833333,False,register_operations_review,public-derived-entity-complete-daily-aggregate
8,2020-02-10,30,96,136.97073,7.8070425,1.7060417,0.55254768,0,0.25,False,register_operations_review,public-derived-entity-complete-daily-aggregate
8,2020-02-11,30,96,131.98802,13.783759,4.1954167,0.90805118,0,0,False,register_operations_review,public-derived-entity-complete-daily-aggregate
8,2020-02-12,30,96,58.903229,14.862949,2.75375,1.0837752,0,0,False,register_operations_review,public-derived-entity-complete-daily-aggregate
8,2020-02-13,30,96,47.43875,10.752486,1.1860417,0.90006354,0,0,False,register_operations_review,public-derived-entity-complete-daily-aggregate
8,2020-02-14,30,96,77.394583,15.293767,1.0410417,0.53299998,0,0.16666667,False,register_operations_review,public-derived-entity-complete-daily-aggregate
8,2020-02-15,30,96,57.460208,13.86736,1.6433333,0.95792146,0,0,False,register_operations_review,public-derived-entity-complete-daily-aggregate
8,2020-02-16,30,96,149.06073,4.8369489,1.321875,0.31791091,0,0.30208333,False,register_operations_review,public-derived-entity-complete-daily-aggregate
8,2020-02-17,30,96,263.2924,3.0202995,1.8195833,0.21893393,0,0.375,False,register_operations_review,public-derived-entity-complete-daily-aggregate
8,2020-02-18,30,96,201.60281,3.0980076,5.11375,0.80400749,0,0,False,register_operations_review,public-derived-entity-complete-daily-aggregate
8,2020-02-19,30,96,207.5326,6.2313917,5.5885417,0.95597424,0,0,False,register_operations_review,public-derived-entity-complete-daily-aggregate
8,2020-02-20,30,96,256.43427,9.2719213,5.2216667,0.60612081,0,0.09375,False,register_operations_review,public-derived-entity-complete-daily-aggregate
8,2020-02-21,30,96,219.44062,9.8961692,5.8647917,0.86963399,0,0,False,register_operations_review,public-derived-entity-complete-daily-aggregate
8,2020-02-22,30,96,165.84271,16.273049,5.2560417,1.0483084,0.00010472923,0,False,register_operations_review,public-derived-entity-complete-daily-aggregate
8,2020-02-23,30,96,224.75594,13.236858,3.30625,0.43829899,0,0.23958333,False,register_operations_review,public-derived-entity-complete-daily-aggregate
8,2020-02-24,30,96,216.92479,14.087877,5.6594792,0.82208254,3.425178e-05,0,False,register_operations_review,public-derived-entity-complete-daily-aggregate
8,2020-02-25,30,96,194.825,18.400276,5.3676042,0.88069511,0.0016670655,0,False,register_operations_review,public-derived-entity-complete-daily-aggregate
8,2020-02-26,30,96,156.9276,18.849132,4.2078125,0.8449107,0.0017433502,0,False,register_operations_review,public-derived-entity-complete-daily-aggregate
8,2020-02-27,30,96,109.88146,14.235927,5.1122917,1.4324603,0,0,False,register_operations_review,public-derived-entity-complete-daily-aggregate
8,2020-02-28,30,96,202.53937,17.457777,1.9886458,0.31998359,0.0012422445,0.35416667,False,register_operations_review,public-derived-entity-complete-daily-aggregate
8,2020-02-29,30,96,185.73385,19.120733,3.7334375,0.60283985,0.0012242516,0.083333333,False,register_operations_review,public-derived-entity-complete-daily-aggregate
8,2020-03-01,30,96,71.374688,16.43715,4.383125,1.3645513,0,0,False,register_operations_review,public-derived-entity-complete-daily-aggregate
8,2020-03-02,30,96,152.60167,13.702285,1.3748958,0.37885954,0,0.30208333,False,register_operations_review,public-derived-entity-complete-daily-aggregate
8,2020-03-03,30,96,71.772188,10.954789,3.443125,1.2839726,0,0,False,register_operations_review,public-derived-entity-complete-daily-aggregate
8,2020-03-04,30,96,51.728542,12.59363,1.1678125,0.72740522,0,0,False,register_operations_review,public-derived-entity-complete-daily-aggregate
8,2020-03-05,30,96,142.93562,9.6908567,0.84802083,0.18377229,0,0.32291667,False,register_operations_review,public-derived-entity-complete-daily-aggregate
8,2020-03-06,30,96,125.68333,9.1839605,2.1175,0.67152642,0,0.14583333,False,register_operations_review,public-derived-entity-complete-daily-aggregate
8,2020-03-07,30,96,49.997917,14.408862,1.5776042,0.96816831,0,0,False,register_operations_review,public-derived-entity-complete-daily-aggregate
8,2020-03-08,30,96,44.767187,12.562352,1.21875,0.88215682,0,0,False,register_operations_review,public-derived-entity-complete-daily-aggregate
8,2020-03-09,30,96,58.055937,17.070027,0.94864583,0.69514841,0,0.052083333,False,register_operations_review,public-derived-entity-complete-daily-aggregate
8,2020-03-10,30,96,98.992812,9.8877681,1.5588542,0.49590444,0,0.11458333,False,register_operations_review,public-derived-entity-complete-daily-aggregate
8,2020-03-11,30,96,221.13198,12.506975,1.5929167,0.27991113,0,0.34375,False,register_operations_review,public-derived-entity-complete-daily-aggregate
8,2020-03-12,30,96,28.629062,10.544596,4.6494792,,0,0,False,register_operations_review,public-derived-entity-complete-daily-aggregate
8,2020-03-13,30,96,135.36698,15.983304,0.77270833,0.2157068,0,0.28125,False,register_operations_review,public-derived-entity-complete-daily-aggregate
8,2020-03-14,30,96,224.11135,11.512662,2.0058333,0.32989953,0,0.29166667,False,register_operations_review,public-derived-entity-complete-daily-aggregate
8,2020-03-15,30,96,219.20146,9.2386659,4.4861458,0.62038865,0,0.0625,False,register_operations_review,public-derived-entity-complete-daily-aggregate
8,2020-03-16,30,96,272.76667,11.782027,6.5417708,0.8162005,0,0,False,register_operations_review,public-derived-entity-complete-daily-aggregate
8,2020-03-17,30,96,63.463854,9.8129225,5.90375,1.2653641,0,0,False,register_operations_review,public-derived-entity-complete-daily-aggregate
8,2020-03-18,30,96,76.286979,13.833191,1.075,0.55288948,0,0.17708333,False,register_operations_review,public-derived-entity-complete-daily-aggregate
8,2020-03-19,30,96,114.68208,12.372161,1.421875,0.46084243,0,0.22916667,False,register_operations_review,public-derived-entity-complete-daily-aggregate
8,2020-03-20,30,96,169.07958,14.155964,2.5357292,0.43401188,0,0.1875,False,register_operations_review,public-derived-entity-complete-daily-aggregate
8,2020-03-21,30,96,187.1624,21.32454,3.7985417,0.63846041,0.0049688901,0.03125,False,register_operations_review,public-derived-entity-complete-daily-aggregate
8,2020-03-22,30,96,100.41562,15.756258,3.8667708,1.2810754,0,0,False,register_operations_review,public-derived-entity-complete-daily-aggregate
8,2020-03-23,30,96,106.48125,14.527075,2.6282292,0.87274744,0,0.010416667,False,register_operations_review,public-derived-entity-complete-daily-aggregate
8,2020-03-24,30,96,70.577813,13.426052,1.6147917,0.70476316,0,0,False,register_operations_review,public-derived-entity-complete-daily-aggregate
8,2020-03-25,30,96,218.14604,20.407578,1.5979167,0.2379514,0.0028577558,0.35416667,False,register_operations_review,public-derived-entity-complete-daily-aggregate
8,2020-03-26,30,96,153.67885,17.335571,4.871875,1.0697402,0,0,False,register_operations_review,public-derived-entity-complete-daily-aggregate
8,2020-03-27,30,96,132.23177,20.214333,3.1702083,0.77331277,0.00040719863,0,False,register_operations_review,public-derived-entity-complete-daily-aggregate
8,2020-03-28,30,96,52.017396,11.294263,2.9025,1.4979726,0,0,False,register_operations_review,public-derived-entity-complete-daily-aggregate
8,2020-03-29,30,96,75.361979,8.6969195,0.98697917,0.46592272,0,0.16666667,False,register_operations_review,public-derived-entity-complete-daily-aggregate
8,2020-03-30,30,96,51.053542,8.9923591,1.2392708,0.76711121,0,0,False,register_operations_review,public-derived-entity-complete-daily-aggregate
8,2020-03-31,30,96,64.348021,13.000628,0.92125,0.65027587,0,0.15625,False,register_operations_review,public-derived-entity-complete-daily-aggregate
8,2020-04-01,30,96,228.0549,15.751875,1.2792708,0.19785278,0,0.38541667,False,register_operations_review,public-derived-entity-complete-daily-aggregate
8,2020-04-02,30,96,120.43937,13.671762,3.9255208,0.91002222,0,0,False,register_operations_review,public-derived-entity-complete-daily-aggregate
8,2020-04-03,30,96,89.932812,14.392179,2.1126042,0.76404862,0,0,False,register_operations_review,public-derived-entity-complete-daily-aggregate
8,2020-04-04,30,96,129.29896,14.781741,1.193125,0.30442814,0,0.29166667,False,register_operations_review,public-derived-entity-complete-daily-aggregate
8,2020-04-05,30,96,172.77146,14.175529,1.8097917,0.3280579,0,0.34375,False,register_operations_review,public-derived-entity-complete-daily-aggregate
8,2020-04-06,30,96,109.6125,13.619808,2.4070833,0.79150598,0,0,False,register_operations_review,public-derived-entity-complete-daily-aggregate
8,2020-04-07,30,96,176.97979,17.35144,1.9041667,0.37158998,0.00032532623,0.29166667,False,register_operations_review,public-derived-entity-complete-daily-aggregate
8,2020-04-08,30,96,237.64635,14.282575,4.4021875,0.57681796,0,0.083333333,False,register_operations_review,public-derived-entity-complete-daily-aggregate
8,2020-04-09,30,96,289.11073,13.732455,6.2880208,0.72148193,0,0.03125,False,register_operations_review,public-derived-entity-complete-daily-aggregate
8,2020-04-10,30,96,315.72979,16.305732,4.960625,0.46818509,0.00049232956,0.125,False,register_operations_review,public-derived-entity-complete-daily-aggregate
8,2020-04-11,30,96,77.710833,13.56984,6.4898958,1.4234855,0,0,False,register_operations_review,public-derived-entity-complete-daily-aggregate
8,2020-04-12,30,96,291.35302,13.319524,1.3107292,0.15248869,0,0.39583333,False,register_operations_review,public-derived-entity-complete-daily-aggregate
8,2020-04-13,30,96,331.4576,11.727984,5.7655208,0.50862125,0,0.11458333,False,register_operations_review,public-derived-entity-complete-daily-aggregate
8,2020-04-14,30,96,167.39115,11.666937,6.5575,1.1923352,0,0,False,register_operations_review,public-derived-entity-complete-daily-aggregate
8,2020-04-15,30,96,218.56875,15.006486,2.3261458,0.37237022,0,0.375,False,register_operations_review,public-derived-entity-complete-daily-aggregate
8,2020-04-16,30,96,321.38625,16.214777,4.4639583,0.44865697,0.00093936236,0.28125,False,register_operations_review,public-derived-entity-complete-daily-aggregate
8,2020-04-17,30,96,242.09021,16.267353,6.8909375,0.91956547,4.1736554e-06,0,False,register_operations_review,public-derived-entity-complete-daily-aggregate
8,2020-04-18,30,96,264.20865,23.621479,6.8345833,0.8515677,0.010682304,0,False,register_operations_review,public-derived-entity-complete-daily-aggregate
8,2020-04-19,30,96,93.932708,18.224816,6.3652083,1.3966526,0,0,False,register_operations_review,public-derived-entity-complete-daily-aggregate
8,2020-04-20,30,96,160.16885,21.380436,2.1534375,0.47089495,0.0032510141,0.20833333,False,register_operations_review,public-derived-entity-complete-daily-aggregate
8,2020-04-21,30,96,77.0925,12.906064,3.743125,1.2389345,0,0,False,register_operations_review,public-derived-entity-complete-daily-aggregate
8,2020-04-22,30,96,86.759375,12.522722,1.3563542,0.57231679,0,0.14583333,False,register_operations_review,public-derived-entity-complete-daily-aggregate
8,2020-04-23,30,96,56.361354,13.869916,1.2383333,0.75019712,0,0,False,register_operations_review,public-derived-entity-complete-daily-aggregate
8,2020-04-24,30,96,255.83708,13.100538,1.095,0.13338637,0,0.39583333,False,register_operations_review,public-derived-entity-complete-daily-aggregate
8,2020-04-25,30,96,217.3999,17.30829,5.1111458,0.71783763,0.00088819352,0,False,register_operations_review,public-derived-entity-complete-daily-aggregate
8,2020-04-26,30,96,145.5875,15.529779,5.1810417,1.0353412,0,0,False,register_operations_review,public-derived-entity-complete-daily-aggregate
8,2020-04-27,30,96,238.29437,17.766757,1.8877083,0.27140029,0.0015950282,0.39583333,False,register_operations_review,public-derived-entity-complete-daily-aggregate
8,2020-04-28,30,96,307.98448,19.331224,6.6821875,0.68701123,0.0039728694,0,False,register_operations_review,public-derived-entity-complete-daily-aggregate
8,2020-04-29,30,96,269.46281,15.870103,5.9076042,0.67948688,4.0682503e-05,0.010416667,False,register_operations_review,public-derived-entity-complete-daily-aggregate
8,2020-04-30,30,96,286.21302,17.234098,6.9577083,0.80322101,0.00014919581,0,False,register_operations_review,public-derived-entity-complete-daily-aggregate
8,2020-05-01,30,96,257.9724,25.448033,5.9803125,0.70084134,0.011176879,0.03125,False,register_operations_review,public-derived-entity-complete-daily-aggregate
8,2020-05-02,30,96,139.88635,17.665535,4.343125,1.007329,0,0,False,register_operations_review,public-derived-entity-complete-daily-aggregate
8,2020-05-03,30,96,170.4849,22.12064,2.9663542,0.66110246,0.0018028228,0.052083333,False,register_operations_review,public-derived-entity-complete-daily-aggregate
8,2020-05-04,30,96,304.51812,28.524249,3.5011458,0.38087808,0.020232571,0.052083333,False,register_operations_review,public-derived-entity-complete-daily-aggregate
8,2020-05-05,30,96,51.517396,24.291657,6.7789583,1.6698023,0.0024180951,0,False,register_operations_review,public-derived-entity-complete-daily-aggregate
8,2020-05-06,30,96,177.76875,26.247202,1.1114583,0.28313966,0.0080200009,0.17708333,False,register_operations_review,public-derived-entity-complete-daily-aggregate
8,2020-05-07,30,96,131.65406,19.879381,3.6559375,0.80863789,0.00019723935,0.010416667,False,register_operations_review,public-derived-entity-complete-daily-aggregate
8,2020-05-08,30,96,249.75688,21.97943,3.3191667,0.43930257,0.0028858498,0.30208333,False,register_operations_review,public-derived-entity-complete-daily-aggregate
8,2020-05-09,30,96,169.49229,22.648708,5.1970833,1.0373844,0.001342347,0,False,register_operations_review,public-derived-entity-complete-daily-aggregate
8,2020-05-10,30,96,66.514687,27.145614,4.3511458,1.6460601,0.0096950937,0,False,register_operations_review,public-derived-entity-complete-daily-aggregate
8,2020-05-11,30,96,102.17677,22.722371,1.7341667,0.59778652,0.00080366615,0.041666667,False,register_operations_review,public-derived-entity-complete-daily-aggregate
8,2020-05-12,30,96,260.27938,24.435477,2.4482292,0.31067012,0.0064397794,0.25,False,register_operations_review,public-derived-entity-complete-daily-aggregate
8,2020-05-13,30,96,208.97292,19.748624,6.336875,0.99561448,0.0014911656,0,False,register_operations_review,public-derived-entity-complete-daily-aggregate
8,2020-05-14,30,96,295.83271,19.231432,5.9760417,0.63031225,0.001053144,0.010416667,False,register_operations_review,public-derived-entity-complete-daily-aggregate
8,2020-05-15,30,96,182.47219,22.421129,5.9655208,1.0497396,0.0018551146,0,False,register_operations_review,public-derived-entity-complete-daily-aggregate
8,2020-05-16,30,1,0,23.052202,0,,0,0,False,register_operations_review,public-derived-entity-complete-daily-aggregate
8,2020-05-17,30,95,208.85221,26.511596,4.7286316,0.72758392,0.0087677128,0.010526316,False,register_operations_review,public-derived-entity-complete-daily-aggregate
8,2020-05-18,30,96,92.513542,19.18253,3.7257292,1.1451667,0,0,False,register_operations_review,public-derived-entity-complete-daily-aggregate
8,2020-05-19,30,96,331.79396,21.608491,3.6710417,0.36193088,0.0023726074,0.40625,False,register_operations_review,public-derived-entity-complete-daily-aggregate
8,2020-05-20,30,96,221.75625,25.851275,2.2817708,0.3488212,0.013072861,0.083333333,False,register_operations_review,public-derived-entity-complete-daily-aggregate
8,2020-05-21,30,96,144.61281,17.41746,7.0028125,1.3806274,0,0,False,register_operations_review,public-derived-entity-complete-daily-aggregate
8,2020-05-22,30,96,113.33427,24.615712,6.20875,1.3618209,0.0061575475,0,False,register_operations_review,public-derived-entity-complete-daily-aggregate
8,2020-05-23,30,96,194.24323,26.031201,2.71625,0.42232376,0.011154249,0.041666667,False,register_operations_review,public-derived-entity-complete-daily-aggregate
8,2020-05-24,30,96,238.97219,28.50577,2.4096875,0.32926717,0.018568324,0.0625,False,register_operations_review,public-derived-entity-complete-daily-aggregate
8,2020-05-25,30,96,230.63573,25.637709,4.3211458,0.71780745,0.0086951665,0.010416667,False,register_operations_review,public-derived-entity-complete-daily-aggregate
8,2020-05-26,30,96,85.193854,26.490446,6.2803125,1.0196309,0.0072318091,0,False,register_operations_review,public-derived-entity-complete-daily-aggregate
8,2020-05-27,30,96,255.77781,20.489115,4.3445833,0.54616377,0.00055957245,0.10416667,False,register_operations_review,public-derived-entity-complete-daily-aggregate
8,2020-05-28,30,96,178.83573,26.710855,1.7496875,0.38391214,0.011235258,0.13541667,False,register_operations_review,public-derived-entity-complete-daily-aggregate
8,2020-05-29,30,96,191.59875,21.48553,6.1270833,1.00003,0.00099734988,0,False,register_operations_review,public-derived-entity-complete-daily-aggregate
8,2020-05-30,30,96,156.55104,20.094916,3.7234375,0.94529949,0.00018757841,0.09375,False,register_operations_review,public-derived-entity-complete-daily-aggregate
8,2020-05-31,30,96,331.59979,22.973656,3.9559375,0.40812416,0.0035374908,0.29166667,False,register_operations_review,public-derived-entity-complete-daily-aggregate
8,2020-06-01,30,96,75.324271,24.870914,3.0482292,1.2673686,0.0035874061,0,False,register_operations_review,public-derived-entity-complete-daily-aggregate
8,2020-06-02,30,96,122.54354,20.44262,6.3105208,1.6089656,3.694537e-05,0,False,register_operations_review,public-derived-entity-complete-daily-aggregate
8,2020-06-03,30,96,160.1,24.944095,1.7654167,0.48794743,0.0050661149,0.26041667,False,register_operations_review,public-derived-entity-complete-daily-aggregate
8,2020-06-04,30,96,108.1676,23.478653,2.305,0.78075231,0.001783134,0.020833333,False,register_operations_review,public-derived-entity-complete-daily-aggregate
8,2020-06-05,30,96,101.3699,26.954813,3.1711458,1.1177832,0.009462101,0,False,register_operations_review,public-derived-entity-complete-daily-aggregate
8,2020-06-06,30,96,80.044583,18.157727,2.0823958,0.86819841,0,0.020833333,False,register_operations_review,public-derived-entity-complete-daily-aggregate
8,2020-06-07,30,96,208.89354,22.891189,2.1738542,0.34701008,0.0022009517,0.33333333,False,register_operations_review,public-derived-entity-complete-daily-aggregate
8,2020-06-08,30,96,59.180417,20.645531,1.4882292,0.90563971,0,0,False,register_operations_review,public-derived-entity-complete-daily-aggregate
8,2020-06-09,30,96,53.973958,22.405549,4.280625,1.4290855,0.00019806705,0,False,register_operations_review,public-derived-entity-complete-daily-aggregate
8,2020-06-10,30,96,81.412813,26.133222,1.5747917,0.72237848,0.0064436912,0.020833333,False,register_operations_review,public-derived-entity-complete-daily-aggregate
8,2020-06-11,30,96,89.002396,19.449666,1.3132292,0.65997073,0,0.1875,False,register_operations_review,public-derived-entity-complete-daily-aggregate
8,2020-06-12,30,96,207.37073,24.800295,1.584375,0.28225902,0.0067717699,0.28125,False,register_operations_review,public-derived-entity-complete-daily-aggregate
8,2020-06-13,30,96,327.2675,26.348694,1.983125,0.20938245,0.011185465,0.17708333,False,register_operations_review,public-derived-entity-complete-daily-aggregate
8,2020-06-14,30,96,234.04948,22.353313,6.0445833,0.84444556,0.0022445879,0,False,register_operations_review,public-derived-entity-complete-daily-aggregate
8,2020-06-15,30,96,242.31083,26.497669,6.6010417,0.86333021,0.0095107949,0,False,register_operations_review,public-derived-entity-complete-daily-aggregate
8,2020-06-16,30,96,239.3699,32.413524,6.2975,0.84255779,0.029668984,0,False,register_operations_review,public-derived-entity-complete-daily-aggregate
8,2020-06-17,30,96,248.74563,30.26492,6.3219792,0.83257003,0.021281781,0,False,register_operations_review,public-derived-entity-complete-daily-aggregate
8,2020-06-18,30,96,235.79594,31.794729,5.1173958,0.68545173,0.027240814,0,False,register_operations_review,public-derived-entity-complete-daily-aggregate
8,2020-06-19,30,96,177.04365,29.634499,5.9776042,1.1179696,0.018596874,0,False,register_operations_review,public-derived-entity-complete-daily-aggregate
8,2020-06-20,30,96,118.86406,21.40104,4.2004167,1.2760625,0.00014967538,0,False,register_operations_review,public-derived-entity-complete-daily-aggregate
8,2020-06-21,30,96,178.81573,23.063375,3.1736458,0.65830229,0.0020462778,0.052083333,False,register_operations_review,public-derived-entity-complete-daily-aggregate
8,2020-06-22,30,96,119.55448,31.303276,3.3016667,0.91204291,0.025241851,0,False,register_operations_review,public-derived-entity-complete-daily-aggregate
8,2020-06-23,30,96,268.53052,30.608331,3.8796875,0.44805653,0.023345852,0.010416667,False,register_operations_review,public-derived-entity-complete-daily-aggregate
8,2020-06-24,30,96,129.00698,32.400248,3.3615625,0.89090456,0.029600993,0,False,register_operations_review,public-derived-entity-complete-daily-aggregate
8,2020-06-25,30,96,153.11208,25.60482,5.2788542,1.2704035,0.0066665586,0,False,register_operations_review,public-derived-entity-complete-daily-aggregate
8,2020-06-26,30,96,101.7449,23.341956,3.0463542,0.94051032,0.0014841183,0.010416667,False,register_operations_review,public-derived-entity-complete-daily-aggregate
8,2020-06-27,30,96,214.02792,22.05078,3.9961458,0.59390439,0.0012477357,0.03125,False,register_operations_review,public-derived-entity-complete-daily-aggregate
8,2020-06-28,30,96,283.73354,32.90466,2.764375,0.31225442,0.031673743,0.010416667,False,register_operations_review,public-derived-entity-complete-daily-aggregate
8,2020-06-29,30,96,122.18937,31.191462,3.7945833,1.0518873,0.024765848,0,False,register_operations_review,public-derived-entity-complete-daily-aggregate
8,2020-06-30,30,96,66.885521,29.279766,5.9235417,1.316206,0.017119065,0,False,register_operations_review,public-derived-entity-complete-daily-aggregate
8,2020-07-01,30,96,128.98802,20.596734,2.518125,0.6158907,0,0.09375,False,register_operations_review,public-derived-entity-complete-daily-aggregate
8,2020-07-02,30,96,150.77271,23.941556,1.905,0.40764877,0.0025884658,0.32291667,False,register_operations_review,public-derived-entity-complete-daily-aggregate
8,2020-07-03,30,96,140.05458,27.05845,3.3673958,0.9405875,0.0098647019,0.010416667,False,register_operations_review,public-derived-entity-complete-daily-aggregate
8,2020-07-04,30,96,196.90406,30.69757,3.2571875,0.51391631,0.022921459,0.020833333,False,register_operations_review,public-derived-entity-complete-daily-aggregate
8,2020-07-05,30,96,119.3876,22.991007,3.2004167,0.88397118,0.00097802944,0.03125,False,register_operations_review,public-derived-entity-complete-daily-aggregate
8,2020-07-06,30,96,182.98135,31.74678,3.9258333,0.7178794,0.02698712,0,False,register_operations_review,public-derived-entity-complete-daily-aggregate
8,2020-07-07,30,96,122.85552,30.508373,2.5857292,0.74717498,0.02211419,0.010416667,False,register_operations_review,public-derived-entity-complete-daily-aggregate
8,2020-07-08,30,96,102.31812,23.235292,3.8647917,1.3600237,0.0010597919,0,False,register_operations_review,public-derived-entity-complete-daily-aggregate
8,2020-07-09,30,96,64.995937,25.023515,2.1615625,0.97357837,0.0031805551,0,False,register_operations_review,public-derived-entity-complete-daily-aggregate
8,2020-07-10,30,96,77.181146,25.300288,2.2655208,0.99315861,0.0038771592,0,False,register_operations_review,public-derived-entity-complete-daily-aggregate
8,2020-07-11,30,96,218.03917,31.144495,1.5385417,0.27307603,0.024797641,0.020833333,False,register_operations_review,public-derived-entity-complete-daily-aggregate
8,2020-07-12,30,96,243.91979,26.452946,1.7898958,0.24465997,0.010813545,0.13541667,False,register_operations_review,public-derived-entity-complete-daily-aggregate
8,2020-07-13,30,96,330.86865,33.77825,5.1542708,0.50436094,0.035533364,0,False,register_operations_review,public-derived-entity-complete-daily-aggregate
8,2020-07-14,30,96,323.13865,24.743408,6.4975,0.67750159,0.0074282611,0,False,register_operations_review,public-derived-entity-complete-daily-aggregate
8,2020-07-15,30,96,291.40958,32.042914,7.1311458,0.81376101,0.028228671,0,False,register_operations_review,public-derived-entity-complete-daily-aggregate
8,2020-07-16,30,96,176.555,29.048536,6.7846875,1.2465896,0.016587536,0,False,register_operations_review,public-derived-entity-complete-daily-aggregate
8,2020-07-17,30,96,241.25302,31.757489,6.1639583,0.85911288,0.027063724,0,False,register_operations_review,public-derived-entity-complete-daily-aggregate
8,2020-07-18,30,96,309.51198,27.055435,4.2940625,0.44503474,0.011646895,0.09375,False,register_operations_review,public-derived-entity-complete-daily-aggregate
8,2020-07-19,30,96,280.50969,34.446287,4.5482292,0.50942397,0.037785148,0,False,register_operations_review,public-derived-entity-complete-daily-aggregate
8,2020-07-20,30,96,232.12885,33.414977,5.8880208,0.8749635,0.03365991,0,False,register_operations_review,public-derived-entity-complete-daily-aggregate
8,2020-07-21,30,96,258.8075,23.213747,6.1145833,0.81696661,0.0030668971,0,False,register_operations_review,public-derived-entity-complete-daily-aggregate
8,2020-07-22,30,96,305.8025,32.740856,4.7192708,0.48912933,0.03114046,0,False,register_operations_review,public-derived-entity-complete-daily-aggregate
8,2020-07-23,30,96,212.01823,27.043403,6.0545833,0.89984825,0.011934023,0,False,register_operations_review,public-derived-entity-complete-daily-aggregate
8,2020-07-24,30,96,230.95552,25.782348,6.9525,0.98568826,0.0068925556,0,False,register_operations_review,public-derived-entity-complete-daily-aggregate
8,2020-07-25,30,96,102.63729,24.340356,6.4196875,1.5698722,0.002782714,0,False,register_operations_review,public-derived-entity-complete-daily-aggregate
8,2020-07-26,30,96,98.81,26.568367,4.4671875,1.3443163,0.0078395647,0,False,register_operations_review,public-derived-entity-complete-daily-aggregate
8,2020-07-27,30,96,170.84208,21.824714,2.9511458,0.58230006,0.00065512511,0.083333333,False,register_operations_review,public-derived-entity-complete-daily-aggregate
8,2020-07-28,30,96,230.55552,27.799963,2.8755208,0.39317188,0.012506413,0.16666667,False,register_operations_review,public-derived-entity-complete-daily-aggregate
8,2020-07-29,30,96,251.23573,28.459171,4.2044792,0.55577537,0.014698389,0.020833333,False,register_operations_review,public-derived-entity-complete-daily-aggregate
8,2020-07-30,30,96,264.08479,27.160326,4.7983333,0.61325844,0.012320954,0.010416667,False,register_operations_review,public-derived-entity-complete-daily-aggregate
8,2020-07-31,30,96,246.06115,28.101896,5.1166667,0.68316669,0.014075266,0,False,register_operations_review,public-derived-entity-complete-daily-aggregate
8,2020-08-01,30,96,225.91083,28.018413,6.148125,0.87598138,0.013924027,0,False,register_operations_review,public-derived-entity-complete-daily-aggregate
8,2020-08-02,30,96,246.18969,23.294674,6.2440625,0.80146028,0.0042182733,0,False,register_operations_review,public-derived-entity-complete-daily-aggregate
8,2020-08-03,30,96,272.36521,26.603039,6.4939583,0.7490732,0.011099543,0,False,register_operations_review,public-derived-entity-complete-daily-aggregate
8,2020-08-04,30,96,123.64812,27.04167,6.6429167,1.4643837,0.0094473127,0,False,register_operations_review,public-derived-entity-complete-daily-aggregate
8,2020-08-05,30,96,218.68594,29.753258,6.8858333,1.0191729,0.019645553,0,False,register_operations_review,public-derived-entity-complete-daily-aggregate
8,2020-08-06,30,96,235.73,23.219154,2.9653125,0.45349757,0.0027257935,0.32291667,False,register_operations_review,public-derived-entity-complete-daily-aggregate
8,2020-08-07,30,96,231.73958,23.39303,4.1867708,0.65365912,0.0037385101,0.09375,False,register_operations_review,public-derived-entity-complete-daily-aggregate
8,2020-08-08,30,96,251.84542,23.239052,6.2314583,0.77034325,0.0031016412,0,False,register_operations_review,public-derived-entity-complete-daily-aggregate
8,2020-08-09,30,96,246.74219,29.242722,6.0935417,0.79385983,0.017821226,0,False,register_operations_review,public-derived-entity-complete-daily-aggregate
8,2020-08-10,30,96,204.29542,29.441864,5.358125,0.84915938,0.018811007,0,False,register_operations_review,public-derived-entity-complete-daily-aggregate
8,2020-08-11,30,96,167.72573,24.649303,4.8429167,0.90601824,0.0049098062,0.041666667,False,register_operations_review,public-derived-entity-complete-daily-aggregate
8,2020-08-12,30,96,283.76969,32.297642,5.2822917,0.57993619,0.029543716,0.010416667,False,register_operations_review,public-derived-entity-complete-daily-aggregate
8,2020-08-13,30,96,298.83427,28.241203,3.8691667,0.47388889,0.016080997,0.10416667,False,register_operations_review,public-derived-entity-complete-daily-aggregate
8,2020-08-14,30,96,221.51063,32.656109,6.404375,0.93879552,0.030854178,0,False,register_operations_review,public-derived-entity-complete-daily-aggregate
8,2020-08-15,30,96,231.04406,31.292529,6.9220833,0.9916647,0.026054402,0,False,register_operations_review,public-derived-entity-complete-daily-aggregate
8,2020-08-16,30,96,241.26823,28.114801,6.9476042,0.92709572,0.015974511,0,False,register_operations_review,public-derived-entity-complete-daily-aggregate
8,2020-08-17,30,96,276.95969,27.6069,6.9969792,0.7955034,0.014303242,0,False,register_operations_review,public-derived-entity-complete-daily-aggregate
8,2020-08-18,30,96,238.34479,26.516155,7.0235417,0.93877769,0.011269723,0,False,register_operations_review,public-derived-entity-complete-daily-aggregate
8,2020-08-19,30,96,277.88156,27.760181,6.9073958,0.79921115,0.014692743,0,False,register_operations_review,public-derived-entity-complete-daily-aggregate
8,2020-08-20,30,96,305.96042,27.318517,6.138125,0.64178323,0.013695029,0.010416667,False,register_operations_review,public-derived-entity-complete-daily-aggregate
8,2020-08-21,30,96,274.46865,27.860421,6.9138542,0.8191866,0.01408005,0,False,register_operations_review,public-derived-entity-complete-daily-aggregate
8,2020-08-22,30,96,236.24302,30.506362,6.8827083,0.89009822,0.022729772,0,False,register_operations_review,public-derived-entity-complete-daily-aggregate
8,2020-08-23,30,96,244.7549,24.890977,6.9522917,0.88352987,0.0079866315,0,False,register_operations_review,public-derived-entity-complete-daily-aggregate
8,2020-08-24,30,96,203.98729,30.07301,6.7748958,1.0594071,0.020701575,0,False,register_operations_review,public-derived-entity-complete-daily-aggregate
8,2020-08-25,30,96,169.36615,30.313324,6.9214583,1.3429787,0.021428296,0,False,register_operations_review,public-derived-entity-complete-daily-aggregate
8,2020-08-26,30,96,146.31115,21.764508,6.2970833,1.3190414,0.001028332,0,False,register_operations_review,public-derived-entity-complete-daily-aggregate
8,2020-08-27,30,96,117.96948,27.372775,5.6314583,1.4164727,0.0099319726,0,False,register_operations_review,public-derived-entity-complete-daily-aggregate
8,2020-08-28,30,96,230.16708,23.28132,4.2317708,0.70651237,0.0022353473,0.083333333,False,register_operations_review,public-derived-entity-complete-daily-aggregate
8,2020-08-29,30,96,174.82625,26.267793,3.260625,0.63484473,0.0083779096,0.010416667,False,register_operations_review,public-derived-entity-complete-daily-aggregate
8,2020-08-30,30,96,194.56292,23.114395,5.1682292,0.80767817,0.0020961446,0.083333333,False,register_operations_review,public-derived-entity-complete-daily-aggregate
8,2020-08-31,30,96,260.02615,25.397644,5.745625,0.69618536,0.0079398328,0,False,register_operations_review,public-derived-entity-complete-daily-aggregate
8,2020-09-01,30,96,250.5876,24.864549,4.9639583,0.67058158,0.0058367622,0.010416667,False,register_operations_review,public-derived-entity-complete-daily-aggregate
8,2020-09-02,30,96,227.11531,25.354747,6.715,0.96594939,0.0056192003,0,False,register_operations_review,public-derived-entity-complete-daily-aggregate
8,2020-09-03,30,96,289.01854,23.773667,5.8720833,0.68143425,0.0043642434,0.010416667,False,register_operations_review,public-derived-entity-complete-daily-aggregate
8,2020-09-04,30,96,236.56104,21.11717,5.37375,0.78589065,0.00097715623,0,False,register_operations_review,public-derived-entity-complete-daily-aggregate
8,2020-09-05,30,96,215.45833,19.160719,6.84375,1.0427434,0.00027358972,0,False,register_operations_review,public-derived-entity-complete-daily-aggregate
8,2020-09-06,30,96,228.65615,18.718541,6.2746875,0.82168526,0.00031781409,0.010416667,False,register_operations_review,public-derived-entity-complete-daily-aggregate
8,2020-09-07,30,96,257.29417,19.075453,6.5152083,0.77597314,0.001385621,0,False,register_operations_review,public-derived-entity-complete-daily-aggregate
8,2020-09-08,30,96,189.02677,23.137614,7.3508333,1.2098549,0.0021031012,0,False,register_operations_review,public-derived-entity-complete-daily-aggregate
8,2020-09-09,30,96,241.39917,29.025181,7.1323958,1.0920037,0.017657923,0,False,register_operations_review,public-derived-entity-complete-daily-aggregate
8,2020-09-10,30,96,186.58781,23.308912,4.4825,0.79814435,0.0054747276,0,False,register_operations_review,public-derived-entity-complete-daily-aggregate
8,2020-09-11,30,96,137.85417,21.236226,5.9290625,1.3028862,0.00017313824,0,False,register_operations_review,public-derived-entity-complete-daily-aggregate
8,2020-09-12,30,96,146.74729,19.365746,5.7967708,1.2567287,0,0,False,register_operations_review,public-derived-entity-complete-daily-aggregate
8,2020-09-13,30,96,114.01281,26.793826,3.6240625,1.0671392,0.0086375243,0,False,register_operations_review,public-derived-entity-complete-daily-aggregate
8,2020-09-14,30,96,54.688021,25.382825,3.4004167,1.4972889,0.0042566637,0,False,register_operations_review,public-derived-entity-complete-daily-aggregate
8,2020-09-15,30,96,140.78437,28.333109,2.673125,0.61548909,0.014736819,0.020833333,False,register_operations_review,public-derived-entity-complete-daily-aggregate
8,2020-09-16,30,96,144.67042,23.999208,1.7352083,0.45474898,0.0040019668,0.27083333,False,register_operations_review,public-derived-entity-complete-daily-aggregate
8,2020-09-17,30,96,206.31021,30.415307,3.956875,0.66556001,0.022360546,0,False,register_operations_review,public-derived-entity-complete-daily-aggregate
8,2020-09-18,30,96,182.92198,20.363082,3.7738542,0.65413739,3.8784121e-06,0.052083333,False,register_operations_review,public-derived-entity-complete-daily-aggregate
8,2020-09-19,30,96,119.72781,22.663876,5.6184375,1.3637555,0.0015900071,0,False,register_operations_review,public-derived-entity-complete-daily-aggregate
8,2020-09-20,30,96,88.344479,19.929119,5.0588542,1.5338403,0,0,False,register_operations_review,public-derived-entity-complete-daily-aggregate
8,2020-09-21,30,96,87.738542,16.561151,3.7365625,1.2768725,0,0,False,register_operations_review,public-derived-entity-complete-daily-aggregate
8,2020-09-22,30,96,87.307708,18.6615,2.2479167,0.91446758,0,0.03125,False,register_operations_review,public-derived-entity-complete-daily-aggregate
8,2020-09-23,30,96,45.701458,16.610779,2.1713542,1.5903686,0,0,False,register_operations_review,public-derived-entity-complete-daily-aggregate
8,2020-09-24,30,96,129.81021,21.220249,2.1583333,0.66693514,0.00067012113,0.16666667,False,register_operations_review,public-derived-entity-complete-daily-aggregate
8,2020-09-25,30,96,204.38083,17.340961,1.4101042,0.26682477,7.1184292e-05,0.33333333,False,register_operations_review,public-derived-entity-complete-daily-aggregate
8,2020-09-26,30,96,86.388438,18.920566,3.0589583,1.0233824,0,0,False,register_operations_review,public-derived-entity-complete-daily-aggregate
8,2020-09-27,30,96,76.003854,15.692846,6.2447917,1.6640738,0,0,False,register_operations_review,public-derived-entity-complete-daily-aggregate
8,2020-09-28,30,96,137.69167,16.376243,1.9155208,0.43849676,0,0.1875,False,register_operations_review,public-derived-entity-complete-daily-aggregate
8,2020-09-29,30,96,53.784583,21.798579,1.6519792,0.98992662,9.1264054e-06,0,False,register_operations_review,public-derived-entity-complete-daily-aggregate
8,2020-09-30,30,96,208.87135,22.556946,3.1960417,0.50391524,0.0021945913,0.16666667,False,register_operations_review,public-derived-entity-complete-daily-aggregate
8,2020-10-01,30,96,294.62198,16.334186,1.30875,0.15534618,5.1674e-06,0.38541667,False,register_operations_review,public-derived-entity-complete-daily-aggregate
8,2020-10-02,30,96,251.50125,23.00295,5.2721875,0.65722087,0.0055583217,0.010416667,False,register_operations_review,public-derived-entity-complete-daily-aggregate
8,2020-10-03,30,96,267.78521,25.738527,6.7198958,0.8696522,0.011071247,0,False,register_operations_review,public-derived-entity-complete-daily-aggregate
8,2020-10-04,30,96,179.3851,25.853558,6.5254167,1.261593,0.0093217084,0,False,register_operations_review,public-derived-entity-complete-daily-aggregate
8,2020-10-05,30,96,86.272813,20.493463,6.6692708,1.9306611,0,0,False,register_operations_review,public-derived-entity-complete-daily-aggregate
8,2020-10-06,30,96,188.66313,21.400504,5.8289583,1.1031689,0.0013214928,0,False,register_operations_review,public-derived-entity-complete-daily-aggregate
8,2020-10-07,30,96,166.2549,18.534079,2.0205208,0.36856644,3.6110446e-06,0.3125,False,register_operations_review,public-derived-entity-complete-daily-aggregate
8,2020-10-08,30,96,225.15198,18.72786,3.4520833,0.46011914,0.00048813418,0.17708333,False,register_operations_review,public-derived-entity-complete-daily-aggregate
8,2020-10-09,30,96,227.66135,19.101196,4.3996875,0.60315942,0.0013960193,0.0625,False,register_operations_review,public-derived-entity-complete-daily-aggregate
8,2020-10-10,30,96,197.74969,14.424277,6.1654167,1.0324371,0,0,False,register_operations_review,public-derived-entity-complete-daily-aggregate
8,2020-10-11,30,96,261.83167,17.100406,6.2829167,0.81798356,0.00021083477,0,False,register_operations_review,public-derived-entity-complete-daily-aggregate
8,2020-10-12,30,96,234.18604,18.284954,6.498125,0.94852511,0.0003820471,0,False,register_operations_review,public-derived-entity-complete-daily-aggregate
8,2020-10-13,30,96,178.7799,23.753434,6.61625,1.2291489,0.0062255531,0,False,register_operations_review,public-derived-entity-complete-daily-aggregate
8,2020-10-14,30,96,200.26,22.237126,6.343125,1.0827981,0.003880242,0,False,register_operations_review,public-derived-entity-complete-daily-aggregate
8,2020-10-15,30,96,162.25729,17.767528,3.72375,0.71370947,0,0.020833333,False,register_operations_review,public-derived-entity-complete-daily-aggregate
8,2020-10-16,30,96,123.3799,19.369596,5.0303125,1.3574237,0.00011603292,0,False,register_operations_review,public-derived-entity-complete-daily-aggregate
8,2020-10-17,30,96,119.17083,15.935765,4.515,1.2525198,0,0,False,register_operations_review,public-derived-entity-complete-daily-aggregate
8,2020-10-18,30,96,134.77667,19.224039,3.2825,0.9117435,0.00036815153,0,False,register_operations_review,public-derived-entity-complete-daily-aggregate
8,2020-10-19,30,96,130.135,15.69904,2.8079167,0.74696104,0,0.010416667,False,register_operations_review,public-derived-entity-complete-daily-aggregate
8,2020-10-20,30,96,151.55667,18.692516,2.3,0.44447952,0.001003248,0.13541667,False,register_operations_review,public-derived-entity-complete-daily-aggregate
8,2020-10-21,30,96,162.7649,16.675774,1.7772917,0.36886928,0,0.30208333,False,register_operations_review,public-derived-entity-complete-daily-aggregate
8,2020-10-22,30,96,89.428542,14.695202,3.6039583,1.1438112,0,0,False,register_operations_review,public-derived-entity-complete-daily-aggregate
8,2020-10-23,30,96,261.23635,15.102022,3.2289583,0.39150064,9.135687e-05,0.33333333,False,register_operations_review,public-derived-entity-complete-daily-aggregate
8,2020-10-24,30,96,180.53427,12.338476,1.7075,0.32907629,0,0.33333333,False,register_operations_review,public-derived-entity-complete-daily-aggregate
8,2020-10-25,30,96,191.1651,15.303503,6.2509375,1.1209608,0.00014332463,0,False,register_operations_review,public-derived-entity-complete-daily-aggregate
8,2020-10-26,30,96,205.14385,16.635832,5.3778125,0.92053232,7.1152019e-05,0,False,register_operations_review,public-derived-entity-complete-daily-aggregate
8,2020-10-27,30,96,205.12906,14.154076,5.6888542,0.93018718,0,0,False,register_operations_review,public-derived-entity-complete-daily-aggregate
8,2020-10-28,30,96,215.22719,14.838073,5.8627083,0.9210469,0,0,False,register_operations_review,public-derived-entity-complete-daily-aggregate
8,2020-10-29,30,96,146.59375,13.767201,6.0894792,1.2774924,0,0,False,register_operations_review,public-derived-entity-complete-daily-aggregate
8,2020-10-30,30,96,214.97875,18.97264,6.0355208,0.9581877,0.0016139734,0,False,register_operations_review,public-derived-entity-complete-daily-aggregate
8,2020-10-31,30,96,176.07833,12.801365,2.9644792,0.58831387,0,0.125,False,register_operations_review,public-derived-entity-complete-daily-aggregate
8,2020-11-01,30,96,115.03573,14.744648,5.9719792,1.5971379,0,0,False,register_operations_review,public-derived-entity-complete-daily-aggregate
8,2020-11-02,30,96,173.15323,14.710202,4.4232292,0.86475038,0,0.052083333,False,register_operations_review,public-derived-entity-complete-daily-aggregate
8,2020-11-03,30,96,180.47958,12.489284,1.8370833,0.37005211,0,0.33333333,False,register_operations_review,public-derived-entity-complete-daily-aggregate
8,2020-11-04,30,96,180.76917,11.118882,3.7973958,0.66579671,0,0.0625,False,register_operations_review,public-derived-entity-complete-daily-aggregate
8,2020-11-05,30,96,171.24802,12.763239,5.8770833,1.125576,0,0,False,register_operations_review,public-derived-entity-complete-daily-aggregate
8,2020-11-06,30,1,0,9.6056078,0,,0,0,False,register_operations_review,public-derived-entity-complete-daily-aggregate
8,2020-11-07,30,95,118.52021,22.023632,4.5213684,1.3274339,0.0027010031,0,False,register_operations_review,public-derived-entity-complete-daily-aggregate
8,2020-11-08,30,1,0,15.795923,0,,0,0,False,register_operations_review,public-derived-entity-complete-daily-aggregate
8,2020-11-11,30,95,165.72074,13.265425,5.6182105,1.1584534,8.9360608e-05,0,False,register_operations_review,public-derived-entity-complete-daily-aggregate
8,2020-11-12,30,96,172.86531,11.1223,6.005,1.1834013,0,0,False,register_operations_review,public-derived-entity-complete-daily-aggregate
8,2020-11-13,30,96,227.36344,14.379737,2.4055208,0.33496649,0.00059942332,0.34375,False,register_operations_review,public-derived-entity-complete-daily-aggregate
8,2020-11-14,30,96,196.36469,13.361977,6.003125,1.0264239,0,0,False,register_operations_review,public-derived-entity-complete-daily-aggregate
8,2020-11-15,30,96,167.01271,17.716524,5.7841667,1.1394173,0.0029780168,0,False,register_operations_review,public-derived-entity-complete-daily-aggregate
8,2020-11-16,30,96,173.13396,16.968996,5.96875,1.2137035,0.00060448559,0,False,register_operations_review,public-derived-entity-complete-daily-aggregate
8,2020-11-17,30,96,110.87677,19.538924,5.76125,1.433374,0.00085582352,0,False,register_operations_review,public-derived-entity-complete-daily-aggregate
8,2020-11-18,30,96,161.51865,22.507032,5.8994792,1.2213058,0.0058444017,0,False,register_operations_review,public-derived-entity-complete-daily-aggregate
8,2020-11-19,30,96,155.76177,24.32194,5.78125,1.243839,0.0070216636,0,False,register_operations_review,public-derived-entity-complete-daily-aggregate
8,2020-11-20,30,96,72.62,15.8358,5.4333333,1.8803419,0,0,False,register_operations_review,public-derived-entity-complete-daily-aggregate
8,2020-11-21,30,96,138.3651,21.943921,5.5361458,1.2984937,0.0033053867,0,False,register_operations_review,public-derived-entity-complete-daily-aggregate
8,2020-11-22,30,96,62.760729,17.224101,4.2601042,1.498137,0,0,False,register_operations_review,public-derived-entity-complete-daily-aggregate
8,2020-11-23,30,96,86.014792,16.600941,3.0315625,1.1683121,0,0,False,register_operations_review,public-derived-entity-complete-daily-aggregate
8,2020-11-24,30,96,123.66531,18.880324,5.5084375,1.4949869,0.00045272797,0,False,register_operations_review,public-derived-entity-complete-daily-aggregate
8,2020-11-25,30,96,157.12198,18.890649,4.4688542,0.95556026,0.00078314267,0,False,register_operations_review,public-derived-entity-complete-daily-aggregate
8,2020-11-26,30,96,110.18208,17.204466,1.9544792,0.5810216,0,0.03125,False,register_operations_review,public-derived-entity-complete-daily-aggregate
8,2020-11-27,30,96,101.91323,13.940587,3.2563542,1.114045,0,0,False,register_operations_review,public-derived-entity-complete-daily-aggregate
8,2020-11-28,30,96,61.83625,10.932226,1.7995833,1.0033097,0,0,False,register_operations_review,public-derived-entity-complete-daily-aggregate
8,2020-11-29,30,96,104.14271,12.541856,1.5155208,0.52214793,0,0.20833333,False,register_operations_review,public-derived-entity-complete-daily-aggregate
8,2020-11-30,30,96,80.045937,11.168151,2.37,0.93709139,0,0,False,register_operations_review,public-derived-entity-complete-daily-aggregate
8,2020-12-01,30,96,79.707188,10.239545,3.6248958,1.4438638,0,0,False,register_operations_review,public-derived-entity-complete-daily-aggregate
8,2020-12-02,30,96,139.44458,10.191926,1.7510417,0.43712418,0,0.25,False,register_operations_review,public-derived-entity-complete-daily-aggregate
8,2020-12-03,30,96,142.4025,9.4744695,1.4966667,0.35902673,0,0.30208333,False,register_operations_review,public-derived-entity-complete-daily-aggregate
8,2020-12-04,30,96,146.28948,5.4041522,1.1302083,0.24223247,0,0.3125,False,register_operations_review,public-derived-entity-complete-daily-aggregate
8,2020-12-05,30,96,167.91625,8.0156241,1.3925,0.2952493,0,0.30208333,False,register_operations_review,public-derived-entity-complete-daily-aggregate
8,2020-12-06,30,96,167.06219,7.9646819,1.4333333,0.28846632,0,0.32291667,False,register_operations_review,public-derived-entity-complete-daily-aggregate
8,2020-12-07,30,96,181.26104,10.97991,4.5786458,0.81045811,0,0,False,register_operations_review,public-derived-entity-complete-daily-aggregate
8,2020-12-08,30,96,140.47708,11.409285,3.3115625,0.77307614,0,0,False,register_operations_review,public-derived-entity-complete-daily-aggregate
8,2020-12-09,30,96,118.64198,9.0217435,4.715,1.2960592,0,0,False,register_operations_review,public-derived-entity-complete-daily-aggregate
8,2020-12-10,30,96,128.39656,12.462719,4.1408333,1.0165572,0,0,False,register_operations_review,public-derived-entity-complete-daily-aggregate
8,2020-12-11,30,96,50.869271,11.388221,4.8691667,1.9135811,0,0,False,register_operations_review,public-derived-entity-complete-daily-aggregate
8,2020-12-12,30,96,138.55875,9.2861579,4.8502083,1.1737885,0,0,False,register_operations_review,public-derived-entity-complete-daily-aggregate
8,2020-12-13,30,96,81.272708,13.198686,2.4934375,1.0616178,0,0,False,register_operations_review,public-derived-entity-complete-daily-aggregate
8,2020-12-14,30,96,23.151771,3.9050973,4.4780208,,0,0,False,register_operations_review,public-derived-entity-complete-daily-aggregate
8,2020-12-15,30,96,57.888125,4.1487579,3.648125,1.6654619,0,0,False,register_operations_review,public-derived-entity-complete-daily-aggregate
8,2020-12-16,30,96,40.156042,5.4734519,1.1183333,1.0452377,0,0,False,register_operations_review,public-derived-entity-complete-daily-aggregate
8,2020-12-17,30,96,28.088542,5.7872576,4.4567708,,0,0,False,register_operations_review,public-derived-entity-complete-daily-aggregate
8,2020-12-18,30,96,23.120625,5.165949,1.6076042,1.3239007,0,0,False,register_operations_review,public-derived-entity-complete-daily-aggregate
8,2020-12-19,30,96,29.288021,4.4960991,0.583125,0.62303314,0,0,False,register_operations_review,public-derived-entity-complete-daily-aggregate
8,2020-12-20,30,96,162.34125,4.6129756,1.1588542,0.23538692,0,0.3125,False,register_operations_review,public-derived-entity-complete-daily-aggregate
8,2020-12-21,30,96,88.283646,4.572228,0.86541667,0.31864036,0,0.26041667,False,register_operations_review,public-derived-entity-complete-daily-aggregate
8,2020-12-22,30,96,184.44208,5.6598758,0.95541667,0.16961078,0,0.33333333,False,register_operations_review,public-derived-entity-complete-daily-aggregate
8,2020-12-23,30,96,56.266042,10.372628,0.613125,0.43061499,0,0.125,False,register_operations_review,public-derived-entity-complete-daily-aggregate
8,2020-12-24,30,96,144.10625,11.612787,0.6978125,0.15458073,0,0.3125,False,register_operations_review,public-derived-entity-complete-daily-aggregate
8,2020-12-25,30,96,86.257917,10.458459,2.7823958,1.1087556,0,0,False,register_operations_review,public-derived-entity-complete-daily-aggregate
8,2020-12-26,30,96,94.632396,11.732796,1.1923958,0.42934118,0,0.25,False,register_operations_review,public-derived-entity-complete-daily-aggregate
8,2020-12-27,30,96,78.221771,10.365778,4.7314583,1.3098666,0,0,False,register_operations_review,public-derived-entity-complete-daily-aggregate
8,2020-12-28,30,96,170.44813,11.472716,1.20125,0.2173807,0,0.3125,False,register_operations_review,public-derived-entity-complete-daily-aggregate
8,2020-12-29,30,96,148.99354,12.153086,3.0511458,0.64471814,0,0.09375,False,register_operations_review,public-derived-entity-complete-daily-aggregate
8,2020-12-30,30,96,152.32708,1.60785,1.56375,0.33353564,0,0.30208333,False,register_operations_review,public-derived-entity-complete-daily-aggregate
8,2020-12-31,30,96,179.75708,-1.6208446,2.3207292,0.42082168,0,0.30208333,False,register_operations_review,public-derived-entity-complete-daily-aggregate
