product_id,category_id,store_id,unit_price_cny,units,transaction_time,order_id,transaction_id,state,data_nature
30006206,915000003,CDNL,25.23,0,2018/1/1,20170103CDLG000210052759,B024-TXN-00001,已成交,用户提供的历史交易快照
30163281,914010000,CDNL,2.0,2,2018/1/2,20170103CDLG000210052759,B024-TXN-00002,已成交,用户提供的历史交易快照
30200518,922000000,CDNL,19.62,0,2018/1/3,20170103CDLG000210052759,B024-TXN-00003,已成交,用户提供的历史交易快照
29989105,922000000,CDNL,2.8,2,2018/1/4,20170103CDLG000210052759,B024-TXN-00004,已成交,用户提供的历史交易快照
30179558,915000100,CDNL,47.41,0,2018/1/5,20170103CDLG000210052759,B024-TXN-00005,已成交,用户提供的历史交易快照
30022232,960000000,CDNL,0.3,1,2018/1/6,20170103CDLG000210052759,B024-TXN-00006,已成交,用户提供的历史交易快照
30179520,915000100,CDNL,77.52,0,2018/1/7,20170103CDLG000210052759,B024-TXN-00007,已成交,用户提供的历史交易快照
30184351,915000106,CDNL,15.57,0,2018/1/8,20170103CDLG000210052759,B024-TXN-00008,已成交,用户提供的历史交易快照
30184351,915000106,CDNL,15.58,0,2018/1/9,20170103CDLG000210052759,B024-TXN-00009,已成交,用户提供的历史交易快照
29989059,922000003,CDNL,1.98,1,2018/1/10,20170103CDLG000210052759,B024-TXN-00010,已成交,用户提供的历史交易快照
30214802,925090000,CDNL,27.43,1,2018/1/11,20170103CDLG000210052760,B024-TXN-00011,已成交,用户提供的历史交易快照
30006343,915030400,CDNL,3.98,2,2018/1/12,20170103CDLG000210052760,B024-TXN-00012,已成交,用户提供的历史交易快照
30214814,925090000,CDNL,33.43,2,2018/1/13,20170103CDLG000210052760,B024-TXN-00013,已成交,用户提供的历史交易快照
30031870,915030401,CDNL,8.17,2,2018/1/14,20170103CDLG000210052760,B024-TXN-00014,已成交,用户提供的历史交易快照
29989059,922000003,CDNL,1.98,2,2018/1/15,20170103CDLG000210052760,B024-TXN-00015,已成交,用户提供的历史交易快照
30077387,930000204,CDNL,18.52,1,2018/1/16,20170103CDLG000210052761,B024-TXN-00016,已成交,用户提供的历史交易快照
30008381,912060301,CDNL,19.44,0,2018/1/17,20170103CDLG000210052761,B024-TXN-00017,已成交,用户提供的历史交易快照
29989153,923000006,CDNL,7.6,1,2018/1/18,20170103CDLG000210052761,B024-TXN-00018,已成交,用户提供的历史交易快照
30008276,911010501,CDNL,15.43,0,2018/1/19,20170103CDLG000210052761,B024-TXN-00019,已成交,用户提供的历史交易快照
29991814,930000204,CDNL,19.52,1,2018/1/20,20170103CDLG000210052761,B024-TXN-00020,已成交,用户提供的历史交易快照
30022232,960000000,CDNL,0.3,1,2018/1/21,20170103CDLG000210052761,B024-TXN-00021,已成交,用户提供的历史交易快照
30008274,911010501,CDNL,27.21,1,2018/1/22,20170103CDLG000210052761,B024-TXN-00022,已成交,用户提供的历史交易快照
30026255,915030104,CDNL,3.32,3,2018/1/23,20170103CDLG000210052762,B024-TXN-00023,已成交,用户提供的历史交易快照
30133582,914050000,CDNL,1.5,1,2018/1/24,20170103CDLG000210052763,B024-TXN-00024,已成交,用户提供的历史交易快照
30133582,914050000,CDNL,1.5,1,2018/1/25,20170103CDLG000210052763,B024-TXN-00025,已成交,用户提供的历史交易快照
30133582,914050000,CDNL,1.5,1,2018/1/26,20170103CDLG000210052763,B024-TXN-00026,已成交,用户提供的历史交易快照
30023041,923000006,CDNL,3.2,1,2018/1/27,20170103CDLG000210052764,B024-TXN-00027,已成交,用户提供的历史交易快照
29989099,922000008,CDNL,1.58,1,2018/1/28,20170103CDLG000210052764,B024-TXN-00028,已成交,用户提供的历史交易快照
29989098,922000001,CDNL,2.8,0,2018/1/29,20170103CDLG000210052765,B024-TXN-00029,已成交,用户提供的历史交易快照
29989077,922000008,CDNL,11.59,1,2018/1/30,20170103CDLG000210052765,B024-TXN-00030,已成交,用户提供的历史交易快照
30096418,912060403,CDNL,19.41,0,2018/1/1,20170103CDLG000210052765,B024-TXN-00031,已成交,用户提供的历史交易快照
30188224,932010109,CDNL,2.5,1,2018/1/1,20170103CDLG000210052765,B024-TXN-00032,已成交,用户提供的历史交易快照
30007658,910020000,CDNL,0.8,1,2018/1/2,20170103CDLG000210052766,B024-TXN-00033,已成交,用户提供的历史交易快照
30056637,910020302,CDNL,2.62,1,2018/1/3,20170103CDLG000210052766,B024-TXN-00034,已成交,用户提供的历史交易快照
30008217,911010300,CDNL,7.52,1,2018/1/4,20170103CDLG000210052767,B024-TXN-00035,已成交,用户提供的历史交易快照
30020052,923000002,CDNL,6.2,1,2018/1/5,20170103CDLG000210052767,B024-TXN-00036,已成交,用户提供的历史交易快照
29989059,922000003,CDNL,1.98,1,2018/1/6,20170103CDLG000210052767,B024-TXN-00037,已成交,用户提供的历史交易快照
30096418,912060403,CDNL,19.42,2,2018/1/7,20170103CDLG000210052768,B024-TXN-00038,已成交,用户提供的历史交易快照
30165986,914000002,CDNL,9.52,1,2018/1/8,20170103CDLG000210052768,B024-TXN-00039,已成交,用户提供的历史交易快照
30023041,923000006,CDNL,3.2,1,2018/1/9,20170103CDLG000210052769,B024-TXN-00040,已成交,用户提供的历史交易快照
30002974,913020003,CDNL,23.62,1,2018/1/10,20170103CDLG000210052769,B024-TXN-00041,已成交,用户提供的历史交易快照
29989059,922000003,CDNL,1.98,1,2018/1/11,20170103CDLG000210052770,B024-TXN-00042,已成交,用户提供的历史交易快照
29989059,922000003,CDNL,1.98,1,2018/1/12,20170103CDLG000210052770,B024-TXN-00043,已成交,用户提供的历史交易快照
29989059,922000003,CDNL,1.98,1,2018/1/13,20170103CDLG000210052770,B024-TXN-00044,已成交,用户提供的历史交易快照
29989059,922000003,CDNL,1.98,2,2018/1/14,20170103CDLG000210052770,B024-TXN-00045,已成交,用户提供的历史交易快照
29989059,922000003,CDNL,1.98,1,2018/1/15,20170103CDLG000210052771,B024-TXN-00046,已成交,用户提供的历史交易快照
29989059,922000003,CDNL,1.98,2,2018/1/16,20170103CDLG000210052771,B024-TXN-00047,已成交,用户提供的历史交易快照
30020145,915030104,CDNL,4.16,3,2018/1/17,20170103CDLG000210052772,B024-TXN-00048,已成交,用户提供的历史交易快照
30020055,923000002,CDNL,9.6,1,2018/1/18,20170103CDLG000210052773,B024-TXN-00049,已成交,用户提供的历史交易快照
29989077,922000008,CDNL,11.61,0,2018/1/19,20170103CDLG000210052773,B024-TXN-00050,已成交,用户提供的历史交易快照
29989059,922000003,CDNL,1.98,2,2018/1/20,20170103CDLG000210052773,B024-TXN-00051,已成交,用户提供的历史交易快照
29989143,923000001,CDNL,5.0,2,2018/1/21,20170103CDLG000210052773,B024-TXN-00052,已成交,用户提供的历史交易快照
30006039,915010001,CDNL,11.58,1,2018/1/22,20170103CDLG000210052774,B024-TXN-00053,已成交,用户提供的历史交易快照
29989059,922000003,CDNL,1.98,2,2018/1/23,20170103CDLG000210052775,B024-TXN-00054,已成交,用户提供的历史交易快照
29989613,922000005,CDNL,2.8,1,2018/1/24,20170103CDLG000210052776,B024-TXN-00055,已成交,用户提供的历史交易快照
29989156,923000000,CDNL,10.79,1,2018/1/25,20170103CDLG000210052777,B024-TXN-00056,已成交,用户提供的历史交易快照
30020265,923010000,CDNL,29.4,1,2018/1/26,20170103CDLG000210052777,B024-TXN-00057,已成交,用户提供的历史交易快照
30023041,923000006,CDNL,3.2,1,2018/1/27,20170103CDLG000210052777,B024-TXN-00058,已成交,用户提供的历史交易快照
29989081,922000000,CDNL,8.17,0,2018/1/28,20170103CDLG000210052777,B024-TXN-00059,已成交,用户提供的历史交易快照
29989143,923000001,CDNL,5.0,1,2018/1/29,20170103CDLG000210052777,B024-TXN-00060,已成交,用户提供的历史交易快照
30023041,923000006,CDNL,3.2,2,2018/1/30,20170103CDLG000210052778,B024-TXN-00061,已成交,用户提供的历史交易快照
30118305,930040104,CDNL,19.52,1,2018/1/1,20170103CDLG000210052780,B024-TXN-00062,已成交,用户提供的历史交易快照
30199833,930040000,CDNL,9.52,1,2018/1/1,20170103CDLG000210052780,B024-TXN-00063,已成交,用户提供的历史交易快照
30205064,930040200,CDNL,29.52,1,2018/1/2,20170103CDLG000210052780,B024-TXN-00064,已成交,用户提供的历史交易快照
30020693,930040104,CDNL,22.52,1,2018/1/3,20170103CDLG000210052780,B024-TXN-00065,已成交,用户提供的历史交易快照
30020693,930040104,CDNL,22.52,1,2018/1/4,20170103CDLG000210052780,B024-TXN-00066,已成交,用户提供的历史交易快照
30167702,930040000,CDNL,5.52,1,2018/1/5,20170103CDLG000210052780,B024-TXN-00067,已成交,用户提供的历史交易快照
30176919,930040000,CDNL,18.42,1,2018/1/6,20170103CDLG000210052780,B024-TXN-00068,已成交,用户提供的历史交易快照
29989059,922000003,CDNL,1.98,1,2018/1/7,20170103CDLG000210052780,B024-TXN-00069,已成交,用户提供的历史交易快照
29989059,922000003,CDNL,1.98,1,2018/1/8,20170103CDLG000210052780,B024-TXN-00070,已成交,用户提供的历史交易快照
30075540,930040200,CDNL,29.52,1,2018/1/9,20170103CDLG000210052780,B024-TXN-00071,已成交,用户提供的历史交易快照
30075540,930040200,CDNL,29.52,1,2018/1/10,20170103CDLG000210052780,B024-TXN-00072,已成交,用户提供的历史交易快照
29989105,922000000,CDNL,2.8,1,2018/1/11,20170103CDLG000210052781,B024-TXN-00073,已成交,用户提供的历史交易快照
29989058,922000001,CDNL,1.98,2,2018/1/12,20170103CDLG000210052781,B024-TXN-00074,已成交,用户提供的历史交易快照
30020249,923000002,CDNL,1.98,1,2018/1/13,20170103CDLG000210052782,B024-TXN-00075,已成交,用户提供的历史交易快照
30023187,922000003,CDNL,3.2,0,2018/1/14,20170103CDLG000210052782,B024-TXN-00076,已成交,用户提供的历史交易快照
30113344,912060303,CDNL,13.43,1,2018/1/15,20170103CDLG000210052782,B024-TXN-00077,已成交,用户提供的历史交易快照
29989059,922000003,CDNL,1.98,1,2018/1/16,20170103CDLG000210052782,B024-TXN-00078,已成交,用户提供的历史交易快照
29989059,922000003,CDNL,1.98,1,2018/1/17,20170103CDLG000210052783,B024-TXN-00079,已成交,用户提供的历史交易快照
29989540,924020000,CDNL,11.58,0,2018/1/18,20170103CDLG000210052784,B024-TXN-00080,已成交,用户提供的历史交易快照
29989077,922000008,CDNL,11.58,0,2018/1/19,20170103CDLG000210052784,B024-TXN-00081,已成交,用户提供的历史交易快照
30113344,912060303,CDNL,13.41,1,2018/1/20,20170103CDLG000210052784,B024-TXN-00082,已成交,用户提供的历史交易快照
29989061,922000000,CDNL,5.6,2,2018/1/21,20170103CDLG000210052786,B024-TXN-00083,已成交,用户提供的历史交易快照
29989059,922000003,CDNL,1.98,1,2018/1/22,20170103CDLG000210052786,B024-TXN-00084,已成交,用户提供的历史交易快照
29989059,922000003,CDNL,1.98,1,2018/1/23,20170103CDLG000210052786,B024-TXN-00085,已成交,用户提供的历史交易快照
29989059,922000003,CDNL,1.98,2,2018/1/24,20170103CDLG000210052786,B024-TXN-00086,已成交,用户提供的历史交易快照
29989059,922000003,CDNL,1.98,2,2018/1/25,20170103CDLG000210052786,B024-TXN-00087,已成交,用户提供的历史交易快照
30128249,912020100,CDNL,3.32,1,2018/1/26,20170103CDLG000210052787,B024-TXN-00088,已成交,用户提供的历史交易快照
30128249,912020100,CDNL,3.32,1,2018/1/27,20170103CDLG000210052787,B024-TXN-00089,已成交,用户提供的历史交易快照
30126246,910010500,CDNL,13.62,1,2018/1/28,20170103CDLG000210052787,B024-TXN-00090,已成交,用户提供的历史交易快照
30023177,922000103,CDNL,6.2,0,2018/1/29,20170103CDLG000210052787,B024-TXN-00091,已成交,用户提供的历史交易快照
30126250,910010500,CDNL,13.62,1,2018/1/30,20170103CDLG000210052787,B024-TXN-00092,已成交,用户提供的历史交易快照
30007799,910030000,CDNL,8.62,1,2018/1/1,20170103CDLG000210052787,B024-TXN-00093,已成交,用户提供的历史交易快照
30022232,960000000,CDNL,0.3,1,2018/1/1,20170103CDLG000210052787,B024-TXN-00094,已成交,用户提供的历史交易快照
30017275,911000100,CDNL,13.42,1,2018/1/2,20170103CDLG000210052787,B024-TXN-00095,已成交,用户提供的历史交易快照
30020252,923000002,CDNL,11.6,1,2018/1/3,20170103CDLG000210052787,B024-TXN-00096,已成交,用户提供的历史交易快照
30023197,922000003,CDNL,6.79,0,2018/1/4,20170103CDLG000210052787,B024-TXN-00097,已成交,用户提供的历史交易快照
30156417,912020104,CDNL,8.32,1,2018/1/5,20170103CDLG000210052787,B024-TXN-00098,已成交,用户提供的历史交易快照
30203546,912020104,CDNL,8.32,1,2018/1/6,20170103CDLG000210052787,B024-TXN-00099,已成交,用户提供的历史交易快照
30006263,914100001,CDNL,5.52,1,2018/1/7,20170103CDLG000210052788,B024-TXN-00100,已成交,用户提供的历史交易快照
30006231,914100000,CDNL,5.52,1,2018/1/8,20170103CDLG000210052788,B024-TXN-00101,已成交,用户提供的历史交易快照
30119171,915030306,CDNL,10.62,1,2018/1/9,20170103CDLG000210052788,B024-TXN-00102,已成交,用户提供的历史交易快照
29989540,924020000,CDNL,11.6,0,2018/1/10,20170103CDLG000210052789,B024-TXN-00103,已成交,用户提供的历史交易快照
30023192,922000000,CDNL,9.62,0,2018/1/11,20170103CDLG000210052789,B024-TXN-00104,已成交,用户提供的历史交易快照
30023195,922000001,CDNL,1.98,0,2018/1/12,20170103CDLG000210052789,B024-TXN-00105,已成交,用户提供的历史交易快照
30012622,912030001,CDNL,3.32,1,2018/1/13,20170103CDLG000210052789,B024-TXN-00106,已成交,用户提供的历史交易快照
30006206,915000003,CDNL,25.22,0,2018/1/14,20170103CDLG000210052790,B024-TXN-00107,已成交,用户提供的历史交易快照
30031870,915030401,CDNL,6.58,1,2018/1/15,20170103CDLG000210052790,B024-TXN-00108,已成交,用户提供的历史交易快照
30031870,915030401,CDNL,6.58,3,2018/1/16,20170103CDLG000210052791,B024-TXN-00109,已成交,用户提供的历史交易快照
30120695,914110004,CDNL,6.12,1,2018/1/17,20170103CDLG000210052792,B024-TXN-00110,已成交,用户提供的历史交易快照
30200518,922000000,CDNL,19.62,0,2018/1/18,20170103CDLG000210052792,B024-TXN-00111,已成交,用户提供的历史交易快照
29989152,923000001,CDNL,5.6,1,2018/1/19,20170103CDLG000210052792,B024-TXN-00112,已成交,用户提供的历史交易快照
29989153,923000006,CDNL,7.6,1,2018/1/20,20170103CDLG000210052792,B024-TXN-00113,已成交,用户提供的历史交易快照
30022232,960000000,CDNL,0.3,1,2018/1/21,20170103CDLG000210052792,B024-TXN-00114,已成交,用户提供的历史交易快照
30002234,912060006,CDNL,19.22,0,2018/1/22,20170103CDLG000210052792,B024-TXN-00115,已成交,用户提供的历史交易快照
30002263,912060008,CDNL,26.78,0,2018/1/23,20170103CDLG000210052792,B024-TXN-00116,已成交,用户提供的历史交易快照
30040629,922000005,CDNL,15.6,0,2018/1/24,20170103CDLG000210052792,B024-TXN-00117,已成交,用户提供的历史交易快照
30023194,922000008,CDNL,13.59,0,2018/1/25,20170103CDLG000210052793,B024-TXN-00118,已成交,用户提供的历史交易快照
29989105,922000000,CDNL,2.8,1,2018/1/26,20170103CDLG000210052793,B024-TXN-00119,已成交,用户提供的历史交易快照
29989152,923000001,CDNL,5.6,1,2018/1/27,20170103CDLG000210052793,B024-TXN-00120,已成交,用户提供的历史交易快照
30008276,911010501,CDNL,15.41,1,2018/1/28,20170103CDLG000210052793,B024-TXN-00121,已成交,用户提供的历史交易快照
30023175,922000103,CDNL,5.6,1,2018/1/29,20170103CDLG000210052793,B024-TXN-00122,已成交,用户提供的历史交易快照
29989057,922000001,CDNL,2.38,0,2018/1/30,20170103CDLG000210052793,B024-TXN-00123,已成交,用户提供的历史交易快照
29989073,922000002,CDNL,4.8,1,2018/1/1,20170103CDLG000210052793,B024-TXN-00124,已成交,用户提供的历史交易快照
30022232,960000000,CDNL,0.3,1,2018/1/1,20170103CDLG000210052793,B024-TXN-00125,已成交,用户提供的历史交易快照
30203637,923000006,CDNL,3.2,1,2018/1/2,20170103CDLG000210052793,B024-TXN-00126,已成交,用户提供的历史交易快照
29989084,922000000,CDNL,13.57,0,2018/1/3,20170103CDLG000210052793,B024-TXN-00127,已成交,用户提供的历史交易快照
29989091,922000000,CDNL,4.2,1,2018/1/4,20170103CDLG000210052793,B024-TXN-00128,已成交,用户提供的历史交易快照
30020249,923000002,CDNL,1.98,1,2018/1/5,20170103CDLG000210052794,B024-TXN-00129,已成交,用户提供的历史交易快照
30184351,915000106,CDNL,15.57,1,2018/1/6,20170103CDLG000210052794,B024-TXN-00130,已成交,用户提供的历史交易快照
29989072,922000002,CDNL,0.78,2,2018/1/7,20170103CDLG000210052795,B024-TXN-00131,已成交,用户提供的历史交易快照
29989072,922000002,CDNL,0.78,1,2018/1/8,20170103CDLG000210052795,B024-TXN-00132,已成交,用户提供的历史交易快照
29989059,922000003,CDNL,1.98,1,2018/1/9,20170103CDLG000210052795,B024-TXN-00133,已成交,用户提供的历史交易快照
29989059,922000003,CDNL,1.98,2,2018/1/10,20170103CDLG000210052795,B024-TXN-00134,已成交,用户提供的历史交易快照
29989072,922000002,CDNL,0.78,1,2018/1/11,20170103CDLG000210052796,B024-TXN-00135,已成交,用户提供的历史交易快照
30006325,915030301,CDNL,6.78,1,2018/1/12,20170103CDLG000210052796,B024-TXN-00136,已成交,用户提供的历史交易快照
29989058,922000001,CDNL,1.98,2,2018/1/13,20170103CDLG000210052796,B024-TXN-00137,已成交,用户提供的历史交易快照
29989059,922000003,CDNL,1.98,1,2018/1/14,20170103CDLG000210052796,B024-TXN-00138,已成交,用户提供的历史交易快照
30006214,914110003,CDNL,1.9,5,2018/1/15,20170103CDLG000210052796,B024-TXN-00139,已成交,用户提供的历史交易快照
30026352,920000202,CDNL,5.22,0,2018/1/16,20170103CDLG000210052797,B024-TXN-00140,已成交,用户提供的历史交易快照
30023041,923000006,CDNL,3.2,1,2018/1/17,20170103CDLG000210052797,B024-TXN-00141,已成交,用户提供的历史交易快照
29989073,922000002,CDNL,4.8,0,2018/1/18,20170103CDLG000210052797,B024-TXN-00142,已成交,用户提供的历史交易快照
30006309,915000103,CDNL,4.78,0,2018/1/19,20170103CDLG000210052797,B024-TXN-00143,已成交,用户提供的历史交易快照
30020137,915030102,CDNL,5.58,2,2018/1/20,20170103CDLG000210052798,B024-TXN-00144,已成交,用户提供的历史交易快照
30023192,922000000,CDNL,9.62,0,2018/1/21,20170103CDLG000210052799,B024-TXN-00145,已成交,用户提供的历史交易快照
29989073,922000002,CDNL,4.8,0,2018/1/22,20170103CDLG000210052799,B024-TXN-00146,已成交,用户提供的历史交易快照
29989059,922000003,CDNL,1.98,1,2018/1/23,20170103CDLG000210052799,B024-TXN-00147,已成交,用户提供的历史交易快照
29989059,922000003,CDNL,1.98,1,2018/1/24,20170103CDLG000210052799,B024-TXN-00148,已成交,用户提供的历史交易快照
29989082,922000000,CDNL,8.78,0,2018/1/25,20170103CDLG000210052799,B024-TXN-00149,已成交,用户提供的历史交易快照
30023041,923000006,CDNL,3.2,1,2018/1/26,20170103CDLG000210052800,B024-TXN-00150,已成交,用户提供的历史交易快照
29989143,923000001,CDNL,5.0,2,2018/1/27,20170103CDLG000210052800,B024-TXN-00151,已成交,用户提供的历史交易快照
30139244,930020502,CDNL,14.52,1,2018/1/28,20170103CDLG000210052801,B024-TXN-00152,已成交,用户提供的历史交易快照
29989105,922000000,CDNL,2.8,1,2018/1/29,20170103CDLG000210052802,B024-TXN-00153,已成交,用户提供的历史交易快照
29989105,922000000,CDNL,2.8,1,2018/1/30,20170103CDLG000210052802,B024-TXN-00154,已成交,用户提供的历史交易快照
29989105,922000000,CDNL,2.8,2,2018/1/1,20170103CDLG000210052802,B024-TXN-00155,已成交,用户提供的历史交易快照
29989058,922000001,CDNL,1.98,2,2018/1/1,20170103CDLG000210052802,B024-TXN-00156,已成交,用户提供的历史交易快照
29989058,922000001,CDNL,1.98,2,2018/1/2,20170103CDLG000210052802,B024-TXN-00157,已成交,用户提供的历史交易快照
29989059,922000003,CDNL,1.98,1,2018/1/3,20170103CDLG000210052802,B024-TXN-00158,已成交,用户提供的历史交易快照
29989059,922000003,CDNL,1.98,1,2018/1/4,20170103CDLG000210052802,B024-TXN-00159,已成交,用户提供的历史交易快照
29989059,922000003,CDNL,1.98,2,2018/1/5,20170103CDLG000210052802,B024-TXN-00160,已成交,用户提供的历史交易快照
29989059,922000003,CDNL,1.98,2,2018/1/6,20170103CDLG000210052802,B024-TXN-00161,已成交,用户提供的历史交易快照
30023041,923000006,CDNL,3.2,1,2018/1/7,20170103CDLG000210052803,B024-TXN-00162,已成交,用户提供的历史交易快照
30064703,914000001,CDNL,9.52,1,2018/1/8,20170103CDLG000210052803,B024-TXN-00163,已成交,用户提供的历史交易快照
30070919,914000003,CDNL,15.52,1,2018/1/9,20170103CDLG000210052803,B024-TXN-00164,已成交,用户提供的历史交易快照
29989059,922000003,CDNL,1.98,1,2018/1/10,20170103CDLG000210052803,B024-TXN-00165,已成交,用户提供的历史交易快照
29989071,922000002,CDNL,3.4,1,2018/1/11,20170103CDLG000210052803,B024-TXN-00166,已成交,用户提供的历史交易快照
29989072,922000002,CDNL,0.78,1,2018/1/12,20170103CDLG000210052804,B024-TXN-00167,已成交,用户提供的历史交易快照
30020249,923000002,CDNL,1.98,1,2018/1/13,20170103CDLG000210052804,B024-TXN-00168,已成交,用户提供的历史交易快照
30113344,912060303,CDNL,13.43,0,2018/1/14,20170103CDLG000210052804,B024-TXN-00169,已成交,用户提供的历史交易快照
29989059,922000003,CDNL,3.98,1,2018/1/15,20170103CDLG000210052805,B024-TXN-00170,已成交,用户提供的历史交易快照
30008948,911000100,CDNL,10.42,1,2018/1/16,20170103CDLG000210052806,B024-TXN-00171,已成交,用户提供的历史交易快照
30122591,912020100,CDNL,4.92,1,2018/1/17,20170103CDLG000210052806,B024-TXN-00172,已成交,用户提供的历史交易快照
30096418,912060403,CDNL,19.41,0,2018/1/18,20170103CDLG000210052806,B024-TXN-00173,已成交,用户提供的历史交易快照
30040959,914050000,CDNL,2.2,2,2018/1/19,20170103CDLG000210052806,B024-TXN-00174,已成交,用户提供的历史交易快照
30059981,911000100,CDNL,10.62,1,2018/1/20,20170103CDLG000210052806,B024-TXN-00175,已成交,用户提供的历史交易快照
30092224,912060303,CDNL,31.21,0,2018/1/21,20170103CDLG000210052806,B024-TXN-00176,已成交,用户提供的历史交易快照
30135343,931060000,CDNL,13.52,1,2018/1/22,20170103CDLG000210052806,B024-TXN-00177,已成交,用户提供的历史交易快照
30007554,910020202,CDNL,2.82,1,2018/1/23,20170103CDLG000210052807,B024-TXN-00178,已成交,用户提供的历史交易快照
30214800,925090000,CDNL,25.46,0,2018/1/24,20170103CDLG000210052808,B024-TXN-00179,已成交,用户提供的历史交易快照
29989077,922000008,CDNL,11.59,0,2018/1/25,20170103CDLG000210052808,B024-TXN-00180,已成交,用户提供的历史交易快照
29989059,922000003,CDNL,3.98,0,2018/1/26,20170103CDLG000210052808,B024-TXN-00181,已成交,用户提供的历史交易快照
29989059,922000003,CDNL,3.98,1,2018/1/27,20170103CDLG000210052808,B024-TXN-00182,已成交,用户提供的历史交易快照
30042756,938030000,CDNL,3.52,2,2018/1/28,20170103CDLG000210052809,B024-TXN-00183,已成交,用户提供的历史交易快照
29989077,922000008,CDNL,11.61,0,2018/1/29,20170103CDLG000210052809,B024-TXN-00184,已成交,用户提供的历史交易快照
29989059,922000003,CDNL,3.98,1,2018/1/30,20170103CDLG000210052809,B024-TXN-00185,已成交,用户提供的历史交易快照
29989059,922000003,CDNL,3.98,1,2018/1/1,20170103CDLG000210052809,B024-TXN-00186,已成交,用户提供的历史交易快照
29989172,923000002,CDNL,9.6,1,2018/1/1,20170103CDLG000210052809,B024-TXN-00187,已成交,用户提供的历史交易快照
29989072,922000002,CDNL,0.78,1,2018/1/1,20170103CDLG000210052810,B024-TXN-00188,已成交,用户提供的历史交易快照
30031936,912060400,CDNL,13.41,1,2018/1/2,20170103CDLG000210052810,B024-TXN-00189,已成交,用户提供的历史交易快照
30102549,930010005,CDNL,7.52,1,2018/1/3,20170103CDLG000210052811,B024-TXN-00190,已成交,用户提供的历史交易快照
30115568,930020001,CDNL,8.52,1,2018/1/4,20170103CDLG000210052811,B024-TXN-00191,已成交,用户提供的历史交易快照
29989172,923000002,CDNL,9.6,1,2018/1/5,20170103CDLG000210052811,B024-TXN-00192,已成交,用户提供的历史交易快照
30005217,914050000,CDNL,1.5,1,2018/1/6,20170103CDLG000210052812,B024-TXN-00193,已成交,用户提供的历史交易快照
30008643,912030500,CDNL,8.82,1,2018/1/7,20170103CDLG000210052812,B024-TXN-00194,已成交,用户提供的历史交易快照
30004013,914050002,CDNL,2.92,1,2018/1/8,20170103CDLG000210052812,B024-TXN-00195,已成交,用户提供的历史交易快照
30051830,910030001,CDNL,5.29,7,2018/1/9,20170103CDLG000210052813,B024-TXN-00196,已成交,用户提供的历史交易快照
30092224,912060303,CDNL,31.24,1,2018/1/10,20170103CDLG000210052813,B024-TXN-00197,已成交,用户提供的历史交易快照
29989157,923000000,CDNL,5.6,1,2018/1/11,20170103CDLG000210052814,B024-TXN-00198,已成交,用户提供的历史交易快照
30020281,923000101,CDNL,9.6,1,2018/1/12,20170103CDLG000210052814,B024-TXN-00199,已成交,用户提供的历史交易快照
30214313,930020502,CDNL,8.52,1,2018/1/13,20170103CDLG000210052816,B024-TXN-00200,已成交,用户提供的历史交易快照
30113909,930020001,CDNL,9.52,1,2018/1/14,20170103CDLG000210052816,B024-TXN-00201,已成交,用户提供的历史交易快照
30096418,912060403,CDNL,19.41,0,2018/1/15,20170103CDLG000210052817,B024-TXN-00202,已成交,用户提供的历史交易快照
30113344,912060303,CDNL,13.4,0,2018/1/16,20170103CDLG000210052817,B024-TXN-00203,已成交,用户提供的历史交易快照
30092224,912060303,CDNL,31.1,0,2018/1/17,20170103CDLG000210052817,B024-TXN-00204,已成交,用户提供的历史交易快照
30020055,923000002,CDNL,9.6,1,2018/1/18,20170103CDLG000210052818,B024-TXN-00205,已成交,用户提供的历史交易快照
30180988,911000100,CDNL,11.62,1,2018/1/19,20170103CDLG000210052818,B024-TXN-00206,已成交,用户提供的历史交易快照
30008229,911010400,CDNL,6.52,1,2018/1/20,20170103CDLG000210052819,B024-TXN-00207,已成交,用户提供的历史交易快照
30008230,911010400,CDNL,6.52,1,2018/1/21,20170103CDLG000210052819,B024-TXN-00208,已成交,用户提供的历史交易快照
30022233,960000000,CDNL,0.2,1,2018/1/22,20170103CDLG000210052820,B024-TXN-00209,已成交,用户提供的历史交易快照
30001975,912030001,CDNL,3.32,1,2018/1/23,20170103CDLG000210052821,B024-TXN-00210,已成交,用户提供的历史交易快照
30001973,912030001,CDNL,3.32,1,2018/1/24,20170103CDLG000210052821,B024-TXN-00211,已成交,用户提供的历史交易快照
30001918,912030007,CDNL,3.32,1,2018/1/25,20170103CDLG000210052821,B024-TXN-00212,已成交,用户提供的历史交易快照
30129510,925090000,CDNL,23.23,1,2018/1/26,20170103CDLG000210052822,B024-TXN-00213,已成交,用户提供的历史交易快照
29989063,922000000,CDNL,6.8,0,2018/1/27,20170103CDLG000210052822,B024-TXN-00214,已成交,用户提供的历史交易快照
29989083,922000000,CDNL,4.2,0,2018/1/28,20170103CDLG000210052822,B024-TXN-00215,已成交,用户提供的历史交易快照
30010587,914070201,CDNL,4.12,1,2018/1/29,20170103CDLG000210052822,B024-TXN-00216,已成交,用户提供的历史交易快照
30020100,915030300,CDNL,12.36,0,2018/1/30,20170103CDLG000210052822,B024-TXN-00217,已成交,用户提供的历史交易快照
30166774,931000003,CDNL,8.12,1,2018/1/1,20170103CDLG000210052822,B024-TXN-00218,已成交,用户提供的历史交易快照
29989540,924020000,CDNL,11.57,0,2018/1/1,20170103CDLG000210052823,B024-TXN-00219,已成交,用户提供的历史交易快照
30163281,914010000,CDNL,2.0,1,2018/1/2,20170103CDLG000210052823,B024-TXN-00220,已成交,用户提供的历史交易快照
30050565,911000000,CDNL,6.52,1,2018/1/3,20170103CDLG000210052823,B024-TXN-00221,已成交,用户提供的历史交易快照
29989073,922000002,CDNL,4.8,0,2018/1/4,20170103CDLG000210052823,B024-TXN-00222,已成交,用户提供的历史交易快照
30073664,912060303,CDNL,27.17,0,2018/1/5,20170103CDLG000210052823,B024-TXN-00223,已成交,用户提供的历史交易快照
29989061,922000000,CDNL,5.57,0,2018/1/6,20170103CDLG000210052823,B024-TXN-00224,已成交,用户提供的历史交易快照
30020103,915030301,CDNL,9.6,1,2018/1/7,20170103CDLG000210052823,B024-TXN-00225,已成交,用户提供的历史交易快照
30023187,922000003,CDNL,3.2,0,2018/1/8,20170103CDLG000210052824,B024-TXN-00226,已成交,用户提供的历史交易快照
30057847,930010003,CDNL,10.52,1,2018/1/9,20170103CDLG000210052825,B024-TXN-00227,已成交,用户提供的历史交易快照
30059269,914040302,CDNL,9.72,1,2018/1/10,20170103CDLG000210052825,B024-TXN-00228,已成交,用户提供的历史交易快照
30111382,914020100,CDNL,9.32,1,2018/1/11,20170103CDLG000210052825,B024-TXN-00229,已成交,用户提供的历史交易快照
30010658,914000504,CDNL,12.92,1,2018/1/12,20170103CDLG000210052825,B024-TXN-00230,已成交,用户提供的历史交易快照
30027416,914040001,CDNL,6.62,1,2018/1/13,20170103CDLG000210052825,B024-TXN-00231,已成交,用户提供的历史交易快照
30022232,960000000,CDNL,0.3,1,2018/1/14,20170103CDLG000210052826,B024-TXN-00232,已成交,用户提供的历史交易快照
30031738,915030101,CDNL,4.92,3,2018/1/15,20170103CDLG000210052827,B024-TXN-00233,已成交,用户提供的历史交易快照
29989082,922000000,CDNL,8.81,0,2018/1/16,20170103CDLG000210052827,B024-TXN-00234,已成交,用户提供的历史交易快照
29989064,922000000,CDNL,9.58,0,2018/1/17,20170103CDLG000210052828,B024-TXN-00235,已成交,用户提供的历史交易快照
30209977,938030000,CDNL,6.42,1,2018/1/18,20170103CDLG000210052828,B024-TXN-00236,已成交,用户提供的历史交易快照
30022232,960000000,CDNL,0.3,1,2018/1/19,20170103CDLG000210052828,B024-TXN-00237,已成交,用户提供的历史交易快照
30167706,930040000,CDNL,7.52,1,2018/1/20,20170103CDLG000210052828,B024-TXN-00238,已成交,用户提供的历史交易快照
29989056,922000001,CDNL,5.6,1,2018/1/21,20170103CDLG000210052828,B024-TXN-00239,已成交,用户提供的历史交易快照
30006040,915010000,CDNL,9.58,1,2018/1/22,20170103CDLG000210052828,B024-TXN-00240,已成交,用户提供的历史交易快照
30022233,960000000,CDNL,0.2,1,2018/1/23,20170103CDLG000210052829,B024-TXN-00241,已成交,用户提供的历史交易快照
30004032,914040204,CDNL,4.12,2,2018/1/24,20170103CDLG000210052829,B024-TXN-00242,已成交,用户提供的历史交易快照
30006351,914100000,CDNL,12.32,1,2018/1/25,20170103CDLG000210052830,B024-TXN-00243,已成交,用户提供的历史交易快照
30203637,923000006,CDNL,3.2,2,2018/1/26,20170103CDLG000210052830,B024-TXN-00244,已成交,用户提供的历史交易快照
29989157,923000000,CDNL,5.6,1,2018/1/27,20170103CDLG000210052830,B024-TXN-00245,已成交,用户提供的历史交易快照
30208136,931000200,CDNL,4.52,1,2018/1/28,20170103CDLG000210052831,B024-TXN-00246,已成交,用户提供的历史交易快照
30206322,931010101,CDNL,7.52,1,2018/1/29,20170103CDLG000210052831,B024-TXN-00247,已成交,用户提供的历史交易快照
30206322,931010101,CDNL,7.52,1,2018/1/30,20170103CDLG000210052831,B024-TXN-00248,已成交,用户提供的历史交易快照
30010033,911000000,CDNL,4.12,1,2018/1/1,20170103CDLG000210052832,B024-TXN-00249,已成交,用户提供的历史交易快照
30022233,960000000,CDNL,0.2,1,2018/1/1,20170103CDLG000210052833,B024-TXN-00250,已成交,用户提供的历史交易快照
29991391,930020104,CDNL,7.92,1,2018/1/2,20170103CDLG000210052833,B024-TXN-00251,已成交,用户提供的历史交易快照
30006343,915030400,CDNL,3.98,0,2018/1/3,20170103CDLG000210052833,B024-TXN-00252,已成交,用户提供的历史交易快照
30130581,914050008,CDNL,3.72,1,2018/1/4,20170103CDLG000210052833,B024-TXN-00253,已成交,用户提供的历史交易快照
30126993,914050002,CDNL,1.5,1,2018/1/5,20170103CDLG000210052833,B024-TXN-00254,已成交,用户提供的历史交易快照
30126993,914050002,CDNL,1.5,1,2018/1/6,20170103CDLG000210052833,B024-TXN-00255,已成交,用户提供的历史交易快照
30003841,914010000,CDNL,9.02,1,2018/1/7,20170103CDLG000210052834,B024-TXN-00256,已成交,用户提供的历史交易快照
30023195,922000001,CDNL,1.98,1,2018/1/8,20170103CDLG000210052834,B024-TXN-00257,已成交,用户提供的历史交易快照
30118372,915030001,CDNL,52.62,1,2018/1/9,20170103CDLG000210052834,B024-TXN-00258,已成交,用户提供的历史交易快照
29989105,922000000,CDNL,2.8,2,2018/1/10,20170103CDLG000210052834,B024-TXN-00259,已成交,用户提供的历史交易快照
29989065,922000000,CDNL,21.64,0,2018/1/11,20170103CDLG000210052834,B024-TXN-00260,已成交,用户提供的历史交易快照
29989065,922000000,CDNL,21.55,0,2018/1/12,20170103CDLG000210052834,B024-TXN-00261,已成交,用户提供的历史交易快照
30022232,960000000,CDNL,0.3,1,2018/1/13,20170103CDLG000210052834,B024-TXN-00262,已成交,用户提供的历史交易快照
30004134,914010001,CDNL,24.52,1,2018/1/14,20170103CDLG000210052834,B024-TXN-00263,已成交,用户提供的历史交易快照
29989058,922000001,CDNL,1.98,2,2018/1/15,20170103CDLG000210052834,B024-TXN-00264,已成交,用户提供的历史交易快照
30005971,914090006,CDNL,75.52,1,2018/1/16,20170103CDLG000210052834,B024-TXN-00265,已成交,用户提供的历史交易快照
30006040,915010000,CDNL,9.58,1,2018/1/17,20170103CDLG000210052834,B024-TXN-00266,已成交,用户提供的历史交易快照
30013978,910020404,CDNL,4.82,1,2018/1/18,20170103CDLG000210052835,B024-TXN-00267,已成交,用户提供的历史交易快照
30013978,910020404,CDNL,4.82,1,2018/1/19,20170103CDLG000210052835,B024-TXN-00268,已成交,用户提供的历史交易快照
30010020,912500303,CDNL,14.62,1,2018/1/20,20170103CDLG000210052835,B024-TXN-00269,已成交,用户提供的历史交易快照
30010020,912500303,CDNL,14.62,1,2018/1/21,20170103CDLG000210052835,B024-TXN-00270,已成交,用户提供的历史交易快照
30022233,960000000,CDNL,0.2,1,2018/1/22,20170103CDLG000210052836,B024-TXN-00271,已成交,用户提供的历史交易快照
30158560,930040000,CDNL,16.52,1,2018/1/23,20170103CDLG000210052838,B024-TXN-00272,已成交,用户提供的历史交易快照
30001663,910020300,CDNL,2.0,2,2018/1/24,20170103CDLG000210052838,B024-TXN-00273,已成交,用户提供的历史交易快照
30022232,960000000,CDNL,0.3,1,2018/1/25,20170103CDLG000210052838,B024-TXN-00274,已成交,用户提供的历史交易快照
29989061,922000000,CDNL,5.61,0,2018/1/26,20170103CDLG000210052838,B024-TXN-00275,已成交,用户提供的历史交易快照
30059981,911000100,CDNL,10.62,1,2018/1/27,20170103CDLG000210052838,B024-TXN-00276,已成交,用户提供的历史交易快照
30059981,911000100,CDNL,10.62,1,2018/1/28,20170103CDLG000210052838,B024-TXN-00277,已成交,用户提供的历史交易快照
30210903,930010000,CDNL,16.52,1,2018/1/29,20170103CDLG000210052839,B024-TXN-00278,已成交,用户提供的历史交易快照
30007810,910030000,CDNL,1.35,19,2018/1/30,20170103CDLG000210052839,B024-TXN-00279,已成交,用户提供的历史交易快照
30008628,912040202,CDNL,14.52,1,2018/1/1,20170103CDLG000210052839,B024-TXN-00280,已成交,用户提供的历史交易快照
30169633,914080001,CDNL,9.52,1,2018/1/1,20170103CDLG000210052839,B024-TXN-00281,已成交,用户提供的历史交易快照
29989076,922000006,CDNL,3.58,1,2018/1/2,20170103CDLG000210052839,B024-TXN-00282,已成交,用户提供的历史交易快照
30003983,914000100,CDNL,5.52,1,2018/1/3,20170103CDLG000210052839,B024-TXN-00283,已成交,用户提供的历史交易快照
30008274,911010501,CDNL,27.22,1,2018/1/4,20170103CDLG000210052839,B024-TXN-00284,已成交,用户提供的历史交易快照
30020269,923000101,CDNL,7.6,1,2018/1/5,20170103CDLG000210052839,B024-TXN-00285,已成交,用户提供的历史交易快照
29989077,922000008,CDNL,11.61,0,2018/1/6,20170103CDLG000210052839,B024-TXN-00286,已成交,用户提供的历史交易快照
30020095,923000010,CDNL,7.6,1,2018/1/7,20170103CDLG000210052839,B024-TXN-00287,已成交,用户提供的历史交易快照
30164949,930020500,CDNL,20.52,1,2018/1/8,20170103CDLG000210052839,B024-TXN-00288,已成交,用户提供的历史交易快照
30188637,930020001,CDNL,13.52,2,2018/1/9,20170103CDLG000210052839,B024-TXN-00289,已成交,用户提供的历史交易快照
29989153,923000006,CDNL,7.6,1,2018/1/10,20170103CDLG000210052839,B024-TXN-00290,已成交,用户提供的历史交易快照
30012520,930020001,CDNL,14.52,1,2018/1/11,20170103CDLG000210052839,B024-TXN-00291,已成交,用户提供的历史交易快照
30031738,915030101,CDNL,4.92,3,2018/1/12,20170103CDLG000210052841,B024-TXN-00292,已成交,用户提供的历史交易快照
30031738,915030101,CDNL,4.92,2,2018/1/13,20170103CDLG000210052841,B024-TXN-00293,已成交,用户提供的历史交易快照
29989077,922000008,CDNL,11.6,0,2018/1/14,20170103CDLG000210052841,B024-TXN-00294,已成交,用户提供的历史交易快照
30037684,922000005,CDNL,11.59,0,2018/1/15,20170103CDLG000210052841,B024-TXN-00295,已成交,用户提供的历史交易快照
29989059,922000003,CDNL,3.98,1,2018/1/16,20170103CDLG000210052841,B024-TXN-00296,已成交,用户提供的历史交易快照
29989157,923000000,CDNL,5.6,2,2018/1/17,20170103CDLG000210052841,B024-TXN-00297,已成交,用户提供的历史交易快照
30006343,915030400,CDNL,3.98,1,2018/1/18,20170103CDLG000210052842,B024-TXN-00298,已成交,用户提供的历史交易快照
30214313,930020502,CDNL,8.52,1,2018/1/19,20170103CDLG000210052843,B024-TXN-00299,已成交,用户提供的历史交易快照
29998003,931020303,CDNL,6.92,1,2018/1/20,20170103CDLG000210052844,B024-TXN-00300,已成交,用户提供的历史交易快照
30100635,930010000,CDNL,22.52,1,2018/1/21,20170103CDLG000210052844,B024-TXN-00301,已成交,用户提供的历史交易快照
30121110,930020502,CDNL,20.52,1,2018/1/22,20170103CDLG000210052844,B024-TXN-00302,已成交,用户提供的历史交易快照
30143702,931060000,CDNL,9.52,1,2018/1/23,20170103CDLG000210052844,B024-TXN-00303,已成交,用户提供的历史交易快照
30162126,912060303,CDNL,51.24,1,2018/1/24,20170103CDLG000210052844,B024-TXN-00304,已成交,用户提供的历史交易快照
30138094,931060107,CDNL,11.52,1,2018/1/25,20170103CDLG000210052844,B024-TXN-00305,已成交,用户提供的历史交易快照
30150524,930020001,CDNL,20.52,1,2018/1/26,20170103CDLG000210052844,B024-TXN-00306,已成交,用户提供的历史交易快照
30208710,930000202,CDNL,11.52,1,2018/1/27,20170103CDLG000210052844,B024-TXN-00307,已成交,用户提供的历史交易快照
30004114,914000003,CDNL,11.62,1,2018/1/28,20170103CDLG000210052844,B024-TXN-00308,已成交,用户提供的历史交易快照
30102698,931080001,CDNL,18.12,1,2018/1/29,20170103CDLG000210052844,B024-TXN-00309,已成交,用户提供的历史交易快照
30166692,931070100,CDNL,5.52,1,2018/1/30,20170103CDLG000210052844,B024-TXN-00310,已成交,用户提供的历史交易快照
30031671,930040200,CDNL,29.52,1,2018/1/1,20170103CDLG000210052845,B024-TXN-00311,已成交,用户提供的历史交易快照
30200755,931020105,CDNL,9.52,1,2018/1/1,20170103CDLG000210052846,B024-TXN-00312,已成交,用户提供的历史交易快照
30200755,931020105,CDNL,9.52,1,2018/1/1,20170103CDLG000210052846,B024-TXN-00313,已成交,用户提供的历史交易快照
30200755,931020105,CDNL,9.52,1,2018/1/2,20170103CDLG000210052846,B024-TXN-00314,已成交,用户提供的历史交易快照
30020269,923000101,CDNL,7.6,1,2018/1/3,20170103CDLG000210052847,B024-TXN-00315,已成交,用户提供的历史交易快照
30202566,930020001,CDNL,9.52,1,2018/1/4,20170103CDLG000210052847,B024-TXN-00316,已成交,用户提供的历史交易快照
30214313,930020502,CDNL,8.52,1,2018/1/5,20170103CDLG000210052847,B024-TXN-00317,已成交,用户提供的历史交易快照
30214313,930020502,CDNL,8.52,1,2018/1/6,20170103CDLG000210052847,B024-TXN-00318,已成交,用户提供的历史交易快照
30023197,922000003,CDNL,6.8,1,2018/1/7,20170103CDLG000210052847,B024-TXN-00319,已成交,用户提供的历史交易快照
30113344,912060303,CDNL,13.42,2,2018/1/8,20170103CDLG000210052848,B024-TXN-00320,已成交,用户提供的历史交易快照
30090097,930010000,CDNL,19.52,1,2018/1/9,20170103CDLG000210052849,B024-TXN-00321,已成交,用户提供的历史交易快照
30119297,930000201,CDNL,6.52,1,2018/1/10,20170103CDLG000210052850,B024-TXN-00322,已成交,用户提供的历史交易快照
30214313,930020502,CDNL,8.52,1,2018/1/11,20170103CDLG000210052851,B024-TXN-00323,已成交,用户提供的历史交易快照
30190910,910010400,CDNL,9.32,1,2018/1/12,20170103CDLG000210052852,B024-TXN-00324,已成交,用户提供的历史交易快照
29989098,922000001,CDNL,2.8,1,2018/1/13,20170103CDLG000210052853,B024-TXN-00325,已成交,用户提供的历史交易快照
29989073,922000002,CDNL,4.8,0,2018/1/14,20170103CDLG000210052853,B024-TXN-00326,已成交,用户提供的历史交易快照
30006040,915010000,CDNL,9.58,1,2018/1/15,20170103CDLG000210052853,B024-TXN-00327,已成交,用户提供的历史交易快照
29989072,922000002,CDNL,0.78,1,2018/1/16,20170103CDLG000210052854,B024-TXN-00328,已成交,用户提供的历史交易快照
29989072,922000002,CDNL,0.78,2,2018/1/17,20170103CDLG000210052854,B024-TXN-00329,已成交,用户提供的历史交易快照
29989149,923000004,CDNL,6.8,2,2018/1/18,20170103CDLG000210052855,B024-TXN-00330,已成交,用户提供的历史交易快照
29989157,923000000,CDNL,5.6,2,2018/1/19,20170103CDLG000210052855,B024-TXN-00331,已成交,用户提供的历史交易快照
30022232,960000000,CDNL,0.3,1,2018/1/20,20170103CDLG000210052856,B024-TXN-00332,已成交,用户提供的历史交易快照
30012847,914030001,CDNL,4.32,1,2018/1/21,20170103CDLG000210052857,B024-TXN-00333,已成交,用户提供的历史交易快照
29989098,922000001,CDNL,2.8,1,2018/1/22,20170103CDLG000210052859,B024-TXN-00334,已成交,用户提供的历史交易快照
30208715,930010102,CDNL,10.52,1,2018/1/23,20170103CDLG000210052859,B024-TXN-00335,已成交,用户提供的历史交易快照
29989099,922000008,CDNL,1.58,1,2018/1/24,20170103CDLG000210052859,B024-TXN-00336,已成交,用户提供的历史交易快照
29999803,930010102,CDNL,4.62,1,2018/1/25,20170103CDLG000210052859,B024-TXN-00337,已成交,用户提供的历史交易快照
30006039,915010001,CDNL,11.58,1,2018/1/26,20170103CDLG000210052859,B024-TXN-00338,已成交,用户提供的历史交易快照
30006039,915010001,CDNL,11.58,1,2018/1/27,20170103CDLG000210052859,B024-TXN-00339,已成交,用户提供的历史交易快照
30022974,915030404,CDNL,6.18,2,2018/1/28,20170103CDLG000210052860,B024-TXN-00340,已成交,用户提供的历史交易快照
30002244,912060008,CDNL,23.59,0,2018/1/29,20170103CDLG000210052860,B024-TXN-00341,已成交,用户提供的历史交易快照
30080069,914090002,CDNL,133.62,1,2018/1/30,20170103CDLG000210052862,B024-TXN-00342,已成交,用户提供的历史交易快照
29989058,922000001,CDNL,1.98,1,2018/1/1,20170103CDLG000210052863,B024-TXN-00343,已成交,用户提供的历史交易快照
29991199,930020102,CDNL,10.52,1,2018/1/1,20170103CDLG000210052864,B024-TXN-00344,已成交,用户提供的历史交易快照
29989077,922000008,CDNL,11.59,0,2018/1/2,20170103CDLG000210052864,B024-TXN-00345,已成交,用户提供的历史交易快照
30000880,930020101,CDNL,7.22,1,2018/1/3,20170103CDLG000210052864,B024-TXN-00346,已成交,用户提供的历史交易快照
30000880,930020101,CDNL,7.22,1,2018/1/4,20170103CDLG000210052864,B024-TXN-00347,已成交,用户提供的历史交易快照
30000880,930020101,CDNL,7.22,1,2018/1/5,20170103CDLG000210052864,B024-TXN-00348,已成交,用户提供的历史交易快照
29989059,922000003,CDNL,3.98,2,2018/1/6,20170103CDLG000210052864,B024-TXN-00349,已成交,用户提供的历史交易快照
30045601,912060301,CDNL,19.62,0,2018/1/7,20170103CDLG000210052865,B024-TXN-00350,已成交,用户提供的历史交易快照
30173849,920090000,CDNL,0.63,2,2018/1/8,20170103CDLG000210052865,B024-TXN-00351,已成交,用户提供的历史交易快照
30208513,912020201,CDNL,6.82,1,2018/1/9,20170103CDLG000210052866,B024-TXN-00352,已成交,用户提供的历史交易快照
30085820,931020102,CDNL,9.52,1,2018/1/10,20170103CDLG000210052867,B024-TXN-00353,已成交,用户提供的历史交易快照
30188638,930020001,CDNL,39.52,1,2018/1/11,20170103CDLG000210052867,B024-TXN-00354,已成交,用户提供的历史交易快照
30085815,931010103,CDNL,6.52,1,2018/1/12,20170103CDLG000210052867,B024-TXN-00355,已成交,用户提供的历史交易快照
30150530,930020500,CDNL,26.52,1,2018/1/13,20170103CDLG000210052867,B024-TXN-00356,已成交,用户提供的历史交易快照
30006331,915030304,CDNL,12.76,0,2018/1/14,20170103CDLG000210052868,B024-TXN-00357,已成交,用户提供的历史交易快照
30188638,930020001,CDNL,39.52,1,2018/1/15,20170103CDLG000210052868,B024-TXN-00358,已成交,用户提供的历史交易快照
30164949,930020500,CDNL,20.52,1,2018/1/16,20170103CDLG000210052868,B024-TXN-00359,已成交,用户提供的历史交易快照
30164949,930020500,CDNL,20.52,1,2018/1/17,20170103CDLG000210052868,B024-TXN-00360,已成交,用户提供的历史交易快照
30022232,960000000,CDNL,0.3,1,2018/1/18,20170103CDLG000210052868,B024-TXN-00361,已成交,用户提供的历史交易快照
30144187,912060303,CDNL,33.24,0,2018/1/19,20170103CDLG000210052868,B024-TXN-00362,已成交,用户提供的历史交易快照
30006040,915010000,CDNL,9.58,1,2018/1/20,20170103CDLG000210052868,B024-TXN-00363,已成交,用户提供的历史交易快照
30026119,915030401,CDNL,9.58,1,2018/1/21,20170103CDLG000210052868,B024-TXN-00364,已成交,用户提供的历史交易快照
30092203,915000103,CDNL,6.38,0,2018/1/22,20170103CDLG000210052868,B024-TXN-00365,已成交,用户提供的历史交易快照
30118705,912060301,CDNL,31.23,0,2018/1/23,20170103CDLG000210052868,B024-TXN-00366,已成交,用户提供的历史交易快照
29989077,922000008,CDNL,11.6,0,2018/1/24,20170103CDLG000210052869,B024-TXN-00367,已成交,用户提供的历史交易快照
30020249,923000002,CDNL,1.98,1,2018/1/25,20170103CDLG000210052870,B024-TXN-00368,已成交,用户提供的历史交易快照
30031113,923000006,CDNL,1.0,2,2018/1/26,20170103CDLG000210052870,B024-TXN-00369,已成交,用户提供的历史交易快照
29989057,922000001,CDNL,2.38,1,2018/1/27,20170103CDLG000210052871,B024-TXN-00370,已成交,用户提供的历史交易快照
30059981,911000100,CDNL,10.62,1,2018/1/28,20170103CDLG000210052871,B024-TXN-00371,已成交,用户提供的历史交易快照
30214804,925090000,CDNL,33.43,0,2018/1/29,20170103CDLG000210052871,B024-TXN-00372,已成交,用户提供的历史交易快照
30020249,923000002,CDNL,1.98,1,2018/1/30,20170103CDLG000210052872,B024-TXN-00373,已成交,用户提供的历史交易快照
30200397,914040300,CDNL,4.52,1,2018/1/1,20170103CDLG000210052873,B024-TXN-00374,已成交,用户提供的历史交易快照
30165692,931060122,CDNL,9.52,1,2018/1/1,20170103CDLG000210052873,B024-TXN-00375,已成交,用户提供的历史交易快照
30001313,931050202,CDNL,7.22,1,2018/1/2,20170103CDLG000210052873,B024-TXN-00376,已成交,用户提供的历史交易快照
29989156,923000000,CDNL,10.8,2,2018/1/3,20170103CDLG000210052875,B024-TXN-00377,已成交,用户提供的历史交易快照
30138006,914030001,CDNL,5.32,1,2018/1/4,20170103CDLG000210052875,B024-TXN-00378,已成交,用户提供的历史交易快照
30022233,960000000,CDNL,0.2,1,2018/1/5,20170103CDLG000210052875,B024-TXN-00379,已成交,用户提供的历史交易快照
30179537,915000106,CDNL,72.07,0,2018/1/6,20170103CDLG000210052875,B024-TXN-00380,已成交,用户提供的历史交易快照
30031870,915030401,CDNL,6.58,1,2018/1/7,20170103CDLG000210052876,B024-TXN-00381,已成交,用户提供的历史交易快照
29989077,922000008,CDNL,11.59,0,2018/1/8,20170103CDLG000210052878,B024-TXN-00382,已成交,用户提供的历史交易快照
29989136,923000006,CDNL,8.8,1,2018/1/9,20170103CDLG000210052878,B024-TXN-00383,已成交,用户提供的历史交易快照
30022232,960000000,CDNL,0.3,1,2018/1/10,20170103CDLG000210052878,B024-TXN-00384,已成交,用户提供的历史交易快照
30203637,923000006,CDNL,3.2,2,2018/1/11,20170103CDLG000210052878,B024-TXN-00385,已成交,用户提供的历史交易快照
29989098,922000001,CDNL,2.8,1,2018/1/12,20170103CDLG000210052878,B024-TXN-00386,已成交,用户提供的历史交易快照
29989059,922000003,CDNL,3.98,1,2018/1/13,20170103CDLG000210052878,B024-TXN-00387,已成交,用户提供的历史交易快照
29989157,923000000,CDNL,5.6,1,2018/1/14,20170103CDLG000210052878,B024-TXN-00388,已成交,用户提供的历史交易快照
30119882,912080000,CDNL,5.42,1,2018/1/15,20170103CDLG000210052880,B024-TXN-00389,已成交,用户提供的历史交易快照
30008276,911010501,CDNL,15.42,2,2018/1/16,20170103CDLG000210052880,B024-TXN-00390,已成交,用户提供的历史交易快照
29989143,923000001,CDNL,5.0,2,2018/1/17,20170103CDLG000210052880,B024-TXN-00391,已成交,用户提供的历史交易快照
30069905,915020001,CDNL,7.58,1,2018/1/18,20170103CDLG000210052881,B024-TXN-00392,已成交,用户提供的历史交易快照
30022232,960000000,CDNL,0.3,1,2018/1/19,20170103CDLG000210052881,B024-TXN-00393,已成交,用户提供的历史交易快照
29989086,922000002,CDNL,4.8,1,2018/1/20,20170103CDLG000210052881,B024-TXN-00394,已成交,用户提供的历史交易快照
30006172,915020002,CDNL,6.42,1,2018/1/21,20170103CDLG000210052881,B024-TXN-00395,已成交,用户提供的历史交易快照
30173849,920090000,CDNL,0.5,1,2018/1/22,20170103CDLG000210052882,B024-TXN-00396,已成交,用户提供的历史交易快照
30046538,930020001,CDNL,9.52,1,2018/1/23,20170103CDLG000210052883,B024-TXN-00397,已成交,用户提供的历史交易快照
30188637,930020001,CDNL,13.52,1,2018/1/24,20170103CDLG000210052883,B024-TXN-00398,已成交,用户提供的历史交易快照
30166320,936010000,CDNL,6.52,1,2018/1/25,20170103CDLG000210052883,B024-TXN-00399,已成交,用户提供的历史交易快照
30166320,936010000,CDNL,6.52,1,2018/1/26,20170103CDLG000210052883,B024-TXN-00400,已成交,用户提供的历史交易快照
30017795,912030601,CDNL,6.72,1,2018/1/27,20170103CDLG000210052884,B024-TXN-00401,已成交,用户提供的历史交易快照
30002035,912030006,CDNL,3.02,1,2018/1/28,20170103CDLG000210052884,B024-TXN-00402,已成交,用户提供的历史交易快照
30080914,930000202,CDNL,9.52,1,2018/1/29,20170103CDLG000210052884,B024-TXN-00403,已成交,用户提供的历史交易快照
30123055,910030104,CDNL,3.82,1,2018/1/30,20170103CDLG000210052884,B024-TXN-00404,已成交,用户提供的历史交易快照
30186144,930040001,CDNL,21.52,1,2018/1/1,20170103CDLG000210052884,B024-TXN-00405,已成交,用户提供的历史交易快照
30009060,912030500,CDNL,2.62,1,2018/1/1,20170103CDLG000210052884,B024-TXN-00406,已成交,用户提供的历史交易快照
30012071,910030103,CDNL,3.32,1,2018/1/2,20170103CDLG000210052884,B024-TXN-00407,已成交,用户提供的历史交易快照
30022232,960000000,CDNL,0.3,1,2018/1/3,20170103CDLG000210052884,B024-TXN-00408,已成交,用户提供的历史交易快照
30108094,930040003,CDNL,1.0,1,2018/1/4,20170103CDLG000210052884,B024-TXN-00409,已成交,用户提供的历史交易快照
30108094,930040003,CDNL,1.0,1,2018/1/5,20170103CDLG000210052884,B024-TXN-00410,已成交,用户提供的历史交易快照
30108094,930040003,CDNL,1.0,1,2018/1/6,20170103CDLG000210052884,B024-TXN-00411,已成交,用户提供的历史交易快照
30108094,930040003,CDNL,1.0,1,2018/1/7,20170103CDLG000210052884,B024-TXN-00412,已成交,用户提供的历史交易快照
30136318,910030201,CDNL,9.02,1,2018/1/8,20170103CDLG000210052884,B024-TXN-00413,已成交,用户提供的历史交易快照
30167207,936010001,CDNL,8.62,1,2018/1/9,20170103CDLG000210052884,B024-TXN-00414,已成交,用户提供的历史交易快照
30167207,936010001,CDNL,8.62,1,2018/1/10,20170103CDLG000210052884,B024-TXN-00415,已成交,用户提供的历史交易快照
30010717,912040006,CDNL,9.32,1,2018/1/11,20170103CDLG000210052884,B024-TXN-00416,已成交,用户提供的历史交易快照
30058356,936010001,CDNL,16.62,1,2018/1/12,20170103CDLG000210052884,B024-TXN-00417,已成交,用户提供的历史交易快照
30151885,930040006,CDNL,11.62,1,2018/1/13,20170103CDLG000210052884,B024-TXN-00418,已成交,用户提供的历史交易快照
30151885,930040006,CDNL,11.62,1,2018/1/14,20170103CDLG000210052884,B024-TXN-00419,已成交,用户提供的历史交易快照
30169592,930040000,CDNL,7.22,1,2018/1/15,20170103CDLG000210052884,B024-TXN-00420,已成交,用户提供的历史交易快照
30155748,931010103,CDNL,4.82,1,2018/1/16,20170103CDLG000210052884,B024-TXN-00421,已成交,用户提供的历史交易快照
30155748,931010103,CDNL,4.82,1,2018/1/17,20170103CDLG000210052884,B024-TXN-00422,已成交,用户提供的历史交易快照
30169594,930040000,CDNL,6.12,1,2018/1/18,20170103CDLG000210052884,B024-TXN-00423,已成交,用户提供的历史交易快照
30186145,930040001,CDNL,19.52,1,2018/1/19,20170103CDLG000210052884,B024-TXN-00424,已成交,用户提供的历史交易快照
29994991,931010103,CDNL,2.92,1,2018/1/20,20170103CDLG000210052884,B024-TXN-00425,已成交,用户提供的历史交易快照
29994991,931010103,CDNL,2.92,1,2018/1/21,20170103CDLG000210052884,B024-TXN-00426,已成交,用户提供的历史交易快照
30076041,936010001,CDNL,10.62,1,2018/1/22,20170103CDLG000210052884,B024-TXN-00427,已成交,用户提供的历史交易快照
30020100,915030300,CDNL,12.38,1,2018/1/23,20170103CDLG000210052885,B024-TXN-00428,已成交,用户提供的历史交易快照
30168345,930010002,CDNL,49.52,1,2018/1/24,20170103CDLG000210052886,B024-TXN-00429,已成交,用户提供的历史交易快照
30010387,912020106,CDNL,1.2,1,2018/1/25,20170103CDLG000210052887,B024-TXN-00430,已成交,用户提供的历史交易快照
30010387,912020106,CDNL,1.2,1,2018/1/26,20170103CDLG000210052887,B024-TXN-00431,已成交,用户提供的历史交易快照
30000445,930040204,CDNL,18.52,1,2018/1/27,20170103CDLG000210052887,B024-TXN-00432,已成交,用户提供的历史交易快照
30073663,912060303,CDNL,43.7,0,2018/1/28,20170103CDLG000210052887,B024-TXN-00433,已成交,用户提供的历史交易快照
30118463,912500204,CDNL,29.42,1,2018/1/29,20170103CDLG000210052887,B024-TXN-00434,已成交,用户提供的历史交易快照
30023175,922000103,CDNL,5.59,0,2018/1/30,20170103CDLG000210052887,B024-TXN-00435,已成交,用户提供的历史交易快照
30008601,912020106,CDNL,1.2,1,2018/1/1,20170103CDLG000210052887,B024-TXN-00436,已成交,用户提供的历史交易快照
30118705,912060301,CDNL,31.23,0,2018/1/1,20170103CDLG000210052887,B024-TXN-00437,已成交,用户提供的历史交易快照
30156393,912040002,CDNL,4.82,1,2018/1/2,20170103CDLG000210052887,B024-TXN-00438,已成交,用户提供的历史交易快照
30186414,912040007,CDNL,4.32,1,2018/1/3,20170103CDLG000210052887,B024-TXN-00439,已成交,用户提供的历史交易快照
29989076,922000006,CDNL,3.58,1,2018/1/4,20170103CDLG000210052888,B024-TXN-00440,已成交,用户提供的历史交易快照
30048072,914110003,CDNL,4.52,1,2018/1/5,20170103CDLG000210052888,B024-TXN-00441,已成交,用户提供的历史交易快照
30048072,914110003,CDNL,4.52,1,2018/1/6,20170103CDLG000210052888,B024-TXN-00442,已成交,用户提供的历史交易快照
30020249,923000002,CDNL,1.98,1,2018/1/7,20170103CDLG000210052889,B024-TXN-00443,已成交,用户提供的历史交易快照
30023177,922000103,CDNL,6.19,1,2018/1/8,20170103CDLG000210052889,B024-TXN-00444,已成交,用户提供的历史交易快照
30078085,912060303,CDNL,19.22,0,2018/1/9,20170103CDLG000210052889,B024-TXN-00445,已成交,用户提供的历史交易快照
30165699,915020003,CDNL,7.12,1,2018/1/10,20170103CDLG000210052890,B024-TXN-00446,已成交,用户提供的历史交易快照
30113909,930020001,CDNL,9.52,1,2018/1/11,20170103CDLG000210052890,B024-TXN-00447,已成交,用户提供的历史交易快照
30165699,915020003,CDNL,7.12,1,2018/1/12,20170103CDLG000210052891,B024-TXN-00448,已成交,用户提供的历史交易快照
30200518,922000000,CDNL,19.62,0,2018/1/13,20170103CDLG000210052891,B024-TXN-00449,已成交,用户提供的历史交易快照
30179551,915000106,CDNL,59.23,0,2018/1/14,20170103CDLG000210052891,B024-TXN-00450,已成交,用户提供的历史交易快照
30197788,931080004,CDNL,7.52,1,2018/1/15,20170103CDLG000210052892,B024-TXN-00451,已成交,用户提供的历史交易快照
30022233,960000000,CDNL,0.2,1,2018/1/16,20170103CDLG000210052893,B024-TXN-00452,已成交,用户提供的历史交易快照
30057847,930010003,CDNL,10.52,1,2018/1/17,20170103CDLG000210052894,B024-TXN-00453,已成交,用户提供的历史交易快照
30006313,915000103,CDNL,13.43,0,2018/1/18,20170103CDLG000210052895,B024-TXN-00454,已成交,用户提供的历史交易快照
30020249,923000002,CDNL,1.98,1,2018/1/19,20170103CDLG000210052895,B024-TXN-00455,已成交,用户提供的历史交易快照
30005965,914090003,CDNL,39.52,1,2018/1/20,20170103CDLG000210052896,B024-TXN-00456,已成交,用户提供的历史交易快照
30005965,914090003,CDNL,39.52,1,2018/1/21,20170103CDLG000210052896,B024-TXN-00457,已成交,用户提供的历史交易快照
30005965,914090003,CDNL,39.52,1,2018/1/22,20170103CDLG000210052896,B024-TXN-00458,已成交,用户提供的历史交易快照
30202566,930020001,CDNL,9.52,1,2018/1/23,20170103CDLG000210052897,B024-TXN-00459,已成交,用户提供的历史交易快照
30005192,914010000,CDNL,9.52,1,2018/1/24,20170103CDLG000210052898,B024-TXN-00460,已成交,用户提供的历史交易快照
30133728,931080401,CDNL,26.12,1,2018/1/25,20170103CDLG000210052899,B024-TXN-00461,已成交,用户提供的历史交易快照
30020055,923000002,CDNL,9.6,2,2018/1/26,20170103CDLG000210052899,B024-TXN-00462,已成交,用户提供的历史交易快照
30214800,925090000,CDNL,25.43,0,2018/1/27,20170103CDLG000210052900,B024-TXN-00463,已成交,用户提供的历史交易快照
30005364,914010001,CDNL,5.52,1,2018/1/28,20170103CDLG000210052900,B024-TXN-00464,已成交,用户提供的历史交易快照
30022233,960000000,CDNL,0.2,1,2018/1/29,20170103CDLG000210052900,B024-TXN-00465,已成交,用户提供的历史交易快照
30202479,912040005,CDNL,1.2,1,2018/1/30,20170103CDLG000210052900,B024-TXN-00466,已成交,用户提供的历史交易快照
30129933,912060403,CDNL,27.22,0,2018/1/1,20170103CDLG000210052900,B024-TXN-00467,已成交,用户提供的历史交易快照
30184351,915000106,CDNL,15.58,1,2018/1/1,20170103CDLG000210052902,B024-TXN-00468,已成交,用户提供的历史交易快照
30184351,915000106,CDNL,15.58,1,2018/1/2,20170103CDLG000210052902,B024-TXN-00469,已成交,用户提供的历史交易快照
30184351,915000106,CDNL,15.58,1,2018/1/3,20170103CDLG000210052902,B024-TXN-00470,已成交,用户提供的历史交易快照
30214801,925090000,CDNL,27.42,2,2018/1/4,20170103CDLG000210052902,B024-TXN-00471,已成交,用户提供的历史交易快照
30130040,922000005,CDNL,17.6,0,2018/1/5,20170103CDLG000210052903,B024-TXN-00472,已成交,用户提供的历史交易快照
30031738,915030101,CDNL,4.92,1,2018/1/6,20170103CDLG000210052903,B024-TXN-00473,已成交,用户提供的历史交易快照
29989048,922000001,CDNL,1.98,1,2018/1/7,20170103CDLG000210052903,B024-TXN-00474,已成交,用户提供的历史交易快照
29989059,922000003,CDNL,3.98,1,2018/1/8,20170103CDLG000210052903,B024-TXN-00475,已成交,用户提供的历史交易快照
29989157,923000000,CDNL,5.6,1,2018/1/9,20170103CDLG000210052903,B024-TXN-00476,已成交,用户提供的历史交易快照
30022232,960000000,CDNL,0.3,1,2018/1/10,20170103CDLG000210052904,B024-TXN-00477,已成交,用户提供的历史交易快照
29991561,930000000,CDNL,4.12,1,2018/1/11,20170103CDLG000210052905,B024-TXN-00478,已成交,用户提供的历史交易快照
30006263,914100001,CDNL,5.52,1,2018/1/12,20170103CDLG000210052905,B024-TXN-00479,已成交,用户提供的历史交易快照
30022232,960000000,CDNL,0.3,1,2018/1/13,20170103CDLG000210052905,B024-TXN-00480,已成交,用户提供的历史交易快照
30001302,931020102,CDNL,7.52,1,2018/1/14,20170103CDLG000210052905,B024-TXN-00481,已成交,用户提供的历史交易快照
30149703,914000000,CDNL,2.12,1,2018/1/15,20170103CDLG000210052905,B024-TXN-00482,已成交,用户提供的历史交易快照
30149703,914000000,CDNL,2.12,1,2018/1/16,20170103CDLG000210052905,B024-TXN-00483,已成交,用户提供的历史交易快照
30149703,914000000,CDNL,2.12,1,2018/1/17,20170103CDLG000210052905,B024-TXN-00484,已成交,用户提供的历史交易快照
30149703,914000000,CDNL,2.12,1,2018/1/18,20170103CDLG000210052905,B024-TXN-00485,已成交,用户提供的历史交易快照
30212879,931000503,CDNL,3.52,1,2018/1/19,20170103CDLG000210052905,B024-TXN-00486,已成交,用户提供的历史交易快照
30064193,930010003,CDNL,12.52,1,2018/1/20,20170103CDLG000210052905,B024-TXN-00487,已成交,用户提供的历史交易快照
30212281,931060119,CDNL,15.52,1,2018/1/21,20170103CDLG000210052905,B024-TXN-00488,已成交,用户提供的历史交易快照
30162126,912060303,CDNL,51.06,0,2018/1/22,20170103CDLG000210052906,B024-TXN-00489,已成交,用户提供的历史交易快照
30023041,923000006,CDNL,3.2,1,2018/1/23,20170103CDLG000210052906,B024-TXN-00490,已成交,用户提供的历史交易快照
30078085,912060303,CDNL,19.18,0,2018/1/24,20170103CDLG000210052906,B024-TXN-00491,已成交,用户提供的历史交易快照
30023197,922000003,CDNL,6.8,0,2018/1/25,20170103CDLG000210052906,B024-TXN-00492,已成交,用户提供的历史交易快照
30118705,912060301,CDNL,31.64,0,2018/1/26,20170103CDLG000210052906,B024-TXN-00493,已成交,用户提供的历史交易快照
29989072,922000002,CDNL,0.78,1,2018/1/27,20170103CDLG000210052907,B024-TXN-00494,已成交,用户提供的历史交易快照
30119297,930000201,CDNL,6.52,1,2018/1/28,20170103CDLG000210052907,B024-TXN-00495,已成交,用户提供的历史交易快照
30031738,915030101,CDNL,6.04,2,2018/1/29,20170103CDLG000210052908,B024-TXN-00496,已成交,用户提供的历史交易快照
30203637,923000006,CDNL,3.2,1,2018/1/30,20170103CDLG000210052909,B024-TXN-00497,已成交,用户提供的历史交易快照
29989153,923000006,CDNL,7.6,1,2018/1/1,20170103CDLG000210052909,B024-TXN-00498,已成交,用户提供的历史交易快照
29989157,923000000,CDNL,5.6,1,2018/1/1,20170103CDLG000210052909,B024-TXN-00499,已成交,用户提供的历史交易快照
30102550,930010005,CDNL,5.15,2,2018/1/1,20170103CDLG000210052911,B024-TXN-00500,已成交,用户提供的历史交易快照
30005122,914000000,CDNL,4.52,1,2018/1/2,20170103CDLG000210052911,B024-TXN-00501,已成交,用户提供的历史交易快照
30005122,914000000,CDNL,4.52,1,2018/1/3,20170103CDLG000210052911,B024-TXN-00502,已成交,用户提供的历史交易快照
30098694,914090002,CDNL,68.52,1,2018/1/4,20170103CDLG000210052912,B024-TXN-00503,已成交,用户提供的历史交易快照
29989626,924030000,CDNL,15.6,1,2018/1/5,20170103CDLG000210052913,B024-TXN-00504,已成交,用户提供的历史交易快照
30023187,922000003,CDNL,3.2,2,2018/1/6,20170103CDLG000210052913,B024-TXN-00505,已成交,用户提供的历史交易快照
30007607,910010301,CDNL,45.42,1,2018/1/7,20170103CDLG000210052913,B024-TXN-00506,已成交,用户提供的历史交易快照
29989076,922000006,CDNL,3.58,1,2018/1/8,20170103CDLG000210052915,B024-TXN-00507,已成交,用户提供的历史交易快照
30006313,915000103,CDNL,13.42,1,2018/1/9,20170103CDLG000210052915,B024-TXN-00508,已成交,用户提供的历史交易快照
30017800,914050300,CDNL,2.2,1,2018/1/10,20170103CDLG000210052915,B024-TXN-00509,已成交,用户提供的历史交易快照
30017800,914050300,CDNL,2.2,1,2018/1/11,20170103CDLG000210052915,B024-TXN-00510,已成交,用户提供的历史交易快照
30142604,914050002,CDNL,2.0,1,2018/1/12,20170103CDLG000210052915,B024-TXN-00511,已成交,用户提供的历史交易快照
30142604,914050002,CDNL,2.0,1,2018/1/13,20170103CDLG000210052915,B024-TXN-00512,已成交,用户提供的历史交易快照
30142604,914050002,CDNL,2.0,1,2018/1/14,20170103CDLG000210052915,B024-TXN-00513,已成交,用户提供的历史交易快照
30013861,914050005,CDNL,1.8,1,2018/1/15,20170103CDLG000210052915,B024-TXN-00514,已成交,用户提供的历史交易快照
30013861,914050005,CDNL,1.8,1,2018/1/16,20170103CDLG000210052915,B024-TXN-00515,已成交,用户提供的历史交易快照
30013861,914050005,CDNL,1.8,1,2018/1/17,20170103CDLG000210052915,B024-TXN-00516,已成交,用户提供的历史交易快照
30013861,914050005,CDNL,1.8,1,2018/1/18,20170103CDLG000210052915,B024-TXN-00517,已成交,用户提供的历史交易快照
30020103,915030301,CDNL,9.6,0,2018/1/19,20170103CDLG000210052915,B024-TXN-00518,已成交,用户提供的历史交易快照
30179545,915000106,CDNL,67.12,0,2018/1/20,20170103CDLG000210052915,B024-TXN-00519,已成交,用户提供的历史交易快照
29989073,922000002,CDNL,4.8,1,2018/1/21,20170103CDLG000210052915,B024-TXN-00520,已成交,用户提供的历史交易快照
30004009,914050001,CDNL,2.0,1,2018/1/22,20170103CDLG000210052915,B024-TXN-00521,已成交,用户提供的历史交易快照
30004009,914050001,CDNL,2.0,1,2018/1/23,20170103CDLG000210052915,B024-TXN-00522,已成交,用户提供的历史交易快照
30004009,914050001,CDNL,2.0,1,2018/1/24,20170103CDLG000210052915,B024-TXN-00523,已成交,用户提供的历史交易快照
30004009,914050001,CDNL,2.0,1,2018/1/25,20170103CDLG000210052915,B024-TXN-00524,已成交,用户提供的历史交易快照
30004009,914050001,CDNL,2.0,1,2018/1/26,20170103CDLG000210052915,B024-TXN-00525,已成交,用户提供的历史交易快照
30004009,914050001,CDNL,2.0,1,2018/1/27,20170103CDLG000210052915,B024-TXN-00526,已成交,用户提供的历史交易快照
30022232,960000000,CDNL,0.3,1,2018/1/28,20170103CDLG000210052915,B024-TXN-00527,已成交,用户提供的历史交易快照
30179520,915000100,CDNL,77.16,0,2018/1/29,20170103CDLG000210052915,B024-TXN-00528,已成交,用户提供的历史交易快照
29989072,922000002,CDNL,0.78,1,2018/1/30,20170103CDLG000210052915,B024-TXN-00529,已成交,用户提供的历史交易快照
30006206,915000003,CDNL,25.22,1,2018/1/1,20170103CDLG000210052915,B024-TXN-00530,已成交,用户提供的历史交易快照
30006331,915030304,CDNL,12.78,0,2018/1/1,20170103CDLG000210052915,B024-TXN-00531,已成交,用户提供的历史交易快照
30012674,914050300,CDNL,1.5,1,2018/1/2,20170103CDLG000210052915,B024-TXN-00532,已成交,用户提供的历史交易快照
30012674,914050300,CDNL,1.5,1,2018/1/3,20170103CDLG000210052915,B024-TXN-00533,已成交,用户提供的历史交易快照
30165691,931060121,CDNL,3.52,1,2018/1/4,20170103CDLG000210052915,B024-TXN-00534,已成交,用户提供的历史交易快照
30179551,915000106,CDNL,59.14,0,2018/1/5,20170103CDLG000210052915,B024-TXN-00535,已成交,用户提供的历史交易快照
30004012,914050002,CDNL,2.0,1,2018/1/6,20170103CDLG000210052915,B024-TXN-00536,已成交,用户提供的历史交易快照
30004012,914050002,CDNL,2.0,1,2018/1/7,20170103CDLG000210052915,B024-TXN-00537,已成交,用户提供的历史交易快照
30004012,914050002,CDNL,2.0,1,2018/1/8,20170103CDLG000210052915,B024-TXN-00538,已成交,用户提供的历史交易快照
30005164,914050300,CDNL,2.2,1,2018/1/9,20170103CDLG000210052915,B024-TXN-00539,已成交,用户提供的历史交易快照
30005164,914050300,CDNL,2.2,1,2018/1/10,20170103CDLG000210052915,B024-TXN-00540,已成交,用户提供的历史交易快照
30005164,914050300,CDNL,2.2,1,2018/1/11,20170103CDLG000210052915,B024-TXN-00541,已成交,用户提供的历史交易快照
30005164,914050300,CDNL,2.2,1,2018/1/12,20170103CDLG000210052915,B024-TXN-00542,已成交,用户提供的历史交易快照
30005164,914050300,CDNL,2.2,1,2018/1/13,20170103CDLG000210052915,B024-TXN-00543,已成交,用户提供的历史交易快照
30006343,915030400,CDNL,3.98,2,2018/1/14,20170103CDLG000210052915,B024-TXN-00544,已成交,用户提供的历史交易快照
30026838,915030401,CDNL,9.58,1,2018/1/15,20170103CDLG000210052915,B024-TXN-00545,已成交,用户提供的历史交易快照
30026838,915030401,CDNL,9.58,1,2018/1/16,20170103CDLG000210052915,B024-TXN-00546,已成交,用户提供的历史交易快照
30026838,915030401,CDNL,9.58,1,2018/1/17,20170103CDLG000210052915,B024-TXN-00547,已成交,用户提供的历史交易快照
30179558,915000100,CDNL,47.39,1,2018/1/18,20170103CDLG000210052915,B024-TXN-00548,已成交,用户提供的历史交易快照
30004013,914050002,CDNL,2.92,1,2018/1/19,20170103CDLG000210052915,B024-TXN-00549,已成交,用户提供的历史交易快照
30004013,914050002,CDNL,2.92,1,2018/1/20,20170103CDLG000210052915,B024-TXN-00550,已成交,用户提供的历史交易快照
30004013,914050002,CDNL,2.92,1,2018/1/21,20170103CDLG000210052915,B024-TXN-00551,已成交,用户提供的历史交易快照
30179537,915000106,CDNL,72.45,0,2018/1/22,20170103CDLG000210052915,B024-TXN-00552,已成交,用户提供的历史交易快照
30179543,915000106,CDNL,154.52,0,2018/1/23,20170103CDLG000210052915,B024-TXN-00553,已成交,用户提供的历史交易快照
30179543,915000106,CDNL,154.42,0,2018/1/24,20170103CDLG000210052915,B024-TXN-00554,已成交,用户提供的历史交易快照
30214804,925090000,CDNL,33.42,0,2018/1/25,20170103CDLG000210052915,B024-TXN-00555,已成交,用户提供的历史交易快照
30186597,936010001,CDNL,6.52,1,2018/1/26,20170103CDLG000210052916,B024-TXN-00556,已成交,用户提供的历史交易快照
30146445,931030200,CDNL,19.52,1,2018/1/27,20170103CDLG000210052916,B024-TXN-00557,已成交,用户提供的历史交易快照
30169593,930040000,CDNL,9.52,1,2018/1/28,20170103CDLG000210052916,B024-TXN-00558,已成交,用户提供的历史交易快照
30207851,931020102,CDNL,7.52,1,2018/1/29,20170103CDLG000210052916,B024-TXN-00559,已成交,用户提供的历史交易快照
30186264,936010002,CDNL,4.52,1,2018/1/30,20170103CDLG000210052916,B024-TXN-00560,已成交,用户提供的历史交易快照
30186264,936010002,CDNL,4.52,1,2018/1/1,20170103CDLG000210052916,B024-TXN-00561,已成交,用户提供的历史交易快照
30131966,936010000,CDNL,14.12,1,2018/1/1,20170103CDLG000210052916,B024-TXN-00562,已成交,用户提供的历史交易快照
30179532,915000106,CDNL,13.59,0,2018/1/2,20170103CDLG000210052917,B024-TXN-00563,已成交,用户提供的历史交易快照
30026255,915030104,CDNL,4.0,2,2018/1/3,20170103CDLG000210052918,B024-TXN-00564,已成交,用户提供的历史交易快照
29989025,931080202,CDNL,2.5,1,2018/1/4,20170103CDLG000210052918,B024-TXN-00565,已成交,用户提供的历史交易快照
29991849,930000301,CDNL,3.52,1,2018/1/5,20170103CDLG000210052918,B024-TXN-00566,已成交,用户提供的历史交易快照
30027007,923000006,CDNL,5.6,2,2018/1/6,20170103CDLG000210052918,B024-TXN-00567,已成交,用户提供的历史交易快照
30008601,912020106,CDNL,1.2,1,2018/1/7,20170103CDLG000210052918,B024-TXN-00568,已成交,用户提供的历史交易快照
30010106,914010001,CDNL,15.52,1,2018/1/8,20170103CDLG000210052919,B024-TXN-00569,已成交,用户提供的历史交易快照
30004108,914000000,CDNL,7.42,1,2018/1/9,20170103CDLG000210052919,B024-TXN-00570,已成交,用户提供的历史交易快照
30093958,931080205,CDNL,5.12,1,2018/1/10,20170103CDLG000210052919,B024-TXN-00571,已成交,用户提供的历史交易快照
30005862,914000300,CDNL,13.02,1,2018/1/11,20170103CDLG000210052919,B024-TXN-00572,已成交,用户提供的历史交易快照
30092317,930000201,CDNL,12.52,1,2018/1/12,20170103CDLG000210052919,B024-TXN-00573,已成交,用户提供的历史交易快照
30006041,915010000,CDNL,7.58,1,2018/1/13,20170103CDLG000210052920,B024-TXN-00574,已成交,用户提供的历史交易快照
30008385,912060303,CDNL,25.44,0,2018/1/14,20170103CDLG000210052920,B024-TXN-00575,已成交,用户提供的历史交易快照
30008389,912060302,CDNL,25.24,0,2018/1/15,20170103CDLG000210052920,B024-TXN-00576,已成交,用户提供的历史交易快照
30153013,912030207,CDNL,3.42,1,2018/1/16,20170103CDLG000210052921,B024-TXN-00577,已成交,用户提供的历史交易快照
29989077,922000008,CDNL,11.61,0,2018/1/17,20170103CDLG000210052921,B024-TXN-00578,已成交,用户提供的历史交易快照
30131137,912030207,CDNL,3.12,1,2018/1/18,20170103CDLG000210052921,B024-TXN-00579,已成交,用户提供的历史交易快照
29989172,923000002,CDNL,9.59,0,2018/1/19,20170103CDLG000210052921,B024-TXN-00580,已成交,用户提供的历史交易快照
30116890,914070100,CDNL,10.42,1,2018/1/20,20170103CDLG000210052922,B024-TXN-00581,已成交,用户提供的历史交易快照
30007594,910030102,CDNL,2.45,7,2018/1/21,20170103CDLG000210052922,B024-TXN-00582,已成交,用户提供的历史交易快照
30078917,912020103,CDNL,5.32,1,2018/1/22,20170103CDLG000210052923,B024-TXN-00583,已成交,用户提供的历史交易快照
30167386,916020301,CDNL,7.12,1,2018/1/23,20170103CDLG000210052923,B024-TXN-00584,已成交,用户提供的历史交易快照
30197339,912020200,CDNL,4.82,1,2018/1/24,20170103CDLG000210052923,B024-TXN-00585,已成交,用户提供的历史交易快照
30002948,913020000,CDNL,16.62,1,2018/1/25,20170103CDLG000210052924,B024-TXN-00586,已成交,用户提供的历史交易快照
30092775,915030404,CDNL,7.12,2,2018/1/26,20170103CDLG000210052924,B024-TXN-00587,已成交,用户提供的历史交易快照
30152579,930040402,CDNL,2.9,1,2018/1/27,20170103CDLG000210052924,B024-TXN-00588,已成交,用户提供的历史交易快照
30152579,930040402,CDNL,2.9,1,2018/1/28,20170103CDLG000210052924,B024-TXN-00589,已成交,用户提供的历史交易快照
30152579,930040402,CDNL,2.9,1,2018/1/29,20170103CDLG000210052924,B024-TXN-00590,已成交,用户提供的历史交易快照
30152579,930040402,CDNL,2.9,1,2018/1/30,20170103CDLG000210052924,B024-TXN-00591,已成交,用户提供的历史交易快照
30152579,930040402,CDNL,2.9,1,2018/1/1,20170103CDLG000210052924,B024-TXN-00592,已成交,用户提供的历史交易快照
30152579,930040402,CDNL,2.9,1,2018/1/1,20170103CDLG000210052924,B024-TXN-00593,已成交,用户提供的历史交易快照
30152579,930040402,CDNL,2.9,1,2018/1/2,20170103CDLG000210052924,B024-TXN-00594,已成交,用户提供的历史交易快照
30152579,930040402,CDNL,2.9,1,2018/1/3,20170103CDLG000210052924,B024-TXN-00595,已成交,用户提供的历史交易快照
30152579,930040402,CDNL,2.9,1,2018/1/4,20170103CDLG000210052924,B024-TXN-00596,已成交,用户提供的历史交易快照
30152579,930040402,CDNL,2.9,1,2018/1/5,20170103CDLG000210052924,B024-TXN-00597,已成交,用户提供的历史交易快照
30006335,915030402,CDNL,6.98,1,2018/1/6,20170103CDLG000210052924,B024-TXN-00598,已成交,用户提供的历史交易快照
30008276,911010501,CDNL,15.42,2,2018/1/7,20170103CDLG000210052924,B024-TXN-00599,已成交,用户提供的历史交易快照
30072292,910010000,CDNL,4.12,1,2018/1/8,20170103CDLG000210052925,B024-TXN-00600,已成交,用户提供的历史交易快照
29989073,922000002,CDNL,4.8,1,2018/1/9,20170103CDLG000210052925,B024-TXN-00601,已成交,用户提供的历史交易快照
30022232,960000000,CDNL,0.3,1,2018/1/10,20170103CDLG000210052925,B024-TXN-00602,已成交,用户提供的历史交易快照
30130040,922000005,CDNL,17.61,0,2018/1/11,20170103CDLG000210052925,B024-TXN-00603,已成交,用户提供的历史交易快照
29989072,922000002,CDNL,0.78,1,2018/1/12,20170103CDLG000210052925,B024-TXN-00604,已成交,用户提供的历史交易快照
30001568,910020208,CDNL,12.12,1,2018/1/13,20170103CDLG000210052925,B024-TXN-00605,已成交,用户提供的历史交易快照
30008276,911010501,CDNL,15.41,1,2018/1/14,20170103CDLG000210052925,B024-TXN-00606,已成交,用户提供的历史交易快照
30037684,922000005,CDNL,11.59,0,2018/1/15,20170103CDLG000210052925,B024-TXN-00607,已成交,用户提供的历史交易快照
30072292,910010000,CDNL,4.12,1,2018/1/16,20170103CDLG000210052925,B024-TXN-00608,已成交,用户提供的历史交易快照
30072292,910010000,CDNL,4.12,1,2018/1/17,20170103CDLG000210052925,B024-TXN-00609,已成交,用户提供的历史交易快照
29989071,922000002,CDNL,3.4,1,2018/1/18,20170103CDLG000210052925,B024-TXN-00610,已成交,用户提供的历史交易快照
30023229,922000001,CDNL,4.62,1,2018/1/19,20170103CDLG000210052925,B024-TXN-00611,已成交,用户提供的历史交易快照
30123505,922000005,CDNL,10.79,0,2018/1/20,20170103CDLG000210052925,B024-TXN-00612,已成交,用户提供的历史交易快照
30115853,912030500,CDNL,5.42,1,2018/1/21,20170103CDLG000210052926,B024-TXN-00613,已成交,用户提供的历史交易快照
30119181,913050002,CDNL,37.82,1,2018/1/22,20170103CDLG000210052926,B024-TXN-00614,已成交,用户提供的历史交易快照
30023041,923000006,CDNL,3.2,2,2018/1/23,20170103CDLG000210052927,B024-TXN-00615,已成交,用户提供的历史交易快照
30027007,923000006,CDNL,5.6,1,2018/1/24,20170103CDLG000210052927,B024-TXN-00616,已成交,用户提供的历史交易快照
30179520,915000100,CDNL,77.16,0,2018/1/25,20170103CDLG000210052927,B024-TXN-00617,已成交,用户提供的历史交易快照
30179534,915000106,CDNL,121.05,0,2018/1/26,20170103CDLG000210052927,B024-TXN-00618,已成交,用户提供的历史交易快照
30006206,915000003,CDNL,25.22,0,2018/1/27,20170103CDLG000210052927,B024-TXN-00619,已成交,用户提供的历史交易快照
30020055,923000002,CDNL,9.6,1,2018/1/28,20170103CDLG000210052927,B024-TXN-00620,已成交,用户提供的历史交易快照
30179551,915000106,CDNL,59.25,0,2018/1/29,20170103CDLG000210052927,B024-TXN-00621,已成交,用户提供的历史交易快照
30006208,915000101,CDNL,47.34,0,2018/1/30,20170103CDLG000210052927,B024-TXN-00622,已成交,用户提供的历史交易快照
30149264,931050202,CDNL,10.52,1,2018/1/1,20170103CDLG000210052927,B024-TXN-00623,已成交,用户提供的历史交易快照
29989059,922000003,CDNL,1.98,2,2018/1/1,20170103CDLG000210052927,B024-TXN-00624,已成交,用户提供的历史交易快照
29989157,923000000,CDNL,5.6,1,2018/1/1,20170103CDLG000210052927,B024-TXN-00625,已成交,用户提供的历史交易快照
30078085,912060303,CDNL,19.22,0,2018/1/2,20170103CDLG000210052928,B024-TXN-00626,已成交,用户提供的历史交易快照
30113344,912060303,CDNL,13.43,0,2018/1/3,20170103CDLG000210052928,B024-TXN-00627,已成交,用户提供的历史交易快照
30195948,930020502,CDNL,9.52,1,2018/1/4,20170103CDLG000210052929,B024-TXN-00628,已成交,用户提供的历史交易快照
30005818,914120204,CDNL,14.62,1,2018/1/5,20170103CDLG000210052930,B024-TXN-00629,已成交,用户提供的历史交易快照
30179388,912030206,CDNL,3.0,1,2018/1/6,20170103CDLG000210052930,B024-TXN-00630,已成交,用户提供的历史交易快照
30179388,912030206,CDNL,3.0,1,2018/1/7,20170103CDLG000210052930,B024-TXN-00631,已成交,用户提供的历史交易快照
30027007,923000006,CDNL,5.6,2,2018/1/8,20170103CDLG000210052931,B024-TXN-00632,已成交,用户提供的历史交易快照
30027007,923000006,CDNL,5.6,2,2018/1/9,20170103CDLG000210052931,B024-TXN-00633,已成交,用户提供的历史交易快照
29989056,922000001,CDNL,5.6,1,2018/1/10,20170103CDLG000210052932,B024-TXN-00634,已成交,用户提供的历史交易快照
29989157,923000000,CDNL,5.6,1,2018/1/11,20170103CDLG000210052932,B024-TXN-00635,已成交,用户提供的历史交易快照
30005880,914020403,CDNL,8.52,1,2018/1/12,20170103CDLG000210052933,B024-TXN-00636,已成交,用户提供的历史交易快照
30179545,915000106,CDNL,67.08,0,2018/1/13,20170103CDLG000210052933,B024-TXN-00637,已成交,用户提供的历史交易快照
30022232,960000000,CDNL,0.3,1,2018/1/14,20170103CDLG000210052933,B024-TXN-00638,已成交,用户提供的历史交易快照
30041085,911000000,CDNL,9.52,1,2018/1/15,20170103CDLG000210052933,B024-TXN-00639,已成交,用户提供的历史交易快照
30020055,923000002,CDNL,9.6,1,2018/1/16,20170103CDLG000210052933,B024-TXN-00640,已成交,用户提供的历史交易快照
30005299,914020000,CDNL,4.52,1,2018/1/17,20170103CDLG000210052933,B024-TXN-00641,已成交,用户提供的历史交易快照
30115568,930020001,CDNL,8.52,1,2018/1/18,20170103CDLG000210052933,B024-TXN-00642,已成交,用户提供的历史交易快照
30010045,911000000,CDNL,5.52,1,2018/1/19,20170103CDLG000210052933,B024-TXN-00643,已成交,用户提供的历史交易快照
29989059,922000003,CDNL,3.98,1,2018/1/20,20170103CDLG000210052933,B024-TXN-00644,已成交,用户提供的历史交易快照
30169593,930040000,CDNL,9.52,1,2018/1/21,20170103CDLG000210052934,B024-TXN-00645,已成交,用户提供的历史交易快照
30169593,930040000,CDNL,9.52,1,2018/1/22,20170103CDLG000210052934,B024-TXN-00646,已成交,用户提供的历史交易快照
30214313,930020502,CDNL,8.52,1,2018/1/23,20170103CDLG000210052934,B024-TXN-00647,已成交,用户提供的历史交易快照
30214313,930020502,CDNL,8.52,1,2018/1/24,20170103CDLG000210052934,B024-TXN-00648,已成交,用户提供的历史交易快照
30005364,914010001,CDNL,5.52,1,2018/1/25,20170103CDLG000210052934,B024-TXN-00649,已成交,用户提供的历史交易快照
30005364,914010001,CDNL,5.52,1,2018/1/26,20170103CDLG000210052934,B024-TXN-00650,已成交,用户提供的历史交易快照
30005364,914010001,CDNL,5.52,1,2018/1/27,20170103CDLG000210052934,B024-TXN-00651,已成交,用户提供的历史交易快照
30005364,914010001,CDNL,5.52,1,2018/1/28,20170103CDLG000210052934,B024-TXN-00652,已成交,用户提供的历史交易快照
30119297,930000201,CDNL,6.52,1,2018/1/29,20170103CDLG000210052934,B024-TXN-00653,已成交,用户提供的历史交易快照
30119297,930000201,CDNL,6.52,1,2018/1/30,20170103CDLG000210052934,B024-TXN-00654,已成交,用户提供的历史交易快照
30169591,930040000,CDNL,8.52,1,2018/1/1,20170103CDLG000210052934,B024-TXN-00655,已成交,用户提供的历史交易快照
30195948,930020502,CDNL,9.52,1,2018/1/1,20170103CDLG000210052934,B024-TXN-00656,已成交,用户提供的历史交易快照
30195948,930020502,CDNL,9.52,1,2018/1/2,20170103CDLG000210052934,B024-TXN-00657,已成交,用户提供的历史交易快照
30168326,930020502,CDNL,7.52,2,2018/1/3,20170103CDLG000210052934,B024-TXN-00658,已成交,用户提供的历史交易快照
29989077,922000008,CDNL,11.61,1,2018/1/4,20170103CDLG000210052935,B024-TXN-00659,已成交,用户提供的历史交易快照
29989049,922000001,CDNL,1.98,0,2018/1/5,20170103CDLG000210052935,B024-TXN-00660,已成交,用户提供的历史交易快照
30022232,960000000,CDNL,0.3,1,2018/1/6,20170103CDLG000210052935,B024-TXN-00661,已成交,用户提供的历史交易快照
30173848,920090000,CDNL,1.3,1,2018/1/7,20170103CDLG000210052935,B024-TXN-00662,已成交,用户提供的历史交易快照
30119171,915030306,CDNL,10.62,0,2018/1/8,20170103CDLG000210052935,B024-TXN-00663,已成交,用户提供的历史交易快照
30119171,915030306,CDNL,10.62,1,2018/1/9,20170103CDLG000210052935,B024-TXN-00664,已成交,用户提供的历史交易快照
30006232,914100000,CDNL,5.52,1,2018/1/10,20170103CDLG000210052936,B024-TXN-00665,已成交,用户提供的历史交易快照
30046817,914100000,CDNL,3.72,1,2018/1/11,20170103CDLG000210052936,B024-TXN-00666,已成交,用户提供的历史交易快照
30046817,914100000,CDNL,3.72,1,2018/1/12,20170103CDLG000210052936,B024-TXN-00667,已成交,用户提供的历史交易快照
30046817,914100000,CDNL,3.72,1,2018/1/13,20170103CDLG000210052936,B024-TXN-00668,已成交,用户提供的历史交易快照
30188638,930020001,CDNL,39.52,1,2018/1/14,20170103CDLG000210052937,B024-TXN-00669,已成交,用户提供的历史交易快照
30206392,930020502,CDNL,10.52,1,2018/1/15,20170103CDLG000210052937,B024-TXN-00670,已成交,用户提供的历史交易快照
30008381,912060301,CDNL,19.42,1,2018/1/16,20170103CDLG000210052938,B024-TXN-00671,已成交,用户提供的历史交易快照
30118305,930040104,CDNL,19.52,1,2018/1/17,20170103CDLG000210052938,B024-TXN-00672,已成交,用户提供的历史交易快照
30023041,923000006,CDNL,3.2,1,2018/1/18,20170103CDLG000210052939,B024-TXN-00673,已成交,用户提供的历史交易快照
30179532,915000106,CDNL,13.57,0,2018/1/19,20170103CDLG000210052939,B024-TXN-00674,已成交,用户提供的历史交易快照
29989065,922000000,CDNL,21.57,0,2018/1/20,20170103CDLG000210052939,B024-TXN-00675,已成交,用户提供的历史交易快照
30009061,912030500,CDNL,3.12,1,2018/1/21,20170103CDLG000210052941,B024-TXN-00676,已成交,用户提供的历史交易快照
30006206,915000003,CDNL,25.2,0,2018/1/22,20170103CDLG000210052941,B024-TXN-00677,已成交,用户提供的历史交易快照
30119882,912080000,CDNL,5.42,1,2018/1/23,20170103CDLG000210052941,B024-TXN-00678,已成交,用户提供的历史交易快照
30179551,915000106,CDNL,59.22,0,2018/1/24,20170103CDLG000210052941,B024-TXN-00679,已成交,用户提供的历史交易快照
30178106,912060301,CDNL,17.4,0,2018/1/25,20170103CDLG000210052941,B024-TXN-00680,已成交,用户提供的历史交易快照
30179520,915000100,CDNL,77.4,0,2018/1/26,20170103CDLG000210052941,B024-TXN-00681,已成交,用户提供的历史交易快照
29989059,922000003,CDNL,3.98,1,2018/1/27,20170103CDLG000210052941,B024-TXN-00682,已成交,用户提供的历史交易快照
29989057,922000001,CDNL,2.38,1,2018/1/28,20170103CDLG000210052942,B024-TXN-00683,已成交,用户提供的历史交易快照
29989083,922000000,CDNL,4.2,1,2018/1/29,20170103CDLG000210052943,B024-TXN-00684,已成交,用户提供的历史交易快照
29989077,922000008,CDNL,11.6,0,2018/1/30,20170103CDLG000210052944,B024-TXN-00685,已成交,用户提供的历史交易快照
29989161,923000006,CDNL,15.61,0,2018/1/1,20170103CDLG000210052944,B024-TXN-00686,已成交,用户提供的历史交易快照
30211283,930040000,CDNL,13.22,1,2018/1/1,20170103CDLG000210052944,B024-TXN-00687,已成交,用户提供的历史交易快照
30005775,914040401,CDNL,3.1,1,2018/1/2,20170103CDLG000210052945,B024-TXN-00688,已成交,用户提供的历史交易快照
30163281,914010000,CDNL,2.0,1,2018/1/3,20170103CDLG000210052945,B024-TXN-00689,已成交,用户提供的历史交易快照
30144190,914000100,CDNL,3.62,1,2018/1/4,20170103CDLG000210052945,B024-TXN-00690,已成交,用户提供的历史交易快照
29989153,923000006,CDNL,7.6,1,2018/1/5,20170103CDLG000210052946,B024-TXN-00691,已成交,用户提供的历史交易快照
30020084,923000002,CDNL,9.6,2,2018/1/6,20170103CDLG000210052946,B024-TXN-00692,已成交,用户提供的历史交易快照
30020095,923000010,CDNL,7.6,1,2018/1/7,20170103CDLG000210052946,B024-TXN-00693,已成交,用户提供的历史交易快照
30023041,923000006,CDNL,3.2,2,2018/1/8,20170103CDLG000210052946,B024-TXN-00694,已成交,用户提供的历史交易快照
30020269,923000101,CDNL,7.6,2,2018/1/9,20170103CDLG000210052946,B024-TXN-00695,已成交,用户提供的历史交易快照
30045601,912060301,CDNL,19.62,0,2018/1/10,20170103CDLG000210052946,B024-TXN-00696,已成交,用户提供的历史交易快照
29989155,923000002,CDNL,4.8,2,2018/1/11,20170103CDLG000210052946,B024-TXN-00697,已成交,用户提供的历史交易快照
30022232,960000000,CDNL,0.3,1,2018/1/12,20170103CDLG000210052946,B024-TXN-00698,已成交,用户提供的历史交易快照
30022232,960000000,CDNL,0.3,1,2018/1/13,20170103CDLG000210052946,B024-TXN-00699,已成交,用户提供的历史交易快照
30099528,912060303,CDNL,23.21,0,2018/1/14,20170103CDLG000210052946,B024-TXN-00700,已成交,用户提供的历史交易快照
30169440,912060303,CDNL,33.18,0,2018/1/15,20170103CDLG000210052946,B024-TXN-00701,已成交,用户提供的历史交易快照
29989143,923000001,CDNL,5.0,1,2018/1/16,20170103CDLG000210052946,B024-TXN-00702,已成交,用户提供的历史交易快照
29989172,923000002,CDNL,9.6,1,2018/1/17,20170103CDLG000210052946,B024-TXN-00703,已成交,用户提供的历史交易快照
29989156,923000000,CDNL,10.81,1,2018/1/18,20170103CDLG000210052947,B024-TXN-00704,已成交,用户提供的历史交易快照
29989152,923000001,CDNL,5.6,1,2018/1/19,20170103CDLG000210052947,B024-TXN-00705,已成交,用户提供的历史交易快照
30179817,914100104,CDNL,2.32,1,2018/1/20,20170103CDLG000210052947,B024-TXN-00706,已成交,用户提供的历史交易快照
29989073,922000002,CDNL,4.79,0,2018/1/21,20170103CDLG000210052947,B024-TXN-00707,已成交,用户提供的历史交易快照
30012630,914100104,CDNL,2.32,1,2018/1/22,20170103CDLG000210052947,B024-TXN-00708,已成交,用户提供的历史交易快照
30116866,914100003,CDNL,5.62,1,2018/1/23,20170103CDLG000210052947,B024-TXN-00709,已成交,用户提供的历史交易快照
29989071,922000002,CDNL,3.4,1,2018/1/24,20170103CDLG000210052947,B024-TXN-00710,已成交,用户提供的历史交易快照
30020281,923000101,CDNL,9.6,1,2018/1/25,20170103CDLG000210052947,B024-TXN-00711,已成交,用户提供的历史交易快照
30008041,910020202,CDNL,9.52,1,2018/1/26,20170103CDLG000210052948,B024-TXN-00712,已成交,用户提供的历史交易快照
29989098,922000001,CDNL,2.8,1,2018/1/27,20170103CDLG000210052949,B024-TXN-00713,已成交,用户提供的历史交易快照
30031113,923000006,CDNL,1.0,1,2018/1/28,20170103CDLG000210052949,B024-TXN-00714,已成交,用户提供的历史交易快照
29989089,922000000,CDNL,11.55,0,2018/1/29,20170103CDLG000210052949,B024-TXN-00715,已成交,用户提供的历史交易快照
29989076,922000006,CDNL,3.58,1,2018/1/30,20170103CDLG000210052949,B024-TXN-00716,已成交,用户提供的历史交易快照
30006041,915010000,CDNL,7.57,1,2018/1/1,20170103CDLG000210052950,B024-TXN-00717,已成交,用户提供的历史交易快照
30002251,912000100,CDNL,5.42,1,2018/1/1,20170103CDLG000210052951,B024-TXN-00718,已成交,用户提供的历史交易快照
29989156,923000000,CDNL,10.8,1,2018/1/2,20170103CDLG000210052952,B024-TXN-00719,已成交,用户提供的历史交易快照
30008676,912040001,CDNL,3.52,1,2018/1/3,20170103CDLG000210052952,B024-TXN-00720,已成交,用户提供的历史交易快照
30214187,912060304,CDNL,39.09,0,2018/1/4,20170103CDLG000210052952,B024-TXN-00721,已成交,用户提供的历史交易快照
30007561,910030102,CDNL,3.32,1,2018/1/5,20170103CDLG000210052952,B024-TXN-00722,已成交,用户提供的历史交易快照
30008389,912060302,CDNL,25.23,0,2018/1/6,20170103CDLG000210052952,B024-TXN-00723,已成交,用户提供的历史交易快照
30007675,913050103,CDNL,3.02,1,2018/1/7,20170103CDLG000210052953,B024-TXN-00724,已成交,用户提供的历史交易快照
30044266,912000103,CDNL,12.62,0,2018/1/8,20170103CDLG000210052953,B024-TXN-00725,已成交,用户提供的历史交易快照
30078085,912060303,CDNL,19.23,1,2018/1/9,20170103CDLG000210052953,B024-TXN-00726,已成交,用户提供的历史交易快照
30073663,912060303,CDNL,43.63,0,2018/1/10,20170103CDLG000210052953,B024-TXN-00727,已成交,用户提供的历史交易快照
30002537,912040107,CDNL,7.72,1,2018/1/11,20170103CDLG000210052953,B024-TXN-00728,已成交,用户提供的历史交易快照
30010445,912020101,CDNL,8.72,1,2018/1/12,20170103CDLG000210052953,B024-TXN-00729,已成交,用户提供的历史交易快照
30016984,913050103,CDNL,3.32,1,2018/1/13,20170103CDLG000210052953,B024-TXN-00730,已成交,用户提供的历史交易快照
30162126,912060303,CDNL,51.26,0,2018/1/14,20170103CDLG000210052953,B024-TXN-00731,已成交,用户提供的历史交易快照
30179390,912030200,CDNL,3.2,1,2018/1/15,20170103CDLG000210052953,B024-TXN-00732,已成交,用户提供的历史交易快照
30002417,912040201,CDNL,5.62,1,2018/1/16,20170103CDLG000210052953,B024-TXN-00733,已成交,用户提供的历史交易快照
30002534,912040105,CDNL,7.72,1,2018/1/17,20170103CDLG000210052953,B024-TXN-00734,已成交,用户提供的历史交易快照
30022232,960000000,CDNL,0.3,1,2018/1/18,20170103CDLG000210052953,B024-TXN-00735,已成交,用户提供的历史交易快照
30001796,912020102,CDNL,2.0,1,2018/1/19,20170103CDLG000210052953,B024-TXN-00736,已成交,用户提供的历史交易快照
30001796,912020102,CDNL,2.0,1,2018/1/20,20170103CDLG000210052953,B024-TXN-00737,已成交,用户提供的历史交易快照
30007679,913050103,CDNL,3.02,1,2018/1/21,20170103CDLG000210052953,B024-TXN-00738,已成交,用户提供的历史交易快照
30010245,912010004,CDNL,2.52,1,2018/1/22,20170103CDLG000210052953,B024-TXN-00739,已成交,用户提供的历史交易快照
30010245,912010004,CDNL,2.52,1,2018/1/23,20170103CDLG000210052953,B024-TXN-00740,已成交,用户提供的历史交易快照
30051143,912030004,CDNL,16.32,1,2018/1/24,20170103CDLG000210052953,B024-TXN-00741,已成交,用户提供的历史交易快照
30211256,931070003,CDNL,29.52,1,2018/1/25,20170103CDLG000210052954,B024-TXN-00742,已成交,用户提供的历史交易快照
29989824,931080003,CDNL,4.52,1,2018/1/26,20170103CDLG000210052954,B024-TXN-00743,已成交,用户提供的历史交易快照
30135547,930000201,CDNL,9.52,1,2018/1/27,20170103CDLG000210052954,B024-TXN-00744,已成交,用户提供的历史交易快照
30142024,910020202,CDNL,9.52,1,2018/1/28,20170103CDLG000210052955,B024-TXN-00745,已成交,用户提供的历史交易快照
30142024,910020202,CDNL,9.52,1,2018/1/29,20170103CDLG000210052955,B024-TXN-00746,已成交,用户提供的历史交易快照
30064497,910020204,CDNL,9.52,1,2018/1/30,20170103CDLG000210052955,B024-TXN-00747,已成交,用户提供的历史交易快照
30022232,960000000,CDNL,0.3,1,2018/1/1,20170103CDLG000210052956,B024-TXN-00748,已成交,用户提供的历史交易快照
29989077,922000008,CDNL,13.59,-1,2018/1/1,20170103CDLG000210052957,B024-TXN-00749,已成交,用户提供的历史交易快照
29989099,922000008,CDNL,1.58,-1,2018/1/2,20170103CDLG000210052957,B024-TXN-00750,已成交,用户提供的历史交易快照
30010045,911000000,CDNL,5.52,-1,2018/1/3,20170103CDLG000210052957,B024-TXN-00751,已成交,用户提供的历史交易快照
30022232,960000000,CDNL,0.3,-1,2018/1/4,20170103CDLG000210052957,B024-TXN-00752,已成交,用户提供的历史交易快照
30063823,914050100,CDNL,1.2,-1,2018/1/5,20170103CDLG000210052957,B024-TXN-00753,已成交,用户提供的历史交易快照
30023192,922000000,CDNL,9.62,0,2018/1/6,20170103CDLG000210052957,B024-TXN-00754,已成交,用户提供的历史交易快照
30070164,914000001,CDNL,11.52,-1,2018/1/7,20170103CDLG000210052957,B024-TXN-00755,已成交,用户提供的历史交易快照
30136855,912060303,CDNL,17.43,-1,2018/1/8,20170103CDLG000210052957,B024-TXN-00756,已成交,用户提供的历史交易快照
29989059,922000003,CDNL,1.98,-2,2018/1/9,20170103CDLG000210052957,B024-TXN-00757,已成交,用户提供的历史交易快照
29989071,922000002,CDNL,3.4,-1,2018/1/10,20170103CDLG000210052957,B024-TXN-00758,已成交,用户提供的历史交易快照
30035851,930040204,CDNL,36.52,1,2018/1/11,20170103CDLG000210052958,B024-TXN-00759,已成交,用户提供的历史交易快照
30164949,930020500,CDNL,20.52,1,2018/1/12,20170103CDLG000210052958,B024-TXN-00760,已成交,用户提供的历史交易快照
30020269,923000101,CDNL,7.6,1,2018/1/13,20170103CDLG000210052958,B024-TXN-00761,已成交,用户提供的历史交易快照
29989136,923000006,CDNL,8.82,0,2018/1/14,20170103CDLG000210052958,B024-TXN-00762,已成交,用户提供的历史交易快照
30027007,923000006,CDNL,5.6,1,2018/1/15,20170103CDLG000210052958,B024-TXN-00763,已成交,用户提供的历史交易快照
30022233,960000000,CDNL,0.2,1,2018/1/16,20170103CDLG000210052958,B024-TXN-00764,已成交,用户提供的历史交易快照
29989105,922000000,CDNL,2.8,1,2018/1/17,20170103CDLG000210052959,B024-TXN-00765,已成交,用户提供的历史交易快照
29989083,922000000,CDNL,4.2,1,2018/1/18,20170103CDLG000210052959,B024-TXN-00766,已成交,用户提供的历史交易快照
29989065,922000000,CDNL,21.58,0,2018/1/19,20170103CDLG000210052959,B024-TXN-00767,已成交,用户提供的历史交易快照
29989065,922000000,CDNL,21.56,0,2018/1/20,20170103CDLG000210052959,B024-TXN-00768,已成交,用户提供的历史交易快照
29989048,922000001,CDNL,1.98,1,2018/1/21,20170103CDLG000210052959,B024-TXN-00769,已成交,用户提供的历史交易快照
29989071,922000002,CDNL,3.4,2,2018/1/22,20170103CDLG000210052959,B024-TXN-00770,已成交,用户提供的历史交易快照
29989077,922000008,CDNL,11.62,0,2018/1/23,20170103CDLG000210052961,B024-TXN-00771,已成交,用户提供的历史交易快照
30214801,925090000,CDNL,27.41,2,2018/1/24,20170103CDLG000210052961,B024-TXN-00772,已成交,用户提供的历史交易快照
30200160,912000104,CDNL,5.72,1,2018/1/25,20170103CDLG000210052963,B024-TXN-00773,已成交,用户提供的历史交易快照
30006297,914100000,CDNL,12.12,1,2018/1/26,20170103CDLG000210052963,B024-TXN-00774,已成交,用户提供的历史交易快照
30192720,914100004,CDNL,14.82,1,2018/1/27,20170103CDLG000210052963,B024-TXN-00775,已成交,用户提供的历史交易快照
30008090,910030001,CDNL,1.5,2,2018/1/28,20170103CDLG000210052964,B024-TXN-00776,已成交,用户提供的历史交易快照
30006263,914100001,CDNL,5.52,1,2018/1/29,20170103CDLG000210052964,B024-TXN-00777,已成交,用户提供的历史交易快照
30006246,914100001,CDNL,5.52,1,2018/1/30,20170103CDLG000210052964,B024-TXN-00778,已成交,用户提供的历史交易快照
30010575,930000202,CDNL,16.52,1,2018/1/1,20170103CDLG000210052965,B024-TXN-00779,已成交,用户提供的历史交易快照
30064378,931060101,CDNL,27.22,1,2018/1/1,20170103CDLG000210052965,B024-TXN-00780,已成交,用户提供的历史交易快照
30077548,930040100,CDNL,4.22,1,2018/1/2,20170103CDLG000210052965,B024-TXN-00781,已成交,用户提供的历史交易快照
30077550,930040100,CDNL,4.52,1,2018/1/3,20170103CDLG000210052965,B024-TXN-00782,已成交,用户提供的历史交易快照
30000880,930020101,CDNL,7.22,1,2018/1/4,20170103CDLG000210052965,B024-TXN-00783,已成交,用户提供的历史交易快照
30000880,930020101,CDNL,7.22,1,2018/1/5,20170103CDLG000210052965,B024-TXN-00784,已成交,用户提供的历史交易快照
30022232,960000000,CDNL,0.3,1,2018/1/6,20170103CDLG000210052965,B024-TXN-00785,已成交,用户提供的历史交易快照
30127854,930020600,CDNL,2.52,1,2018/1/7,20170103CDLG000210052965,B024-TXN-00786,已成交,用户提供的历史交易快照
30001585,910020300,CDNL,5.52,7,2018/1/8,20170103CDLG000210052966,B024-TXN-00787,已成交,用户提供的历史交易快照
30023187,922000003,CDNL,3.2,1,2018/1/9,20170103CDLG000210052967,B024-TXN-00788,已成交,用户提供的历史交易快照
30020145,915030104,CDNL,4.16,2,2018/1/10,20170103CDLG000210052968,B024-TXN-00789,已成交,用户提供的历史交易快照
30010587,914070201,CDNL,4.12,1,2018/1/11,20170103CDLG000210052969,B024-TXN-00790,已成交,用户提供的历史交易快照
30010587,914070201,CDNL,4.12,1,2018/1/12,20170103CDLG000210052969,B024-TXN-00791,已成交,用户提供的历史交易快照
30010587,914070201,CDNL,4.12,1,2018/1/13,20170103CDLG000210052969,B024-TXN-00792,已成交,用户提供的历史交易快照
30010587,914070201,CDNL,4.12,1,2018/1/14,20170103CDLG000210052969,B024-TXN-00793,已成交,用户提供的历史交易快照
30010587,914070201,CDNL,4.12,1,2018/1/15,20170103CDLG000210052969,B024-TXN-00794,已成交,用户提供的历史交易快照
30078251,912060008,CDNL,15.63,0,2018/1/16,20170103CDLG000210052969,B024-TXN-00795,已成交,用户提供的历史交易快照
30020635,912060005,CDNL,15.6,0,2018/1/17,20170103CDLG000210052969,B024-TXN-00796,已成交,用户提供的历史交易快照
29989143,923000001,CDNL,5.0,0,2018/1/18,20170103CDLG000210052970,B024-TXN-00797,已成交,用户提供的历史交易快照
29989157,923000000,CDNL,5.6,1,2018/1/19,20170103CDLG000210052970,B024-TXN-00798,已成交,用户提供的历史交易快照
30008276,911010501,CDNL,15.42,1,2018/1/20,20170103CDLG000210052971,B024-TXN-00799,已成交,用户提供的历史交易快照
30006039,915010001,CDNL,11.58,1,2018/1/21,20170103CDLG000210052971,B024-TXN-00800,已成交,用户提供的历史交易快照
29989157,923000000,CDNL,5.6,2,2018/1/22,20170103CDLG000210052972,B024-TXN-00801,已成交,用户提供的历史交易快照
30023041,923000006,CDNL,3.2,0,2018/1/23,20170103CDLG000210052973,B024-TXN-00802,已成交,用户提供的历史交易快照
30022232,960000000,CDNL,0.3,1,2018/1/24,20170103CDLG000210052973,B024-TXN-00803,已成交,用户提供的历史交易快照
29989152,923000001,CDNL,5.6,1,2018/1/25,20170103CDLG000210052973,B024-TXN-00804,已成交,用户提供的历史交易快照
30178069,912060303,CDNL,31.16,0,2018/1/26,20170103CDLG000210052973,B024-TXN-00805,已成交,用户提供的历史交易快照
29989157,923000000,CDNL,5.6,1,2018/1/27,20170103CDLG000210052973,B024-TXN-00806,已成交,用户提供的历史交易快照
29989172,923000002,CDNL,9.6,1,2018/1/28,20170103CDLG000210052973,B024-TXN-00807,已成交,用户提供的历史交易快照
30023197,922000003,CDNL,6.79,0,2018/1/29,20170103CDLG000210052973,B024-TXN-00808,已成交,用户提供的历史交易快照
30101778,915030000,CDNL,59.52,1,2018/1/30,20170103CDLG000210052974,B024-TXN-00809,已成交,用户提供的历史交易快照
30012187,910030000,CDNL,2.62,1,2018/1/1,20170103CDLG000210052975,B024-TXN-00810,已成交,用户提供的历史交易快照
30012187,910030000,CDNL,2.62,1,2018/1/1,20170103CDLG000210052975,B024-TXN-00811,已成交,用户提供的历史交易快照
30008077,910030001,CDNL,2.02,1,2018/1/1,20170103CDLG000210052975,B024-TXN-00812,已成交,用户提供的历史交易快照
30008077,910030001,CDNL,2.02,1,2018/1/2,20170103CDLG000210052975,B024-TXN-00813,已成交,用户提供的历史交易快照
29989157,923000000,CDNL,5.59,1,2018/1/3,20170103CDLG000210052975,B024-TXN-00814,已成交,用户提供的历史交易快照
30073663,912060303,CDNL,43.62,0,2018/1/4,20170103CDLG000210052976,B024-TXN-00815,已成交,用户提供的历史交易快照
30020145,915030104,CDNL,4.16,2,2018/1/5,20170103CDLG000210052976,B024-TXN-00816,已成交,用户提供的历史交易快照
30073663,912060303,CDNL,43.61,0,2018/1/6,20170103CDLG000210052978,B024-TXN-00817,已成交,用户提供的历史交易快照
30110333,930010002,CDNL,49.52,1,2018/1/7,20170103CDLG000210052978,B024-TXN-00818,已成交,用户提供的历史交易快照
30071903,930010000,CDNL,22.62,1,2018/1/8,20170103CDLG000210052978,B024-TXN-00819,已成交,用户提供的历史交易快照
30162126,912060303,CDNL,51.12,0,2018/1/9,20170103CDLG000210052978,B024-TXN-00820,已成交,用户提供的历史交易快照
30169440,912060303,CDNL,33.22,0,2018/1/10,20170103CDLG000210052978,B024-TXN-00821,已成交,用户提供的历史交易快照
30063989,930010005,CDNL,4.52,1,2018/1/11,20170103CDLG000210052978,B024-TXN-00822,已成交,用户提供的历史交易快照
30063989,930010005,CDNL,4.52,1,2018/1/12,20170103CDLG000210052978,B024-TXN-00823,已成交,用户提供的历史交易快照
29991800,930000202,CDNL,6.22,1,2018/1/13,20170103CDLG000210052978,B024-TXN-00824,已成交,用户提供的历史交易快照
29991800,930000202,CDNL,6.22,1,2018/1/14,20170103CDLG000210052978,B024-TXN-00825,已成交,用户提供的历史交易快照
30136855,912060303,CDNL,17.43,1,2018/1/15,20170103CDLG000210052979,B024-TXN-00826,已成交,用户提供的历史交易快照
30094140,912000107,CDNL,3.52,1,2018/1/16,20170103CDLG000210052979,B024-TXN-00827,已成交,用户提供的历史交易快照
30006040,915010000,CDNL,9.58,1,2018/1/17,20170103CDLG000210052979,B024-TXN-00828,已成交,用户提供的历史交易快照
30086243,912000107,CDNL,3.52,1,2018/1/18,20170103CDLG000210052979,B024-TXN-00829,已成交,用户提供的历史交易快照
30020269,923000101,CDNL,7.6,1,2018/1/19,20170103CDLG000210052980,B024-TXN-00830,已成交,用户提供的历史交易快照
29989056,922000001,CDNL,5.6,0,2018/1/20,20170103CDLG000210052980,B024-TXN-00831,已成交,用户提供的历史交易快照
29989157,923000000,CDNL,5.6,2,2018/1/21,20170103CDLG000210052980,B024-TXN-00832,已成交,用户提供的历史交易快照
29989157,923000000,CDNL,5.6,1,2018/1/22,20170103CDLG000310077028,B024-TXN-00833,已成交,用户提供的历史交易快照
29989157,923000000,CDNL,5.6,2,2018/1/23,20170103CDLG000310077028,B024-TXN-00834,已成交,用户提供的历史交易快照
29989157,923000000,CDNL,5.6,2,2018/1/24,20170103CDLG000310077028,B024-TXN-00835,已成交,用户提供的历史交易快照
30080875,930040206,CDNL,22.52,1,2018/1/25,20170103CDLG000310077029,B024-TXN-00836,已成交,用户提供的历史交易快照
30004003,914030002,CDNL,5.32,1,2018/1/26,20170103CDLG000310077030,B024-TXN-00837,已成交,用户提供的历史交易快照
30004112,914000000,CDNL,11.52,1,2018/1/27,20170103CDLG000310077030,B024-TXN-00838,已成交,用户提供的历史交易快照
30031936,912060400,CDNL,13.42,1,2018/1/28,20170103CDLG000310077030,B024-TXN-00839,已成交,用户提供的历史交易快照
30003833,914000300,CDNL,15.62,1,2018/1/29,20170103CDLG000310077030,B024-TXN-00840,已成交,用户提供的历史交易快照
29989059,922000003,CDNL,1.98,1,2018/1/30,20170103CDLG000310077031,B024-TXN-00841,已成交,用户提供的历史交易快照
30214313,930020502,CDNL,8.52,1,2018/1/1,20170103CDLG000310077032,B024-TXN-00842,已成交,用户提供的历史交易快照
29989059,922000003,CDNL,1.98,1,2018/1/1,20170103CDLG000310077032,B024-TXN-00843,已成交,用户提供的历史交易快照
30023041,923000006,CDNL,3.2,2,2018/1/2,20170103CDLG000310077033,B024-TXN-00844,已成交,用户提供的历史交易快照
29989076,922000006,CDNL,3.58,1,2018/1/3,20170103CDLG000310077033,B024-TXN-00845,已成交,用户提供的历史交易快照
30173848,920090000,CDNL,1.3,2,2018/1/4,20170103CDLG000310077033,B024-TXN-00846,已成交,用户提供的历史交易快照
30119297,930000201,CDNL,6.52,1,2018/1/5,20170103CDLG000310077033,B024-TXN-00847,已成交,用户提供的历史交易快照
30214802,925090000,CDNL,27.42,1,2018/1/6,20170103CDLG000310077034,B024-TXN-00848,已成交,用户提供的历史交易快照
30165692,931060122,CDNL,9.52,1,2018/1/7,20170103CDLG000310077034,B024-TXN-00849,已成交,用户提供的历史交易快照
30023187,922000003,CDNL,3.2,0,2018/1/8,20170103CDLG000310077035,B024-TXN-00850,已成交,用户提供的历史交易快照
29989071,922000002,CDNL,3.4,1,2018/1/9,20170103CDLG000310077035,B024-TXN-00851,已成交,用户提供的历史交易快照
30113344,912060303,CDNL,13.42,0,2018/1/10,20170103CDLG000310077036,B024-TXN-00852,已成交,用户提供的历史交易快照
30020249,923000002,CDNL,3.98,1,2018/1/11,20170103CDLG000310077036,B024-TXN-00853,已成交,用户提供的历史交易快照
29989058,922000001,CDNL,1.98,1,2018/1/12,20170103CDLG000310077036,B024-TXN-00854,已成交,用户提供的历史交易快照
29989102,922000001,CDNL,3.95,2,2018/1/13,20170103CDLG000310077037,B024-TXN-00855,已成交,用户提供的历史交易快照
30031738,915030101,CDNL,5.98,3,2018/1/14,20170103CDLG000310077038,B024-TXN-00856,已成交,用户提供的历史交易快照
30213314,914100000,CDNL,2.22,1,2018/1/15,20170103CDLG000310077039,B024-TXN-00857,已成交,用户提供的历史交易快照
29989161,923000006,CDNL,15.6,0,2018/1/16,20170103CDLG000310077039,B024-TXN-00858,已成交,用户提供的历史交易快照
30147127,910020300,CDNL,2.5,1,2018/1/17,20170103CDLG000310077039,B024-TXN-00859,已成交,用户提供的历史交易快照
29989231,924000005,CDNL,43.59,0,2018/1/18,20170103CDLG000310077039,B024-TXN-00860,已成交,用户提供的历史交易快照
29989540,924020000,CDNL,11.57,0,2018/1/19,20170103CDLG000310077040,B024-TXN-00861,已成交,用户提供的历史交易快照
29989068,922000004,CDNL,5.59,0,2018/1/20,20170103CDLG000310077040,B024-TXN-00862,已成交,用户提供的历史交易快照
29989105,922000000,CDNL,2.8,1,2018/1/21,20170103CDLG000310077040,B024-TXN-00863,已成交,用户提供的历史交易快照
30023041,923000006,CDNL,3.2,1,2018/1/22,20170103CDLG000310077041,B024-TXN-00864,已成交,用户提供的历史交易快照
29989161,923000006,CDNL,15.58,0,2018/1/23,20170103CDLG000310077041,B024-TXN-00865,已成交,用户提供的历史交易快照
30005877,914020100,CDNL,9.12,1,2018/1/24,20170103CDLG000310077041,B024-TXN-00866,已成交,用户提供的历史交易快照
30027007,923000006,CDNL,5.6,1,2018/1/25,20170103CDLG000310077041,B024-TXN-00867,已成交,用户提供的历史交易快照
30127852,930020600,CDNL,4.52,1,2018/1/26,20170103CDLG000310077041,B024-TXN-00868,已成交,用户提供的历史交易快照
30206392,930020502,CDNL,10.52,1,2018/1/27,20170103CDLG000310077041,B024-TXN-00869,已成交,用户提供的历史交易快照
29989133,923000006,CDNL,11.6,1,2018/1/28,20170103CDLG000310077041,B024-TXN-00870,已成交,用户提供的历史交易快照
30092224,912060303,CDNL,31.21,0,2018/1/29,20170103CDLG000310077041,B024-TXN-00871,已成交,用户提供的历史交易快照
29989083,922000000,CDNL,4.2,1,2018/1/30,20170103CDLG000310077042,B024-TXN-00872,已成交,用户提供的历史交易快照
29989071,922000002,CDNL,3.4,1,2018/1/1,20170103CDLG000310077042,B024-TXN-00873,已成交,用户提供的历史交易快照
29989082,922000000,CDNL,8.79,0,2018/1/1,20170103CDLG000310077042,B024-TXN-00874,已成交,用户提供的历史交易快照
30022232,960000000,CDNL,0.3,1,2018/1/2,20170103CDLG000310077043,B024-TXN-00875,已成交,用户提供的历史交易快照
29989105,922000000,CDNL,2.8,2,2018/1/3,20170103CDLG000310077043,B024-TXN-00876,已成交,用户提供的历史交易快照
29989059,922000003,CDNL,1.98,1,2018/1/4,20170103CDLG000310077043,B024-TXN-00877,已成交,用户提供的历史交易快照
29989059,922000003,CDNL,1.98,2,2018/1/5,20170103CDLG000310077043,B024-TXN-00878,已成交,用户提供的历史交易快照
30092224,912060303,CDNL,31.19,1,2018/1/6,20170103CDLG000310077043,B024-TXN-00879,已成交,用户提供的历史交易快照
30054569,931060302,CDNL,6.52,1,2018/1/7,20170103CDLG000310077044,B024-TXN-00880,已成交,用户提供的历史交易快照
30129232,931080003,CDNL,5.52,1,2018/1/8,20170103CDLG000310077044,B024-TXN-00881,已成交,用户提供的历史交易快照
29989540,924020000,CDNL,11.59,0,2018/1/9,20170103CDLG000310077044,B024-TXN-00882,已成交,用户提供的历史交易快照
30022233,960000000,CDNL,0.2,1,2018/1/10,20170103CDLG000310077044,B024-TXN-00883,已成交,用户提供的历史交易快照
30165691,931060121,CDNL,3.52,1,2018/1/11,20170103CDLG000310077044,B024-TXN-00884,已成交,用户提供的历史交易快照
29989172,923000002,CDNL,9.6,1,2018/1/12,20170103CDLG000310077044,B024-TXN-00885,已成交,用户提供的历史交易快照
30040629,922000005,CDNL,15.57,0,2018/1/13,20170103CDLG000310077044,B024-TXN-00886,已成交,用户提供的历史交易快照
29989077,922000008,CDNL,13.58,0,2018/1/14,20170103CDLG000310077045,B024-TXN-00887,已成交,用户提供的历史交易快照
30173850,920090000,CDNL,10.61,0,2018/1/15,20170103CDLG000310077045,B024-TXN-00888,已成交,用户提供的历史交易快照
29989063,922000000,CDNL,6.8,0,2018/1/16,20170103CDLG000310077045,B024-TXN-00889,已成交,用户提供的历史交易快照
30173848,920090000,CDNL,1.3,1,2018/1/17,20170103CDLG000310077045,B024-TXN-00890,已成交,用户提供的历史交易快照
29989113,922000002,CDNL,14.81,0,2018/1/18,20170103CDLG000310077045,B024-TXN-00891,已成交,用户提供的历史交易快照
29989058,922000001,CDNL,1.98,1,2018/1/19,20170103CDLG000310077045,B024-TXN-00892,已成交,用户提供的历史交易快照
29999817,930000201,CDNL,11.52,1,2018/1/20,20170103CDLG000310077047,B024-TXN-00893,已成交,用户提供的历史交易快照
30005965,914090003,CDNL,39.52,1,2018/1/21,20170103CDLG000310077047,B024-TXN-00894,已成交,用户提供的历史交易快照
29989091,922000000,CDNL,4.2,1,2018/1/22,20170103CDLG000310077047,B024-TXN-00895,已成交,用户提供的历史交易快照
30006314,915030306,CDNL,10.62,2,2018/1/23,20170103CDLG000310077047,B024-TXN-00896,已成交,用户提供的历史交易快照
30031870,915030401,CDNL,6.58,3,2018/1/24,20170103CDLG000310077047,B024-TXN-00897,已成交,用户提供的历史交易快照
30102550,930010005,CDNL,3.3,2,2018/1/25,20170103CDLG000310077047,B024-TXN-00898,已成交,用户提供的历史交易快照
30022232,960000000,CDNL,0.3,1,2018/1/26,20170103CDLG000310077047,B024-TXN-00899,已成交,用户提供的历史交易快照
30005764,914040300,CDNL,6.52,1,2018/1/27,20170103CDLG000310077047,B024-TXN-00900,已成交,用户提供的历史交易快照
30005764,914040300,CDNL,6.52,1,2018/1/28,20170103CDLG000310077047,B024-TXN-00901,已成交,用户提供的历史交易快照
30013008,914040100,CDNL,9.72,1,2018/1/29,20170103CDLG000310077047,B024-TXN-00902,已成交,用户提供的历史交易快照
30005778,914040001,CDNL,6.62,1,2018/1/30,20170103CDLG000310077047,B024-TXN-00903,已成交,用户提供的历史交易快照
30044849,914010000,CDNL,8.72,1,2018/1/1,20170103CDLG000310077047,B024-TXN-00904,已成交,用户提供的历史交易快照
30167408,914020201,CDNL,2.82,1,2018/1/1,20170103CDLG000310077047,B024-TXN-00905,已成交,用户提供的历史交易快照
29989059,922000003,CDNL,1.64,3,2018/1/2,20170103CDLG000310077047,B024-TXN-00906,已成交,用户提供的历史交易快照
30004013,914050002,CDNL,2.92,5,2018/1/3,20170103CDLG000310077047,B024-TXN-00907,已成交,用户提供的历史交易快照
29992327,930040001,CDNL,6.52,1,2018/1/4,20170103CDLG000310077048,B024-TXN-00908,已成交,用户提供的历史交易快照
29999817,930000201,CDNL,11.52,1,2018/1/5,20170103CDLG000310077048,B024-TXN-00909,已成交,用户提供的历史交易快照
29992336,930040001,CDNL,6.52,1,2018/1/6,20170103CDLG000310077048,B024-TXN-00910,已成交,用户提供的历史交易快照
29991823,930000204,CDNL,19.52,1,2018/1/7,20170103CDLG000310077048,B024-TXN-00911,已成交,用户提供的历史交易快照
29999697,930040002,CDNL,9.52,1,2018/1/8,20170103CDLG000310077048,B024-TXN-00912,已成交,用户提供的历史交易快照
30049700,930040000,CDNL,9.52,1,2018/1/9,20170103CDLG000310077048,B024-TXN-00913,已成交,用户提供的历史交易快照
30149264,931050202,CDNL,10.52,1,2018/1/10,20170103CDLG000310077049,B024-TXN-00914,已成交,用户提供的历史交易快照
29989116,922000002,CDNL,2.4,1,2018/1/11,20170103CDLG000310077049,B024-TXN-00915,已成交,用户提供的历史交易快照
29989116,922000002,CDNL,2.4,1,2018/1/12,20170103CDLG000310077049,B024-TXN-00916,已成交,用户提供的历史交易快照
30146445,931030200,CDNL,19.52,1,2018/1/13,20170103CDLG000310077049,B024-TXN-00917,已成交,用户提供的历史交易快照
30022232,960000000,CDNL,0.3,1,2018/1/14,20170103CDLG000310077049,B024-TXN-00918,已成交,用户提供的历史交易快照
30027007,923000006,CDNL,5.6,1,2018/1/15,20170103CDLG000310077049,B024-TXN-00919,已成交,用户提供的历史交易快照
30006343,915030400,CDNL,3.98,2,2018/1/16,20170103CDLG000310077049,B024-TXN-00920,已成交,用户提供的历史交易快照
29989058,922000001,CDNL,1.98,1,2018/1/17,20170103CDLG000310077049,B024-TXN-00921,已成交,用户提供的历史交易快照
29989059,922000003,CDNL,1.98,2,2018/1/18,20170103CDLG000310077049,B024-TXN-00922,已成交,用户提供的历史交易快照
30006040,915010000,CDNL,9.58,1,2018/1/19,20170103CDLG000310077049,B024-TXN-00923,已成交,用户提供的历史交易快照
30202892,914040302,CDNL,6.32,1,2018/1/20,20170103CDLG000310077049,B024-TXN-00924,已成交,用户提供的历史交易快照
29989083,922000000,CDNL,4.2,0,2018/1/21,20170103CDLG000310077050,B024-TXN-00925,已成交,用户提供的历史交易快照
29989613,922000005,CDNL,2.8,1,2018/1/22,20170103CDLG000310077050,B024-TXN-00926,已成交,用户提供的历史交易快照
30006041,915010000,CDNL,7.57,0,2018/1/23,20170103CDLG000310077050,B024-TXN-00927,已成交,用户提供的历史交易快照
30026255,915030104,CDNL,4.0,2,2018/1/24,20170103CDLG000310077050,B024-TXN-00928,已成交,用户提供的历史交易快照
29989062,922000000,CDNL,9.62,0,2018/1/25,20170103CDLG000310077050,B024-TXN-00929,已成交,用户提供的历史交易快照
30023195,922000001,CDNL,1.98,1,2018/1/26,20170103CDLG000310077050,B024-TXN-00930,已成交,用户提供的历史交易快照
29989059,922000003,CDNL,1.98,1,2018/1/27,20170103CDLG000310077050,B024-TXN-00931,已成交,用户提供的历史交易快照
29989071,922000002,CDNL,3.4,1,2018/1/28,20170103CDLG000310077050,B024-TXN-00932,已成交,用户提供的历史交易快照
29989613,922000005,CDNL,2.8,1,2018/1/29,20170103CDLG000310077051,B024-TXN-00933,已成交,用户提供的历史交易快照
30023187,922000003,CDNL,3.2,1,2018/1/30,20170103CDLG000310077051,B024-TXN-00934,已成交,用户提供的历史交易快照
29989105,922000000,CDNL,2.8,2,2018/1/1,20170103CDLG000310077051,B024-TXN-00935,已成交,用户提供的历史交易快照
29989058,922000001,CDNL,1.98,1,2018/1/1,20170103CDLG000310077051,B024-TXN-00936,已成交,用户提供的历史交易快照
29989540,924020000,CDNL,11.58,0,2018/1/1,20170103CDLG000310077052,B024-TXN-00937,已成交,用户提供的历史交易快照
29989105,922000000,CDNL,2.8,1,2018/1/2,20170103CDLG000310077052,B024-TXN-00938,已成交,用户提供的历史交易快照
29989071,922000002,CDNL,3.4,1,2018/1/3,20170103CDLG000310077052,B024-TXN-00939,已成交,用户提供的历史交易快照
30031870,915030401,CDNL,6.58,3,2018/1/4,20170103CDLG000310077053,B024-TXN-00940,已成交,用户提供的历史交易快照
30091811,915030202,CDNL,10.98,1,2018/1/5,20170103CDLG000310077053,B024-TXN-00941,已成交,用户提供的历史交易快照
30179532,915000106,CDNL,13.56,0,2018/1/6,20170103CDLG000310077053,B024-TXN-00942,已成交,用户提供的历史交易快照
30006329,915030303,CDNL,13.58,1,2018/1/7,20170103CDLG000310077053,B024-TXN-00943,已成交,用户提供的历史交易快照
30026116,915030102,CDNL,14.38,2,2018/1/8,20170103CDLG000310077053,B024-TXN-00944,已成交,用户提供的历史交易快照
30162085,930040104,CDNL,21.52,1,2018/1/9,20170103CDLG000310077054,B024-TXN-00945,已成交,用户提供的历史交易快照
30000820,930020003,CDNL,30.65,2,2018/1/10,20170103CDLG000310077055,B024-TXN-00946,已成交,用户提供的历史交易快照
30014686,931000301,CDNL,14.12,1,2018/1/11,20170103CDLG000310077056,B024-TXN-00947,已成交,用户提供的历史交易快照
29990870,930010002,CDNL,34.52,1,2018/1/12,20170103CDLG000310077057,B024-TXN-00948,已成交,用户提供的历史交易快照
29989072,922000002,CDNL,0.78,1,2018/1/13,20170103CDLG000310077059,B024-TXN-00949,已成交,用户提供的历史交易快照
30113909,930020001,CDNL,9.52,1,2018/1/14,20170103CDLG000310077059,B024-TXN-00950,已成交,用户提供的历史交易快照
30167079,930020502,CDNL,11.52,1,2018/1/15,20170103CDLG000310077059,B024-TXN-00951,已成交,用户提供的历史交易快照
29989047,922000000,CDNL,17.64,0,2018/1/16,20170103CDLG000310077060,B024-TXN-00952,已成交,用户提供的历史交易快照
29989071,922000002,CDNL,3.4,1,2018/1/17,20170103CDLG000310077060,B024-TXN-00953,已成交,用户提供的历史交易快照
29989613,922000005,CDNL,2.8,1,2018/1/18,20170103CDLG000310077062,B024-TXN-00954,已成交,用户提供的历史交易快照
30006039,915010001,CDNL,11.58,1,2018/1/19,20170103CDLG000310077062,B024-TXN-00955,已成交,用户提供的历史交易快照
29989049,922000001,CDNL,1.98,1,2018/1/20,20170103CDLG000310077062,B024-TXN-00956,已成交,用户提供的历史交易快照
29989065,922000000,CDNL,21.61,0,2018/1/21,20170103CDLG000310077062,B024-TXN-00957,已成交,用户提供的历史交易快照
30023201,922000002,CDNL,8.79,0,2018/1/22,20170103CDLG000310077062,B024-TXN-00958,已成交,用户提供的历史交易快照
30214817,925090000,CDNL,39.41,0,2018/1/23,20170103CDLG000310077062,B024-TXN-00959,已成交,用户提供的历史交易快照
29989085,922000002,CDNL,1.18,1,2018/1/24,20170103CDLG000310077062,B024-TXN-00960,已成交,用户提供的历史交易快照
30070164,914000001,CDNL,11.52,1,2018/1/25,20170103CDLG000310077062,B024-TXN-00961,已成交,用户提供的历史交易快照
29989058,922000001,CDNL,1.98,1,2018/1/26,20170103CDLG000310077062,B024-TXN-00962,已成交,用户提供的历史交易快照
29989059,922000003,CDNL,1.98,1,2018/1/27,20170103CDLG000310077062,B024-TXN-00963,已成交,用户提供的历史交易快照
30000895,930020104,CDNL,7.12,1,2018/1/28,20170103CDLG000310077062,B024-TXN-00964,已成交,用户提供的历史交易快照
30023197,922000003,CDNL,6.79,0,2018/1/29,20170103CDLG000310077062,B024-TXN-00965,已成交,用户提供的历史交易快照
30118705,912060301,CDNL,31.22,1,2018/1/30,20170103CDLG000310077062,B024-TXN-00966,已成交,用户提供的历史交易快照
30205566,936000500,CDNL,18.42,1,2018/1/1,20170103CDLG000310077062,B024-TXN-00967,已成交,用户提供的历史交易快照
30214804,925090000,CDNL,33.4,0,2018/1/1,20170103CDLG000310077062,B024-TXN-00968,已成交,用户提供的历史交易快照
30031870,915030401,CDNL,6.58,2,2018/1/2,20170103CDLG000310077063,B024-TXN-00969,已成交,用户提供的历史交易快照
30214817,925090000,CDNL,39.42,2,2018/1/3,20170103CDLG000310077063,B024-TXN-00970,已成交,用户提供的历史交易快照
30022974,915030404,CDNL,6.18,2,2018/1/4,20170103CDLG000310077063,B024-TXN-00971,已成交,用户提供的历史交易快照
29989059,922000003,CDNL,1.98,2,2018/1/5,20170103CDLG000310077063,B024-TXN-00972,已成交,用户提供的历史交易快照
30031738,915030101,CDNL,4.92,2,2018/1/6,20170103CDLG000310077064,B024-TXN-00973,已成交,用户提供的历史交易快照
30169542,931070104,CDNL,3.42,1,2018/1/7,20170103CDLG000310077065,B024-TXN-00974,已成交,用户提供的历史交易快照
30169542,931070104,CDNL,3.42,1,2018/1/8,20170103CDLG000310077065,B024-TXN-00975,已成交,用户提供的历史交易快照
30148575,931050304,CDNL,4.52,1,2018/1/9,20170103CDLG000310077065,B024-TXN-00976,已成交,用户提供的历史交易快照
30214817,925090000,CDNL,39.42,2,2018/1/10,20170103CDLG000310077067,B024-TXN-00977,已成交,用户提供的历史交易快照
30022232,960000000,CDNL,0.3,1,2018/1/11,20170103CDLG000310077068,B024-TXN-00978,已成交,用户提供的历史交易快照
29989059,922000003,CDNL,1.98,2,2018/1/12,20170103CDLG000310077069,B024-TXN-00979,已成交,用户提供的历史交易快照
29989157,923000000,CDNL,5.6,2,2018/1/13,20170103CDLG000310077069,B024-TXN-00980,已成交,用户提供的历史交易快照
29989077,922000008,CDNL,13.6,0,2018/1/14,20170103CDLG000310077070,B024-TXN-00981,已成交,用户提供的历史交易快照
30214817,925090000,CDNL,39.42,1,2018/1/15,20170103CDLG000310077070,B024-TXN-00982,已成交,用户提供的历史交易快照
29989059,922000003,CDNL,1.98,1,2018/1/16,20170103CDLG000310077070,B024-TXN-00983,已成交,用户提供的历史交易快照
30023041,923000006,CDNL,3.2,1,2018/1/17,20170103CDLG000310077071,B024-TXN-00984,已成交,用户提供的历史交易快照
29989060,922000000,CDNL,9.63,0,2018/1/18,20170103CDLG000310077071,B024-TXN-00985,已成交,用户提供的历史交易快照
29989153,923000006,CDNL,7.6,1,2018/1/19,20170103CDLG000310077071,B024-TXN-00986,已成交,用户提供的历史交易快照
29989048,922000001,CDNL,1.98,0,2018/1/20,20170103CDLG000310077071,B024-TXN-00987,已成交,用户提供的历史交易快照
29989059,922000003,CDNL,1.98,1,2018/1/21,20170103CDLG000310077071,B024-TXN-00988,已成交,用户提供的历史交易快照
29989059,922000003,CDNL,1.98,2,2018/1/22,20170103CDLG000310077071,B024-TXN-00989,已成交,用户提供的历史交易快照
30173849,920090000,CDNL,0.5,2,2018/1/23,20170103CDLG000310077071,B024-TXN-00990,已成交,用户提供的历史交易快照
30023041,923000006,CDNL,3.2,2,2018/1/24,20170103CDLG000310077072,B024-TXN-00991,已成交,用户提供的历史交易快照
29989058,922000001,CDNL,1.98,1,2018/1/25,20170103CDLG000310077072,B024-TXN-00992,已成交,用户提供的历史交易快照
29989058,922000001,CDNL,1.98,1,2018/1/26,20170103CDLG000310077072,B024-TXN-00993,已成交,用户提供的历史交易快照
29989059,922000003,CDNL,1.98,2,2018/1/27,20170103CDLG000310077072,B024-TXN-00994,已成交,用户提供的历史交易快照
30214826,925090000,CDNL,55.56,0,2018/1/28,20170103CDLG000310077074,B024-TXN-00995,已成交,用户提供的历史交易快照
30214809,925090000,CDNL,31.42,2,2018/1/29,20170103CDLG000310077074,B024-TXN-00996,已成交,用户提供的历史交易快照
29989059,922000003,CDNL,1.98,1,2018/1/30,20170103CDLG000310077074,B024-TXN-00997,已成交,用户提供的历史交易快照
29989059,922000003,CDNL,1.98,1,2018/1/1,20170103CDLG000310077074,B024-TXN-00998,已成交,用户提供的历史交易快照
29989083,922000000,CDNL,4.2,1,2018/1/1,20170103CDLG000310077075,B024-TXN-00999,已成交,用户提供的历史交易快照
29989059,922000003,CDLG,1.98,1,2018/1/2,20170103CDLG000310077075,B024-TXN-01000,已成交,用户提供的历史交易快照
29989059,922000003,CDLG,1.98,1,2018/1/3,20170103CDLG000310077075,B024-TXN-01001,已成交,用户提供的历史交易快照
29989059,922000003,CDLG,1.98,2,2018/1/4,20170103CDLG000310077075,B024-TXN-01002,已成交,用户提供的历史交易快照
30008077,910030001,CDLG,1.95,19,2018/1/5,20170103CDLG000310077077,B024-TXN-01003,已成交,用户提供的历史交易快照
30165986,914000002,CDLG,9.52,1,2018/1/6,20170103CDLG000310077077,B024-TXN-01004,已成交,用户提供的历史交易快照
29989151,923000002,CDLG,7.59,0,2018/1/7,20170103CDLG000310077077,B024-TXN-01005,已成交,用户提供的历史交易快照
30178460,931060400,CDLG,6.52,1,2018/1/8,20170103CDLG000310077077,B024-TXN-01006,已成交,用户提供的历史交易快照
30178460,931060400,CDLG,6.52,1,2018/1/9,20170103CDLG000310077077,B024-TXN-01007,已成交,用户提供的历史交易快照
30022232,960000000,CDLG,0.3,1,2018/1/10,20170103CDLG000310077077,B024-TXN-01008,已成交,用户提供的历史交易快照
30027007,923000006,CDLG,5.6,1,2018/1/11,20170103CDLG000310077077,B024-TXN-01009,已成交,用户提供的历史交易快照
30212907,931080104,CDLG,9.52,1,2018/1/12,20170103CDLG000310077077,B024-TXN-01010,已成交,用户提供的历史交易快照
30212907,931080104,CDLG,9.52,1,2018/1/13,20170103CDLG000310077077,B024-TXN-01011,已成交,用户提供的历史交易快照
30212907,931080104,CDLG,9.52,1,2018/1/14,20170103CDLG000310077077,B024-TXN-01012,已成交,用户提供的历史交易快照
30163281,914010000,CDLG,2.0,1,2018/1/15,20170103CDLG000310077077,B024-TXN-01013,已成交,用户提供的历史交易快照
30163281,914010000,CDLG,2.0,1,2018/1/16,20170103CDLG000310077077,B024-TXN-01014,已成交,用户提供的历史交易快照
30002828,913020100,CDLG,14.52,1,2018/1/17,20170103CDLG000310077077,B024-TXN-01015,已成交,用户提供的历史交易快照
30084608,931060403,CDLG,1.9,1,2018/1/18,20170103CDLG000310077077,B024-TXN-01016,已成交,用户提供的历史交易快照
30119297,930000201,CDLG,6.52,1,2018/1/19,20170103CDLG000310077077,B024-TXN-01017,已成交,用户提供的历史交易快照
30186264,936010002,CDLG,4.52,1,2018/1/20,20170103CDLG000310077077,B024-TXN-01018,已成交,用户提供的历史交易快照
30186264,936010002,CDLG,4.52,1,2018/1/21,20170103CDLG000310077077,B024-TXN-01019,已成交,用户提供的历史交易快照
30020252,923000002,CDLG,11.6,1,2018/1/22,20170103CDLG000310077077,B024-TXN-01020,已成交,用户提供的历史交易快照
30035217,922000005,CDLG,7.6,0,2018/1/23,20170103CDLG000310077077,B024-TXN-01021,已成交,用户提供的历史交易快照
30113909,930020001,CDLG,9.52,1,2018/1/24,20170103CDLG000310077077,B024-TXN-01022,已成交,用户提供的历史交易快照
30179545,915000106,CDLG,67.22,0,2018/1/25,20170103CDLG000310077079,B024-TXN-01023,已成交,用户提供的历史交易快照
29989072,922000002,CDLG,0.78,2,2018/1/26,20170103CDLG000310077079,B024-TXN-01024,已成交,用户提供的历史交易快照
30214809,925090000,CDLG,31.42,2,2018/1/27,20170103CDLG000310077079,B024-TXN-01025,已成交,用户提供的历史交易快照
29989059,922000003,CDLG,1.98,2,2018/1/28,20170103CDLG000310077079,B024-TXN-01026,已成交,用户提供的历史交易快照
30179545,915000106,CDLG,67.08,0,2018/1/29,20170103CDLG000310077080,B024-TXN-01027,已成交,用户提供的历史交易快照
30008406,912060303,CDLG,29.21,0,2018/1/30,20170103CDLG000310077080,B024-TXN-01028,已成交,用户提供的历史交易快照
30027007,923000006,CDLG,5.6,1,2018/1/1,20170103CDLG000310077080,B024-TXN-01029,已成交,用户提供的历史交易快照
30006343,915030400,CDLG,3.98,1,2018/1/1,20170103CDLG000310077080,B024-TXN-01030,已成交,用户提供的历史交易快照
30179558,915000100,CDLG,47.32,0,2018/1/2,20170103CDLG000310077080,B024-TXN-01031,已成交,用户提供的历史交易快照
30010106,914010001,CDLG,15.52,1,2018/1/3,20170103CDLG000310077082,B024-TXN-01032,已成交,用户提供的历史交易快照
29989077,922000008,CDLG,13.6,1,2018/1/4,20170103CDLG000310077082,B024-TXN-01033,已成交,用户提供的历史交易快照
30023041,923000006,CDLG,3.2,2,2018/1/5,20170103CDLG000310077082,B024-TXN-01034,已成交,用户提供的历史交易快照
29989059,922000003,CDLG,1.98,1,2018/1/6,20170103CDLG000310077082,B024-TXN-01035,已成交,用户提供的历史交易快照
29989059,922000003,CDLG,1.98,1,2018/1/7,20170103CDLG000310077082,B024-TXN-01036,已成交,用户提供的历史交易快照
29989071,922000002,CDLG,3.4,1,2018/1/8,20170103CDLG000310077082,B024-TXN-01037,已成交,用户提供的历史交易快照
30020249,923000002,CDLG,3.98,2,2018/1/9,20170103CDLG000310077083,B024-TXN-01038,已成交,用户提供的历史交易快照
30173848,920090000,CDLG,1.3,1,2018/1/10,20170103CDLG000310077083,B024-TXN-01039,已成交,用户提供的历史交易快照
30214826,925090000,CDLG,54.85,0,2018/1/11,20170103CDLG000310077083,B024-TXN-01040,已成交,用户提供的历史交易快照
30006343,915030400,CDLG,3.98,2,2018/1/12,20170103CDLG000310077083,B024-TXN-01041,已成交,用户提供的历史交易快照
29989059,922000003,CDLG,1.98,1,2018/1/13,20170103CDLG000310077083,B024-TXN-01042,已成交,用户提供的历史交易快照
29989072,922000002,CDLG,0.78,1,2018/1/14,20170103CDLG000310077085,B024-TXN-01043,已成交,用户提供的历史交易快照
29989105,922000000,CDLG,2.8,1,2018/1/15,20170103CDLG000310077085,B024-TXN-01044,已成交,用户提供的历史交易快照
29989059,922000003,CDLG,1.98,1,2018/1/16,20170103CDLG000310077085,B024-TXN-01045,已成交,用户提供的历史交易快照
30214804,925090000,CDLG,33.42,1,2018/1/17,20170103CDLG000310077085,B024-TXN-01046,已成交,用户提供的历史交易快照
29999817,930000201,CDLG,11.52,1,2018/1/18,20170103CDLG000310077086,B024-TXN-01047,已成交,用户提供的历史交易快照
29989073,922000002,CDLG,4.8,1,2018/1/19,20170103CDLG000310077086,B024-TXN-01048,已成交,用户提供的历史交易快照
29989105,922000000,CDLG,2.8,1,2018/1/20,20170103CDLG000310077086,B024-TXN-01049,已成交,用户提供的历史交易快照
30008276,911010501,CDLG,15.43,1,2018/1/21,20170103CDLG000310077086,B024-TXN-01050,已成交,用户提供的历史交易快照
29989059,922000003,CDLG,1.98,1,2018/1/22,20170103CDLG000310077086,B024-TXN-01051,已成交,用户提供的历史交易快照
29989076,922000006,CDLG,3.58,1,2018/1/23,20170103CDLG000310077087,B024-TXN-01052,已成交,用户提供的历史交易快照
30129505,925090000,CDLG,25.22,1,2018/1/24,20170103CDLG000310077087,B024-TXN-01053,已成交,用户提供的历史交易快照
30129505,925090000,CDLG,25.22,1,2018/1/25,20170103CDLG000310077087,B024-TXN-01054,已成交,用户提供的历史交易快照
29989049,922000001,CDLG,1.98,1,2018/1/26,20170103CDLG000310077087,B024-TXN-01055,已成交,用户提供的历史交易快照
30022232,960000000,CDLG,0.3,1,2018/1/27,20170103CDLG000310077087,B024-TXN-01056,已成交,用户提供的历史交易快照
30006206,915000003,CDLG,25.25,0,2018/1/28,20170103CDLG000310077087,B024-TXN-01057,已成交,用户提供的历史交易快照
30023192,922000000,CDLG,9.62,0,2018/1/29,20170103CDLG000310077087,B024-TXN-01058,已成交,用户提供的历史交易快照
30023194,922000008,CDLG,13.6,0,2018/1/30,20170103CDLG000310077087,B024-TXN-01059,已成交,用户提供的历史交易快照
29989060,922000000,CDLG,9.58,0,2018/1/1,20170103CDLG000310077087,B024-TXN-01060,已成交,用户提供的历史交易快照
29989120,922000003,CDLG,3.6,1,2018/1/1,20170103CDLG000310077087,B024-TXN-01061,已成交,用户提供的历史交易快照
29989058,922000001,CDLG,1.98,1,2018/1/2,20170103CDLG000310077087,B024-TXN-01062,已成交,用户提供的历史交易快照
29989059,922000003,CDLG,1.98,1,2018/1/3,20170103CDLG000310077087,B024-TXN-01063,已成交,用户提供的历史交易快照
29989059,922000003,CDLG,1.98,1,2018/1/4,20170103CDLG000310077087,B024-TXN-01064,已成交,用户提供的历史交易快照
29989071,922000002,CDLG,3.4,1,2018/1/5,20170103CDLG000310077087,B024-TXN-01065,已成交,用户提供的历史交易快照
29989083,922000000,CDLG,4.2,1,2018/1/6,20170103CDLG000310077088,B024-TXN-01066,已成交,用户提供的历史交易快照
30200518,922000000,CDLG,19.62,0,2018/1/7,20170103CDLG000310077088,B024-TXN-01067,已成交,用户提供的历史交易快照
30031738,915030101,CDLG,4.92,2,2018/1/8,20170103CDLG000310077088,B024-TXN-01068,已成交,用户提供的历史交易快照
29989105,922000000,CDLG,2.8,1,2018/1/9,20170103CDLG000310077088,B024-TXN-01069,已成交,用户提供的历史交易快照
29989059,922000003,CDLG,1.98,1,2018/1/10,20170103CDLG000310077088,B024-TXN-01070,已成交,用户提供的历史交易快照
29989059,922000003,CDLG,1.98,1,2018/1/11,20170103CDLG000310077089,B024-TXN-01071,已成交,用户提供的历史交易快照
30023041,923000006,CDLG,3.2,1,2018/1/12,20170103CDLG000310077090,B024-TXN-01072,已成交,用户提供的历史交易快照
29989157,923000000,CDLG,5.6,1,2018/1/13,20170103CDLG000310077090,B024-TXN-01073,已成交,用户提供的历史交易快照
30132386,930010008,CDLG,25.52,1,2018/1/14,20170103CDLG000310077091,B024-TXN-01074,已成交,用户提供的历史交易快照
29989058,922000001,CDLG,1.98,1,2018/1/15,20170103CDLG000310077092,B024-TXN-01075,已成交,用户提供的历史交易快照
29989059,922000003,CDLG,1.98,1,2018/1/16,20170103CDLG000310077092,B024-TXN-01076,已成交,用户提供的历史交易快照
29989085,922000002,CDLG,1.18,1,2018/1/17,20170103CDLG000310077093,B024-TXN-01077,已成交,用户提供的历史交易快照
30022232,960000000,CDLG,0.3,1,2018/1/18,20170103CDLG000310077094,B024-TXN-01078,已成交,用户提供的历史交易快照
29989059,922000003,CDLG,1.98,1,2018/1/19,20170103CDLG000310077094,B024-TXN-01079,已成交,用户提供的历史交易快照
29989059,922000003,CDLG,1.98,2,2018/1/20,20170103CDLG000310077094,B024-TXN-01080,已成交,用户提供的历史交易快照
29989087,922000002,CDLG,7.6,1,2018/1/21,20170103CDLG000310077094,B024-TXN-01081,已成交,用户提供的历史交易快照
29989077,922000008,CDLG,13.59,1,2018/1/22,20170103CDLG000310077095,B024-TXN-01082,已成交,用户提供的历史交易快照
30167709,930040000,CDLG,8.52,1,2018/1/23,20170103CDLG000310077096,B024-TXN-01083,已成交,用户提供的历史交易快照
30137981,930040006,CDLG,6.52,1,2018/1/24,20170103CDLG000310077096,B024-TXN-01084,已成交,用户提供的历史交易快照
30200756,931010103,CDLG,6.52,1,2018/1/25,20170103CDLG000310077096,B024-TXN-01085,已成交,用户提供的历史交易快照
29989157,923000000,CDLG,5.6,2,2018/1/26,20170103CDLG000310077097,B024-TXN-01086,已成交,用户提供的历史交易快照
29989072,922000002,CDLG,0.78,1,2018/1/27,20170103CDLG000310077098,B024-TXN-01087,已成交,用户提供的历史交易快照
29989059,922000003,CDLG,1.98,1,2018/1/28,20170103CDLG000310077098,B024-TXN-01088,已成交,用户提供的历史交易快照
29989059,922000003,CDLG,1.98,2,2018/1/29,20170103CDLG000310077098,B024-TXN-01089,已成交,用户提供的历史交易快照
30005965,914090003,CDLG,39.52,1,2018/1/30,20170103CDLG000310077099,B024-TXN-01090,已成交,用户提供的历史交易快照
30000069,930040000,CDLG,3.2,1,2018/1/1,20170103CDLG000310077099,B024-TXN-01091,已成交,用户提供的历史交易快照
30020109,915020002,CDLG,9.42,1,2018/1/1,20170103CDLG000310077099,B024-TXN-01092,已成交,用户提供的历史交易快照
30020109,915020002,CDLG,9.41,1,2018/1/2,20170103CDLG000310077099,B024-TXN-01093,已成交,用户提供的历史交易快照
30023041,923000006,CDLG,3.2,1,2018/1/3,20170103CDLG000310077100,B024-TXN-01094,已成交,用户提供的历史交易快照
30031738,915030101,CDLG,4.92,3,2018/1/4,20170103CDLG000310077100,B024-TXN-01095,已成交,用户提供的历史交易快照
30214800,925090000,CDLG,25.42,1,2018/1/5,20170103CDLG000310077101,B024-TXN-01096,已成交,用户提供的历史交易快照
30214808,925090000,CDLG,25.42,2,2018/1/6,20170103CDLG000310077101,B024-TXN-01097,已成交,用户提供的历史交易快照
30214813,925090000,CDLG,31.42,2,2018/1/7,20170103CDLG000310077101,B024-TXN-01098,已成交,用户提供的历史交易快照
30022233,960000000,CDLG,0.2,1,2018/1/8,20170103CDLG000310077102,B024-TXN-01099,已成交,用户提供的历史交易快照
30023041,923000006,CDLG,3.2,1,2018/1/9,20170103CDLG000310077103,B024-TXN-01100,已成交,用户提供的历史交易快照
29989059,922000003,CDLG,1.98,1,2018/1/10,20170103CDLG000310077103,B024-TXN-01101,已成交,用户提供的历史交易快照
29989049,922000001,CDLG,1.98,1,2018/1/11,20170103CDLG000310077104,B024-TXN-01102,已成交,用户提供的历史交易快照
29989072,922000002,CDLG,0.78,1,2018/1/12,20170103CDLG000310077104,B024-TXN-01103,已成交,用户提供的历史交易快照
29989059,922000003,CDLG,1.98,2,2018/1/13,20170103CDLG000310077104,B024-TXN-01104,已成交,用户提供的历史交易快照
29989083,922000000,CDLG,4.2,1,2018/1/14,20170103CDLG000310077105,B024-TXN-01105,已成交,用户提供的历史交易快照
29989091,922000000,CDLG,4.2,0,2018/1/15,20170103CDLG000310077105,B024-TXN-01106,已成交,用户提供的历史交易快照
29989072,922000002,CDLG,0.78,1,2018/1/16,20170103CDLG000310077105,B024-TXN-01107,已成交,用户提供的历史交易快照
30008276,911010501,CDLG,15.42,3,2018/1/17,20170103CDLG000310077105,B024-TXN-01108,已成交,用户提供的历史交易快照
30115746,911010500,CDLG,69.62,1,2018/1/18,20170103CDLG000310077105,B024-TXN-01109,已成交,用户提供的历史交易快照
30214809,925090000,CDLG,31.41,1,2018/1/19,20170103CDLG000310077105,B024-TXN-01110,已成交,用户提供的历史交易快照
29989048,922000001,CDLG,1.98,0,2018/1/20,20170103CDLG000310077105,B024-TXN-01111,已成交,用户提供的历史交易快照
29989059,922000003,CDLG,1.98,1,2018/1/21,20170103CDLG000310077105,B024-TXN-01112,已成交,用户提供的历史交易快照
29989059,922000003,CDLG,1.98,1,2018/1/22,20170103CDLG000310077105,B024-TXN-01113,已成交,用户提供的历史交易快照
30040629,922000005,CDLG,15.58,0,2018/1/23,20170103CDLG000310077105,B024-TXN-01114,已成交,用户提供的历史交易快照
30022232,960000000,CDLG,0.3,1,2018/1/24,20170103CDLG000310077106,B024-TXN-01115,已成交,用户提供的历史交易快照
29989073,922000002,CDLG,4.8,1,2018/1/25,20170103CDLG000310077107,B024-TXN-01116,已成交,用户提供的历史交易快照
30005764,914040300,CDLG,6.52,1,2018/1/26,20170103CDLG000310077107,B024-TXN-01117,已成交,用户提供的历史交易快照
30022232,960000000,CDLG,0.3,1,2018/1/27,20170103CDLG000310077107,B024-TXN-01118,已成交,用户提供的历史交易快照
30041085,911000000,CDLG,9.52,1,2018/1/28,20170103CDLG000310077107,B024-TXN-01119,已成交,用户提供的历史交易快照
29989059,922000003,CDLG,1.98,2,2018/1/29,20170103CDLG000310077107,B024-TXN-01120,已成交,用户提供的历史交易快照
29989059,922000003,CDLG,1.98,2,2018/1/30,20170103CDLG000310077107,B024-TXN-01121,已成交,用户提供的历史交易快照
30113344,912060303,CDLG,13.42,1,2018/1/1,20170103CDLG000310077108,B024-TXN-01122,已成交,用户提供的历史交易快照
30027007,923000006,CDLG,5.6,1,2018/1/1,20170103CDLG000310077110,B024-TXN-01123,已成交,用户提供的历史交易快照
29989058,922000001,CDLG,1.98,5,2018/1/1,20170103CDLG000310077110,B024-TXN-01124,已成交,用户提供的历史交易快照
29999804,930010102,CDLG,5.52,1,2018/1/2,20170103CDLG000310077111,B024-TXN-01125,已成交,用户提供的历史交易快照
29999712,930000202,CDLG,8.52,1,2018/1/3,20170103CDLG000310077111,B024-TXN-01126,已成交,用户提供的历史交易快照
29989059,922000003,CDLG,1.98,1,2018/1/4,20170103CDLG000310077111,B024-TXN-01127,已成交,用户提供的历史交易快照
30167704,930040000,CDLG,6.52,1,2018/1/5,20170103CDLG000310077111,B024-TXN-01128,已成交,用户提供的历史交易快照
29989058,922000001,CDLG,1.98,1,2018/1/6,20170103CDLG000310077112,B024-TXN-01129,已成交,用户提供的历史交易快照
29989058,922000001,CDLG,1.98,2,2018/1/7,20170103CDLG000310077112,B024-TXN-01130,已成交,用户提供的历史交易快照
30020095,923000010,CDLG,7.6,1,2018/1/8,20170103CDLG000310077113,B024-TXN-01131,已成交,用户提供的历史交易快照
29989152,923000001,CDLG,5.6,1,2018/1/9,20170103CDLG000310077113,B024-TXN-01132,已成交,用户提供的历史交易快照
30186264,936010002,CDLG,4.52,1,2018/1/10,20170103CDLG000310077114,B024-TXN-01133,已成交,用户提供的历史交易快照
30186264,936010002,CDLG,4.52,1,2018/1/11,20170103CDLG000310077114,B024-TXN-01134,已成交,用户提供的历史交易快照
30005896,914050001,CDLG,1.5,1,2018/1/12,20170103CDLG000310077115,B024-TXN-01135,已成交,用户提供的历史交易快照
30005900,914050300,CDLG,2.12,1,2018/1/13,20170103CDLG000310077115,B024-TXN-01136,已成交,用户提供的历史交易快照
30005900,914050300,CDLG,2.12,1,2018/1/14,20170103CDLG000310077115,B024-TXN-01137,已成交,用户提供的历史交易快照
30008276,911010501,CDLG,15.41,1,2018/1/15,20170103CDLG000310077115,B024-TXN-01138,已成交,用户提供的历史交易快照
29989059,922000003,CDLG,1.98,1,2018/1/16,20170103CDLG000310077115,B024-TXN-01139,已成交,用户提供的历史交易快照
30005897,914050006,CDLG,1.5,1,2018/1/17,20170103CDLG000310077115,B024-TXN-01140,已成交,用户提供的历史交易快照
29989099,922000008,CDLG,1.58,1,2018/1/18,20170103CDLG000310077116,B024-TXN-01141,已成交,用户提供的历史交易快照
30023195,922000001,CDLG,1.98,1,2018/1/19,20170103CDLG000310077116,B024-TXN-01142,已成交,用户提供的历史交易快照
30006208,915000101,CDLG,47.4,0,2018/1/20,20170103CDLG000310077117,B024-TXN-01143,已成交,用户提供的历史交易快照
29989059,922000003,CDLG,1.98,1,2018/1/21,20170103CDLG000310077118,B024-TXN-01144,已成交,用户提供的历史交易快照
29989077,922000008,CDLG,13.59,0,2018/1/22,20170103CDLG000310077119,B024-TXN-01145,已成交,用户提供的历史交易快照
29989059,922000003,CDLG,1.98,1,2018/1/23,20170103CDLG000310077120,B024-TXN-01146,已成交,用户提供的历史交易快照
30000889,930020104,CDLG,4.42,1,2018/1/24,20170103CDLG000310077122,B024-TXN-01147,已成交,用户提供的历史交易快照
30001305,931050202,CDLG,10.12,1,2018/1/25,20170103CDLG000310077122,B024-TXN-01148,已成交,用户提供的历史交易快照
30085836,931060000,CDLG,5.52,1,2018/1/26,20170103CDLG000310077122,B024-TXN-01149,已成交,用户提供的历史交易快照
29989060,922000000,CDLG,9.62,0,2018/1/27,20170103CDLG000310077122,B024-TXN-01150,已成交,用户提供的历史交易快照
30001018,930020001,CDLG,12.52,1,2018/1/28,20170103CDLG000310077122,B024-TXN-01151,已成交,用户提供的历史交易快照
30001018,930020001,CDLG,12.52,1,2018/1/29,20170103CDLG000310077122,B024-TXN-01152,已成交,用户提供的历史交易快照
30023177,922000103,CDLG,6.2,1,2018/1/30,20170103CDLG000310077122,B024-TXN-01153,已成交,用户提供的历史交易快照
30085836,931060000,CDLG,5.52,1,2018/1/1,20170103CDLG000310077122,B024-TXN-01154,已成交,用户提供的历史交易快照
30085836,931060000,CDLG,5.52,1,2018/1/1,20170103CDLG000310077122,B024-TXN-01155,已成交,用户提供的历史交易快照
29989059,922000003,CDLG,1.98,1,2018/1/2,20170103CDLG000310077122,B024-TXN-01156,已成交,用户提供的历史交易快照
29989143,923000001,CDLG,5.0,1,2018/1/3,20170103CDLG000310077122,B024-TXN-01157,已成交,用户提供的历史交易快照
29989061,922000000,CDLG,5.57,0,2018/1/4,20170103CDLG000310077124,B024-TXN-01158,已成交,用户提供的历史交易快照
29989116,922000002,CDLG,2.4,1,2018/1/5,20170103CDLG000310077124,B024-TXN-01159,已成交,用户提供的历史交易快照
30132379,930010005,CDLG,7.52,1,2018/1/6,20170103CDLG000310077124,B024-TXN-01160,已成交,用户提供的历史交易快照
29989068,922000004,CDLG,5.57,0,2018/1/7,20170103CDLG000310077124,B024-TXN-01161,已成交,用户提供的历史交易快照
30054469,930010005,CDLG,7.12,1,2018/1/8,20170103CDLG000310077124,B024-TXN-01162,已成交,用户提供的历史交易快照
29989091,922000000,CDLG,4.2,0,2018/1/9,20170103CDLG000310077124,B024-TXN-01163,已成交,用户提供的历史交易快照
29989073,922000002,CDLG,4.79,0,2018/1/10,20170103CDLG000310077124,B024-TXN-01164,已成交,用户提供的历史交易快照
30022232,960000000,CDLG,0.3,1,2018/1/11,20170103CDLG000310077124,B024-TXN-01165,已成交,用户提供的历史交易快照
30148309,910030001,CDLG,3.82,1,2018/1/12,20170103CDLG000310077124,B024-TXN-01166,已成交,用户提供的历史交易快照
29989071,922000002,CDLG,3.4,0,2018/1/13,20170103CDLG000310077124,B024-TXN-01167,已成交,用户提供的历史交易快照
29989087,922000002,CDLG,7.59,0,2018/1/14,20170103CDLG000310077124,B024-TXN-01168,已成交,用户提供的历史交易快照
29989153,923000006,CDLG,7.6,1,2018/1/15,20170103CDLG000310077125,B024-TXN-01169,已成交,用户提供的历史交易快照
30000821,930020003,CDLG,19.52,2,2018/1/16,20170103CDLG000310077126,B024-TXN-01170,已成交,用户提供的历史交易快照
29989072,922000002,CDLG,0.78,1,2018/1/17,20170103CDLG000310077127,B024-TXN-01171,已成交,用户提供的历史交易快照
29989072,922000002,CDLG,0.78,1,2018/1/18,20170103CDLG000310077127,B024-TXN-01172,已成交,用户提供的历史交易快照
29989153,923000006,CDLG,7.6,1,2018/1/19,20170103CDLG000310077127,B024-TXN-01173,已成交,用户提供的历史交易快照
30023176,922000003,CDLG,4.8,1,2018/1/20,20170103CDLG000310077127,B024-TXN-01174,已成交,用户提供的历史交易快照
30023192,922000000,CDLG,9.62,0,2018/1/21,20170103CDLG000310077128,B024-TXN-01175,已成交,用户提供的历史交易快照
29989063,922000000,CDLG,6.82,0,2018/1/22,20170103CDLG000310077128,B024-TXN-01176,已成交,用户提供的历史交易快照
29989059,922000003,CDLG,1.98,1,2018/1/23,20170103CDLG000310077128,B024-TXN-01177,已成交,用户提供的历史交易快照
29989059,922000003,CDLG,1.98,1,2018/1/24,20170103CDLG000310077128,B024-TXN-01178,已成交,用户提供的历史交易快照
30165691,931060121,CDLG,3.52,1,2018/1/25,20170103CDLG000310077129,B024-TXN-01179,已成交,用户提供的历史交易快照
30165691,931060121,CDLG,3.52,1,2018/1/26,20170103CDLG000310077129,B024-TXN-01180,已成交,用户提供的历史交易快照
29994704,931020303,CDLG,2.5,1,2018/1/27,20170103CDLG000310077129,B024-TXN-01181,已成交,用户提供的历史交易快照
29994704,931020303,CDLG,2.5,1,2018/1/28,20170103CDLG000310077129,B024-TXN-01182,已成交,用户提供的历史交易快照
29989061,922000000,CDLG,5.62,0,2018/1/29,20170103CDLG000310077130,B024-TXN-01183,已成交,用户提供的历史交易快照
30135344,931060000,CDLG,13.52,1,2018/1/30,20170103CDLG000310077130,B024-TXN-01184,已成交,用户提供的历史交易快照
29989059,922000003,CDLG,1.98,1,2018/1/1,20170103CDLG000310077130,B024-TXN-01185,已成交,用户提供的历史交易快照
29989071,922000002,CDLG,3.4,1,2018/1/1,20170103CDLG000310077130,B024-TXN-01186,已成交,用户提供的历史交易快照
30205103,930040000,CDLG,9.52,1,2018/1/2,20170103CDLG000310077131,B024-TXN-01187,已成交,用户提供的历史交易快照
29989059,922000003,CDLG,1.98,2,2018/1/3,20170103CDLG000310077131,B024-TXN-01188,已成交,用户提供的历史交易快照
29989059,922000003,CDLG,1.98,2,2018/1/4,20170103CDLG000310077131,B024-TXN-01189,已成交,用户提供的历史交易快照
29989059,922000003,CDLG,1.98,1,2018/1/5,20170103CDLG000310077132,B024-TXN-01190,已成交,用户提供的历史交易快照
30167704,930040000,CDLG,6.52,1,2018/1/6,20170103CDLG000310077132,B024-TXN-01191,已成交,用户提供的历史交易快照
30008381,912060301,CDLG,19.42,1,2018/1/7,20170103CDLG000310077133,B024-TXN-01192,已成交,用户提供的历史交易快照
30113344,912060303,CDLG,13.42,1,2018/1/8,20170103CDLG000310077133,B024-TXN-01193,已成交,用户提供的历史交易快照
29989140,923000006,CDLG,7.6,2,2018/1/9,20170103CDLG000310077134,B024-TXN-01194,已成交,用户提供的历史交易快照
30006364,914100000,CDLG,11.22,1,2018/1/10,20170103CDLG000310077135,B024-TXN-01195,已成交,用户提供的历史交易快照
29989072,922000002,CDLG,0.78,1,2018/1/11,20170103CDLG000310077135,B024-TXN-01196,已成交,用户提供的历史交易快照
30041085,911000000,CDLG,9.52,1,2018/1/12,20170103CDLG000310077135,B024-TXN-01197,已成交,用户提供的历史交易快照
29989059,922000003,CDLG,1.98,1,2018/1/13,20170103CDLG000310077135,B024-TXN-01198,已成交,用户提供的历史交易快照
29989059,922000003,CDLG,1.98,1,2018/1/14,20170103CDLG000310077135,B024-TXN-01199,已成交,用户提供的历史交易快照
29989059,922000003,CDLG,1.98,1,2018/1/15,20170103CDLG000310077135,B024-TXN-01200,已成交,用户提供的历史交易快照
30006246,914100001,CDLG,5.52,1,2018/1/16,20170103CDLG000310077135,B024-TXN-01201,已成交,用户提供的历史交易快照
30023041,923000006,CDLG,3.2,2,2018/1/17,20170103CDLG000310077137,B024-TXN-01202,已成交,用户提供的历史交易快照
29989153,923000006,CDLG,7.6,1,2018/1/18,20170103CDLG000310077137,B024-TXN-01203,已成交,用户提供的历史交易快照
30214814,925090000,CDLG,33.41,2,2018/1/19,20170103CDLG000310077137,B024-TXN-01204,已成交,用户提供的历史交易快照
29989059,922000003,CDLG,1.98,1,2018/1/20,20170103CDLG000310077137,B024-TXN-01205,已成交,用户提供的历史交易快照
29989140,923000006,CDLG,7.6,0,2018/1/21,20170103CDLG000310077137,B024-TXN-01206,已成交,用户提供的历史交易快照
30006364,914100000,CDLG,11.22,-1,2018/1/22,20170103CDLG000310077138,B024-TXN-01207,已成交,用户提供的历史交易快照
30023041,923000006,CDLG,3.2,2,2018/1/23,20170103CDLG000310077139,B024-TXN-01208,已成交,用户提供的历史交易快照
29989072,922000002,CDLG,0.78,2,2018/1/24,20170103CDLG000310077139,B024-TXN-01209,已成交,用户提供的历史交易快照
29989059,922000003,CDLG,1.98,1,2018/1/25,20170103CDLG000310077139,B024-TXN-01210,已成交,用户提供的历史交易快照
29989059,922000003,CDLG,1.98,2,2018/1/26,20170103CDLG000310077139,B024-TXN-01211,已成交,用户提供的历史交易快照
29989059,922000003,CDLG,1.98,1,2018/1/27,20170103CDLG000310077140,B024-TXN-01212,已成交,用户提供的历史交易快照
30179545,915000106,CDLG,67.47,0,2018/1/28,20170103CDLG000310077142,B024-TXN-01213,已成交,用户提供的历史交易快照
29989086,922000002,CDLG,4.8,1,2018/1/29,20170103CDLG000310077142,B024-TXN-01214,已成交,用户提供的历史交易快照
30096418,912060403,CDLG,19.4,0,2018/1/30,20170103CDLG000310077142,B024-TXN-01215,已成交,用户提供的历史交易快照
29989099,922000008,CDLG,1.58,0,2018/1/1,20170103CDLG000310077142,B024-TXN-01216,已成交,用户提供的历史交易快照
30006041,915010000,CDLG,7.58,1,2018/1/1,20170103CDLG000310077142,B024-TXN-01217,已成交,用户提供的历史交易快照
29989072,922000002,CDLG,0.78,1,2018/1/2,20170103CDLG000310077142,B024-TXN-01218,已成交,用户提供的历史交易快照
30023187,922000003,CDLG,3.2,0,2018/1/3,20170103CDLG000310077142,B024-TXN-01219,已成交,用户提供的历史交易快照
29989048,922000001,CDLG,1.98,1,2018/1/4,20170103CDLG000310077142,B024-TXN-01220,已成交,用户提供的历史交易快照
29989059,922000003,CDLG,1.98,1,2018/1/5,20170103CDLG000310077142,B024-TXN-01221,已成交,用户提供的历史交易快照
29989071,922000002,CDLG,3.4,0,2018/1/6,20170103CDLG000310077142,B024-TXN-01222,已成交,用户提供的历史交易快照
30013018,914050004,CDLG,2.12,1,2018/1/7,20170103CDLG000310077142,B024-TXN-01223,已成交,用户提供的历史交易快照
30021764,914020100,CDLG,1.5,1,2018/1/8,20170103CDLG000310077142,B024-TXN-01224,已成交,用户提供的历史交易快照
29989059,922000003,CDLG,1.98,1,2018/1/9,20170103CDLG000310077143,B024-TXN-01225,已成交,用户提供的历史交易快照
30062372,924010200,CDLG,26.41,0,2018/1/10,20170103CDLG000310077144,B024-TXN-01226,已成交,用户提供的历史交易快照
30022974,915030404,CDLG,6.18,3,2018/1/11,20170103CDLG000310077144,B024-TXN-01227,已成交,用户提供的历史交易快照
30071904,930010000,CDLG,26.52,1,2018/1/12,20170103CDLG000310077144,B024-TXN-01228,已成交,用户提供的历史交易快照
30171442,930020500,CDLG,19.52,1,2018/1/13,20170103CDLG000310077145,B024-TXN-01229,已成交,用户提供的历史交易快照
30000821,930020003,CDLG,19.52,2,2018/1/14,20170103CDLG000310077145,B024-TXN-01230,已成交,用户提供的历史交易快照
30151809,931060400,CDLG,3.52,1,2018/1/15,20170103CDLG000310077145,B024-TXN-01231,已成交,用户提供的历史交易快照
30115568,930020001,CDLG,8.52,2,2018/1/16,20170103CDLG000310077146,B024-TXN-01232,已成交,用户提供的历史交易快照
30041081,915020002,CDLG,11.57,1,2018/1/17,20170103CDLG000310077146,B024-TXN-01233,已成交,用户提供的历史交易快照
29989153,923000006,CDLG,7.6,1,2018/1/18,20170103CDLG000310077147,B024-TXN-01234,已成交,用户提供的历史交易快照
30214809,925090000,CDLG,31.43,1,2018/1/19,20170103CDLG000310077147,B024-TXN-01235,已成交,用户提供的历史交易快照
29989083,922000000,CDLG,4.2,0,2018/1/20,20170103CDLG000310077147,B024-TXN-01236,已成交,用户提供的历史交易快照
29989072,922000002,CDLG,0.78,1,2018/1/21,20170103CDLG000310077147,B024-TXN-01237,已成交,用户提供的历史交易快照
29989077,922000008,CDLG,13.58,0,2018/1/22,20170103CDLG000310077147,B024-TXN-01238,已成交,用户提供的历史交易快照
30041085,911000000,CDLG,9.52,1,2018/1/23,20170103CDLG000310077147,B024-TXN-01239,已成交,用户提供的历史交易快照
29989538,924020002,CDLG,12.62,0,2018/1/24,20170103CDLG000310077147,B024-TXN-01240,已成交,用户提供的历史交易快照
30023197,922000003,CDLG,6.8,1,2018/1/25,20170103CDLG000310077147,B024-TXN-01241,已成交,用户提供的历史交易快照
30115568,930020001,CDLG,8.52,2,2018/1/26,20170103CDLG000310077148,B024-TXN-01242,已成交,用户提供的历史交易快照
30023177,922000103,CDLG,6.2,2,2018/1/27,20170103CDLG000310077149,B024-TXN-01243,已成交,用户提供的历史交易快照
29989072,922000002,CDLG,0.78,2,2018/1/28,20170103CDLG000310077149,B024-TXN-01244,已成交,用户提供的历史交易快照
30023194,922000008,CDLG,13.6,0,2018/1/29,20170103CDLG000310077149,B024-TXN-01245,已成交,用户提供的历史交易快照
30001586,910020302,CDLG,5.52,1,2018/1/30,20170103CDLG000310077150,B024-TXN-01246,已成交,用户提供的历史交易快照
30001586,910020302,CDLG,4.42,2,2018/1/1,20170103CDLG000310077150,B024-TXN-01247,已成交,用户提供的历史交易快照
29989089,922000000,CDLG,11.58,0,2018/1/1,20170103CDLG000310077151,B024-TXN-01248,已成交,用户提供的历史交易快照
30005122,914000000,CDLG,4.52,1,2018/2/1,20170103CDLG000310077151,B024-TXN-01249,已成交,用户提供的历史交易快照
30214801,925090000,CDLG,27.41,1,2018/2/2,20170103CDLG000310077151,B024-TXN-01250,已成交,用户提供的历史交易快照
30005122,914000000,CDLG,4.52,1,2018/2/3,20170103CDLG000310077151,B024-TXN-01251,已成交,用户提供的历史交易快照
29989059,922000003,CDLG,1.98,1,2018/2/4,20170103CDLG000310077151,B024-TXN-01252,已成交,用户提供的历史交易快照
29989059,922000003,CDLG,1.98,1,2018/2/5,20170103CDLG000310077151,B024-TXN-01253,已成交,用户提供的历史交易快照
30214813,925090000,CDLG,31.36,0,2018/2/6,20170103CDLG000310077151,B024-TXN-01254,已成交,用户提供的历史交易快照
29989072,922000002,CDLG,0.78,1,2018/2/7,20170103CDLG000310077152,B024-TXN-01255,已成交,用户提供的历史交易快照
30156633,922000103,CDLG,39.58,1,2018/2/8,20170103CDLG000310077152,B024-TXN-01256,已成交,用户提供的历史交易快照
30214313,930020502,CDLG,8.52,1,2018/2/9,20170103CDLG000310077152,B024-TXN-01257,已成交,用户提供的历史交易快照
30006232,914100000,CDLG,5.52,1,2018/2/10,20170103CDLG000310077152,B024-TXN-01258,已成交,用户提供的历史交易快照
30179551,915000106,CDLG,59.3,0,2018/2/11,20170103CDLG000310077153,B024-TXN-01259,已成交,用户提供的历史交易快照
29989076,922000006,CDLG,3.58,1,2018/2/12,20170103CDLG000310077154,B024-TXN-01260,已成交,用户提供的历史交易快照
29989099,922000008,CDLG,1.58,1,2018/2/13,20170103CDLG000310077154,B024-TXN-01261,已成交,用户提供的历史交易快照
30023159,922000005,CDLG,2.8,1,2018/2/14,20170103CDLG000310077154,B024-TXN-01262,已成交,用户提供的历史交易快照
30211551,936080103,CDLG,4.12,1,2018/2/15,20170103CDLG000310077154,B024-TXN-01263,已成交,用户提供的历史交易快照
29989072,922000002,CDLG,0.78,2,2018/2/16,20170103CDLG000310077154,B024-TXN-01264,已成交,用户提供的历史交易快照
29989156,923000000,CDLG,10.8,1,2018/2/17,20170103CDLG000310077154,B024-TXN-01265,已成交,用户提供的历史交易快照
30023195,922000001,CDLG,1.98,1,2018/2/18,20170103CDLG000310077154,B024-TXN-01266,已成交,用户提供的历史交易快照
29989049,922000001,CDLG,1.98,1,2018/2/19,20170103CDLG000310077154,B024-TXN-01267,已成交,用户提供的历史交易快照
30006263,914100001,CDLG,5.52,1,2018/2/20,20170103CDLG000310077154,B024-TXN-01268,已成交,用户提供的历史交易快照
29989105,922000000,CDLG,2.8,1,2018/2/21,20170103CDLG000310077154,B024-TXN-01269,已成交,用户提供的历史交易快照
30118789,911000000,CDLG,8.32,1,2018/2/22,20170103CDLG000310077154,B024-TXN-01270,已成交,用户提供的历史交易快照
29989059,922000003,CDLG,1.98,1,2018/2/23,20170103CDLG000310077154,B024-TXN-01271,已成交,用户提供的历史交易快照
29989157,923000000,CDLG,5.6,1,2018/2/24,20170103CDLG000310077154,B024-TXN-01272,已成交,用户提供的历史交易快照
29989204,924030001,CDLG,31.61,1,2018/2/25,20170103CDLG000310077154,B024-TXN-01273,已成交,用户提供的历史交易快照
30151329,924000000,CDLG,29.59,1,2018/2/26,20170103CDLG000310077154,B024-TXN-01274,已成交,用户提供的历史交易快照
29989085,922000002,CDLG,1.18,2,2018/2/27,20170103CDLG000310077156,B024-TXN-01275,已成交,用户提供的历史交易快照
30023041,923000006,CDLG,3.2,1,2018/2/28,20170103CDLG000310077156,B024-TXN-01276,已成交,用户提供的历史交易快照
29989157,923000000,CDLG,5.6,1,2018/2/28,20170103CDLG000310077156,B024-TXN-01277,已成交,用户提供的历史交易快照
29989072,922000002,CDLG,0.78,1,2018/2/27,20170103CDLG000310077157,B024-TXN-01278,已成交,用户提供的历史交易快照
29989059,922000003,CDLG,1.98,1,2018/2/1,20170103CDLG000310077157,B024-TXN-01279,已成交,用户提供的历史交易快照
29989140,923000006,CDLG,7.6,1,2018/2/1,20170103CDLG000310077157,B024-TXN-01280,已成交,用户提供的历史交易快照
30023176,922000003,CDLG,4.8,1,2018/2/2,20170103CDLG000310077157,B024-TXN-01281,已成交,用户提供的历史交易快照
29989085,922000002,CDLG,1.18,1,2018/2/3,20170103CDLG000310077158,B024-TXN-01282,已成交,用户提供的历史交易快照
29989076,922000006,CDLG,3.58,1,2018/2/4,20170103CDLG000310077159,B024-TXN-01283,已成交,用户提供的历史交易快照
30023192,922000000,CDLG,9.62,0,2018/2/5,20170103CDLG000310077159,B024-TXN-01284,已成交,用户提供的历史交易快照
29989060,922000000,CDLG,9.61,0,2018/2/6,20170103CDLG000310077159,B024-TXN-01285,已成交,用户提供的历史交易快照
29989058,922000001,CDLG,1.98,2,2018/2/7,20170103CDLG000310077159,B024-TXN-01286,已成交,用户提供的历史交易快照
29989059,922000003,CDLG,1.98,1,2018/2/8,20170103CDLG000310077159,B024-TXN-01287,已成交,用户提供的历史交易快照
30022232,960000000,CDLG,0.3,1,2018/2/9,20170103CDLG000310077160,B024-TXN-01288,已成交,用户提供的历史交易快照
30006343,915030400,CDLG,3.98,1,2018/2/10,20170103CDLG000310077161,B024-TXN-01289,已成交,用户提供的历史交易快照
30113909,930020001,CDLG,9.52,2,2018/2/11,20170103CDLG000310077161,B024-TXN-01290,已成交,用户提供的历史交易快照
29989059,922000003,CDLG,1.98,1,2018/2/12,20170103CDLG000310077162,B024-TXN-01291,已成交,用户提供的历史交易快照
30115568,930020001,CDLG,8.52,2,2018/2/13,20170103CDLG000310077163,B024-TXN-01292,已成交,用户提供的历史交易快照
30113344,912060303,CDLG,13.41,1,2018/2/14,20170103CDLG000310077164,B024-TXN-01293,已成交,用户提供的历史交易快照
30113344,912060303,CDLG,13.41,1,2018/2/15,20170103CDLG000310077164,B024-TXN-01294,已成交,用户提供的历史交易快照
29989098,922000001,CDLG,2.8,1,2018/2/16,20170103CDLG000310077165,B024-TXN-01295,已成交,用户提供的历史交易快照
29989540,924020000,CDLG,11.56,0,2018/2/17,20170103CDLG000310077165,B024-TXN-01296,已成交,用户提供的历史交易快照
30023195,922000001,CDLG,1.98,1,2018/2/18,20170103CDLG000310077165,B024-TXN-01297,已成交,用户提供的历史交易快照
29989073,922000002,CDLG,4.8,0,2018/2/19,20170103CDLG000310077165,B024-TXN-01298,已成交,用户提供的历史交易快照
30022232,960000000,CDLG,0.3,1,2018/2/20,20170103CDLG000310077165,B024-TXN-01299,已成交,用户提供的历史交易快照
29989059,922000003,CDLG,1.98,1,2018/2/21,20170103CDLG000310077165,B024-TXN-01300,已成交,用户提供的历史交易快照
29989059,922000003,CDLG,1.98,2,2018/2/22,20170103CDLG000310077165,B024-TXN-01301,已成交,用户提供的历史交易快照
29989538,924020002,CDLG,12.59,0,2018/2/23,20170103CDLG000310077165,B024-TXN-01302,已成交,用户提供的历史交易快照
30040629,922000005,CDLG,15.55,0,2018/2/24,20170103CDLG000310077165,B024-TXN-01303,已成交,用户提供的历史交易快照
30214313,930020502,CDLG,8.52,1,2018/2/25,20170103CDLG000310077166,B024-TXN-01304,已成交,用户提供的历史交易快照
30115568,930020001,CDLG,10.65,2,2018/2/26,20170103CDLG000310077166,B024-TXN-01305,已成交,用户提供的历史交易快照
29989540,924020000,CDLG,11.57,1,2018/2/27,20170103CDLG000310077167,B024-TXN-01306,已成交,用户提供的历史交易快照
30151326,924000000,CDLG,19.57,1,2018/2/28,20170103CDLG000310077167,B024-TXN-01307,已成交,用户提供的历史交易快照
30023201,922000002,CDLG,8.8,1,2018/2/28,20170103CDLG000310077167,B024-TXN-01308,已成交,用户提供的历史交易快照
29989059,922000003,CDLG,1.98,1,2018/2/27,20170103CDLG000310077167,B024-TXN-01309,已成交,用户提供的历史交易快照
29989098,922000001,CDLG,2.8,1,2018/2/1,20170103CDLG000310077168,B024-TXN-01310,已成交,用户提供的历史交易快照
29989059,922000003,CDLG,1.98,1,2018/2/1,20170103CDLG000310077168,B024-TXN-01311,已成交,用户提供的历史交易快照
29989059,922000003,CDLG,1.98,1,2018/2/2,20170103CDLG000310077168,B024-TXN-01312,已成交,用户提供的历史交易快照
29989059,922000003,CDLG,1.98,2,2018/2/3,20170103CDLG000310077168,B024-TXN-01313,已成交,用户提供的历史交易快照
29989082,922000000,CDLG,8.79,0,2018/2/4,20170103CDLG000310077168,B024-TXN-01314,已成交,用户提供的历史交易快照
30200397,914040300,CDLG,4.52,1,2018/2/5,20170103CDLG000310077169,B024-TXN-01315,已成交,用户提供的历史交易快照
30031870,915030401,CDLG,7.95,3,2018/2/6,20170103CDLG000310077170,B024-TXN-01316,已成交,用户提供的历史交易快照
29989059,922000003,CDLG,1.98,1,2018/2/7,20170103CDLG000310077171,B024-TXN-01317,已成交,用户提供的历史交易快照
29989059,922000003,CDLG,1.98,1,2018/2/8,20170103CDLG000310077171,B024-TXN-01318,已成交,用户提供的历史交易快照
30179387,912030205,CDLG,3.2,1,2018/2/9,20170103CDLG000310077172,B024-TXN-01319,已成交,用户提供的历史交易快照
30171523,910030007,CDLG,11.62,1,2018/2/10,20170103CDLG000310077172,B024-TXN-01320,已成交,用户提供的历史交易快照
29989057,922000001,CDLG,2.38,0,2018/2/11,20170103CDLG000310077172,B024-TXN-01321,已成交,用户提供的历史交易快照
29989060,922000000,CDLG,9.63,0,2018/2/12,20170103CDLG000310077172,B024-TXN-01322,已成交,用户提供的历史交易快照
30023175,922000103,CDLG,5.6,1,2018/2/13,20170103CDLG000310077172,B024-TXN-01323,已成交,用户提供的历史交易快照
29989058,922000001,CDLG,1.98,0,2018/2/14,20170103CDLG000310077172,B024-TXN-01324,已成交,用户提供的历史交易快照
29989059,922000003,CDLG,1.98,1,2018/2/15,20170103CDLG000310077172,B024-TXN-01325,已成交,用户提供的历史交易快照
30010590,911000001,CDLG,1.6,2,2018/2/16,20170103CDLG000310077172,B024-TXN-01326,已成交,用户提供的历史交易快照
29989072,922000002,CDLG,0.78,1,2018/2/17,20170103CDLG000310077173,B024-TXN-01327,已成交,用户提供的历史交易快照
30200518,922000000,CDLG,19.62,0,2018/2/18,20170103CDLG000310077173,B024-TXN-01328,已成交,用户提供的历史交易快照
29989057,922000001,CDLG,2.38,1,2018/2/19,20170103CDLG000310077173,B024-TXN-01329,已成交,用户提供的历史交易快照
29989059,922000003,CDLG,1.98,1,2018/2/20,20170103CDLG000310077173,B024-TXN-01330,已成交,用户提供的历史交易快照
30006040,915010000,CDLG,9.57,1,2018/2/21,20170103CDLG000310077173,B024-TXN-01331,已成交,用户提供的历史交易快照
29989059,922000003,CDLG,1.98,1,2018/2/22,20170103CDLG000310077174,B024-TXN-01332,已成交,用户提供的历史交易快照
29989059,922000003,CDLG,1.98,1,2018/2/23,20170103CDLG000310077174,B024-TXN-01333,已成交,用户提供的历史交易快照
29989059,922000003,CDLG,1.98,2,2018/2/24,20170103CDLG000310077174,B024-TXN-01334,已成交,用户提供的历史交易快照
29989540,924020000,CDLG,11.57,0,2018/2/25,20170103CDLG000310077175,B024-TXN-01335,已成交,用户提供的历史交易快照
30022233,960000000,CDLG,0.2,1,2018/2/26,20170103CDLG000310077175,B024-TXN-01336,已成交,用户提供的历史交易快照
30201379,930020100,CDLG,15.52,1,2018/2/27,20170103CDLG000310077175,B024-TXN-01337,已成交,用户提供的历史交易快照
30000889,930020104,CDLG,4.42,1,2018/2/28,20170103CDLG000310077175,B024-TXN-01338,已成交,用户提供的历史交易快照
29991388,930020104,CDLG,5.32,1,2018/2/28,20170103CDLG000310077175,B024-TXN-01339,已成交,用户提供的历史交易快照
30023193,922000200,CDLG,5.18,0,2018/2/27,20170103CDLG000310077175,B024-TXN-01340,已成交,用户提供的历史交易快照
30205102,930040000,CDLG,24.62,1,2018/2/1,20170103CDLG000310077175,B024-TXN-01341,已成交,用户提供的历史交易快照
30008274,911010501,CDLG,27.22,0,2018/2/1,20170103CDLG000310077176,B024-TXN-01342,已成交,用户提供的历史交易快照
30008276,911010501,CDLG,15.39,0,2018/2/2,20170103CDLG000310077176,B024-TXN-01343,已成交,用户提供的历史交易快照
30040629,922000005,CDLG,15.6,0,2018/2/3,20170103CDLG000310077176,B024-TXN-01344,已成交,用户提供的历史交易快照
30156417,912020104,CDLG,8.32,1,2018/2/4,20170103CDLG000310077177,B024-TXN-01345,已成交,用户提供的历史交易快照
30171442,930020500,CDLG,19.52,1,2018/2/5,20170103CDLG000310077178,B024-TXN-01346,已成交,用户提供的历史交易快照
30147865,910010301,CDLG,68.62,1,2018/2/6,20170103CDLG000310077179,B024-TXN-01347,已成交,用户提供的历史交易快照
30026838,915030401,CDLG,9.57,1,2018/2/7,20170103CDLG000310077179,B024-TXN-01348,已成交,用户提供的历史交易快照
30163281,914010000,CDLG,2.0,1,2018/2/8,20170103CDLG000310077180,B024-TXN-01349,已成交,用户提供的历史交易快照
30005991,914030100,CDLG,2.0,1,2018/2/9,20170103CDLG000310077180,B024-TXN-01350,已成交,用户提供的历史交易快照
29989047,922000000,CDLG,17.59,0,2018/2/10,20170103CDLG000310077181,B024-TXN-01351,已成交,用户提供的历史交易快照
30023192,922000000,CDLG,9.62,0,2018/2/11,20170103CDLG000310077181,B024-TXN-01352,已成交,用户提供的历史交易快照
30026352,920000202,CDLG,5.22,1,2018/2/12,20170103CDLG000310077181,B024-TXN-01353,已成交,用户提供的历史交易快照
29989060,922000000,CDLG,9.63,0,2018/2/13,20170103CDLG000310077181,B024-TXN-01354,已成交,用户提供的历史交易快照
29989058,922000001,CDLG,1.98,1,2018/2/14,20170103CDLG000310077181,B024-TXN-01355,已成交,用户提供的历史交易快照
29989059,922000003,CDLG,1.98,2,2018/2/15,20170103CDLG000310077181,B024-TXN-01356,已成交,用户提供的历史交易快照
29989059,922000003,CDLG,1.98,1,2018/2/16,20170103CDLG000310077182,B024-TXN-01357,已成交,用户提供的历史交易快照
29989059,922000003,CDLG,1.98,3,2018/2/17,20170103CDLG000310077182,B024-TXN-01358,已成交,用户提供的历史交易快照
30156980,914020404,CDLG,18.62,1,2018/2/18,20170103CDLG000310077183,B024-TXN-01359,已成交,用户提供的历史交易快照
30090886,914090006,CDLG,90.52,1,2018/2/19,20170103CDLG000310077183,B024-TXN-01360,已成交,用户提供的历史交易快照
29989059,922000003,CDLG,1.98,3,2018/2/20,20170103CDLG000310077183,B024-TXN-01361,已成交,用户提供的历史交易快照
30023041,923000006,CDLG,3.2,2,2018/2/21,20170103CDLG000310077184,B024-TXN-01362,已成交,用户提供的历史交易快照
30008276,911010501,CDLG,15.43,1,2018/2/22,20170103CDLG000310077184,B024-TXN-01363,已成交,用户提供的历史交易快照
30023187,922000003,CDLG,3.2,1,2018/2/23,20170103CDLG000310077185,B024-TXN-01364,已成交,用户提供的历史交易快照
29989072,922000002,CDLG,0.78,2,2018/2/24,20170103CDLG000310077186,B024-TXN-01365,已成交,用户提供的历史交易快照
30093679,915030104,CDLG,5.1,1,2018/2/25,20170103CDLG000310077186,B024-TXN-01366,已成交,用户提供的历史交易快照
29989099,922000008,CDLG,1.58,1,2018/2/26,20170103CDLG000310077187,B024-TXN-01367,已成交,用户提供的历史交易快照
29989073,922000002,CDLG,4.8,0,2018/2/27,20170103CDLG000310077187,B024-TXN-01368,已成交,用户提供的历史交易快照
30020052,923000002,CDLG,6.2,1,2018/2/28,20170103CDLG000310077187,B024-TXN-01369,已成交,用户提供的历史交易快照
29989059,922000003,CDLG,1.98,1,2018/2/28,20170103CDLG000310077187,B024-TXN-01370,已成交,用户提供的历史交易快照
29989059,922000003,CDLG,1.98,1,2018/2/27,20170103CDLG000310077187,B024-TXN-01371,已成交,用户提供的历史交易快照
29989140,923000006,CDLG,7.6,1,2018/2/1,20170103CDLG000310077187,B024-TXN-01372,已成交,用户提供的历史交易快照
29989072,922000002,CDLG,0.94,3,2018/2/1,20170103CDLG000310077188,B024-TXN-01373,已成交,用户提供的历史交易快照
29989072,922000002,CDLG,0.64,2,2018/2/2,20170103CDLG000310077188,B024-TXN-01374,已成交,用户提供的历史交易快照
29989059,922000003,CDLG,1.98,1,2018/2/3,20170103CDLG000310077189,B024-TXN-01375,已成交,用户提供的历史交易快照
29989059,922000003,CDLG,1.98,1,2018/2/4,20170103CDLG000310077189,B024-TXN-01376,已成交,用户提供的历史交易快照
29989059,922000003,CDLG,1.98,1,2018/2/5,20170103CDLG000310077189,B024-TXN-01377,已成交,用户提供的历史交易快照
30022974,915030404,CDLG,6.18,2,2018/2/6,20170103CDLG000310077190,B024-TXN-01378,已成交,用户提供的历史交易快照
30026585,915030404,CDLG,7.22,1,2018/2/7,20170103CDLG000310077191,B024-TXN-01379,已成交,用户提供的历史交易快照
30026585,915030404,CDLG,7.22,2,2018/2/8,20170103CDLG000310077191,B024-TXN-01380,已成交,用户提供的历史交易快照
30113344,912060303,CDLG,13.42,1,2018/2/9,20170103CDLG000310077192,B024-TXN-01381,已成交,用户提供的历史交易快照
30129511,925090000,CDLG,17.22,1,2018/2/10,20170103CDLG000310077192,B024-TXN-01382,已成交,用户提供的历史交易快照
30214804,925090000,CDLG,33.45,0,2018/2/11,20170103CDLG000310077192,B024-TXN-01383,已成交,用户提供的历史交易快照
29989072,922000002,CDLG,0.78,1,2018/2/12,20170103CDLG000310077193,B024-TXN-01384,已成交,用户提供的历史交易快照
29989072,922000002,CDLG,0.78,2,2018/2/13,20170103CDLG000310077193,B024-TXN-01385,已成交,用户提供的历史交易快照
29989059,922000003,CDLG,1.98,1,2018/2/14,20170103CDLG000310077194,B024-TXN-01386,已成交,用户提供的历史交易快照
30092224,912060303,CDLG,31.2,1,2018/2/15,20170103CDLG000310077194,B024-TXN-01387,已成交,用户提供的历史交易快照
30020249,923000002,CDLG,1.98,2,2018/2/16,20170103CDLG000310077195,B024-TXN-01388,已成交,用户提供的历史交易快照
29989172,923000002,CDLG,9.6,1,2018/2/17,20170103CDLG000310077195,B024-TXN-01389,已成交,用户提供的历史交易快照
29999817,930000201,CDLG,11.52,1,2018/2/18,20170103CDLG000310077196,B024-TXN-01390,已成交,用户提供的历史交易快照
29989626,924030000,CDLG,15.6,1,2018/2/19,20170103CDLG000310077197,B024-TXN-01391,已成交,用户提供的历史交易快照
30020052,923000002,CDLG,6.2,1,2018/2/20,20170103CDLG000310077197,B024-TXN-01392,已成交,用户提供的历史交易快照
29989059,922000003,CDLG,1.98,1,2018/2/21,20170103CDLG000310077197,B024-TXN-01393,已成交,用户提供的历史交易快照
29989059,922000003,CDLG,1.98,2,2018/2/22,20170103CDLG000310077197,B024-TXN-01394,已成交,用户提供的历史交易快照
29989157,923000000,CDLG,5.6,1,2018/2/23,20170103CDLG000310077197,B024-TXN-01395,已成交,用户提供的历史交易快照
29989538,924020002,CDLG,12.62,1,2018/2/24,20170103CDLG000310077197,B024-TXN-01396,已成交,用户提供的历史交易快照
30022232,960000000,CDLG,0.3,1,2018/2/25,20170103CDLG000310077199,B024-TXN-01397,已成交,用户提供的历史交易快照
30009402,911000000,CDLG,5.12,1,2018/2/26,20170103CDLG000310077199,B024-TXN-01398,已成交,用户提供的历史交易快照
29989140,923000006,CDLG,7.6,2,2018/2/27,20170103CDLG000310077199,B024-TXN-01399,已成交,用户提供的历史交易快照
29989143,923000001,CDLG,5.0,2,2018/2/28,20170103CDLG000310077199,B024-TXN-01400,已成交,用户提供的历史交易快照
29989157,923000000,CDLG,5.6,2,2018/2/28,20170103CDLG000310077199,B024-TXN-01401,已成交,用户提供的历史交易快照
29989540,924020000,CDLG,11.58,0,2018/2/27,20170103CDLG000310077200,B024-TXN-01402,已成交,用户提供的历史交易快照
30129511,925090000,CDLG,17.23,0,2018/2/1,20170103CDLG000310077200,B024-TXN-01403,已成交,用户提供的历史交易快照
30023041,923000006,CDLG,3.2,1,2018/2/1,20170103CDLG000310077201,B024-TXN-01404,已成交,用户提供的历史交易快照
29989102,922000001,CDLG,3.16,2,2018/2/2,20170103CDLG000310077201,B024-TXN-01405,已成交,用户提供的历史交易快照
30008276,911010501,CDLG,15.42,1,2018/2/3,20170103CDLG000310077201,B024-TXN-01406,已成交,用户提供的历史交易快照
30006040,915010000,CDLG,9.58,1,2018/2/4,20170103CDLG000310077201,B024-TXN-01407,已成交,用户提供的历史交易快照
30008359,912030301,CDLG,14.82,1,2018/2/5,20170103CDLG000310077203,B024-TXN-01408,已成交,用户提供的历史交易快照
29989059,922000003,CDLG,1.98,1,2018/2/6,20170103CDLG000310077203,B024-TXN-01409,已成交,用户提供的历史交易快照
29989146,923000006,CDLG,6.79,0,2018/2/7,20170103CDLG000310077203,B024-TXN-01410,已成交,用户提供的历史交易快照
30106039,930000204,CDLG,14.52,1,2018/2/8,20170103CDLG000310077204,B024-TXN-01411,已成交,用户提供的历史交易快照
29989072,922000002,CDLG,0.78,2,2018/2/9,20170103CDLG000310077205,B024-TXN-01412,已成交,用户提供的历史交易快照
29989085,922000002,CDLG,1.18,1,2018/2/10,20170103CDLG000310077205,B024-TXN-01413,已成交,用户提供的历史交易快照
29989059,922000003,CDLG,1.98,2,2018/2/11,20170103CDLG000310077205,B024-TXN-01414,已成交,用户提供的历史交易快照
29989064,922000000,CDLG,9.62,0,2018/2/12,20170103CDLG000310077206,B024-TXN-01415,已成交,用户提供的历史交易快照
30009337,913050103,CDLG,1.0,1,2018/2/13,20170103CDLG000310077206,B024-TXN-01416,已成交,用户提供的历史交易快照
29989049,922000001,CDLG,1.98,0,2018/2/14,20170103CDLG000310077206,B024-TXN-01417,已成交,用户提供的历史交易快照
30009335,913050103,CDLG,1.0,1,2018/2/15,20170103CDLG000310077206,B024-TXN-01418,已成交,用户提供的历史交易快照
30022232,960000000,CDLG,0.3,1,2018/2/16,20170103CDLG000310077206,B024-TXN-01419,已成交,用户提供的历史交易快照
30076575,910020404,CDLG,5.62,1,2018/2/17,20170103CDLG000310077206,B024-TXN-01420,已成交,用户提供的历史交易快照
30117849,910020104,CDLG,2.5,1,2018/2/18,20170103CDLG000310077206,B024-TXN-01421,已成交,用户提供的历史交易快照
30118372,915030001,CDLG,52.62,1,2018/2/19,20170103CDLG000310077208,B024-TXN-01422,已成交,用户提供的历史交易快照
30080068,914090002,CDLG,59.52,1,2018/2/20,20170103CDLG000310077208,B024-TXN-01423,已成交,用户提供的历史交易快照
30053733,914030202,CDLG,5.72,1,2018/2/21,20170103CDLG000310077210,B024-TXN-01424,已成交,用户提供的历史交易快照
30053733,914030202,CDLG,5.72,1,2018/2/22,20170103CDLG000310077210,B024-TXN-01425,已成交,用户提供的历史交易快照
29989072,922000002,CDLG,0.78,1,2018/2/23,20170103CDLG000310077211,B024-TXN-01426,已成交,用户提供的历史交易快照
29989089,922000000,CDLG,11.62,0,2018/2/24,20170103CDLG000310077211,B024-TXN-01427,已成交,用户提供的历史交易快照
29989099,922000008,CDLG,1.58,1,2018/2/25,20170103CDLG000310077212,B024-TXN-01428,已成交,用户提供的历史交易快照
30020052,923000002,CDLG,6.2,2,2018/2/26,20170103CDLG000310077213,B024-TXN-01429,已成交,用户提供的历史交易快照
30023175,922000103,CDLG,5.6,2,2018/2/27,20170103CDLG000310077213,B024-TXN-01430,已成交,用户提供的历史交易快照
29989059,922000003,CDLG,1.98,1,2018/2/28,20170103CDLG000310077213,B024-TXN-01431,已成交,用户提供的历史交易快照
30006260,914100003,CDLG,2.62,1,2018/2/28,20170103CDLG000310077215,B024-TXN-01432,已成交,用户提供的历史交易快照
30006260,914100003,CDLG,2.62,1,2018/2/27,20170103CDLG000310077215,B024-TXN-01433,已成交,用户提供的历史交易快照
29989077,922000008,CDLG,11.59,0,2018/2/1,20170103CDLG000310077215,B024-TXN-01434,已成交,用户提供的历史交易快照
30165699,915020003,CDLG,7.12,1,2018/2/1,20170103CDLG000310077215,B024-TXN-01435,已成交,用户提供的历史交易快照
30008345,912030001,CDLG,6.62,1,2018/2/1,20170103CDLG000310077215,B024-TXN-01436,已成交,用户提供的历史交易快照
29989081,922000000,CDLG,8.19,0,2018/2/2,20170103CDLG000310077215,B024-TXN-01437,已成交,用户提供的历史交易快照
29989059,922000003,CDLG,1.98,1,2018/2/3,20170103CDLG000310077215,B024-TXN-01438,已成交,用户提供的历史交易快照
29989071,922000002,CDLG,3.4,2,2018/2/4,20170103CDLG000310077215,B024-TXN-01439,已成交,用户提供的历史交易快照
29989082,922000000,CDLG,8.78,0,2018/2/5,20170103CDLG000310077215,B024-TXN-01440,已成交,用户提供的历史交易快照
30006040,915010000,CDLG,9.58,1,2018/2/6,20170103CDLG000310077215,B024-TXN-01441,已成交,用户提供的历史交易快照
30023197,922000003,CDLG,6.81,0,2018/2/7,20170103CDLG000310077215,B024-TXN-01442,已成交,用户提供的历史交易快照
30051143,912030004,CDLG,16.32,1,2018/2/8,20170103CDLG000310077215,B024-TXN-01443,已成交,用户提供的历史交易快照
30214801,925090000,CDLG,27.43,1,2018/2/9,20170103CDLG000310077216,B024-TXN-01444,已成交,用户提供的历史交易快照
30009740,912060303,CDLG,60.32,0,2018/2/10,20170103CDLG000310077216,B024-TXN-01445,已成交,用户提供的历史交易快照
30163281,914010000,CDLG,1.6,2,2018/2/11,20170103CDLG000310077216,B024-TXN-01446,已成交,用户提供的历史交易快照
30044266,912000103,CDLG,12.6,0,2018/2/12,20170103CDLG000310077216,B024-TXN-01447,已成交,用户提供的历史交易快照
30078085,912060303,CDLG,19.19,0,2018/2/13,20170103CDLG000310077216,B024-TXN-01448,已成交,用户提供的历史交易快照
29989071,922000002,CDLG,3.4,1,2018/2/14,20170103CDLG000310077216,B024-TXN-01449,已成交,用户提供的历史交易快照
30040629,922000005,CDLG,15.6,0,2018/2/15,20170103CDLG000310077216,B024-TXN-01450,已成交,用户提供的历史交易快照
29989072,922000002,CDLG,0.78,1,2018/2/16,20170103CDLG000310077217,B024-TXN-01451,已成交,用户提供的历史交易快照
29989072,922000002,CDLG,0.78,2,2018/2/17,20170103CDLG000310077217,B024-TXN-01452,已成交,用户提供的历史交易快照
29989151,923000002,CDLG,7.6,1,2018/2/18,20170103CDLG000310077217,B024-TXN-01453,已成交,用户提供的历史交易快照
29989059,922000003,CDLG,1.98,1,2018/2/19,20170103CDLG000310077217,B024-TXN-01454,已成交,用户提供的历史交易快照
29989059,922000003,CDLG,1.98,1,2018/2/20,20170103CDLG000310077217,B024-TXN-01455,已成交,用户提供的历史交易快照
30207136,936000101,CDLG,49.42,1,2018/2/21,20170103CDLG000310077219,B024-TXN-01456,已成交,用户提供的历史交易快照
30008426,912040003,CDLG,7.82,1,2018/2/22,20170103CDLG000310077219,B024-TXN-01457,已成交,用户提供的历史交易快照
30008412,912040000,CDLG,3.62,1,2018/2/23,20170103CDLG000310077219,B024-TXN-01458,已成交,用户提供的历史交易快照
30178460,931060400,CDLG,6.52,2,2018/2/24,20170103CDLG000310077219,B024-TXN-01459,已成交,用户提供的历史交易快照
30009256,912060403,CDLG,15.63,0,2018/2/25,20170103CDLG000310077219,B024-TXN-01460,已成交,用户提供的历史交易快照
30006343,915030400,CDLG,3.98,2,2018/2/26,20170103CDLG000310077219,B024-TXN-01461,已成交,用户提供的历史交易快照
30173612,915030401,CDLG,8.38,1,2018/2/27,20170103CDLG000310077219,B024-TXN-01462,已成交,用户提供的历史交易快照
29989059,922000003,CDLG,1.98,1,2018/2/28,20170103CDLG000310077219,B024-TXN-01463,已成交,用户提供的历史交易快照
29989059,922000003,CDLG,1.98,1,2018/2/28,20170103CDLG000310077219,B024-TXN-01464,已成交,用户提供的历史交易快照
30039291,912040000,CDLG,6.52,1,2018/2/27,20170103CDLG000310077219,B024-TXN-01465,已成交,用户提供的历史交易快照
30031870,915030401,CDLG,6.58,2,2018/2/1,20170103CDLG000310077220,B024-TXN-01466,已成交,用户提供的历史交易快照
30022232,960000000,CDLG,0.3,1,2018/2/1,20170103CDLG000310077220,B024-TXN-01467,已成交,用户提供的历史交易快照
29989059,922000003,CDLG,1.98,1,2018/2/2,20170103CDLG000310077220,B024-TXN-01468,已成交,用户提供的历史交易快照
29989059,922000003,CDLG,1.98,1,2018/2/3,20170103CDLG000310077220,B024-TXN-01469,已成交,用户提供的历史交易快照
30018498,931050304,CDLG,15.52,1,2018/2/4,20170103CDLG000310077220,B024-TXN-01470,已成交,用户提供的历史交易快照
30012164,930020102,CDLG,9.52,1,2018/2/5,20170103CDLG000310077221,B024-TXN-01471,已成交,用户提供的历史交易快照
30012164,930020102,CDLG,9.52,1,2018/2/6,20170103CDLG000310077221,B024-TXN-01472,已成交,用户提供的历史交易快照
30022399,931060301,CDLG,2.5,1,2018/2/7,20170103CDLG000310077221,B024-TXN-01473,已成交,用户提供的历史交易快照
29989540,924020000,CDLG,11.58,1,2018/2/8,20170103CDLG000310077221,B024-TXN-01474,已成交,用户提供的历史交易快照
29991199,930020102,CDLG,10.52,1,2018/2/9,20170103CDLG000310077221,B024-TXN-01475,已成交,用户提供的历史交易快照
29991199,930020102,CDLG,10.52,1,2018/2/10,20170103CDLG000310077221,B024-TXN-01476,已成交,用户提供的历史交易快照
30150723,911010100,CDLG,19.62,1,2018/2/11,20170103CDLG000310077221,B024-TXN-01477,已成交,用户提供的历史交易快照
29989073,922000002,CDLG,4.8,0,2018/2/12,20170103CDLG000310077221,B024-TXN-01478,已成交,用户提供的历史交易快照
30000894,930020104,CDLG,10.12,1,2018/2/13,20170103CDLG000310077221,B024-TXN-01479,已成交,用户提供的历史交易快照
30022232,960000000,CDLG,0.3,5,2018/2/14,20170103CDLG000310077221,B024-TXN-01480,已成交,用户提供的历史交易快照
30148309,910030001,CDLG,3.78,7,2018/2/15,20170103CDLG000310077221,B024-TXN-01481,已成交,用户提供的历史交易快照
30211252,931060400,CDLG,7.52,1,2018/2/16,20170103CDLG000310077221,B024-TXN-01482,已成交,用户提供的历史交易快照
30211252,931060400,CDLG,7.52,1,2018/2/17,20170103CDLG000310077221,B024-TXN-01483,已成交,用户提供的历史交易快照
30080691,931060301,CDLG,3.92,1,2018/2/18,20170103CDLG000310077221,B024-TXN-01484,已成交,用户提供的历史交易快照
29989058,922000001,CDLG,1.98,1,2018/2/19,20170103CDLG000310077221,B024-TXN-01485,已成交,用户提供的历史交易快照
29989059,922000003,CDLG,1.98,1,2018/2/20,20170103CDLG000310077221,B024-TXN-01486,已成交,用户提供的历史交易快照
29989059,922000003,CDLG,1.98,1,2018/2/21,20170103CDLG000310077221,B024-TXN-01487,已成交,用户提供的历史交易快照
29991259,930020500,CDLG,7.52,1,2018/2/22,20170103CDLG000310077221,B024-TXN-01488,已成交,用户提供的历史交易快照
29989072,922000002,CDLG,0.78,3,2018/2/23,20170103CDLG000310077223,B024-TXN-01489,已成交,用户提供的历史交易快照
30136855,912060303,CDLG,17.43,1,2018/2/24,20170103CDLG000310077223,B024-TXN-01490,已成交,用户提供的历史交易快照
30214805,925090000,CDLG,39.41,1,2018/2/25,20170103CDLG000310077223,B024-TXN-01491,已成交,用户提供的历史交易快照
30007747,910030002,CDLG,1.24,19,2018/2/26,20170103CDLG000310077223,B024-TXN-01492,已成交,用户提供的历史交易快照
29989059,922000003,CDLG,1.98,1,2018/2/27,20170103CDLG000310077223,B024-TXN-01493,已成交,用户提供的历史交易快照
29989059,922000003,CDLG,1.98,1,2018/2/28,20170103CDLG000310077223,B024-TXN-01494,已成交,用户提供的历史交易快照
30007676,913050103,CDLG,3.02,1,2018/2/28,20170103CDLG000310077223,B024-TXN-01495,已成交,用户提供的历史交易快照
30007679,913050103,CDLG,3.02,1,2018/2/27,20170103CDLG000310077223,B024-TXN-01496,已成交,用户提供的历史交易快照
30009798,912010004,CDLG,2.62,1,2018/2/1,20170103CDLG000310077223,B024-TXN-01497,已成交,用户提供的历史交易快照
30023159,922000005,CDLG,2.8,1,2018/2/1,20170103CDLG000310077224,B024-TXN-01498,已成交,用户提供的历史交易快照
30145918,921000000,CDLG,12.52,1,2018/2/2,20170103CDLG000310077224,B024-TXN-01499,已成交,用户提供的历史交易快照
30075147,914070100,CDLG,6.32,1,2018/2/3,20170103CDLG000310077224,B024-TXN-01500,已成交,用户提供的历史交易快照
30073302,914040005,CDLG,5.72,1,2018/2/4,20170103CDLG000310077224,B024-TXN-01501,已成交,用户提供的历史交易快照
30145923,921000000,CDLG,3.52,1,2018/2/5,20170103CDLG000310077224,B024-TXN-01502,已成交,用户提供的历史交易快照
30008948,911000100,CDLG,10.42,1,2018/2/6,20170103CDLG000310077225,B024-TXN-01503,已成交,用户提供的历史交易快照
30022232,960000000,CDLG,0.3,1,2018/2/7,20170103CDLG000310077225,B024-TXN-01504,已成交,用户提供的历史交易快照
30027007,923000006,CDLG,5.59,0,2018/2/8,20170103CDLG000310077225,B024-TXN-01505,已成交,用户提供的历史交易快照
30008276,911010501,CDLG,15.43,0,2018/2/9,20170103CDLG000310077225,B024-TXN-01506,已成交,用户提供的历史交易快照
30017268,911000100,CDLG,9.52,1,2018/2/10,20170103CDLG000310077225,B024-TXN-01507,已成交,用户提供的历史交易快照
29989157,923000000,CDLG,5.6,1,2018/2/11,20170103CDLG000310077225,B024-TXN-01508,已成交,用户提供的历史交易快照
29989072,922000002,CDLG,0.78,1,2018/2/12,20170103CDLG000310077226,B024-TXN-01509,已成交,用户提供的历史交易快照
30020249,923000002,CDLG,1.98,1,2018/2/13,20170103CDLG000310077226,B024-TXN-01510,已成交,用户提供的历史交易快照
30027007,923000006,CDLG,5.6,1,2018/2/14,20170103CDLG000310077226,B024-TXN-01511,已成交,用户提供的历史交易快照
30171543,930020502,CDLG,14.52,1,2018/2/15,20170103CDLG000310077227,B024-TXN-01512,已成交,用户提供的历史交易快照
30153013,912030207,CDLG,3.42,1,2018/2/16,20170103CDLG000310077229,B024-TXN-01513,已成交,用户提供的历史交易快照
30163281,914010000,CDLG,2.0,1,2018/2/17,20170103CDLG000310077229,B024-TXN-01514,已成交,用户提供的历史交易快照
30080068,914090002,CDLG,59.52,1,2018/2/18,20170103CDLG000310077229,B024-TXN-01515,已成交,用户提供的历史交易快照
30006343,915030400,CDLG,3.98,1,2018/2/19,20170103CDLG000310077229,B024-TXN-01516,已成交,用户提供的历史交易快照
30143702,931060000,CDLG,9.52,1,2018/2/20,20170103CDLG000310077230,B024-TXN-01517,已成交,用户提供的历史交易快照
30149264,931050202,CDLG,10.52,1,2018/2/21,20170103CDLG000310077230,B024-TXN-01518,已成交,用户提供的历史交易快照
29999826,930010000,CDLG,18.52,1,2018/2/22,20170103CDLG000310077230,B024-TXN-01519,已成交,用户提供的历史交易快照
30171543,930020502,CDLG,14.52,1,2018/2/23,20170103CDLG000310077230,B024-TXN-01520,已成交,用户提供的历史交易快照
29989059,922000003,CDLG,3.98,1,2018/2/24,20170103CDLG000310077230,B024-TXN-01521,已成交,用户提供的历史交易快照
30174439,931060206,CDLG,5.52,1,2018/2/25,20170103CDLG000310077230,B024-TXN-01522,已成交,用户提供的历史交易快照
30143702,931060000,CDLG,9.52,1,2018/2/26,20170103CDLG000310077231,B024-TXN-01523,已成交,用户提供的历史交易快照
30149264,931050202,CDLG,10.52,1,2018/2/27,20170103CDLG000310077231,B024-TXN-01524,已成交,用户提供的历史交易快照
30077505,931000902,CDLG,4.52,1,2018/2/28,20170103CDLG000310077231,B024-TXN-01525,已成交,用户提供的历史交易快照
30077505,931000902,CDLG,5.65,2,2018/2/28,20170103CDLG000310077231,B024-TXN-01526,已成交,用户提供的历史交易快照
29989105,922000000,CDLG,2.8,1,2018/2/27,20170103CDLG000310077231,B024-TXN-01527,已成交,用户提供的历史交易快照
29999826,930010000,CDLG,18.52,1,2018/2/1,20170103CDLG000310077231,B024-TXN-01528,已成交,用户提供的历史交易快照
30171543,930020502,CDLG,14.52,1,2018/2/1,20170103CDLG000310077231,B024-TXN-01529,已成交,用户提供的历史交易快照
29989059,922000003,CDLG,3.98,1,2018/2/2,20170103CDLG000310077231,B024-TXN-01530,已成交,用户提供的历史交易快照
29989059,922000003,CDLG,3.98,1,2018/2/3,20170103CDLG000310077231,B024-TXN-01531,已成交,用户提供的历史交易快照
29989059,922000003,CDLG,3.98,1,2018/2/4,20170103CDLG000310077231,B024-TXN-01532,已成交,用户提供的历史交易快照
29989157,923000000,CDLG,5.6,1,2018/2/5,20170103CDLG000310077231,B024-TXN-01533,已成交,用户提供的历史交易快照
30174439,931060206,CDLG,5.52,1,2018/2/6,20170103CDLG000310077231,B024-TXN-01534,已成交,用户提供的历史交易快照
30022232,960000000,CDLG,0.3,1,2018/2/7,20170103CDLG000310077232,B024-TXN-01535,已成交,用户提供的历史交易快照
29989059,922000003,CDLG,3.98,1,2018/2/8,20170103CDLG000310077233,B024-TXN-01536,已成交,用户提供的历史交易快照
30104145,931080205,CDLG,5.12,1,2018/2/9,20170103CDLG000310077234,B024-TXN-01537,已成交,用户提供的历史交易快照
30214800,925090000,CDLG,25.41,1,2018/2/10,20170103CDLG000310077234,B024-TXN-01538,已成交,用户提供的历史交易快照
30001823,912020103,CDLG,1.5,1,2018/2/11,20170103CDLG000310077234,B024-TXN-01539,已成交,用户提供的历史交易快照
30077387,930000204,CDLG,18.52,1,2018/2/12,20170103CDLG000310077234,B024-TXN-01540,已成交,用户提供的历史交易快照
29999817,930000201,CDLG,11.52,1,2018/2/13,20170103CDLG000310077234,B024-TXN-01541,已成交,用户提供的历史交易快照
30167490,931010003,CDLG,4.82,1,2018/2/14,20170103CDLG000310077234,B024-TXN-01542,已成交,用户提供的历史交易快照
30153486,915020000,CDLG,51.42,2,2018/2/15,20170103CDLG000310077235,B024-TXN-01543,已成交,用户提供的历史交易快照
29989091,922000000,CDLG,4.2,1,2018/2/16,20170103CDLG000310077236,B024-TXN-01544,已成交,用户提供的历史交易快照
29989077,922000008,CDLG,11.59,0,2018/2/17,20170103CDLG000310077236,B024-TXN-01545,已成交,用户提供的历史交易快照
30022232,960000000,CDLG,0.3,1,2018/2/18,20170103CDLG000310077236,B024-TXN-01546,已成交,用户提供的历史交易快照
30020094,923000006,CDLG,9.59,0,2018/2/19,20170103CDLG000310077236,B024-TXN-01547,已成交,用户提供的历史交易快照
30053740,914030200,CDLG,9.72,1,2018/2/20,20170103CDLG000310077236,B024-TXN-01548,已成交,用户提供的历史交易快照
30006041,915010000,CDLG,7.58,1,2018/2/21,20170103CDLG000310077237,B024-TXN-01549,已成交,用户提供的历史交易快照
30006208,915000101,CDLG,47.47,0,2018/2/22,20170103CDLG000310077237,B024-TXN-01550,已成交,用户提供的历史交易快照
29989083,922000000,CDLG,4.2,0,2018/2/23,20170103CDLG000310077238,B024-TXN-01551,已成交,用户提供的历史交易快照
30023195,922000001,CDLG,1.98,1,2018/2/24,20170103CDLG000310077238,B024-TXN-01552,已成交,用户提供的历史交易快照
30213313,914100003,CDLG,2.22,1,2018/2/25,20170103CDLG000310077238,B024-TXN-01553,已成交,用户提供的历史交易快照
30009406,911000001,CDLG,2.0,2,2018/2/26,20170103CDLG000310077238,B024-TXN-01554,已成交,用户提供的历史交易快照
30213314,914100000,CDLG,2.22,1,2018/2/27,20170103CDLG000310077238,B024-TXN-01555,已成交,用户提供的历史交易快照
29989073,922000002,CDLG,4.8,0,2018/2/28,20170103CDLG000310077238,B024-TXN-01556,已成交,用户提供的历史交易快照
30022232,960000000,CDLG,0.3,1,2018/2/28,20170103CDLG000310077238,B024-TXN-01557,已成交,用户提供的历史交易快照
30213315,914100002,CDLG,2.22,1,2018/2/27,20170103CDLG000310077238,B024-TXN-01558,已成交,用户提供的历史交易快照
30214313,930020502,CDLG,8.52,1,2018/2/1,20170103CDLG000310077238,B024-TXN-01559,已成交,用户提供的历史交易快照
29989056,922000001,CDLG,5.6,1,2018/2/1,20170103CDLG000310077238,B024-TXN-01560,已成交,用户提供的历史交易快照
29989082,922000000,CDLG,8.81,0,2018/2/1,20170103CDLG000310077238,B024-TXN-01561,已成交,用户提供的历史交易快照
29989172,923000002,CDLG,9.6,1,2018/2/2,20170103CDLG000310077238,B024-TXN-01562,已成交,用户提供的历史交易快照
29989231,924000005,CDLG,43.58,0,2018/2/3,20170103CDLG000310077238,B024-TXN-01563,已成交,用户提供的历史交易快照
30017274,911000100,CDLG,13.42,1,2018/2/4,20170103CDLG000310077239,B024-TXN-01564,已成交,用户提供的历史交易快照
30000894,930020104,CDLG,10.12,1,2018/2/5,20170103CDLG000310077240,B024-TXN-01565,已成交,用户提供的历史交易快照
30000842,930020100,CDLG,6.12,1,2018/2/6,20170103CDLG000310077240,B024-TXN-01566,已成交,用户提供的历史交易快照
30000842,930020100,CDLG,6.12,1,2018/2/7,20170103CDLG000310077240,B024-TXN-01567,已成交,用户提供的历史交易快照
29989076,922000006,CDLG,3.58,1,2018/2/8,20170103CDLG000310077241,B024-TXN-01568,已成交,用户提供的历史交易快照
29989059,922000003,CDLG,3.98,1,2018/2/9,20170103CDLG000310077241,B024-TXN-01569,已成交,用户提供的历史交易快照
30118705,912060301,CDLG,31.21,1,2018/2/10,20170103CDLG000310077242,B024-TXN-01570,已成交,用户提供的历史交易快照
30118705,912060301,CDLG,31.25,0,2018/2/11,20170103CDLG000310077243,B024-TXN-01571,已成交,用户提供的历史交易快照
30033501,914040401,CDLG,2.5,1,2018/2/12,20170103CDLG000310077244,B024-TXN-01572,已成交,用户提供的历史交易快照
30001586,910020302,CDLG,5.52,1,2018/2/13,20170103CDLG000310077244,B024-TXN-01573,已成交,用户提供的历史交易快照
30023187,922000003,CDLG,3.2,1,2018/2/14,20170103CDLG000310077245,B024-TXN-01574,已成交,用户提供的历史交易快照
30055256,915030100,CDLG,5.34,1,2018/2/15,20170103CDLG000310077245,B024-TXN-01575,已成交,用户提供的历史交易快照
30165691,931060121,CDLG,3.52,1,2018/2/16,20170103CDLG000310077245,B024-TXN-01576,已成交,用户提供的历史交易快照
30022232,960000000,CDLG,0.3,1,2018/2/17,20170103CDLG000310077245,B024-TXN-01577,已成交,用户提供的历史交易快照
30167422,914020200,CDLG,12.62,1,2018/2/18,20170103CDLG000310077245,B024-TXN-01578,已成交,用户提供的历史交易快照
29989102,922000001,CDLG,3.16,1,2018/2/19,20170103CDLG000310077245,B024-TXN-01579,已成交,用户提供的历史交易快照
30017776,911000001,CDLG,2.0,1,2018/2/20,20170103CDLG000310077245,B024-TXN-01580,已成交,用户提供的历史交易快照
29989081,922000000,CDLG,8.21,0,2018/2/21,20170103CDLG000310077246,B024-TXN-01581,已成交,用户提供的历史交易快照
30021751,912000104,CDLG,3.72,1,2018/2/22,20170103CDLG000310077247,B024-TXN-01582,已成交,用户提供的历史交易快照
30004721,930040200,CDLG,19.52,1,2018/2/23,20170103CDLG000310077247,B024-TXN-01583,已成交,用户提供的历史交易快照
30020655,912060003,CDLG,17.39,0,2018/2/24,20170103CDLG000310077247,B024-TXN-01584,已成交,用户提供的历史交易快照
30009323,912500204,CDLG,2.92,1,2018/2/25,20170103CDLG000310077247,B024-TXN-01585,已成交,用户提供的历史交易快照
30009323,912500204,CDLG,2.92,1,2018/2/26,20170103CDLG000310077247,B024-TXN-01586,已成交,用户提供的历史交易快照
30022232,960000000,CDLG,0.3,1,2018/2/27,20170103CDLG000310077248,B024-TXN-01587,已成交,用户提供的历史交易快照
30001014,930020700,CDLG,3.42,1,2018/2/28,20170103CDLG000310077249,B024-TXN-01588,已成交,用户提供的历史交易快照
30178152,930040200,CDLG,33.52,1,2018/2/28,20170103CDLG000310077250,B024-TXN-01589,已成交,用户提供的历史交易快照
30072111,923000006,CDLG,2.48,2,2018/2/27,20170103CDLG000310077251,B024-TXN-01590,已成交,用户提供的历史交易快照
30022233,960000000,CDLG,0.2,1,2018/2/1,20170103CDLG000310077252,B024-TXN-01591,已成交,用户提供的历史交易快照
30001277,910020207,CDLG,7.62,1,2018/2/1,20170103CDLG000310077252,B024-TXN-01592,已成交,用户提供的历史交易快照
30020052,923000002,CDLG,6.2,1,2018/2/2,20170103CDLG000310077252,B024-TXN-01593,已成交,用户提供的历史交易快照
30178069,912060303,CDLG,31.15,0,2018/2/3,20170103CDLG000310077252,B024-TXN-01594,已成交,用户提供的历史交易快照
29989172,923000002,CDLG,9.59,0,2018/2/4,20170103CDLG000310077252,B024-TXN-01595,已成交,用户提供的历史交易快照
30214313,930020502,CDLG,8.52,1,2018/2/5,20170103CDLG000310077253,B024-TXN-01596,已成交,用户提供的历史交易快照
30119297,930000201,CDLG,6.52,1,2018/2/6,20170103CDLG000310077253,B024-TXN-01597,已成交,用户提供的历史交易快照
30010129,931060000,CDLG,4.12,1,2018/2/7,20170103CDLG000310077253,B024-TXN-01598,已成交,用户提供的历史交易快照
30020269,923000101,CDLG,7.6,1,2018/2/8,20170103CDLG000310077254,B024-TXN-01599,已成交,用户提供的历史交易快照
30162126,912060303,CDLG,51.13,0,2018/2/9,20170103CDLG000310077254,B024-TXN-01600,已成交,用户提供的历史交易快照
30009406,911000001,CDLG,2.0,1,2018/2/10,20170103CDLG000310077254,B024-TXN-01601,已成交,用户提供的历史交易快照
30009406,911000001,CDLG,2.0,1,2018/2/11,20170103CDLG000310077254,B024-TXN-01602,已成交,用户提供的历史交易快照
30020426,914050005,CDLG,3.32,1,2018/2/12,20170103CDLG000310077254,B024-TXN-01603,已成交,用户提供的历史交易快照
30155135,912050001,CDLG,9.62,1,2018/2/13,20170103CDLG000310077254,B024-TXN-01604,已成交,用户提供的历史交易快照
30010239,912500204,CDLG,17.62,1,2018/2/14,20170103CDLG000310077254,B024-TXN-01605,已成交,用户提供的历史交易快照
30022232,960000000,CDLG,0.3,1,2018/2/15,20170103CDLG000310077254,B024-TXN-01606,已成交,用户提供的历史交易快照
30101356,912060103,CDLG,19.24,0,2018/2/16,20170103CDLG000310077254,B024-TXN-01607,已成交,用户提供的历史交易快照
30007708,910020403,CDLG,7.82,1,2018/2/17,20170103CDLG000310077255,B024-TXN-01608,已成交,用户提供的历史交易快照
30007708,910020403,CDLG,7.82,1,2018/2/18,20170103CDLG000310077255,B024-TXN-01609,已成交,用户提供的历史交易快照
30007708,910020403,CDLG,7.82,1,2018/2/19,20170103CDLG000310077255,B024-TXN-01610,已成交,用户提供的历史交易快照
30055256,915030100,CDLG,5.34,3,2018/2/20,20170103CDLG000310077255,B024-TXN-01611,已成交,用户提供的历史交易快照
30020145,915030104,CDLG,4.16,2,2018/2/21,20170103CDLG000310077256,B024-TXN-01612,已成交,用户提供的历史交易快照
29989157,923000000,CDLG,5.6,1,2018/2/22,20170103CDLG000310077256,B024-TXN-01613,已成交,用户提供的历史交易快照
29989172,923000002,CDLG,9.59,0,2018/2/23,20170103CDLG000310077256,B024-TXN-01614,已成交,用户提供的历史交易快照
30020269,923000101,CDLG,7.6,1,2018/2/24,20170103CDLG000310077258,B024-TXN-01615,已成交,用户提供的历史交易快照
30023227,923000002,CDLG,1.4,2,2018/2/25,20170103CDLG000310077258,B024-TXN-01616,已成交,用户提供的历史交易快照
30009239,910030203,CDLG,10.42,1,2018/2/26,20170103CDLG000310077258,B024-TXN-01617,已成交,用户提供的历史交易快照
30009239,910030203,CDLG,10.42,1,2018/2/27,20170103CDLG000310077258,B024-TXN-01618,已成交,用户提供的历史交易快照
30160395,923000101,CDLG,2.12,1,2018/2/28,20170103CDLG000310077258,B024-TXN-01619,已成交,用户提供的历史交易快照
30160395,923000101,CDLG,2.12,1,2018/2/28,20170103CDLG000310077258,B024-TXN-01620,已成交,用户提供的历史交易快照
30160395,923000101,CDLG,2.12,1,2018/2/27,20170103CDLG000310077258,B024-TXN-01621,已成交,用户提供的历史交易快照
30023194,922000008,CDLG,13.6,1,2018/2/1,20170103CDLG000310077258,B024-TXN-01622,已成交,用户提供的历史交易快照
30136315,910030203,CDLG,9.02,1,2018/2/1,20170103CDLG000310077258,B024-TXN-01623,已成交,用户提供的历史交易快照
29989147,923000006,CDLG,3.6,2,2018/2/2,20170103CDLG000310077258,B024-TXN-01624,已成交,用户提供的历史交易快照
29989150,923000004,CDLG,10.81,0,2018/2/3,20170103CDLG000310077258,B024-TXN-01625,已成交,用户提供的历史交易快照
30194574,910030203,CDLG,14.62,1,2018/2/4,20170103CDLG000310077258,B024-TXN-01626,已成交,用户提供的历史交易快照
29989076,922000006,CDLG,3.58,1,2018/2/5,20170103CDLG000310077259,B024-TXN-01627,已成交,用户提供的历史交易快照
29989083,922000000,CDLG,4.2,1,2018/2/6,20170103CDLG000310077259,B024-TXN-01628,已成交,用户提供的历史交易快照
29989073,922000002,CDLG,4.8,1,2018/2/7,20170103CDLG000310077259,B024-TXN-01629,已成交,用户提供的历史交易快照
29989157,923000000,CDLG,5.6,1,2018/2/8,20170103CDLG000310077259,B024-TXN-01630,已成交,用户提供的历史交易快照
29989157,923000000,CDLG,5.6,1,2018/2/9,20170103CDLG000310077260,B024-TXN-01631,已成交,用户提供的历史交易快照
30210095,910030203,CDLG,7.54,2,2018/2/10,20170103CDLG000310077261,B024-TXN-01632,已成交,用户提供的历史交易快照
30005877,914020100,CDLG,9.12,1,2018/2/11,20170103CDLG000310077262,B024-TXN-01633,已成交,用户提供的历史交易快照
30020103,915030301,CDLG,9.59,0,2018/2/12,20170103CDLG000310077262,B024-TXN-01634,已成交,用户提供的历史交易快照
30003860,914010001,CDLG,8.82,1,2018/2/13,20170103CDLG000310077262,B024-TXN-01635,已成交,用户提供的历史交易快照
30006040,915010000,CDLG,9.58,1,2018/2/14,20170103CDLG000310077262,B024-TXN-01636,已成交,用户提供的历史交易快照
30193919,914120305,CDLG,1.4,1,2018/2/15,20170103CDLG000310077263,B024-TXN-01637,已成交,用户提供的历史交易快照
30022232,960000000,CDLG,0.3,1,2018/2/16,20170103CDLG000310077263,B024-TXN-01638,已成交,用户提供的历史交易快照
30193918,914120305,CDLG,1.4,1,2018/2/17,20170103CDLG000310077263,B024-TXN-01639,已成交,用户提供的历史交易快照
30212647,912060304,CDLG,39.14,0,2018/2/18,20170103CDLG000310077263,B024-TXN-01640,已成交,用户提供的历史交易快照
30096418,912060403,CDLG,19.43,0,2018/2/19,20170103CDLG000310077263,B024-TXN-01641,已成交,用户提供的历史交易快照
30009710,912030502,CDLG,5.12,1,2018/2/20,20170103CDLG000310077263,B024-TXN-01642,已成交,用户提供的历史交易快照
30129933,912060403,CDLG,27.18,0,2018/2/21,20170103CDLG000310077263,B024-TXN-01643,已成交,用户提供的历史交易快照
30193920,914120305,CDLG,1.4,1,2018/2/22,20170103CDLG000310077263,B024-TXN-01644,已成交,用户提供的历史交易快照
30119317,914110000,CDLG,6.12,1,2018/2/23,20170103CDLG000310077264,B024-TXN-01645,已成交,用户提供的历史交易快照
30040555,913020003,CDLG,17.42,1,2018/2/24,20170103CDLG000310077265,B024-TXN-01646,已成交,用户提供的历史交易快照
30040555,913020003,CDLG,17.42,1,2018/2/25,20170103CDLG000310077265,B024-TXN-01647,已成交,用户提供的历史交易快照
30143521,930000203,CDLG,9.22,1,2018/2/26,20170103CDLG000310077266,B024-TXN-01648,已成交,用户提供的历史交易快照
30105200,931020000,CDLG,4.22,1,2018/2/27,20170103CDLG000310077266,B024-TXN-01649,已成交,用户提供的历史交易快照
30027007,923000006,CDLG,5.6,1,2018/2/28,20170103CDLG000310077267,B024-TXN-01650,已成交,用户提供的历史交易快照
30143861,910010000,CDLG,1.5,1,2018/2/28,20170103CDLG000310077267,B024-TXN-01651,已成交,用户提供的历史交易快照
30143861,910010000,CDLG,1.5,1,2018/2/27,20170103CDLG000310077267,B024-TXN-01652,已成交,用户提供的历史交易快照
29989071,922000002,CDLG,3.4,0,2018/2/1,20170103CDLG000310077267,B024-TXN-01653,已成交,用户提供的历史交易快照
30039291,912040000,CDLG,6.52,1,2018/2/1,20170103CDLG000310077267,B024-TXN-01654,已成交,用户提供的历史交易快照
30031936,912060400,CDLG,13.42,1,2018/2/2,20170103CDLG000310077268,B024-TXN-01655,已成交,用户提供的历史交易快照
29989085,922000002,CDLG,1.18,3,2018/2/3,20170103CDLG000310077269,B024-TXN-01656,已成交,用户提供的历史交易快照
29989161,923000006,CDLG,15.61,0,2018/2/4,20170103CDLG000310077270,B024-TXN-01657,已成交,用户提供的历史交易快照
29989161,923000006,CDLG,15.6,1,2018/2/5,20170103CDLG000310077270,B024-TXN-01658,已成交,用户提供的历史交易快照
30119171,915030306,CDLG,10.62,1,2018/2/6,20170103CDLG000310077270,B024-TXN-01659,已成交,用户提供的历史交易快照
29989062,922000000,CDLG,9.62,0,2018/2/7,20170103CDLG000310077271,B024-TXN-01660,已成交,用户提供的历史交易快照
29989063,922000000,CDLG,6.8,0,2018/2/8,20170103CDLG000310077271,B024-TXN-01661,已成交,用户提供的历史交易快照
30009039,912030500,CDLG,3.12,1,2018/2/9,20170103CDLG000310077271,B024-TXN-01662,已成交,用户提供的历史交易快照
30115853,912030500,CDLG,5.42,1,2018/2/10,20170103CDLG000310077271,B024-TXN-01663,已成交,用户提供的历史交易快照
30023194,922000008,CDLG,13.6,0,2018/2/11,20170103CDLG000310077273,B024-TXN-01664,已成交,用户提供的历史交易快照
30066613,930010003,CDLG,9.52,1,2018/2/12,20170103CDLG000310077273,B024-TXN-01665,已成交,用户提供的历史交易快照
30020052,923000002,CDLG,6.2,1,2018/2/13,20170103CDLG000310077273,B024-TXN-01666,已成交,用户提供的历史交易快照
30096418,912060403,CDLG,19.43,0,2018/2/14,20170103CDLG000310077273,B024-TXN-01667,已成交,用户提供的历史交易快照
29989077,922000008,CDLG,11.61,0,2018/2/15,20170103CDLG000310077273,B024-TXN-01668,已成交,用户提供的历史交易快照
29989157,923000000,CDLG,5.6,1,2018/2/16,20170103CDLG000310077273,B024-TXN-01669,已成交,用户提供的历史交易快照
30027007,923000006,CDLG,5.6,2,2018/2/17,20170103CDLG000310077274,B024-TXN-01670,已成交,用户提供的历史交易快照
30214313,930020502,CDLG,8.52,1,2018/2/18,20170103CDLG000310077274,B024-TXN-01671,已成交,用户提供的历史交易快照
30214313,930020502,CDLG,8.52,1,2018/2/19,20170103CDLG000310077274,B024-TXN-01672,已成交,用户提供的历史交易快照
30008274,911010501,CDLG,27.21,1,2018/2/20,20170103CDLG000310077275,B024-TXN-01673,已成交,用户提供的历史交易快照
29989077,922000008,CDLG,11.6,1,2018/2/21,20170103CDLG000310077275,B024-TXN-01674,已成交,用户提供的历史交易快照
30136855,912060303,CDLG,17.4,0,2018/2/22,20170103CDLG000310077276,B024-TXN-01675,已成交,用户提供的历史交易快照
29989172,923000002,CDLG,9.6,1,2018/2/23,20170103CDLG000310077276,B024-TXN-01676,已成交,用户提供的历史交易快照
29989172,923000002,CDLG,9.6,1,2018/2/24,20170103CDLG000310077277,B024-TXN-01677,已成交,用户提供的历史交易快照
29989073,922000002,CDLG,4.8,2,2018/2/25,20170103CDLG000310077278,B024-TXN-01678,已成交,用户提供的历史交易快照
30003840,914010000,CDLG,13.52,1,2018/2/26,20170103CDLG000310077278,B024-TXN-01679,已成交,用户提供的历史交易快照
30003840,914010000,CDLG,13.52,1,2018/2/27,20170103CDLG000310077278,B024-TXN-01680,已成交,用户提供的历史交易快照
30072121,922000001,CDLG,1.0,2,2018/2/28,20170103CDLG000310077278,B024-TXN-01681,已成交,用户提供的历史交易快照
30214313,930020502,CDLG,8.52,1,2018/2/28,20170103CDLG000310077279,B024-TXN-01682,已成交,用户提供的历史交易快照
30003840,914010000,CDLG,16.9,2,2018/2/27,20170103CDLG000310077279,B024-TXN-01683,已成交,用户提供的历史交易快照
30004134,914010001,CDLG,24.52,1,2018/2/1,20170103CDLG000310077279,B024-TXN-01684,已成交,用户提供的历史交易快照
29999817,930000201,CDLG,11.52,1,2018/2/1,20170103CDLG000310077279,B024-TXN-01685,已成交,用户提供的历史交易快照
29989085,922000002,CDLG,1.18,2,2018/2/2,20170103CDLG000310077280,B024-TXN-01686,已成交,用户提供的历史交易快照
30022232,960000000,CDLG,0.3,1,2018/2/3,20170103CDLG000310077280,B024-TXN-01687,已成交,用户提供的历史交易快照
30163708,914040300,CDLG,4.12,1,2018/2/4,20170103CDLG000310077280,B024-TXN-01688,已成交,用户提供的历史交易快照
30004151,914030001,CDLG,5.32,1,2018/2/5,20170103CDLG000310077280,B024-TXN-01689,已成交,用户提供的历史交易快照
30064831,911000001,CDLG,11.12,1,2018/2/6,20170103CDLG000310077280,B024-TXN-01690,已成交,用户提供的历史交易快照
30090470,930000201,CDLG,9.52,1,2018/2/7,20170103CDLG000310077280,B024-TXN-01691,已成交,用户提供的历史交易快照
29989085,922000002,CDLG,1.18,1,2018/2/8,20170103CDLG000310077282,B024-TXN-01692,已成交,用户提供的历史交易快照
30000836,930020100,CDLG,3.22,1,2018/2/9,20170103CDLG000310077282,B024-TXN-01693,已成交,用户提供的历史交易快照
30036415,930020100,CDLG,8.52,1,2018/2/10,20170103CDLG000310077282,B024-TXN-01694,已成交,用户提供的历史交易快照
30000859,930020101,CDLG,4.12,1,2018/2/11,20170103CDLG000310077282,B024-TXN-01695,已成交,用户提供的历史交易快照
29989105,922000000,CDLG,2.8,1,2018/2/12,20170103CDLG000310077282,B024-TXN-01696,已成交,用户提供的历史交易快照
30008276,911010501,CDLG,15.42,1,2018/2/13,20170103CDLG000310077282,B024-TXN-01697,已成交,用户提供的历史交易快照
30115568,930020001,CDLG,8.52,1,2018/2/14,20170103CDLG000310077282,B024-TXN-01698,已成交,用户提供的历史交易快照
30113909,930020001,CDLG,9.52,1,2018/2/15,20170103CDLG000310077282,B024-TXN-01699,已成交,用户提供的历史交易快照
30163281,914010000,CDLG,2.0,1,2018/2/16,20170103CDLG000310077283,B024-TXN-01700,已成交,用户提供的历史交易快照
30163281,914010000,CDLG,2.0,1,2018/2/17,20170103CDLG000310077283,B024-TXN-01701,已成交,用户提供的历史交易快照
30122591,912020100,CDLG,4.92,1,2018/2/18,20170103CDLG000310077284,B024-TXN-01702,已成交,用户提供的历史交易快照
30039291,912040000,CDLG,6.52,1,2018/2/19,20170103CDLG000310077284,B024-TXN-01703,已成交,用户提供的历史交易快照
30044885,912020202,CDLG,1.2,1,2018/2/20,20170103CDLG000310077285,B024-TXN-01704,已成交,用户提供的历史交易快照
30044885,912020202,CDLG,1.2,1,2018/2/21,20170103CDLG000310077285,B024-TXN-01705,已成交,用户提供的历史交易快照
30199037,910020208,CDLG,4.82,1,2018/2/22,20170103CDLG000310077286,B024-TXN-01706,已成交,用户提供的历史交易快照
30199037,910020208,CDLG,4.82,1,2018/2/23,20170103CDLG000310077286,B024-TXN-01707,已成交,用户提供的历史交易快照
30186430,914110004,CDLG,9.72,1,2018/2/24,20170103CDLG000310077287,B024-TXN-01708,已成交,用户提供的历史交易快照
30186430,914110004,CDLG,9.72,1,2018/2/25,20170103CDLG000310077287,B024-TXN-01709,已成交,用户提供的历史交易快照
30022232,960000000,CDLG,0.3,1,2018/2/26,20170103CDLG000310077287,B024-TXN-01710,已成交,用户提供的历史交易快照
30006362,914100000,CDLG,11.22,1,2018/2/27,20170103CDLG000310077287,B024-TXN-01711,已成交,用户提供的历史交易快照
30129933,912060403,CDLG,27.21,1,2018/2/28,20170103CDLG000310077287,B024-TXN-01712,已成交,用户提供的历史交易快照
30001698,910020403,CDLG,4.32,1,2018/2/28,20170103CDLG000310077288,B024-TXN-01713,已成交,用户提供的历史交易快照
30039291,912040000,CDLG,6.52,1,2018/2/27,20170103CDLG000310077288,B024-TXN-01714,已成交,用户提供的历史交易快照
30009310,912050002,CDLG,2.2,1,2018/2/1,20170103CDLG000310077289,B024-TXN-01715,已成交,用户提供的历史交易快照
29989172,923000002,CDLG,9.6,1,2018/2/1,20170103CDLG000310077289,B024-TXN-01716,已成交,用户提供的历史交易快照
30023194,922000008,CDLG,13.6,1,2018/2/2,20170103CDLG000310077291,B024-TXN-01717,已成交,用户提供的历史交易快照
29989073,922000002,CDLG,4.8,0,2018/2/3,20170103CDLG000310077291,B024-TXN-01718,已成交,用户提供的历史交易快照
30004033,914000004,CDLG,5.12,1,2018/2/4,20170103CDLG000310077291,B024-TXN-01719,已成交,用户提供的历史交易快照
30005217,914050000,CDLG,1.5,1,2018/2/5,20170103CDLG000310077291,B024-TXN-01720,已成交,用户提供的历史交易快照
30008753,912500100,CDLG,3.62,1,2018/2/6,20170103CDLG000310077291,B024-TXN-01721,已成交,用户提供的历史交易快照
30090475,910020207,CDLG,11.62,1,2018/2/7,20170103CDLG000310077291,B024-TXN-01722,已成交,用户提供的历史交易快照
30005880,914020403,CDLG,8.52,1,2018/2/8,20170103CDLG000310077291,B024-TXN-01723,已成交,用户提供的历史交易快照
30004013,914050002,CDLG,2.92,1,2018/2/9,20170103CDLG000310077291,B024-TXN-01724,已成交,用户提供的历史交易快照
30092224,912060303,CDLG,31.24,0,2018/2/10,20170103CDLG000310077291,B024-TXN-01725,已成交,用户提供的历史交易快照
30019608,914030003,CDLG,11.62,1,2018/2/11,20170103CDLG000310077292,B024-TXN-01726,已成交,用户提供的历史交易快照
30023041,923000006,CDLG,3.2,2,2018/2/12,20170103CDLG000310077292,B024-TXN-01727,已成交,用户提供的历史交易快照
30026119,915030401,CDLG,9.58,1,2018/2/13,20170103CDLG000310077292,B024-TXN-01728,已成交,用户提供的历史交易快照
30005364,914010001,CDLG,5.52,1,2018/2/14,20170103CDLG000310077293,B024-TXN-01729,已成交,用户提供的历史交易快照
30022232,960000000,CDLG,0.3,1,2018/2/15,20170103CDLG000310077293,B024-TXN-01730,已成交,用户提供的历史交易快照
30117391,931060302,CDLG,2.9,1,2018/2/16,20170103CDLG000310077293,B024-TXN-01731,已成交,用户提供的历史交易快照
30113344,912060303,CDLG,13.41,0,2018/2/17,20170103CDLG000310077293,B024-TXN-01732,已成交,用户提供的历史交易快照
30165699,915020003,CDLG,7.12,1,2018/2/18,20170103CDLG000310077293,B024-TXN-01733,已成交,用户提供的历史交易快照
30092224,912060303,CDLG,31.24,0,2018/2/19,20170103CDLG000310077293,B024-TXN-01734,已成交,用户提供的历史交易快照
30113528,931060300,CDLG,5.52,1,2018/2/20,20170103CDLG000310077293,B024-TXN-01735,已成交,用户提供的历史交易快照
30008359,912030301,CDLG,14.82,1,2018/2/21,20170103CDLG000310077294,B024-TXN-01736,已成交,用户提供的历史交易快照
30012090,912010004,CDLG,2.82,1,2018/2/22,20170103CDLG000310077294,B024-TXN-01737,已成交,用户提供的历史交易快照
30012089,912010004,CDLG,2.82,1,2018/2/23,20170103CDLG000310077294,B024-TXN-01738,已成交,用户提供的历史交易快照
30022233,960000000,CDLG,0.2,1,2018/2/24,20170103CDLG000310077295,B024-TXN-01739,已成交,用户提供的历史交易快照
30104667,910010101,CDLG,21.52,1,2018/2/25,20170103CDLG000310077295,B024-TXN-01740,已成交,用户提供的历史交易快照
30104667,910010101,CDLG,21.52,1,2018/2/26,20170103CDLG000310077295,B024-TXN-01741,已成交,用户提供的历史交易快照
30130817,936030100,CDLG,38.62,1,2018/2/27,20170103CDLG000310077295,B024-TXN-01742,已成交,用户提供的历史交易快照
30020137,915030102,CDLG,5.58,2,2018/2/28,20170103CDLG000310077296,B024-TXN-01743,已成交,用户提供的历史交易快照
30009330,912010001,CDLG,2.52,1,2018/2/28,20170103CDLG000310077296,B024-TXN-01744,已成交,用户提供的历史交易快照
30031738,915030101,CDLG,4.92,3,2018/2/27,20170103CDLG000310077296,B024-TXN-01745,已成交,用户提供的历史交易快照
30036416,930020100,CDLG,9.52,1,2018/2/1,20170103CDLG000310077297,B024-TXN-01746,已成交,用户提供的历史交易快照
30136855,912060303,CDLG,17.43,0,2018/2/1,20170103CDLG000310077299,B024-TXN-01747,已成交,用户提供的历史交易快照
30151885,930040006,CDLG,11.62,1,2018/2/1,20170103CDLG000310077299,B024-TXN-01748,已成交,用户提供的历史交易快照
30005965,914090003,CDLG,39.52,1,2018/2/2,20170103CDLG000310077299,B024-TXN-01749,已成交,用户提供的历史交易快照
29991655,930040002,CDLG,14.22,1,2018/2/3,20170103CDLG000310077299,B024-TXN-01750,已成交,用户提供的历史交易快照
30022232,960000000,CDLG,0.3,1,2018/2/4,20170103CDLG000310077301,B024-TXN-01751,已成交,用户提供的历史交易快照
30027007,923000006,CDLG,5.6,1,2018/2/5,20170103CDLG000310077301,B024-TXN-01752,已成交,用户提供的历史交易快照
30214313,930020502,CDLG,8.52,1,2018/2/6,20170103CDLG000310077301,B024-TXN-01753,已成交,用户提供的历史交易快照
30080688,931060301,CDLG,3.82,1,2018/2/7,20170103CDLG000310077301,B024-TXN-01754,已成交,用户提供的历史交易快照
30098264,930010002,CDLG,8.52,1,2018/2/8,20170103CDLG000310077301,B024-TXN-01755,已成交,用户提供的历史交易快照
30065395,931080103,CDLG,4.82,1,2018/2/9,20170103CDLG000310077301,B024-TXN-01756,已成交,用户提供的历史交易快照
30092316,930000201,CDLG,12.52,1,2018/2/10,20170103CDLG000310077301,B024-TXN-01757,已成交,用户提供的历史交易快照
29989157,923000000,CDLG,5.6,2,2018/2/11,20170103CDLG000310077301,B024-TXN-01758,已成交,用户提供的历史交易快照
30039291,912040000,CDLG,6.52,1,2018/2/12,20170103CDLG000310077301,B024-TXN-01759,已成交,用户提供的历史交易快照
30114672,930040100,CDLG,4.22,1,2018/2/13,20170103CDLG000310077301,B024-TXN-01760,已成交,用户提供的历史交易快照
29992060,930040100,CDLG,3.92,1,2018/2/14,20170103CDLG000310077301,B024-TXN-01761,已成交,用户提供的历史交易快照
30166120,930040000,CDLG,8.62,1,2018/2/15,20170103CDLG000310077302,B024-TXN-01762,已成交,用户提供的历史交易快照
29989157,923000000,CDLG,5.6,1,2018/2/16,20170103CDLG000310077302,B024-TXN-01763,已成交,用户提供的历史交易快照
30023187,922000003,CDLG,3.2,1,2018/2/17,20170103CDLG000310077303,B024-TXN-01764,已成交,用户提供的历史交易快照
30056190,930010000,CDLG,15.22,1,2018/2/18,20170103CDLG000310077304,B024-TXN-01765,已成交,用户提供的历史交易快照
30176919,930040000,CDLG,18.42,1,2018/2/19,20170103CDLG000310077304,B024-TXN-01766,已成交,用户提供的历史交易快照
30033854,910000000,CDLG,8.62,5,2018/2/20,20170103CDLG000310077304,B024-TXN-01767,已成交,用户提供的历史交易快照
30033854,910000000,CDLG,8.62,5,2018/2/21,20170103CDLG000310077304,B024-TXN-01768,已成交,用户提供的历史交易快照
30166419,936000501,CDLG,13.42,1,2018/2/22,20170103CDLG000310077304,B024-TXN-01769,已成交,用户提供的历史交易快照
30005968,914090005,CDLG,25.72,1,2018/2/23,20170103CDLG000310077304,B024-TXN-01770,已成交,用户提供的历史交易快照
30136694,914110000,CDLG,10.72,1,2018/2/24,20170103CDLG000310077304,B024-TXN-01771,已成交,用户提供的历史交易快照
30136694,914110000,CDLG,10.72,1,2018/2/25,20170103CDLG000310077304,B024-TXN-01772,已成交,用户提供的历史交易快照
30171442,930020500,CDLG,19.52,1,2018/2/26,20170103CDLG000310077304,B024-TXN-01773,已成交,用户提供的历史交易快照
30059981,911000100,CDLG,10.62,1,2018/2/27,20170103CDLG000310077305,B024-TXN-01774,已成交,用户提供的历史交易快照
30046796,913020003,CDLG,29.72,1,2018/2/28,20170103CDLG000310077305,B024-TXN-01775,已成交,用户提供的历史交易快照
30022233,960000000,CDLG,0.2,1,2018/2/28,20170103CDLG000310077306,B024-TXN-01776,已成交,用户提供的历史交易快照
30023041,923000006,CDLG,3.2,1,2018/2/27,20170103CDLG000310077306,B024-TXN-01777,已成交,用户提供的历史交易快照
30017275,911000100,CDLG,13.42,1,2018/2/1,20170103CDLG000310077306,B024-TXN-01778,已成交,用户提供的历史交易快照
30027007,923000006,CDLG,5.6,2,2018/2/1,20170103CDLG000310077307,B024-TXN-01779,已成交,用户提供的历史交易快照
29989141,923000002,CDLG,4.8,3,2018/2/2,20170103CDLG000310077308,B024-TXN-01780,已成交,用户提供的历史交易快照
30001586,910020302,CDLG,5.52,1,2018/2/3,20170103CDLG000310077309,B024-TXN-01781,已成交,用户提供的历史交易快照
29989157,923000000,CDLG,5.6,2,2018/2/4,20170103CDLG000310077310,B024-TXN-01782,已成交,用户提供的历史交易快照
30090886,914090006,CDLG,90.52,1,2018/2/5,20170103CDLG000310077311,B024-TXN-01783,已成交,用户提供的历史交易快照
30008988,911000100,CDLG,12.42,1,2018/2/6,20170103CDLG000310077312,B024-TXN-01784,已成交,用户提供的历史交易快照
30008948,911000100,CDLG,10.42,1,2018/2/7,20170103CDLG000310077312,B024-TXN-01785,已成交,用户提供的历史交易快照
30022233,960000000,CDLG,0.2,1,2018/2/8,20170103CDLG000310077313,B024-TXN-01786,已成交,用户提供的历史交易快照
30006313,915000103,CDLG,13.42,1,2018/2/9,20170103CDLG000310077314,B024-TXN-01787,已成交,用户提供的历史交易快照
30004108,914000000,CDLG,7.42,1,2018/2/10,20170103CDLG000310077315,B024-TXN-01788,已成交,用户提供的历史交易快照
30073356,910010000,CDLG,4.53,2,2018/2/11,20170103CDLG000310077316,B024-TXN-01789,已成交,用户提供的历史交易快照
30008544,912010002,CDLG,1.0,1,2018/2/12,20170103CDLG000310077317,B024-TXN-01790,已成交,用户提供的历史交易快照
30008544,912010002,CDLG,1.0,1,2018/2/13,20170103CDLG000310077317,B024-TXN-01791,已成交,用户提供的历史交易快照
30010242,912010004,CDLG,2.52,1,2018/2/14,20170103CDLG000310077317,B024-TXN-01792,已成交,用户提供的历史交易快照
30010242,912010004,CDLG,2.52,1,2018/2/15,20170103CDLG000310077317,B024-TXN-01793,已成交,用户提供的历史交易快照
30091735,912060008,CDLG,39.22,0,2018/2/16,20170103CDLG000310077317,B024-TXN-01794,已成交,用户提供的历史交易快照
30008276,911010501,CDLG,15.42,0,2018/2/17,20170103CDLG000310077317,B024-TXN-01795,已成交,用户提供的历史交易快照
30117849,910020104,CDLG,1.43,13,2018/2/18,20170103CDLG000310077317,B024-TXN-01796,已成交,用户提供的历史交易快照
30198914,916010102,CDLG,18.42,1,2018/2/19,20170103CDLG000310077317,B024-TXN-01797,已成交,用户提供的历史交易快照
30008623,912030500,CDLG,1.0,1,2018/2/20,20170103CDLG000310077318,B024-TXN-01798,已成交,用户提供的历史交易快照
30118484,912020101,CDLG,2.2,1,2018/2/21,20170103CDLG000310077318,B024-TXN-01799,已成交,用户提供的历史交易快照
30022233,960000000,CDLG,0.2,1,2018/2/22,20170103CDLG000310077319,B024-TXN-01800,已成交,用户提供的历史交易快照
30071904,930010000,CDLG,26.52,1,2018/2/23,20170103CDLG000310077320,B024-TXN-01801,已成交,用户提供的历史交易快照
30090265,912040107,CDLG,23.12,1,2018/2/24,20170103CDLG000310077321,B024-TXN-01802,已成交,用户提供的历史交易快照
29989105,922000000,CDLG,2.8,1,2018/2/25,20170103CDLG000310077321,B024-TXN-01803,已成交,用户提供的历史交易快照
30072117,922000001,CDLG,4.0,0,2018/2/26,20170103CDLG000310077322,B024-TXN-01804,已成交,用户提供的历史交易快照
30006040,915010000,CDLG,9.58,1,2018/2/27,20170103CDLG000310077322,B024-TXN-01805,已成交,用户提供的历史交易快照
30118462,912500204,CDLG,6.02,1,2018/2/28,20170103CDLG000310077323,B024-TXN-01806,已成交,用户提供的历史交易快照
30104591,912060200,CDLG,68.34,0,2018/2/28,20170103CDLG000310077323,B024-TXN-01807,已成交,用户提供的历史交易快照
30069736,931010400,CDLG,15.32,1,2018/2/27,20170103CDLG000310077324,B024-TXN-01808,已成交,用户提供的历史交易快照
30008219,911010300,CDLG,6.52,1,2018/2/1,20170103CDLG000310077325,B024-TXN-01809,已成交,用户提供的历史交易快照
30155700,911010300,CDLG,8.12,1,2018/2/1,20170103CDLG000310077325,B024-TXN-01810,已成交,用户提供的历史交易快照
30008276,911010501,CDLG,15.42,1,2018/2/2,20170103CDLG000310077325,B024-TXN-01811,已成交,用户提供的历史交易快照
30022232,960000000,CDLG,0.3,1,2018/2/3,20170103CDLG000310077326,B024-TXN-01812,已成交,用户提供的历史交易快照
29989049,922000001,CDLG,1.98,1,2018/2/4,20170103CDLG000310077327,B024-TXN-01813,已成交,用户提供的历史交易快照
30006332,915030305,CDLG,9.77,0,2018/2/5,20170103CDLG000310077327,B024-TXN-01814,已成交,用户提供的历史交易快照
30019196,930010000,CDLG,5.12,1,2018/2/6,20170103CDLG000310077327,B024-TXN-01815,已成交,用户提供的历史交易快照
30022232,960000000,CDLG,0.3,1,2018/2/7,20170103CDLG000310077327,B024-TXN-01816,已成交,用户提供的历史交易快照
30179520,915000100,CDLG,76.72,0,2018/2/8,20170103CDLG000310077327,B024-TXN-01817,已成交,用户提供的历史交易快照
30203637,923000006,CDLG,3.2,1,2018/2/9,20170103CDLG000310077327,B024-TXN-01818,已成交,用户提供的历史交易快照
30214313,930020502,CDLG,8.52,1,2018/2/10,20170103CDLG000310077327,B024-TXN-01819,已成交,用户提供的历史交易快照
29989085,922000002,CDLG,1.18,1,2018/2/11,20170103CDLG000310077327,B024-TXN-01820,已成交,用户提供的历史交易快照
30006331,915030304,CDLG,12.8,0,2018/2/12,20170103CDLG000310077327,B024-TXN-01821,已成交,用户提供的历史交易快照
30023192,922000000,CDLG,9.63,0,2018/2/13,20170103CDLG000310077327,B024-TXN-01822,已成交,用户提供的历史交易快照
30179532,915000106,CDLG,13.57,0,2018/2/14,20170103CDLG000310077327,B024-TXN-01823,已成交,用户提供的历史交易快照
29989077,922000008,CDLG,11.61,0,2018/2/15,20170103CDLG000310077327,B024-TXN-01824,已成交,用户提供的历史交易快照
29989060,922000000,CDLG,9.62,0,2018/2/16,20170103CDLG000310077327,B024-TXN-01825,已成交,用户提供的历史交易快照
29989172,923000002,CDLG,9.6,1,2018/2/17,20170103CDLG000310077327,B024-TXN-01826,已成交,用户提供的历史交易快照
30072111,923000006,CDLG,2.0,0,2018/2/18,20170103CDLG000310077327,B024-TXN-01827,已成交,用户提供的历史交易快照
29989098,922000001,CDLG,2.8,2,2018/2/19,20170103CDLG000310077328,B024-TXN-01828,已成交,用户提供的历史交易快照
29989059,922000003,CDLG,3.98,1,2018/2/20,20170103CDLG000310077328,B024-TXN-01829,已成交,用户提供的历史交易快照
29989059,922000003,CDLG,3.98,2,2018/2/21,20170103CDLG000310077328,B024-TXN-01830,已成交,用户提供的历史交易快照
30006039,915010001,CDLG,11.57,1,2018/2/22,20170103CDLG000310077329,B024-TXN-01831,已成交,用户提供的历史交易快照
29989089,922000000,CDLG,11.62,0,2018/2/23,20170103CDLG000310077330,B024-TXN-01832,已成交,用户提供的历史交易快照
30123505,922000005,CDLG,10.8,0,2018/2/24,20170103CDLG000310077330,B024-TXN-01833,已成交,用户提供的历史交易快照
30013189,931050203,CDLG,3.12,1,2018/2/25,20170103CDLG000310077331,B024-TXN-01834,已成交,用户提供的历史交易快照
30006313,915000103,CDLG,13.41,1,2018/2/26,20170103CDLG000310077331,B024-TXN-01835,已成交,用户提供的历史交易快照
30143702,931060000,CDLG,9.52,1,2018/2/27,20170103CDLG000310077331,B024-TXN-01836,已成交,用户提供的历史交易快照
30001316,931050203,CDLG,4.62,1,2018/2/28,20170103CDLG000310077331,B024-TXN-01837,已成交,用户提供的历史交易快照
30027163,915020000,CDLG,7.42,1,2018/2/28,20170103CDLG000310077331,B024-TXN-01838,已成交,用户提供的历史交易快照
29989172,923000002,CDLG,9.59,1,2018/2/27,20170103CDLG000310077332,B024-TXN-01839,已成交,用户提供的历史交易快照
30113909,930020001,CDLG,9.52,1,2018/2/1,20170103CDLG000310077332,B024-TXN-01840,已成交,用户提供的历史交易快照
30001277,910020207,CDLG,7.15,4,2018/2/1,20170103CDLG000310077333,B024-TXN-01841,已成交,用户提供的历史交易快照
30008628,912040202,CDLG,14.52,1,2018/2/2,20170103CDLG000310077333,B024-TXN-01842,已成交,用户提供的历史交易快照
30001919,912030006,CDLG,6.02,1,2018/2/3,20170103CDLG000310077333,B024-TXN-01843,已成交,用户提供的历史交易快照
30044607,912040001,CDLG,9.52,1,2018/2/4,20170103CDLG000310077333,B024-TXN-01844,已成交,用户提供的历史交易快照
30001968,912030004,CDLG,6.02,1,2018/2/5,20170103CDLG000310077333,B024-TXN-01845,已成交,用户提供的历史交易快照
30001910,912030000,CDLG,6.02,1,2018/2/6,20170103CDLG000310077333,B024-TXN-01846,已成交,用户提供的历史交易快照
30156417,912020104,CDLG,8.32,1,2018/2/7,20170103CDLG000310077333,B024-TXN-01847,已成交,用户提供的历史交易快照
30005764,914040300,CDLG,6.52,1,2018/2/8,20170103CDLG000310077334,B024-TXN-01848,已成交,用户提供的历史交易快照
30003978,914000002,CDLG,7.62,1,2018/2/9,20170103CDLG000310077334,B024-TXN-01849,已成交,用户提供的历史交易快照
30006364,914100000,CDLG,11.22,1,2018/2/10,20170103CDLG000310077334,B024-TXN-01850,已成交,用户提供的历史交易快照
30050565,911000000,CDLG,6.52,1,2018/2/11,20170103CDLG000310077334,B024-TXN-01851,已成交,用户提供的历史交易快照
30008627,912030006,CDLG,14.52,1,2018/2/12,20170103CDLG000310077334,B024-TXN-01852,已成交,用户提供的历史交易快照
29989087,922000002,CDLG,7.6,0,2018/2/13,20170103CDLG000310077335,B024-TXN-01853,已成交,用户提供的历史交易快照
29989157,923000000,CDLG,5.6,2,2018/2/14,20170103CDLG000310077335,B024-TXN-01854,已成交,用户提供的历史交易快照
30090470,930000201,CDLG,9.52,1,2018/2/15,20170103CDLG000310077336,B024-TXN-01855,已成交,用户提供的历史交易快照
30023194,922000008,CDLG,13.6,1,2018/2/16,20170103CDLG000310077337,B024-TXN-01856,已成交,用户提供的历史交易快照
29989076,922000006,CDLG,3.58,2,2018/2/17,20170103CDLG000310077337,B024-TXN-01857,已成交,用户提供的历史交易快照
29989172,923000002,CDLG,9.59,1,2018/2/18,20170103CDLG000310077337,B024-TXN-01858,已成交,用户提供的历史交易快照
30024905,914100003,CDLG,3.42,1,2018/2/19,20170103CDLG000310077338,B024-TXN-01859,已成交,用户提供的历史交易快照
30202429,930010000,CDLG,9.62,1,2018/2/20,20170103CDLG000310077338,B024-TXN-01860,已成交,用户提供的历史交易快照
30096418,912060403,CDLG,19.42,1,2018/2/21,20170103CDLG000310077338,B024-TXN-01861,已成交,用户提供的历史交易快照
29989172,923000002,CDLG,9.61,1,2018/2/22,20170103CDLG000310077338,B024-TXN-01862,已成交,用户提供的历史交易快照
30007679,913050103,CDLG,3.02,1,2018/2/23,20170103CDLG000310077338,B024-TXN-01863,已成交,用户提供的历史交易快照
30007679,913050103,CDLG,3.02,1,2018/2/24,20170103CDLG000310077338,B024-TXN-01864,已成交,用户提供的历史交易快照
30129933,912060403,CDLG,27.19,0,2018/2/25,20170103CDLG000310077338,B024-TXN-01865,已成交,用户提供的历史交易快照
29999786,930010005,CDLG,3.52,1,2018/2/26,20170103CDLG000310077339,B024-TXN-01866,已成交,用户提供的历史交易快照
29999786,930010005,CDLG,3.52,1,2018/2/27,20170103CDLG000310077339,B024-TXN-01867,已成交,用户提供的历史交易快照
29999786,930010005,CDLG,3.52,1,2018/2/28,20170103CDLG000310077339,B024-TXN-01868,已成交,用户提供的历史交易快照
30004152,914030000,CDLG,4.32,1,2018/2/28,20170103CDLG000310077339,B024-TXN-01869,已成交,用户提供的历史交易快照
30005991,914030100,CDLG,2.5,2,2018/2/27,20170103CDLG000310077339,B024-TXN-01870,已成交,用户提供的历史交易快照
30008229,911010400,CDLG,6.52,1,2018/2/1,20170103CDLG000310077339,B024-TXN-01871,已成交,用户提供的历史交易快照
30008229,911010400,CDLG,6.52,1,2018/2/1,20170103CDLG000310077339,B024-TXN-01872,已成交,用户提供的历史交易快照
30005764,914040300,CDLG,6.52,1,2018/2/1,20170103CDLG000310077339,B024-TXN-01873,已成交,用户提供的历史交易快照
30125602,911010500,CDLG,17.72,1,2018/2/2,20170103CDLG000310077339,B024-TXN-01874,已成交,用户提供的历史交易快照
30163281,914010000,CDLG,2.0,1,2018/2/3,20170103CDLG000310077339,B024-TXN-01875,已成交,用户提供的历史交易快照
30010299,911010500,CDLG,16.52,2,2018/2/4,20170103CDLG000310077339,B024-TXN-01876,已成交,用户提供的历史交易快照
30064180,911010500,CDLG,13.42,2,2018/2/5,20170103CDLG000310077339,B024-TXN-01877,已成交,用户提供的历史交易快照
30110331,930010000,CDLG,26.52,1,2018/2/6,20170103CDLG000310077339,B024-TXN-01878,已成交,用户提供的历史交易快照
30155700,911010300,CDLG,8.12,1,2018/2/7,20170103CDLG000310077339,B024-TXN-01879,已成交,用户提供的历史交易快照
30008623,912030500,CDLG,1.0,1,2018/2/8,20170103CDLG000310077339,B024-TXN-01880,已成交,用户提供的历史交易快照
30008899,914020000,CDLG,7.32,1,2018/2/9,20170103CDLG000310077339,B024-TXN-01881,已成交,用户提供的历史交易快照
30022399,931060301,CDLG,2.5,1,2018/2/10,20170103CDLG000310077339,B024-TXN-01882,已成交,用户提供的历史交易快照
30104134,931080205,CDLG,4.82,1,2018/2/11,20170103CDLG000310077339,B024-TXN-01883,已成交,用户提供的历史交易快照
29999781,930010002,CDLG,39.52,1,2018/2/12,20170103CDLG000310077339,B024-TXN-01884,已成交,用户提供的历史交易快照
30004134,914010001,CDLG,24.52,1,2018/2/13,20170103CDLG000310077339,B024-TXN-01885,已成交,用户提供的历史交易快照
30008631,912030500,CDLG,1.0,2,2018/2/14,20170103CDLG000310077339,B024-TXN-01886,已成交,用户提供的历史交易快照
29991834,930000202,CDLG,16.52,1,2018/2/15,20170103CDLG000310077339,B024-TXN-01887,已成交,用户提供的历史交易快照
30001342,931060402,CDLG,7.12,1,2018/2/16,20170103CDLG000310077339,B024-TXN-01888,已成交,用户提供的历史交易快照
30001342,931060402,CDLG,7.12,1,2018/2/17,20170103CDLG000310077339,B024-TXN-01889,已成交,用户提供的历史交易快照
30001345,931060402,CDLG,8.82,1,2018/2/18,20170103CDLG000310077339,B024-TXN-01890,已成交,用户提供的历史交易快照
30003833,914000300,CDLG,15.62,1,2018/2/19,20170103CDLG000310077339,B024-TXN-01891,已成交,用户提供的历史交易快照
30003976,914000201,CDLG,8.82,1,2018/2/20,20170103CDLG000310077339,B024-TXN-01892,已成交,用户提供的历史交易快照
30092224,912060303,CDLG,31.22,1,2018/2/21,20170103CDLG000310077339,B024-TXN-01893,已成交,用户提供的历史交易快照
30010021,912080000,CDLG,2.5,2,2018/2/22,20170103CDLG000310077340,B024-TXN-01894,已成交,用户提供的历史交易快照
30022232,960000000,CDLG,0.3,1,2018/2/23,20170103CDLG000310077340,B024-TXN-01895,已成交,用户提供的历史交易快照
30022232,960000000,CDLG,0.3,1,2018/2/24,20170103CDLG000310077340,B024-TXN-01896,已成交,用户提供的历史交易快照
30080844,930010002,CDLG,36.52,1,2018/2/25,20170103CDLG000310077340,B024-TXN-01897,已成交,用户提供的历史交易快照
30205062,931000200,CDLG,4.52,1,2018/2/26,20170103CDLG000310077340,B024-TXN-01898,已成交,用户提供的历史交易快照
30006236,914100000,CDLG,2.62,1,2018/2/27,20170103CDLG000310077340,B024-TXN-01899,已成交,用户提供的历史交易快照
30085833,931050202,CDLG,5.22,1,2018/2/28,20170103CDLG000310077340,B024-TXN-01900,已成交,用户提供的历史交易快照
30208136,931000200,CDLG,4.52,1,2018/2/28,20170103CDLG000310077340,B024-TXN-01901,已成交,用户提供的历史交易快照
30006289,914100002,CDLG,2.62,1,2018/2/27,20170103CDLG000310077340,B024-TXN-01902,已成交,用户提供的历史交易快照
30017132,914100004,CDLG,12.32,1,2018/2/1,20170103CDLG000310077340,B024-TXN-01903,已成交,用户提供的历史交易快照
30006208,915000101,CDLG,47.31,0,2018/2/1,20170103CDLG000310077340,B024-TXN-01904,已成交,用户提供的历史交易快照
30010045,911000000,CDLG,5.52,1,2018/2/2,20170103CDLG000310077340,B024-TXN-01905,已成交,用户提供的历史交易快照
30037269,914100000,CDLG,2.62,1,2018/2/3,20170103CDLG000310077340,B024-TXN-01906,已成交,用户提供的历史交易快照
30090475,910020207,CDLG,11.62,1,2018/2/4,20170103CDLG000310077340,B024-TXN-01907,已成交,用户提供的历史交易快照
30005321,914050000,CDLG,1.5,1,2018/2/5,20170103CDLG000310077340,B024-TXN-01908,已成交,用户提供的历史交易快照
30005321,914050000,CDLG,1.5,1,2018/2/6,20170103CDLG000310077340,B024-TXN-01909,已成交,用户提供的历史交易快照
30006205,915000003,CDLG,59.49,0,2018/2/7,20170103CDLG000310077340,B024-TXN-01910,已成交,用户提供的历史交易快照
30046817,914100000,CDLG,3.72,1,2018/2/8,20170103CDLG000310077340,B024-TXN-01911,已成交,用户提供的历史交易快照
30096418,912060403,CDLG,19.42,0,2018/2/9,20170103CDLG000310077340,B024-TXN-01912,已成交,用户提供的历史交易快照
30096418,912060403,CDLG,19.42,1,2018/2/10,20170103CDLG000310077340,B024-TXN-01913,已成交,用户提供的历史交易快照
30097114,935011001,CDLG,22.52,1,2018/2/11,20170103CDLG000310077340,B024-TXN-01914,已成交,用户提供的历史交易快照
30085827,931060403,CDLG,4.12,1,2018/2/12,20170103CDLG000310077340,B024-TXN-01915,已成交,用户提供的历史交易快照
30092224,912060303,CDLG,31.2,0,2018/2/13,20170103CDLG000310077340,B024-TXN-01916,已成交,用户提供的历史交易快照
30138079,931020102,CDLG,13.52,1,2018/2/14,20170103CDLG000310077340,B024-TXN-01917,已成交,用户提供的历史交易快照
30027007,923000006,CDLG,5.6,1,2018/2/15,20170103CDLG000310077341,B024-TXN-01918,已成交,用户提供的历史交易快照
30020094,923000006,CDLG,9.62,0,2018/2/16,20170103CDLG000310077341,B024-TXN-01919,已成交,用户提供的历史交易快照
29989157,923000000,CDLG,5.6,1,2018/2/17,20170103CDLG000310077341,B024-TXN-01920,已成交,用户提供的历史交易快照
30119171,915030306,CDLG,10.61,1,2018/2/18,20170103CDLG000310077341,B024-TXN-01921,已成交,用户提供的历史交易快照
30091132,913020003,CDLG,14.62,1,2018/2/19,20170103CDLG000310077342,B024-TXN-01922,已成交,用户提供的历史交易快照
29989076,922000006,CDLG,3.58,1,2018/2/20,20170103CDLG000310077343,B024-TXN-01923,已成交,用户提供的历史交易快照
29989081,922000000,CDLG,8.19,0,2018/2/21,20170103CDLG000310077343,B024-TXN-01924,已成交,用户提供的历史交易快照
29989089,922000000,CDLG,11.73,0,2018/2/22,20170103CDLG000310077343,B024-TXN-01925,已成交,用户提供的历史交易快照
30050933,911010300,CDLG,24.82,1,2018/2/23,20170103CDLG000310077343,B024-TXN-01926,已成交,用户提供的历史交易快照
29989071,922000002,CDLG,3.4,1,2018/2/24,20170103CDLG000310077343,B024-TXN-01927,已成交,用户提供的历史交易快照
30022232,960000000,CDLG,0.3,1,2018/2/25,20170103CDLG000310077344,B024-TXN-01928,已成交,用户提供的历史交易快照
30197932,914120302,CDLG,5.82,1,2018/2/26,20170103CDLG000310077344,B024-TXN-01929,已成交,用户提供的历史交易快照
29989156,923000000,CDLG,10.8,2,2018/2/27,20170103CDLG000310077344,B024-TXN-01930,已成交,用户提供的历史交易快照
30026065,912060303,CDLG,51.16,0,2018/2/28,20170103CDLG000310077344,B024-TXN-01931,已成交,用户提供的历史交易快照
30023041,923000006,CDLG,3.2,1,2018/2/28,20170103CDLG000310077344,B024-TXN-01932,已成交,用户提供的历史交易快照
30020263,923000006,CDLG,7.6,0,2018/2/27,20170103CDLG000310077344,B024-TXN-01933,已成交,用户提供的历史交易快照
30147819,912060503,CDLG,99.25,0,2018/2/1,20170103CDLG000310077344,B024-TXN-01934,已成交,用户提供的历史交易快照
30197929,914120302,CDLG,5.82,1,2018/2/1,20170103CDLG000310077344,B024-TXN-01935,已成交,用户提供的历史交易快照
30092224,912060303,CDLG,31.2,0,2018/2/2,20170103CDLG000310077344,B024-TXN-01936,已成交,用户提供的历史交易快照
30139342,910030000,CDLG,2.0,19,2018/2/3,20170103CDLG000310077344,B024-TXN-01937,已成交,用户提供的历史交易快照
30197931,914120302,CDLG,5.82,1,2018/2/4,20170103CDLG000310077344,B024-TXN-01938,已成交,用户提供的历史交易快照
30171909,912020103,CDLG,9.72,1,2018/2/5,20170103CDLG000310077345,B024-TXN-01939,已成交,用户提供的历史交易快照
30027007,923000006,CDLG,5.6,1,2018/2/6,20170103CDLG000310077346,B024-TXN-01940,已成交,用户提供的历史交易快照
30027007,923000006,CDLG,5.6,1,2018/2/7,20170103CDLG000310077346,B024-TXN-01941,已成交,用户提供的历史交易快照
29989140,923000006,CDLG,7.6,2,2018/2/8,20170103CDLG000310077347,B024-TXN-01942,已成交,用户提供的历史交易快照
30091811,915030202,CDLG,10.98,0,2018/2/9,20170103CDLG000310077348,B024-TXN-01943,已成交,用户提供的历史交易快照
29989172,923000002,CDLG,9.6,0,2018/2/10,20170103CDLG000310077348,B024-TXN-01944,已成交,用户提供的历史交易快照
30059981,911000100,CDLG,10.62,1,2018/2/11,20170103CDLG000310077348,B024-TXN-01945,已成交,用户提供的历史交易快照
30045436,915000103,CDLG,9.9,0,2018/2/12,20170103CDLG000310077349,B024-TXN-01946,已成交,用户提供的历史交易快照
30200518,922000000,CDLG,19.62,0,2018/2/13,20170103CDLG000310077349,B024-TXN-01947,已成交,用户提供的历史交易快照
30026123,912060001,CDLG,33.41,0,2018/2/14,20170103CDLG000310077350,B024-TXN-01948,已成交,用户提供的历史交易快照
30090474,910020207,CDLG,11.62,1,2018/2/15,20170103CDLG000310077350,B024-TXN-01949,已成交,用户提供的历史交易快照
30005216,914050000,CDLG,1.5,1,2018/2/16,20170103CDLG000310077350,B024-TXN-01950,已成交,用户提供的历史交易快照
29989152,923000001,CDLG,5.6,1,2018/2/17,20170103CDLG000310077350,B024-TXN-01951,已成交,用户提供的历史交易快照
30178869,912060303,CDLG,51.36,0,2018/2/18,20170103CDLG000310077350,B024-TXN-01952,已成交,用户提供的历史交易快照
30092224,912060303,CDLG,31.27,0,2018/2/19,20170103CDLG000310077350,B024-TXN-01953,已成交,用户提供的历史交易快照
30022232,960000000,CDLG,0.3,1,2018/2/20,20170103CDLG000310077351,B024-TXN-01954,已成交,用户提供的历史交易快照
30136855,912060303,CDLG,17.42,0,2018/2/21,20170103CDLG000310077351,B024-TXN-01955,已成交,用户提供的历史交易快照
30040582,914100100,CDLG,11.62,1,2018/2/22,20170103CDLG000310077351,B024-TXN-01956,已成交,用户提供的历史交易快照
30116890,914070100,CDLG,10.42,1,2018/2/23,20170103CDLG000310077351,B024-TXN-01957,已成交,用户提供的历史交易快照
30206322,931010101,CDLG,7.52,1,2018/2/24,20170103CDLG000310077351,B024-TXN-01958,已成交,用户提供的历史交易快照
30002724,913040000,CDLG,22.22,1,2018/2/25,20170103CDLG000310077351,B024-TXN-01959,已成交,用户提供的历史交易快照
30002731,913040000,CDLG,11.02,1,2018/2/26,20170103CDLG000310077351,B024-TXN-01960,已成交,用户提供的历史交易快照
30005388,914000003,CDLG,18.52,1,2018/2/27,20170103CDLG000310077353,B024-TXN-01961,已成交,用户提供的历史交易快照
30008089,910030001,CDLG,1.41,19,2018/2/28,20170103CDLG000310077353,B024-TXN-01962,已成交,用户提供的历史交易快照
30008948,911000100,CDLG,10.42,1,2018/2/28,20170103CDLG000310077354,B024-TXN-01963,已成交,用户提供的历史交易快照
30041085,911000000,CDLG,9.52,1,2018/2/27,20170103CDLG000310077355,B024-TXN-01964,已成交,用户提供的历史交易快照
30041085,911000000,CDLG,9.52,1,2018/2/1,20170103CDLG000310077355,B024-TXN-01965,已成交,用户提供的历史交易快照
29989083,922000000,CDLG,4.2,1,2018/2/1,20170103CDLG000310077355,B024-TXN-01966,已成交,用户提供的历史交易快照
30162126,912060303,CDLG,51.23,0,2018/2/2,20170103CDLG000310077356,B024-TXN-01967,已成交,用户提供的历史交易快照
30214187,912060304,CDLG,39.36,0,2018/2/3,20170103CDLG000310077356,B024-TXN-01968,已成交,用户提供的历史交易快照
30092224,912060303,CDLG,31.2,0,2018/2/4,20170103CDLG000310077356,B024-TXN-01969,已成交,用户提供的历史交易快照
30022232,960000000,CDLG,0.3,1,2018/2/5,20170103CDLG000310077357,B024-TXN-01970,已成交,用户提供的历史交易快照
30045436,915000103,CDLG,9.86,0,2018/2/6,20170103CDLG000310077358,B024-TXN-01971,已成交,用户提供的历史交易快照
30179532,915000106,CDLG,13.59,0,2018/2/7,20170103CDLG000310077358,B024-TXN-01972,已成交,用户提供的历史交易快照
30022232,960000000,CDLG,0.3,1,2018/2/8,20170103CDLG000310077359,B024-TXN-01973,已成交,用户提供的历史交易快照
30006003,914090002,CDLG,21.82,1,2018/2/9,20170103CDLG000310077359,B024-TXN-01974,已成交,用户提供的历史交易快照
30197890,910020102,CDLG,4.82,1,2018/2/10,20170103CDLG000310077359,B024-TXN-01975,已成交,用户提供的历史交易快照
29989240,924000005,CDLG,9.61,1,2018/2/11,20170103CDLG000310077359,B024-TXN-01976,已成交,用户提供的历史交易快照
30117849,910020104,CDLG,1.43,13,2018/2/12,20170103CDLG000310077359,B024-TXN-01977,已成交,用户提供的历史交易快照
30171543,930020502,CDLG,14.52,1,2018/2/13,20170103CDLG000310077359,B024-TXN-01978,已成交,用户提供的历史交易快照
30123505,922000005,CDLG,10.81,0,2018/2/14,20170103CDLG000310077359,B024-TXN-01979,已成交,用户提供的历史交易快照
29989153,923000006,CDLG,7.61,1,2018/2/15,20170103CDLG000310077360,B024-TXN-01980,已成交,用户提供的历史交易快照
30202504,930040010,CDLG,14.62,1,2018/2/16,20170103CDLG000310077360,B024-TXN-01981,已成交,用户提供的历史交易快照
29999817,930000201,CDLG,11.52,1,2018/2/17,20170103CDLG000310077361,B024-TXN-01982,已成交,用户提供的历史交易快照
30008041,910020202,CDLG,9.52,1,2018/2/18,20170103CDLG000310077362,B024-TXN-01983,已成交,用户提供的历史交易快照
30006363,914100000,CDLG,3.62,1,2018/2/19,20170103CDLG000310077362,B024-TXN-01984,已成交,用户提供的历史交易快照
29989153,923000006,CDLG,7.6,0,2018/2/20,20170103CDLG000310077362,B024-TXN-01985,已成交,用户提供的历史交易快照
30005122,914000000,CDLG,4.52,1,2018/2/21,20170103CDLG000310077362,B024-TXN-01986,已成交,用户提供的历史交易快照
30005932,914100003,CDLG,4.62,1,2018/2/22,20170103CDLG000310077362,B024-TXN-01987,已成交,用户提供的历史交易快照
30020049,923000002,CDLG,6.8,1,2018/2/23,20170103CDLG000310077362,B024-TXN-01988,已成交,用户提供的历史交易快照
29989157,923000000,CDLG,5.6,1,2018/2/24,20170103CDLG000310077362,B024-TXN-01989,已成交,用户提供的历史交易快照
30008389,912060302,CDLG,25.21,0,2018/2/25,20170103CDLG000310077362,B024-TXN-01990,已成交,用户提供的历史交易快照
30026116,915030102,CDLG,14.37,1,2018/2/26,20170103CDLG000310077362,B024-TXN-01991,已成交,用户提供的历史交易快照
29989136,923000006,CDLG,8.8,1,2018/2/27,20170103CDLG000310077363,B024-TXN-01992,已成交,用户提供的历史交易快照
29989156,923000000,CDLG,10.8,1,2018/2/28,20170103CDLG000310077363,B024-TXN-01993,已成交,用户提供的历史交易快照
30005876,914020100,CDLG,13.32,1,2018/2/28,20170103CDLG000310077363,B024-TXN-01994,已成交,用户提供的历史交易快照
30008491,912040005,CDLG,3.32,1,2018/2/27,20170103CDLG000310077363,B024-TXN-01995,已成交,用户提供的历史交易快照
30160395,923000101,CDLG,2.12,1,2018/2/1,20170103CDLG000310077363,B024-TXN-01996,已成交,用户提供的历史交易快照
29989161,923000006,CDLG,15.6,0,2018/2/1,20170103CDLG000310077363,B024-TXN-01997,已成交,用户提供的历史交易快照
29989161,923000006,CDLG,15.61,1,2018/2/2,20170103CDLG000310077363,B024-TXN-01998,已成交,用户提供的历史交易快照
30022232,960000000,CDLG,0.3,1,2018/2/3,20170103CDLG000310077363,B024-TXN-01999,已成交,用户提供的历史交易快照
29989147,923000006,CDLG,3.6,1,2018/2/4,20170103CDLG000310077363,B024-TXN-02000,已成交,用户提供的历史交易快照
30010760,912040008,CDLG,8.32,1,2018/2/5,20170103CDLG000310077363,B024-TXN-02001,已成交,用户提供的历史交易快照
30094733,923000000,CDLG,14.62,1,2018/2/6,20170103CDLG000310077363,B024-TXN-02002,已成交,用户提供的历史交易快照
29989140,923000006,CDLG,7.6,1,2018/2/7,20170103CDLG000310077363,B024-TXN-02003,已成交,用户提供的历史交易快照
29989172,923000002,CDLG,9.6,1,2018/2/8,20170103CDLG000310077363,B024-TXN-02004,已成交,用户提供的历史交易快照
30179545,915000106,CDLG,67.18,0,2018/2/9,20170103CDLG000310077364,B024-TXN-02005,已成交,用户提供的历史交易快照
30022233,960000000,CDLG,0.2,1,2018/2/10,20170103CDLG000310077365,B024-TXN-02006,已成交,用户提供的历史交易快照
30128659,935020101,CDLG,29.52,1,2018/2/11,20170103CDLG000310077365,B024-TXN-02007,已成交,用户提供的历史交易快照
30020137,915030102,CDLG,5.58,3,2018/2/12,20170103CDLG000310077366,B024-TXN-02008,已成交,用户提供的历史交易快照
30091737,912060004,CDLG,31.23,0,2018/2/13,20170103CDLG000310077367,B024-TXN-02009,已成交,用户提供的历史交易快照
30168417,912500204,CDLG,3.82,1,2018/2/14,20170103CDLG000310077367,B024-TXN-02010,已成交,用户提供的历史交易快照
30168417,912500204,CDLG,3.82,1,2018/2/15,20170103CDLG000310077367,B024-TXN-02011,已成交,用户提供的历史交易快照
30102447,931070106,CDLG,9.42,1,2018/2/16,20170103CDLG000310077367,B024-TXN-02012,已成交,用户提供的历史交易快照
30102447,931070106,CDLG,9.42,1,2018/2/17,20170103CDLG000310077367,B024-TXN-02013,已成交,用户提供的历史交易快照
30204253,930010002,CDLG,86.9,2,2018/2/18,20170103CDLG000310077369,B024-TXN-02014,已成交,用户提供的历史交易快照
30127854,930020600,CDLG,2.52,1,2018/2/19,20170103CDLG000310077369,B024-TXN-02015,已成交,用户提供的历史交易快照
30006374,914100000,CDLG,3.82,1,2018/2/20,20170103CDLG000310077370,B024-TXN-02016,已成交,用户提供的历史交易快照
30156274,914100001,CDLG,3.82,1,2018/2/21,20170103CDLG000310077370,B024-TXN-02017,已成交,用户提供的历史交易快照
30006354,914100001,CDLG,12.32,1,2018/2/22,20170103CDLG000310077370,B024-TXN-02018,已成交,用户提供的历史交易快照
30046817,914100000,CDLG,3.72,1,2018/2/23,20170103CDLG000310077370,B024-TXN-02019,已成交,用户提供的历史交易快照
30022232,960000000,CDLG,0.3,1,2018/2/24,20170103CDLG000310077371,B024-TXN-02020,已成交,用户提供的历史交易快照
30058966,936050100,CDLG,29.42,1,2018/2/25,20170103CDLG000310077372,B024-TXN-02021,已成交,用户提供的历史交易快照
30214313,930020502,CDLG,8.52,5,2018/2/26,20170103CDLG000310077372,B024-TXN-02022,已成交,用户提供的历史交易快照
30005924,914100000,CDLG,4.62,1,2018/2/27,20170103CDLG000310077373,B024-TXN-02023,已成交,用户提供的历史交易快照
30005938,914100001,CDLG,4.62,1,2018/2/28,20170103CDLG000310077373,B024-TXN-02024,已成交,用户提供的历史交易快照
30005933,914100003,CDLG,4.62,1,2018/2/28,20170103CDLG000310077373,B024-TXN-02025,已成交,用户提供的历史交易快照
30005935,914100003,CDLG,4.82,1,2018/2/27,20170103CDLG000310077373,B024-TXN-02026,已成交,用户提供的历史交易快照
30022232,960000000,CDLG,0.3,1,2018/2/1,20170103CDLG000310077373,B024-TXN-02027,已成交,用户提供的历史交易快照
30005926,914100001,CDLG,4.82,1,2018/2/1,20170103CDLG000310077373,B024-TXN-02028,已成交,用户提供的历史交易快照
30005939,914100002,CDLG,4.82,1,2018/2/2,20170103CDLG000310077373,B024-TXN-02029,已成交,用户提供的历史交易快照
30005932,914100003,CDLG,4.62,1,2018/2/3,20170103CDLG000310077373,B024-TXN-02030,已成交,用户提供的历史交易快照
30005934,914100003,CDLG,4.82,1,2018/2/4,20170103CDLG000310077373,B024-TXN-02031,已成交,用户提供的历史交易快照
30125504,914100000,CDLG,4.82,1,2018/2/5,20170103CDLG000310077373,B024-TXN-02032,已成交,用户提供的历史交易快照
29989083,922000000,CDLG,4.2,1,2018/2/6,20170103CDLG000310077374,B024-TXN-02033,已成交,用户提供的历史交易快照
29989091,922000000,CDLG,4.2,1,2018/2/7,20170103CDLG000310077374,B024-TXN-02034,已成交,用户提供的历史交易快照
30023199,922000006,CDLG,9.6,0,2018/2/8,20170103CDLG000310077374,B024-TXN-02035,已成交,用户提供的历史交易快照
30023041,923000006,CDLG,3.2,0,2018/2/9,20170103CDLG000310077374,B024-TXN-02036,已成交,用户提供的历史交易快照
30200518,922000000,CDLG,19.62,0,2018/2/10,20170103CDLG000310077374,B024-TXN-02037,已成交,用户提供的历史交易快照
29989049,922000001,CDLG,1.98,0,2018/2/11,20170103CDLG000310077374,B024-TXN-02038,已成交,用户提供的历史交易快照
30022232,960000000,CDLG,0.3,1,2018/2/12,20170103CDLG000310077374,B024-TXN-02039,已成交,用户提供的历史交易快照
29989081,922000000,CDLG,8.2,1,2018/2/13,20170103CDLG000310077374,B024-TXN-02040,已成交,用户提供的历史交易快照
29989143,923000001,CDLG,5.0,2,2018/2/14,20170103CDLG000310077374,B024-TXN-02041,已成交,用户提供的历史交易快照
30023197,922000003,CDLG,6.8,1,2018/2/15,20170103CDLG000310077374,B024-TXN-02042,已成交,用户提供的历史交易快照
30006231,914100000,CDLG,5.52,1,2018/2/16,20170103CDLG000310077375,B024-TXN-02043,已成交,用户提供的历史交易快照
29989072,922000002,CDLG,0.78,2,2018/2/17,20170103CDLG000310077375,B024-TXN-02044,已成交,用户提供的历史交易快照
30006232,914100000,CDLG,5.52,1,2018/2/18,20170103CDLG000310077375,B024-TXN-02045,已成交,用户提供的历史交易快照
29989099,922000008,CDLG,1.58,1,2018/2/19,20170103CDLG000310077376,B024-TXN-02046,已成交,用户提供的历史交易快照
29989061,922000000,CDLG,5.62,0,2018/2/20,20170103CDLG000310077376,B024-TXN-02047,已成交,用户提供的历史交易快照
30020145,915030104,CDLG,3.4,2,2018/2/21,20170103CDLG000310077376,B024-TXN-02048,已成交,用户提供的历史交易快照
30023192,922000000,CDLG,9.62,0,2018/2/22,20170103CDLG000310077376,B024-TXN-02049,已成交,用户提供的历史交易快照
30020052,923000002,CDLG,6.2,1,2018/2/23,20170103CDLG000310077377,B024-TXN-02050,已成交,用户提供的历史交易快照
30008899,914020000,CDLG,7.32,1,2018/2/24,20170103CDLG000310077378,B024-TXN-02051,已成交,用户提供的历史交易快照
30007658,910020000,CDLG,0.58,7,2018/2/25,20170103CDLG000310077378,B024-TXN-02052,已成交,用户提供的历史交易快照
30002536,912040107,CDLG,7.72,1,2018/2/26,20170103CDLG000310077379,B024-TXN-02053,已成交,用户提供的历史交易快照
30201232,912030201,CDLG,3.92,1,2018/2/27,20170103CDLG000310077379,B024-TXN-02054,已成交,用户提供的历史交易快照
30006040,915010000,CDLG,9.59,1,2018/2/28,20170103CDLG000310077379,B024-TXN-02055,已成交,用户提供的历史交易快照
30008813,912000102,CDLG,4.72,1,2018/2/28,20170103CDLG000310077379,B024-TXN-02056,已成交,用户提供的历史交易快照
30167747,930040003,CDLG,13.52,1,2018/2/27,20170103CDLG000310077380,B024-TXN-02057,已成交,用户提供的历史交易快照
29991000,930040000,CDLG,10.52,1,2018/2/1,20170103CDLG000310077380,B024-TXN-02058,已成交,用户提供的历史交易快照
30002436,912030005,CDLG,5.32,1,2018/2/1,20170103CDLG000310077380,B024-TXN-02059,已成交,用户提供的历史交易快照
30000895,930020104,CDLG,7.12,1,2018/2/1,20170103CDLG000310077380,B024-TXN-02060,已成交,用户提供的历史交易快照
30000895,930020104,CDLG,7.12,1,2018/2/2,20170103CDLG000310077380,B024-TXN-02061,已成交,用户提供的历史交易快照
30006313,915000103,CDLG,13.41,1,2018/2/3,20170103CDLG000310077381,B024-TXN-02062,已成交,用户提供的历史交易快照
30031870,915030401,CDLG,6.58,2,2018/2/4,20170103CDLG000310077381,B024-TXN-02063,已成交,用户提供的历史交易快照
29989116,922000002,CDLG,2.4,1,2018/2/5,20170103CDLG000310077381,B024-TXN-02064,已成交,用户提供的历史交易快照
30005965,914090003,CDLG,39.52,1,2018/2/6,20170103CDLG000310077381,B024-TXN-02065,已成交,用户提供的历史交易快照
29989073,922000002,CDLG,4.79,1,2018/2/7,20170103CDLG000310077381,B024-TXN-02066,已成交,用户提供的历史交易快照
29989161,923000006,CDLG,15.61,1,2018/2/8,20170103CDLG000310077381,B024-TXN-02067,已成交,用户提供的历史交易快照
30020139,915030204,CDLG,25.67,0,2018/2/9,20170103CDLG000310077381,B024-TXN-02068,已成交,用户提供的历史交易快照
29989153,923000006,CDLG,7.6,1,2018/2/10,20170103CDLG000310077382,B024-TXN-02069,已成交,用户提供的历史交易快照
29989146,923000006,CDLG,6.8,1,2018/2/11,20170103CDLG000310077383,B024-TXN-02070,已成交,用户提供的历史交易快照
30093651,911010100,CDLG,15.52,1,2018/2/12,20170103CDLG000310077384,B024-TXN-02071,已成交,用户提供的历史交易快照
30196711,911000002,CDLG,29.42,1,2018/2/13,20170103CDLG000310077384,B024-TXN-02072,已成交,用户提供的历史交易快照
30019928,911010100,CDLG,29.62,1,2018/2/14,20170103CDLG000310077384,B024-TXN-02073,已成交,用户提供的历史交易快照
30070164,914000001,CDLG,11.52,1,2018/2/15,20170103CDLG000310077386,B024-TXN-02074,已成交,用户提供的历史交易快照
30008898,914000000,CDLG,7.62,1,2018/2/16,20170103CDLG000310077386,B024-TXN-02075,已成交,用户提供的历史交易快照
30070164,914000001,CDLG,11.52,1,2018/2/17,20170103CDLG000310077386,B024-TXN-02076,已成交,用户提供的历史交易快照
30020052,923000002,CDLG,6.2,1,2018/2/18,20170103CDLG000310077386,B024-TXN-02077,已成交,用户提供的历史交易快照
29989157,923000000,CDLG,5.6,2,2018/2/19,20170103CDLG000310077386,B024-TXN-02078,已成交,用户提供的历史交易快照
30016984,913050103,CDLG,3.32,1,2018/2/20,20170103CDLG000310077387,B024-TXN-02079,已成交,用户提供的历史交易快照
30008074,910030001,CDLG,3.12,1,2018/2/21,20170103CDLG000310077387,B024-TXN-02080,已成交,用户提供的历史交易快照
30073663,912060303,CDLG,43.56,0,2018/2/22,20170103CDLG000310077387,B024-TXN-02081,已成交,用户提供的历史交易快照
30095768,910020104,CDLG,3.62,1,2018/2/23,20170103CDLG000310077387,B024-TXN-02082,已成交,用户提供的历史交易快照
30095768,910020104,CDLG,3.62,1,2018/2/24,20170103CDLG000310077387,B024-TXN-02083,已成交,用户提供的历史交易快照
30010255,913050103,CDLG,3.12,1,2018/2/25,20170103CDLG000310077387,B024-TXN-02084,已成交,用户提供的历史交易快照
30022232,960000000,CDLG,0.3,1,2018/2/26,20170103CDLG000310077387,B024-TXN-02085,已成交,用户提供的历史交易快照
30140154,912030207,CDLG,6.72,1,2018/2/27,20170103CDLG000310077387,B024-TXN-02086,已成交,用户提供的历史交易快照
30008590,912010004,CDLG,2.82,1,2018/2/28,20170103CDLG000310077387,B024-TXN-02087,已成交,用户提供的历史交易快照
30010249,913050103,CDLG,3.32,1,2018/2/28,20170103CDLG000310077387,B024-TXN-02088,已成交,用户提供的历史交易快照
30117849,910020104,CDLG,2.5,1,2018/2/27,20170103CDLG000310077387,B024-TXN-02089,已成交,用户提供的历史交易快照
30059981,911000100,CDLG,10.62,1,2018/2/1,20170103CDLG000310077387,B024-TXN-02090,已成交,用户提供的历史交易快照
30140155,912030207,CDLG,6.72,1,2018/2/1,20170103CDLG000310077387,B024-TXN-02091,已成交,用户提供的历史交易快照
30007680,913050103,CDLG,3.02,1,2018/2/2,20170103CDLG000310077388,B024-TXN-02092,已成交,用户提供的历史交易快照
30129933,912060403,CDLG,27.28,0,2018/2/3,20170103CDLG000310077388,B024-TXN-02093,已成交,用户提供的历史交易快照
30156418,912020104,CDLG,8.7,1,2018/2/4,20170103CDLG000310077389,B024-TXN-02094,已成交,用户提供的历史交易快照
30156418,912020104,CDLG,8.7,1,2018/2/5,20170103CDLG000310077389,B024-TXN-02095,已成交,用户提供的历史交易快照
30156418,912020104,CDLG,8.7,-1,2018/2/6,20170103CDLG000310077390,B024-TXN-02096,已成交,用户提供的历史交易快照
30156418,912020104,CDLG,8.7,-1,2018/2/7,20170103CDLG000310077390,B024-TXN-02097,已成交,用户提供的历史交易快照
29989077,922000008,CDLG,13.61,0,2018/2/8,20170103CDLG000410056370,B024-TXN-02098,已成交,用户提供的历史交易快照
29999817,930000201,CDLG,11.52,1,2018/2/9,20170103CDLG000410056370,B024-TXN-02099,已成交,用户提供的历史交易快照
30020137,915030102,CDLG,5.58,3,2018/2/10,20170103CDLG000410056370,B024-TXN-02100,已成交,用户提供的历史交易快照
30001302,931020102,CDLG,7.52,1,2018/2/11,20170103CDLG000410056370,B024-TXN-02101,已成交,用户提供的历史交易快照
29989059,922000003,CDLG,1.98,1,2018/2/12,20170103CDLG000410056370,B024-TXN-02102,已成交,用户提供的历史交易快照
29989059,922000003,CDLG,1.98,1,2018/2/13,20170103CDLG000410056370,B024-TXN-02103,已成交,用户提供的历史交易快照
29989059,922000003,CDLG,1.98,2,2018/2/14,20170103CDLG000410056370,B024-TXN-02104,已成交,用户提供的历史交易快照
30040629,922000005,CDLG,15.55,0,2018/2/15,20170103CDLG000410056370,B024-TXN-02105,已成交,用户提供的历史交易快照
30023041,923000006,CDLG,3.2,1,2018/2/16,20170103CDLG000410056371,B024-TXN-02106,已成交,用户提供的历史交易快照
29989049,922000001,CDLG,1.98,1,2018/2/17,20170103CDLG000410056371,B024-TXN-02107,已成交,用户提供的历史交易快照
29989540,924020000,CDLG,11.58,0,2018/2/18,20170103CDLG000410056371,B024-TXN-02108,已成交,用户提供的历史交易快照
29989540,924020000,CDLG,11.58,1,2018/2/19,20170103CDLG000410056371,B024-TXN-02109,已成交,用户提供的历史交易快照
30040629,922000005,CDLG,15.58,0,2018/2/20,20170103CDLG000410056371,B024-TXN-02110,已成交,用户提供的历史交易快照
29989085,922000002,CDLG,1.18,2,2018/2/21,20170103CDLG000410056372,B024-TXN-02111,已成交,用户提供的历史交易快照
29989061,922000000,CDLG,5.6,0,2018/2/22,20170103CDLG000410056373,B024-TXN-02112,已成交,用户提供的历史交易快照
30214802,925090000,CDLG,27.43,2,2018/2/23,20170103CDLG000410056373,B024-TXN-02113,已成交,用户提供的历史交易快照
29989098,922000001,CDLG,2.28,2,2018/2/24,20170103CDLG000410056373,B024-TXN-02114,已成交,用户提供的历史交易快照
29989105,922000000,CDLG,2.8,1,2018/2/25,20170103CDLG000410056373,B024-TXN-02115,已成交,用户提供的历史交易快照
29989116,922000002,CDLG,2.4,1,2018/2/26,20170103CDLG000410056374,B024-TXN-02116,已成交,用户提供的历史交易快照
29989071,922000002,CDLG,3.4,0,2018/2/27,20170103CDLG000410056374,B024-TXN-02117,已成交,用户提供的历史交易快照
30040629,922000005,CDLG,15.62,0,2018/2/28,20170103CDLG000410056374,B024-TXN-02118,已成交,用户提供的历史交易快照
29989105,922000000,CDLG,2.8,2,2018/2/28,20170103CDLG000410056375,B024-TXN-02119,已成交,用户提供的历史交易快照
30214809,925090000,CDLG,31.41,1,2018/2/27,20170103CDLG000410056375,B024-TXN-02120,已成交,用户提供的历史交易快照
29989049,922000001,CDLG,1.98,1,2018/2/1,20170103CDLG000410056376,B024-TXN-02121,已成交,用户提供的历史交易快照
29989085,922000002,CDLG,1.18,1,2018/2/1,20170103CDLG000410056376,B024-TXN-02122,已成交,用户提供的历史交易快照
29989059,922000003,CDLG,1.98,1,2018/2/2,20170103CDLG000410056376,B024-TXN-02123,已成交,用户提供的历史交易快照
29989091,922000000,CDLG,4.2,1,2018/2/3,20170103CDLG000410056377,B024-TXN-02124,已成交,用户提供的历史交易快照
29989061,922000000,CDLG,5.62,0,2018/2/4,20170103CDLG000410056379,B024-TXN-02125,已成交,用户提供的历史交易快照
30000850,930020100,CDLG,7.22,1,2018/2/5,20170103CDLG000410056379,B024-TXN-02126,已成交,用户提供的历史交易快照
30000850,930020100,CDLG,7.22,1,2018/2/6,20170103CDLG000410056379,B024-TXN-02127,已成交,用户提供的历史交易快照
30000850,930020100,CDLG,7.22,1,2018/2/7,20170103CDLG000410056379,B024-TXN-02128,已成交,用户提供的历史交易快照
30023201,922000002,CDLG,8.79,0,2018/2/8,20170103CDLG000410056379,B024-TXN-02129,已成交,用户提供的历史交易快照
30102549,930010005,CDLG,7.52,1,2018/2/9,20170103CDLG000410056379,B024-TXN-02130,已成交,用户提供的历史交易快照
30102549,930010005,CDLG,7.52,1,2018/2/10,20170103CDLG000410056379,B024-TXN-02131,已成交,用户提供的历史交易快照
30173848,920090000,CDLG,1.3,1,2018/2/11,20170103CDLG000410056379,B024-TXN-02132,已成交,用户提供的历史交易快照
29989059,922000003,CDLG,1.98,1,2018/2/12,20170103CDLG000410056379,B024-TXN-02133,已成交,用户提供的历史交易快照
29989540,924020000,CDLG,11.59,0,2018/2/13,20170103CDLG000410056380,B024-TXN-02134,已成交,用户提供的历史交易快照
29989157,923000000,CDLG,5.6,2,2018/2/14,20170103CDLG000410056380,B024-TXN-02135,已成交,用户提供的历史交易快照
30010045,911000000,CDLG,5.52,1,2018/2/15,20170103CDLG000410056381,B024-TXN-02136,已成交,用户提供的历史交易快照
30195948,930020502,CDLG,9.52,1,2018/2/16,20170103CDLG000410056381,B024-TXN-02137,已成交,用户提供的历史交易快照
30195948,930020502,CDLG,9.52,1,2018/2/17,20170103CDLG000410056381,B024-TXN-02138,已成交,用户提供的历史交易快照
30214818,925090000,CDLG,47.36,0,2018/2/18,20170103CDLG000410056381,B024-TXN-02139,已成交,用户提供的历史交易快照
29989059,922000003,CDLG,1.98,1,2018/2/19,20170103CDLG000410056381,B024-TXN-02140,已成交,用户提供的历史交易快照
29989071,922000002,CDLG,3.4,1,2018/2/20,20170103CDLG000410056381,B024-TXN-02141,已成交,用户提供的历史交易快照
30173849,920090000,CDLG,0.5,2,2018/2/21,20170103CDLG000410056381,B024-TXN-02142,已成交,用户提供的历史交易快照
29989059,922000003,CDLG,1.98,1,2018/2/22,20170103CDLG000410056382,B024-TXN-02143,已成交,用户提供的历史交易快照
29989059,922000003,CDLG,1.98,2,2018/2/23,20170103CDLG000410056382,B024-TXN-02144,已成交,用户提供的历史交易快照
30214802,925090000,CDLG,27.4,0,2018/2/24,20170103CDLG000410056384,B024-TXN-02145,已成交,用户提供的历史交易快照
29989538,924020002,CDLG,12.61,0,2018/2/25,20170103CDLG000410056384,B024-TXN-02146,已成交,用户提供的历史交易快照
30214804,925090000,CDLG,33.4,1,2018/2/26,20170103CDLG000410056384,B024-TXN-02147,已成交,用户提供的历史交易快照
30214802,925090000,CDLG,27.42,1,2018/2/27,20170103CDLG000410056385,B024-TXN-02148,已成交,用户提供的历史交易快照
29989059,922000003,CDLG,1.98,2,2018/2/28,20170103CDLG000410056385,B024-TXN-02149,已成交,用户提供的历史交易快照
29989059,922000003,CDLG,1.98,2,2018/2/28,20170103CDLG000410056385,B024-TXN-02150,已成交,用户提供的历史交易快照
30214809,925090000,CDLG,31.43,1,2018/2/27,20170103CDLG000410056385,B024-TXN-02151,已成交,用户提供的历史交易快照
29989073,922000002,CDLG,4.8,0,2018/2/1,20170103CDLG000410056386,B024-TXN-02152,已成交,用户提供的历史交易快照
29989059,922000003,CDLG,1.98,1,2018/2/1,20170103CDLG000410056386,B024-TXN-02153,已成交,用户提供的历史交易快照
29989059,922000003,CDLG,1.98,2,2018/2/2,20170103CDLG000410056386,B024-TXN-02154,已成交,用户提供的历史交易快照
29989091,922000000,CDLG,4.2,1,2018/2/3,20170103CDLG000410056388,B024-TXN-02155,已成交,用户提供的历史交易快照
29989049,922000001,CDLG,1.98,1,2018/2/4,20170103CDLG000410056388,B024-TXN-02156,已成交,用户提供的历史交易快照
29989073,922000002,CDLG,4.79,1,2018/2/5,20170103CDLG000410056388,B024-TXN-02157,已成交,用户提供的历史交易快照
29989072,922000002,CDLG,0.78,1,2018/2/6,20170103CDLG000410056388,B024-TXN-02158,已成交,用户提供的历史交易快照
29989085,922000002,CDLG,1.18,1,2018/2/7,20170103CDLG000410056388,B024-TXN-02159,已成交,用户提供的历史交易快照
30023192,922000000,CDLG,9.62,0,2018/2/8,20170103CDLG000410056388,B024-TXN-02160,已成交,用户提供的历史交易快照
29989059,922000003,CDLG,1.98,1,2018/2/9,20170103CDLG000410056388,B024-TXN-02161,已成交,用户提供的历史交易快照
29989059,922000003,CDLG,1.98,2,2018/2/10,20170103CDLG000410056388,B024-TXN-02162,已成交,用户提供的历史交易快照
29989071,922000002,CDLG,3.4,1,2018/2/11,20170103CDLG000410056388,B024-TXN-02163,已成交,用户提供的历史交易快照
29989060,922000000,CDLG,9.63,0,2018/2/12,20170103CDLG000410056388,B024-TXN-02164,已成交,用户提供的历史交易快照
29989105,922000000,CDLG,2.8,1,2018/2/13,20170103CDLG000410056388,B024-TXN-02165,已成交,用户提供的历史交易快照
30026255,915030104,CDLG,4.0,10,2018/2/14,20170103CDLG000410056389,B024-TXN-02166,已成交,用户提供的历史交易快照
30173850,920090000,CDLG,10.61,0,2018/2/15,20170103CDLG000410056389,B024-TXN-02167,已成交,用户提供的历史交易快照
30184351,915000106,CDLG,15.58,0,2018/2/16,20170103CDLG000410056389,B024-TXN-02168,已成交,用户提供的历史交易快照
30023041,923000006,CDLG,3.2,3,2018/2/17,20170103CDLG000410056389,B024-TXN-02169,已成交,用户提供的历史交易快照
30165699,915020003,CDLG,7.12,1,2018/2/18,20170103CDLG000410056389,B024-TXN-02170,已成交,用户提供的历史交易快照
30165699,915020003,CDLG,7.12,1,2018/2/19,20170103CDLG000410056389,B024-TXN-02171,已成交,用户提供的历史交易快照
30026352,920000202,CDLG,5.22,1,2018/2/20,20170103CDLG000410056389,B024-TXN-02172,已成交,用户提供的历史交易快照
29989059,922000003,CDLG,1.98,2,2018/2/21,20170103CDLG000410056389,B024-TXN-02173,已成交,用户提供的历史交易快照
29989059,922000003,CDLG,1.98,2,2018/2/22,20170103CDLG000410056389,B024-TXN-02174,已成交,用户提供的历史交易快照
30072111,923000006,CDLG,2.0,1,2018/2/23,20170103CDLG000410056389,B024-TXN-02175,已成交,用户提供的历史交易快照
29989059,922000003,CDLG,1.98,2,2018/2/24,20170103CDLG000410056390,B024-TXN-02176,已成交,用户提供的历史交易快照
29989157,923000000,CDLG,5.6,2,2018/2/25,20170103CDLG000410056390,B024-TXN-02177,已成交,用户提供的历史交易快照
30214809,925090000,CDLG,31.42,1,2018/2/26,20170103CDLG000410056390,B024-TXN-02178,已成交,用户提供的历史交易快照
30214809,925090000,CDLG,38.8,2,2018/2/27,20170103CDLG000410056390,B024-TXN-02179,已成交,用户提供的历史交易快照
30062372,924010200,CDLG,26.39,0,2018/2/28,20170103CDLG000410056391,B024-TXN-02180,已成交,用户提供的历史交易快照
30031874,915030401,CDLG,5.62,2,2018/2/28,20170103CDLG000410056391,B024-TXN-02181,已成交,用户提供的历史交易快照
30031874,915030401,CDLG,5.62,2,2018/2/27,20170103CDLG000410056391,B024-TXN-02182,已成交,用户提供的历史交易快照
29989059,922000003,CDLG,1.98,3,2018/2/1,20170103CDLG000410056391,B024-TXN-02183,已成交,用户提供的历史交易快照
30214809,925090000,CDLG,31.42,3,2018/2/1,20170103CDLG000410056391,B024-TXN-02184,已成交,用户提供的历史交易快照
29989534,924020002,CDLG,39.62,0,2018/2/1,20170103CDLG000410056392,B024-TXN-02185,已成交,用户提供的历史交易快照
30151325,924000000,CDLG,33.51,0,2018/2/2,20170103CDLG000410056392,B024-TXN-02186,已成交,用户提供的历史交易快照
30151325,924000000,CDLG,33.57,0,2018/2/3,20170103CDLG000410056392,B024-TXN-02187,已成交,用户提供的历史交易快照
29989099,922000008,CDLG,1.58,1,2018/2/4,20170103CDLG000410056393,B024-TXN-02188,已成交,用户提供的历史交易快照
29989059,922000003,CDLG,1.98,1,2018/2/5,20170103CDLG000410056393,B024-TXN-02189,已成交,用户提供的历史交易快照
30165699,915020003,CDLG,7.12,1,2018/2/6,20170103CDLG000410056394,B024-TXN-02190,已成交,用户提供的历史交易快照
29989059,922000003,CDLG,1.98,2,2018/2/7,20170103CDLG000410056394,B024-TXN-02191,已成交,用户提供的历史交易快照
30010045,911000000,CDLG,5.52,1,2018/2/8,20170103CDLG000410056395,B024-TXN-02192,已成交,用户提供的历史交易快照
29989073,922000002,CDLG,4.8,0,2018/2/9,20170103CDLG000410056395,B024-TXN-02193,已成交,用户提供的历史交易快照
29989059,922000003,CDLG,1.98,1,2018/2/10,20170103CDLG000410056395,B024-TXN-02194,已成交,用户提供的历史交易快照
29989082,922000000,CDLG,8.79,0,2018/2/11,20170103CDLG000410056395,B024-TXN-02195,已成交,用户提供的历史交易快照
30006040,915010000,CDLG,9.58,1,2018/2/12,20170103CDLG000410056395,B024-TXN-02196,已成交,用户提供的历史交易快照
29989072,922000002,CDLG,0.78,2,2018/2/13,20170103CDLG000410056396,B024-TXN-02197,已成交,用户提供的历史交易快照
29989059,922000003,CDLG,1.98,1,2018/2/14,20170103CDLG000410056396,B024-TXN-02198,已成交,用户提供的历史交易快照
29989059,922000003,CDLG,1.98,1,2018/2/15,20170103CDLG000410056396,B024-TXN-02199,已成交,用户提供的历史交易快照
29989076,922000006,CDLG,3.58,1,2018/2/16,20170103CDLG000410056397,B024-TXN-02200,已成交,用户提供的历史交易快照
29989072,922000002,CDLG,0.78,2,2018/2/17,20170103CDLG000410056397,B024-TXN-02201,已成交,用户提供的历史交易快照
29989073,922000002,CDLG,4.8,0,2018/2/18,20170103CDLG000410056398,B024-TXN-02202,已成交,用户提供的历史交易快照
29989072,922000002,CDLG,0.78,1,2018/2/19,20170103CDLG000410056398,B024-TXN-02203,已成交,用户提供的历史交易快照
30023195,922000001,CDLG,1.98,0,2018/2/20,20170103CDLG000410056398,B024-TXN-02204,已成交,用户提供的历史交易快照
30173848,920090000,CDLG,1.3,1,2018/2/21,20170103CDLG000410056398,B024-TXN-02205,已成交,用户提供的历史交易快照
29989056,922000001,CDLG,5.6,1,2018/2/22,20170103CDLG000410056398,B024-TXN-02206,已成交,用户提供的历史交易快照
29989059,922000003,CDLG,1.98,1,2018/2/23,20170103CDLG000410056398,B024-TXN-02207,已成交,用户提供的历史交易快照
30022287,914090002,CDLG,47.82,1,2018/2/24,20170103CDLG000410056399,B024-TXN-02208,已成交,用户提供的历史交易快照
29989059,922000003,CDLG,1.98,2,2018/2/25,20170103CDLG000410056400,B024-TXN-02209,已成交,用户提供的历史交易快照
29989157,923000000,CDLG,5.6,1,2018/2/26,20170103CDLG000410056400,B024-TXN-02210,已成交,用户提供的历史交易快照
30214804,925090000,CDLG,33.37,0,2018/2/27,20170103CDLG000410056400,B024-TXN-02211,已成交,用户提供的历史交易快照
29989152,923000001,CDLG,5.6,1,2018/2/28,20170103CDLG000410056400,B024-TXN-02212,已成交,用户提供的历史交易快照
29999817,930000201,CDLG,11.52,1,2018/2/28,20170103CDLG000410056401,B024-TXN-02213,已成交,用户提供的历史交易快照
30127321,931080000,CDLG,3.52,1,2018/2/27,20170103CDLG000410056401,B024-TXN-02214,已成交,用户提供的历史交易快照
30022232,960000000,CDLG,0.3,1,2018/2/1,20170103CDLG000410056401,B024-TXN-02215,已成交,用户提供的历史交易快照
30166776,930010000,CDLG,19.52,1,2018/2/1,20170103CDLG000410056401,B024-TXN-02216,已成交,用户提供的历史交易快照
29999817,930000201,CDLG,11.52,1,2018/2/2,20170103CDLG000410056402,B024-TXN-02217,已成交,用户提供的历史交易快照
30179545,915000106,CDLG,67.15,0,2018/2/3,20170103CDLG000410056402,B024-TXN-02218,已成交,用户提供的历史交易快照
30204253,930010002,CDLG,69.52,1,2018/2/4,20170103CDLG000410056402,B024-TXN-02219,已成交,用户提供的历史交易快照
29990839,930000100,CDLG,27.52,1,2018/2/5,20170103CDLG000410056402,B024-TXN-02220,已成交,用户提供的历史交易快照
30077396,930000202,CDLG,16.42,1,2018/2/6,20170103CDLG000410056402,B024-TXN-02221,已成交,用户提供的历史交易快照
30214809,925090000,CDLG,31.42,1,2018/2/7,20170103CDLG000410056402,B024-TXN-02222,已成交,用户提供的历史交易快照
30214809,925090000,CDLG,31.42,1,2018/2/8,20170103CDLG000410056402,B024-TXN-02223,已成交,用户提供的历史交易快照
29989059,922000003,CDLG,1.98,2,2018/2/9,20170103CDLG000410056403,B024-TXN-02224,已成交,用户提供的历史交易快照
29989059,922000003,CDLG,1.98,2,2018/2/10,20170103CDLG000410056403,B024-TXN-02225,已成交,用户提供的历史交易快照
29989059,922000003,CDLG,1.98,1,2018/2/11,20170103CDLG000410056404,B024-TXN-02226,已成交,用户提供的历史交易快照
29989059,922000003,CDLG,1.98,1,2018/2/12,20170103CDLG000410056405,B024-TXN-02227,已成交,用户提供的历史交易快照
30006041,915010000,CDLG,7.58,1,2018/2/13,20170103CDLG000410056406,B024-TXN-02228,已成交,用户提供的历史交易快照
29989059,922000003,CDLG,1.98,1,2018/2/14,20170103CDLG000410056406,B024-TXN-02229,已成交,用户提供的历史交易快照
29989059,922000003,CDLG,1.98,2,2018/2/15,20170103CDLG000410056406,B024-TXN-02230,已成交,用户提供的历史交易快照
30179558,915000100,CDLG,47.39,0,2018/2/16,20170103CDLG000410056406,B024-TXN-02231,已成交,用户提供的历史交易快照
29989059,922000003,CDLG,1.98,1,2018/2/17,20170103CDLG000410056407,B024-TXN-02232,已成交,用户提供的历史交易快照
29989059,922000003,CDLG,1.98,1,2018/2/18,20170103CDLG000410056407,B024-TXN-02233,已成交,用户提供的历史交易快照
30214809,925090000,CDLG,31.43,1,2018/2/19,20170103CDLG000410056408,B024-TXN-02234,已成交,用户提供的历史交易快照
29989059,922000003,CDLG,1.98,2,2018/2/20,20170103CDLG000410056409,B024-TXN-02235,已成交,用户提供的历史交易快照
29989059,922000003,CDLG,1.98,3,2018/2/21,20170103CDLG000410056410,B024-TXN-02236,已成交,用户提供的历史交易快照
29989059,922000003,CDLG,1.98,3,2018/2/22,20170103CDLG000410056410,B024-TXN-02237,已成交,用户提供的历史交易快照
29989059,922000003,CDLG,1.98,2,2018/2/23,20170103CDLG000410056411,B024-TXN-02238,已成交,用户提供的历史交易快照
30006314,915030306,CDLG,10.62,1,2018/2/24,20170103CDLG000410056412,B024-TXN-02239,已成交,用户提供的历史交易快照
29989059,922000003,CDLG,1.98,1,2018/2/25,20170103CDLG000410056412,B024-TXN-02240,已成交,用户提供的历史交易快照
30207518,938030000,CDLG,12.52,1,2018/2/26,20170103CDLG000410056413,B024-TXN-02241,已成交,用户提供的历史交易快照
29989057,922000001,CDLG,2.38,1,2018/2/27,20170103CDLG000410056413,B024-TXN-02242,已成交,用户提供的历史交易快照
30022232,960000000,CDLG,0.3,1,2018/2/28,20170103CDLG000410056413,B024-TXN-02243,已成交,用户提供的历史交易快照
29989540,924020000,CDLG,11.58,1,2018/2/28,20170103CDLG000410056413,B024-TXN-02244,已成交,用户提供的历史交易快照
30151329,924000000,CDLG,29.58,1,2018/2/27,20170103CDLG000410056413,B024-TXN-02245,已成交,用户提供的历史交易快照
30174439,931060206,CDLG,5.52,1,2018/2/1,20170103CDLG000410056413,B024-TXN-02246,已成交,用户提供的历史交易快照
30151325,924000000,CDLG,33.56,0,2018/2/1,20170103CDLG000410056413,B024-TXN-02247,已成交,用户提供的历史交易快照
30031870,915030401,CDLG,6.58,1,2018/2/2,20170103CDLG000410056414,B024-TXN-02248,已成交,用户提供的历史交易快照
30179520,915000100,CDLG,77.4,0,2018/2/3,20170103CDLG000410056414,B024-TXN-02249,已成交,用户提供的历史交易快照
29989059,922000003,CDLG,1.98,2,2018/2/4,20170103CDLG000410056414,B024-TXN-02250,已成交,用户提供的历史交易快照
29989059,922000003,CDLG,1.98,1,2018/2/5,20170103CDLG000410056415,B024-TXN-02251,已成交,用户提供的历史交易快照
30006205,915000003,CDLG,59.49,0,2018/2/6,20170103CDLG000410056415,B024-TXN-02252,已成交,用户提供的历史交易快照
30165691,931060121,CDLG,3.52,1,2018/2/7,20170103CDLG000410056416,B024-TXN-02253,已成交,用户提供的历史交易快照
30113909,930020001,CDLG,9.52,1,2018/2/8,20170103CDLG000410056417,B024-TXN-02254,已成交,用户提供的历史交易快照
30113909,930020001,CDLG,9.52,1,2018/2/9,20170103CDLG000410056417,B024-TXN-02255,已成交,用户提供的历史交易快照
30214809,925090000,CDLG,31.41,1,2018/2/10,20170103CDLG000410056417,B024-TXN-02256,已成交,用户提供的历史交易快照
29999817,930000201,CDLG,11.52,1,2018/2/11,20170103CDLG000410056418,B024-TXN-02257,已成交,用户提供的历史交易快照
29999817,930000201,CDLG,11.52,1,2018/2/12,20170103CDLG000410056418,B024-TXN-02258,已成交,用户提供的历史交易快照
29989049,922000001,CDLG,1.98,0,2018/2/13,20170103CDLG000410056418,B024-TXN-02259,已成交,用户提供的历史交易快照
30022232,960000000,CDLG,0.3,1,2018/2/14,20170103CDLG000410056418,B024-TXN-02260,已成交,用户提供的历史交易快照
29989072,922000002,CDLG,0.78,1,2018/2/15,20170103CDLG000410056418,B024-TXN-02261,已成交,用户提供的历史交易快照
29989058,922000001,CDLG,1.98,2,2018/2/16,20170103CDLG000410056418,B024-TXN-02262,已成交,用户提供的历史交易快照
29989059,922000003,CDLG,1.98,1,2018/2/17,20170103CDLG000410056418,B024-TXN-02263,已成交,用户提供的历史交易快照
30141351,930010005,CDLG,4.52,1,2018/2/18,20170103CDLG000410056419,B024-TXN-02264,已成交,用户提供的历史交易快照
29989116,922000002,CDLG,2.4,1,2018/2/19,20170103CDLG000410056419,B024-TXN-02265,已成交,用户提供的历史交易快照
30182717,930020502,CDLG,10.52,1,2018/2/20,20170103CDLG000410056419,B024-TXN-02266,已成交,用户提供的历史交易快照
30113909,930020001,CDLG,9.52,1,2018/2/21,20170103CDLG000410056419,B024-TXN-02267,已成交,用户提供的历史交易快照
30020269,923000101,CDLG,7.6,1,2018/2/22,20170103CDLG000410056421,B024-TXN-02268,已成交,用户提供的历史交易快照
29989061,922000000,CDLG,5.62,0,2018/2/23,20170103CDLG000410056421,B024-TXN-02269,已成交,用户提供的历史交易快照
30020336,924000005,CDLG,19.59,1,2018/2/24,20170103CDLG000410056421,B024-TXN-02270,已成交,用户提供的历史交易快照
29989073,922000002,CDLG,4.8,0,2018/2/25,20170103CDLG000410056421,B024-TXN-02271,已成交,用户提供的历史交易快照
29989064,922000000,CDLG,9.58,0,2018/2/26,20170103CDLG000410056421,B024-TXN-02272,已成交,用户提供的历史交易快照
29989540,924020000,CDLG,11.57,0,2018/2/27,20170103CDLG000410056421,B024-TXN-02273,已成交,用户提供的历史交易快照
30023192,922000000,CDLG,9.62,0,2018/2/28,20170103CDLG000410056421,B024-TXN-02274,已成交,用户提供的历史交易快照
29989056,922000001,CDLG,5.6,0,2018/2/28,20170103CDLG000410056421,B024-TXN-02275,已成交,用户提供的历史交易快照
29989231,924000005,CDLG,43.56,1,2018/2/27,20170103CDLG000410056421,B024-TXN-02276,已成交,用户提供的历史交易快照
30151329,924000000,CDLG,29.62,0,2018/2/1,20170103CDLG000410056421,B024-TXN-02277,已成交,用户提供的历史交易快照
29989060,922000000,CDLG,9.63,0,2018/2/1,20170103CDLG000410056421,B024-TXN-02278,已成交,用户提供的历史交易快照
30092006,910020300,CDLG,2.0,1,2018/2/2,20170103CDLG000410056421,B024-TXN-02279,已成交,用户提供的历史交易快照
30091737,912060004,CDLG,31.13,0,2018/2/3,20170103CDLG000410056422,B024-TXN-02280,已成交,用户提供的历史交易快照
29989140,923000006,CDLG,7.61,0,2018/2/4,20170103CDLG000410056422,B024-TXN-02281,已成交,用户提供的历史交易快照
29989157,923000000,CDLG,5.6,1,2018/2/5,20170103CDLG000410056422,B024-TXN-02282,已成交,用户提供的历史交易快照
30107248,931050100,CDLG,35.52,1,2018/2/6,20170103CDLG000410056422,B024-TXN-02283,已成交,用户提供的历史交易快照
29989105,922000000,CDLG,2.8,1,2018/2/7,20170103CDLG000410056422,B024-TXN-02284,已成交,用户提供的历史交易快照
30013184,931060400,CDLG,5.52,1,2018/2/8,20170103CDLG000410056422,B024-TXN-02285,已成交,用户提供的历史交易快照
30144187,912060303,CDLG,33.14,0,2018/2/9,20170103CDLG000410056422,B024-TXN-02286,已成交,用户提供的历史交易快照
29989073,922000002,CDLG,4.8,1,2018/2/10,20170103CDLG000410056423,B024-TXN-02287,已成交,用户提供的历史交易快照
29989058,922000001,CDLG,1.98,2,2018/2/11,20170103CDLG000410056423,B024-TXN-02288,已成交,用户提供的历史交易快照
30023177,922000103,CDLG,6.19,0,2018/2/12,20170103CDLG000410056423,B024-TXN-02289,已成交,用户提供的历史交易快照
30214808,925090000,CDLG,25.42,2,2018/2/13,20170103CDLG000410056423,B024-TXN-02290,已成交,用户提供的历史交易快照
29989083,922000000,CDLG,4.2,0,2018/2/14,20170103CDLG000410056424,B024-TXN-02291,已成交,用户提供的历史交易快照
29989071,922000002,CDLG,3.4,0,2018/2/15,20170103CDLG000410056424,B024-TXN-02292,已成交,用户提供的历史交易快照
30023177,922000103,CDLG,6.2,0,2018/2/16,20170103CDLG000410056424,B024-TXN-02293,已成交,用户提供的历史交易快照
30031738,915030101,CDLG,4.92,1,2018/2/17,20170103CDLG000410056425,B024-TXN-02294,已成交,用户提供的历史交易快照
29989065,922000000,CDLG,21.57,0,2018/2/18,20170103CDLG000410056426,B024-TXN-02295,已成交,用户提供的历史交易快照
30214313,930020502,CDLG,8.52,1,2018/2/19,20170103CDLG000410056426,B024-TXN-02296,已成交,用户提供的历史交易快照
30006937,930010000,CDLG,20.52,1,2018/2/20,20170103CDLG000410056426,B024-TXN-02297,已成交,用户提供的历史交易快照
30113909,930020001,CDLG,9.52,1,2018/2/21,20170103CDLG000410056426,B024-TXN-02298,已成交,用户提供的历史交易快照
30113909,930020001,CDLG,9.52,1,2018/2/22,20170103CDLG000410056426,B024-TXN-02299,已成交,用户提供的历史交易快照
29989059,922000003,CDLG,2.38,3,2018/2/23,20170103CDLG000410056427,B024-TXN-02300,已成交,用户提供的历史交易快照
29989059,922000003,CDLG,1.98,1,2018/2/24,20170103CDLG000410056428,B024-TXN-02301,已成交,用户提供的历史交易快照
30023041,923000006,CDLG,3.2,2,2018/2/25,20170103CDLG000410056429,B024-TXN-02302,已成交,用户提供的历史交易快照
30073663,912060303,CDLG,43.58,0,2018/2/26,20170103CDLG000410056429,B024-TXN-02303,已成交,用户提供的历史交易快照
29989059,922000003,CDLG,1.98,1,2018/2/27,20170103CDLG000410056430,B024-TXN-02304,已成交,用户提供的历史交易快照
29989059,922000003,CDLG,1.98,1,2018/2/28,20170103CDLG000410056430,B024-TXN-02305,已成交,用户提供的历史交易快照
29989059,922000003,CDLG,1.98,1,2018/2/28,20170103CDLG000410056430,B024-TXN-02306,已成交,用户提供的历史交易快照
30212907,931080104,CDLG,9.52,1,2018/2/27,20170103CDLG000410056431,B024-TXN-02307,已成交,用户提供的历史交易快照
30010106,914010001,CDLG,15.52,5,2018/2/1,20170103CDLG000410056432,B024-TXN-02308,已成交,用户提供的历史交易快照
29989059,922000003,CDLG,1.98,1,2018/2/1,20170103CDLG000410056432,B024-TXN-02309,已成交,用户提供的历史交易快照
30031870,915030401,CDLG,6.58,3,2018/2/2,20170103CDLG000410056433,B024-TXN-02310,已成交,用户提供的历史交易快照
29999817,930000201,CDLG,11.52,1,2018/2/3,20170103CDLG000410056433,B024-TXN-02311,已成交,用户提供的历史交易快照
29989059,922000003,CDLG,1.98,1,2018/2/4,20170103CDLG000410056433,B024-TXN-02312,已成交,用户提供的历史交易快照
29989059,922000003,CDLG,1.98,1,2018/2/5,20170103CDLG000410056433,B024-TXN-02313,已成交,用户提供的历史交易快照
29989059,922000003,CDLG,1.98,1,2018/2/6,20170103CDLG000410056433,B024-TXN-02314,已成交,用户提供的历史交易快照
29989059,922000003,CDLG,1.98,1,2018/2/7,20170103CDLG000410056433,B024-TXN-02315,已成交,用户提供的历史交易快照
29989059,922000003,CDLG,1.98,2,2018/2/8,20170103CDLG000410056433,B024-TXN-02316,已成交,用户提供的历史交易快照
29989059,922000003,CDLG,1.98,2,2018/2/9,20170103CDLG000410056433,B024-TXN-02317,已成交,用户提供的历史交易快照
30004081,914040401,CDLG,4.72,1,2018/2/10,20170103CDLG000410056434,B024-TXN-02318,已成交,用户提供的历史交易快照
29989077,922000008,CDLG,13.57,0,2018/2/11,20170103CDLG000410056435,B024-TXN-02319,已成交,用户提供的历史交易快照
30061777,914000000,CDLG,13.02,1,2018/2/12,20170103CDLG000410056435,B024-TXN-02320,已成交,用户提供的历史交易快照
30027007,923000006,CDLG,5.6,2,2018/2/13,20170103CDLG000410056437,B024-TXN-02321,已成交,用户提供的历史交易快照
29989059,922000003,CDLG,1.98,1,2018/2/14,20170103CDLG000410056437,B024-TXN-02322,已成交,用户提供的历史交易快照
30008488,912040008,CDLG,3.32,1,2018/2/15,20170103CDLG000410056438,B024-TXN-02323,已成交,用户提供的历史交易快照
30167946,912040001,CDLG,2.42,1,2018/2/16,20170103CDLG000410056438,B024-TXN-02324,已成交,用户提供的历史交易快照
30166692,931070100,CDLG,5.52,1,2018/2/17,20170103CDLG000410056439,B024-TXN-02325,已成交,用户提供的历史交易快照
30031870,915030401,CDLG,6.58,1,2018/2/18,20170103CDLG000410056440,B024-TXN-02326,已成交,用户提供的历史交易快照
30006039,915010001,CDLG,11.58,1,2018/2/19,20170103CDLG000410056440,B024-TXN-02327,已成交,用户提供的历史交易快照
30022233,960000000,CDLG,0.2,1,2018/2/20,20170103CDLG000410056440,B024-TXN-02328,已成交,用户提供的历史交易快照
29989058,922000001,CDLG,1.98,2,2018/2/21,20170103CDLG000410056441,B024-TXN-02329,已成交,用户提供的历史交易快照
29989059,922000003,CDLG,1.98,3,2018/2/22,20170103CDLG000410056441,B024-TXN-02330,已成交,用户提供的历史交易快照
29989083,922000000,CDXL,4.2,1,2018/2/23,20170103CDLG000410056442,B024-TXN-02331,已成交,用户提供的历史交易快照
29989061,922000000,CDXL,5.62,0,2018/2/24,20170103CDLG000410056442,B024-TXN-02332,已成交,用户提供的历史交易快照
29989063,922000000,CDXL,6.8,0,2018/2/25,20170103CDLG000410056442,B024-TXN-02333,已成交,用户提供的历史交易快照
30006700,915020002,CDXL,6.12,1,2018/2/26,20170103CDLG000410056442,B024-TXN-02334,已成交,用户提供的历史交易快照
30214809,925090000,CDXL,31.42,3,2018/2/27,20170103CDLG000410056442,B024-TXN-02335,已成交,用户提供的历史交易快照
29989059,922000003,CDXL,1.98,1,2018/2/28,20170103CDLG000410056442,B024-TXN-02336,已成交,用户提供的历史交易快照
29989059,922000003,CDXL,1.98,1,2018/2/28,20170103CDLG000410056443,B024-TXN-02337,已成交,用户提供的历史交易快照
29989059,922000003,CDXL,1.98,2,2018/2/27,20170103CDLG000410056443,B024-TXN-02338,已成交,用户提供的历史交易快照
30006208,915000101,CDXL,47.43,0,2018/2/1,20170103CDLG000410056444,B024-TXN-02339,已成交,用户提供的历史交易快照
30188638,930020001,CDXL,39.52,1,2018/2/1,20170103CDLG000410056445,B024-TXN-02340,已成交,用户提供的历史交易快照
29989077,922000008,CDXL,13.59,0,2018/2/2,20170103CDLG000410056446,B024-TXN-02341,已成交,用户提供的历史交易快照
30119334,922000000,CDXL,14.81,1,2018/2/3,20170103CDLG000410056447,B024-TXN-02342,已成交,用户提供的历史交易快照
30156635,922000103,CDXL,31.58,0,2018/2/4,20170103CDLG000410056447,B024-TXN-02343,已成交,用户提供的历史交易快照
29989073,922000002,CDXL,4.8,1,2018/2/5,20170103CDLG000410056447,B024-TXN-02344,已成交,用户提供的历史交易快照
30022232,960000000,CDXL,0.3,1,2018/2/6,20170103CDLG000410056447,B024-TXN-02345,已成交,用户提供的历史交易快照
30156633,922000103,CDXL,39.58,1,2018/2/7,20170103CDLG000410056447,B024-TXN-02346,已成交,用户提供的历史交易快照
30023192,922000000,CDXL,9.62,0,2018/2/8,20170103CDLG000410056447,B024-TXN-02347,已成交,用户提供的历史交易快照
30171442,930020500,CDXL,19.52,2,2018/2/9,20170103CDLG000410056447,B024-TXN-02348,已成交,用户提供的历史交易快照
30171543,930020502,CDXL,14.52,1,2018/2/10,20170103CDLG000410056447,B024-TXN-02349,已成交,用户提供的历史交易快照
29989059,922000003,CDXL,1.98,1,2018/2/11,20170103CDLG000410056447,B024-TXN-02350,已成交,用户提供的历史交易快照
29989059,922000003,CDXL,1.98,1,2018/2/12,20170103CDLG000410056447,B024-TXN-02351,已成交,用户提供的历史交易快照
29989082,922000000,CDXL,8.8,1,2018/2/13,20170103CDLG000410056447,B024-TXN-02352,已成交,用户提供的历史交易快照
30192287,931050304,CDXL,9.52,1,2018/2/14,20170103CDLG000410056448,B024-TXN-02353,已成交,用户提供的历史交易快照
29999817,930000201,CDXL,11.52,1,2018/2/15,20170103CDLG000410056448,B024-TXN-02354,已成交,用户提供的历史交易快照
30163281,914010000,CDXL,2.0,1,2018/2/16,20170103CDLG000410056448,B024-TXN-02355,已成交,用户提供的历史交易快照
30163281,914010000,CDXL,2.0,1,2018/2/17,20170103CDLG000410056448,B024-TXN-02356,已成交,用户提供的历史交易快照
30054571,931060403,CDXL,5.12,1,2018/2/18,20170103CDLG000410056448,B024-TXN-02357,已成交,用户提供的历史交易快照
30063989,930010005,CDXL,4.52,1,2018/2/19,20170103CDLG000410056449,B024-TXN-02358,已成交,用户提供的历史交易快照
30063989,930010005,CDXL,4.52,1,2018/2/20,20170103CDLG000410056449,B024-TXN-02359,已成交,用户提供的历史交易快照
30184351,915000106,CDXL,15.59,0,2018/2/21,20170103CDLG000410056450,B024-TXN-02360,已成交,用户提供的历史交易快照
30006206,915000003,CDXL,25.17,0,2018/2/22,20170103CDLG000410056450,B024-TXN-02361,已成交,用户提供的历史交易快照
30179551,915000106,CDXL,59.31,0,2018/2/23,20170103CDLG000410056450,B024-TXN-02362,已成交,用户提供的历史交易快照
30179558,915000100,CDXL,47.47,0,2018/2/24,20170103CDLG000410056450,B024-TXN-02363,已成交,用户提供的历史交易快照
30023177,922000103,CDXL,6.2,1,2018/2/25,20170103CDLG000410056451,B024-TXN-02364,已成交,用户提供的历史交易快照
29989059,922000003,CDXL,1.98,1,2018/2/26,20170103CDLG000410056451,B024-TXN-02365,已成交,用户提供的历史交易快照
30202566,930020001,CDXL,9.52,1,2018/2/27,20170103CDLG000410056452,B024-TXN-02366,已成交,用户提供的历史交易快照
30113909,930020001,CDXL,9.52,1,2018/2/28,20170103CDLG000410056452,B024-TXN-02367,已成交,用户提供的历史交易快照
30179545,915000106,CDXL,67.32,0,2018/2/28,20170103CDLG000410056453,B024-TXN-02368,已成交,用户提供的历史交易快照
30179520,915000100,CDXL,77.4,0,2018/2/27,20170103CDLG000410056453,B024-TXN-02369,已成交,用户提供的历史交易快照
30179551,915000106,CDXL,59.18,0,2018/2/1,20170103CDLG000410056453,B024-TXN-02370,已成交,用户提供的历史交易快照
30151325,924000000,CDXL,33.6,0,2018/2/1,20170103CDLG000410056453,B024-TXN-02371,已成交,用户提供的历史交易快照
29989059,922000003,CDXL,1.98,1,2018/2/1,20170103CDLG000410056453,B024-TXN-02372,已成交,用户提供的历史交易快照
30005836,914050500,CDXL,6.62,1,2018/2/2,20170103CDLG000410056454,B024-TXN-02373,已成交,用户提供的历史交易快照
30020425,914000200,CDXL,7.62,1,2018/2/3,20170103CDLG000410056454,B024-TXN-02374,已成交,用户提供的历史交易快照
29989091,922000000,CDXL,4.2,1,2018/2/4,20170103CDLG000410056455,B024-TXN-02375,已成交,用户提供的历史交易快照
30006041,915010000,CDXL,7.58,1,2018/2/5,20170103CDLG000410056455,B024-TXN-02376,已成交,用户提供的历史交易快照
29989077,922000008,CDXL,13.59,0,2018/2/6,20170103CDLG000410056455,B024-TXN-02377,已成交,用户提供的历史交易快照
30023041,923000006,CDXL,3.2,1,2018/2/7,20170103CDLG000410056455,B024-TXN-02378,已成交,用户提供的历史交易快照
30022232,960000000,CDXL,0.3,1,2018/2/8,20170103CDLG000410056455,B024-TXN-02379,已成交,用户提供的历史交易快照
29989540,924020000,CDXL,11.57,0,2018/2/9,20170103CDLG000410056455,B024-TXN-02380,已成交,用户提供的历史交易快照
30023192,922000000,CDXL,9.63,0,2018/2/10,20170103CDLG000410056455,B024-TXN-02381,已成交,用户提供的历史交易快照
30000900,930020102,CDXL,72.82,1,2018/2/11,20170103CDLG000410056457,B024-TXN-02382,已成交,用户提供的历史交易快照
29989831,931080003,CDXL,5.12,1,2018/2/12,20170103CDLG000410056457,B024-TXN-02383,已成交,用户提供的历史交易快照
29989831,931080003,CDXL,5.12,1,2018/2/13,20170103CDLG000410056457,B024-TXN-02384,已成交,用户提供的历史交易快照
30080844,930010002,CDXL,36.52,1,2018/2/14,20170103CDLG000410056457,B024-TXN-02385,已成交,用户提供的历史交易快照
30165691,931060121,CDXL,3.52,1,2018/2/15,20170103CDLG000410056457,B024-TXN-02386,已成交,用户提供的历史交易快照
29989148,923000006,CDXL,8.8,1,2018/2/16,20170103CDLG000410056458,B024-TXN-02387,已成交,用户提供的历史交易快照
29989059,922000003,CDXL,1.98,1,2018/2/17,20170103CDLG000410056459,B024-TXN-02388,已成交,用户提供的历史交易快照
29989059,922000003,CDXL,1.98,2,2018/2/18,20170103CDLG000410056459,B024-TXN-02389,已成交,用户提供的历史交易快照
30200397,914040300,CDXL,4.52,1,2018/2/19,20170103CDLG000410056460,B024-TXN-02390,已成交,用户提供的历史交易快照
29989099,922000008,CDXL,1.58,1,2018/2/20,20170103CDLG000410056461,B024-TXN-02391,已成交,用户提供的历史交易快照
30023195,922000001,CDXL,1.98,1,2018/2/21,20170103CDLG000410056461,B024-TXN-02392,已成交,用户提供的历史交易快照
30006343,915030400,CDXL,3.98,2,2018/2/22,20170103CDLG000410056461,B024-TXN-02393,已成交,用户提供的历史交易快照
29989059,922000003,CDXL,1.98,1,2018/2/23,20170103CDLG000410056462,B024-TXN-02394,已成交,用户提供的历史交易快照
30023041,923000006,CDXL,3.2,2,2018/2/24,20170103CDLG000410056463,B024-TXN-02395,已成交,用户提供的历史交易快照
30023194,922000008,CDXL,13.61,0,2018/2/25,20170103CDLG000410056464,B024-TXN-02396,已成交,用户提供的历史交易快照
29989099,922000008,CDXL,1.58,1,2018/2/26,20170103CDLG000410056465,B024-TXN-02397,已成交,用户提供的历史交易快照
29989060,922000000,CDXL,9.62,0,2018/2/27,20170103CDLG000410056465,B024-TXN-02398,已成交,用户提供的历史交易快照
29989083,922000000,CDXL,4.2,0,2018/2/28,20170103CDLG000410056466,B024-TXN-02399,已成交,用户提供的历史交易快照
29989061,922000000,CDXL,5.62,0,2018/2/28,20170103CDLG000410056466,B024-TXN-02400,已成交,用户提供的历史交易快照
29989540,924020000,CDXL,11.57,1,2018/2/27,20170103CDLG000410056466,B024-TXN-02401,已成交,用户提供的历史交易快照
29989060,922000000,CDXL,9.62,0,2018/2/1,20170103CDLG000410056466,B024-TXN-02402,已成交,用户提供的历史交易快照
29989059,922000003,CDXL,1.98,1,2018/2/1,20170103CDLG000410056466,B024-TXN-02403,已成交,用户提供的历史交易快照
29989059,922000003,CDXL,1.98,2,2018/2/2,20170103CDLG000410056466,B024-TXN-02404,已成交,用户提供的历史交易快照
29989059,922000003,CDXL,1.98,2,2018/2/3,20170103CDLG000410056468,B024-TXN-02405,已成交,用户提供的历史交易快照
29989049,922000001,CDXL,1.98,0,2018/2/4,20170103CDLG000410056469,B024-TXN-02406,已成交,用户提供的历史交易快照
30005764,914040300,CDXL,6.52,1,2018/2/5,20170103CDLG000410056469,B024-TXN-02407,已成交,用户提供的历史交易快照
29989140,923000006,CDXL,7.6,1,2018/2/6,20170103CDLG000410056470,B024-TXN-02408,已成交,用户提供的历史交易快照
30173848,920090000,CDXL,1.3,1,2018/2/7,20170103CDLG000410056471,B024-TXN-02409,已成交,用户提供的历史交易快照
29989072,922000002,CDXL,0.78,1,2018/2/8,20170103CDLG000410056472,B024-TXN-02410,已成交,用户提供的历史交易快照
30023178,922000004,CDXL,6.21,0,2018/2/9,20170103CDLG000410056472,B024-TXN-02411,已成交,用户提供的历史交易快照
29989083,922000000,CDXL,4.21,0,2018/2/10,20170103CDLG000410056472,B024-TXN-02412,已成交,用户提供的历史交易快照
30075145,914040005,CDXL,5.72,1,2018/2/11,20170103CDLG000410056472,B024-TXN-02413,已成交,用户提供的历史交易快照
30008276,911010501,CDXL,15.43,0,2018/2/12,20170103CDLG000410056472,B024-TXN-02414,已成交,用户提供的历史交易快照
30162028,910010002,CDXL,2.5,1,2018/2/13,20170103CDLG000410056472,B024-TXN-02415,已成交,用户提供的历史交易快照
30001585,910020300,CDXL,5.52,1,2018/2/14,20170103CDLG000410056472,B024-TXN-02416,已成交,用户提供的历史交易快照
30040629,922000005,CDXL,15.59,0,2018/2/15,20170103CDLG000410056472,B024-TXN-02417,已成交,用户提供的历史交易快照
30173849,920090000,CDXL,0.63,2,2018/2/16,20170103CDLG000410056472,B024-TXN-02418,已成交,用户提供的历史交易快照
30023195,922000001,CDXL,1.98,1,2018/2/17,20170103CDLG000410056473,B024-TXN-02419,已成交,用户提供的历史交易快照
30023203,922000002,CDXL,11.96,0,2018/2/18,20170103CDLG000410056473,B024-TXN-02420,已成交,用户提供的历史交易快照
29989083,922000000,CDXL,4.2,0,2018/2/19,20170103CDLG000410056473,B024-TXN-02421,已成交,用户提供的历史交易快照
29989089,922000000,CDXL,11.52,0,2018/2/20,20170103CDLG000410056473,B024-TXN-02422,已成交,用户提供的历史交易快照
30038433,923000006,CDXL,15.61,0,2018/2/21,20170103CDLG000410056473,B024-TXN-02423,已成交,用户提供的历史交易快照
29989073,922000002,CDXL,4.8,0,2018/2/22,20170103CDLG000410056474,B024-TXN-02424,已成交,用户提供的历史交易快照
29989071,922000002,CDXL,3.4,1,2018/2/23,20170103CDLG000410056474,B024-TXN-02425,已成交,用户提供的历史交易快照
30022974,915030404,CDXL,6.18,1,2018/2/24,20170103CDLG000410056475,B024-TXN-02426,已成交,用户提供的历史交易快照
30214800,925090000,CDXL,25.42,1,2018/2/25,20170103CDLG000410056475,B024-TXN-02427,已成交,用户提供的历史交易快照
30006343,915030400,CDXL,3.98,2,2018/2/26,20170103CDLG000410056475,B024-TXN-02428,已成交,用户提供的历史交易快照
30006343,915030400,CDXL,3.98,2,2018/2/27,20170103CDLG000410056475,B024-TXN-02429,已成交,用户提供的历史交易快照
30214809,925090000,CDXL,31.43,2,2018/2/28,20170103CDLG000410056475,B024-TXN-02430,已成交,用户提供的历史交易快照
30023192,922000000,CDXL,9.62,0,2018/2/28,20170103CDLG000410056476,B024-TXN-02431,已成交,用户提供的历史交易快照
29989060,922000000,CDXL,9.62,0,2018/2/27,20170103CDLG000410056476,B024-TXN-02432,已成交,用户提供的历史交易快照
29989059,922000003,CDXL,1.98,1,2018/2/1,20170103CDLG000410056476,B024-TXN-02433,已成交,用户提供的历史交易快照
29989204,924030001,CDXL,31.63,0,2018/2/1,20170103CDLG000410056476,B024-TXN-02434,已成交,用户提供的历史交易快照
29989057,922000001,CDXL,2.38,0,2018/2/2,20170103CDLG000410056477,B024-TXN-02435,已成交,用户提供的历史交易快照
29989540,924020000,CDXL,11.58,0,2018/2/3,20170103CDLG000410056477,B024-TXN-02436,已成交,用户提供的历史交易快照
30023041,923000006,CDXL,3.2,2,2018/2/4,20170103CDLG000410056477,B024-TXN-02437,已成交,用户提供的历史交易快照
30006041,915010000,CDXL,7.58,1,2018/2/5,20170103CDLG000410056477,B024-TXN-02438,已成交,用户提供的历史交易快照
30214809,925090000,CDXL,31.43,1,2018/2/6,20170103CDLG000410056477,B024-TXN-02439,已成交,用户提供的历史交易快照
29989048,922000001,CDXL,1.98,1,2018/2/7,20170103CDLG000410056477,B024-TXN-02440,已成交,用户提供的历史交易快照
29989059,922000003,CDXL,1.98,1,2018/2/8,20170103CDLG000410056477,B024-TXN-02441,已成交,用户提供的历史交易快照
30144919,912000109,CDXL,5.72,1,2018/2/9,20170103CDLG000410056478,B024-TXN-02442,已成交,用户提供的历史交易快照
29989059,922000003,CDXL,1.98,1,2018/2/10,20170103CDLG000410056479,B024-TXN-02443,已成交,用户提供的历史交易快照
29989059,922000003,CDXL,1.98,1,2018/2/11,20170103CDLG000410056479,B024-TXN-02444,已成交,用户提供的历史交易快照
30027007,923000006,CDXL,5.6,2,2018/2/12,20170103CDLG000410056482,B024-TXN-02445,已成交,用户提供的历史交易快照
30027007,923000006,CDXL,5.6,2,2018/2/13,20170103CDLG000410056482,B024-TXN-02446,已成交,用户提供的历史交易快照
30027007,923000006,CDXL,5.6,2,2018/2/14,20170103CDLG000410056482,B024-TXN-02447,已成交,用户提供的历史交易快照
30027007,923000006,CDXL,5.6,2,2018/2/15,20170103CDLG000410056482,B024-TXN-02448,已成交,用户提供的历史交易快照
30027007,923000006,CDXL,5.6,2,2018/2/16,20170103CDLG000410056482,B024-TXN-02449,已成交,用户提供的历史交易快照
30027007,923000006,CDXL,5.6,2,2018/2/17,20170103CDLG000410056482,B024-TXN-02450,已成交,用户提供的历史交易快照
29989059,922000003,CDXL,1.98,1,2018/2/18,20170103CDLG000410056482,B024-TXN-02451,已成交,用户提供的历史交易快照
29989059,922000003,CDXL,1.98,1,2018/2/19,20170103CDLG000410056482,B024-TXN-02452,已成交,用户提供的历史交易快照
29989059,922000003,CDXL,1.98,1,2018/2/20,20170103CDLG000410056482,B024-TXN-02453,已成交,用户提供的历史交易快照
29989059,922000003,CDXL,1.98,1,2018/2/21,20170103CDLG000410056482,B024-TXN-02454,已成交,用户提供的历史交易快照
29989143,923000001,CDXL,5.0,1,2018/2/22,20170103CDLG000410056482,B024-TXN-02455,已成交,用户提供的历史交易快照
29989143,923000001,CDXL,5.0,3,2018/2/23,20170103CDLG000410056482,B024-TXN-02456,已成交,用户提供的历史交易快照
29989143,923000001,CDXL,5.0,1,2018/2/24,20170103CDLG000410056482,B024-TXN-02457,已成交,用户提供的历史交易快照
29989128,923000001,CDXL,9.6,1,2018/2/25,20170103CDLG000410056483,B024-TXN-02458,已成交,用户提供的历史交易快照
29989204,924030001,CDXL,31.61,1,2018/2/26,20170103CDLG000410056484,B024-TXN-02459,已成交,用户提供的历史交易快照
30210286,931030500,CDXL,49.52,1,2018/2/27,20170103CDLG000410056484,B024-TXN-02460,已成交,用户提供的历史交易快照
30214814,925090000,CDXL,33.42,1,2018/2/28,20170103CDLG000410056485,B024-TXN-02461,已成交,用户提供的历史交易快照
29989059,922000003,CDXL,1.98,2,2018/2/28,20170103CDLG000410056485,B024-TXN-02462,已成交,用户提供的历史交易快照
30082783,912030500,CDXL,13.4,0,2018/2/27,20170103CDLG000410056486,B024-TXN-02463,已成交,用户提供的历史交易快照
30203637,923000006,CDXL,3.2,3,2018/2/1,20170103CDLG000410056487,B024-TXN-02464,已成交,用户提供的历史交易快照
30008407,912060303,CDXL,29.43,0,2018/2/1,20170103CDLG000410056487,B024-TXN-02465,已成交,用户提供的历史交易快照
30008121,910030203,CDXL,2.12,1,2018/2/2,20170103CDLG000410056487,B024-TXN-02466,已成交,用户提供的历史交易快照
30008121,910030203,CDXL,2.12,1,2018/2/3,20170103CDLG000410056487,B024-TXN-02467,已成交,用户提供的历史交易快照
30001971,912030006,CDXL,6.02,1,2018/2/4,20170103CDLG000410056488,B024-TXN-02468,已成交,用户提供的历史交易快照
30122591,912020100,CDXL,4.92,1,2018/2/5,20170103CDLG000410056488,B024-TXN-02469,已成交,用户提供的历史交易快照
30009740,912060303,CDXL,59.68,0,2018/2/6,20170103CDLG000410056490,B024-TXN-02470,已成交,用户提供的历史交易快照
30023192,922000000,CDXL,9.63,0,2018/2/7,20170103CDLG000410056490,B024-TXN-02471,已成交,用户提供的历史交易快照
30144187,912060303,CDXL,33.24,1,2018/2/8,20170103CDLG000410056490,B024-TXN-02472,已成交,用户提供的历史交易快照
30214804,925090000,CDXL,33.42,1,2018/2/9,20170103CDLG000410056490,B024-TXN-02473,已成交,用户提供的历史交易快照
30022232,960000000,CDXL,0.3,1,2018/2/10,20170103CDLG000410056491,B024-TXN-02474,已成交,用户提供的历史交易快照
29989072,922000002,CDXL,0.78,1,2018/2/11,20170103CDLG000410056491,B024-TXN-02475,已成交,用户提供的历史交易快照
29989072,922000002,CDXL,0.78,1,2018/2/12,20170103CDLG000410056491,B024-TXN-02476,已成交,用户提供的历史交易快照
29989072,922000002,CDXL,0.78,2,2018/2/13,20170103CDLG000410056491,B024-TXN-02477,已成交,用户提供的历史交易快照
29989059,922000003,CDXL,1.98,1,2018/2/14,20170103CDLG000410056492,B024-TXN-02478,已成交,用户提供的历史交易快照
30214814,925090000,CDXL,33.43,1,2018/2/15,20170103CDLG000410056493,B024-TXN-02479,已成交,用户提供的历史交易快照
30102770,931060505,CDXL,26.92,1,2018/2/16,20170103CDLG000410056494,B024-TXN-02480,已成交,用户提供的历史交易快照
30023201,922000002,CDXL,8.78,0,2018/2/17,20170103CDLG000410056495,B024-TXN-02481,已成交,用户提供的历史交易快照
29989059,922000003,CDXL,1.98,1,2018/2/18,20170103CDLG000410056495,B024-TXN-02482,已成交,用户提供的历史交易快照
29989099,922000008,CDXL,1.58,1,2018/2/19,20170103CDLG000410056496,B024-TXN-02483,已成交,用户提供的历史交易快照
29989059,922000003,CDXL,1.98,1,2018/2/20,20170103CDLG000410056496,B024-TXN-02484,已成交,用户提供的历史交易快照
29989059,922000003,CDXL,1.98,3,2018/2/21,20170103CDLG000410056497,B024-TXN-02485,已成交,用户提供的历史交易快照
30156231,914030001,CDXL,6.72,1,2018/2/22,20170103CDLG000410056498,B024-TXN-02486,已成交,用户提供的历史交易快照
29989156,923000000,CDXL,10.8,1,2018/2/23,20170103CDLG000410056498,B024-TXN-02487,已成交,用户提供的历史交易快照
29989081,922000000,CDXL,8.21,0,2018/2/24,20170103CDLG000410056498,B024-TXN-02488,已成交,用户提供的历史交易快照
30023041,923000006,CDXL,3.2,1,2018/2/25,20170103CDLG000410056499,B024-TXN-02489,已成交,用户提供的历史交易快照
30008274,911010501,CDXL,27.32,0,2018/2/26,20170103CDLG000410056499,B024-TXN-02490,已成交,用户提供的历史交易快照
29989073,922000002,CDXL,4.8,0,2018/2/27,20170103CDLG000410056500,B024-TXN-02491,已成交,用户提供的历史交易快照
29989072,922000002,CDXL,0.78,2,2018/2/28,20170103CDLG000410056500,B024-TXN-02492,已成交,用户提供的历史交易快照
29989072,922000002,CDXL,0.78,2,2018/2/28,20170103CDLG000410056500,B024-TXN-02493,已成交,用户提供的历史交易快照
30023041,923000006,CDXL,3.2,1,2018/2/27,20170103CDLG000410056500,B024-TXN-02494,已成交,用户提供的历史交易快照
29989059,922000003,CDXL,1.98,1,2018/2/1,20170103CDLG000410056500,B024-TXN-02495,已成交,用户提供的历史交易快照
29989059,922000003,CDXL,1.98,1,2018/2/1,20170103CDLG000410056500,B024-TXN-02496,已成交,用户提供的历史交易快照
29989143,923000001,CDXL,5.0,1,2017/2/1,20170103CDLG000410056500,B024-TXN-02497,已成交,用户提供的历史交易快照
29989157,923000000,CDXL,5.6,1,2017/2/2,20170103CDLG000410056500,B024-TXN-02498,已成交,用户提供的历史交易快照
30027007,923000006,CDXL,5.6,2,2017/2/3,20170103CDLG000410056501,B024-TXN-02499,已成交,用户提供的历史交易快照
29989059,922000003,CDXL,1.98,1,2017/2/4,20170103CDLG000410056502,B024-TXN-02500,已成交,用户提供的历史交易快照
29989059,922000003,CDXL,1.98,1,2017/2/5,20170103CDLG000410056502,B024-TXN-02501,已成交,用户提供的历史交易快照
29989049,922000001,CDXL,1.98,2,2017/2/6,20170103CDLG000410056503,B024-TXN-02502,已成交,用户提供的历史交易快照
29989072,922000002,CDXL,0.78,1,2017/2/7,20170103CDLG000410056503,B024-TXN-02503,已成交,用户提供的历史交易快照
29989540,924020000,CDXL,11.58,1,2017/2/8,20170103CDLG000410056503,B024-TXN-02504,已成交,用户提供的历史交易快照
30023041,923000006,CDXL,3.2,2,2017/2/9,20170103CDLG000410056503,B024-TXN-02505,已成交,用户提供的历史交易快照
30008276,911010501,CDXL,15.42,2,2017/2/10,20170103CDLG000410056503,B024-TXN-02506,已成交,用户提供的历史交易快照
29989059,922000003,CDXL,1.98,1,2017/2/11,20170103CDLG000410056503,B024-TXN-02507,已成交,用户提供的历史交易快照
29991802,930000202,CDXL,9.52,1,2017/2/12,20170103CDLG000410056503,B024-TXN-02508,已成交,用户提供的历史交易快照
30026255,915030104,CDXL,4.0,20,2017/2/13,20170103CDLG000410056505,B024-TXN-02509,已成交,用户提供的历史交易快照
30006232,914100000,CDXL,5.52,1,2017/2/14,20170103CDLG000410056505,B024-TXN-02510,已成交,用户提供的历史交易快照
30006232,914100000,CDXL,5.52,1,2017/2/15,20170103CDLG000410056505,B024-TXN-02511,已成交,用户提供的历史交易快照
30008381,912060301,CDXL,19.42,1,2017/2/16,20170103CDLG000410056506,B024-TXN-02512,已成交,用户提供的历史交易快照
30008276,911010501,CDXL,15.42,1,2017/2/17,20170103CDLG000410056506,B024-TXN-02513,已成交,用户提供的历史交易快照
30115568,930020001,CDXL,8.52,1,2017/2/18,20170103CDLG000410056506,B024-TXN-02514,已成交,用户提供的历史交易快照
30027007,923000006,CDXL,5.6,2,2017/2/19,20170103CDLG000410056507,B024-TXN-02515,已成交,用户提供的历史交易快照
29989059,922000003,CDXL,1.98,3,2017/2/20,20170103CDLG000410056507,B024-TXN-02516,已成交,用户提供的历史交易快照
29999985,930020502,CDXL,15.52,1,2017/2/21,20170103CDLG000410056508,B024-TXN-02517,已成交,用户提供的历史交易快照
29999985,930020502,CDXL,15.52,1,2017/2/22,20170103CDLG000410056508,B024-TXN-02518,已成交,用户提供的历史交易快照
30102572,930020000,CDXL,9.52,1,2017/2/23,20170103CDLG000410056508,B024-TXN-02519,已成交,用户提供的历史交易快照
30150531,930020600,CDXL,9.52,1,2017/2/24,20170103CDLG000410056508,B024-TXN-02520,已成交,用户提供的历史交易快照
29989059,922000003,CDXL,1.98,1,2017/2/25,20170103CDLG000410056509,B024-TXN-02521,已成交,用户提供的历史交易快照
29989059,922000003,CDXL,1.98,1,2017/2/26,20170103CDLG000410056509,B024-TXN-02522,已成交,用户提供的历史交易快照
29989059,922000003,CDXL,1.98,1,2017/2/27,20170103CDLG000410056509,B024-TXN-02523,已成交,用户提供的历史交易快照
29989059,922000003,CDXL,1.98,2,2017/2/28,20170103CDLG000410056511,B024-TXN-02524,已成交,用户提供的历史交易快照
29989059,922000003,CDXL,1.98,2,2017/2/28,20170103CDLG000410056511,B024-TXN-02525,已成交,用户提供的历史交易快照
29989059,922000003,CDXL,1.98,1,2017/2/27,20170103CDLG000410056512,B024-TXN-02526,已成交,用户提供的历史交易快照
29989059,922000003,CDXL,1.98,2,2017/2/1,20170103CDLG000410056512,B024-TXN-02527,已成交,用户提供的历史交易快照
29991390,930020104,CDXL,8.12,1,2017/2/1,20170103CDLG000410056513,B024-TXN-02528,已成交,用户提供的历史交易快照
29989540,924020000,CDXL,11.58,1,2017/2/2,20170103CDLG000410056513,B024-TXN-02529,已成交,用户提供的历史交易快照
29991389,930020104,CDXL,7.92,1,2017/2/3,20170103CDLG000410056513,B024-TXN-02530,已成交,用户提供的历史交易快照
29991389,930020104,CDXL,7.92,1,2017/2/4,20170103CDLG000410056513,B024-TXN-02531,已成交,用户提供的历史交易快照
30023194,922000008,CDXL,13.6,1,2017/2/5,20170103CDLG000410056513,B024-TXN-02532,已成交,用户提供的历史交易快照
30201379,930020100,CDXL,15.52,1,2017/2/6,20170103CDLG000410056513,B024-TXN-02533,已成交,用户提供的历史交易快照
30000889,930020104,CDXL,4.42,1,2017/2/7,20170103CDLG000410056513,B024-TXN-02534,已成交,用户提供的历史交易快照
30022232,960000000,CDXL,0.3,1,2017/2/8,20170103CDLG000410056513,B024-TXN-02535,已成交,用户提供的历史交易快照
29991391,930020104,CDXL,7.92,1,2017/2/9,20170103CDLG000410056513,B024-TXN-02536,已成交,用户提供的历史交易快照
29989059,922000003,CDXL,1.98,2,2017/2/10,20170103CDLG000410056514,B024-TXN-02537,已成交,用户提供的历史交易快照
29989058,922000001,CDXL,1.98,1,2017/2/11,20170103CDLG000410056515,B024-TXN-02538,已成交,用户提供的历史交易快照
30179962,930040000,CDXL,16.52,1,2017/2/12,20170103CDLG000410056516,B024-TXN-02539,已成交,用户提供的历史交易快照
29989156,923000000,CDXL,10.79,1,2017/2/13,20170103CDLG000410056517,B024-TXN-02540,已成交,用户提供的历史交易快照
29989540,924020000,CDXL,11.56,0,2017/2/14,20170103CDLG000410056517,B024-TXN-02541,已成交,用户提供的历史交易快照
30023194,922000008,CDXL,13.6,0,2017/2/15,20170103CDLG000410056517,B024-TXN-02542,已成交,用户提供的历史交易快照
30200518,922000000,CDXL,19.62,0,2017/2/16,20170103CDLG000410056517,B024-TXN-02543,已成交,用户提供的历史交易快照
29989073,922000002,CDXL,4.8,0,2017/2/17,20170103CDLG000410056517,B024-TXN-02544,已成交,用户提供的历史交易快照
30027007,923000006,CDXL,5.6,0,2017/2/18,20170103CDLG000410056517,B024-TXN-02545,已成交,用户提供的历史交易快照
30179520,915000100,CDXL,76.72,0,2017/2/19,20170103CDLG000410056517,B024-TXN-02546,已成交,用户提供的历史交易快照
29989059,922000003,CDXL,1.98,1,2017/2/20,20170103CDLG000410056517,B024-TXN-02547,已成交,用户提供的历史交易快照
29989071,922000002,CDXL,3.4,1,2017/2/21,20170103CDLG000410056517,B024-TXN-02548,已成交,用户提供的历史交易快照
30023192,922000000,CDXL,9.62,0,2017/2/22,20170103CDLG000410056518,B024-TXN-02549,已成交,用户提供的历史交易快照
30005386,914000003,CDXL,13.42,1,2017/2/23,20170103CDLG000410056518,B024-TXN-02550,已成交,用户提供的历史交易快照
30022232,960000000,CDXL,0.3,1,2017/2/24,20170103CDLG000410056518,B024-TXN-02551,已成交,用户提供的历史交易快照
29989060,922000000,CDXL,9.62,0,2017/2/25,20170103CDLG000410056518,B024-TXN-02552,已成交,用户提供的历史交易快照
29989059,922000003,CDXL,1.98,3,2017/2/26,20170103CDLG000410056518,B024-TXN-02553,已成交,用户提供的历史交易快照
30026352,920000202,CDXL,5.23,0,2017/2/27,20170103CDLG000410056519,B024-TXN-02554,已成交,用户提供的历史交易快照
30027007,923000006,CDXL,5.6,1,2017/2/28,20170103CDLG000410056519,B024-TXN-02555,已成交,用户提供的历史交易快照
30048072,914110003,CDXL,4.52,1,2017/2/28,20170103CDLG000410056519,B024-TXN-02556,已成交,用户提供的历史交易快照
30006343,915030400,CDXL,3.98,1,2017/2/27,20170103CDLG000410056519,B024-TXN-02557,已成交,用户提供的历史交易快照
29989059,922000003,CDXL,1.98,1,2017/2/1,20170103CDLG000410056519,B024-TXN-02558,已成交,用户提供的历史交易快照
30118372,915030001,CDXL,52.62,1,2017/2/1,20170103CDLG000410056520,B024-TXN-02559,已成交,用户提供的历史交易快照
30020249,923000002,CDXL,1.98,1,2017/2/2,20170103CDLG000410056521,B024-TXN-02560,已成交,用户提供的历史交易快照
30203637,923000006,CDXL,3.2,2,2017/2/3,20170103CDLG000410056521,B024-TXN-02561,已成交,用户提供的历史交易快照
29989157,923000000,CDXL,5.6,1,2017/2/4,20170103CDLG000410056521,B024-TXN-02562,已成交,用户提供的历史交易快照
30017132,914100004,CDXL,12.32,1,2017/2/5,20170103CDLG000410056522,B024-TXN-02563,已成交,用户提供的历史交易快照
30110331,930010000,CDXL,26.52,1,2017/2/6,20170103CDLG000410056522,B024-TXN-02564,已成交,用户提供的历史交易快照
30004182,914050500,CDXL,8.42,1,2017/2/7,20170103CDLG000410056522,B024-TXN-02565,已成交,用户提供的历史交易快照
30050864,914050501,CDXL,6.72,1,2017/2/8,20170103CDLG000410056522,B024-TXN-02566,已成交,用户提供的历史交易快照
30006362,914100000,CDXL,11.22,1,2017/2/9,20170103CDLG000410056522,B024-TXN-02567,已成交,用户提供的历史交易快照
30007804,910030000,CDXL,6.12,1,2017/2/10,20170103CDLG000410056524,B024-TXN-02568,已成交,用户提供的历史交易快照
30025687,922000200,CDXL,9.58,0,2017/2/11,20170103CDLG000410056524,B024-TXN-02569,已成交,用户提供的历史交易快照
30025687,922000200,CDXL,9.59,0,2017/2/12,20170103CDLG000410056524,B024-TXN-02570,已成交,用户提供的历史交易快照
30211467,930020001,CDXL,11.52,1,2017/2/13,20170103CDLG000410056524,B024-TXN-02571,已成交,用户提供的历史交易快照
30211467,930020001,CDXL,11.52,1,2017/2/14,20170103CDLG000410056524,B024-TXN-02572,已成交,用户提供的历史交易快照
30006041,915010000,CDXL,7.58,1,2017/2/15,20170103CDLG000410056524,B024-TXN-02573,已成交,用户提供的历史交易快照
30142024,910020202,CDXL,9.52,1,2017/2/16,20170103CDLG000410056524,B024-TXN-02574,已成交,用户提供的历史交易快照
30165626,915010004,CDXL,13.42,1,2017/2/17,20170103CDLG000410056524,B024-TXN-02575,已成交,用户提供的历史交易快照
30214313,930020502,CDXL,8.52,1,2017/2/18,20170103CDLG000410056524,B024-TXN-02576,已成交,用户提供的历史交易快照
30214313,930020502,CDXL,8.52,1,2017/2/19,20170103CDLG000410056524,B024-TXN-02577,已成交,用户提供的历史交易快照
29989086,922000002,CDXL,4.8,1,2017/2/20,20170103CDLG000410056524,B024-TXN-02578,已成交,用户提供的历史交易快照
30017787,914040401,CDXL,3.82,1,2017/2/21,20170103CDLG000410056524,B024-TXN-02579,已成交,用户提供的历史交易快照
29989087,922000002,CDXL,7.59,0,2017/2/22,20170103CDLG000410056524,B024-TXN-02580,已成交,用户提供的历史交易快照
30002814,913020003,CDXL,22.42,1,2017/2/23,20170103CDLG000410056524,B024-TXN-02581,已成交,用户提供的历史交易快照
30151329,924000000,CDXL,29.61,1,2017/2/24,20170103CDLG000410056524,B024-TXN-02582,已成交,用户提供的历史交易快照
30214813,925090000,CDXL,31.32,0,2017/2/25,20170103CDLG000410056524,B024-TXN-02583,已成交,用户提供的历史交易快照
29989149,923000004,CDXL,6.8,1,2017/2/26,20170103CDLG000410056525,B024-TXN-02584,已成交,用户提供的历史交易快照
29989059,922000003,CDXL,1.98,1,2017/2/27,20170103CDLG000410056525,B024-TXN-02585,已成交,用户提供的历史交易快照
29989059,922000003,CDXL,1.98,1,2017/2/28,20170103CDLG000410056525,B024-TXN-02586,已成交,用户提供的历史交易快照
30020249,923000002,CDXL,1.98,1,2017/2/28,20170103CDLG000410056526,B024-TXN-02587,已成交,用户提供的历史交易快照
30010587,914070201,CDXL,4.12,1,2017/2/27,20170103CDLG000410056526,B024-TXN-02588,已成交,用户提供的历史交易快照
30008276,911010501,CDXL,15.42,1,2017/2/1,20170103CDLG000410056526,B024-TXN-02589,已成交,用户提供的历史交易快照
30003860,914010001,CDXL,8.82,1,2017/2/1,20170103CDLG000410056526,B024-TXN-02590,已成交,用户提供的历史交易快照
29989059,922000003,CDXL,1.98,1,2017/2/2,20170103CDLG000410056527,B024-TXN-02591,已成交,用户提供的历史交易快照
29989059,922000003,CDXL,1.98,1,2017/2/3,20170103CDLG000410056527,B024-TXN-02592,已成交,用户提供的历史交易快照
30009740,912060303,CDXL,59.62,0,2017/2/4,20170103CDLG000410056529,B024-TXN-02593,已成交,用户提供的历史交易快照
30023195,922000001,CDXL,1.98,0,2017/2/5,20170103CDLG000410056529,B024-TXN-02594,已成交,用户提供的历史交易快照
30134159,911000000,CDXL,2.0,1,2017/2/6,20170103CDLG000410056529,B024-TXN-02595,已成交,用户提供的历史交易快照
30134159,911000000,CDXL,2.0,1,2017/2/7,20170103CDLG000410056529,B024-TXN-02596,已成交,用户提供的历史交易快照
30009406,911000001,CDXL,2.0,1,2017/2/8,20170103CDLG000410056529,B024-TXN-02597,已成交,用户提供的历史交易快照
30009406,911000001,CDXL,2.0,1,2017/2/9,20170103CDLG000410056529,B024-TXN-02598,已成交,用户提供的历史交易快照
30023041,923000006,CDXL,3.2,1,2017/2/10,20170103CDLG000410056529,B024-TXN-02599,已成交,用户提供的历史交易快照
30003983,914000100,CDXL,5.52,1,2017/2/11,20170103CDLG000410056529,B024-TXN-02600,已成交,用户提供的历史交易快照
30091735,912060008,CDXL,39.21,0,2017/2/12,20170103CDLG000410056529,B024-TXN-02601,已成交,用户提供的历史交易快照
30162126,912060303,CDXL,51.25,0,2017/2/13,20170103CDLG000410056529,B024-TXN-02602,已成交,用户提供的历史交易快照
29989057,922000001,CDXL,2.38,0,2017/2/14,20170103CDLG000410056529,B024-TXN-02603,已成交,用户提供的历史交易快照
30008406,912060303,CDXL,29.2,0,2017/2/15,20170103CDLG000410056529,B024-TXN-02604,已成交,用户提供的历史交易快照
30099528,912060303,CDXL,23.21,1,2017/2/16,20170103CDLG000410056529,B024-TXN-02605,已成交,用户提供的历史交易快照
30026398,912020101,CDXL,12.42,1,2017/2/17,20170103CDLG000410056529,B024-TXN-02606,已成交,用户提供的历史交易快照
30144187,912060303,CDXL,33.24,0,2017/2/18,20170103CDLG000410056529,B024-TXN-02607,已成交,用户提供的历史交易快照
30156398,912040004,CDXL,2.62,1,2017/2/19,20170103CDLG000410056529,B024-TXN-02608,已成交,用户提供的历史交易快照
29989172,923000002,CDXL,9.6,1,2017/2/20,20170103CDLG000410056529,B024-TXN-02609,已成交,用户提供的历史交易快照
30130928,911000000,CDXL,2.5,1,2017/2/21,20170103CDLG000410056529,B024-TXN-02610,已成交,用户提供的历史交易快照
30026255,915030104,CDXL,4.83,3,2017/2/22,20170103CDLG000410056531,B024-TXN-02611,已成交,用户提供的历史交易快照
30113344,912060303,CDXL,13.42,1,2017/2/23,20170103CDLG000410056531,B024-TXN-02612,已成交,用户提供的历史交易快照
29989153,923000006,CDXL,7.6,1,2017/2/24,20170103CDLG000410056531,B024-TXN-02613,已成交,用户提供的历史交易快照
29989059,922000003,CDXL,1.98,1,2017/2/25,20170103CDLG000410056532,B024-TXN-02614,已成交,用户提供的历史交易快照
30214804,925090000,CDXL,33.46,0,2017/2/26,20170103CDLG000410056532,B024-TXN-02615,已成交,用户提供的历史交易快照
29989059,922000003,CDXL,1.98,2,2017/2/27,20170103CDLG000410056533,B024-TXN-02616,已成交,用户提供的历史交易快照
29989077,922000008,CDXL,11.58,0,2017/2/28,20170103CDLG000410056534,B024-TXN-02617,已成交,用户提供的历史交易快照
29989056,922000001,CDXL,5.6,0,2017/2/28,20170103CDLG000410056535,B024-TXN-02618,已成交,用户提供的历史交易快照
30039154,910020104,CDXL,3.82,1,2017/2/27,20170103CDLG000410056536,B024-TXN-02619,已成交,用户提供的历史交易快照
30104881,914100000,CDXL,5.52,1,2017/2/1,20170103CDLG000410056536,B024-TXN-02620,已成交,用户提供的历史交易快照
30006232,914100000,CDXL,5.52,1,2017/2/1,20170103CDLG000410056536,B024-TXN-02621,已成交,用户提供的历史交易快照
30017370,914050002,CDXL,2.0,1,2017/2/2,20170103CDLG000410056537,B024-TXN-02622,已成交,用户提供的历史交易快照
30017370,914050002,CDXL,2.0,1,2017/2/3,20170103CDLG000410056537,B024-TXN-02623,已成交,用户提供的历史交易快照
30017370,914050002,CDXL,2.0,1,2017/2/4,20170103CDLG000410056537,B024-TXN-02624,已成交,用户提供的历史交易快照
30017370,914050002,CDXL,2.0,1,2017/2/5,20170103CDLG000410056537,B024-TXN-02625,已成交,用户提供的历史交易快照
30023195,922000001,CDXL,1.98,1,2017/2/6,20170103CDLG000410056537,B024-TXN-02626,已成交,用户提供的历史交易快照
30022232,960000000,CDXL,0.3,1,2017/2/7,20170103CDLG000410056537,B024-TXN-02627,已成交,用户提供的历史交易快照
29989083,922000000,CDXL,4.2,1,2017/2/8,20170103CDLG000410056537,B024-TXN-02628,已成交,用户提供的历史交易快照
29989152,923000001,CDXL,5.6,2,2017/2/9,20170103CDLG000410056537,B024-TXN-02629,已成交,用户提供的历史交易快照
30023177,922000103,CDXL,6.2,1,2017/2/10,20170103CDLG000410056537,B024-TXN-02630,已成交,用户提供的历史交易快照
29989058,922000001,CDXL,1.98,2,2017/2/11,20170103CDLG000410056537,B024-TXN-02631,已成交,用户提供的历史交易快照
30001823,912020103,CDXL,1.5,1,2017/2/12,20170103CDLG000410056538,B024-TXN-02632,已成交,用户提供的历史交易快照
30001823,912020103,CDXL,1.5,1,2017/2/13,20170103CDLG000410056538,B024-TXN-02633,已成交,用户提供的历史交易快照
30200518,922000000,CDXL,19.62,0,2017/2/14,20170103CDLG000410056538,B024-TXN-02634,已成交,用户提供的历史交易快照
29989059,922000003,CDXL,1.98,1,2017/2/15,20170103CDLG000410056538,B024-TXN-02635,已成交,用户提供的历史交易快照
30004108,914000000,CDXL,7.42,1,2017/2/16,20170103CDLG000410056539,B024-TXN-02636,已成交,用户提供的历史交易快照
30179534,915000106,CDXL,120.64,0,2017/2/17,20170103CDLG000410056541,B024-TXN-02637,已成交,用户提供的历史交易快照
30179544,915000106,CDXL,49.62,0,2017/2/18,20170103CDLG000410056541,B024-TXN-02638,已成交,用户提供的历史交易快照
29989059,922000003,CDXL,1.98,1,2017/2/19,20170103CDLG000410056541,B024-TXN-02639,已成交,用户提供的历史交易快照
29989059,922000003,CDXL,1.98,1,2017/2/20,20170103CDLG000410056541,B024-TXN-02640,已成交,用户提供的历史交易快照
29989059,922000003,CDXL,1.98,1,2017/2/21,20170103CDLG000410056541,B024-TXN-02641,已成交,用户提供的历史交易快照
30151326,924000000,CDXL,19.58,1,2017/2/22,20170103CDLG000410056542,B024-TXN-02642,已成交,用户提供的历史交易快照
30023041,923000006,CDXL,3.2,2,2017/2/23,20170103CDLG000410056542,B024-TXN-02643,已成交,用户提供的历史交易快照
30007741,910030002,CDXL,1.91,15,2017/2/24,20170103CDLG000410056542,B024-TXN-02644,已成交,用户提供的历史交易快照
30007741,910030002,CDXL,1.91,15,2017/2/25,20170103CDLG000410056542,B024-TXN-02645,已成交,用户提供的历史交易快照
30022232,960000000,CDXL,0.3,1,2017/2/26,20170103CDLG000410056542,B024-TXN-02646,已成交,用户提供的历史交易快照
30203637,923000006,CDXL,3.2,2,2017/2/27,20170103CDLG000410056542,B024-TXN-02647,已成交,用户提供的历史交易快照
29989059,922000003,CDXL,1.98,2,2017/2/28,20170103CDLG000410056542,B024-TXN-02648,已成交,用户提供的历史交易快照
29989157,923000000,CDXL,5.6,2,2017/2/28,20170103CDLG000410056542,B024-TXN-02649,已成交,用户提供的历史交易快照
29989072,922000002,CDXL,0.78,3,2017/2/27,20170103CDLG000410056543,B024-TXN-02650,已成交,用户提供的历史交易快照
29989059,922000003,CDXL,1.98,1,2017/2/1,20170103CDLG000410056543,B024-TXN-02651,已成交,用户提供的历史交易快照
30006416,915030101,CDXL,5.6,1,2017/2/1,20170103CDLG000410056545,B024-TXN-02652,已成交,用户提供的历史交易快照
30073664,912060303,CDXL,27.26,0,2017/2/2,20170103CDLG000410056545,B024-TXN-02653,已成交,用户提供的历史交易快照
30008276,911010501,CDXL,15.41,0,2017/2/3,20170103CDLG000410056545,B024-TXN-02654,已成交,用户提供的历史交易快照
30027758,914060000,CDXL,14.42,1,2017/2/4,20170103CDLG000410056546,B024-TXN-02655,已成交,用户提供的历史交易快照
29989147,923000006,CDXL,3.6,1,2017/2/5,20170103CDLG000410056546,B024-TXN-02656,已成交,用户提供的历史交易快照
29989059,922000003,CDXL,1.98,1,2017/2/6,20170103CDLG000410056546,B024-TXN-02657,已成交,用户提供的历史交易快照
29989059,922000003,CDXL,1.98,2,2017/2/7,20170103CDLG000410056546,B024-TXN-02658,已成交,用户提供的历史交易快照
29989140,923000006,CDXL,7.6,1,2017/2/8,20170103CDLG000410056546,B024-TXN-02659,已成交,用户提供的历史交易快照
30023195,922000001,CDXL,1.98,0,2017/2/9,20170103CDLG000410056547,B024-TXN-02660,已成交,用户提供的历史交易快照
30131137,912030207,CDXL,3.12,1,2017/2/10,20170103CDLG000410056547,B024-TXN-02661,已成交,用户提供的历史交易快照
29989077,922000008,CDXL,11.6,0,2017/2/11,20170103CDLG000410056547,B024-TXN-02662,已成交,用户提供的历史交易快照
29989059,922000003,CDXL,1.98,1,2017/2/12,20170103CDLG000410056547,B024-TXN-02663,已成交,用户提供的历史交易快照
29989204,924030001,CDXL,31.6,0,2017/2/13,20170103CDLG000410056547,B024-TXN-02664,已成交,用户提供的历史交易快照
30006040,915010000,CDXL,9.58,0,2017/2/14,20170103CDLG000410056547,B024-TXN-02665,已成交,用户提供的历史交易快照
29989059,922000003,CDXL,1.98,1,2017/2/15,20170103CDLG000410056548,B024-TXN-02666,已成交,用户提供的历史交易快照
29989059,922000003,CDXL,1.98,2,2017/2/16,20170103CDLG000410056548,B024-TXN-02667,已成交,用户提供的历史交易快照
29989059,922000003,CDXL,1.98,2,2017/2/17,20170103CDLG000410056548,B024-TXN-02668,已成交,用户提供的历史交易快照
29989059,922000003,CDXL,1.98,1,2017/2/18,20170103CDLG000410056549,B024-TXN-02669,已成交,用户提供的历史交易快照
29989059,922000003,CDXL,1.98,1,2017/2/19,20170103CDLG000410056549,B024-TXN-02670,已成交,用户提供的历史交易快照
29989085,922000002,CDXL,1.18,1,2017/2/20,20170103CDLG000410056551,B024-TXN-02671,已成交,用户提供的历史交易快照
29989540,924020000,CDXL,11.59,1,2017/2/21,20170103CDLG000410056551,B024-TXN-02672,已成交,用户提供的历史交易快照
30023041,923000006,CDXL,3.2,2,2017/2/22,20170103CDLG000410056551,B024-TXN-02673,已成交,用户提供的历史交易快照
29989626,924030000,CDXL,15.6,0,2017/2/23,20170103CDLG000410056551,B024-TXN-02674,已成交,用户提供的历史交易快照
29989099,922000008,CDXL,1.58,1,2017/2/24,20170103CDLG000410056551,B024-TXN-02675,已成交,用户提供的历史交易快照
29989099,922000008,CDXL,1.58,1,2017/2/25,20170103CDLG000410056551,B024-TXN-02676,已成交,用户提供的历史交易快照
29989048,922000001,CDXL,1.98,1,2017/2/26,20170103CDLG000410056551,B024-TXN-02677,已成交,用户提供的历史交易快照
30148575,931050304,CDXL,4.52,1,2017/2/27,20170103CDLG000410056552,B024-TXN-02678,已成交,用户提供的历史交易快照
30148575,931050304,CDXL,4.52,1,2017/2/28,20170103CDLG000410056552,B024-TXN-02679,已成交,用户提供的历史交易快照
30010053,911000000,CDXL,3.02,1,2017/2/28,20170103CDLG000410056553,B024-TXN-02680,已成交,用户提供的历史交易快照
30142281,914030001,CDXL,7.62,1,2017/2/27,20170103CDLG000410056555,B024-TXN-02681,已成交,用户提供的历史交易快照
30135341,931050202,CDXL,10.52,1,2017/2/1,20170103CDLG000410056555,B024-TXN-02682,已成交,用户提供的历史交易快照
30171543,930020502,CDXL,14.52,1,2017/2/1,20170103CDLG000410056555,B024-TXN-02683,已成交,用户提供的历史交易快照
30171543,930020502,CDXL,18.15,2,2017/2/1,20170103CDLG000410056555,B024-TXN-02684,已成交,用户提供的历史交易快照
29989059,922000003,CDXL,1.98,1,2017/2/2,20170103CDLG000410056555,B024-TXN-02685,已成交,用户提供的历史交易快照
29989146,923000006,CDXL,6.8,1,2017/2/3,20170103CDLG000410056555,B024-TXN-02686,已成交,用户提供的历史交易快照
30000850,930020100,CDXL,7.22,1,2017/2/4,20170103CDLG000410056556,B024-TXN-02687,已成交,用户提供的历史交易快照
30000850,930020100,CDXL,7.22,1,2017/2/5,20170103CDLG000410056556,B024-TXN-02688,已成交,用户提供的历史交易快照
29989057,922000001,CDXL,2.38,1,2017/2/6,20170103CDLG000410056556,B024-TXN-02689,已成交,用户提供的历史交易快照
30143702,931060000,CDXL,9.52,1,2017/2/7,20170103CDLG000410056556,B024-TXN-02690,已成交,用户提供的历史交易快照
30184192,930010000,CDXL,29.52,1,2017/2/8,20170103CDLG000410056556,B024-TXN-02691,已成交,用户提供的历史交易快照
30195948,930020502,CDXL,9.52,1,2017/2/9,20170103CDLG000410056556,B024-TXN-02692,已成交,用户提供的历史交易快照
30186373,938030000,CDXL,7.62,1,2017/2/10,20170103CDLG000410056556,B024-TXN-02693,已成交,用户提供的历史交易快照
29989058,922000001,CDXL,1.98,2,2017/2/11,20170103CDLG000410056556,B024-TXN-02694,已成交,用户提供的历史交易快照
29989059,922000003,CDXL,1.98,1,2017/2/12,20170103CDLG000410056556,B024-TXN-02695,已成交,用户提供的历史交易快照
29989059,922000003,CDXL,1.98,1,2017/2/13,20170103CDLG000410056556,B024-TXN-02696,已成交,用户提供的历史交易快照
30020145,915030104,CDXL,4.16,1,2017/2/14,20170103CDLG000410056557,B024-TXN-02697,已成交,用户提供的历史交易快照
29989204,924030001,CDXL,31.59,2,2017/2/15,20170103CDLG000410056558,B024-TXN-02698,已成交,用户提供的历史交易快照
30020249,923000002,CDXL,1.98,1,2017/2/16,20170103CDLG000410056559,B024-TXN-02699,已成交,用户提供的历史交易快照
30002953,913020100,CDXL,16.62,1,2017/2/17,20170103CDLG000410056559,B024-TXN-02700,已成交,用户提供的历史交易快照
29989540,924020000,CDXL,11.57,1,2017/2/18,20170103CDLG000410056560,B024-TXN-02701,已成交,用户提供的历史交易快照
30006937,930010000,CDXL,20.52,1,2017/2/19,20170103CDLG000410056560,B024-TXN-02702,已成交,用户提供的历史交易快照
30017391,913050103,CDXL,3.32,1,2017/2/20,20170103CDLG000410056560,B024-TXN-02703,已成交,用户提供的历史交易快照
30129079,930010002,CDXL,19.52,1,2017/2/21,20170103CDLG000410056560,B024-TXN-02704,已成交,用户提供的历史交易快照
29989059,922000003,CDXL,1.98,1,2017/2/22,20170103CDLG000410056560,B024-TXN-02705,已成交,用户提供的历史交易快照
30214313,930020502,CDXL,8.52,1,2017/2/23,20170103CDLG000410056561,B024-TXN-02706,已成交,用户提供的历史交易快照
30031870,915030401,CDXL,6.58,2,2017/2/24,20170103CDLG000410056561,B024-TXN-02707,已成交,用户提供的历史交易快照
30166320,936010000,CDXL,6.52,1,2017/2/25,20170103CDLG000410056561,B024-TXN-02708,已成交,用户提供的历史交易快照
30115853,912030500,CDXL,5.42,1,2017/2/26,20170103CDLG000410056562,B024-TXN-02709,已成交,用户提供的历史交易快照
29989077,922000008,CDXL,11.62,0,2017/2/27,20170103CDLG000410056563,B024-TXN-02710,已成交,用户提供的历史交易快照
29989059,922000003,CDXL,3.98,1,2017/2/28,20170103CDLG000410056563,B024-TXN-02711,已成交,用户提供的历史交易快照
29989072,922000002,CDXL,0.78,3,2017/2/28,20170103CDLG000410056565,B024-TXN-02712,已成交,用户提供的历史交易快照
30005364,914010001,CDXL,5.52,1,2017/2/27,20170103CDLG000410056565,B024-TXN-02713,已成交,用户提供的历史交易快照
30173848,920090000,CDXL,1.3,2,2017/2/1,20170103CDLG000410056565,B024-TXN-02714,已成交,用户提供的历史交易快照
29999817,930000201,CDXL,11.52,1,2017/2/1,20170103CDLG000410056565,B024-TXN-02715,已成交,用户提供的历史交易快照
30004151,914030001,CDXL,5.32,1,2017/2/2,20170103CDLG000410056565,B024-TXN-02716,已成交,用户提供的历史交易快照
30009406,911000001,CDXL,2.0,1,2017/2/3,20170103CDLG000410056565,B024-TXN-02717,已成交,用户提供的历史交易快照
30165699,915020003,CDXL,7.12,1,2017/2/4,20170103CDLG000410056565,B024-TXN-02718,已成交,用户提供的历史交易快照
30168417,912500204,CDXL,3.82,1,2017/2/5,20170103CDLG000410056565,B024-TXN-02719,已成交,用户提供的历史交易快照
30205087,914010001,CDXL,9.52,1,2017/2/6,20170103CDLG000410056565,B024-TXN-02720,已成交,用户提供的历史交易快照
30214805,925090000,CDXL,39.43,1,2017/2/7,20170103CDLG000410056565,B024-TXN-02721,已成交,用户提供的历史交易快照
30010589,911000001,CDXL,1.2,1,2017/2/8,20170103CDLG000410056565,B024-TXN-02722,已成交,用户提供的历史交易快照
30139197,910020404,CDXL,7.82,1,2017/2/9,20170103CDLG000410056565,B024-TXN-02723,已成交,用户提供的历史交易快照
30006041,915010000,CDXL,7.58,1,2017/2/10,20170103CDLG000410056565,B024-TXN-02724,已成交,用户提供的历史交易快照
30023159,922000005,CDXL,2.8,1,2017/2/11,20170103CDLG000410056565,B024-TXN-02725,已成交,用户提供的历史交易快照
30047071,910030002,CDXL,1.24,19,2017/2/12,20170103CDLG000410056565,B024-TXN-02726,已成交,用户提供的历史交易快照
30214800,925090000,CDXL,25.41,1,2017/2/13,20170103CDLG000410056565,B024-TXN-02727,已成交,用户提供的历史交易快照
30006364,914100000,CDXL,11.22,1,2017/2/14,20170103CDLG000410056565,B024-TXN-02728,已成交,用户提供的历史交易快照
30009418,911000000,CDXL,1.2,1,2017/2/15,20170103CDLG000410056565,B024-TXN-02729,已成交,用户提供的历史交易快照
29989059,922000003,CDXL,3.98,1,2017/2/16,20170103CDLG000410056565,B024-TXN-02730,已成交,用户提供的历史交易快照
29989072,922000002,CDXL,0.78,7,2017/2/17,20170103CDLG000410056567,B024-TXN-02731,已成交,用户提供的历史交易快照
29989072,922000002,CDXL,0.78,9,2017/2/18,20170103CDLG000410056567,B024-TXN-02732,已成交,用户提供的历史交易快照
30132382,930010005,CDXL,7.52,1,2017/2/19,20170103CDLG000410056568,B024-TXN-02733,已成交,用户提供的历史交易快照
30134159,911000000,CDXL,2.0,1,2017/2/20,20170103CDLG000410056568,B024-TXN-02734,已成交,用户提供的历史交易快照
30163281,914010000,CDXL,2.0,1,2017/2/21,20170103CDLG000410056568,B024-TXN-02735,已成交,用户提供的历史交易快照
30163281,914010000,CDXL,2.0,1,2017/2/22,20170103CDLG000410056568,B024-TXN-02736,已成交,用户提供的历史交易快照
30192287,931050304,CDXL,9.52,1,2017/2/23,20170103CDLG000410056568,B024-TXN-02737,已成交,用户提供的历史交易快照
29992137,930040104,CDXL,19.52,1,2017/2/24,20170103CDLG000410056568,B024-TXN-02738,已成交,用户提供的历史交易快照
30004033,914000004,CDXL,5.12,1,2017/2/25,20170103CDLG000410056568,B024-TXN-02739,已成交,用户提供的历史交易快照
30023175,922000103,CDXL,5.61,0,2017/2/26,20170103CDLG000410056568,B024-TXN-02740,已成交,用户提供的历史交易快照
30002241,912060007,CDXL,60.73,0,2017/2/27,20170103CDLG000410056569,B024-TXN-02741,已成交,用户提供的历史交易快照
30002271,912060400,CDXL,25.46,0,2017/2/28,20170103CDLG000410056569,B024-TXN-02742,已成交,用户提供的历史交易快照
30002271,912060400,CDXL,25.39,0,2017/2/28,20170103CDLG000410056569,B024-TXN-02743,已成交,用户提供的历史交易快照
30026352,920000202,CDXL,5.22,1,2017/2/27,20170103CDLG000410056569,B024-TXN-02744,已成交,用户提供的历史交易快照
30071281,930020502,CDXL,13.12,1,2017/2/1,20170103CDLG000410056569,B024-TXN-02745,已成交,用户提供的历史交易快照
30071281,930020502,CDXL,13.12,1,2017/2/1,20170103CDLG000410056569,B024-TXN-02746,已成交,用户提供的历史交易快照
30119882,912080000,CDXL,5.42,1,2017/2/2,20170103CDLG000410056569,B024-TXN-02747,已成交,用户提供的历史交易快照
30136855,912060303,CDXL,17.43,1,2017/2/3,20170103CDLG000410056569,B024-TXN-02748,已成交,用户提供的历史交易快照
30009061,912030500,CDXL,3.12,1,2017/2/4,20170103CDLG000410056569,B024-TXN-02749,已成交,用户提供的历史交易快照
30022232,960000000,CDXL,0.3,1,2017/2/5,20170103CDLG000410056569,B024-TXN-02750,已成交,用户提供的历史交易快照
30148309,910030001,CDXL,3.78,7,2017/2/6,20170103CDLG000410056569,B024-TXN-02751,已成交,用户提供的历史交易快照
30046538,930020001,CDXL,9.52,1,2017/2/7,20170103CDLG000410056569,B024-TXN-02752,已成交,用户提供的历史交易快照
29989068,922000004,CDXL,5.6,0,2017/2/8,20170103CDLG000410056569,B024-TXN-02753,已成交,用户提供的历史交易快照
30002221,912060000,CDXL,21.41,0,2017/2/9,20170103CDLG000410056569,B024-TXN-02754,已成交,用户提供的历史交易快照
30036903,911000000,CDXL,5.52,1,2017/2/10,20170103CDLG000410056569,B024-TXN-02755,已成交,用户提供的历史交易快照
30003966,914000003,CDXL,13.62,1,2017/2/11,20170103CDLG000410056570,B024-TXN-02756,已成交,用户提供的历史交易快照
30164949,930020500,CDXL,20.52,1,2017/2/12,20170103CDLG000410056570,B024-TXN-02757,已成交,用户提供的历史交易快照
30005991,914030100,CDXL,2.0,1,2017/2/13,20170103CDLG000410056570,B024-TXN-02758,已成交,用户提供的历史交易快照
30005991,914030100,CDXL,2.0,1,2017/2/14,20170103CDLG000410056570,B024-TXN-02759,已成交,用户提供的历史交易快照
30022232,960000000,CDXL,0.3,1,2017/2/15,20170103CDLG000410056570,B024-TXN-02760,已成交,用户提供的历史交易快照
30022947,931060301,CDXL,6.12,1,2017/2/16,20170103CDLG000410056570,B024-TXN-02761,已成交,用户提供的历史交易快照
30211562,914000300,CDXL,9.52,1,2017/2/17,20170103CDLG000410056570,B024-TXN-02762,已成交,用户提供的历史交易快照
30137162,912060303,CDXL,43.84,0,2017/2/18,20170103CDLG000410056570,B024-TXN-02763,已成交,用户提供的历史交易快照
30023187,922000003,CDXL,3.2,1,2017/2/19,20170103CDLG000410056571,B024-TXN-02764,已成交,用户提供的历史交易快照
30023195,922000001,CDXL,1.98,1,2017/2/20,20170103CDLG000410056572,B024-TXN-02765,已成交,用户提供的历史交易快照
30023041,923000006,CDXL,3.2,1,2017/2/21,20170103CDLG000410056572,B024-TXN-02766,已成交,用户提供的历史交易快照
29989076,922000006,CDXL,3.58,1,2017/2/22,20170103CDLG000410056572,B024-TXN-02767,已成交,用户提供的历史交易快照
29989060,922000000,CDXL,9.6,0,2017/2/23,20170103CDLG000410056572,B024-TXN-02768,已成交,用户提供的历史交易快照
29989082,922000000,CDXL,8.79,0,2017/2/24,20170103CDLG000410056572,B024-TXN-02769,已成交,用户提供的历史交易快照
30023192,922000000,CDXL,9.62,0,2017/2/25,20170103CDLG000410056573,B024-TXN-02770,已成交,用户提供的历史交易快照
30209378,914040204,CDXL,3.12,1,2017/2/26,20170103CDLG000410056573,B024-TXN-02771,已成交,用户提供的历史交易快照
29989065,922000000,CDXL,21.64,0,2017/2/27,20170103CDLG000410056573,B024-TXN-02772,已成交,用户提供的历史交易快照
29989060,922000000,CDXL,9.62,0,2017/2/28,20170103CDLG000410056573,B024-TXN-02773,已成交,用户提供的历史交易快照
30005873,914020401,CDXL,3.12,1,2017/2/28,20170103CDLG000410056573,B024-TXN-02774,已成交,用户提供的历史交易快照
29989072,922000002,CDXL,0.78,2,2017/2/27,20170103CDLG000410056574,B024-TXN-02775,已成交,用户提供的历史交易快照
29989072,922000002,CDXL,0.78,3,2017/2/1,20170103CDLG000410056574,B024-TXN-02776,已成交,用户提供的历史交易快照
30026255,915030104,CDXL,3.32,3,2017/2/1,20170103CDLG000410056574,B024-TXN-02777,已成交,用户提供的历史交易快照
29989071,922000002,CDXL,3.4,2,2017/2/2,20170103CDLG000410056574,B024-TXN-02778,已成交,用户提供的历史交易快照
30007741,910030002,CDXL,1.91,15,2017/2/3,20170103CDLG000410056575,B024-TXN-02779,已成交,用户提供的历史交易快照
29989157,923000000,CDXL,5.6,2,2017/2/4,20170103CDLG000410056576,B024-TXN-02780,已成交,用户提供的历史交易快照
29989061,922000000,CDXL,5.62,0,2017/2/5,20170103CDLG000410056577,B024-TXN-02781,已成交,用户提供的历史交易快照
30196343,910030005,CDXL,12.42,1,2017/2/6,20170103CDLG000410056577,B024-TXN-02782,已成交,用户提供的历史交易快照
30023178,922000004,CDXL,6.19,0,2017/2/7,20170103CDLG000410056577,B024-TXN-02783,已成交,用户提供的历史交易快照
30023195,922000001,CDXL,1.98,1,2017/2/8,20170103CDLG000410056577,B024-TXN-02784,已成交,用户提供的历史交易快照
30010756,912040004,CDXL,8.12,1,2017/2/9,20170103CDLG000410056578,B024-TXN-02785,已成交,用户提供的历史交易快照
30005991,914030100,CDXL,2.0,1,2017/2/10,20170103CDLG000410056579,B024-TXN-02786,已成交,用户提供的历史交易快照
30132718,930000201,CDXL,24.52,1,2017/2/11,20170103CDLG000410056579,B024-TXN-02787,已成交,用户提供的历史交易快照
29989098,922000001,CDXL,2.8,1,2017/2/12,20170103CDLG000410056580,B024-TXN-02788,已成交,用户提供的历史交易快照
30013861,914050005,CDXL,1.8,1,2017/2/13,20170103CDLG000410056581,B024-TXN-02789,已成交,用户提供的历史交易快照
30163281,914010000,CDXL,1.6,2,2017/2/14,20170103CDLG000410056581,B024-TXN-02790,已成交,用户提供的历史交易快照
29989060,922000000,CDXL,9.62,0,2017/2/15,20170103CDLG000410056581,B024-TXN-02791,已成交,用户提供的历史交易快照
30010617,910020000,CDXL,2.0,1,2017/2/16,20170103CDLG000410056582,B024-TXN-02792,已成交,用户提供的历史交易快照
30031874,915030401,CDXL,5.62,1,2017/2/17,20170103CDLG000410056583,B024-TXN-02793,已成交,用户提供的历史交易快照
29989072,922000002,CDXL,0.78,2,2017/2/18,20170103CDLG000410056583,B024-TXN-02794,已成交,用户提供的历史交易快照
30179532,915000106,CDXL,13.59,0,2017/2/19,20170103CDLG000410056583,B024-TXN-02795,已成交,用户提供的历史交易快照
29989153,923000006,CDXL,7.6,1,2017/2/20,20170103CDLG000410056583,B024-TXN-02796,已成交,用户提供的历史交易快照
30110333,930010002,CDXL,49.52,1,2017/2/21,20170103CDLG000410056584,B024-TXN-02797,已成交,用户提供的历史交易快照
29989049,922000001,CDXL,1.98,1,2017/2/22,20170103CDLG000410056585,B024-TXN-02798,已成交,用户提供的历史交易快照
29989072,922000002,CDXL,0.78,1,2017/2/23,20170103CDLG000410056585,B024-TXN-02799,已成交,用户提供的历史交易快照
29989059,922000003,CDXL,3.98,2,2017/2/24,20170103CDLG000410056585,B024-TXN-02800,已成交,用户提供的历史交易快照
29989157,923000000,CDXL,5.6,2,2017/2/25,20170103CDLG000410056585,B024-TXN-02801,已成交,用户提供的历史交易快照
30021764,914020100,CDXL,1.5,1,2017/2/26,20170103CDLG000410056585,B024-TXN-02802,已成交,用户提供的历史交易快照
30021764,914020100,CDXL,1.5,1,2017/2/27,20170103CDLG000410056585,B024-TXN-02803,已成交,用户提供的历史交易快照
30021764,914020100,CDXL,1.5,1,2017/2/28,20170103CDLG000410056585,B024-TXN-02804,已成交,用户提供的历史交易快照
30031870,915030401,CDXL,6.58,2,2017/2/28,20170103CDLG000410056586,B024-TXN-02805,已成交,用户提供的历史交易快照
30006041,915010000,CDXL,7.58,1,2017/2/27,20170103CDLG000410056587,B024-TXN-02806,已成交,用户提供的历史交易快照
30020249,923000002,CDXL,1.98,2,2017/2/1,20170103CDLG000410056587,B024-TXN-02807,已成交,用户提供的历史交易快照
30026118,915020000,CDXL,4.92,1,2017/2/1,20170103CDLG000410056588,B024-TXN-02808,已成交,用户提供的历史交易快照
30072361,915030001,CDXL,59.62,1,2017/2/1,20170103CDLG000410056588,B024-TXN-02809,已成交,用户提供的历史交易快照
30023197,922000003,CDXL,6.8,1,2017/2/2,20170103CDLG000410056589,B024-TXN-02810,已成交,用户提供的历史交易快照
30156634,922000103,CDXL,37.61,0,2017/2/3,20170103CDLG000410056589,B024-TXN-02811,已成交,用户提供的历史交易快照
29989061,922000000,CDXL,5.6,0,2017/2/4,20170103CDLG000410056590,B024-TXN-02812,已成交,用户提供的历史交易快照
29989077,922000008,CDXL,11.59,0,2017/2/5,20170103CDLG000410056590,B024-TXN-02813,已成交,用户提供的历史交易快照
29989085,922000002,CDXL,1.18,1,2017/2/6,20170103CDLG000410056590,B024-TXN-02814,已成交,用户提供的历史交易快照
29989081,922000000,CDXL,8.19,0,2017/2/7,20170103CDLG000410056590,B024-TXN-02815,已成交,用户提供的历史交易快照
30005846,914000001,CDXL,8.02,1,2017/2/8,20170103CDLG000410056591,B024-TXN-02816,已成交,用户提供的历史交易快照
30039971,915030404,CDXL,20.62,1,2017/2/9,20170103CDLG000410056591,B024-TXN-02817,已成交,用户提供的历史交易快照
30184351,915000106,CDXL,15.58,1,2017/2/10,20170103CDLG000410056592,B024-TXN-02818,已成交,用户提供的历史交易快照
29989077,922000008,CDXL,11.6,1,2017/2/11,20170103CDLG000410056593,B024-TXN-02819,已成交,用户提供的历史交易快照
30022232,960000000,CDXL,0.3,1,2017/2/12,20170103CDLG000410056593,B024-TXN-02820,已成交,用户提供的历史交易快照
30026352,920000202,CDXL,5.22,1,2017/2/13,20170103CDLG000410056593,B024-TXN-02821,已成交,用户提供的历史交易快照
29989105,922000000,CDXL,2.8,1,2017/2/14,20170103CDLG000410056593,B024-TXN-02822,已成交,用户提供的历史交易快照
29989058,922000001,CDXL,1.98,2,2017/2/15,20170103CDLG000410056593,B024-TXN-02823,已成交,用户提供的历史交易快照
29989058,922000001,CDXL,1.98,2,2017/2/16,20170103CDLG000410056593,B024-TXN-02824,已成交,用户提供的历史交易快照
29989050,922000001,CDXL,6.79,0,2017/2/17,20170103CDLG000410056594,B024-TXN-02825,已成交,用户提供的历史交易快照
30063411,910020300,CDXL,2.62,1,2017/2/18,20170103CDLG000410056594,B024-TXN-02826,已成交,用户提供的历史交易快照
30144190,914000100,CDXL,3.62,1,2017/2/19,20170103CDLG000410056594,B024-TXN-02827,已成交,用户提供的历史交易快照
29989082,922000000,CDXL,8.82,0,2017/2/20,20170103CDLG000410056594,B024-TXN-02828,已成交,用户提供的历史交易快照
29989146,923000006,CDXL,6.8,1,2017/2/21,20170103CDLG000410056594,B024-TXN-02829,已成交,用户提供的历史交易快照
30203637,923000006,CDXL,3.2,1,2017/2/22,20170103CDLG000410056595,B024-TXN-02830,已成交,用户提供的历史交易快照
29989157,923000000,CDXL,5.6,1,2017/2/23,20170103CDLG000410056595,B024-TXN-02831,已成交,用户提供的历史交易快照
30002226,912060001,CDXL,33.32,0,2017/2/24,20170103CDLG000410056595,B024-TXN-02832,已成交,用户提供的历史交易快照
29989077,922000008,CDXL,11.59,0,2017/2/25,20170103CDLG000410056596,B024-TXN-02833,已成交,用户提供的历史交易快照
29989091,922000000,CDXL,4.2,1,2017/2/26,20170103CDLG000410056596,B024-TXN-02834,已成交,用户提供的历史交易快照
30026398,912020101,CDXL,12.42,1,2017/2/27,20170103CDLG000410056596,B024-TXN-02835,已成交,用户提供的历史交易快照
30201152,912020104,CDXL,6.32,1,2017/2/28,20170103CDLG000410056596,B024-TXN-02836,已成交,用户提供的历史交易快照
30214804,925090000,CDXL,33.44,1,2017/2/28,20170103CDLG000410056596,B024-TXN-02837,已成交,用户提供的历史交易快照
29989540,924020000,CDXL,11.57,0,2017/2/27,20170103CDLG000410056598,B024-TXN-02838,已成交,用户提供的历史交易快照
30002271,912060400,CDXL,25.35,0,2017/2/1,20170103CDLG000410056598,B024-TXN-02839,已成交,用户提供的历史交易快照
30001010,930020700,CDXL,16.52,1,2017/2/1,20170103CDLG000410056598,B024-TXN-02840,已成交,用户提供的历史交易快照
30132335,930040200,CDXL,43.52,1,2017/2/2,20170103CDLG000410056598,B024-TXN-02841,已成交,用户提供的历史交易快照
30212289,931060404,CDXL,3.9,1,2017/2/3,20170103CDLG000410056598,B024-TXN-02842,已成交,用户提供的历史交易快照
30195948,930020502,CDXL,9.52,1,2017/2/4,20170103CDLG000410056599,B024-TXN-02843,已成交,用户提供的历史交易快照
30157323,910030000,CDXL,2.44,7,2017/2/5,20170103CDLG000410056600,B024-TXN-02844,已成交,用户提供的历史交易快照
30010791,914090003,CDXL,59.52,1,2017/2/6,20170103CDLG000410056602,B024-TXN-02845,已成交,用户提供的历史交易快照
30010791,914090003,CDXL,59.52,1,2017/2/7,20170103CDLG000410056604,B024-TXN-02846,已成交,用户提供的历史交易快照
30000851,930020102,CDXL,6.52,1,2017/2/8,20170103CDLG000410056605,B024-TXN-02847,已成交,用户提供的历史交易快照
30000851,930020102,CDXL,6.52,1,2017/2/9,20170103CDLG000410056605,B024-TXN-02848,已成交,用户提供的历史交易快照
30167702,930040000,CDXL,5.52,1,2017/2/10,20170103CDLG000410056605,B024-TXN-02849,已成交,用户提供的历史交易快照
30199833,930040000,CDXL,9.52,1,2017/2/11,20170103CDLG000410056605,B024-TXN-02850,已成交,用户提供的历史交易快照
29989077,922000008,CDXL,11.59,0,2017/2/12,20170103CDLG000410056606,B024-TXN-02851,已成交,用户提供的历史交易快照
30072117,922000001,CDXL,4.0,0,2017/2/13,20170103CDLG000410056607,B024-TXN-02852,已成交,用户提供的历史交易快照
29989059,922000003,CDXL,3.98,0,2017/2/14,20170103CDLG000410056607,B024-TXN-02853,已成交,用户提供的历史交易快照
29989059,922000003,CDXL,3.98,0,2017/2/15,20170103CDLG000410056607,B024-TXN-02854,已成交,用户提供的历史交易快照
30000889,930020104,CDXL,4.42,1,2017/2/16,20170103CDLG000410056608,B024-TXN-02855,已成交,用户提供的历史交易快照
30214187,912060304,CDXL,39.23,0,2017/2/17,20170103CDLG000410056608,B024-TXN-02856,已成交,用户提供的历史交易快照
30022232,960000000,CDXL,0.3,1,2017/2/18,20170103CDLG000410056608,B024-TXN-02857,已成交,用户提供的历史交易快照
30008385,912060303,CDXL,25.45,0,2017/2/19,20170103CDLG000410056608,B024-TXN-02858,已成交,用户提供的历史交易快照
30073664,912060303,CDXL,27.22,0,2017/2/20,20170103CDLG000410056608,B024-TXN-02859,已成交,用户提供的历史交易快照
30209610,912040202,CDXL,9.52,1,2017/2/21,20170103CDLG000410056608,B024-TXN-02860,已成交,用户提供的历史交易快照
30001769,912020102,CDXL,2.0,1,2017/2/22,20170103CDLG000410056608,B024-TXN-02861,已成交,用户提供的历史交易快照
30009323,912500204,CDXL,2.92,1,2017/2/23,20170103CDLG000410056608,B024-TXN-02862,已成交,用户提供的历史交易快照
30061706,912500301,CDXL,6.62,1,2017/2/24,20170103CDLG000410056608,B024-TXN-02863,已成交,用户提供的历史交易快照
30089480,910020105,CDXL,3.12,1,2017/2/25,20170103CDLG000410056608,B024-TXN-02864,已成交,用户提供的历史交易快照
30001586,910020302,CDXL,5.52,1,2017/2/26,20170103CDLG000410056610,B024-TXN-02865,已成交,用户提供的历史交易快照
30001586,910020302,CDXL,5.52,1,2017/2/27,20170103CDLG000410056610,B024-TXN-02866,已成交,用户提供的历史交易快照
30001585,910020300,CDXL,5.52,1,2017/2/28,20170103CDLG000410056610,B024-TXN-02867,已成交,用户提供的历史交易快照
30001585,910020300,CDXL,5.52,1,2017/2/28,20170103CDLG000410056610,B024-TXN-02868,已成交,用户提供的历史交易快照
30214313,930020502,CDXL,8.52,1,2017/2/27,20170103CDLG000410056611,B024-TXN-02869,已成交,用户提供的历史交易快照
30214313,930020502,CDXL,8.52,1,2017/2/1,20170103CDLG000410056611,B024-TXN-02870,已成交,用户提供的历史交易快照
29989161,923000006,CDXL,15.62,0,2017/2/1,20170103CDLG000410056612,B024-TXN-02871,已成交,用户提供的历史交易快照
30027007,923000006,CDXL,5.6,3,2017/2/2,20170103CDLG000410056612,B024-TXN-02872,已成交,用户提供的历史交易快照
30203637,923000006,CDXL,3.21,0,2017/2/3,20170103CDLG000410056612,B024-TXN-02873,已成交,用户提供的历史交易快照
30006041,915010000,CDXL,7.58,1,2017/2/4,20170103CDLG000410056613,B024-TXN-02874,已成交,用户提供的历史交易快照
30023041,923000006,CDXL,3.2,1,2017/2/5,20170103CDLG000410056614,B024-TXN-02875,已成交,用户提供的历史交易快照
30168345,930010002,CDXL,49.52,1,2017/2/6,20170103CDLG000410056614,B024-TXN-02876,已成交,用户提供的历史交易快照
30005880,914020403,CDXL,8.52,1,2017/2/7,20170103CDLG000410056615,B024-TXN-02877,已成交,用户提供的历史交易快照
30161585,914030000,CDXL,3.82,1,2017/2/8,20170103CDLG000410056615,B024-TXN-02878,已成交,用户提供的历史交易快照
30004137,914040100,CDXL,9.72,1,2017/2/9,20170103CDLG000410056616,B024-TXN-02879,已成交,用户提供的历史交易快照
30038433,923000006,CDXL,15.6,1,2017/2/10,20170103CDLG000410056616,B024-TXN-02880,已成交,用户提供的历史交易快照
30152499,930040200,CDXL,18.12,1,2017/2/11,20170103CDLG000410056617,B024-TXN-02881,已成交,用户提供的历史交易快照
30006041,915010000,CDXL,7.58,0,2017/2/12,20170103CDLG000410056618,B024-TXN-02882,已成交,用户提供的历史交易快照
30082802,915030400,CDXL,5.78,2,2017/2/13,20170103CDLG000410056619,B024-TXN-02883,已成交,用户提供的历史交易快照
30186923,914110101,CDXL,5.52,1,2017/2/14,20170103CDLG000410056620,B024-TXN-02884,已成交,用户提供的历史交易快照
29989083,922000000,CDXL,4.2,0,2017/2/15,20170103CDLG000410056620,B024-TXN-02885,已成交,用户提供的历史交易快照
30008629,912030500,CDXL,4.12,1,2017/2/16,20170103CDLG000410056620,B024-TXN-02886,已成交,用户提供的历史交易快照
30214801,925090000,CDXL,27.44,0,2017/2/17,20170103CDLG000410056620,B024-TXN-02887,已成交,用户提供的历史交易快照
29989081,922000000,CDXL,8.19,0,2017/2/18,20170103CDLG000410056620,B024-TXN-02888,已成交,用户提供的历史交易快照
29989048,922000001,CDXL,1.98,1,2017/2/19,20170103CDLG000410056620,B024-TXN-02889,已成交,用户提供的历史交易快照
29989071,922000002,CDXL,3.4,1,2017/2/20,20170103CDLG000410056620,B024-TXN-02890,已成交,用户提供的历史交易快照
30110225,910020207,CDXL,3.72,1,2017/2/21,20170103CDLG000410056621,B024-TXN-02891,已成交,用户提供的历史交易快照
30084698,930040006,CDXL,3.52,1,2017/2/22,20170103CDLG000410056621,B024-TXN-02892,已成交,用户提供的历史交易快照
30110228,910020207,CDXL,3.72,1,2017/2/23,20170103CDLG000410056621,B024-TXN-02893,已成交,用户提供的历史交易快照
30084693,930040007,CDXL,4.52,1,2017/2/24,20170103CDLG000410056621,B024-TXN-02894,已成交,用户提供的历史交易快照
30009933,912030002,CDXL,4.82,1,2017/2/25,20170103CDLG000410056622,B024-TXN-02895,已成交,用户提供的历史交易快照
30211009,912040002,CDXL,2.0,1,2017/2/26,20170103CDLG000410056622,B024-TXN-02896,已成交,用户提供的历史交易快照
30022232,960000000,CDXL,0.3,1,2017/2/27,20170103CDLG000410056622,B024-TXN-02897,已成交,用户提供的历史交易快照
29989083,922000000,CDXL,4.2,0,2017/2/28,20170103CDLG000410056622,B024-TXN-02898,已成交,用户提供的历史交易快照
30024094,914050001,CDXL,2.72,1,2017/2/28,20170103CDLG000410056622,B024-TXN-02899,已成交,用户提供的历史交易快照
30116890,914070100,CDXL,10.42,1,2017/2/27,20170103CDLG000410056622,B024-TXN-02900,已成交,用户提供的历史交易快照
30214801,925090000,CDXL,27.42,0,2017/2/1,20170103CDLG000410056622,B024-TXN-02901,已成交,用户提供的历史交易快照
30009740,912060303,CDXL,59.62,0,2017/2/1,20170103CDLG000410056622,B024-TXN-02902,已成交,用户提供的历史交易快照
29989048,922000001,CDXL,1.98,1,2017/2/2,20170103CDLG000410056622,B024-TXN-02903,已成交,用户提供的历史交易快照
29989071,922000002,CDXL,3.4,1,2017/2/3,20170103CDLG000410056622,B024-TXN-02904,已成交,用户提供的历史交易快照
29989172,923000002,CDXL,9.6,1,2017/2/4,20170103CDLG000410056622,B024-TXN-02905,已成交,用户提供的历史交易快照
30129933,912060403,CDXL,27.15,0,2017/2/5,20170103CDLG000410056622,B024-TXN-02906,已成交,用户提供的历史交易快照
30022232,960000000,CDXL,0.3,1,2017/2/6,20170103CDLG000410056623,B024-TXN-02907,已成交,用户提供的历史交易快照
30104667,910010101,CDXL,21.52,1,2017/2/7,20170103CDLG000410056623,B024-TXN-02908,已成交,用户提供的历史交易快照
30104667,910010101,CDXL,21.52,1,2017/2/8,20170103CDLG000410056623,B024-TXN-02909,已成交,用户提供的历史交易快照
30104667,910010101,CDXL,21.52,1,2017/2/9,20170103CDLG000410056623,B024-TXN-02910,已成交,用户提供的历史交易快照
30104668,910010101,CDXL,18.52,1,2017/2/10,20170103CDLG000410056623,B024-TXN-02911,已成交,用户提供的历史交易快照
30013857,914050005,CDXL,3.12,1,2017/2/11,20170103CDLG000410056624,B024-TXN-02912,已成交,用户提供的历史交易快照
30013857,914050005,CDXL,3.12,1,2017/2/12,20170103CDLG000410056624,B024-TXN-02913,已成交,用户提供的历史交易快照
30162126,912060303,CDXL,51.27,0,2017/2/13,20170103CDLG000410056624,B024-TXN-02914,已成交,用户提供的历史交易快照
30022233,960000000,CDXL,0.2,1,2017/2/14,20170103CDLG000410056624,B024-TXN-02915,已成交,用户提供的历史交易快照
30005384,914070100,CDXL,8.42,1,2017/2/15,20170103CDLG000410056624,B024-TXN-02916,已成交,用户提供的历史交易快照
30046919,914100002,CDXL,7.82,1,2017/2/16,20170103CDLG000410056625,B024-TXN-02917,已成交,用户提供的历史交易快照
30197630,914100000,CDXL,4.82,1,2017/2/17,20170103CDLG000410056625,B024-TXN-02918,已成交,用户提供的历史交易快照
30209618,914100004,CDXL,4.12,1,2017/2/18,20170103CDLG000410056625,B024-TXN-02919,已成交,用户提供的历史交易快照
30092226,912040005,CDXL,5.32,1,2017/2/19,20170103CDLG000410056625,B024-TXN-02920,已成交,用户提供的历史交易快照
30002388,912030002,CDXL,2.7,1,2017/2/20,20170103CDLG000410056625,B024-TXN-02921,已成交,用户提供的历史交易快照
30028552,912000104,CDXL,2.7,1,2017/2/21,20170103CDLG000410056625,B024-TXN-02922,已成交,用户提供的历史交易快照
30131208,912500100,CDXL,4.12,1,2017/2/22,20170103CDLG000410056626,B024-TXN-02923,已成交,用户提供的历史交易快照
30131211,912500100,CDXL,4.12,1,2017/2/23,20170103CDLG000410056626,B024-TXN-02924,已成交,用户提供的历史交易快照
30027007,923000006,CDXL,5.6,1,2017/2/24,20170103CDLG000410056626,B024-TXN-02925,已成交,用户提供的历史交易快照
30020269,923000101,CDXL,7.59,0,2017/2/25,20170103CDLG000410056626,B024-TXN-02926,已成交,用户提供的历史交易快照
30135343,931060000,CDXL,13.52,1,2017/2/26,20170103CDLG000410056626,B024-TXN-02927,已成交,用户提供的历史交易快照
30008174,911010100,CDXL,23.62,1,2017/2/27,20170103CDLG000410056628,B024-TXN-02928,已成交,用户提供的历史交易快照
30009406,911000001,CDXL,2.0,1,2017/2/28,20170103CDLG000410056628,B024-TXN-02929,已成交,用户提供的历史交易快照
30009406,911000001,CDXL,2.0,1,2017/2/28,20170103CDLG000410056628,B024-TXN-02930,已成交,用户提供的历史交易快照
29989099,922000008,CDXL,1.58,1,2017/2/27,20170103CDLG000410056628,B024-TXN-02931,已成交,用户提供的历史交易快照
30010681,914050001,CDXL,2.12,1,2017/2/1,20170103CDLG000410056628,B024-TXN-02932,已成交,用户提供的历史交易快照
30031738,915030101,CDXL,4.92,2,2017/2/1,20170103CDLG000410056628,B024-TXN-02933,已成交,用户提供的历史交易快照
29989059,922000003,CDXL,3.98,1,2017/2/2,20170103CDLG000410056628,B024-TXN-02934,已成交,用户提供的历史交易快照
30003923,914120101,CDXL,1.12,2,2017/2/3,20170103CDLG000410056628,B024-TXN-02935,已成交,用户提供的历史交易快照
29991389,930020104,CDXL,7.92,1,2017/2/4,20170103CDLG000410056630,B024-TXN-02936,已成交,用户提供的历史交易快照
30214313,930020502,CDXL,8.52,1,2017/2/5,20170103CDLG000410056631,B024-TXN-02937,已成交,用户提供的历史交易快照
30002241,912060007,CDXL,60.43,0,2017/2/6,20170103CDLG000410056631,B024-TXN-02938,已成交,用户提供的历史交易快照
30211713,912030002,CDXL,5.12,1,2017/2/7,20170103CDLG000410056631,B024-TXN-02939,已成交,用户提供的历史交易快照
30126246,910010500,CDXL,13.62,1,2017/2/8,20170103CDLG000410056632,B024-TXN-02940,已成交,用户提供的历史交易快照
30147127,910020300,CDXL,1.65,2,2017/2/9,20170103CDLG000410056632,B024-TXN-02941,已成交,用户提供的历史交易快照
30126249,910010500,CDXL,13.62,1,2017/2/10,20170103CDLG000410056632,B024-TXN-02942,已成交,用户提供的历史交易快照
30204500,931060126,CDXL,5.52,1,2017/2/11,20170103CDLG000410056633,B024-TXN-02943,已成交,用户提供的历史交易快照
30072119,922000001,CDXL,2.0,2,2017/2/12,20170103CDLG000410056634,B024-TXN-02944,已成交,用户提供的历史交易快照
30072121,922000001,CDXL,1.0,2,2017/2/13,20170103CDLG000410056634,B024-TXN-02945,已成交,用户提供的历史交易快照
29989151,923000002,CDXL,7.59,0,2017/2/14,20170103CDLG000410056635,B024-TXN-02946,已成交,用户提供的历史交易快照
30008381,912060301,CDXL,19.42,1,2017/2/15,20170103CDLG000410056635,B024-TXN-02947,已成交,用户提供的历史交易快照
30008604,912020106,CDXL,1.2,1,2017/2/16,20170103CDLG000410056635,B024-TXN-02948,已成交,用户提供的历史交易快照
30008604,912020106,CDXL,1.2,1,2017/2/17,20170103CDLG000410056635,B024-TXN-02949,已成交,用户提供的历史交易快照
30008600,912020106,CDXL,1.2,1,2017/2/18,20170103CDLG000410056635,B024-TXN-02950,已成交,用户提供的历史交易快照
29989059,922000003,CDXL,3.98,1,2017/2/19,20170103CDLG000410056635,B024-TXN-02951,已成交,用户提供的历史交易快照
29989059,922000003,CDXL,3.98,2,2017/2/20,20170103CDLG000410056635,B024-TXN-02952,已成交,用户提供的历史交易快照
29989157,923000000,CDXL,5.6,2,2017/2/21,20170103CDLG000410056635,B024-TXN-02953,已成交,用户提供的历史交易快照
30008598,912020106,CDXL,1.2,1,2017/2/22,20170103CDLG000410056635,B024-TXN-02954,已成交,用户提供的历史交易快照
30005991,914030100,CDXL,2.0,1,2017/2/23,20170103CDLG000410056636,B024-TXN-02955,已成交,用户提供的历史交易快照
30197932,914120302,CDXL,5.82,1,2017/2/24,20170103CDLG000410056636,B024-TXN-02956,已成交,用户提供的历史交易快照
30009769,912020300,CDXL,5.42,1,2017/2/25,20170103CDLG000410056636,B024-TXN-02957,已成交,用户提供的历史交易快照
30118372,915030001,CDXL,52.62,1,2017/2/26,20170103CDLG000410056636,B024-TXN-02958,已成交,用户提供的历史交易快照
30004155,914030005,CDXL,6.62,1,2017/2/27,20170103CDLG000410056637,B024-TXN-02959,已成交,用户提供的历史交易快照
30004155,914030005,CDXL,6.62,1,2017/2/28,20170103CDLG000410056637,B024-TXN-02960,已成交,用户提供的历史交易快照
30006232,914100000,CDXL,5.52,1,2017/2/28,20170103CDLG000410056637,B024-TXN-02961,已成交,用户提供的历史交易快照
30009417,911000001,CDXL,3.12,1,2017/2/27,20170103CDLG000410056638,B024-TXN-02962,已成交,用户提供的历史交易快照
30010033,911000000,CDXL,4.12,1,2017/2/1,20170103CDLG000410056638,B024-TXN-02963,已成交,用户提供的历史交易快照
30085815,931010103,CDXL,6.52,1,2017/2/1,20170103CDLG000410056639,B024-TXN-02964,已成交,用户提供的历史交易快照
30085820,931020102,CDXL,9.52,1,2017/2/2,20170103CDLG000410056639,B024-TXN-02965,已成交,用户提供的历史交易快照
30139244,930020502,CDXL,14.52,1,2017/2/3,20170103CDLG000410056639,B024-TXN-02966,已成交,用户提供的历史交易快照
30139244,930020502,CDXL,14.52,1,2017/2/4,20170103CDLG000410056639,B024-TXN-02967,已成交,用户提供的历史交易快照
30027007,923000006,CDXL,5.6,1,2017/2/5,20170103CDLG000410056640,B024-TXN-02968,已成交,用户提供的历史交易快照
30156273,914100004,CDXL,21.62,1,2017/2/6,20170103CDLG000410056641,B024-TXN-02969,已成交,用户提供的历史交易快照
29992424,930040101,CDXL,1.9,3,2017/2/7,20170103CDLG000410056641,B024-TXN-02970,已成交,用户提供的历史交易快照
30022233,960000000,CDXL,0.2,1,2017/2/8,20170103CDLG000410056641,B024-TXN-02971,已成交,用户提供的历史交易快照
30166136,930040000,CDXL,12.52,1,2017/2/9,20170103CDLG000410056641,B024-TXN-02972,已成交,用户提供的历史交易快照
30010587,914070201,CDXL,4.12,1,2017/2/10,20170103CDLG000410056641,B024-TXN-02973,已成交,用户提供的历史交易快照
30010587,914070201,CDXL,4.12,1,2017/2/11,20170103CDLG000410056641,B024-TXN-02974,已成交,用户提供的历史交易快照
30166139,930040000,CDXL,12.52,1,2017/2/12,20170103CDLG000410056641,B024-TXN-02975,已成交,用户提供的历史交易快照
30181164,932010300,CDXL,1.9,1,2017/2/13,20170103CDLG000410056641,B024-TXN-02976,已成交,用户提供的历史交易快照
30079003,930040003,CDXL,12.22,1,2017/2/14,20170103CDLG000410056641,B024-TXN-02977,已成交,用户提供的历史交易快照
30079003,930040003,CDXL,12.22,1,2017/2/15,20170103CDLG000410056641,B024-TXN-02978,已成交,用户提供的历史交易快照
30176901,930040000,CDXL,9.52,1,2017/2/16,20170103CDLG000410056641,B024-TXN-02979,已成交,用户提供的历史交易快照
29989059,922000003,CDXL,3.98,2,2017/2/17,20170103CDLG000410056641,B024-TXN-02980,已成交,用户提供的历史交易快照
29989071,922000002,CDXL,3.4,2,2017/2/18,20170103CDLG000410056641,B024-TXN-02981,已成交,用户提供的历史交易快照
30006252,914100003,CDXL,12.12,1,2017/2/19,20170103CDLG000410056641,B024-TXN-02982,已成交,用户提供的历史交易快照
30023197,922000003,CDXL,6.8,1,2017/2/20,20170103CDLG000410056641,B024-TXN-02983,已成交,用户提供的历史交易快照
30171531,912030007,CDXL,7.52,1,2017/2/21,20170103CDLG000410056642,B024-TXN-02984,已成交,用户提供的历史交易快照
30171531,912030007,CDXL,7.52,1,2017/2/22,20170103CDLG000410056642,B024-TXN-02985,已成交,用户提供的历史交易快照
30022232,960000000,CDXL,0.3,1,2017/2/23,20170103CDLG000410056643,B024-TXN-02986,已成交,用户提供的历史交易快照
30063953,914020402,CDXL,8.62,1,2017/2/24,20170103CDLG000410056643,B024-TXN-02987,已成交,用户提供的历史交易快照
30013920,914040004,CDXL,6.62,1,2017/2/25,20170103CDLG000410056643,B024-TXN-02988,已成交,用户提供的历史交易快照
29989085,922000002,CDXL,1.18,1,2017/2/26,20170103CDLG000410056643,B024-TXN-02989,已成交,用户提供的历史交易快照
30005737,914040204,CDXL,3.02,1,2017/2/27,20170103CDLG000410056643,B024-TXN-02990,已成交,用户提供的历史交易快照
30169638,914040004,CDXL,5.22,1,2017/2/28,20170103CDLG000410056643,B024-TXN-02991,已成交,用户提供的历史交易快照
30019928,911010100,CDXL,29.62,1,2017/2/28,20170103CDLG000410056643,B024-TXN-02992,已成交,用户提供的历史交易快照
30027007,923000006,CDXL,5.59,0,2017/2/27,20170103CDLG000410056644,B024-TXN-02993,已成交,用户提供的历史交易快照
30186484,914030001,CDXL,9.52,1,2017/2/1,20170103CDLG000410056644,B024-TXN-02994,已成交,用户提供的历史交易快照
30136855,912060303,CDXL,17.42,1,2017/2/1,20170103CDLG000410056644,B024-TXN-02995,已成交,用户提供的历史交易快照
30050565,911000000,CDXL,6.52,1,2017/2/1,20170103CDLG000410056644,B024-TXN-02996,已成交,用户提供的历史交易快照
30069905,915020001,CDXL,7.58,1,2017/2/2,20170103CDLG000410056645,B024-TXN-02997,已成交,用户提供的历史交易快照
30127605,912030602,CDXL,13.62,1,2017/2/3,20170103CDLG000410056646,B024-TXN-02998,已成交,用户提供的历史交易快照
29989059,922000003,CDXL,3.98,1,2017/2/4,20170103CDLG000410056646,B024-TXN-02999,已成交,用户提供的历史交易快照
30141351,930010005,CDXL,4.52,1,2017/2/5,20170103CDLG000410056647,B024-TXN-03000,已成交,用户提供的历史交易快照
30141351,930010005,CDXL,4.52,1,2017/2/6,20170103CDLG000410056647,B024-TXN-03001,已成交,用户提供的历史交易快照
30082802,915030400,CDXL,4.62,1,2017/2/7,20170103CDLG000410056647,B024-TXN-03002,已成交,用户提供的历史交易快照
30006246,914100001,CDXL,5.52,1,2017/2/8,20170103CDLG000410056647,B024-TXN-03003,已成交,用户提供的历史交易快照
30092224,912060303,CDXL,31.16,0,2017/2/9,20170103CDLG000410056647,B024-TXN-03004,已成交,用户提供的历史交易快照
30020338,924000005,CDXL,19.62,0,2017/2/10,20170103CDLG000410056648,B024-TXN-03005,已成交,用户提供的历史交易快照
29989076,922000006,CDXL,3.58,0,2017/2/11,20170103CDLG000410056648,B024-TXN-03006,已成交,用户提供的历史交易快照
30031738,915030101,CDXL,4.92,1,2017/2/12,20170103CDLG000410056648,B024-TXN-03007,已成交,用户提供的历史交易快照
30173848,920090000,CDXL,1.3,2,2017/2/13,20170103CDLG000410056648,B024-TXN-03008,已成交,用户提供的历史交易快照
29989060,922000000,CDXL,9.62,0,2017/2/14,20170103CDLG000410056648,B024-TXN-03009,已成交,用户提供的历史交易快照
29989095,922000006,CDXL,7.59,0,2017/2/15,20170103CDLG000410056648,B024-TXN-03010,已成交,用户提供的历史交易快照
30010021,912080000,CDXL,2.5,1,2017/2/16,20170103CDLG000410056649,B024-TXN-03011,已成交,用户提供的历史交易快照
30118993,914100004,CDXL,4.82,1,2017/2/17,20170103CDLG000410056649,B024-TXN-03012,已成交,用户提供的历史交易快照
30118993,914100004,CDXL,4.82,1,2017/2/18,20170103CDLG000410056649,B024-TXN-03013,已成交,用户提供的历史交易快照
30009740,912060303,CDXL,59.62,0,2017/2/19,20170103CDLG000410056649,B024-TXN-03014,已成交,用户提供的历史交易快照
30036903,911000000,CDXL,5.52,1,2017/2/20,20170103CDLG000410056649,B024-TXN-03015,已成交,用户提供的历史交易快照
30178869,912060303,CDXL,51.49,0,2017/2/21,20170103CDLG000410056649,B024-TXN-03016,已成交,用户提供的历史交易快照
30010021,912080000,CDXL,2.5,1,2017/2/22,20170103CDLG000410056649,B024-TXN-03017,已成交,用户提供的历史交易快照
30010021,912080000,CDXL,2.5,1,2017/2/23,20170103CDLG000410056649,B024-TXN-03018,已成交,用户提供的历史交易快照
30010021,912080000,CDXL,2.5,1,2017/2/24,20170103CDLG000410056649,B024-TXN-03019,已成交,用户提供的历史交易快照
30059981,911000100,CDXL,10.62,1,2017/2/25,20170103CDLG000410056649,B024-TXN-03020,已成交,用户提供的历史交易快照
30059981,911000100,CDXL,10.62,1,2017/2/26,20170103CDLG000410056649,B024-TXN-03021,已成交,用户提供的历史交易快照
30100004,912060008,CDXL,59.62,0,2017/2/27,20170103CDLG000410056649,B024-TXN-03022,已成交,用户提供的历史交易快照
30129933,912060403,CDXL,27.25,0,2017/2/28,20170103CDLG000410056649,B024-TXN-03023,已成交,用户提供的历史交易快照
30022232,960000000,CDXL,0.3,1,2017/2/28,20170103CDLG000410056650,B024-TXN-03024,已成交,用户提供的历史交易快照
30090474,910020207,CDXL,11.62,2,2017/2/27,20170103CDLG000410056651,B024-TXN-03025,已成交,用户提供的历史交易快照
30092224,912060303,CDXL,31.24,0,2017/2/1,20170103CDLG000410056651,B024-TXN-03026,已成交,用户提供的历史交易快照
30200518,922000000,CDXL,19.62,0,2017/2/1,20170103CDLG000410056652,B024-TXN-03027,已成交,用户提供的历史交易快照
30023227,923000002,CDXL,1.12,1,2017/2/2,20170103CDLG000410056652,B024-TXN-03028,已成交,用户提供的历史交易快照
29989077,922000008,CDXL,11.61,1,2017/2/3,20170103CDLG000410056653,B024-TXN-03029,已成交,用户提供的历史交易快照
30137162,912060303,CDXL,31.22,0,2017/2/4,20170103CDLG000410056653,B024-TXN-03030,已成交,用户提供的历史交易快照
29989140,923000006,CDXL,7.6,1,2017/2/5,20170103CDLG000410056654,B024-TXN-03031,已成交,用户提供的历史交易快照
30020049,923000002,CDXL,6.8,1,2017/2/6,20170103CDLG000410056655,B024-TXN-03032,已成交,用户提供的历史交易快照
30077541,930040100,CDXL,4.52,1,2017/2/7,20170103CDLG000410056655,B024-TXN-03033,已成交,用户提供的历史交易快照
30179532,915000106,CDXL,13.58,1,2017/2/8,20170103CDLG000410056656,B024-TXN-03034,已成交,用户提供的历史交易快照
29989172,923000002,CDXL,9.6,1,2017/2/9,20170103CDLG000410056656,B024-TXN-03035,已成交,用户提供的历史交易快照
30023197,922000003,CDXL,6.8,1,2017/2/10,20170103CDLG000410056656,B024-TXN-03036,已成交,用户提供的历史交易快照
30008609,912020106,CDXL,2.82,1,2017/2/11,20170103CDLG000410056657,B024-TXN-03037,已成交,用户提供的历史交易快照
30100737,912040003,CDXL,5.22,1,2017/2/12,20170103CDLG000410056657,B024-TXN-03038,已成交,用户提供的历史交易快照
30189774,910020000,CDXL,5.12,1,2017/2/13,20170103CDLG000410056657,B024-TXN-03039,已成交,用户提供的历史交易快照
30008594,912020106,CDXL,2.82,1,2017/2/14,20170103CDLG000410056657,B024-TXN-03040,已成交,用户提供的历史交易快照
30020269,923000101,CDXL,7.6,1,2017/2/15,20170103CDLG000410056657,B024-TXN-03041,已成交,用户提供的历史交易快照
30022232,960000000,CDXL,0.3,1,2017/2/16,20170103CDLG000410056657,B024-TXN-03042,已成交,用户提供的历史交易快照
30039743,912040008,CDXL,5.22,1,2017/2/17,20170103CDLG000410056657,B024-TXN-03043,已成交,用户提供的历史交易快照
30214358,931080104,CDXL,9.52,1,2017/2/18,20170103CDLG000410056657,B024-TXN-03044,已成交,用户提供的历史交易快照
30001796,912020102,CDXL,2.0,1,2017/2/19,20170103CDLG000410056657,B024-TXN-03045,已成交,用户提供的历史交易快照
30008389,912060302,CDXL,25.23,0,2017/2/20,20170103CDLG000410056657,B024-TXN-03046,已成交,用户提供的历史交易快照
30104591,912060200,CDXL,68.17,0,2017/2/21,20170103CDLG000410056657,B024-TXN-03047,已成交,用户提供的历史交易快照
30034754,931080003,CDXL,12.42,1,2017/2/22,20170103CDLG000410056658,B024-TXN-03048,已成交,用户提供的历史交易快照
29989172,923000002,CDXL,9.6,1,2017/2/23,20170103CDLG000410056659,B024-TXN-03049,已成交,用户提供的历史交易快照
30020055,923000002,CDXL,9.6,2,2017/2/24,20170103CDLG000410056661,B024-TXN-03050,已成交,用户提供的历史交易快照
30212188,914120305,CDXL,5.42,1,2017/2/25,20170103CDLG000410056661,B024-TXN-03051,已成交,用户提供的历史交易快照
30169638,914040004,CDXL,5.22,1,2017/2/26,20170103CDLG000410056661,B024-TXN-03052,已成交,用户提供的历史交易快照
30008276,911010501,CDXL,15.41,1,2017/2/27,20170103CDLG000410056661,B024-TXN-03053,已成交,用户提供的历史交易快照
30212189,914120305,CDXL,5.42,1,2017/2/28,20170103CDLG000410056661,B024-TXN-03054,已成交,用户提供的历史交易快照
30008149,911010500,CDXL,19.62,1,2017/2/28,20170103CDLG000410056661,B024-TXN-03055,已成交,用户提供的历史交易快照
29989157,923000000,CDXL,5.6,1,2017/2/27,20170103CDLG000410056661,B024-TXN-03056,已成交,用户提供的历史交易快照
30202891,914040302,CDXL,6.72,1,2017/2/1,20170103CDLG000410056661,B024-TXN-03057,已成交,用户提供的历史交易快照
30112129,914100004,CDXL,12.62,1,2017/2/1,20170103CDLG000410056662,B024-TXN-03058,已成交,用户提供的历史交易快照
30023177,922000103,CDXL,6.2,1,2017/2/2,20170103CDLG000410056662,B024-TXN-03059,已成交,用户提供的历史交易快照
30165986,914000002,CDXL,9.52,1,2017/2/3,20170103CDLG000410056662,B024-TXN-03060,已成交,用户提供的历史交易快照
29989161,923000006,CDXL,15.6,0,2017/2/4,20170103CDLG000410056662,B024-TXN-03061,已成交,用户提供的历史交易快照
30156634,922000103,CDXL,37.61,0,2017/2/5,20170103CDLG000410056662,B024-TXN-03062,已成交,用户提供的历史交易快照
30096418,912060403,CDXL,19.41,0,2017/2/6,20170103CDLG000410056663,B024-TXN-03063,已成交,用户提供的历史交易快照
30003961,914000001,CDXL,7.32,1,2017/2/7,20170103CDLG000410056664,B024-TXN-03064,已成交,用户提供的历史交易快照
29989105,922000000,CDXL,2.8,1,2017/2/8,20170103CDLG000410056664,B024-TXN-03065,已成交,用户提供的历史交易快照
30020052,923000002,CDXL,6.2,1,2017/2/9,20170103CDLG000410056664,B024-TXN-03066,已成交,用户提供的历史交易快照
30044266,912000103,CDXL,12.62,0,2017/2/10,20170103CDLG000410056664,B024-TXN-03067,已成交,用户提供的历史交易快照
30010045,911000000,CDXL,5.52,1,2017/2/11,20170103CDLG000410056664,B024-TXN-03068,已成交,用户提供的历史交易快照
29989143,923000001,CDXL,5.0,1,2017/2/12,20170103CDLG000410056664,B024-TXN-03069,已成交,用户提供的历史交易快照
30008389,912060302,CDXL,25.27,0,2017/2/13,20170103CDLG000410056664,B024-TXN-03070,已成交,用户提供的历史交易快照
30163281,914010000,CDXL,2.0,1,2017/2/14,20170103CDLG000410056665,B024-TXN-03071,已成交,用户提供的历史交易快照
30163281,914010000,CDXL,2.0,1,2017/2/15,20170103CDLG000410056665,B024-TXN-03072,已成交,用户提供的历史交易快照
30009239,910030203,CDXL,10.42,1,2017/2/16,20170103CDLG000410056665,B024-TXN-03073,已成交,用户提供的历史交易快照
30006263,914100001,CDXL,5.52,1,2017/2/17,20170103CDLG000410056665,B024-TXN-03074,已成交,用户提供的历史交易快照
30006263,914100001,CDXL,5.52,1,2017/2/18,20170103CDLG000410056665,B024-TXN-03075,已成交,用户提供的历史交易快照
30022688,931000503,CDXL,2.52,1,2017/2/19,20170103CDLG000410056665,B024-TXN-03076,已成交,用户提供的历史交易快照
30022688,931000503,CDXL,2.52,1,2017/2/20,20170103CDLG000410056665,B024-TXN-03077,已成交,用户提供的历史交易快照
30156015,930040005,CDXL,8.52,1,2017/2/21,20170103CDLG000410056665,B024-TXN-03078,已成交,用户提供的历史交易快照
30167489,931010003,CDXL,5.32,1,2017/2/22,20170103CDLG000410056666,B024-TXN-03079,已成交,用户提供的历史交易快照
29989061,922000000,CDXL,5.62,0,2017/2/23,20170103CDLG000410056667,B024-TXN-03080,已成交,用户提供的历史交易快照
30020095,923000010,CDXL,7.59,1,2017/2/24,20170103CDLG000410056667,B024-TXN-03081,已成交,用户提供的历史交易快照
29989065,922000000,CDXL,21.64,0,2017/2/25,20170103CDLG000410056667,B024-TXN-03082,已成交,用户提供的历史交易快照
29989065,922000000,CDXL,21.66,0,2017/2/26,20170103CDLG000410056667,B024-TXN-03083,已成交,用户提供的历史交易快照
29989072,922000002,CDXL,0.78,1,2017/2/27,20170103CDLG000410056668,B024-TXN-03084,已成交,用户提供的历史交易快照
29989065,922000000,CDXL,21.66,0,2017/2/28,20170103CDLG000410056668,B024-TXN-03085,已成交,用户提供的历史交易快照
30027007,923000006,CDXL,5.6,1,2017/2/28,20170103CDLG000410056668,B024-TXN-03086,已成交,用户提供的历史交易快照
30027007,923000006,CDXL,5.6,1,2017/2/27,20170103CDLG000410056669,B024-TXN-03087,已成交,用户提供的历史交易快照
30072111,923000006,CDXL,2.0,1,2017/2/1,20170103CDLG000410056669,B024-TXN-03088,已成交,用户提供的历史交易快照
30006039,915010001,CDXL,11.58,0,2017/2/1,20170103CDLG000410056670,B024-TXN-03089,已成交,用户提供的历史交易快照
30006222,914100004,CDXL,5.12,1,2017/2/2,20170103CDLG000410056670,B024-TXN-03090,已成交,用户提供的历史交易快照
30023195,922000001,CDXL,1.98,0,2017/2/3,20170103CDLG000410056670,B024-TXN-03091,已成交,用户提供的历史交易快照
30055256,915030100,CDXL,5.34,1,2017/2/4,20170103CDLG000410056670,B024-TXN-03092,已成交,用户提供的历史交易快照
29989120,922000003,CDXL,3.59,0,2017/2/5,20170103CDLG000410056670,B024-TXN-03093,已成交,用户提供的历史交易快照
30006263,914100001,CDXL,5.52,1,2017/2/6,20170103CDLG000410056670,B024-TXN-03094,已成交,用户提供的历史交易快照
30005899,914050102,CDXL,2.0,1,2017/2/7,20170103CDLG000410056670,B024-TXN-03095,已成交,用户提供的历史交易快照
30005899,914050102,CDXL,2.0,1,2017/2/8,20170103CDLG000410056670,B024-TXN-03096,已成交,用户提供的历史交易快照
30001302,931020102,CDXL,7.52,1,2017/2/9,20170103CDLG000410056671,B024-TXN-03097,已成交,用户提供的历史交易快照
30023195,922000001,CDXL,1.98,1,2017/2/10,20170103CDLG000410056671,B024-TXN-03098,已成交,用户提供的历史交易快照
30006260,914100003,CDXL,2.62,1,2017/2/11,20170103CDLG000410056671,B024-TXN-03099,已成交,用户提供的历史交易快照
30006260,914100003,CDXL,2.62,1,2017/2/12,20170103CDLG000410056671,B024-TXN-03100,已成交,用户提供的历史交易快照
30010045,911000000,CDXL,5.52,1,2017/2/13,20170103CDLG000410056671,B024-TXN-03101,已成交,用户提供的历史交易快照
30201941,931000200,CDXL,3.92,2,2017/2/14,20170103CDLG000410056671,B024-TXN-03102,已成交,用户提供的历史交易快照
30027163,915020000,CDXL,7.42,1,2017/2/15,20170103CDLG000410056672,B024-TXN-03103,已成交,用户提供的历史交易快照
30006041,915010000,CDXL,7.58,1,2017/2/16,20170103CDLG000410056672,B024-TXN-03104,已成交,用户提供的历史交易快照
30006263,914100001,CDXL,5.52,1,2017/2/17,20170103CDLG000410056672,B024-TXN-03105,已成交,用户提供的历史交易快照
30006246,914100001,CDXL,5.52,1,2017/2/18,20170103CDLG000410056672,B024-TXN-03106,已成交,用户提供的历史交易快照
30054791,912060003,CDXL,31.2,1,2017/2/19,20170103CDLG000410056672,B024-TXN-03107,已成交,用户提供的历史交易快照
30008988,911000100,CDXL,12.42,1,2017/2/20,20170103CDLG000410056673,B024-TXN-03108,已成交,用户提供的历史交易快照
30020049,923000002,CDXL,6.8,1,2017/2/21,20170103CDLG000410056674,B024-TXN-03109,已成交,用户提供的历史交易快照
30201941,931000200,CDXL,4.9,-5,2017/2/22,20170103CDLG000410056675,B024-TXN-03110,已成交,用户提供的历史交易快照
29989153,923000006,CDXL,7.6,1,2017/2/23,20170103CDLG000410056676,B024-TXN-03111,已成交,用户提供的历史交易快照
30195947,910030007,CDXL,4.62,1,2017/2/24,20170103CDLG000410056677,B024-TXN-03112,已成交,用户提供的历史交易快照
30001833,912020103,CDXL,1.7,1,2017/2/25,20170103CDLG000410056677,B024-TXN-03113,已成交,用户提供的历史交易快照
30008992,911000100,CDXL,2.62,1,2017/2/26,20170103CDLG000410056678,B024-TXN-03114,已成交,用户提供的历史交易快照
30020095,923000010,CDXL,7.61,0,2017/2/27,20170103CDLG000410056678,B024-TXN-03115,已成交,用户提供的历史交易快照
30145918,921000000,CDXL,12.52,1,2017/2/28,20170103CDLG000410056678,B024-TXN-03116,已成交,用户提供的历史交易快照
30171442,930020500,CDXL,19.52,1,2017/2/28,20170103CDLG000410056678,B024-TXN-03117,已成交,用户提供的历史交易快照
30022232,960000000,CDXL,0.3,1,2017/2/27,20170103CDLG000410056678,B024-TXN-03118,已成交,用户提供的历史交易快照
29989133,923000006,CDXL,11.6,0,2017/2/1,20170103CDLG000410056678,B024-TXN-03119,已成交,用户提供的历史交易快照
29989140,923000006,CDXL,7.6,1,2017/2/1,20170103CDLG000410056678,B024-TXN-03120,已成交,用户提供的历史交易快照
30059981,911000100,CDXL,10.62,1,2017/2/1,20170103CDLG000410056678,B024-TXN-03121,已成交,用户提供的历史交易快照
29989085,922000002,CDXL,1.18,1,2017/2/2,20170103CDLG000410056679,B024-TXN-03122,已成交,用户提供的历史交易快照
29989105,922000000,CDXL,2.8,2,2017/2/3,20170103CDLG000410056679,B024-TXN-03123,已成交,用户提供的历史交易快照
29989120,922000003,CDXL,3.6,0,2017/2/4,20170103CDLG000410056679,B024-TXN-03124,已成交,用户提供的历史交易快照
30020052,923000002,CDXL,6.2,1,2017/2/5,20170103CDLG000410056679,B024-TXN-03125,已成交,用户提供的历史交易快照
29989065,922000000,CDXL,21.57,0,2017/2/6,20170103CDLG000410056679,B024-TXN-03126,已成交,用户提供的历史交易快照
30022232,960000000,CDXL,0.3,1,2017/2/7,20170103CDLG000410056679,B024-TXN-03127,已成交,用户提供的历史交易快照
29989071,922000002,CDXL,3.4,1,2017/2/8,20170103CDLG000410056679,B024-TXN-03128,已成交,用户提供的历史交易快照
29989172,923000002,CDXL,9.6,2,2017/2/9,20170103CDLG000410056679,B024-TXN-03129,已成交,用户提供的历史交易快照
30071915,930000201,CDXL,10.52,1,2017/2/10,20170103CDLG000410056681,B024-TXN-03130,已成交,用户提供的历史交易快照
30071915,930000201,CDXL,10.52,1,2017/2/11,20170103CDLG000410056681,B024-TXN-03131,已成交,用户提供的历史交易快照
30142641,930020502,CDXL,9.52,1,2017/2/12,20170103CDLG000410056681,B024-TXN-03132,已成交,用户提供的历史交易快照
30113909,930020001,CDXL,9.52,1,2017/2/13,20170103CDLG000410056681,B024-TXN-03133,已成交,用户提供的历史交易快照
30031738,915030101,CDXL,4.05,3,2017/2/14,20170103CDLG000410056682,B024-TXN-03134,已成交,用户提供的历史交易快照
30013631,931070003,CDXL,13.12,1,2017/2/15,20170103CDLG000410056682,B024-TXN-03135,已成交,用户提供的历史交易快照
30002260,912060008,CDXL,25.37,0,2017/2/16,20170103CDLG000410056683,B024-TXN-03136,已成交,用户提供的历史交易快照
30031938,912060403,CDXL,16.8,0,2017/2/17,20170103CDLG000410056683,B024-TXN-03137,已成交,用户提供的历史交易快照
30078251,912060008,CDXL,15.59,0,2017/2/18,20170103CDLG000410056683,B024-TXN-03138,已成交,用户提供的历史交易快照
30002263,912060008,CDXL,26.82,0,2017/2/19,20170103CDLG000410056683,B024-TXN-03139,已成交,用户提供的历史交易快照
30001568,910020208,CDXL,12.12,1,2017/2/20,20170103CDLG000410056684,B024-TXN-03140,已成交,用户提供的历史交易快照
30020052,923000002,CDXL,6.2,3,2017/2/21,20170103CDLG000410056685,B024-TXN-03141,已成交,用户提供的历史交易快照
30022232,960000000,CDXL,0.3,1,2017/2/22,20170103CDLG000410056685,B024-TXN-03142,已成交,用户提供的历史交易快照
30020052,923000002,CDXL,6.2,3,2017/2/23,20170103CDLG000410056685,B024-TXN-03143,已成交,用户提供的历史交易快照
30020052,923000002,CDXL,6.2,3,2017/2/24,20170103CDLG000410056685,B024-TXN-03144,已成交,用户提供的历史交易快照
30006039,915010001,CDXL,11.58,1,2017/2/25,20170103CDLG000410056686,B024-TXN-03145,已成交,用户提供的历史交易快照
29989085,922000002,CDXL,1.18,1,2017/2/26,20170103CDLG000410056686,B024-TXN-03146,已成交,用户提供的历史交易快照
30013839,914110004,CDXL,2.62,1,2017/2/27,20170103CDLG000410056686,B024-TXN-03147,已成交,用户提供的历史交易快照
30013840,914110004,CDXL,2.62,1,2017/2/28,20170103CDLG000410056686,B024-TXN-03148,已成交,用户提供的历史交易快照
30026123,912060001,CDXL,33.46,0,2017/2/28,20170103CDLG000410056686,B024-TXN-03149,已成交,用户提供的历史交易快照
30048072,914110003,CDXL,4.52,1,2017/2/27,20170103CDLG000410056686,B024-TXN-03150,已成交,用户提供的历史交易快照
30073491,912500102,CDXL,21.4,0,2017/2/1,20170103CDLG000410056686,B024-TXN-03151,已成交,用户提供的历史交易快照
30129933,912060403,CDXL,27.32,0,2017/2/1,20170103CDLG000410056686,B024-TXN-03152,已成交,用户提供的历史交易快照
30073663,912060303,CDXL,43.61,0,2017/2/2,20170103CDLG000410056687,B024-TXN-03153,已成交,用户提供的历史交易快照
30080875,930040206,CDXL,22.52,1,2017/2/3,20170103CDLG000410056687,B024-TXN-03154,已成交,用户提供的历史交易快照
30115853,912030500,CDXL,5.42,1,2017/2/4,20170103CDLG000410056687,B024-TXN-03155,已成交,用户提供的历史交易快照
30144186,912060303,CDXL,39.25,0,2017/2/5,20170103CDLG000410056687,B024-TXN-03156,已成交,用户提供的历史交易快照
30150524,930020001,CDXL,20.52,1,2017/2/6,20170103CDLG000410056687,B024-TXN-03157,已成交,用户提供的历史交易快照
30020055,923000002,CDXL,9.6,2,2017/2/7,20170103CDLG000410056687,B024-TXN-03158,已成交,用户提供的历史交易快照
30131206,912500100,CDXL,4.12,1,2017/2/8,20170103CDLG000410056687,B024-TXN-03159,已成交,用户提供的历史交易快照
30090265,912040107,CDXL,23.12,1,2017/2/9,20170103CDLG000410056687,B024-TXN-03160,已成交,用户提供的历史交易快照
30022232,960000000,CDXL,0.3,1,2017/2/10,20170103CDLG000410056687,B024-TXN-03161,已成交,用户提供的历史交易快照
30167785,930040003,CDXL,7.52,1,2017/2/11,20170103CDLG000410056687,B024-TXN-03162,已成交,用户提供的历史交易快照
30171442,930020500,CDXL,19.52,1,2017/2/12,20170103CDLG000410056687,B024-TXN-03163,已成交,用户提供的历史交易快照
30002228,912060002,CDXL,39.23,0,2017/2/13,20170103CDLG000410056687,B024-TXN-03164,已成交,用户提供的历史交易快照
29994701,931020303,CDXL,2.72,1,2017/2/14,20170103CDLG000410056688,B024-TXN-03165,已成交,用户提供的历史交易快照
30017009,910030000,CDXL,4.2,7,2017/2/15,20170103CDLG000410056689,B024-TXN-03166,已成交,用户提供的历史交易快照
29989089,922000000,CDXL,11.58,0,2017/2/16,20170103CDLG000410056690,B024-TXN-03167,已成交,用户提供的历史交易快照
30200518,922000000,CDXL,19.62,0,2017/2/17,20170103CDLG000410056691,B024-TXN-03168,已成交,用户提供的历史交易快照
30163281,914010000,CDXL,2.0,1,2017/2/18,20170103CDLG000410056691,B024-TXN-03169,已成交,用户提供的历史交易快照
29989153,923000006,CDXL,7.58,0,2017/2/19,20170103CDLG000410056691,B024-TXN-03170,已成交,用户提供的历史交易快照
29989140,923000006,CDXL,7.59,1,2017/2/20,20170103CDLG000410056691,B024-TXN-03171,已成交,用户提供的历史交易快照
30027007,923000006,CDXL,5.6,1,2017/2/21,20170103CDLG000410056692,B024-TXN-03172,已成交,用户提供的历史交易快照
29989153,923000006,CDXL,7.6,1,2017/2/22,20170103CDLG000410056692,B024-TXN-03173,已成交,用户提供的历史交易快照
30146019,913040000,CDXL,11.72,1,2017/2/23,20170103CDLG000410056693,B024-TXN-03174,已成交,用户提供的历史交易快照
30152104,931060402,CDXL,10.52,1,2017/2/24,20170103CDLG000410056693,B024-TXN-03175,已成交,用户提供的历史交易快照
30022232,960000000,CDXL,0.3,1,2017/2/25,20170103CDLG000410056693,B024-TXN-03176,已成交,用户提供的历史交易快照
30167785,930040003,CDXL,7.52,1,2017/2/26,20170103CDLG000410056693,B024-TXN-03177,已成交,用户提供的历史交易快照
30200397,914040300,CDXL,4.52,1,2017/2/27,20170103CDLG000410056695,B024-TXN-03178,已成交,用户提供的历史交易快照
30200397,914040300,CDXL,4.52,1,2017/2/28,20170103CDLG000410056695,B024-TXN-03179,已成交,用户提供的历史交易快照
30020269,923000101,CDXL,7.6,1,2017/2/28,20170103CDLG000410056696,B024-TXN-03180,已成交,用户提供的历史交易快照
30022232,960000000,CDXL,0.3,1,2017/2/27,20170103CDLG000410056696,B024-TXN-03181,已成交,用户提供的历史交易快照
29989157,923000000,CDXL,5.6,1,2017/2/1,20170103CDLG000410056696,B024-TXN-03182,已成交,用户提供的历史交易快照
30002535,912040106,CDXL,7.72,1,2017/2/1,20170103CDLG000410056696,B024-TXN-03183,已成交,用户提供的历史交易快照
30125505,914100001,CDXL,5.62,1,2017/2/2,20170103CDLG000410056697,B024-TXN-03184,已成交,用户提供的历史交易快照
30125505,914100001,CDXL,5.62,1,2017/2/3,20170103CDLG000410056697,B024-TXN-03185,已成交,用户提供的历史交易快照
30125505,914100001,CDXL,5.62,1,2017/2/4,20170103CDLG000410056697,B024-TXN-03186,已成交,用户提供的历史交易快照
30125505,914100001,CDXL,5.62,1,2017/2/5,20170103CDLG000410056697,B024-TXN-03187,已成交,用户提供的历史交易快照
30006041,915010000,CDXL,7.58,1,2017/2/6,20170103CDLG000410056698,B024-TXN-03188,已成交,用户提供的历史交易快照
29989081,922000000,CDXL,8.19,0,2017/2/7,20170103CDLG000410056698,B024-TXN-03189,已成交,用户提供的历史交易快照
30105744,916050101,CDXL,4.12,1,2017/2/8,20170103CDLG000410056699,B024-TXN-03190,已成交,用户提供的历史交易快照
30105744,916050101,CDXL,4.12,1,2017/2/9,20170103CDLG000410056699,B024-TXN-03191,已成交,用户提供的历史交易快照
30020336,924000005,CDXL,19.6,1,2017/2/10,20170103CDLG000410056700,B024-TXN-03192,已成交,用户提供的历史交易快照
29989076,922000006,CDXL,3.58,1,2017/2/11,20170103CDLG000410056700,B024-TXN-03193,已成交,用户提供的历史交易快照
30010590,911000001,CDXL,2.0,1,2017/2/12,20170103CDLG000410056700,B024-TXN-03194,已成交,用户提供的历史交易快照
30092224,912060303,CDXL,31.2,1,2017/2/13,20170103CDLG000410056700,B024-TXN-03195,已成交,用户提供的历史交易快照
30012169,913030100,CDXL,6.72,1,2017/2/14,20170103CDLG000410056701,B024-TXN-03196,已成交,用户提供的历史交易快照
30008385,912060303,CDXL,25.46,0,2017/2/15,20170103CDLG000410056702,B024-TXN-03197,已成交,用户提供的历史交易快照
30096418,912060403,CDXL,19.43,0,2017/2/16,20170103CDLG000410056702,B024-TXN-03198,已成交,用户提供的历史交易快照
30005113,914120305,CDXL,3.72,1,2017/2/17,20170103CDLG000410056703,B024-TXN-03199,已成交,用户提供的历史交易快照
30027771,914120305,CDXL,2.32,1,2017/2/18,20170103CDLG000410056703,B024-TXN-03200,已成交,用户提供的历史交易快照
30005109,914120305,CDXL,3.32,1,2017/2/19,20170103CDLG000410056703,B024-TXN-03201,已成交,用户提供的历史交易快照
30020049,923000002,CDXL,6.8,1,2017/2/20,20170103CDLG000410056703,B024-TXN-03202,已成交,用户提供的历史交易快照
29989153,923000006,CDXL,7.6,1,2017/2/21,20170103CDLG000410056704,B024-TXN-03203,已成交,用户提供的历史交易快照
30006039,915010001,CDXL,11.58,1,2017/2/22,20170103CDLG000410056705,B024-TXN-03204,已成交,用户提供的历史交易快照
29989153,923000006,CDXL,7.6,1,2017/2/23,20170103CDLG000410056705,B024-TXN-03205,已成交,用户提供的历史交易快照
30023197,922000003,CDXL,6.8,1,2017/2/24,20170103CDLG000410056705,B024-TXN-03206,已成交,用户提供的历史交易快照
30069827,923000006,CDXL,5.12,1,2017/2/25,20170103CDLG000410056706,B024-TXN-03207,已成交,用户提供的历史交易快照
30100496,930040204,CDXL,7.52,1,2017/2/26,20170103CDLG000410056706,B024-TXN-03208,已成交,用户提供的历史交易快照
30022232,960000000,CDXL,0.3,1,2017/2/27,20170103CDLG000410056706,B024-TXN-03209,已成交,用户提供的历史交易快照
29989172,923000002,CDXL,9.6,1,2017/2/28,20170103CDLG000410056706,B024-TXN-03210,已成交,用户提供的历史交易快照
30008406,912060303,CDXL,29.21,0,2017/2/28,20170103CDLG000410056707,B024-TXN-03211,已成交,用户提供的历史交易快照
30036606,912060605,CDXL,31.23,0,2017/2/27,20170103CDLG000410056708,B024-TXN-03212,已成交,用户提供的历史交易快照
30167776,930040003,CDXL,1.0,1,2017/2/1,20170103CDLG000410056709,B024-TXN-03213,已成交,用户提供的历史交易快照
30000862,930020101,CDXL,7.12,1,2017/2/1,20170103CDLG000410056709,B024-TXN-03214,已成交,用户提供的历史交易快照
30108094,930040003,CDXL,1.0,1,2017/2/2,20170103CDLG000410056709,B024-TXN-03215,已成交,用户提供的历史交易快照
30108094,930040003,CDXL,1.0,1,2017/2/3,20170103CDLG000410056709,B024-TXN-03216,已成交,用户提供的历史交易快照
30108094,930040003,CDXL,1.0,1,2017/2/4,20170103CDLG000410056709,B024-TXN-03217,已成交,用户提供的历史交易快照
30108094,930040003,CDXL,1.0,1,2017/2/5,20170103CDLG000410056709,B024-TXN-03218,已成交,用户提供的历史交易快照
30108094,930040003,CDXL,1.0,1,2017/2/6,20170103CDLG000410056709,B024-TXN-03219,已成交,用户提供的历史交易快照
30001750,912020103,CDXL,8.32,1,2017/2/7,20170103CDLG000410056710,B024-TXN-03220,已成交,用户提供的历史交易快照
30179990,930040100,CDXL,5.62,1,2017/2/8,20170103CDLG000410056711,B024-TXN-03221,已成交,用户提供的历史交易快照
30179990,930040100,CDXL,5.62,1,2017/2/9,20170103CDLG000410056711,B024-TXN-03222,已成交,用户提供的历史交易快照
30114674,930040100,CDXL,4.22,1,2017/2/10,20170103CDLG000410056711,B024-TXN-03223,已成交,用户提供的历史交易快照
30114674,930040100,CDXL,4.22,1,2017/2/11,20170103CDLG000410056711,B024-TXN-03224,已成交,用户提供的历史交易快照
30165626,915010004,CDXL,13.42,1,2017/2/12,20170103CDLG000410056712,B024-TXN-03225,已成交,用户提供的历史交易快照
30022974,915030404,CDXL,6.18,1,2017/2/13,20170103CDLG000410056714,B024-TXN-03226,已成交,用户提供的历史交易快照
30020052,923000002,CDXL,6.2,1,2017/2/14,20170103CDLG000410056714,B024-TXN-03227,已成交,用户提供的历史交易快照
29989157,923000000,CDXL,5.6,2,2017/2/15,20170103CDLG000410056714,B024-TXN-03228,已成交,用户提供的历史交易快照
29989141,923000002,CDXL,4.8,1,2017/2/16,20170103CDLG000410056715,B024-TXN-03229,已成交,用户提供的历史交易快照
30000357,930040200,CDXL,14.52,1,2017/2/17,20170103CDLG000410056716,B024-TXN-03230,已成交,用户提供的历史交易快照
30017275,911000100,CDXL,13.42,1,2017/2/18,20170103CDLG000410056716,B024-TXN-03231,已成交,用户提供的历史交易快照
30193565,910030005,CDXL,70.42,1,2017/2/19,20170103CDLG000410056717,B024-TXN-03232,已成交,用户提供的历史交易快照
30168660,912500201,CDXL,6.12,1,2017/2/20,20170103CDLG000410056717,B024-TXN-03233,已成交,用户提供的历史交易快照
30104794,912060004,CDXL,33.22,0,2017/2/21,20170103CDLG000410056717,B024-TXN-03234,已成交,用户提供的历史交易快照
29999817,930000201,CDXL,11.52,1,2017/2/22,20170103CDLG000410056719,B024-TXN-03235,已成交,用户提供的历史交易快照
30136855,912060303,CDXL,17.42,1,2017/2/23,20170103CDLG000410056719,B024-TXN-03236,已成交,用户提供的历史交易快照
30213325,914100001,CDXL,4.42,1,2017/2/24,20170103CDLG000410056719,B024-TXN-03237,已成交,用户提供的历史交易快照
30213325,914100001,CDXL,4.42,1,2017/2/25,20170103CDLG000410056719,B024-TXN-03238,已成交,用户提供的历史交易快照
30008389,912060302,CDXL,25.22,0,2017/2/26,20170103CDLG000410056719,B024-TXN-03239,已成交,用户提供的历史交易快照
30021942,914120204,CDXL,2.52,1,2017/2/27,20170103CDLG000410056720,B024-TXN-03240,已成交,用户提供的历史交易快照
30021942,914120204,CDXL,2.52,1,2017/2/28,20170103CDLG000410056720,B024-TXN-03241,已成交,用户提供的历史交易快照
30003944,914120301,CDXL,3.12,1,2017/2/28,20170103CDLG000410056720,B024-TXN-03242,已成交,用户提供的历史交易快照
30003944,914120301,CDXL,3.12,1,2017/2/27,20170103CDLG000410056720,B024-TXN-03243,已成交,用户提供的历史交易快照
30003944,914120301,CDXL,3.12,1,2017/2/1,20170103CDLG000410056720,B024-TXN-03244,已成交,用户提供的历史交易快照
30003944,914120301,CDXL,3.12,1,2017/2/1,20170103CDLG000410056720,B024-TXN-03245,已成交,用户提供的历史交易快照
30005764,914040300,CDXL,6.52,1,2017/2/2,20170103CDLG000410056720,B024-TXN-03246,已成交,用户提供的历史交易快照
30005834,914020000,CDXL,6.12,1,2017/2/3,20170103CDLG000410056720,B024-TXN-03247,已成交,用户提供的历史交易快照
30007952,910030100,CDXL,1.77,13,2017/2/4,20170103CDLG000410056720,B024-TXN-03248,已成交,用户提供的历史交易快照
30082692,914120305,CDXL,3.62,1,2017/2/5,20170103CDLG000410056720,B024-TXN-03249,已成交,用户提供的历史交易快照
30082692,914120305,CDXL,3.62,1,2017/2/6,20170103CDLG000410056720,B024-TXN-03250,已成交,用户提供的历史交易快照
30022232,960000000,CDXL,0.3,1,2017/2/7,20170103CDLG000410056721,B024-TXN-03251,已成交,用户提供的历史交易快照
30008753,912500100,CDXL,3.62,1,2017/2/8,20170103CDLG000410056722,B024-TXN-03252,已成交,用户提供的历史交易快照
30022232,960000000,CDXL,0.3,1,2017/2/9,20170103CDLG000410056722,B024-TXN-03253,已成交,用户提供的历史交易快照
29989157,923000000,CDXL,5.6,1,2017/2/10,20170103CDLG000410056722,B024-TXN-03254,已成交,用户提供的历史交易快照
29989172,923000002,CDXL,9.6,1,2017/2/11,20170103CDLG000410056722,B024-TXN-03255,已成交,用户提供的历史交易快照
30001585,910020300,CDXL,5.52,1,2017/2/12,20170103CDLG000410056722,B024-TXN-03256,已成交,用户提供的历史交易快照
29989161,923000006,CDXL,15.6,1,2017/2/13,20170103CDLG000410056723,B024-TXN-03257,已成交,用户提供的历史交易快照
30072111,923000006,CDXL,2.0,0,2017/2/14,20170103CDLG000410056723,B024-TXN-03258,已成交,用户提供的历史交易快照
29989157,923000000,CDXL,5.6,1,2017/2/15,20170103CDLG000410056724,B024-TXN-03259,已成交,用户提供的历史交易快照
30002220,912060000,CDXL,25.47,0,2017/2/16,20170103CDLG000410056725,B024-TXN-03260,已成交,用户提供的历史交易快照
30020635,912060005,CDXL,15.6,0,2017/2/17,20170103CDLG000410056725,B024-TXN-03261,已成交,用户提供的历史交易快照
30006283,914100000,CDXL,5.32,1,2017/2/18,20170103CDLG000410056726,B024-TXN-03262,已成交,用户提供的历史交易快照
30006296,914100000,CDXL,5.32,1,2017/2/19,20170103CDLG000410056726,B024-TXN-03263,已成交,用户提供的历史交易快照
30042756,938030000,CDXL,3.52,1,2017/2/20,20170103CDLG000410056727,B024-TXN-03264,已成交,用户提供的历史交易快照
30042756,938030000,CDXL,3.52,1,2017/2/21,20170103CDLG000410056727,B024-TXN-03265,已成交,用户提供的历史交易快照
30209977,938030000,CDXL,6.42,1,2017/2/22,20170103CDLG000410056727,B024-TXN-03266,已成交,用户提供的历史交易快照
30050864,914050501,CDXL,6.72,1,2017/2/23,20170103CDLG000410056729,B024-TXN-03267,已成交,用户提供的历史交易快照
30213325,914100001,CDXL,4.42,1,2017/2/24,20170103CDLG000410056729,B024-TXN-03268,已成交,用户提供的历史交易快照
30092224,912060303,CDXL,31.19,0,2017/2/25,20170103CDLG000410056729,B024-TXN-03269,已成交,用户提供的历史交易快照
30092224,912060303,CDXL,31.24,0,2017/2/26,20170103CDLG000410056729,B024-TXN-03270,已成交,用户提供的历史交易快照
30200388,914070100,CDXL,6.52,1,2017/2/27,20170103CDLG000410056729,B024-TXN-03271,已成交,用户提供的历史交易快照
30006263,914100001,CDXL,5.52,1,2017/2/28,20170103CDLG000410056730,B024-TXN-03272,已成交,用户提供的历史交易快照
29989140,923000006,CDXL,7.6,1,2017/2/28,20170103CDLG000410056730,B024-TXN-03273,已成交,用户提供的历史交易快照
30064520,914000201,CDXL,5.52,1,2017/2/27,20170103CDLG000410056731,B024-TXN-03274,已成交,用户提供的历史交易快照
30119334,922000000,CDXL,14.78,0,2017/2/1,20170103CDLG000410056731,B024-TXN-03275,已成交,用户提供的历史交易快照
29989105,922000000,CDXL,2.8,1,2017/2/1,20170103CDLG000410056731,B024-TXN-03276,已成交,用户提供的历史交易快照
30001585,910020300,CDXL,5.52,7,2017/2/2,20170103CDLG000410056732,B024-TXN-03277,已成交,用户提供的历史交易快照
29989149,923000004,CDXL,6.8,1,2017/2/3,20170103CDLG000410056733,B024-TXN-03278,已成交,用户提供的历史交易快照
29989161,923000006,CDXL,15.6,0,2017/2/4,20170103CDLG000410056733,B024-TXN-03279,已成交,用户提供的历史交易快照
30166132,930040000,CDXL,5.52,1,2017/2/5,20170103CDLG000410056733,B024-TXN-03280,已成交,用户提供的历史交易快照
30010566,914110101,CDXL,14.52,1,2017/2/6,20170103CDLG000410056735,B024-TXN-03281,已成交,用户提供的历史交易快照
30023041,923000006,CDXL,3.2,1,2017/2/7,20170103CDLG000410056735,B024-TXN-03282,已成交,用户提供的历史交易快照
30113344,912060303,CDXL,13.41,0,2017/2/8,20170103CDLG000410056735,B024-TXN-03283,已成交,用户提供的历史交易快照
29989156,923000000,CDXL,10.8,2,2017/2/9,20170103CDLG000410056735,B024-TXN-03284,已成交,用户提供的历史交易快照
30020055,923000002,CDXL,9.6,1,2017/2/10,20170103CDLG000410056735,B024-TXN-03285,已成交,用户提供的历史交易快照
30202378,931060000,CDXL,7.52,1,2017/2/11,20170103CDLG000410056735,B024-TXN-03286,已成交,用户提供的历史交易快照
30006263,914100001,CDXL,5.52,1,2017/2/12,20170103CDLG000410056735,B024-TXN-03287,已成交,用户提供的历史交易快照
30022232,960000000,CDXL,0.3,1,2017/2/13,20170103CDLG000410056735,B024-TXN-03288,已成交,用户提供的历史交易快照
30001975,912030001,CDXL,3.32,1,2017/2/14,20170103CDLG000410056735,B024-TXN-03289,已成交,用户提供的历史交易快照
30094733,923000000,CDXL,14.63,1,2017/2/15,20170103CDLG000410056735,B024-TXN-03290,已成交,用户提供的历史交易快照
29989140,923000006,CDXL,7.6,1,2017/2/16,20170103CDLG000410056735,B024-TXN-03291,已成交,用户提供的历史交易快照
29989172,923000002,CDXL,9.6,1,2017/2/17,20170103CDLG000410056735,B024-TXN-03292,已成交,用户提供的历史交易快照
30135342,931060000,CDXL,13.52,1,2017/2/18,20170103CDLG000410056735,B024-TXN-03293,已成交,用户提供的历史交易快照
30020052,923000002,CDXL,6.2,2,2017/2/19,20170103CDLG000410056736,B024-TXN-03294,已成交,用户提供的历史交易快照
30171264,920000400,CDXL,1.5,45,2017/2/20,20170103CDLG000510025097,B024-TXN-03295,已成交,用户提供的历史交易快照
29989264,920090000,CDXL,1.5,30,2017/2/21,20170103CDLG000510025097,B024-TXN-03296,已成交,用户提供的历史交易快照
30171265,920090000,CDXL,1.5,45,2017/2/22,20170103CDLG000510025097,B024-TXN-03297,已成交,用户提供的历史交易快照
30209296,921000002,CDXL,1.0,25,2017/2/23,20170103CDLG000510025097,B024-TXN-03298,已成交,用户提供的历史交易快照
30007869,910000000,CDXL,21.62,1,2017/2/24,20170103CDLG000510025098,B024-TXN-03299,已成交,用户提供的历史交易快照
29989061,922000000,CDXL,5.6,1,2017/2/25,20170103CDLG000510025099,B024-TXN-03300,已成交,用户提供的历史交易快照
30005724,914050005,CDXL,0.6,5,2017/2/26,20170103CDLG000510025099,B024-TXN-03301,已成交,用户提供的历史交易快照
29989076,922000006,CDXL,2.89,2,2017/2/27,20170103CDLG000510025099,B024-TXN-03302,已成交,用户提供的历史交易快照
29989083,922000000,CDXL,3.36,2,2017/2/28,20170103CDLG000510025099,B024-TXN-03303,已成交,用户提供的历史交易快照
29989091,922000000,CDXL,4.2,2,2017/2/28,20170103CDLG000510025099,B024-TXN-03304,已成交,用户提供的历史交易快照
29989613,922000005,CDXL,2.28,2,2017/2/27,20170103CDLG000510025099,B024-TXN-03305,已成交,用户提供的历史交易快照
30006208,915000101,CDXL,47.42,1,2017/2/1,20170103CDLG000510025099,B024-TXN-03306,已成交,用户提供的历史交易快照
30023172,922000004,CDXL,4.49,2,2017/2/1,20170103CDLG000510025099,B024-TXN-03307,已成交,用户提供的历史交易快照
30031960,915030104,CDXL,4.4,20,2017/2/1,20170103CDLG000510025099,B024-TXN-03308,已成交,用户提供的历史交易快照
30031960,915030104,CDXL,4.4,20,2017/2/2,20170103CDLG000510025099,B024-TXN-03309,已成交,用户提供的历史交易快照
30031960,915030104,CDXL,4.4,20,2017/2/3,20170103CDLG000510025099,B024-TXN-03310,已成交,用户提供的历史交易快照
30031960,915030104,CDXL,4.4,20,2017/2/4,20170103CDLG000510025099,B024-TXN-03311,已成交,用户提供的历史交易快照
30031960,915030104,CDXL,4.4,20,2017/2/5,20170103CDLG000510025099,B024-TXN-03312,已成交,用户提供的历史交易快照
29989066,922000004,CDXL,7.6,2,2017/2/6,20170103CDLG000510025099,B024-TXN-03313,已成交,用户提供的历史交易快照
30006206,915000003,CDXL,25.22,3,2017/2/7,20170103CDLG000510025099,B024-TXN-03314,已成交,用户提供的历史交易快照
30023187,922000003,CDXL,2.57,2,2017/2/8,20170103CDLG000510025099,B024-TXN-03315,已成交,用户提供的历史交易快照
30151326,924000000,CDXL,19.58,6,2017/2/9,20170103CDLG000510025099,B024-TXN-03316,已成交,用户提供的历史交易快照
30173848,920090000,CDXL,1.3,5,2017/2/10,20170103CDLG000510025099,B024-TXN-03317,已成交,用户提供的历史交易快照
30173851,920090000,CDXL,9.62,2,2017/2/11,20170103CDLG000510025099,B024-TXN-03318,已成交,用户提供的历史交易快照
30173851,920090000,CDXL,9.62,1,2017/2/12,20170103CDLG000510025099,B024-TXN-03319,已成交,用户提供的历史交易快照
29989073,922000002,CDXL,3.87,2,2017/2/13,20170103CDLG000510025099,B024-TXN-03320,已成交,用户提供的历史交易快照
29989060,922000000,CDXL,9.6,1,2017/2/14,20170103CDLG000510025099,B024-TXN-03321,已成交,用户提供的历史交易快照
29989094,922000006,CDXL,1.6,9,2017/2/15,20170103CDLG000510025099,B024-TXN-03322,已成交,用户提供的历史交易快照
29989105,922000000,CDXL,2.8,2,2017/2/16,20170103CDLG000510025099,B024-TXN-03323,已成交,用户提供的历史交易快照
29989058,922000001,CDXL,1.98,6,2017/2/17,20170103CDLG000510025099,B024-TXN-03324,已成交,用户提供的历史交易快照
29989059,922000003,CDXL,2.58,3,2017/2/18,20170103CDLG000510025099,B024-TXN-03325,已成交,用户提供的历史交易快照
29989071,922000002,CDXL,3.4,10,2017/2/19,20170103CDLG000510025099,B024-TXN-03326,已成交,用户提供的历史交易快照
30023197,922000003,CDXL,6.8,3,2017/2/20,20170103CDLG000510025099,B024-TXN-03327,已成交,用户提供的历史交易快照
30214804,925090000,CDXL,33.42,1,2017/2/21,20170103CDLG000510025099,B024-TXN-03328,已成交,用户提供的历史交易快照
29989061,922000000,CDXL,5.6,0,2017/2/22,20170103CDLG000510025100,B024-TXN-03329,已成交,用户提供的历史交易快照
29989074,922000006,CDXL,2.58,1,2017/2/23,20170103CDLG000510025100,B024-TXN-03330,已成交,用户提供的历史交易快照
30006039,915010001,CDXL,11.58,1,2017/2/24,20170103CDLG000510025100,B024-TXN-03331,已成交,用户提供的历史交易快照
29989540,924020000,CDXL,11.57,1,2017/2/25,20170103CDLG000510025100,B024-TXN-03332,已成交,用户提供的历史交易快照
29989058,922000001,CDXL,1.98,1,2017/2/26,20170103CDLG000510025100,B024-TXN-03333,已成交,用户提供的历史交易快照
30023197,922000003,CDXL,6.8,2,2017/2/27,20170103CDLG000510025100,B024-TXN-03334,已成交,用户提供的历史交易快照
29989061,922000000,CDXL,5.6,1,2017/2/28,20170103CDLG000510025101,B024-TXN-03335,已成交,用户提供的历史交易快照
29989074,922000006,CDXL,2.58,1,2017/2/28,20170103CDLG000510025101,B024-TXN-03336,已成交,用户提供的历史交易快照
30023192,922000000,CDXL,9.62,0,2017/2/27,20170103CDLG000510025101,B024-TXN-03337,已成交,用户提供的历史交易快照
30173851,920090000,CDXL,9.62,1,2017/2/1,20170103CDLG000510025101,B024-TXN-03338,已成交,用户提供的历史交易快照
29989057,922000001,CDXL,2.38,2,2017/2/1,20170103CDLG000510025101,B024-TXN-03339,已成交,用户提供的历史交易快照
30214819,925090000,CDXL,51.42,1,2017/2/2,20170103CDLG000510025101,B024-TXN-03340,已成交,用户提供的历史交易快照
29989060,922000000,CDXL,9.59,0,2017/2/3,20170103CDLG000510025101,B024-TXN-03341,已成交,用户提供的历史交易快照
30173851,920090000,CDXL,9.62,1,2017/2/4,20170103CDLG000510025102,B024-TXN-03342,已成交,用户提供的历史交易快照
30007902,910000000,CDXL,7.12,1,2017/2/5,20170103CDLG000510025103,B024-TXN-03343,已成交,用户提供的历史交易快照
30214802,925090000,CDXL,27.37,0,2017/2/6,20170103CDLG000510025104,B024-TXN-03344,已成交,用户提供的历史交易快照
30214802,925090000,CDXL,27.42,1,2017/2/7,20170103CDLG000510025105,B024-TXN-03345,已成交,用户提供的历史交易快照
29989076,922000006,CDXL,3.58,3,2017/2/8,20170103CDLG000510025105,B024-TXN-03346,已成交,用户提供的历史交易快照
29989534,924020002,CDXL,39.61,2,2017/2/9,20170103CDLG000510025105,B024-TXN-03347,已成交,用户提供的历史交易快照
29989613,922000005,CDXL,2.8,2,2017/2/10,20170103CDLG000510025105,B024-TXN-03348,已成交,用户提供的历史交易快照
30006041,915010000,CDXL,7.58,10,2017/2/11,20170103CDLG000510025105,B024-TXN-03349,已成交,用户提供的历史交易快照
30173848,920090000,CDXL,1.3,5,2017/2/12,20170103CDLG000510025105,B024-TXN-03350,已成交,用户提供的历史交易快照
30026045,914020000,CDXL,4.58,2,2017/2/13,20170103CDLG000510025105,B024-TXN-03351,已成交,用户提供的历史交易快照
30129948,914020403,CDXL,8.58,2,2017/2/14,20170103CDLG000510025105,B024-TXN-03352,已成交,用户提供的历史交易快照
29989240,924000005,CDXL,7.69,2,2017/2/15,20170103CDLG000510025105,B024-TXN-03353,已成交,用户提供的历史交易快照
29989058,922000001,CDXL,1.98,3,2017/2/16,20170103CDLG000510025105,B024-TXN-03354,已成交,用户提供的历史交易快照
29989071,922000002,CDXL,3.4,6,2017/2/17,20170103CDLG000510025105,B024-TXN-03355,已成交,用户提供的历史交易快照
30023176,922000003,CDXL,5.76,3,2017/2/18,20170103CDLG000510025105,B024-TXN-03356,已成交,用户提供的历史交易快照
30023197,922000003,CDXL,5.57,3,2017/2/19,20170103CDLG000510025105,B024-TXN-03357,已成交,用户提供的历史交易快照
30040629,922000005,CDXL,15.6,2,2017/2/20,20170103CDLG000510025105,B024-TXN-03358,已成交,用户提供的历史交易快照
30214804,925090000,CDXL,33.42,1,2017/2/21,20170103CDLG000510025105,B024-TXN-03359,已成交,用户提供的历史交易快照
30193066,933040501,CDXL,2.0,1,2017/2/22,20170103CDLG000510025106,B024-TXN-03360,已成交,用户提供的历史交易快照
30006416,915030101,CDXL,4.64,3,2017/2/23,20170103CDLG000510025107,B024-TXN-03361,已成交,用户提供的历史交易快照
30168879,930020000,CDXL,19.52,1,2017/2/24,20170103CDLG000510025107,B024-TXN-03362,已成交,用户提供的历史交易快照
29989072,922000002,CDXL,0.78,0,2017/2/25,20170103CDLG000510025107,B024-TXN-03363,已成交,用户提供的历史交易快照
30006206,915000003,CDXL,25.23,0,2017/2/26,20170103CDLG000510025107,B024-TXN-03364,已成交,用户提供的历史交易快照
30022232,960000000,CDXL,0.3,1,2017/2/27,20170103CDLG000510025107,B024-TXN-03365,已成交,用户提供的历史交易快照
29989048,922000001,CDXL,1.98,1,2017/2/28,20170103CDLG000510025107,B024-TXN-03366,已成交,用户提供的历史交易快照
29989157,923000000,CDXL,5.6,1,2017/2/28,20170103CDLG000510025107,B024-TXN-03367,已成交,用户提供的历史交易快照
30167079,930020502,CDXL,11.52,1,2017/2/27,20170103CDLG000510025107,B024-TXN-03368,已成交,用户提供的历史交易快照
30023041,923000006,CDXL,3.2,2,2017/2/1,20170103CDLG000510025108,B024-TXN-03369,已成交,用户提供的历史交易快照
30020269,923000101,CDXL,7.6,1,2017/2/1,20170103CDLG000510025108,B024-TXN-03370,已成交,用户提供的历史交易快照
30184227,912060303,CDXL,45.35,0,2017/2/2,20170103CDLG000510025108,B024-TXN-03371,已成交,用户提供的历史交易快照
29989085,922000002,CDXL,1.18,1,2017/2/3,20170103CDLG000510025109,B024-TXN-03372,已成交,用户提供的历史交易快照
29989059,922000003,CDXL,1.98,1,2017/2/4,20170103CDLG000510025109,B024-TXN-03373,已成交,用户提供的历史交易快照
30015803,910000000,CDXL,23.62,1,2017/2/5,20170103CDLG000510025111,B024-TXN-03374,已成交,用户提供的历史交易快照
30023187,922000003,CDXL,3.2,1,2017/2/6,20170103CDLG000510025112,B024-TXN-03375,已成交,用户提供的历史交易快照
30179548,915000106,CDXL,41.93,0,2017/2/7,20170103CDLG000510025112,B024-TXN-03376,已成交,用户提供的历史交易快照
30020338,924000005,CDXL,19.62,0,2017/2/8,20170103CDLG000510025112,B024-TXN-03377,已成交,用户提供的历史交易快照
30207851,931020102,CDXL,7.52,1,2017/2/9,20170103CDLG000510025112,B024-TXN-03378,已成交,用户提供的历史交易快照
30001975,912030001,CDXL,3.32,1,2017/2/10,20170103CDLG000510025112,B024-TXN-03379,已成交,用户提供的历史交易快照
30179544,915000106,CDXL,49.63,0,2017/2/11,20170103CDLG000510025112,B024-TXN-03380,已成交,用户提供的历史交易快照
30179536,915000106,CDXL,49.63,0,2017/2/12,20170103CDLG000510025112,B024-TXN-03381,已成交,用户提供的历史交易快照
29989056,922000001,CDXL,5.6,1,2017/2/13,20170103CDLG000510025112,B024-TXN-03382,已成交,用户提供的历史交易快照
29989059,922000003,CDXL,1.98,1,2017/2/14,20170103CDLG000510025112,B024-TXN-03383,已成交,用户提供的历史交易快照
30006040,915010000,CDXL,9.58,2,2017/2/15,20170103CDLG000510025112,B024-TXN-03384,已成交,用户提供的历史交易快照
30007902,910000000,CDXL,7.12,1,2017/2/16,20170103CDLG000510025113,B024-TXN-03385,已成交,用户提供的历史交易快照
30001277,910020207,CDXL,7.15,4,2017/2/17,20170103CDLG000510025114,B024-TXN-03386,已成交,用户提供的历史交易快照
29989074,922000006,CDXL,2.58,2,2017/2/18,20170103CDLG000510025115,B024-TXN-03387,已成交,用户提供的历史交易快照
30019598,914000002,CDXL,20.82,1,2017/2/19,20170103CDLG000510025115,B024-TXN-03388,已成交,用户提供的历史交易快照
29989049,922000001,CDXL,1.98,2,2017/2/20,20170103CDLG000510025115,B024-TXN-03389,已成交,用户提供的历史交易快照
29989073,922000002,CDXL,4.8,2,2017/2/21,20170103CDLG000510025115,B024-TXN-03390,已成交,用户提供的历史交易快照
30023174,922000006,CDXL,2.78,2,2017/2/22,20170103CDLG000510025115,B024-TXN-03391,已成交,用户提供的历史交易快照
29989120,922000003,CDXL,3.6,2,2017/2/23,20170103CDLG000510025115,B024-TXN-03392,已成交,用户提供的历史交易快照
30179547,915000106,CDXL,45.82,1,2017/2/24,20170103CDLG000510025115,B024-TXN-03393,已成交,用户提供的历史交易快照
29989540,924020000,CDXL,11.59,0,2017/2/25,20170103CDLG000510025116,B024-TXN-03394,已成交,用户提供的历史交易快照
30179516,915000102,CDXL,120.53,0,2017/2/26,20170103CDLG000510025116,B024-TXN-03395,已成交,用户提供的历史交易快照
29989073,922000002,CDXL,4.8,0,2017/2/27,20170103CDLG000510025116,B024-TXN-03396,已成交,用户提供的历史交易快照
29989059,922000003,CDXL,1.98,1,2017/2/28,20170103CDLG000510025116,B024-TXN-03397,已成交,用户提供的历史交易快照
30006040,915010000,CDXL,9.58,1,2017/2/28,20170103CDLG000510025116,B024-TXN-03398,已成交,用户提供的历史交易快照
30020125,915020002,CDXL,9.32,0,2017/2/27,20170103CDLG000510025116,B024-TXN-03399,已成交,用户提供的历史交易快照
30143065,911010100,CDXL,29.42,1,2017/2/1,20170103CDLG000510025116,B024-TXN-03400,已成交,用户提供的历史交易快照
30151326,924000000,CDXL,19.58,-11,2017/2/1,20170103CDLG000510025117,B024-TXN-03401,已成交,用户提供的历史交易快照
30020336,924000005,CDXL,16.16,3,2017/2/2,20170103CDLG000510025118,B024-TXN-03402,已成交,用户提供的历史交易快照
30033854,910000000,CDXL,9.62,1,2017/2/3,20170103CDLG000510025119,B024-TXN-03403,已成交,用户提供的历史交易快照
30151326,924000000,CDXL,19.58,6,2017/2/4,20170103CDLG000510025120,B024-TXN-03404,已成交,用户提供的历史交易快照
30078085,912060303,CDXL,19.22,1,2017/2/5,20170103CDLG000510025121,B024-TXN-03405,已成交,用户提供的历史交易快照
29989059,922000003,CDXL,1.98,1,2017/2/6,20170103CDLG000510025121,B024-TXN-03406,已成交,用户提供的历史交易快照
30026255,915030104,CDXL,4.0,20,2017/2/7,20170103CDLG000510025122,B024-TXN-03407,已成交,用户提供的历史交易快照
29989072,922000002,CDXL,0.78,1,2017/2/8,20170103CDLG000510025123,B024-TXN-03408,已成交,用户提供的历史交易快照
29989077,922000008,CDXL,13.62,0,2017/2/9,20170103CDLG000510025125,B024-TXN-03409,已成交,用户提供的历史交易快照
29999817,930000201,CDXL,11.52,1,2017/2/10,20170103CDLG000510025125,B024-TXN-03410,已成交,用户提供的历史交易快照
30202566,930020001,CDXL,9.52,1,2017/2/11,20170103CDLG000510025125,B024-TXN-03411,已成交,用户提供的历史交易快照
30000984,930020600,CDXL,6.52,1,2017/2/12,20170103CDLG000510025125,B024-TXN-03412,已成交,用户提供的历史交易快照
30204927,930020600,CDXL,1.9,1,2017/2/13,20170103CDLG000510025125,B024-TXN-03413,已成交,用户提供的历史交易快照
30214313,930020502,CDXL,8.52,1,2017/2/14,20170103CDLG000510025125,B024-TXN-03414,已成交,用户提供的历史交易快照
30044266,912000103,CDXL,12.62,1,2017/2/15,20170103CDLG000510025125,B024-TXN-03415,已成交,用户提供的历史交易快照
30203553,930020600,CDXL,4.82,1,2017/2/16,20170103CDLG000510025125,B024-TXN-03416,已成交,用户提供的历史交易快照
29989077,922000008,CDXL,13.61,0,2017/2/17,20170103CDLG000510025126,B024-TXN-03417,已成交,用户提供的历史交易快照
29989072,922000002,CDXL,0.78,1,2017/2/18,20170103CDLG000510025126,B024-TXN-03418,已成交,用户提供的历史交易快照
29989059,922000003,CDXL,1.98,1,2017/2/19,20170103CDLG000510025126,B024-TXN-03419,已成交,用户提供的历史交易快照
29989059,922000003,CDXL,1.98,1,2017/2/20,20170103CDLG000510025126,B024-TXN-03420,已成交,用户提供的历史交易快照
30146019,913040000,CDXL,11.72,1,2017/2/21,20170103CDLG000510025127,B024-TXN-03421,已成交,用户提供的历史交易快照
30114875,924000000,CDXL,25.61,1,2017/2/22,20170103CDLG000510025128,B024-TXN-03422,已成交,用户提供的历史交易快照
30214817,925090000,CDXL,39.43,1,2017/2/23,20170103CDLG000510025130,B024-TXN-03423,已成交,用户提供的历史交易快照
29989105,922000000,CDXL,2.8,1,2017/2/24,20170103CDLG000510025130,B024-TXN-03424,已成交,用户提供的历史交易快照
29989071,922000002,CDXL,3.4,0,2017/2/25,20170103CDLG000510025130,B024-TXN-03425,已成交,用户提供的历史交易快照
29989538,924020002,CDXL,12.62,0,2017/2/26,20170103CDLG000510025130,B024-TXN-03426,已成交,用户提供的历史交易快照
30214815,925090000,CDXL,35.45,0,2017/2/27,20170103CDLG000510025130,B024-TXN-03427,已成交,用户提供的历史交易快照
29989061,922000000,CDXL,5.57,0,2017/2/28,20170103CDLG000510025130,B024-TXN-03428,已成交,用户提供的历史交易快照
30203548,912020107,CDXL,10.62,1,2017/2/28,20170103CDLG000510025131,B024-TXN-03429,已成交,用户提供的历史交易快照
30135547,930000201,CDXL,9.52,7,2017/2/27,20170103CDLG000510025132,B024-TXN-03430,已成交,用户提供的历史交易快照
30007867,910000000,CDXL,6.62,5,2017/2/1,20170103CDLG000510025133,B024-TXN-03431,已成交,用户提供的历史交易快照
29989072,922000002,CDXL,0.78,1,2017/2/1,20170103CDLG000510025135,B024-TXN-03432,已成交,用户提供的历史交易快照
29989073,922000002,CDXL,4.8,0,2017/2/1,20170103CDLG000510025135,B024-TXN-03433,已成交,用户提供的历史交易快照
30006332,915030305,CDXL,9.78,1,2017/2/2,20170103CDLG000510025135,B024-TXN-03434,已成交,用户提供的历史交易快照
30214817,925090000,CDXL,39.42,0,2017/2/3,20170103CDLG000510025135,B024-TXN-03435,已成交,用户提供的历史交易快照
30006329,915030303,CDXL,13.57,0,2017/2/4,20170103CDLG000510025135,B024-TXN-03436,已成交,用户提供的历史交易快照
29989099,922000008,CDXL,1.58,1,2017/2/5,20170103CDLG000510025135,B024-TXN-03437,已成交,用户提供的历史交易快照
30020103,915030301,CDXL,9.6,0,2017/2/6,20170103CDLG000510025135,B024-TXN-03438,已成交,用户提供的历史交易快照
29989071,922000002,CDXL,3.4,1,2017/2/7,20170103CDLG000510025135,B024-TXN-03439,已成交,用户提供的历史交易快照
29989538,924020002,CDXL,12.62,0,2017/2/8,20170103CDLG000510025135,B024-TXN-03440,已成交,用户提供的历史交易快照
30007867,910000000,CDXL,7.12,1,2017/2/9,20170103CDLG000510025136,B024-TXN-03441,已成交,用户提供的历史交易快照
30007867,910000000,CDXL,7.12,1,2017/2/10,20170103CDLG000510025137,B024-TXN-03442,已成交,用户提供的历史交易快照
30020338,924000005,CDXL,19.6,1,2017/2/11,20170103CDLG000510025138,B024-TXN-03443,已成交,用户提供的历史交易快照
30022232,960000000,CDXL,0.3,1,2017/2/12,20170103CDLG000510025138,B024-TXN-03444,已成交,用户提供的历史交易快照
29989085,922000002,CDXL,1.18,2,2017/2/13,20170103CDLG000510025138,B024-TXN-03445,已成交,用户提供的历史交易快照
30023178,922000004,CDXL,6.2,1,2017/2/14,20170103CDLG000510025138,B024-TXN-03446,已成交,用户提供的历史交易快照
29989059,922000003,CDXL,1.98,2,2017/2/15,20170103CDLG000510025138,B024-TXN-03447,已成交,用户提供的历史交易快照
30005192,914010000,CDXL,9.52,1,2017/2/16,20170103CDLG000510025138,B024-TXN-03448,已成交,用户提供的历史交易快照
30143065,911010100,CDXL,29.42,1,2017/2/17,20170103CDLG000510025138,B024-TXN-03449,已成交,用户提供的历史交易快照
30010587,914070201,CDXL,4.12,1,2017/2/18,20170103CDLG000510025138,B024-TXN-03450,已成交,用户提供的历史交易快照
30173850,920090000,CDXL,10.62,1,2017/2/19,20170103CDLG000510025138,B024-TXN-03451,已成交,用户提供的历史交易快照
30034836,931050100,CDXL,14.52,1,2017/2/20,20170103CDLG000510025139,B024-TXN-03452,已成交,用户提供的历史交易快照
29998004,931020303,CDXL,3.12,1,2017/2/21,20170103CDLG000510025139,B024-TXN-03453,已成交,用户提供的历史交易快照
29998004,931020303,CDXL,3.12,1,2017/2/22,20170103CDLG000510025139,B024-TXN-03454,已成交,用户提供的历史交易快照
30020269,923000101,CDXL,7.6,1,2017/2/23,20170103CDLG000510025139,B024-TXN-03455,已成交,用户提供的历史交易快照
30203637,923000006,CDXL,3.2,2,2017/2/24,20170103CDLG000510025140,B024-TXN-03456,已成交,用户提供的历史交易快照
30203637,923000006,CDXL,3.2,2,2017/2/25,20170103CDLG000510025140,B024-TXN-03457,已成交,用户提供的历史交易快照
30174841,923000008,CDXL,6.8,1,2017/2/26,20170103CDLG000510025140,B024-TXN-03458,已成交,用户提供的历史交易快照
29989048,922000001,CDXL,1.98,2,2017/2/27,20170103CDLG000510025140,B024-TXN-03459,已成交,用户提供的历史交易快照
29989059,922000003,CDXL,1.98,2,2017/2/28,20170103CDLG000510025140,B024-TXN-03460,已成交,用户提供的历史交易快照
29989077,922000008,CDXL,13.59,1,2017/2/28,20170103CDLG000510025140,B024-TXN-03461,已成交,用户提供的历史交易快照
30026026,935010702,CDXL,2.5,2,2017/2/27,20170103CDLG000510025141,B024-TXN-03462,已成交,用户提供的历史交易快照
30214814,925090000,CDXL,33.42,2,2017/2/1,20170103CDLG000510025143,B024-TXN-03463,已成交,用户提供的历史交易快照
29989049,922000001,CDXL,1.98,1,2017/2/1,20170103CDLG000510025144,B024-TXN-03464,已成交,用户提供的历史交易快照
30026118,915020000,CDXL,4.92,1,2017/2/2,20170103CDLG000510025144,B024-TXN-03465,已成交,用户提供的历史交易快照
29989059,922000003,CDXL,1.98,1,2017/2/3,20170103CDLG000510025144,B024-TXN-03466,已成交,用户提供的历史交易快照
30006040,915010000,CDXL,9.57,1,2017/2/4,20170103CDLG000510025144,B024-TXN-03467,已成交,用户提供的历史交易快照
30040629,922000005,CDXL,15.62,0,2017/2/5,20170103CDLG000510025144,B024-TXN-03468,已成交,用户提供的历史交易快照
30006039,915010001,CDXL,11.58,1,2017/2/6,20170103CDLG000510025144,B024-TXN-03469,已成交,用户提供的历史交易快照
30005192,914010000,CDXL,9.52,1,2017/2/7,20170103CDLG000510025146,B024-TXN-03470,已成交,用户提供的历史交易快照
30023041,923000006,CDXL,3.2,2,2017/2/8,20170103CDLG000510025146,B024-TXN-03471,已成交,用户提供的历史交易快照
30038941,911010002,CDXL,17.62,1,2017/2/9,20170103CDLG000510025146,B024-TXN-03472,已成交,用户提供的历史交易快照
30096418,912060403,CDXL,19.42,1,2017/2/10,20170103CDLG000510025147,B024-TXN-03473,已成交,用户提供的历史交易快照
30031870,915030401,CDXL,6.58,1,2017/2/11,20170103CDLG000510025147,B024-TXN-03474,已成交,用户提供的历史交易快照
30008276,911010501,CDXL,15.42,0,2017/2/12,20170103CDLG000510025148,B024-TXN-03475,已成交,用户提供的历史交易快照
30033854,910000000,CDXL,9.62,1,2017/2/13,20170103CDLG000510025149,B024-TXN-03476,已成交,用户提供的历史交易快照
30206214,910000000,CDXL,15.62,1,2017/2/14,20170103CDLG000510025150,B024-TXN-03477,已成交,用户提供的历史交易快照
30129510,925090000,CDXL,23.21,0,2017/2/15,20170103CDLG000510025151,B024-TXN-03478,已成交,用户提供的历史交易快照
,,,0.0,0,,,B024-TXN-03479,已成交,用户提供的历史交易快照
,,,0.0,0,,,B024-TXN-03480,已成交,用户提供的历史交易快照
,,,0.0,0,,,B024-TXN-03481,已成交,用户提供的历史交易快照
,,,0.0,0,,,B024-TXN-03482,已成交,用户提供的历史交易快照
,,,0.0,0,,,B024-TXN-03483,已成交,用户提供的历史交易快照
,,,0.0,0,,,B024-TXN-03484,已成交,用户提供的历史交易快照
,,,0.0,0,,,B024-TXN-03485,已成交,用户提供的历史交易快照
,,,0.0,0,,,B024-TXN-03486,已成交,用户提供的历史交易快照
,,,0.0,0,,,B024-TXN-03487,已成交,用户提供的历史交易快照
,,,0.0,0,,,B024-TXN-03488,已成交,用户提供的历史交易快照
,,,0.0,0,,,B024-TXN-03489,已成交,用户提供的历史交易快照
,,,0.0,0,,,B024-TXN-03490,已成交,用户提供的历史交易快照
,,,0.0,0,,,B024-TXN-03491,已成交,用户提供的历史交易快照
,,,0.0,0,,,B024-TXN-03492,已成交,用户提供的历史交易快照
,,,0.0,0,,,B024-TXN-03493,已成交,用户提供的历史交易快照
,,,0.0,0,,,B024-TXN-03494,已成交,用户提供的历史交易快照
,,,0.0,0,,,B024-TXN-03495,已成交,用户提供的历史交易快照
,,,0.0,0,,,B024-TXN-03496,已成交,用户提供的历史交易快照
,,,0.0,0,,,B024-TXN-03497,已成交,用户提供的历史交易快照
,,,0.0,0,,,B024-TXN-03498,已成交,用户提供的历史交易快照
,,,0.0,0,,,B024-TXN-03499,已成交,用户提供的历史交易快照
,,,0.0,0,,,B024-TXN-03500,已成交,用户提供的历史交易快照
,,,0.0,0,,,B024-TXN-03501,已成交,用户提供的历史交易快照
,,,0.0,0,,,B024-TXN-03502,已成交,用户提供的历史交易快照
,,,0.0,0,,,B024-TXN-03503,已成交,用户提供的历史交易快照
,,,0.0,0,,,B024-TXN-03504,已成交,用户提供的历史交易快照
,,,0.0,0,,,B024-TXN-03505,已成交,用户提供的历史交易快照
,,,0.0,0,,,B024-TXN-03506,已成交,用户提供的历史交易快照
,,,0.0,0,,,B024-TXN-03507,已成交,用户提供的历史交易快照
,,,0.0,0,,,B024-TXN-03508,已成交,用户提供的历史交易快照
,,,0.0,0,,,B024-TXN-03509,已成交,用户提供的历史交易快照
,,,0.0,0,,,B024-TXN-03510,已成交,用户提供的历史交易快照
,,,0.0,0,,,B024-TXN-03511,已成交,用户提供的历史交易快照
,,,0.0,0,,,B024-TXN-03512,已成交,用户提供的历史交易快照
,,,0.0,0,,,B024-TXN-03513,已成交,用户提供的历史交易快照
,,,0.0,0,,,B024-TXN-03514,已成交,用户提供的历史交易快照
,,,0.0,0,,,B024-TXN-03515,已成交,用户提供的历史交易快照
,,,0.0,0,,,B024-TXN-03516,已成交,用户提供的历史交易快照
,,,0.0,0,,,B024-TXN-03517,已成交,用户提供的历史交易快照
,,,0.0,0,,,B024-TXN-03518,已成交,用户提供的历史交易快照
,,,0.0,0,,,B024-TXN-03519,已成交,用户提供的历史交易快照
,,,0.0,0,,,B024-TXN-03520,已成交,用户提供的历史交易快照
,,,0.0,0,,,B024-TXN-03521,已成交,用户提供的历史交易快照
,,,0.0,0,,,B024-TXN-03522,已成交,用户提供的历史交易快照
,,,0.0,0,,,B024-TXN-03523,已成交,用户提供的历史交易快照
,,,0.0,0,,,B024-TXN-03524,已成交,用户提供的历史交易快照
,,,0.0,0,,,B024-TXN-03525,已成交,用户提供的历史交易快照
,,,0.0,0,,,B024-TXN-03526,已成交,用户提供的历史交易快照
,,,0.0,0,,,B024-TXN-03527,已成交,用户提供的历史交易快照
,,,0.0,0,,,B024-TXN-03528,已成交,用户提供的历史交易快照
,,,0.0,0,,,B024-TXN-03529,已成交,用户提供的历史交易快照
,,,0.0,0,,,B024-TXN-03530,已成交,用户提供的历史交易快照
,,,0.0,0,,,B024-TXN-03531,已成交,用户提供的历史交易快照
,,,0.0,0,,,B024-TXN-03532,已成交,用户提供的历史交易快照
,,,0.0,0,,,B024-TXN-03533,已成交,用户提供的历史交易快照
,,,0.0,0,,,B024-TXN-03534,已成交,用户提供的历史交易快照
,,,0.0,0,,,B024-TXN-03535,已成交,用户提供的历史交易快照
,,,0.0,0,,,B024-TXN-03536,已成交,用户提供的历史交易快照
,,,0.0,0,,,B024-TXN-03537,已成交,用户提供的历史交易快照
,,,0.0,0,,,B024-TXN-03538,已成交,用户提供的历史交易快照
,,,0.0,0,,,B024-TXN-03539,已成交,用户提供的历史交易快照
,,,0.0,0,,,B024-TXN-03540,已成交,用户提供的历史交易快照
,,,0.0,0,,,B024-TXN-03541,已成交,用户提供的历史交易快照
,,,0.0,0,,,B024-TXN-03542,已成交,用户提供的历史交易快照
,,,0.0,0,,,B024-TXN-03543,已成交,用户提供的历史交易快照
,,,0.0,0,,,B024-TXN-03544,已成交,用户提供的历史交易快照
,,,0.0,0,,,B024-TXN-03545,已成交,用户提供的历史交易快照
,,,0.0,0,,,B024-TXN-03546,已成交,用户提供的历史交易快照
,,,0.0,0,,,B024-TXN-03547,已成交,用户提供的历史交易快照
,,,0.0,0,,,B024-TXN-03548,已成交,用户提供的历史交易快照
,,,0.0,0,,,B024-TXN-03549,已成交,用户提供的历史交易快照
,,,0.0,0,,,B024-TXN-03550,已成交,用户提供的历史交易快照
,,,0.0,0,,,B024-TXN-03551,已成交,用户提供的历史交易快照
,,,0.0,0,,,B024-TXN-03552,已成交,用户提供的历史交易快照
,,,0.0,0,,,B024-TXN-03553,已成交,用户提供的历史交易快照
,,,0.0,0,,,B024-TXN-03554,已成交,用户提供的历史交易快照
,,,0.0,0,,,B024-TXN-03555,已成交,用户提供的历史交易快照
,,,0.0,0,,,B024-TXN-03556,已成交,用户提供的历史交易快照
,,,0.0,0,,,B024-TXN-03557,已成交,用户提供的历史交易快照
,,,0.0,0,,,B024-TXN-03558,已成交,用户提供的历史交易快照
,,,0.0,0,,,B024-TXN-03559,已成交,用户提供的历史交易快照
,,,0.0,0,,,B024-TXN-03560,已成交,用户提供的历史交易快照
,,,0.0,0,,,B024-TXN-03561,已成交,用户提供的历史交易快照
,,,0.0,0,,,B024-TXN-03562,已成交,用户提供的历史交易快照
,,,0.0,0,,,B024-TXN-03563,已成交,用户提供的历史交易快照
,,,0.0,0,,,B024-TXN-03564,已成交,用户提供的历史交易快照
,,,0.0,0,,,B024-TXN-03565,已成交,用户提供的历史交易快照
,,,0.0,0,,,B024-TXN-03566,已成交,用户提供的历史交易快照
,,,0.0,0,,,B024-TXN-03567,已成交,用户提供的历史交易快照
,,,0.0,0,,,B024-TXN-03568,已成交,用户提供的历史交易快照
,,,0.0,0,,,B024-TXN-03569,已成交,用户提供的历史交易快照
,,,0.0,0,,,B024-TXN-03570,已成交,用户提供的历史交易快照
,,,0.0,0,,,B024-TXN-03571,已成交,用户提供的历史交易快照
,,,0.0,0,,,B024-TXN-03572,已成交,用户提供的历史交易快照
,,,0.0,0,,,B024-TXN-03573,已成交,用户提供的历史交易快照
,,,0.0,0,,,B024-TXN-03574,已成交,用户提供的历史交易快照
,,,0.0,0,,,B024-TXN-03575,已成交,用户提供的历史交易快照
,,,0.0,0,,,B024-TXN-03576,已成交,用户提供的历史交易快照
,,,0.0,0,,,B024-TXN-03577,已成交,用户提供的历史交易快照
,,,0.0,0,,,B024-TXN-03578,已成交,用户提供的历史交易快照
,,,0.0,0,,,B024-TXN-03579,已成交,用户提供的历史交易快照
,,,0.0,0,,,B024-TXN-03580,已成交,用户提供的历史交易快照
,,,0.0,0,,,B024-TXN-03581,已成交,用户提供的历史交易快照
,,,0.0,0,,,B024-TXN-03582,已成交,用户提供的历史交易快照
,,,0.0,0,,,B024-TXN-03583,已成交,用户提供的历史交易快照
,,,0.0,0,,,B024-TXN-03584,已成交,用户提供的历史交易快照
,,,0.0,0,,,B024-TXN-03585,已成交,用户提供的历史交易快照
,,,0.0,0,,,B024-TXN-03586,已成交,用户提供的历史交易快照
,,,0.0,0,,,B024-TXN-03587,已成交,用户提供的历史交易快照
,,,0.0,0,,,B024-TXN-03588,已成交,用户提供的历史交易快照
,,,0.0,0,,,B024-TXN-03589,已成交,用户提供的历史交易快照
,,,0.0,0,,,B024-TXN-03590,已成交,用户提供的历史交易快照
,,,0.0,0,,,B024-TXN-03591,已成交,用户提供的历史交易快照
,,,0.0,0,,,B024-TXN-03592,已成交,用户提供的历史交易快照
,,,0.0,0,,,B024-TXN-03593,已成交,用户提供的历史交易快照
,,,0.0,0,,,B024-TXN-03594,已成交,用户提供的历史交易快照
,,,0.0,0,,,B024-TXN-03595,已成交,用户提供的历史交易快照
,,,0.0,0,,,B024-TXN-03596,已成交,用户提供的历史交易快照
,,,0.0,0,,,B024-TXN-03597,已成交,用户提供的历史交易快照
,,,0.0,0,,,B024-TXN-03598,已成交,用户提供的历史交易快照
,,,0.0,0,,,B024-TXN-03599,已成交,用户提供的历史交易快照
,,,0.0,0,,,B024-TXN-03600,已成交,用户提供的历史交易快照
,,,0.0,0,,,B024-TXN-03601,已成交,用户提供的历史交易快照
,,,0.0,0,,,B024-TXN-03602,已成交,用户提供的历史交易快照
,,,0.0,0,,,B024-TXN-03603,已成交,用户提供的历史交易快照
,,,0.0,0,,,B024-TXN-03604,已成交,用户提供的历史交易快照
,,,0.0,0,,,B024-TXN-03605,已成交,用户提供的历史交易快照
,,,0.0,0,,,B024-TXN-03606,已成交,用户提供的历史交易快照
,,,0.0,0,,,B024-TXN-03607,已成交,用户提供的历史交易快照
,,,0.0,0,,,B024-TXN-03608,已成交,用户提供的历史交易快照
,,,0.0,0,,,B024-TXN-03609,已成交,用户提供的历史交易快照
,,,0.0,0,,,B024-TXN-03610,已成交,用户提供的历史交易快照
,,,0.0,0,,,B024-TXN-03611,已成交,用户提供的历史交易快照
,,,0.0,0,,,B024-TXN-03612,已成交,用户提供的历史交易快照
,,,0.0,0,,,B024-TXN-03613,已成交,用户提供的历史交易快照
,,,0.0,0,,,B024-TXN-03614,已成交,用户提供的历史交易快照
,,,0.0,0,,,B024-TXN-03615,已成交,用户提供的历史交易快照
,,,0.0,0,,,B024-TXN-03616,已成交,用户提供的历史交易快照
,,,0.0,0,,,B024-TXN-03617,已成交,用户提供的历史交易快照
,,,0.0,0,,,B024-TXN-03618,已成交,用户提供的历史交易快照
,,,0.0,0,,,B024-TXN-03619,已成交,用户提供的历史交易快照
,,,0.0,0,,,B024-TXN-03620,已成交,用户提供的历史交易快照
,,,0.0,0,,,B024-TXN-03621,已成交,用户提供的历史交易快照
,,,0.0,0,,,B024-TXN-03622,已成交,用户提供的历史交易快照
,,,0.0,0,,,B024-TXN-03623,已成交,用户提供的历史交易快照
,,,0.0,0,,,B024-TXN-03624,已成交,用户提供的历史交易快照
,,,0.0,0,,,B024-TXN-03625,已成交,用户提供的历史交易快照
,,,0.0,0,,,B024-TXN-03626,已成交,用户提供的历史交易快照
,,,0.0,0,,,B024-TXN-03627,已成交,用户提供的历史交易快照
,,,0.0,0,,,B024-TXN-03628,已成交,用户提供的历史交易快照
,,,0.0,0,,,B024-TXN-03629,已成交,用户提供的历史交易快照
,,,0.0,0,,,B024-TXN-03630,已成交,用户提供的历史交易快照
,,,0.0,0,,,B024-TXN-03631,已成交,用户提供的历史交易快照
,,,0.0,0,,,B024-TXN-03632,已成交,用户提供的历史交易快照
,,,0.0,0,,,B024-TXN-03633,已成交,用户提供的历史交易快照
,,,0.0,0,,,B024-TXN-03634,已成交,用户提供的历史交易快照
,,,0.0,0,,,B024-TXN-03635,已成交,用户提供的历史交易快照
,,,0.0,0,,,B024-TXN-03636,已成交,用户提供的历史交易快照
,,,0.0,0,,,B024-TXN-03637,已成交,用户提供的历史交易快照
,,,0.0,0,,,B024-TXN-03638,已成交,用户提供的历史交易快照
,,,0.0,0,,,B024-TXN-03639,已成交,用户提供的历史交易快照
,,,0.0,0,,,B024-TXN-03640,已成交,用户提供的历史交易快照
,,,0.0,0,,,B024-TXN-03641,已成交,用户提供的历史交易快照
,,,0.0,0,,,B024-TXN-03642,已成交,用户提供的历史交易快照
,,,0.0,0,,,B024-TXN-03643,已成交,用户提供的历史交易快照
,,,0.0,0,,,B024-TXN-03644,已成交,用户提供的历史交易快照
,,,0.0,0,,,B024-TXN-03645,已成交,用户提供的历史交易快照
,,,0.0,0,,,B024-TXN-03646,已成交,用户提供的历史交易快照
,,,0.0,0,,,B024-TXN-03647,已成交,用户提供的历史交易快照
,,,0.0,0,,,B024-TXN-03648,已成交,用户提供的历史交易快照
,,,0.0,0,,,B024-TXN-03649,已成交,用户提供的历史交易快照
,,,0.0,0,,,B024-TXN-03650,已成交,用户提供的历史交易快照
,,,0.0,0,,,B024-TXN-03651,已成交,用户提供的历史交易快照
,,,0.0,0,,,B024-TXN-03652,已成交,用户提供的历史交易快照
,,,0.0,0,,,B024-TXN-03653,已成交,用户提供的历史交易快照
,,,0.0,0,,,B024-TXN-03654,已成交,用户提供的历史交易快照
,,,0.0,0,,,B024-TXN-03655,已成交,用户提供的历史交易快照
,,,0.0,0,,,B024-TXN-03656,已成交,用户提供的历史交易快照
,,,0.0,0,,,B024-TXN-03657,已成交,用户提供的历史交易快照
,,,0.0,0,,,B024-TXN-03658,已成交,用户提供的历史交易快照
,,,0.0,0,,,B024-TXN-03659,已成交,用户提供的历史交易快照
,,,0.0,0,,,B024-TXN-03660,已成交,用户提供的历史交易快照
,,,0.0,0,,,B024-TXN-03661,已成交,用户提供的历史交易快照
,,,0.0,0,,,B024-TXN-03662,已成交,用户提供的历史交易快照
,,,0.0,0,,,B024-TXN-03663,已成交,用户提供的历史交易快照
,,,0.0,0,,,B024-TXN-03664,已成交,用户提供的历史交易快照
,,,0.0,0,,,B024-TXN-03665,已成交,用户提供的历史交易快照
,,,0.0,0,,,B024-TXN-03666,已成交,用户提供的历史交易快照
,,,0.0,0,,,B024-TXN-03667,已成交,用户提供的历史交易快照
,,,0.0,0,,,B024-TXN-03668,已成交,用户提供的历史交易快照
,,,0.0,0,,,B024-TXN-03669,已成交,用户提供的历史交易快照
,,,0.0,0,,,B024-TXN-03670,已成交,用户提供的历史交易快照
,,,0.0,0,,,B024-TXN-03671,已成交,用户提供的历史交易快照
,,,0.0,0,,,B024-TXN-03672,已成交,用户提供的历史交易快照
,,,0.0,0,,,B024-TXN-03673,已成交,用户提供的历史交易快照
,,,0.0,0,,,B024-TXN-03674,已成交,用户提供的历史交易快照
,,,0.0,0,,,B024-TXN-03675,已成交,用户提供的历史交易快照
,,,0.0,0,,,B024-TXN-03676,已成交,用户提供的历史交易快照
,,,0.0,0,,,B024-TXN-03677,已成交,用户提供的历史交易快照
,,,0.0,0,,,B024-TXN-03678,已成交,用户提供的历史交易快照
,,,0.0,0,,,B024-TXN-03679,已成交,用户提供的历史交易快照
,,,0.0,0,,,B024-TXN-03680,已成交,用户提供的历史交易快照
,,,0.0,0,,,B024-TXN-03681,已成交,用户提供的历史交易快照
,,,0.0,0,,,B024-TXN-03682,已成交,用户提供的历史交易快照
,,,0.0,0,,,B024-TXN-03683,已成交,用户提供的历史交易快照
,,,0.0,0,,,B024-TXN-03684,已成交,用户提供的历史交易快照
,,,0.0,0,,,B024-TXN-03685,已成交,用户提供的历史交易快照
,,,0.0,0,,,B024-TXN-03686,已成交,用户提供的历史交易快照
,,,0.0,0,,,B024-TXN-03687,已成交,用户提供的历史交易快照
,,,0.0,0,,,B024-TXN-03688,已成交,用户提供的历史交易快照
,,,0.0,0,,,B024-TXN-03689,已成交,用户提供的历史交易快照
,,,0.0,0,,,B024-TXN-03690,已成交,用户提供的历史交易快照
,,,0.0,0,,,B024-TXN-03691,已成交,用户提供的历史交易快照
,,,0.0,0,,,B024-TXN-03692,已成交,用户提供的历史交易快照
,,,0.0,0,,,B024-TXN-03693,已成交,用户提供的历史交易快照
,,,0.0,0,,,B024-TXN-03694,已成交,用户提供的历史交易快照
,,,0.0,0,,,B024-TXN-03695,已成交,用户提供的历史交易快照
,,,0.0,0,,,B024-TXN-03696,已成交,用户提供的历史交易快照
,,,0.0,0,,,B024-TXN-03697,已成交,用户提供的历史交易快照
,,,0.0,0,,,B024-TXN-03698,已成交,用户提供的历史交易快照
,,,0.0,0,,,B024-TXN-03699,已成交,用户提供的历史交易快照
,,,0.0,0,,,B024-TXN-03700,已成交,用户提供的历史交易快照
,,,0.0,0,,,B024-TXN-03701,已成交,用户提供的历史交易快照
,,,0.0,0,,,B024-TXN-03702,已成交,用户提供的历史交易快照
,,,0.0,0,,,B024-TXN-03703,已成交,用户提供的历史交易快照
,,,0.0,0,,,B024-TXN-03704,已成交,用户提供的历史交易快照
,,,0.0,0,,,B024-TXN-03705,已成交,用户提供的历史交易快照
,,,0.0,0,,,B024-TXN-03706,已成交,用户提供的历史交易快照
,,,0.0,0,,,B024-TXN-03707,已成交,用户提供的历史交易快照
,,,0.0,0,,,B024-TXN-03708,已成交,用户提供的历史交易快照
,,,0.0,0,,,B024-TXN-03709,已成交,用户提供的历史交易快照
,,,0.0,0,,,B024-TXN-03710,已成交,用户提供的历史交易快照
,,,0.0,0,,,B024-TXN-03711,已成交,用户提供的历史交易快照
,,,0.0,0,,,B024-TXN-03712,已成交,用户提供的历史交易快照
,,,0.0,0,,,B024-TXN-03713,已成交,用户提供的历史交易快照
,,,0.0,0,,,B024-TXN-03714,已成交,用户提供的历史交易快照
,,,0.0,0,,,B024-TXN-03715,已成交,用户提供的历史交易快照
,,,0.0,0,,,B024-TXN-03716,已成交,用户提供的历史交易快照
,,,0.0,0,,,B024-TXN-03717,已成交,用户提供的历史交易快照
,,,0.0,0,,,B024-TXN-03718,已成交,用户提供的历史交易快照
,,,0.0,0,,,B024-TXN-03719,已成交,用户提供的历史交易快照
,,,0.0,0,,,B024-TXN-03720,已成交,用户提供的历史交易快照
,,,0.0,0,,,B024-TXN-03721,已成交,用户提供的历史交易快照
,,,0.0,0,,,B024-TXN-03722,已成交,用户提供的历史交易快照
,,,0.0,0,,,B024-TXN-03723,已成交,用户提供的历史交易快照
,,,0.0,0,,,B024-TXN-03724,已成交,用户提供的历史交易快照
,,,0.0,0,,,B024-TXN-03725,已成交,用户提供的历史交易快照
,,,0.0,0,,,B024-TXN-03726,已成交,用户提供的历史交易快照
,,,0.0,0,,,B024-TXN-03727,已成交,用户提供的历史交易快照
,,,0.0,0,,,B024-TXN-03728,已成交,用户提供的历史交易快照
,,,0.0,0,,,B024-TXN-03729,已成交,用户提供的历史交易快照
,,,0.0,0,,,B024-TXN-03730,已成交,用户提供的历史交易快照
,,,0.0,0,,,B024-TXN-03731,已成交,用户提供的历史交易快照
,,,0.0,0,,,B024-TXN-03732,已成交,用户提供的历史交易快照
,,,0.0,0,,,B024-TXN-03733,已成交,用户提供的历史交易快照
,,,0.0,0,,,B024-TXN-03734,已成交,用户提供的历史交易快照
,,,0.0,0,,,B024-TXN-03735,已成交,用户提供的历史交易快照
,,,0.0,0,,,B024-TXN-03736,已成交,用户提供的历史交易快照
,,,0.0,0,,,B024-TXN-03737,已成交,用户提供的历史交易快照
,,,0.0,0,,,B024-TXN-03738,已成交,用户提供的历史交易快照
,,,0.0,0,,,B024-TXN-03739,已成交,用户提供的历史交易快照
,,,0.0,0,,,B024-TXN-03740,已成交,用户提供的历史交易快照
,,,0.0,0,,,B024-TXN-03741,已成交,用户提供的历史交易快照
,,,0.0,0,,,B024-TXN-03742,已成交,用户提供的历史交易快照
,,,0.0,0,,,B024-TXN-03743,已成交,用户提供的历史交易快照
,,,0.0,0,,,B024-TXN-03744,已成交,用户提供的历史交易快照
30006206,915000003,CDNL,25.23,0,2017/1/3 9:56,20170103CDLG000210052759,B024-TXN-03745,已成交,用户提供的历史交易快照
30163281,914010000,CDNL,2.0,2,2017/1/3 9:56,20170103CDLG000210052759,B024-TXN-03746,已成交,用户提供的历史交易快照
30200518,922000000,CDNL,19.62,0,2017/1/3 9:56,20170103CDLG000210052759,B024-TXN-03747,已成交,用户提供的历史交易快照
29989105,922000000,CDNL,2.8,2,2017/1/3 9:56,20170103CDLG000210052759,B024-TXN-03748,已成交,用户提供的历史交易快照
30179558,915000100,CDNL,47.41,0,2017/1/3 9:56,20170103CDLG000210052759,B024-TXN-03749,已成交,用户提供的历史交易快照
30022232,960000000,CDNL,0.3,1,2017/1/3 9:56,20170103CDLG000210052759,B024-TXN-03750,已成交,用户提供的历史交易快照
30179520,915000100,CDNL,77.52,0,2017/1/3 9:56,20170103CDLG000210052759,B024-TXN-03751,已成交,用户提供的历史交易快照
30184351,915000106,CDNL,15.57,0,2017/1/3 9:56,20170103CDLG000210052759,B024-TXN-03752,已成交,用户提供的历史交易快照
30184351,915000106,CDNL,15.58,0,2017/1/3 9:56,20170103CDLG000210052759,B024-TXN-03753,已成交,用户提供的历史交易快照
29989059,922000003,CDNL,1.98,1,2017/1/3 9:56,20170103CDLG000210052759,B024-TXN-03754,已成交,用户提供的历史交易快照
30214802,925090000,CDNL,27.43,1,2017/1/3 9:57,20170103CDLG000210052760,B024-TXN-03755,已成交,用户提供的历史交易快照
30006343,915030400,CDNL,3.98,2,2017/1/3 9:57,20170103CDLG000210052760,B024-TXN-03756,已成交,用户提供的历史交易快照
30214814,925090000,CDNL,33.43,2,2017/1/3 9:57,20170103CDLG000210052760,B024-TXN-03757,已成交,用户提供的历史交易快照
30031870,915030401,CDNL,8.17,2,2017/1/3 9:57,20170103CDLG000210052760,B024-TXN-03758,已成交,用户提供的历史交易快照
29989059,922000003,CDNL,1.98,2,2017/1/3 9:57,20170103CDLG000210052760,B024-TXN-03759,已成交,用户提供的历史交易快照
30077387,930000204,CDNL,18.52,1,2017/1/3 9:59,20170103CDLG000210052761,B024-TXN-03760,已成交,用户提供的历史交易快照
30008381,912060301,CDNL,19.44,0,2017/1/3 9:59,20170103CDLG000210052761,B024-TXN-03761,已成交,用户提供的历史交易快照
29989153,923000006,CDNL,7.6,1,2017/1/3 9:59,20170103CDLG000210052761,B024-TXN-03762,已成交,用户提供的历史交易快照
30008276,911010501,CDNL,15.43,0,2017/1/3 9:59,20170103CDLG000210052761,B024-TXN-03763,已成交,用户提供的历史交易快照
29991814,930000204,CDNL,19.52,1,2017/1/3 9:59,20170103CDLG000210052761,B024-TXN-03764,已成交,用户提供的历史交易快照
30022232,960000000,CDNL,0.3,1,2017/1/3 9:59,20170103CDLG000210052761,B024-TXN-03765,已成交,用户提供的历史交易快照
30008274,911010501,CDNL,27.21,1,2017/1/3 9:59,20170103CDLG000210052761,B024-TXN-03766,已成交,用户提供的历史交易快照
30026255,915030104,CDNL,3.32,3,2017/1/3 10:00,20170103CDLG000210052762,B024-TXN-03767,已成交,用户提供的历史交易快照
30133582,914050000,CDNL,1.5,1,2017/1/3 10:00,20170103CDLG000210052763,B024-TXN-03768,已成交,用户提供的历史交易快照
30133582,914050000,CDNL,1.5,1,2017/1/3 10:00,20170103CDLG000210052763,B024-TXN-03769,已成交,用户提供的历史交易快照
30133582,914050000,CDNL,1.5,1,2017/1/3 10:00,20170103CDLG000210052763,B024-TXN-03770,已成交,用户提供的历史交易快照
30023041,923000006,CDNL,3.2,1,2017/1/3 10:00,20170103CDLG000210052764,B024-TXN-03771,已成交,用户提供的历史交易快照
29989099,922000008,CDNL,1.58,1,2017/1/3 10:00,20170103CDLG000210052764,B024-TXN-03772,已成交,用户提供的历史交易快照
29989098,922000001,CDNL,2.8,0,2017/1/3 10:01,20170103CDLG000210052765,B024-TXN-03773,已成交,用户提供的历史交易快照
29989077,922000008,CDNL,11.59,1,2017/1/3 10:01,20170103CDLG000210052765,B024-TXN-03774,已成交,用户提供的历史交易快照
30096418,912060403,CDNL,19.41,0,2017/1/3 10:01,20170103CDLG000210052765,B024-TXN-03775,已成交,用户提供的历史交易快照
30188224,932010109,CDNL,2.5,1,2017/1/3 10:01,20170103CDLG000210052765,B024-TXN-03776,已成交,用户提供的历史交易快照
30007658,910020000,CDNL,0.8,1,2017/1/3 10:06,20170103CDLG000210052766,B024-TXN-03777,已成交,用户提供的历史交易快照
30056637,910020302,CDNL,2.62,1,2017/1/3 10:06,20170103CDLG000210052766,B024-TXN-03778,已成交,用户提供的历史交易快照
30008217,911010300,CDNL,7.52,1,2017/1/3 10:06,20170103CDLG000210052767,B024-TXN-03779,已成交,用户提供的历史交易快照
30020052,923000002,CDNL,6.2,1,2017/1/3 10:06,20170103CDLG000210052767,B024-TXN-03780,已成交,用户提供的历史交易快照
29989059,922000003,CDNL,1.98,1,2017/1/3 10:06,20170103CDLG000210052767,B024-TXN-03781,已成交,用户提供的历史交易快照
30096418,912060403,CDNL,19.42,2,2017/1/3 10:07,20170103CDLG000210052768,B024-TXN-03782,已成交,用户提供的历史交易快照
30165986,914000002,CDNL,9.52,1,2017/1/3 10:07,20170103CDLG000210052768,B024-TXN-03783,已成交,用户提供的历史交易快照
30023041,923000006,CDNL,3.2,1,2017/1/3 10:09,20170103CDLG000210052769,B024-TXN-03784,已成交,用户提供的历史交易快照
30002974,913020003,CDNL,23.62,1,2017/1/3 10:09,20170103CDLG000210052769,B024-TXN-03785,已成交,用户提供的历史交易快照
29989059,922000003,CDNL,1.98,1,2017/1/3 10:10,20170103CDLG000210052770,B024-TXN-03786,已成交,用户提供的历史交易快照
29989059,922000003,CDNL,1.98,1,2017/1/3 10:10,20170103CDLG000210052770,B024-TXN-03787,已成交,用户提供的历史交易快照
29989059,922000003,CDNL,1.98,1,2017/1/3 10:10,20170103CDLG000210052770,B024-TXN-03788,已成交,用户提供的历史交易快照
29989059,922000003,CDNL,1.98,2,2017/1/3 10:10,20170103CDLG000210052770,B024-TXN-03789,已成交,用户提供的历史交易快照
29989059,922000003,CDNL,1.98,1,2017/1/3 10:11,20170103CDLG000210052771,B024-TXN-03790,已成交,用户提供的历史交易快照
29989059,922000003,CDNL,1.98,2,2017/1/3 10:11,20170103CDLG000210052771,B024-TXN-03791,已成交,用户提供的历史交易快照
30020145,915030104,CDNL,4.16,3,2017/1/3 10:11,20170103CDLG000210052772,B024-TXN-03792,已成交,用户提供的历史交易快照
30020055,923000002,CDNL,9.6,1,2017/1/3 10:12,20170103CDLG000210052773,B024-TXN-03793,已成交,用户提供的历史交易快照
29989077,922000008,CDNL,11.61,0,2017/1/3 10:12,20170103CDLG000210052773,B024-TXN-03794,已成交,用户提供的历史交易快照
29989059,922000003,CDNL,1.98,2,2017/1/3 10:12,20170103CDLG000210052773,B024-TXN-03795,已成交,用户提供的历史交易快照
29989143,923000001,CDNL,5.0,2,2017/1/3 10:12,20170103CDLG000210052773,B024-TXN-03796,已成交,用户提供的历史交易快照
30006039,915010001,CDNL,11.58,1,2017/1/3 10:13,20170103CDLG000210052774,B024-TXN-03797,已成交,用户提供的历史交易快照
29989059,922000003,CDNL,1.98,2,2017/1/3 10:13,20170103CDLG000210052775,B024-TXN-03798,已成交,用户提供的历史交易快照
29989613,922000005,CDNL,2.8,1,2017/1/3 10:16,20170103CDLG000210052776,B024-TXN-03799,已成交,用户提供的历史交易快照
29989156,923000000,CDNL,10.79,1,2017/1/3 10:17,20170103CDLG000210052777,B024-TXN-03800,已成交,用户提供的历史交易快照
30020265,923010000,CDNL,29.4,1,2017/1/3 10:17,20170103CDLG000210052777,B024-TXN-03801,已成交,用户提供的历史交易快照
30023041,923000006,CDNL,3.2,1,2017/1/3 10:17,20170103CDLG000210052777,B024-TXN-03802,已成交,用户提供的历史交易快照
29989081,922000000,CDNL,8.17,0,2017/1/3 10:17,20170103CDLG000210052777,B024-TXN-03803,已成交,用户提供的历史交易快照
29989143,923000001,CDNL,5.0,1,2017/1/3 10:17,20170103CDLG000210052777,B024-TXN-03804,已成交,用户提供的历史交易快照
30023041,923000006,CDNL,3.2,2,2017/1/3 10:18,20170103CDLG000210052778,B024-TXN-03805,已成交,用户提供的历史交易快照
30118305,930040104,CDNL,19.52,1,2017/1/3 10:21,20170103CDLG000210052780,B024-TXN-03806,已成交,用户提供的历史交易快照
30199833,930040000,CDNL,9.52,1,2017/1/3 10:21,20170103CDLG000210052780,B024-TXN-03807,已成交,用户提供的历史交易快照
30205064,930040200,CDNL,29.52,1,2017/1/3 10:21,20170103CDLG000210052780,B024-TXN-03808,已成交,用户提供的历史交易快照
30020693,930040104,CDNL,22.52,1,2017/1/3 10:21,20170103CDLG000210052780,B024-TXN-03809,已成交,用户提供的历史交易快照
30020693,930040104,CDNL,22.52,1,2017/1/3 10:21,20170103CDLG000210052780,B024-TXN-03810,已成交,用户提供的历史交易快照
30167702,930040000,CDNL,5.52,1,2017/1/3 10:21,20170103CDLG000210052780,B024-TXN-03811,已成交,用户提供的历史交易快照
30176919,930040000,CDNL,18.42,1,2017/1/3 10:21,20170103CDLG000210052780,B024-TXN-03812,已成交,用户提供的历史交易快照
29989059,922000003,CDNL,1.98,1,2017/1/3 10:21,20170103CDLG000210052780,B024-TXN-03813,已成交,用户提供的历史交易快照
29989059,922000003,CDNL,1.98,1,2017/1/3 10:21,20170103CDLG000210052780,B024-TXN-03814,已成交,用户提供的历史交易快照
30075540,930040200,CDNL,29.52,1,2017/1/3 10:21,20170103CDLG000210052780,B024-TXN-03815,已成交,用户提供的历史交易快照
30075540,930040200,CDNL,29.52,1,2017/1/3 10:21,20170103CDLG000210052780,B024-TXN-03816,已成交,用户提供的历史交易快照
29989105,922000000,CDNL,2.8,1,2017/1/3 10:21,20170103CDLG000210052781,B024-TXN-03817,已成交,用户提供的历史交易快照
29989058,922000001,CDNL,1.98,2,2017/1/3 10:21,20170103CDLG000210052781,B024-TXN-03818,已成交,用户提供的历史交易快照
30020249,923000002,CDNL,1.98,1,2017/1/3 10:23,20170103CDLG000210052782,B024-TXN-03819,已成交,用户提供的历史交易快照
30023187,922000003,CDNL,3.2,0,2017/1/3 10:23,20170103CDLG000210052782,B024-TXN-03820,已成交,用户提供的历史交易快照
30113344,912060303,CDNL,13.43,1,2017/1/3 10:23,20170103CDLG000210052782,B024-TXN-03821,已成交,用户提供的历史交易快照
29989059,922000003,CDNL,1.98,1,2017/1/3 10:23,20170103CDLG000210052782,B024-TXN-03822,已成交,用户提供的历史交易快照
29989059,922000003,CDNL,1.98,1,2017/1/3 10:23,20170103CDLG000210052783,B024-TXN-03823,已成交,用户提供的历史交易快照
29989540,924020000,CDNL,11.58,0,2017/1/3 10:25,20170103CDLG000210052784,B024-TXN-03824,已成交,用户提供的历史交易快照
29989077,922000008,CDNL,11.58,0,2017/1/3 10:25,20170103CDLG000210052784,B024-TXN-03825,已成交,用户提供的历史交易快照
30113344,912060303,CDNL,13.41,1,2017/1/3 10:25,20170103CDLG000210052784,B024-TXN-03826,已成交,用户提供的历史交易快照
29989061,922000000,CDNL,5.6,2,2017/1/3 10:27,20170103CDLG000210052786,B024-TXN-03827,已成交,用户提供的历史交易快照
29989059,922000003,CDNL,1.98,1,2017/1/3 10:27,20170103CDLG000210052786,B024-TXN-03828,已成交,用户提供的历史交易快照
29989059,922000003,CDNL,1.98,1,2017/1/3 10:27,20170103CDLG000210052786,B024-TXN-03829,已成交,用户提供的历史交易快照
29989059,922000003,CDNL,1.98,2,2017/1/3 10:27,20170103CDLG000210052786,B024-TXN-03830,已成交,用户提供的历史交易快照
29989059,922000003,CDNL,1.98,2,2017/1/3 10:27,20170103CDLG000210052786,B024-TXN-03831,已成交,用户提供的历史交易快照
30128249,912020100,CDNL,3.32,1,2017/1/3 10:28,20170103CDLG000210052787,B024-TXN-03832,已成交,用户提供的历史交易快照
30128249,912020100,CDNL,3.32,1,2017/1/3 10:28,20170103CDLG000210052787,B024-TXN-03833,已成交,用户提供的历史交易快照
30126246,910010500,CDNL,13.62,1,2017/1/3 10:28,20170103CDLG000210052787,B024-TXN-03834,已成交,用户提供的历史交易快照
30023177,922000103,CDNL,6.2,0,2017/1/3 10:28,20170103CDLG000210052787,B024-TXN-03835,已成交,用户提供的历史交易快照
30126250,910010500,CDNL,13.62,1,2017/1/3 10:28,20170103CDLG000210052787,B024-TXN-03836,已成交,用户提供的历史交易快照
30007799,910030000,CDNL,8.62,1,2017/1/3 10:28,20170103CDLG000210052787,B024-TXN-03837,已成交,用户提供的历史交易快照
30022232,960000000,CDNL,0.3,1,2017/1/3 10:28,20170103CDLG000210052787,B024-TXN-03838,已成交,用户提供的历史交易快照
30017275,911000100,CDNL,13.42,1,2017/1/3 10:28,20170103CDLG000210052787,B024-TXN-03839,已成交,用户提供的历史交易快照
30020252,923000002,CDNL,11.6,1,2017/1/3 10:28,20170103CDLG000210052787,B024-TXN-03840,已成交,用户提供的历史交易快照
30023197,922000003,CDNL,6.79,0,2017/1/3 10:28,20170103CDLG000210052787,B024-TXN-03841,已成交,用户提供的历史交易快照
30156417,912020104,CDNL,8.32,1,2017/1/3 10:28,20170103CDLG000210052787,B024-TXN-03842,已成交,用户提供的历史交易快照
30203546,912020104,CDNL,8.32,1,2017/1/3 10:28,20170103CDLG000210052787,B024-TXN-03843,已成交,用户提供的历史交易快照
30006263,914100001,CDNL,5.52,1,2017/1/3 10:29,20170103CDLG000210052788,B024-TXN-03844,已成交,用户提供的历史交易快照
30006231,914100000,CDNL,5.52,1,2017/1/3 10:29,20170103CDLG000210052788,B024-TXN-03845,已成交,用户提供的历史交易快照
30119171,915030306,CDNL,10.62,1,2017/1/3 10:29,20170103CDLG000210052788,B024-TXN-03846,已成交,用户提供的历史交易快照
29989540,924020000,CDNL,11.6,0,2017/1/3 10:31,20170103CDLG000210052789,B024-TXN-03847,已成交,用户提供的历史交易快照
30023192,922000000,CDNL,9.62,0,2017/1/3 10:31,20170103CDLG000210052789,B024-TXN-03848,已成交,用户提供的历史交易快照
30023195,922000001,CDNL,1.98,0,2017/1/3 10:31,20170103CDLG000210052789,B024-TXN-03849,已成交,用户提供的历史交易快照
30012622,912030001,CDNL,3.32,1,2017/1/3 10:31,20170103CDLG000210052789,B024-TXN-03850,已成交,用户提供的历史交易快照
30006206,915000003,CDNL,25.22,0,2017/1/3 10:32,20170103CDLG000210052790,B024-TXN-03851,已成交,用户提供的历史交易快照
30031870,915030401,CDNL,6.58,1,2017/1/3 10:32,20170103CDLG000210052790,B024-TXN-03852,已成交,用户提供的历史交易快照
30031870,915030401,CDNL,6.58,3,2017/1/3 10:33,20170103CDLG000210052791,B024-TXN-03853,已成交,用户提供的历史交易快照
30120695,914110004,CDNL,6.12,1,2017/1/3 10:33,20170103CDLG000210052792,B024-TXN-03854,已成交,用户提供的历史交易快照
30200518,922000000,CDNL,19.62,0,2017/1/3 10:33,20170103CDLG000210052792,B024-TXN-03855,已成交,用户提供的历史交易快照
29989152,923000001,CDNL,5.6,1,2017/1/3 10:33,20170103CDLG000210052792,B024-TXN-03856,已成交,用户提供的历史交易快照
29989153,923000006,CDNL,7.6,1,2017/1/3 10:33,20170103CDLG000210052792,B024-TXN-03857,已成交,用户提供的历史交易快照
30022232,960000000,CDNL,0.3,1,2017/1/3 10:33,20170103CDLG000210052792,B024-TXN-03858,已成交,用户提供的历史交易快照
30002234,912060006,CDNL,19.22,0,2017/1/3 10:33,20170103CDLG000210052792,B024-TXN-03859,已成交,用户提供的历史交易快照
30002263,912060008,CDNL,26.78,0,2017/1/3 10:33,20170103CDLG000210052792,B024-TXN-03860,已成交,用户提供的历史交易快照
30040629,922000005,CDNL,15.6,0,2017/1/3 10:33,20170103CDLG000210052792,B024-TXN-03861,已成交,用户提供的历史交易快照
30023194,922000008,CDNL,13.59,0,2017/1/3 10:34,20170103CDLG000210052793,B024-TXN-03862,已成交,用户提供的历史交易快照
29989105,922000000,CDNL,2.8,1,2017/1/3 10:34,20170103CDLG000210052793,B024-TXN-03863,已成交,用户提供的历史交易快照
29989152,923000001,CDNL,5.6,1,2017/1/3 10:34,20170103CDLG000210052793,B024-TXN-03864,已成交,用户提供的历史交易快照
30008276,911010501,CDNL,15.41,1,2017/1/3 10:34,20170103CDLG000210052793,B024-TXN-03865,已成交,用户提供的历史交易快照
30023175,922000103,CDNL,5.6,1,2017/1/3 10:34,20170103CDLG000210052793,B024-TXN-03866,已成交,用户提供的历史交易快照
29989057,922000001,CDNL,2.38,0,2017/1/3 10:34,20170103CDLG000210052793,B024-TXN-03867,已成交,用户提供的历史交易快照
29989073,922000002,CDNL,4.8,1,2017/1/3 10:34,20170103CDLG000210052793,B024-TXN-03868,已成交,用户提供的历史交易快照
30022232,960000000,CDNL,0.3,1,2017/1/3 10:34,20170103CDLG000210052793,B024-TXN-03869,已成交,用户提供的历史交易快照
30203637,923000006,CDNL,3.2,1,2017/1/3 10:34,20170103CDLG000210052793,B024-TXN-03870,已成交,用户提供的历史交易快照
29989084,922000000,CDNL,13.57,0,2017/1/3 10:34,20170103CDLG000210052793,B024-TXN-03871,已成交,用户提供的历史交易快照
29989091,922000000,CDNL,4.2,1,2017/1/3 10:34,20170103CDLG000210052793,B024-TXN-03872,已成交,用户提供的历史交易快照
30020249,923000002,CDNL,1.98,1,2017/1/3 10:35,20170103CDLG000210052794,B024-TXN-03873,已成交,用户提供的历史交易快照
30184351,915000106,CDNL,15.57,1,2017/1/3 10:35,20170103CDLG000210052794,B024-TXN-03874,已成交,用户提供的历史交易快照
29989072,922000002,CDNL,0.78,2,2017/1/3 10:36,20170103CDLG000210052795,B024-TXN-03875,已成交,用户提供的历史交易快照
29989072,922000002,CDNL,0.78,1,2017/1/3 10:36,20170103CDLG000210052795,B024-TXN-03876,已成交,用户提供的历史交易快照
29989059,922000003,CDNL,1.98,1,2017/1/3 10:36,20170103CDLG000210052795,B024-TXN-03877,已成交,用户提供的历史交易快照
29989059,922000003,CDNL,1.98,2,2017/1/3 10:36,20170103CDLG000210052795,B024-TXN-03878,已成交,用户提供的历史交易快照
29989072,922000002,CDNL,0.78,1,2017/1/3 10:36,20170103CDLG000210052796,B024-TXN-03879,已成交,用户提供的历史交易快照
30006325,915030301,CDNL,6.78,1,2017/1/3 10:36,20170103CDLG000210052796,B024-TXN-03880,已成交,用户提供的历史交易快照
29989058,922000001,CDNL,1.98,2,2017/1/3 10:36,20170103CDLG000210052796,B024-TXN-03881,已成交,用户提供的历史交易快照
29989059,922000003,CDNL,1.98,1,2017/1/3 10:36,20170103CDLG000210052796,B024-TXN-03882,已成交,用户提供的历史交易快照
30006214,914110003,CDNL,1.9,5,2017/1/3 10:36,20170103CDLG000210052796,B024-TXN-03883,已成交,用户提供的历史交易快照
30026352,920000202,CDNL,5.22,0,2017/1/3 10:38,20170103CDLG000210052797,B024-TXN-03884,已成交,用户提供的历史交易快照
30023041,923000006,CDNL,3.2,1,2017/1/3 10:38,20170103CDLG000210052797,B024-TXN-03885,已成交,用户提供的历史交易快照
29989073,922000002,CDNL,4.8,0,2017/1/3 10:38,20170103CDLG000210052797,B024-TXN-03886,已成交,用户提供的历史交易快照
30006309,915000103,CDNL,4.78,0,2017/1/3 10:38,20170103CDLG000210052797,B024-TXN-03887,已成交,用户提供的历史交易快照
30020137,915030102,CDNL,5.58,2,2017/1/3 10:41,20170103CDLG000210052798,B024-TXN-03888,已成交,用户提供的历史交易快照
30023192,922000000,CDNL,9.62,0,2017/1/3 10:43,20170103CDLG000210052799,B024-TXN-03889,已成交,用户提供的历史交易快照
29989073,922000002,CDNL,4.8,0,2017/1/3 10:43,20170103CDLG000210052799,B024-TXN-03890,已成交,用户提供的历史交易快照
29989059,922000003,CDNL,1.98,1,2017/1/3 10:43,20170103CDLG000210052799,B024-TXN-03891,已成交,用户提供的历史交易快照
29989059,922000003,CDNL,1.98,1,2017/1/3 10:43,20170103CDLG000210052799,B024-TXN-03892,已成交,用户提供的历史交易快照
29989082,922000000,CDNL,8.78,0,2017/1/3 10:43,20170103CDLG000210052799,B024-TXN-03893,已成交,用户提供的历史交易快照
30023041,923000006,CDNL,3.2,1,2017/1/3 10:43,20170103CDLG000210052800,B024-TXN-03894,已成交,用户提供的历史交易快照
29989143,923000001,CDNL,5.0,2,2017/1/3 10:43,20170103CDLG000210052800,B024-TXN-03895,已成交,用户提供的历史交易快照
30139244,930020502,CDNL,14.52,1,2017/1/3 10:46,20170103CDLG000210052801,B024-TXN-03896,已成交,用户提供的历史交易快照
29989105,922000000,CDNL,2.8,1,2017/1/3 10:47,20170103CDLG000210052802,B024-TXN-03897,已成交,用户提供的历史交易快照
29989105,922000000,CDNL,2.8,1,2017/1/3 10:47,20170103CDLG000210052802,B024-TXN-03898,已成交,用户提供的历史交易快照
29989105,922000000,CDNL,2.8,2,2017/1/3 10:47,20170103CDLG000210052802,B024-TXN-03899,已成交,用户提供的历史交易快照
29989058,922000001,CDNL,1.98,2,2017/1/3 10:47,20170103CDLG000210052802,B024-TXN-03900,已成交,用户提供的历史交易快照
29989058,922000001,CDNL,1.98,2,2017/1/3 10:47,20170103CDLG000210052802,B024-TXN-03901,已成交,用户提供的历史交易快照
29989059,922000003,CDNL,1.98,1,2017/1/3 10:47,20170103CDLG000210052802,B024-TXN-03902,已成交,用户提供的历史交易快照
29989059,922000003,CDNL,1.98,1,2017/1/3 10:47,20170103CDLG000210052802,B024-TXN-03903,已成交,用户提供的历史交易快照
29989059,922000003,CDNL,1.98,2,2017/1/3 10:47,20170103CDLG000210052802,B024-TXN-03904,已成交,用户提供的历史交易快照
29989059,922000003,CDNL,1.98,2,2017/1/3 10:47,20170103CDLG000210052802,B024-TXN-03905,已成交,用户提供的历史交易快照
30023041,923000006,CDNL,3.2,1,2017/1/3 10:49,20170103CDLG000210052803,B024-TXN-03906,已成交,用户提供的历史交易快照
30064703,914000001,CDNL,9.52,1,2017/1/3 10:49,20170103CDLG000210052803,B024-TXN-03907,已成交,用户提供的历史交易快照
30070919,914000003,CDNL,15.52,1,2017/1/3 10:49,20170103CDLG000210052803,B024-TXN-03908,已成交,用户提供的历史交易快照
29989059,922000003,CDNL,1.98,1,2017/1/3 10:49,20170103CDLG000210052803,B024-TXN-03909,已成交,用户提供的历史交易快照
29989071,922000002,CDNL,3.4,1,2017/1/3 10:49,20170103CDLG000210052803,B024-TXN-03910,已成交,用户提供的历史交易快照
29989072,922000002,CDNL,0.78,1,2017/1/3 10:52,20170103CDLG000210052804,B024-TXN-03911,已成交,用户提供的历史交易快照
30020249,923000002,CDNL,1.98,1,2017/1/3 10:52,20170103CDLG000210052804,B024-TXN-03912,已成交,用户提供的历史交易快照
30113344,912060303,CDNL,13.43,0,2017/1/3 10:52,20170103CDLG000210052804,B024-TXN-03913,已成交,用户提供的历史交易快照
29989059,922000003,CDNL,3.98,1,2017/1/3 10:55,20170103CDLG000210052805,B024-TXN-03914,已成交,用户提供的历史交易快照
30008948,911000100,CDNL,10.42,1,2017/1/3 10:56,20170103CDLG000210052806,B024-TXN-03915,已成交,用户提供的历史交易快照
30122591,912020100,CDNL,4.92,1,2017/1/3 10:56,20170103CDLG000210052806,B024-TXN-03916,已成交,用户提供的历史交易快照
30096418,912060403,CDNL,19.41,0,2017/1/3 10:56,20170103CDLG000210052806,B024-TXN-03917,已成交,用户提供的历史交易快照
30040959,914050000,CDNL,2.2,2,2017/1/3 10:56,20170103CDLG000210052806,B024-TXN-03918,已成交,用户提供的历史交易快照
30059981,911000100,CDNL,10.62,1,2017/1/3 10:56,20170103CDLG000210052806,B024-TXN-03919,已成交,用户提供的历史交易快照
30092224,912060303,CDNL,31.21,0,2017/1/3 10:56,20170103CDLG000210052806,B024-TXN-03920,已成交,用户提供的历史交易快照
30135343,931060000,CDNL,13.52,1,2017/1/3 10:56,20170103CDLG000210052806,B024-TXN-03921,已成交,用户提供的历史交易快照
30007554,910020202,CDNL,2.82,1,2017/1/3 10:57,20170103CDLG000210052807,B024-TXN-03922,已成交,用户提供的历史交易快照
30214800,925090000,CDNL,25.46,0,2017/1/3 10:58,20170103CDLG000210052808,B024-TXN-03923,已成交,用户提供的历史交易快照
29989077,922000008,CDNL,11.59,0,2017/1/3 10:58,20170103CDLG000210052808,B024-TXN-03924,已成交,用户提供的历史交易快照
29989059,922000003,CDNL,3.98,0,2017/1/3 10:58,20170103CDLG000210052808,B024-TXN-03925,已成交,用户提供的历史交易快照
29989059,922000003,CDNL,3.98,1,2017/1/3 10:58,20170103CDLG000210052808,B024-TXN-03926,已成交,用户提供的历史交易快照
30042756,938030000,CDNL,3.52,2,2017/1/3 10:58,20170103CDLG000210052809,B024-TXN-03927,已成交,用户提供的历史交易快照
29989077,922000008,CDNL,11.61,0,2017/1/3 10:58,20170103CDLG000210052809,B024-TXN-03928,已成交,用户提供的历史交易快照
29989059,922000003,CDNL,3.98,1,2017/1/3 10:58,20170103CDLG000210052809,B024-TXN-03929,已成交,用户提供的历史交易快照
29989059,922000003,CDNL,3.98,1,2017/1/3 10:58,20170103CDLG000210052809,B024-TXN-03930,已成交,用户提供的历史交易快照
29989172,923000002,CDNL,9.6,1,2017/1/3 10:58,20170103CDLG000210052809,B024-TXN-03931,已成交,用户提供的历史交易快照
29989072,922000002,CDNL,0.78,1,2017/1/3 10:59,20170103CDLG000210052810,B024-TXN-03932,已成交,用户提供的历史交易快照
30031936,912060400,CDNL,13.41,1,2017/1/3 10:59,20170103CDLG000210052810,B024-TXN-03933,已成交,用户提供的历史交易快照
30102549,930010005,CDNL,7.52,1,2017/1/3 11:01,20170103CDLG000210052811,B024-TXN-03934,已成交,用户提供的历史交易快照
30115568,930020001,CDNL,8.52,1,2017/1/3 11:01,20170103CDLG000210052811,B024-TXN-03935,已成交,用户提供的历史交易快照
29989172,923000002,CDNL,9.6,1,2017/1/3 11:01,20170103CDLG000210052811,B024-TXN-03936,已成交,用户提供的历史交易快照
30005217,914050000,CDNL,1.5,1,2017/1/3 11:03,20170103CDLG000210052812,B024-TXN-03937,已成交,用户提供的历史交易快照
30008643,912030500,CDNL,8.82,1,2017/1/3 11:03,20170103CDLG000210052812,B024-TXN-03938,已成交,用户提供的历史交易快照
30004013,914050002,CDNL,2.92,1,2017/1/3 11:03,20170103CDLG000210052812,B024-TXN-03939,已成交,用户提供的历史交易快照
30051830,910030001,CDNL,5.29,7,2017/1/3 11:04,20170103CDLG000210052813,B024-TXN-03940,已成交,用户提供的历史交易快照
30092224,912060303,CDNL,31.24,1,2017/1/3 11:04,20170103CDLG000210052813,B024-TXN-03941,已成交,用户提供的历史交易快照
29989157,923000000,CDNL,5.6,1,2017/1/3 11:05,20170103CDLG000210052814,B024-TXN-03942,已成交,用户提供的历史交易快照
30020281,923000101,CDNL,9.6,1,2017/1/3 11:05,20170103CDLG000210052814,B024-TXN-03943,已成交,用户提供的历史交易快照
30214313,930020502,CDNL,8.52,1,2017/1/3 11:07,20170103CDLG000210052816,B024-TXN-03944,已成交,用户提供的历史交易快照
30113909,930020001,CDNL,9.52,1,2017/1/3 11:07,20170103CDLG000210052816,B024-TXN-03945,已成交,用户提供的历史交易快照
30096418,912060403,CDNL,19.41,0,2017/1/3 11:09,20170103CDLG000210052817,B024-TXN-03946,已成交,用户提供的历史交易快照
30113344,912060303,CDNL,13.4,0,2017/1/3 11:09,20170103CDLG000210052817,B024-TXN-03947,已成交,用户提供的历史交易快照
30092224,912060303,CDNL,31.1,0,2017/1/3 11:09,20170103CDLG000210052817,B024-TXN-03948,已成交,用户提供的历史交易快照
30020055,923000002,CDNL,9.6,1,2017/1/3 11:13,20170103CDLG000210052818,B024-TXN-03949,已成交,用户提供的历史交易快照
30180988,911000100,CDNL,11.62,1,2017/1/3 11:13,20170103CDLG000210052818,B024-TXN-03950,已成交,用户提供的历史交易快照
30008229,911010400,CDNL,6.52,1,2017/1/3 11:21,20170103CDLG000210052819,B024-TXN-03951,已成交,用户提供的历史交易快照
30008230,911010400,CDNL,6.52,1,2017/1/3 11:21,20170103CDLG000210052819,B024-TXN-03952,已成交,用户提供的历史交易快照
30022233,960000000,CDNL,0.2,1,2017/1/3 11:22,20170103CDLG000210052820,B024-TXN-03953,已成交,用户提供的历史交易快照
30001975,912030001,CDNL,3.32,1,2017/1/3 11:23,20170103CDLG000210052821,B024-TXN-03954,已成交,用户提供的历史交易快照
30001973,912030001,CDNL,3.32,1,2017/1/3 11:23,20170103CDLG000210052821,B024-TXN-03955,已成交,用户提供的历史交易快照
30001918,912030007,CDNL,3.32,1,2017/1/3 11:23,20170103CDLG000210052821,B024-TXN-03956,已成交,用户提供的历史交易快照
30129510,925090000,CDNL,23.23,1,2017/1/3 11:23,20170103CDLG000210052822,B024-TXN-03957,已成交,用户提供的历史交易快照
29989063,922000000,CDNL,6.8,0,2017/1/3 11:23,20170103CDLG000210052822,B024-TXN-03958,已成交,用户提供的历史交易快照
29989083,922000000,CDNL,4.2,0,2017/1/3 11:23,20170103CDLG000210052822,B024-TXN-03959,已成交,用户提供的历史交易快照
30010587,914070201,CDNL,4.12,1,2017/1/3 11:23,20170103CDLG000210052822,B024-TXN-03960,已成交,用户提供的历史交易快照
30020100,915030300,CDNL,12.36,0,2017/1/3 11:23,20170103CDLG000210052822,B024-TXN-03961,已成交,用户提供的历史交易快照
30166774,931000003,CDNL,8.12,1,2017/1/3 11:23,20170103CDLG000210052822,B024-TXN-03962,已成交,用户提供的历史交易快照
29989540,924020000,CDNL,11.57,0,2017/1/3 11:24,20170103CDLG000210052823,B024-TXN-03963,已成交,用户提供的历史交易快照
30163281,914010000,CDNL,2.0,1,2017/1/3 11:24,20170103CDLG000210052823,B024-TXN-03964,已成交,用户提供的历史交易快照
30050565,911000000,CDNL,6.52,1,2017/1/3 11:24,20170103CDLG000210052823,B024-TXN-03965,已成交,用户提供的历史交易快照
29989073,922000002,CDNL,4.8,0,2017/1/3 11:24,20170103CDLG000210052823,B024-TXN-03966,已成交,用户提供的历史交易快照
30073664,912060303,CDNL,27.17,0,2017/1/3 11:24,20170103CDLG000210052823,B024-TXN-03967,已成交,用户提供的历史交易快照
29989061,922000000,CDNL,5.57,0,2017/1/3 11:24,20170103CDLG000210052823,B024-TXN-03968,已成交,用户提供的历史交易快照
30020103,915030301,CDNL,9.6,1,2017/1/3 11:24,20170103CDLG000210052823,B024-TXN-03969,已成交,用户提供的历史交易快照
30023187,922000003,CDNL,3.2,0,2017/1/3 11:29,20170103CDLG000210052824,B024-TXN-03970,已成交,用户提供的历史交易快照
30057847,930010003,CDNL,10.52,1,2017/1/3 11:30,20170103CDLG000210052825,B024-TXN-03971,已成交,用户提供的历史交易快照
30059269,914040302,CDNL,9.72,1,2017/1/3 11:30,20170103CDLG000210052825,B024-TXN-03972,已成交,用户提供的历史交易快照
30111382,914020100,CDNL,9.32,1,2017/1/3 11:30,20170103CDLG000210052825,B024-TXN-03973,已成交,用户提供的历史交易快照
30010658,914000504,CDNL,12.92,1,2017/1/3 11:30,20170103CDLG000210052825,B024-TXN-03974,已成交,用户提供的历史交易快照
30027416,914040001,CDNL,6.62,1,2017/1/3 11:30,20170103CDLG000210052825,B024-TXN-03975,已成交,用户提供的历史交易快照
30022232,960000000,CDNL,0.3,1,2017/1/3 11:30,20170103CDLG000210052826,B024-TXN-03976,已成交,用户提供的历史交易快照
30031738,915030101,CDNL,4.92,3,2017/1/3 11:36,20170103CDLG000210052827,B024-TXN-03977,已成交,用户提供的历史交易快照
29989082,922000000,CDNL,8.81,0,2017/1/3 11:36,20170103CDLG000210052827,B024-TXN-03978,已成交,用户提供的历史交易快照
29989064,922000000,CDNL,9.58,0,2017/1/3 11:38,20170103CDLG000210052828,B024-TXN-03979,已成交,用户提供的历史交易快照
30209977,938030000,CDNL,6.42,1,2017/1/3 11:38,20170103CDLG000210052828,B024-TXN-03980,已成交,用户提供的历史交易快照
30022232,960000000,CDNL,0.3,1,2017/1/3 11:38,20170103CDLG000210052828,B024-TXN-03981,已成交,用户提供的历史交易快照
30167706,930040000,CDNL,7.52,1,2017/1/3 11:38,20170103CDLG000210052828,B024-TXN-03982,已成交,用户提供的历史交易快照
29989056,922000001,CDNL,5.6,1,2017/1/3 11:38,20170103CDLG000210052828,B024-TXN-03983,已成交,用户提供的历史交易快照
30006040,915010000,CDNL,9.58,1,2017/1/3 11:38,20170103CDLG000210052828,B024-TXN-03984,已成交,用户提供的历史交易快照
30022233,960000000,CDNL,0.2,1,2017/1/3 11:42,20170103CDLG000210052829,B024-TXN-03985,已成交,用户提供的历史交易快照
30004032,914040204,CDNL,4.12,2,2017/1/3 11:42,20170103CDLG000210052829,B024-TXN-03986,已成交,用户提供的历史交易快照
30006351,914100000,CDNL,12.32,1,2017/1/3 11:43,20170103CDLG000210052830,B024-TXN-03987,已成交,用户提供的历史交易快照
30203637,923000006,CDNL,3.2,2,2017/1/3 11:43,20170103CDLG000210052830,B024-TXN-03988,已成交,用户提供的历史交易快照
29989157,923000000,CDNL,5.6,1,2017/1/3 11:43,20170103CDLG000210052830,B024-TXN-03989,已成交,用户提供的历史交易快照
30208136,931000200,CDNL,4.52,1,2017/1/3 11:44,20170103CDLG000210052831,B024-TXN-03990,已成交,用户提供的历史交易快照
30206322,931010101,CDNL,7.52,1,2017/1/3 11:44,20170103CDLG000210052831,B024-TXN-03991,已成交,用户提供的历史交易快照
30206322,931010101,CDNL,7.52,1,2017/1/3 11:44,20170103CDLG000210052831,B024-TXN-03992,已成交,用户提供的历史交易快照
30010033,911000000,CDNL,4.12,1,2017/1/3 11:45,20170103CDLG000210052832,B024-TXN-03993,已成交,用户提供的历史交易快照
30022233,960000000,CDNL,0.2,1,2017/1/3 11:45,20170103CDLG000210052833,B024-TXN-03994,已成交,用户提供的历史交易快照
29991391,930020104,CDNL,7.92,1,2017/1/3 11:45,20170103CDLG000210052833,B024-TXN-03995,已成交,用户提供的历史交易快照
30006343,915030400,CDNL,3.98,0,2017/1/3 11:45,20170103CDLG000210052833,B024-TXN-03996,已成交,用户提供的历史交易快照
30130581,914050008,CDNL,3.72,1,2017/1/3 11:45,20170103CDLG000210052833,B024-TXN-03997,已成交,用户提供的历史交易快照
30126993,914050002,CDNL,1.5,1,2017/1/3 11:45,20170103CDLG000210052833,B024-TXN-03998,已成交,用户提供的历史交易快照
30126993,914050002,CDNL,1.5,1,2017/1/3 11:45,20170103CDLG000210052833,B024-TXN-03999,已成交,用户提供的历史交易快照
30003841,914010000,CDNL,9.02,1,2017/1/3 11:46,20170103CDLG000210052834,B024-TXN-04000,已成交,用户提供的历史交易快照
30023195,922000001,CDNL,1.98,1,2017/1/3 11:46,20170103CDLG000210052834,B024-TXN-04001,已成交,用户提供的历史交易快照
30118372,915030001,CDNL,52.62,1,2017/1/3 11:46,20170103CDLG000210052834,B024-TXN-04002,已成交,用户提供的历史交易快照
29989105,922000000,CDNL,2.8,2,2017/1/3 11:46,20170103CDLG000210052834,B024-TXN-04003,已成交,用户提供的历史交易快照
29989065,922000000,CDNL,21.64,0,2017/1/3 11:46,20170103CDLG000210052834,B024-TXN-04004,已成交,用户提供的历史交易快照
29989065,922000000,CDNL,21.55,0,2017/1/3 11:46,20170103CDLG000210052834,B024-TXN-04005,已成交,用户提供的历史交易快照
30022232,960000000,CDNL,0.3,1,2017/1/3 11:46,20170103CDLG000210052834,B024-TXN-04006,已成交,用户提供的历史交易快照
30004134,914010001,CDNL,24.52,1,2017/1/3 11:46,20170103CDLG000210052834,B024-TXN-04007,已成交,用户提供的历史交易快照
29989058,922000001,CDNL,1.98,2,2017/1/3 11:46,20170103CDLG000210052834,B024-TXN-04008,已成交,用户提供的历史交易快照
30005971,914090006,CDNL,75.52,1,2017/1/3 11:46,20170103CDLG000210052834,B024-TXN-04009,已成交,用户提供的历史交易快照
30006040,915010000,CDNL,9.58,1,2017/1/3 11:46,20170103CDLG000210052834,B024-TXN-04010,已成交,用户提供的历史交易快照
30013978,910020404,CDNL,4.82,1,2017/1/3 13:19,20170103CDLG000210052835,B024-TXN-04011,已成交,用户提供的历史交易快照
30013978,910020404,CDNL,4.82,1,2017/1/3 13:19,20170103CDLG000210052835,B024-TXN-04012,已成交,用户提供的历史交易快照
30010020,912500303,CDNL,14.62,1,2017/1/3 13:19,20170103CDLG000210052835,B024-TXN-04013,已成交,用户提供的历史交易快照
30010020,912500303,CDNL,14.62,1,2017/1/3 13:19,20170103CDLG000210052835,B024-TXN-04014,已成交,用户提供的历史交易快照
30022233,960000000,CDNL,0.2,1,2017/1/3 13:20,20170103CDLG000210052836,B024-TXN-04015,已成交,用户提供的历史交易快照
30158560,930040000,CDNL,16.52,1,2017/1/3 13:24,20170103CDLG000210052838,B024-TXN-04016,已成交,用户提供的历史交易快照
30001663,910020300,CDNL,2.0,2,2017/1/3 13:24,20170103CDLG000210052838,B024-TXN-04017,已成交,用户提供的历史交易快照
30022232,960000000,CDNL,0.3,1,2017/1/3 13:24,20170103CDLG000210052838,B024-TXN-04018,已成交,用户提供的历史交易快照
29989061,922000000,CDNL,5.61,0,2017/1/3 13:24,20170103CDLG000210052838,B024-TXN-04019,已成交,用户提供的历史交易快照
30059981,911000100,CDNL,10.62,1,2017/1/3 13:24,20170103CDLG000210052838,B024-TXN-04020,已成交,用户提供的历史交易快照
30059981,911000100,CDNL,10.62,1,2017/1/3 13:24,20170103CDLG000210052838,B024-TXN-04021,已成交,用户提供的历史交易快照
30210903,930010000,CDNL,16.52,1,2017/1/3 13:26,20170103CDLG000210052839,B024-TXN-04022,已成交,用户提供的历史交易快照
30007810,910030000,CDNL,1.35,19,2017/1/3 13:26,20170103CDLG000210052839,B024-TXN-04023,已成交,用户提供的历史交易快照
30008628,912040202,CDNL,14.52,1,2017/1/3 13:26,20170103CDLG000210052839,B024-TXN-04024,已成交,用户提供的历史交易快照
30169633,914080001,CDNL,9.52,1,2017/1/3 13:26,20170103CDLG000210052839,B024-TXN-04025,已成交,用户提供的历史交易快照
29989076,922000006,CDNL,3.58,1,2017/1/3 13:26,20170103CDLG000210052839,B024-TXN-04026,已成交,用户提供的历史交易快照
30003983,914000100,CDNL,5.52,1,2017/1/3 13:26,20170103CDLG000210052839,B024-TXN-04027,已成交,用户提供的历史交易快照
30008274,911010501,CDNL,27.22,1,2017/1/3 13:26,20170103CDLG000210052839,B024-TXN-04028,已成交,用户提供的历史交易快照
30020269,923000101,CDNL,7.6,1,2017/1/3 13:26,20170103CDLG000210052839,B024-TXN-04029,已成交,用户提供的历史交易快照
29989077,922000008,CDNL,11.61,0,2017/1/3 13:26,20170103CDLG000210052839,B024-TXN-04030,已成交,用户提供的历史交易快照
30020095,923000010,CDNL,7.6,1,2017/1/3 13:26,20170103CDLG000210052839,B024-TXN-04031,已成交,用户提供的历史交易快照
30164949,930020500,CDNL,20.52,1,2017/1/3 13:26,20170103CDLG000210052839,B024-TXN-04032,已成交,用户提供的历史交易快照
30188637,930020001,CDNL,13.52,2,2017/1/3 13:26,20170103CDLG000210052839,B024-TXN-04033,已成交,用户提供的历史交易快照
29989153,923000006,CDNL,7.6,1,2017/1/3 13:26,20170103CDLG000210052839,B024-TXN-04034,已成交,用户提供的历史交易快照
30012520,930020001,CDNL,14.52,1,2017/1/3 13:26,20170103CDLG000210052839,B024-TXN-04035,已成交,用户提供的历史交易快照
30031738,915030101,CDNL,4.92,3,2017/1/3 13:29,20170103CDLG000210052841,B024-TXN-04036,已成交,用户提供的历史交易快照
30031738,915030101,CDNL,4.92,2,2017/1/3 13:29,20170103CDLG000210052841,B024-TXN-04037,已成交,用户提供的历史交易快照
29989077,922000008,CDNL,11.6,0,2017/1/3 13:29,20170103CDLG000210052841,B024-TXN-04038,已成交,用户提供的历史交易快照
30037684,922000005,CDNL,11.59,0,2017/1/3 13:29,20170103CDLG000210052841,B024-TXN-04039,已成交,用户提供的历史交易快照
29989059,922000003,CDNL,3.98,1,2017/1/3 13:29,20170103CDLG000210052841,B024-TXN-04040,已成交,用户提供的历史交易快照
29989157,923000000,CDNL,5.6,2,2017/1/3 13:29,20170103CDLG000210052841,B024-TXN-04041,已成交,用户提供的历史交易快照
30006343,915030400,CDNL,3.98,1,2017/1/3 13:30,20170103CDLG000210052842,B024-TXN-04042,已成交,用户提供的历史交易快照
30214313,930020502,CDNL,8.52,1,2017/1/3 13:30,20170103CDLG000210052843,B024-TXN-04043,已成交,用户提供的历史交易快照
29998003,931020303,CDNL,6.92,1,2017/1/3 13:30,20170103CDLG000210052844,B024-TXN-04044,已成交,用户提供的历史交易快照
30100635,930010000,CDNL,22.52,1,2017/1/3 13:30,20170103CDLG000210052844,B024-TXN-04045,已成交,用户提供的历史交易快照
30121110,930020502,CDNL,20.52,1,2017/1/3 13:30,20170103CDLG000210052844,B024-TXN-04046,已成交,用户提供的历史交易快照
30143702,931060000,CDNL,9.52,1,2017/1/3 13:30,20170103CDLG000210052844,B024-TXN-04047,已成交,用户提供的历史交易快照
30162126,912060303,CDNL,51.24,1,2017/1/3 13:30,20170103CDLG000210052844,B024-TXN-04048,已成交,用户提供的历史交易快照
30138094,931060107,CDNL,11.52,1,2017/1/3 13:30,20170103CDLG000210052844,B024-TXN-04049,已成交,用户提供的历史交易快照
30150524,930020001,CDNL,20.52,1,2017/1/3 13:30,20170103CDLG000210052844,B024-TXN-04050,已成交,用户提供的历史交易快照
30208710,930000202,CDNL,11.52,1,2017/1/3 13:30,20170103CDLG000210052844,B024-TXN-04051,已成交,用户提供的历史交易快照
30004114,914000003,CDNL,11.62,1,2017/1/3 13:30,20170103CDLG000210052844,B024-TXN-04052,已成交,用户提供的历史交易快照
30102698,931080001,CDNL,18.12,1,2017/1/3 13:30,20170103CDLG000210052844,B024-TXN-04053,已成交,用户提供的历史交易快照
30166692,931070100,CDNL,5.52,1,2017/1/3 13:30,20170103CDLG000210052844,B024-TXN-04054,已成交,用户提供的历史交易快照
30031671,930040200,CDNL,29.52,1,2017/1/3 13:32,20170103CDLG000210052845,B024-TXN-04055,已成交,用户提供的历史交易快照
30200755,931020105,CDNL,9.52,1,2017/1/3 13:32,20170103CDLG000210052846,B024-TXN-04056,已成交,用户提供的历史交易快照
30200755,931020105,CDNL,9.52,1,2017/1/3 13:32,20170103CDLG000210052846,B024-TXN-04057,已成交,用户提供的历史交易快照
30200755,931020105,CDNL,9.52,1,2017/1/3 13:32,20170103CDLG000210052846,B024-TXN-04058,已成交,用户提供的历史交易快照
30020269,923000101,CDNL,7.6,1,2017/1/3 13:33,20170103CDLG000210052847,B024-TXN-04059,已成交,用户提供的历史交易快照
30202566,930020001,CDNL,9.52,1,2017/1/3 13:33,20170103CDLG000210052847,B024-TXN-04060,已成交,用户提供的历史交易快照
30214313,930020502,CDNL,8.52,1,2017/1/3 13:33,20170103CDLG000210052847,B024-TXN-04061,已成交,用户提供的历史交易快照
30214313,930020502,CDNL,8.52,1,2017/1/3 13:33,20170103CDLG000210052847,B024-TXN-04062,已成交,用户提供的历史交易快照
30023197,922000003,CDNL,6.8,1,2017/1/3 13:33,20170103CDLG000210052847,B024-TXN-04063,已成交,用户提供的历史交易快照
30113344,912060303,CDNL,13.42,2,2017/1/3 13:36,20170103CDLG000210052848,B024-TXN-04064,已成交,用户提供的历史交易快照
30090097,930010000,CDNL,19.52,1,2017/1/3 13:37,20170103CDLG000210052849,B024-TXN-04065,已成交,用户提供的历史交易快照
30119297,930000201,CDNL,6.52,1,2017/1/3 13:37,20170103CDLG000210052850,B024-TXN-04066,已成交,用户提供的历史交易快照
30214313,930020502,CDNL,8.52,1,2017/1/3 13:39,20170103CDLG000210052851,B024-TXN-04067,已成交,用户提供的历史交易快照
30190910,910010400,CDNL,9.32,1,2017/1/3 13:39,20170103CDLG000210052852,B024-TXN-04068,已成交,用户提供的历史交易快照
29989098,922000001,CDNL,2.8,1,2017/1/3 13:41,20170103CDLG000210052853,B024-TXN-04069,已成交,用户提供的历史交易快照
29989073,922000002,CDNL,4.8,0,2017/1/3 13:41,20170103CDLG000210052853,B024-TXN-04070,已成交,用户提供的历史交易快照
30006040,915010000,CDNL,9.58,1,2017/1/3 13:41,20170103CDLG000210052853,B024-TXN-04071,已成交,用户提供的历史交易快照
29989072,922000002,CDNL,0.78,1,2017/1/3 13:42,20170103CDLG000210052854,B024-TXN-04072,已成交,用户提供的历史交易快照
29989072,922000002,CDNL,0.78,2,2017/1/3 13:42,20170103CDLG000210052854,B024-TXN-04073,已成交,用户提供的历史交易快照
29989149,923000004,CDNL,6.8,2,2017/1/3 13:45,20170103CDLG000210052855,B024-TXN-04074,已成交,用户提供的历史交易快照
29989157,923000000,CDNL,5.6,2,2017/1/3 13:45,20170103CDLG000210052855,B024-TXN-04075,已成交,用户提供的历史交易快照
30022232,960000000,CDNL,0.3,1,2017/1/3 13:46,20170103CDLG000210052856,B024-TXN-04076,已成交,用户提供的历史交易快照
30012847,914030001,CDNL,4.32,1,2017/1/3 13:46,20170103CDLG000210052857,B024-TXN-04077,已成交,用户提供的历史交易快照
29989098,922000001,CDNL,2.8,1,2017/1/3 13:47,20170103CDLG000210052859,B024-TXN-04078,已成交,用户提供的历史交易快照
30208715,930010102,CDNL,10.52,1,2017/1/3 13:47,20170103CDLG000210052859,B024-TXN-04079,已成交,用户提供的历史交易快照
29989099,922000008,CDNL,1.58,1,2017/1/3 13:47,20170103CDLG000210052859,B024-TXN-04080,已成交,用户提供的历史交易快照
29999803,930010102,CDNL,4.62,1,2017/1/3 13:47,20170103CDLG000210052859,B024-TXN-04081,已成交,用户提供的历史交易快照
30006039,915010001,CDNL,11.58,1,2017/1/3 13:47,20170103CDLG000210052859,B024-TXN-04082,已成交,用户提供的历史交易快照
30006039,915010001,CDNL,11.58,1,2017/1/3 13:47,20170103CDLG000210052859,B024-TXN-04083,已成交,用户提供的历史交易快照
30022974,915030404,CDNL,6.18,2,2017/1/3 13:48,20170103CDLG000210052860,B024-TXN-04084,已成交,用户提供的历史交易快照
30002244,912060008,CDNL,23.59,0,2017/1/3 13:48,20170103CDLG000210052860,B024-TXN-04085,已成交,用户提供的历史交易快照
30080069,914090002,CDNL,133.62,1,2017/1/3 13:49,20170103CDLG000210052862,B024-TXN-04086,已成交,用户提供的历史交易快照
29989058,922000001,CDNL,1.98,1,2017/1/3 13:50,20170103CDLG000210052863,B024-TXN-04087,已成交,用户提供的历史交易快照
29991199,930020102,CDNL,10.52,1,2017/1/3 13:52,20170103CDLG000210052864,B024-TXN-04088,已成交,用户提供的历史交易快照
29989077,922000008,CDNL,11.59,0,2017/1/3 13:52,20170103CDLG000210052864,B024-TXN-04089,已成交,用户提供的历史交易快照
30000880,930020101,CDNL,7.22,1,2017/1/3 13:52,20170103CDLG000210052864,B024-TXN-04090,已成交,用户提供的历史交易快照
30000880,930020101,CDNL,7.22,1,2017/1/3 13:52,20170103CDLG000210052864,B024-TXN-04091,已成交,用户提供的历史交易快照
30000880,930020101,CDNL,7.22,1,2017/1/3 13:52,20170103CDLG000210052864,B024-TXN-04092,已成交,用户提供的历史交易快照
29989059,922000003,CDNL,3.98,2,2017/1/3 13:52,20170103CDLG000210052864,B024-TXN-04093,已成交,用户提供的历史交易快照
30045601,912060301,CDNL,19.62,0,2017/1/3 13:53,20170103CDLG000210052865,B024-TXN-04094,已成交,用户提供的历史交易快照
30173849,920090000,CDNL,0.63,2,2017/1/3 13:53,20170103CDLG000210052865,B024-TXN-04095,已成交,用户提供的历史交易快照
30208513,912020201,CDNL,6.82,1,2017/1/3 13:54,20170103CDLG000210052866,B024-TXN-04096,已成交,用户提供的历史交易快照
30085820,931020102,CDNL,9.52,1,2017/1/3 13:55,20170103CDLG000210052867,B024-TXN-04097,已成交,用户提供的历史交易快照
30188638,930020001,CDNL,39.52,1,2017/1/3 13:55,20170103CDLG000210052867,B024-TXN-04098,已成交,用户提供的历史交易快照
30085815,931010103,CDNL,6.52,1,2017/1/3 13:55,20170103CDLG000210052867,B024-TXN-04099,已成交,用户提供的历史交易快照
30150530,930020500,CDNL,26.52,1,2017/1/3 13:55,20170103CDLG000210052867,B024-TXN-04100,已成交,用户提供的历史交易快照
30006331,915030304,CDNL,12.76,0,2017/1/3 13:58,20170103CDLG000210052868,B024-TXN-04101,已成交,用户提供的历史交易快照
30188638,930020001,CDNL,39.52,1,2017/1/3 13:58,20170103CDLG000210052868,B024-TXN-04102,已成交,用户提供的历史交易快照
30164949,930020500,CDNL,20.52,1,2017/1/3 13:58,20170103CDLG000210052868,B024-TXN-04103,已成交,用户提供的历史交易快照
30164949,930020500,CDNL,20.52,1,2017/1/3 13:58,20170103CDLG000210052868,B024-TXN-04104,已成交,用户提供的历史交易快照
30022232,960000000,CDNL,0.3,1,2017/1/3 13:58,20170103CDLG000210052868,B024-TXN-04105,已成交,用户提供的历史交易快照
30144187,912060303,CDNL,33.24,0,2017/1/3 13:58,20170103CDLG000210052868,B024-TXN-04106,已成交,用户提供的历史交易快照
30006040,915010000,CDNL,9.58,1,2017/1/3 13:58,20170103CDLG000210052868,B024-TXN-04107,已成交,用户提供的历史交易快照
30026119,915030401,CDNL,9.58,1,2017/1/3 13:58,20170103CDLG000210052868,B024-TXN-04108,已成交,用户提供的历史交易快照
30092203,915000103,CDNL,6.38,0,2017/1/3 13:58,20170103CDLG000210052868,B024-TXN-04109,已成交,用户提供的历史交易快照
30118705,912060301,CDNL,31.23,0,2017/1/3 13:58,20170103CDLG000210052868,B024-TXN-04110,已成交,用户提供的历史交易快照
29989077,922000008,CDNL,11.6,0,2017/1/3 14:00,20170103CDLG000210052869,B024-TXN-04111,已成交,用户提供的历史交易快照
30020249,923000002,CDNL,1.98,1,2017/1/3 14:03,20170103CDLG000210052870,B024-TXN-04112,已成交,用户提供的历史交易快照
30031113,923000006,CDNL,1.0,2,2017/1/3 14:03,20170103CDLG000210052870,B024-TXN-04113,已成交,用户提供的历史交易快照
29989057,922000001,CDNL,2.38,1,2017/1/3 14:06,20170103CDLG000210052871,B024-TXN-04114,已成交,用户提供的历史交易快照
30059981,911000100,CDNL,10.62,1,2017/1/3 14:06,20170103CDLG000210052871,B024-TXN-04115,已成交,用户提供的历史交易快照
30214804,925090000,CDNL,33.43,0,2017/1/3 14:06,20170103CDLG000210052871,B024-TXN-04116,已成交,用户提供的历史交易快照
30020249,923000002,CDNL,1.98,1,2017/1/3 14:08,20170103CDLG000210052872,B024-TXN-04117,已成交,用户提供的历史交易快照
30200397,914040300,CDNL,4.52,1,2017/1/3 14:10,20170103CDLG000210052873,B024-TXN-04118,已成交,用户提供的历史交易快照
30165692,931060122,CDNL,9.52,1,2017/1/3 14:10,20170103CDLG000210052873,B024-TXN-04119,已成交,用户提供的历史交易快照
30001313,931050202,CDNL,7.22,1,2017/1/3 14:10,20170103CDLG000210052873,B024-TXN-04120,已成交,用户提供的历史交易快照
29989156,923000000,CDNL,10.8,2,2017/1/3 14:15,20170103CDLG000210052875,B024-TXN-04121,已成交,用户提供的历史交易快照
30138006,914030001,CDNL,5.32,1,2017/1/3 14:15,20170103CDLG000210052875,B024-TXN-04122,已成交,用户提供的历史交易快照
30022233,960000000,CDNL,0.2,1,2017/1/3 14:15,20170103CDLG000210052875,B024-TXN-04123,已成交,用户提供的历史交易快照
30179537,915000106,CDNL,72.07,0,2017/1/3 14:15,20170103CDLG000210052875,B024-TXN-04124,已成交,用户提供的历史交易快照
30031870,915030401,CDNL,6.58,1,2017/1/3 14:15,20170103CDLG000210052876,B024-TXN-04125,已成交,用户提供的历史交易快照
29989077,922000008,CDNL,11.59,0,2017/1/3 14:17,20170103CDLG000210052878,B024-TXN-04126,已成交,用户提供的历史交易快照
29989136,923000006,CDNL,8.8,1,2017/1/3 14:17,20170103CDLG000210052878,B024-TXN-04127,已成交,用户提供的历史交易快照
30022232,960000000,CDNL,0.3,1,2017/1/3 14:17,20170103CDLG000210052878,B024-TXN-04128,已成交,用户提供的历史交易快照
30203637,923000006,CDNL,3.2,2,2017/1/3 14:17,20170103CDLG000210052878,B024-TXN-04129,已成交,用户提供的历史交易快照
29989098,922000001,CDNL,2.8,1,2017/1/3 14:17,20170103CDLG000210052878,B024-TXN-04130,已成交,用户提供的历史交易快照
29989059,922000003,CDNL,3.98,1,2017/1/3 14:17,20170103CDLG000210052878,B024-TXN-04131,已成交,用户提供的历史交易快照
29989157,923000000,CDNL,5.6,1,2017/1/3 14:17,20170103CDLG000210052878,B024-TXN-04132,已成交,用户提供的历史交易快照
30119882,912080000,CDNL,5.42,1,2017/1/3 14:19,20170103CDLG000210052880,B024-TXN-04133,已成交,用户提供的历史交易快照
30008276,911010501,CDNL,15.42,2,2017/1/3 14:19,20170103CDLG000210052880,B024-TXN-04134,已成交,用户提供的历史交易快照
29989143,923000001,CDNL,5.0,2,2017/1/3 14:19,20170103CDLG000210052880,B024-TXN-04135,已成交,用户提供的历史交易快照
30069905,915020001,CDNL,7.58,1,2017/1/3 14:19,20170103CDLG000210052881,B024-TXN-04136,已成交,用户提供的历史交易快照
30022232,960000000,CDNL,0.3,1,2017/1/3 14:19,20170103CDLG000210052881,B024-TXN-04137,已成交,用户提供的历史交易快照
29989086,922000002,CDNL,4.8,1,2017/1/3 14:19,20170103CDLG000210052881,B024-TXN-04138,已成交,用户提供的历史交易快照
30006172,915020002,CDNL,6.42,1,2017/1/3 14:19,20170103CDLG000210052881,B024-TXN-04139,已成交,用户提供的历史交易快照
30173849,920090000,CDNL,0.5,1,2017/1/3 14:20,20170103CDLG000210052882,B024-TXN-04140,已成交,用户提供的历史交易快照
30046538,930020001,CDNL,9.52,1,2017/1/3 14:20,20170103CDLG000210052883,B024-TXN-04141,已成交,用户提供的历史交易快照
30188637,930020001,CDNL,13.52,1,2017/1/3 14:20,20170103CDLG000210052883,B024-TXN-04142,已成交,用户提供的历史交易快照
30166320,936010000,CDNL,6.52,1,2017/1/3 14:20,20170103CDLG000210052883,B024-TXN-04143,已成交,用户提供的历史交易快照
30166320,936010000,CDNL,6.52,1,2017/1/3 14:20,20170103CDLG000210052883,B024-TXN-04144,已成交,用户提供的历史交易快照
30017795,912030601,CDNL,6.72,1,2017/1/3 14:22,20170103CDLG000210052884,B024-TXN-04145,已成交,用户提供的历史交易快照
30002035,912030006,CDNL,3.02,1,2017/1/3 14:22,20170103CDLG000210052884,B024-TXN-04146,已成交,用户提供的历史交易快照
30080914,930000202,CDNL,9.52,1,2017/1/3 14:22,20170103CDLG000210052884,B024-TXN-04147,已成交,用户提供的历史交易快照
30123055,910030104,CDNL,3.82,1,2017/1/3 14:22,20170103CDLG000210052884,B024-TXN-04148,已成交,用户提供的历史交易快照
30186144,930040001,CDNL,21.52,1,2017/1/3 14:22,20170103CDLG000210052884,B024-TXN-04149,已成交,用户提供的历史交易快照
30009060,912030500,CDNL,2.62,1,2017/1/3 14:22,20170103CDLG000210052884,B024-TXN-04150,已成交,用户提供的历史交易快照
30012071,910030103,CDNL,3.32,1,2017/1/3 14:22,20170103CDLG000210052884,B024-TXN-04151,已成交,用户提供的历史交易快照
30022232,960000000,CDNL,0.3,1,2017/1/3 14:22,20170103CDLG000210052884,B024-TXN-04152,已成交,用户提供的历史交易快照
30108094,930040003,CDNL,1.0,1,2017/1/3 14:22,20170103CDLG000210052884,B024-TXN-04153,已成交,用户提供的历史交易快照
30108094,930040003,CDNL,1.0,1,2017/1/3 14:22,20170103CDLG000210052884,B024-TXN-04154,已成交,用户提供的历史交易快照
30108094,930040003,CDNL,1.0,1,2017/1/3 14:22,20170103CDLG000210052884,B024-TXN-04155,已成交,用户提供的历史交易快照
30108094,930040003,CDNL,1.0,1,2017/1/3 14:22,20170103CDLG000210052884,B024-TXN-04156,已成交,用户提供的历史交易快照
30136318,910030201,CDNL,9.02,1,2017/1/3 14:22,20170103CDLG000210052884,B024-TXN-04157,已成交,用户提供的历史交易快照
30167207,936010001,CDNL,8.62,1,2017/1/3 14:22,20170103CDLG000210052884,B024-TXN-04158,已成交,用户提供的历史交易快照
30167207,936010001,CDNL,8.62,1,2017/1/3 14:22,20170103CDLG000210052884,B024-TXN-04159,已成交,用户提供的历史交易快照
30010717,912040006,CDNL,9.32,1,2017/1/3 14:22,20170103CDLG000210052884,B024-TXN-04160,已成交,用户提供的历史交易快照
30058356,936010001,CDNL,16.62,1,2017/1/3 14:22,20170103CDLG000210052884,B024-TXN-04161,已成交,用户提供的历史交易快照
30151885,930040006,CDNL,11.62,1,2017/1/3 14:22,20170103CDLG000210052884,B024-TXN-04162,已成交,用户提供的历史交易快照
30151885,930040006,CDNL,11.62,1,2017/1/3 14:22,20170103CDLG000210052884,B024-TXN-04163,已成交,用户提供的历史交易快照
30169592,930040000,CDNL,7.22,1,2017/1/3 14:22,20170103CDLG000210052884,B024-TXN-04164,已成交,用户提供的历史交易快照
30155748,931010103,CDNL,4.82,1,2017/1/3 14:22,20170103CDLG000210052884,B024-TXN-04165,已成交,用户提供的历史交易快照
30155748,931010103,CDNL,4.82,1,2017/1/3 14:22,20170103CDLG000210052884,B024-TXN-04166,已成交,用户提供的历史交易快照
30169594,930040000,CDNL,6.12,1,2017/1/3 14:22,20170103CDLG000210052884,B024-TXN-04167,已成交,用户提供的历史交易快照
30186145,930040001,CDNL,19.52,1,2017/1/3 14:22,20170103CDLG000210052884,B024-TXN-04168,已成交,用户提供的历史交易快照
29994991,931010103,CDNL,2.92,1,2017/1/3 14:22,20170103CDLG000210052884,B024-TXN-04169,已成交,用户提供的历史交易快照
29994991,931010103,CDNL,2.92,1,2017/1/3 14:22,20170103CDLG000210052884,B024-TXN-04170,已成交,用户提供的历史交易快照
30076041,936010001,CDNL,10.62,1,2017/1/3 14:22,20170103CDLG000210052884,B024-TXN-04171,已成交,用户提供的历史交易快照
30020100,915030300,CDNL,12.38,1,2017/1/3 14:25,20170103CDLG000210052885,B024-TXN-04172,已成交,用户提供的历史交易快照
30168345,930010002,CDNL,49.52,1,2017/1/3 14:26,20170103CDLG000210052886,B024-TXN-04173,已成交,用户提供的历史交易快照
30010387,912020106,CDNL,1.2,1,2017/1/3 14:26,20170103CDLG000210052887,B024-TXN-04174,已成交,用户提供的历史交易快照
30010387,912020106,CDNL,1.2,1,2017/1/3 14:26,20170103CDLG000210052887,B024-TXN-04175,已成交,用户提供的历史交易快照
30000445,930040204,CDNL,18.52,1,2017/1/3 14:26,20170103CDLG000210052887,B024-TXN-04176,已成交,用户提供的历史交易快照
30073663,912060303,CDNL,43.7,0,2017/1/3 14:26,20170103CDLG000210052887,B024-TXN-04177,已成交,用户提供的历史交易快照
30118463,912500204,CDNL,29.42,1,2017/1/3 14:26,20170103CDLG000210052887,B024-TXN-04178,已成交,用户提供的历史交易快照
30023175,922000103,CDNL,5.59,0,2017/1/3 14:26,20170103CDLG000210052887,B024-TXN-04179,已成交,用户提供的历史交易快照
30008601,912020106,CDNL,1.2,1,2017/1/3 14:26,20170103CDLG000210052887,B024-TXN-04180,已成交,用户提供的历史交易快照
30118705,912060301,CDNL,31.23,0,2017/1/3 14:26,20170103CDLG000210052887,B024-TXN-04181,已成交,用户提供的历史交易快照
30156393,912040002,CDNL,4.82,1,2017/1/3 14:26,20170103CDLG000210052887,B024-TXN-04182,已成交,用户提供的历史交易快照
30186414,912040007,CDNL,4.32,1,2017/1/3 14:26,20170103CDLG000210052887,B024-TXN-04183,已成交,用户提供的历史交易快照
29989076,922000006,CDNL,3.58,1,2017/1/3 14:28,20170103CDLG000210052888,B024-TXN-04184,已成交,用户提供的历史交易快照
30048072,914110003,CDNL,4.52,1,2017/1/3 14:28,20170103CDLG000210052888,B024-TXN-04185,已成交,用户提供的历史交易快照
30048072,914110003,CDNL,4.52,1,2017/1/3 14:28,20170103CDLG000210052888,B024-TXN-04186,已成交,用户提供的历史交易快照
30020249,923000002,CDNL,1.98,1,2017/1/3 14:28,20170103CDLG000210052889,B024-TXN-04187,已成交,用户提供的历史交易快照
30023177,922000103,CDNL,6.19,1,2017/1/3 14:28,20170103CDLG000210052889,B024-TXN-04188,已成交,用户提供的历史交易快照
30078085,912060303,CDNL,19.22,0,2017/1/3 14:28,20170103CDLG000210052889,B024-TXN-04189,已成交,用户提供的历史交易快照
30165699,915020003,CDNL,7.12,1,2017/1/3 14:29,20170103CDLG000210052890,B024-TXN-04190,已成交,用户提供的历史交易快照
30113909,930020001,CDNL,9.52,1,2017/1/3 14:29,20170103CDLG000210052890,B024-TXN-04191,已成交,用户提供的历史交易快照
30165699,915020003,CDNL,7.12,1,2017/1/3 14:29,20170103CDLG000210052891,B024-TXN-04192,已成交,用户提供的历史交易快照
30200518,922000000,CDNL,19.62,0,2017/1/3 14:29,20170103CDLG000210052891,B024-TXN-04193,已成交,用户提供的历史交易快照
30179551,915000106,CDNL,59.23,0,2017/1/3 14:29,20170103CDLG000210052891,B024-TXN-04194,已成交,用户提供的历史交易快照
30197788,931080004,CDNL,7.52,1,2017/1/3 14:30,20170103CDLG000210052892,B024-TXN-04195,已成交,用户提供的历史交易快照
30022233,960000000,CDNL,0.2,1,2017/1/3 14:31,20170103CDLG000210052893,B024-TXN-04196,已成交,用户提供的历史交易快照
30057847,930010003,CDNL,10.52,1,2017/1/3 14:33,20170103CDLG000210052894,B024-TXN-04197,已成交,用户提供的历史交易快照
30006313,915000103,CDNL,13.43,0,2017/1/3 14:34,20170103CDLG000210052895,B024-TXN-04198,已成交,用户提供的历史交易快照
30020249,923000002,CDNL,1.98,1,2017/1/3 14:34,20170103CDLG000210052895,B024-TXN-04199,已成交,用户提供的历史交易快照
30005965,914090003,CDNL,39.52,1,2017/1/3 14:39,20170103CDLG000210052896,B024-TXN-04200,已成交,用户提供的历史交易快照
30005965,914090003,CDNL,39.52,1,2017/1/3 14:39,20170103CDLG000210052896,B024-TXN-04201,已成交,用户提供的历史交易快照
30005965,914090003,CDNL,39.52,1,2017/1/3 14:39,20170103CDLG000210052896,B024-TXN-04202,已成交,用户提供的历史交易快照
30202566,930020001,CDNL,9.52,1,2017/1/3 14:41,20170103CDLG000210052897,B024-TXN-04203,已成交,用户提供的历史交易快照
30005192,914010000,CDNL,9.52,1,2017/1/3 14:41,20170103CDLG000210052898,B024-TXN-04204,已成交,用户提供的历史交易快照
30133728,931080401,CDNL,26.12,1,2017/1/3 14:44,20170103CDLG000210052899,B024-TXN-04205,已成交,用户提供的历史交易快照
30020055,923000002,CDNL,9.6,2,2017/1/3 14:44,20170103CDLG000210052899,B024-TXN-04206,已成交,用户提供的历史交易快照
30214800,925090000,CDNL,25.43,0,2017/1/3 14:47,20170103CDLG000210052900,B024-TXN-04207,已成交,用户提供的历史交易快照
30005364,914010001,CDNL,5.52,1,2017/1/3 14:47,20170103CDLG000210052900,B024-TXN-04208,已成交,用户提供的历史交易快照
30022233,960000000,CDNL,0.2,1,2017/1/3 14:47,20170103CDLG000210052900,B024-TXN-04209,已成交,用户提供的历史交易快照
30202479,912040005,CDNL,1.2,1,2017/1/3 14:47,20170103CDLG000210052900,B024-TXN-04210,已成交,用户提供的历史交易快照
30129933,912060403,CDNL,27.22,0,2017/1/3 14:47,20170103CDLG000210052900,B024-TXN-04211,已成交,用户提供的历史交易快照
30184351,915000106,CDNL,15.58,1,2017/1/3 14:49,20170103CDLG000210052902,B024-TXN-04212,已成交,用户提供的历史交易快照
30184351,915000106,CDNL,15.58,1,2017/1/3 14:49,20170103CDLG000210052902,B024-TXN-04213,已成交,用户提供的历史交易快照
30184351,915000106,CDNL,15.58,1,2017/1/3 14:49,20170103CDLG000210052902,B024-TXN-04214,已成交,用户提供的历史交易快照
30214801,925090000,CDNL,27.42,2,2017/1/3 14:49,20170103CDLG000210052902,B024-TXN-04215,已成交,用户提供的历史交易快照
30130040,922000005,CDNL,17.6,0,2017/1/3 14:49,20170103CDLG000210052903,B024-TXN-04216,已成交,用户提供的历史交易快照
30031738,915030101,CDNL,4.92,1,2017/1/3 14:49,20170103CDLG000210052903,B024-TXN-04217,已成交,用户提供的历史交易快照
29989048,922000001,CDNL,1.98,1,2017/1/3 14:49,20170103CDLG000210052903,B024-TXN-04218,已成交,用户提供的历史交易快照
29989059,922000003,CDNL,3.98,1,2017/1/3 14:49,20170103CDLG000210052903,B024-TXN-04219,已成交,用户提供的历史交易快照
29989157,923000000,CDNL,5.6,1,2017/1/3 14:49,20170103CDLG000210052903,B024-TXN-04220,已成交,用户提供的历史交易快照
30022232,960000000,CDNL,0.3,1,2017/1/3 14:51,20170103CDLG000210052904,B024-TXN-04221,已成交,用户提供的历史交易快照
29991561,930000000,CDNL,4.12,1,2017/1/3 14:51,20170103CDLG000210052905,B024-TXN-04222,已成交,用户提供的历史交易快照
30006263,914100001,CDNL,5.52,1,2017/1/3 14:51,20170103CDLG000210052905,B024-TXN-04223,已成交,用户提供的历史交易快照
30022232,960000000,CDNL,0.3,1,2017/1/3 14:51,20170103CDLG000210052905,B024-TXN-04224,已成交,用户提供的历史交易快照
30001302,931020102,CDNL,7.52,1,2017/1/3 14:51,20170103CDLG000210052905,B024-TXN-04225,已成交,用户提供的历史交易快照
30149703,914000000,CDNL,2.12,1,2017/1/3 14:51,20170103CDLG000210052905,B024-TXN-04226,已成交,用户提供的历史交易快照
30149703,914000000,CDNL,2.12,1,2017/1/3 14:51,20170103CDLG000210052905,B024-TXN-04227,已成交,用户提供的历史交易快照
30149703,914000000,CDNL,2.12,1,2017/1/3 14:51,20170103CDLG000210052905,B024-TXN-04228,已成交,用户提供的历史交易快照
30149703,914000000,CDNL,2.12,1,2017/1/3 14:51,20170103CDLG000210052905,B024-TXN-04229,已成交,用户提供的历史交易快照
30212879,931000503,CDNL,3.52,1,2017/1/3 14:51,20170103CDLG000210052905,B024-TXN-04230,已成交,用户提供的历史交易快照
30064193,930010003,CDNL,12.52,1,2017/1/3 14:51,20170103CDLG000210052905,B024-TXN-04231,已成交,用户提供的历史交易快照
30212281,931060119,CDNL,15.52,1,2017/1/3 14:51,20170103CDLG000210052905,B024-TXN-04232,已成交,用户提供的历史交易快照
30162126,912060303,CDNL,51.06,0,2017/1/3 14:53,20170103CDLG000210052906,B024-TXN-04233,已成交,用户提供的历史交易快照
30023041,923000006,CDNL,3.2,1,2017/1/3 14:53,20170103CDLG000210052906,B024-TXN-04234,已成交,用户提供的历史交易快照
30078085,912060303,CDNL,19.18,0,2017/1/3 14:53,20170103CDLG000210052906,B024-TXN-04235,已成交,用户提供的历史交易快照
30023197,922000003,CDNL,6.8,0,2017/1/3 14:53,20170103CDLG000210052906,B024-TXN-04236,已成交,用户提供的历史交易快照
30118705,912060301,CDNL,31.64,0,2017/1/3 14:53,20170103CDLG000210052906,B024-TXN-04237,已成交,用户提供的历史交易快照
29989072,922000002,CDNL,0.78,1,2017/1/3 14:55,20170103CDLG000210052907,B024-TXN-04238,已成交,用户提供的历史交易快照
30119297,930000201,CDNL,6.52,1,2017/1/3 14:55,20170103CDLG000210052907,B024-TXN-04239,已成交,用户提供的历史交易快照
30031738,915030101,CDNL,6.04,2,2017/1/3 14:58,20170103CDLG000210052908,B024-TXN-04240,已成交,用户提供的历史交易快照
30203637,923000006,CDNL,3.2,1,2017/1/3 15:00,20170103CDLG000210052909,B024-TXN-04241,已成交,用户提供的历史交易快照
29989153,923000006,CDNL,7.6,1,2017/1/3 15:00,20170103CDLG000210052909,B024-TXN-04242,已成交,用户提供的历史交易快照
29989157,923000000,CDNL,5.6,1,2017/1/3 15:00,20170103CDLG000210052909,B024-TXN-04243,已成交,用户提供的历史交易快照
30102550,930010005,CDNL,5.15,2,2017/1/3 15:04,20170103CDLG000210052911,B024-TXN-04244,已成交,用户提供的历史交易快照
30005122,914000000,CDNL,4.52,1,2017/1/3 15:04,20170103CDLG000210052911,B024-TXN-04245,已成交,用户提供的历史交易快照
30005122,914000000,CDNL,4.52,1,2017/1/3 15:04,20170103CDLG000210052911,B024-TXN-04246,已成交,用户提供的历史交易快照
30098694,914090002,CDNL,68.52,1,2017/1/3 15:05,20170103CDLG000210052912,B024-TXN-04247,已成交,用户提供的历史交易快照
29989626,924030000,CDNL,15.6,1,2017/1/3 15:06,20170103CDLG000210052913,B024-TXN-04248,已成交,用户提供的历史交易快照
30023187,922000003,CDNL,3.2,2,2017/1/3 15:06,20170103CDLG000210052913,B024-TXN-04249,已成交,用户提供的历史交易快照
30007607,910010301,CDNL,45.42,1,2017/1/3 15:06,20170103CDLG000210052913,B024-TXN-04250,已成交,用户提供的历史交易快照
29989076,922000006,CDNL,3.58,1,2017/1/3 15:11,20170103CDLG000210052915,B024-TXN-04251,已成交,用户提供的历史交易快照
30006313,915000103,CDNL,13.42,1,2017/1/3 15:11,20170103CDLG000210052915,B024-TXN-04252,已成交,用户提供的历史交易快照
30017800,914050300,CDNL,2.2,1,2017/1/3 15:11,20170103CDLG000210052915,B024-TXN-04253,已成交,用户提供的历史交易快照
30017800,914050300,CDNL,2.2,1,2017/1/3 15:11,20170103CDLG000210052915,B024-TXN-04254,已成交,用户提供的历史交易快照
30142604,914050002,CDNL,2.0,1,2017/1/3 15:11,20170103CDLG000210052915,B024-TXN-04255,已成交,用户提供的历史交易快照
30142604,914050002,CDNL,2.0,1,2017/1/3 15:11,20170103CDLG000210052915,B024-TXN-04256,已成交,用户提供的历史交易快照
30142604,914050002,CDNL,2.0,1,2017/1/3 15:11,20170103CDLG000210052915,B024-TXN-04257,已成交,用户提供的历史交易快照
30013861,914050005,CDNL,1.8,1,2017/1/3 15:11,20170103CDLG000210052915,B024-TXN-04258,已成交,用户提供的历史交易快照
30013861,914050005,CDNL,1.8,1,2017/1/3 15:11,20170103CDLG000210052915,B024-TXN-04259,已成交,用户提供的历史交易快照
30013861,914050005,CDNL,1.8,1,2017/1/3 15:11,20170103CDLG000210052915,B024-TXN-04260,已成交,用户提供的历史交易快照
30013861,914050005,CDNL,1.8,1,2017/1/3 15:11,20170103CDLG000210052915,B024-TXN-04261,已成交,用户提供的历史交易快照
30020103,915030301,CDNL,9.6,0,2017/1/3 15:11,20170103CDLG000210052915,B024-TXN-04262,已成交,用户提供的历史交易快照
30179545,915000106,CDNL,67.12,0,2017/1/3 15:11,20170103CDLG000210052915,B024-TXN-04263,已成交,用户提供的历史交易快照
29989073,922000002,CDNL,4.8,1,2017/1/3 15:11,20170103CDLG000210052915,B024-TXN-04264,已成交,用户提供的历史交易快照
30004009,914050001,CDNL,2.0,1,2017/1/3 15:11,20170103CDLG000210052915,B024-TXN-04265,已成交,用户提供的历史交易快照
30004009,914050001,CDNL,2.0,1,2017/1/3 15:11,20170103CDLG000210052915,B024-TXN-04266,已成交,用户提供的历史交易快照
30004009,914050001,CDNL,2.0,1,2017/1/3 15:11,20170103CDLG000210052915,B024-TXN-04267,已成交,用户提供的历史交易快照
30004009,914050001,CDNL,2.0,1,2017/1/3 15:11,20170103CDLG000210052915,B024-TXN-04268,已成交,用户提供的历史交易快照
30004009,914050001,CDNL,2.0,1,2017/1/3 15:11,20170103CDLG000210052915,B024-TXN-04269,已成交,用户提供的历史交易快照
30004009,914050001,CDNL,2.0,1,2017/1/3 15:11,20170103CDLG000210052915,B024-TXN-04270,已成交,用户提供的历史交易快照
30022232,960000000,CDNL,0.3,1,2017/1/3 15:11,20170103CDLG000210052915,B024-TXN-04271,已成交,用户提供的历史交易快照
30179520,915000100,CDNL,77.16,0,2017/1/3 15:11,20170103CDLG000210052915,B024-TXN-04272,已成交,用户提供的历史交易快照
29989072,922000002,CDNL,0.78,1,2017/1/3 15:11,20170103CDLG000210052915,B024-TXN-04273,已成交,用户提供的历史交易快照
30006206,915000003,CDNL,25.22,1,2017/1/3 15:11,20170103CDLG000210052915,B024-TXN-04274,已成交,用户提供的历史交易快照
30006331,915030304,CDNL,12.78,0,2017/1/3 15:11,20170103CDLG000210052915,B024-TXN-04275,已成交,用户提供的历史交易快照
30012674,914050300,CDNL,1.5,1,2017/1/3 15:11,20170103CDLG000210052915,B024-TXN-04276,已成交,用户提供的历史交易快照
30012674,914050300,CDNL,1.5,1,2017/1/3 15:11,20170103CDLG000210052915,B024-TXN-04277,已成交,用户提供的历史交易快照
30165691,931060121,CDNL,3.52,1,2017/1/3 15:11,20170103CDLG000210052915,B024-TXN-04278,已成交,用户提供的历史交易快照
30179551,915000106,CDNL,59.14,0,2017/1/3 15:11,20170103CDLG000210052915,B024-TXN-04279,已成交,用户提供的历史交易快照
30004012,914050002,CDNL,2.0,1,2017/1/3 15:11,20170103CDLG000210052915,B024-TXN-04280,已成交,用户提供的历史交易快照
30004012,914050002,CDNL,2.0,1,2017/1/3 15:11,20170103CDLG000210052915,B024-TXN-04281,已成交,用户提供的历史交易快照
30004012,914050002,CDNL,2.0,1,2017/1/3 15:11,20170103CDLG000210052915,B024-TXN-04282,已成交,用户提供的历史交易快照
30005164,914050300,CDNL,2.2,1,2017/1/3 15:11,20170103CDLG000210052915,B024-TXN-04283,已成交,用户提供的历史交易快照
30005164,914050300,CDNL,2.2,1,2017/1/3 15:11,20170103CDLG000210052915,B024-TXN-04284,已成交,用户提供的历史交易快照
30005164,914050300,CDNL,2.2,1,2017/1/3 15:11,20170103CDLG000210052915,B024-TXN-04285,已成交,用户提供的历史交易快照
30005164,914050300,CDNL,2.2,1,2017/1/3 15:11,20170103CDLG000210052915,B024-TXN-04286,已成交,用户提供的历史交易快照
30005164,914050300,CDNL,2.2,1,2017/1/3 15:11,20170103CDLG000210052915,B024-TXN-04287,已成交,用户提供的历史交易快照
30006343,915030400,CDNL,3.98,2,2017/1/3 15:11,20170103CDLG000210052915,B024-TXN-04288,已成交,用户提供的历史交易快照
30026838,915030401,CDNL,9.58,1,2017/1/3 15:11,20170103CDLG000210052915,B024-TXN-04289,已成交,用户提供的历史交易快照
30026838,915030401,CDNL,9.58,1,2017/1/3 15:11,20170103CDLG000210052915,B024-TXN-04290,已成交,用户提供的历史交易快照
30026838,915030401,CDNL,9.58,1,2017/1/3 15:11,20170103CDLG000210052915,B024-TXN-04291,已成交,用户提供的历史交易快照
30179558,915000100,CDNL,47.39,1,2017/1/3 15:11,20170103CDLG000210052915,B024-TXN-04292,已成交,用户提供的历史交易快照
30004013,914050002,CDNL,2.92,1,2017/1/3 15:11,20170103CDLG000210052915,B024-TXN-04293,已成交,用户提供的历史交易快照
30004013,914050002,CDNL,2.92,1,2017/1/3 15:11,20170103CDLG000210052915,B024-TXN-04294,已成交,用户提供的历史交易快照
30004013,914050002,CDNL,2.92,1,2017/1/3 15:11,20170103CDLG000210052915,B024-TXN-04295,已成交,用户提供的历史交易快照
30179537,915000106,CDNL,72.45,0,2017/1/3 15:11,20170103CDLG000210052915,B024-TXN-04296,已成交,用户提供的历史交易快照
30179543,915000106,CDNL,154.52,0,2017/1/3 15:11,20170103CDLG000210052915,B024-TXN-04297,已成交,用户提供的历史交易快照
30179543,915000106,CDNL,154.42,0,2017/1/3 15:11,20170103CDLG000210052915,B024-TXN-04298,已成交,用户提供的历史交易快照
30214804,925090000,CDNL,33.42,0,2017/1/3 15:11,20170103CDLG000210052915,B024-TXN-04299,已成交,用户提供的历史交易快照
30186597,936010001,CDNL,6.52,1,2017/1/3 15:12,20170103CDLG000210052916,B024-TXN-04300,已成交,用户提供的历史交易快照
30146445,931030200,CDNL,19.52,1,2017/1/3 15:12,20170103CDLG000210052916,B024-TXN-04301,已成交,用户提供的历史交易快照
30169593,930040000,CDNL,9.52,1,2017/1/3 15:12,20170103CDLG000210052916,B024-TXN-04302,已成交,用户提供的历史交易快照
30207851,931020102,CDNL,7.52,1,2017/1/3 15:12,20170103CDLG000210052916,B024-TXN-04303,已成交,用户提供的历史交易快照
30186264,936010002,CDNL,4.52,1,2017/1/3 15:12,20170103CDLG000210052916,B024-TXN-04304,已成交,用户提供的历史交易快照
30186264,936010002,CDNL,4.52,1,2017/1/3 15:12,20170103CDLG000210052916,B024-TXN-04305,已成交,用户提供的历史交易快照
30131966,936010000,CDNL,14.12,1,2017/1/3 15:12,20170103CDLG000210052916,B024-TXN-04306,已成交,用户提供的历史交易快照
30179532,915000106,CDNL,13.59,0,2017/1/3 15:14,20170103CDLG000210052917,B024-TXN-04307,已成交,用户提供的历史交易快照
30026255,915030104,CDNL,4.0,2,2017/1/3 15:14,20170103CDLG000210052918,B024-TXN-04308,已成交,用户提供的历史交易快照
29989025,931080202,CDNL,2.5,1,2017/1/3 15:14,20170103CDLG000210052918,B024-TXN-04309,已成交,用户提供的历史交易快照
29991849,930000301,CDNL,3.52,1,2017/1/3 15:14,20170103CDLG000210052918,B024-TXN-04310,已成交,用户提供的历史交易快照
30027007,923000006,CDNL,5.6,2,2017/1/3 15:14,20170103CDLG000210052918,B024-TXN-04311,已成交,用户提供的历史交易快照
30008601,912020106,CDNL,1.2,1,2017/1/3 15:14,20170103CDLG000210052918,B024-TXN-04312,已成交,用户提供的历史交易快照
30010106,914010001,CDNL,15.52,1,2017/1/3 15:44,20170103CDLG000210052919,B024-TXN-04313,已成交,用户提供的历史交易快照
30004108,914000000,CDNL,7.42,1,2017/1/3 15:44,20170103CDLG000210052919,B024-TXN-04314,已成交,用户提供的历史交易快照
30093958,931080205,CDNL,5.12,1,2017/1/3 15:44,20170103CDLG000210052919,B024-TXN-04315,已成交,用户提供的历史交易快照
30005862,914000300,CDNL,13.02,1,2017/1/3 15:44,20170103CDLG000210052919,B024-TXN-04316,已成交,用户提供的历史交易快照
30092317,930000201,CDNL,12.52,1,2017/1/3 15:44,20170103CDLG000210052919,B024-TXN-04317,已成交,用户提供的历史交易快照
30006041,915010000,CDNL,7.58,1,2017/1/3 15:46,20170103CDLG000210052920,B024-TXN-04318,已成交,用户提供的历史交易快照
30008385,912060303,CDNL,25.44,0,2017/1/3 15:46,20170103CDLG000210052920,B024-TXN-04319,已成交,用户提供的历史交易快照
30008389,912060302,CDNL,25.24,0,2017/1/3 15:46,20170103CDLG000210052920,B024-TXN-04320,已成交,用户提供的历史交易快照
30153013,912030207,CDNL,3.42,1,2017/1/3 15:49,20170103CDLG000210052921,B024-TXN-04321,已成交,用户提供的历史交易快照
29989077,922000008,CDNL,11.61,0,2017/1/3 15:49,20170103CDLG000210052921,B024-TXN-04322,已成交,用户提供的历史交易快照
30131137,912030207,CDNL,3.12,1,2017/1/3 15:49,20170103CDLG000210052921,B024-TXN-04323,已成交,用户提供的历史交易快照
29989172,923000002,CDNL,9.59,0,2017/1/3 15:49,20170103CDLG000210052921,B024-TXN-04324,已成交,用户提供的历史交易快照
30116890,914070100,CDNL,10.42,1,2017/1/3 15:52,20170103CDLG000210052922,B024-TXN-04325,已成交,用户提供的历史交易快照
30007594,910030102,CDNL,2.45,7,2017/1/3 15:52,20170103CDLG000210052922,B024-TXN-04326,已成交,用户提供的历史交易快照
30078917,912020103,CDNL,5.32,1,2017/1/3 15:53,20170103CDLG000210052923,B024-TXN-04327,已成交,用户提供的历史交易快照
30167386,916020301,CDNL,7.12,1,2017/1/3 15:53,20170103CDLG000210052923,B024-TXN-04328,已成交,用户提供的历史交易快照
30197339,912020200,CDNL,4.82,1,2017/1/3 15:53,20170103CDLG000210052923,B024-TXN-04329,已成交,用户提供的历史交易快照
30002948,913020000,CDNL,16.62,1,2017/1/3 15:54,20170103CDLG000210052924,B024-TXN-04330,已成交,用户提供的历史交易快照
30092775,915030404,CDNL,7.12,2,2017/1/3 15:54,20170103CDLG000210052924,B024-TXN-04331,已成交,用户提供的历史交易快照
30152579,930040402,CDNL,2.9,1,2017/1/3 15:54,20170103CDLG000210052924,B024-TXN-04332,已成交,用户提供的历史交易快照
30152579,930040402,CDNL,2.9,1,2017/1/3 15:54,20170103CDLG000210052924,B024-TXN-04333,已成交,用户提供的历史交易快照
30152579,930040402,CDNL,2.9,1,2017/1/3 15:54,20170103CDLG000210052924,B024-TXN-04334,已成交,用户提供的历史交易快照
30152579,930040402,CDNL,2.9,1,2017/1/3 15:54,20170103CDLG000210052924,B024-TXN-04335,已成交,用户提供的历史交易快照
30152579,930040402,CDNL,2.9,1,2017/1/3 15:54,20170103CDLG000210052924,B024-TXN-04336,已成交,用户提供的历史交易快照
30152579,930040402,CDNL,2.9,1,2017/1/3 15:54,20170103CDLG000210052924,B024-TXN-04337,已成交,用户提供的历史交易快照
30152579,930040402,CDNL,2.9,1,2017/1/3 15:54,20170103CDLG000210052924,B024-TXN-04338,已成交,用户提供的历史交易快照
30152579,930040402,CDNL,2.9,1,2017/1/3 15:54,20170103CDLG000210052924,B024-TXN-04339,已成交,用户提供的历史交易快照
30152579,930040402,CDNL,2.9,1,2017/1/3 15:54,20170103CDLG000210052924,B024-TXN-04340,已成交,用户提供的历史交易快照
30152579,930040402,CDNL,2.9,1,2017/1/3 15:54,20170103CDLG000210052924,B024-TXN-04341,已成交,用户提供的历史交易快照
30006335,915030402,CDNL,6.98,1,2017/1/3 15:54,20170103CDLG000210052924,B024-TXN-04342,已成交,用户提供的历史交易快照
30008276,911010501,CDNL,15.42,2,2017/1/3 15:54,20170103CDLG000210052924,B024-TXN-04343,已成交,用户提供的历史交易快照
30072292,910010000,CDNL,4.12,1,2017/1/3 15:55,20170103CDLG000210052925,B024-TXN-04344,已成交,用户提供的历史交易快照
29989073,922000002,CDNL,4.8,1,2017/1/3 15:55,20170103CDLG000210052925,B024-TXN-04345,已成交,用户提供的历史交易快照
30022232,960000000,CDNL,0.3,1,2017/1/3 15:55,20170103CDLG000210052925,B024-TXN-04346,已成交,用户提供的历史交易快照
30130040,922000005,CDNL,17.61,0,2017/1/3 15:55,20170103CDLG000210052925,B024-TXN-04347,已成交,用户提供的历史交易快照
29989072,922000002,CDNL,0.78,1,2017/1/3 15:55,20170103CDLG000210052925,B024-TXN-04348,已成交,用户提供的历史交易快照
30001568,910020208,CDNL,12.12,1,2017/1/3 15:55,20170103CDLG000210052925,B024-TXN-04349,已成交,用户提供的历史交易快照
30008276,911010501,CDNL,15.41,1,2017/1/3 15:55,20170103CDLG000210052925,B024-TXN-04350,已成交,用户提供的历史交易快照
30037684,922000005,CDNL,11.59,0,2017/1/3 15:55,20170103CDLG000210052925,B024-TXN-04351,已成交,用户提供的历史交易快照
30072292,910010000,CDNL,4.12,1,2017/1/3 15:55,20170103CDLG000210052925,B024-TXN-04352,已成交,用户提供的历史交易快照
30072292,910010000,CDNL,4.12,1,2017/1/3 15:55,20170103CDLG000210052925,B024-TXN-04353,已成交,用户提供的历史交易快照
29989071,922000002,CDNL,3.4,1,2017/1/3 15:55,20170103CDLG000210052925,B024-TXN-04354,已成交,用户提供的历史交易快照
30023229,922000001,CDNL,4.62,1,2017/1/3 15:55,20170103CDLG000210052925,B024-TXN-04355,已成交,用户提供的历史交易快照
30123505,922000005,CDNL,10.79,0,2017/1/3 15:55,20170103CDLG000210052925,B024-TXN-04356,已成交,用户提供的历史交易快照
30115853,912030500,CDNL,5.42,1,2017/1/3 15:57,20170103CDLG000210052926,B024-TXN-04357,已成交,用户提供的历史交易快照
30119181,913050002,CDNL,37.82,1,2017/1/3 15:57,20170103CDLG000210052926,B024-TXN-04358,已成交,用户提供的历史交易快照
30023041,923000006,CDNL,3.2,2,2017/1/3 15:57,20170103CDLG000210052927,B024-TXN-04359,已成交,用户提供的历史交易快照
30027007,923000006,CDNL,5.6,1,2017/1/3 15:57,20170103CDLG000210052927,B024-TXN-04360,已成交,用户提供的历史交易快照
30179520,915000100,CDNL,77.16,0,2017/1/3 15:57,20170103CDLG000210052927,B024-TXN-04361,已成交,用户提供的历史交易快照
30179534,915000106,CDNL,121.05,0,2017/1/3 15:57,20170103CDLG000210052927,B024-TXN-04362,已成交,用户提供的历史交易快照
30006206,915000003,CDNL,25.22,0,2017/1/3 15:57,20170103CDLG000210052927,B024-TXN-04363,已成交,用户提供的历史交易快照
30020055,923000002,CDNL,9.6,1,2017/1/3 15:57,20170103CDLG000210052927,B024-TXN-04364,已成交,用户提供的历史交易快照
30179551,915000106,CDNL,59.25,0,2017/1/3 15:57,20170103CDLG000210052927,B024-TXN-04365,已成交,用户提供的历史交易快照
30006208,915000101,CDNL,47.34,0,2017/1/3 15:57,20170103CDLG000210052927,B024-TXN-04366,已成交,用户提供的历史交易快照
30149264,931050202,CDNL,10.52,1,2017/1/3 15:57,20170103CDLG000210052927,B024-TXN-04367,已成交,用户提供的历史交易快照
29989059,922000003,CDNL,1.98,2,2017/1/3 15:57,20170103CDLG000210052927,B024-TXN-04368,已成交,用户提供的历史交易快照
29989157,923000000,CDNL,5.6,1,2017/1/3 15:57,20170103CDLG000210052927,B024-TXN-04369,已成交,用户提供的历史交易快照
30078085,912060303,CDNL,19.22,0,2017/1/3 16:00,20170103CDLG000210052928,B024-TXN-04370,已成交,用户提供的历史交易快照
30113344,912060303,CDNL,13.43,0,2017/1/3 16:00,20170103CDLG000210052928,B024-TXN-04371,已成交,用户提供的历史交易快照
30195948,930020502,CDNL,9.52,1,2017/1/3 16:00,20170103CDLG000210052929,B024-TXN-04372,已成交,用户提供的历史交易快照
30005818,914120204,CDNL,14.62,1,2017/1/3 16:01,20170103CDLG000210052930,B024-TXN-04373,已成交,用户提供的历史交易快照
30179388,912030206,CDNL,3.0,1,2017/1/3 16:01,20170103CDLG000210052930,B024-TXN-04374,已成交,用户提供的历史交易快照
30179388,912030206,CDNL,3.0,1,2017/1/3 16:01,20170103CDLG000210052930,B024-TXN-04375,已成交,用户提供的历史交易快照
30027007,923000006,CDNL,5.6,2,2017/1/3 16:03,20170103CDLG000210052931,B024-TXN-04376,已成交,用户提供的历史交易快照
30027007,923000006,CDNL,5.6,2,2017/1/3 16:03,20170103CDLG000210052931,B024-TXN-04377,已成交,用户提供的历史交易快照
29989056,922000001,CDNL,5.6,1,2017/1/3 16:03,20170103CDLG000210052932,B024-TXN-04378,已成交,用户提供的历史交易快照
29989157,923000000,CDNL,5.6,1,2017/1/3 16:03,20170103CDLG000210052932,B024-TXN-04379,已成交,用户提供的历史交易快照
30005880,914020403,CDNL,8.52,1,2017/1/3 16:06,20170103CDLG000210052933,B024-TXN-04380,已成交,用户提供的历史交易快照
30179545,915000106,CDNL,67.08,0,2017/1/3 16:06,20170103CDLG000210052933,B024-TXN-04381,已成交,用户提供的历史交易快照
30022232,960000000,CDNL,0.3,1,2017/1/3 16:06,20170103CDLG000210052933,B024-TXN-04382,已成交,用户提供的历史交易快照
30041085,911000000,CDNL,9.52,1,2017/1/3 16:06,20170103CDLG000210052933,B024-TXN-04383,已成交,用户提供的历史交易快照
30020055,923000002,CDNL,9.6,1,2017/1/3 16:06,20170103CDLG000210052933,B024-TXN-04384,已成交,用户提供的历史交易快照
30005299,914020000,CDNL,4.52,1,2017/1/3 16:06,20170103CDLG000210052933,B024-TXN-04385,已成交,用户提供的历史交易快照
30115568,930020001,CDNL,8.52,1,2017/1/3 16:06,20170103CDLG000210052933,B024-TXN-04386,已成交,用户提供的历史交易快照
30010045,911000000,CDNL,5.52,1,2017/1/3 16:06,20170103CDLG000210052933,B024-TXN-04387,已成交,用户提供的历史交易快照
29989059,922000003,CDNL,3.98,1,2017/1/3 16:06,20170103CDLG000210052933,B024-TXN-04388,已成交,用户提供的历史交易快照
30169593,930040000,CDNL,9.52,1,2017/1/3 16:07,20170103CDLG000210052934,B024-TXN-04389,已成交,用户提供的历史交易快照
30169593,930040000,CDNL,9.52,1,2017/1/3 16:07,20170103CDLG000210052934,B024-TXN-04390,已成交,用户提供的历史交易快照
30214313,930020502,CDNL,8.52,1,2017/1/3 16:07,20170103CDLG000210052934,B024-TXN-04391,已成交,用户提供的历史交易快照
30214313,930020502,CDNL,8.52,1,2017/1/3 16:07,20170103CDLG000210052934,B024-TXN-04392,已成交,用户提供的历史交易快照
30005364,914010001,CDNL,5.52,1,2017/1/3 16:07,20170103CDLG000210052934,B024-TXN-04393,已成交,用户提供的历史交易快照
30005364,914010001,CDNL,5.52,1,2017/1/3 16:07,20170103CDLG000210052934,B024-TXN-04394,已成交,用户提供的历史交易快照
30005364,914010001,CDNL,5.52,1,2017/1/3 16:07,20170103CDLG000210052934,B024-TXN-04395,已成交,用户提供的历史交易快照
30005364,914010001,CDNL,5.52,1,2017/1/3 16:07,20170103CDLG000210052934,B024-TXN-04396,已成交,用户提供的历史交易快照
30119297,930000201,CDNL,6.52,1,2017/1/3 16:07,20170103CDLG000210052934,B024-TXN-04397,已成交,用户提供的历史交易快照
30119297,930000201,CDNL,6.52,1,2017/1/3 16:07,20170103CDLG000210052934,B024-TXN-04398,已成交,用户提供的历史交易快照
30169591,930040000,CDNL,8.52,1,2017/1/3 16:07,20170103CDLG000210052934,B024-TXN-04399,已成交,用户提供的历史交易快照
30195948,930020502,CDNL,9.52,1,2017/1/3 16:07,20170103CDLG000210052934,B024-TXN-04400,已成交,用户提供的历史交易快照
30195948,930020502,CDNL,9.52,1,2017/1/3 16:07,20170103CDLG000210052934,B024-TXN-04401,已成交,用户提供的历史交易快照
30168326,930020502,CDNL,7.52,2,2017/1/3 16:07,20170103CDLG000210052934,B024-TXN-04402,已成交,用户提供的历史交易快照
29989077,922000008,CDNL,11.61,1,2017/1/3 16:10,20170103CDLG000210052935,B024-TXN-04403,已成交,用户提供的历史交易快照
29989049,922000001,CDNL,1.98,0,2017/1/3 16:10,20170103CDLG000210052935,B024-TXN-04404,已成交,用户提供的历史交易快照
30022232,960000000,CDNL,0.3,1,2017/1/3 16:10,20170103CDLG000210052935,B024-TXN-04405,已成交,用户提供的历史交易快照
30173848,920090000,CDNL,1.3,1,2017/1/3 16:10,20170103CDLG000210052935,B024-TXN-04406,已成交,用户提供的历史交易快照
30119171,915030306,CDNL,10.62,0,2017/1/3 16:10,20170103CDLG000210052935,B024-TXN-04407,已成交,用户提供的历史交易快照
30119171,915030306,CDNL,10.62,1,2017/1/3 16:10,20170103CDLG000210052935,B024-TXN-04408,已成交,用户提供的历史交易快照
30006232,914100000,CDNL,5.52,1,2017/1/3 16:11,20170103CDLG000210052936,B024-TXN-04409,已成交,用户提供的历史交易快照
30046817,914100000,CDNL,3.72,1,2017/1/3 16:11,20170103CDLG000210052936,B024-TXN-04410,已成交,用户提供的历史交易快照
30046817,914100000,CDNL,3.72,1,2017/1/3 16:11,20170103CDLG000210052936,B024-TXN-04411,已成交,用户提供的历史交易快照
30046817,914100000,CDNL,3.72,1,2017/1/3 16:11,20170103CDLG000210052936,B024-TXN-04412,已成交,用户提供的历史交易快照
30188638,930020001,CDNL,39.52,1,2017/1/3 16:12,20170103CDLG000210052937,B024-TXN-04413,已成交,用户提供的历史交易快照
30206392,930020502,CDNL,10.52,1,2017/1/3 16:12,20170103CDLG000210052937,B024-TXN-04414,已成交,用户提供的历史交易快照
30008381,912060301,CDNL,19.42,1,2017/1/3 16:13,20170103CDLG000210052938,B024-TXN-04415,已成交,用户提供的历史交易快照
30118305,930040104,CDNL,19.52,1,2017/1/3 16:13,20170103CDLG000210052938,B024-TXN-04416,已成交,用户提供的历史交易快照
30023041,923000006,CDNL,3.2,1,2017/1/3 16:14,20170103CDLG000210052939,B024-TXN-04417,已成交,用户提供的历史交易快照
30179532,915000106,CDNL,13.57,0,2017/1/3 16:14,20170103CDLG000210052939,B024-TXN-04418,已成交,用户提供的历史交易快照
29989065,922000000,CDNL,21.57,0,2017/1/3 16:14,20170103CDLG000210052939,B024-TXN-04419,已成交,用户提供的历史交易快照
30009061,912030500,CDNL,3.12,1,2017/1/3 16:15,20170103CDLG000210052941,B024-TXN-04420,已成交,用户提供的历史交易快照
30006206,915000003,CDNL,25.2,0,2017/1/3 16:15,20170103CDLG000210052941,B024-TXN-04421,已成交,用户提供的历史交易快照
30119882,912080000,CDNL,5.42,1,2017/1/3 16:15,20170103CDLG000210052941,B024-TXN-04422,已成交,用户提供的历史交易快照
30179551,915000106,CDNL,59.22,0,2017/1/3 16:15,20170103CDLG000210052941,B024-TXN-04423,已成交,用户提供的历史交易快照
30178106,912060301,CDNL,17.4,0,2017/1/3 16:15,20170103CDLG000210052941,B024-TXN-04424,已成交,用户提供的历史交易快照
30179520,915000100,CDNL,77.4,0,2017/1/3 16:15,20170103CDLG000210052941,B024-TXN-04425,已成交,用户提供的历史交易快照
29989059,922000003,CDNL,3.98,1,2017/1/3 16:15,20170103CDLG000210052941,B024-TXN-04426,已成交,用户提供的历史交易快照
29989057,922000001,CDNL,2.38,1,2017/1/3 16:15,20170103CDLG000210052942,B024-TXN-04427,已成交,用户提供的历史交易快照
29989083,922000000,CDNL,4.2,1,2017/1/3 16:16,20170103CDLG000210052943,B024-TXN-04428,已成交,用户提供的历史交易快照
29989077,922000008,CDNL,11.6,0,2017/1/3 16:16,20170103CDLG000210052944,B024-TXN-04429,已成交,用户提供的历史交易快照
29989161,923000006,CDNL,15.61,0,2017/1/3 16:16,20170103CDLG000210052944,B024-TXN-04430,已成交,用户提供的历史交易快照
30211283,930040000,CDNL,13.22,1,2017/1/3 16:16,20170103CDLG000210052944,B024-TXN-04431,已成交,用户提供的历史交易快照
30005775,914040401,CDNL,3.1,1,2017/1/3 16:16,20170103CDLG000210052945,B024-TXN-04432,已成交,用户提供的历史交易快照
30163281,914010000,CDNL,2.0,1,2017/1/3 16:16,20170103CDLG000210052945,B024-TXN-04433,已成交,用户提供的历史交易快照
30144190,914000100,CDNL,3.62,1,2017/1/3 16:16,20170103CDLG000210052945,B024-TXN-04434,已成交,用户提供的历史交易快照
29989153,923000006,CDNL,7.6,1,2017/1/3 16:17,20170103CDLG000210052946,B024-TXN-04435,已成交,用户提供的历史交易快照
30020084,923000002,CDNL,9.6,2,2017/1/3 16:17,20170103CDLG000210052946,B024-TXN-04436,已成交,用户提供的历史交易快照
30020095,923000010,CDNL,7.6,1,2017/1/3 16:17,20170103CDLG000210052946,B024-TXN-04437,已成交,用户提供的历史交易快照
30023041,923000006,CDNL,3.2,2,2017/1/3 16:17,20170103CDLG000210052946,B024-TXN-04438,已成交,用户提供的历史交易快照
30020269,923000101,CDNL,7.6,2,2017/1/3 16:17,20170103CDLG000210052946,B024-TXN-04439,已成交,用户提供的历史交易快照
30045601,912060301,CDNL,19.62,0,2017/1/3 16:17,20170103CDLG000210052946,B024-TXN-04440,已成交,用户提供的历史交易快照
29989155,923000002,CDNL,4.8,2,2017/1/3 16:17,20170103CDLG000210052946,B024-TXN-04441,已成交,用户提供的历史交易快照
30022232,960000000,CDNL,0.3,1,2017/1/3 16:17,20170103CDLG000210052946,B024-TXN-04442,已成交,用户提供的历史交易快照
30022232,960000000,CDNL,0.3,1,2017/1/3 16:17,20170103CDLG000210052946,B024-TXN-04443,已成交,用户提供的历史交易快照
30099528,912060303,CDNL,23.21,0,2017/1/3 16:17,20170103CDLG000210052946,B024-TXN-04444,已成交,用户提供的历史交易快照
30169440,912060303,CDNL,33.18,0,2017/1/3 16:17,20170103CDLG000210052946,B024-TXN-04445,已成交,用户提供的历史交易快照
29989143,923000001,CDNL,5.0,1,2017/1/3 16:17,20170103CDLG000210052946,B024-TXN-04446,已成交,用户提供的历史交易快照
29989172,923000002,CDNL,9.6,1,2017/1/3 16:17,20170103CDLG000210052946,B024-TXN-04447,已成交,用户提供的历史交易快照
29989156,923000000,CDNL,10.81,1,2017/1/3 16:23,20170103CDLG000210052947,B024-TXN-04448,已成交,用户提供的历史交易快照
29989152,923000001,CDNL,5.6,1,2017/1/3 16:23,20170103CDLG000210052947,B024-TXN-04449,已成交,用户提供的历史交易快照
30179817,914100104,CDNL,2.32,1,2017/1/3 16:23,20170103CDLG000210052947,B024-TXN-04450,已成交,用户提供的历史交易快照
29989073,922000002,CDNL,4.79,0,2017/1/3 16:23,20170103CDLG000210052947,B024-TXN-04451,已成交,用户提供的历史交易快照
30012630,914100104,CDNL,2.32,1,2017/1/3 16:23,20170103CDLG000210052947,B024-TXN-04452,已成交,用户提供的历史交易快照
30116866,914100003,CDNL,5.62,1,2017/1/3 16:23,20170103CDLG000210052947,B024-TXN-04453,已成交,用户提供的历史交易快照
29989071,922000002,CDNL,3.4,1,2017/1/3 16:23,20170103CDLG000210052947,B024-TXN-04454,已成交,用户提供的历史交易快照
30020281,923000101,CDNL,9.6,1,2017/1/3 16:23,20170103CDLG000210052947,B024-TXN-04455,已成交,用户提供的历史交易快照
30008041,910020202,CDNL,9.52,1,2017/1/3 16:23,20170103CDLG000210052948,B024-TXN-04456,已成交,用户提供的历史交易快照
29989098,922000001,CDNL,2.8,1,2017/1/3 16:24,20170103CDLG000210052949,B024-TXN-04457,已成交,用户提供的历史交易快照
30031113,923000006,CDNL,1.0,1,2017/1/3 16:24,20170103CDLG000210052949,B024-TXN-04458,已成交,用户提供的历史交易快照
29989089,922000000,CDNL,11.55,0,2017/1/3 16:24,20170103CDLG000210052949,B024-TXN-04459,已成交,用户提供的历史交易快照
29989076,922000006,CDNL,3.58,1,2017/1/3 16:24,20170103CDLG000210052949,B024-TXN-04460,已成交,用户提供的历史交易快照
30006041,915010000,CDNL,7.57,1,2017/1/3 16:25,20170103CDLG000210052950,B024-TXN-04461,已成交,用户提供的历史交易快照
30002251,912000100,CDNL,5.42,1,2017/1/3 16:25,20170103CDLG000210052951,B024-TXN-04462,已成交,用户提供的历史交易快照
29989156,923000000,CDNL,10.8,1,2017/1/3 16:26,20170103CDLG000210052952,B024-TXN-04463,已成交,用户提供的历史交易快照
30008676,912040001,CDNL,3.52,1,2017/1/3 16:26,20170103CDLG000210052952,B024-TXN-04464,已成交,用户提供的历史交易快照
30214187,912060304,CDNL,39.09,0,2017/1/3 16:26,20170103CDLG000210052952,B024-TXN-04465,已成交,用户提供的历史交易快照
30007561,910030102,CDNL,3.32,1,2017/1/3 16:26,20170103CDLG000210052952,B024-TXN-04466,已成交,用户提供的历史交易快照
30008389,912060302,CDNL,25.23,0,2017/1/3 16:26,20170103CDLG000210052952,B024-TXN-04467,已成交,用户提供的历史交易快照
30007675,913050103,CDNL,3.02,1,2017/1/3 16:26,20170103CDLG000210052953,B024-TXN-04468,已成交,用户提供的历史交易快照
30044266,912000103,CDNL,12.62,0,2017/1/3 16:26,20170103CDLG000210052953,B024-TXN-04469,已成交,用户提供的历史交易快照
30078085,912060303,CDNL,19.23,1,2017/1/3 16:26,20170103CDLG000210052953,B024-TXN-04470,已成交,用户提供的历史交易快照
30073663,912060303,CDNL,43.63,0,2017/1/3 16:26,20170103CDLG000210052953,B024-TXN-04471,已成交,用户提供的历史交易快照
30002537,912040107,CDNL,7.72,1,2017/1/3 16:26,20170103CDLG000210052953,B024-TXN-04472,已成交,用户提供的历史交易快照
30010445,912020101,CDNL,8.72,1,2017/1/3 16:26,20170103CDLG000210052953,B024-TXN-04473,已成交,用户提供的历史交易快照
30016984,913050103,CDNL,3.32,1,2017/1/3 16:26,20170103CDLG000210052953,B024-TXN-04474,已成交,用户提供的历史交易快照
30162126,912060303,CDNL,51.26,0,2017/1/3 16:26,20170103CDLG000210052953,B024-TXN-04475,已成交,用户提供的历史交易快照
30179390,912030200,CDNL,3.2,1,2017/1/3 16:26,20170103CDLG000210052953,B024-TXN-04476,已成交,用户提供的历史交易快照
30002417,912040201,CDNL,5.62,1,2017/1/3 16:26,20170103CDLG000210052953,B024-TXN-04477,已成交,用户提供的历史交易快照
30002534,912040105,CDNL,7.72,1,2017/1/3 16:26,20170103CDLG000210052953,B024-TXN-04478,已成交,用户提供的历史交易快照
30022232,960000000,CDNL,0.3,1,2017/1/3 16:26,20170103CDLG000210052953,B024-TXN-04479,已成交,用户提供的历史交易快照
30001796,912020102,CDNL,2.0,1,2017/1/3 16:26,20170103CDLG000210052953,B024-TXN-04480,已成交,用户提供的历史交易快照
30001796,912020102,CDNL,2.0,1,2017/1/3 16:26,20170103CDLG000210052953,B024-TXN-04481,已成交,用户提供的历史交易快照
30007679,913050103,CDNL,3.02,1,2017/1/3 16:26,20170103CDLG000210052953,B024-TXN-04482,已成交,用户提供的历史交易快照
30010245,912010004,CDNL,2.52,1,2017/1/3 16:26,20170103CDLG000210052953,B024-TXN-04483,已成交,用户提供的历史交易快照
30010245,912010004,CDNL,2.52,1,2017/1/3 16:26,20170103CDLG000210052953,B024-TXN-04484,已成交,用户提供的历史交易快照
30051143,912030004,CDNL,16.32,1,2017/1/3 16:26,20170103CDLG000210052953,B024-TXN-04485,已成交,用户提供的历史交易快照
30211256,931070003,CDNL,29.52,1,2017/1/3 16:29,20170103CDLG000210052954,B024-TXN-04486,已成交,用户提供的历史交易快照
29989824,931080003,CDNL,4.52,1,2017/1/3 16:29,20170103CDLG000210052954,B024-TXN-04487,已成交,用户提供的历史交易快照
30135547,930000201,CDNL,9.52,1,2017/1/3 16:29,20170103CDLG000210052954,B024-TXN-04488,已成交,用户提供的历史交易快照
30142024,910020202,CDNL,9.52,1,2017/1/3 16:30,20170103CDLG000210052955,B024-TXN-04489,已成交,用户提供的历史交易快照
30142024,910020202,CDNL,9.52,1,2017/1/3 16:30,20170103CDLG000210052955,B024-TXN-04490,已成交,用户提供的历史交易快照
30064497,910020204,CDNL,9.52,1,2017/1/3 16:30,20170103CDLG000210052955,B024-TXN-04491,已成交,用户提供的历史交易快照
30022232,960000000,CDNL,0.3,1,2017/1/3 16:30,20170103CDLG000210052956,B024-TXN-04492,已成交,用户提供的历史交易快照
29989077,922000008,CDNL,13.59,-1,2017/1/3 16:31,20170103CDLG000210052957,B024-TXN-04493,已成交,用户提供的历史交易快照
29989099,922000008,CDNL,1.58,-1,2017/1/3 16:31,20170103CDLG000210052957,B024-TXN-04494,已成交,用户提供的历史交易快照
30010045,911000000,CDNL,5.52,-1,2017/1/3 16:31,20170103CDLG000210052957,B024-TXN-04495,已成交,用户提供的历史交易快照
30022232,960000000,CDNL,0.3,-1,2017/1/3 16:31,20170103CDLG000210052957,B024-TXN-04496,已成交,用户提供的历史交易快照
30063823,914050100,CDNL,1.2,-1,2017/1/3 16:31,20170103CDLG000210052957,B024-TXN-04497,已成交,用户提供的历史交易快照
30023192,922000000,CDNL,9.62,0,2017/1/3 16:31,20170103CDLG000210052957,B024-TXN-04498,已成交,用户提供的历史交易快照
30070164,914000001,CDNL,11.52,-1,2017/1/3 16:31,20170103CDLG000210052957,B024-TXN-04499,已成交,用户提供的历史交易快照
30136855,912060303,CDNL,17.43,-1,2017/1/3 16:31,20170103CDLG000210052957,B024-TXN-04500,已成交,用户提供的历史交易快照
29989059,922000003,CDNL,1.98,-2,2017/1/3 16:31,20170103CDLG000210052957,B024-TXN-04501,已成交,用户提供的历史交易快照
29989071,922000002,CDNL,3.4,-1,2017/1/3 16:31,20170103CDLG000210052957,B024-TXN-04502,已成交,用户提供的历史交易快照
30035851,930040204,CDNL,36.52,1,2017/1/3 16:31,20170103CDLG000210052958,B024-TXN-04503,已成交,用户提供的历史交易快照
30164949,930020500,CDNL,20.52,1,2017/1/3 16:31,20170103CDLG000210052958,B024-TXN-04504,已成交,用户提供的历史交易快照
30020269,923000101,CDNL,7.6,1,2017/1/3 16:31,20170103CDLG000210052958,B024-TXN-04505,已成交,用户提供的历史交易快照
29989136,923000006,CDNL,8.82,0,2017/1/3 16:31,20170103CDLG000210052958,B024-TXN-04506,已成交,用户提供的历史交易快照
30027007,923000006,CDNL,5.6,1,2017/1/3 16:31,20170103CDLG000210052958,B024-TXN-04507,已成交,用户提供的历史交易快照
30022233,960000000,CDNL,0.2,1,2017/1/3 16:31,20170103CDLG000210052958,B024-TXN-04508,已成交,用户提供的历史交易快照
29989105,922000000,CDNL,2.8,1,2017/1/3 16:34,20170103CDLG000210052959,B024-TXN-04509,已成交,用户提供的历史交易快照
29989083,922000000,CDNL,4.2,1,2017/1/3 16:34,20170103CDLG000210052959,B024-TXN-04510,已成交,用户提供的历史交易快照
29989065,922000000,CDNL,21.58,0,2017/1/3 16:34,20170103CDLG000210052959,B024-TXN-04511,已成交,用户提供的历史交易快照
29989065,922000000,CDNL,21.56,0,2017/1/3 16:34,20170103CDLG000210052959,B024-TXN-04512,已成交,用户提供的历史交易快照
29989048,922000001,CDNL,1.98,1,2017/1/3 16:34,20170103CDLG000210052959,B024-TXN-04513,已成交,用户提供的历史交易快照
29989071,922000002,CDNL,3.4,2,2017/1/3 16:34,20170103CDLG000210052959,B024-TXN-04514,已成交,用户提供的历史交易快照
29989077,922000008,CDNL,11.62,0,2017/1/3 16:36,20170103CDLG000210052961,B024-TXN-04515,已成交,用户提供的历史交易快照
30214801,925090000,CDNL,27.41,2,2017/1/3 16:36,20170103CDLG000210052961,B024-TXN-04516,已成交,用户提供的历史交易快照
30200160,912000104,CDNL,5.72,1,2017/1/3 16:39,20170103CDLG000210052963,B024-TXN-04517,已成交,用户提供的历史交易快照
30006297,914100000,CDNL,12.12,1,2017/1/3 16:39,20170103CDLG000210052963,B024-TXN-04518,已成交,用户提供的历史交易快照
30192720,914100004,CDNL,14.82,1,2017/1/3 16:39,20170103CDLG000210052963,B024-TXN-04519,已成交,用户提供的历史交易快照
30008090,910030001,CDNL,1.5,2,2017/1/3 16:41,20170103CDLG000210052964,B024-TXN-04520,已成交,用户提供的历史交易快照
30006263,914100001,CDNL,5.52,1,2017/1/3 16:41,20170103CDLG000210052964,B024-TXN-04521,已成交,用户提供的历史交易快照
30006246,914100001,CDNL,5.52,1,2017/1/3 16:41,20170103CDLG000210052964,B024-TXN-04522,已成交,用户提供的历史交易快照
30010575,930000202,CDNL,16.52,1,2017/1/3 16:43,20170103CDLG000210052965,B024-TXN-04523,已成交,用户提供的历史交易快照
30064378,931060101,CDNL,27.22,1,2017/1/3 16:43,20170103CDLG000210052965,B024-TXN-04524,已成交,用户提供的历史交易快照
30077548,930040100,CDNL,4.22,1,2017/1/3 16:43,20170103CDLG000210052965,B024-TXN-04525,已成交,用户提供的历史交易快照
30077550,930040100,CDNL,4.52,1,2017/1/3 16:43,20170103CDLG000210052965,B024-TXN-04526,已成交,用户提供的历史交易快照
30000880,930020101,CDNL,7.22,1,2017/1/3 16:43,20170103CDLG000210052965,B024-TXN-04527,已成交,用户提供的历史交易快照
30000880,930020101,CDNL,7.22,1,2017/1/3 16:43,20170103CDLG000210052965,B024-TXN-04528,已成交,用户提供的历史交易快照
30022232,960000000,CDNL,0.3,1,2017/1/3 16:43,20170103CDLG000210052965,B024-TXN-04529,已成交,用户提供的历史交易快照
30127854,930020600,CDNL,2.52,1,2017/1/3 16:43,20170103CDLG000210052965,B024-TXN-04530,已成交,用户提供的历史交易快照
30001585,910020300,CDNL,5.52,7,2017/1/3 16:49,20170103CDLG000210052966,B024-TXN-04531,已成交,用户提供的历史交易快照
30023187,922000003,CDNL,3.2,1,2017/1/3 16:50,20170103CDLG000210052967,B024-TXN-04532,已成交,用户提供的历史交易快照
30020145,915030104,CDNL,4.16,2,2017/1/3 16:53,20170103CDLG000210052968,B024-TXN-04533,已成交,用户提供的历史交易快照
30010587,914070201,CDNL,4.12,1,2017/1/3 16:54,20170103CDLG000210052969,B024-TXN-04534,已成交,用户提供的历史交易快照
30010587,914070201,CDNL,4.12,1,2017/1/3 16:54,20170103CDLG000210052969,B024-TXN-04535,已成交,用户提供的历史交易快照
30010587,914070201,CDNL,4.12,1,2017/1/3 16:54,20170103CDLG000210052969,B024-TXN-04536,已成交,用户提供的历史交易快照
30010587,914070201,CDNL,4.12,1,2017/1/3 16:54,20170103CDLG000210052969,B024-TXN-04537,已成交,用户提供的历史交易快照
30010587,914070201,CDNL,4.12,1,2017/1/3 16:54,20170103CDLG000210052969,B024-TXN-04538,已成交,用户提供的历史交易快照
30078251,912060008,CDNL,15.63,0,2017/1/3 16:54,20170103CDLG000210052969,B024-TXN-04539,已成交,用户提供的历史交易快照
30020635,912060005,CDNL,15.6,0,2017/1/3 16:54,20170103CDLG000210052969,B024-TXN-04540,已成交,用户提供的历史交易快照
29989143,923000001,CDNL,5.0,0,2017/1/3 16:56,20170103CDLG000210052970,B024-TXN-04541,已成交,用户提供的历史交易快照
29989157,923000000,CDNL,5.6,1,2017/1/3 16:56,20170103CDLG000210052970,B024-TXN-04542,已成交,用户提供的历史交易快照
30008276,911010501,CDNL,15.42,1,2017/1/3 17:01,20170103CDLG000210052971,B024-TXN-04543,已成交,用户提供的历史交易快照
30006039,915010001,CDNL,11.58,1,2017/1/3 17:01,20170103CDLG000210052971,B024-TXN-04544,已成交,用户提供的历史交易快照
29989157,923000000,CDNL,5.6,2,2017/1/3 17:02,20170103CDLG000210052972,B024-TXN-04545,已成交,用户提供的历史交易快照
30023041,923000006,CDNL,3.2,0,2017/1/3 17:03,20170103CDLG000210052973,B024-TXN-04546,已成交,用户提供的历史交易快照
30022232,960000000,CDNL,0.3,1,2017/1/3 17:03,20170103CDLG000210052973,B024-TXN-04547,已成交,用户提供的历史交易快照
29989152,923000001,CDNL,5.6,1,2017/1/3 17:03,20170103CDLG000210052973,B024-TXN-04548,已成交,用户提供的历史交易快照
30178069,912060303,CDNL,31.16,0,2017/1/3 17:03,20170103CDLG000210052973,B024-TXN-04549,已成交,用户提供的历史交易快照
29989157,923000000,CDNL,5.6,1,2017/1/3 17:03,20170103CDLG000210052973,B024-TXN-04550,已成交,用户提供的历史交易快照
29989172,923000002,CDNL,9.6,1,2017/1/3 17:03,20170103CDLG000210052973,B024-TXN-04551,已成交,用户提供的历史交易快照
30023197,922000003,CDNL,6.79,0,2017/1/3 17:03,20170103CDLG000210052973,B024-TXN-04552,已成交,用户提供的历史交易快照
30101778,915030000,CDNL,59.52,1,2017/1/3 17:05,20170103CDLG000210052974,B024-TXN-04553,已成交,用户提供的历史交易快照
30012187,910030000,CDNL,2.62,1,2017/1/3 17:06,20170103CDLG000210052975,B024-TXN-04554,已成交,用户提供的历史交易快照
30012187,910030000,CDNL,2.62,1,2017/1/3 17:06,20170103CDLG000210052975,B024-TXN-04555,已成交,用户提供的历史交易快照
30008077,910030001,CDNL,2.02,1,2017/1/3 17:06,20170103CDLG000210052975,B024-TXN-04556,已成交,用户提供的历史交易快照
30008077,910030001,CDNL,2.02,1,2017/1/3 17:06,20170103CDLG000210052975,B024-TXN-04557,已成交,用户提供的历史交易快照
29989157,923000000,CDNL,5.59,1,2017/1/3 17:06,20170103CDLG000210052975,B024-TXN-04558,已成交,用户提供的历史交易快照
30073663,912060303,CDNL,43.62,0,2017/1/3 17:09,20170103CDLG000210052976,B024-TXN-04559,已成交,用户提供的历史交易快照
30020145,915030104,CDNL,4.16,2,2017/1/3 17:09,20170103CDLG000210052976,B024-TXN-04560,已成交,用户提供的历史交易快照
30073663,912060303,CDNL,43.61,0,2017/1/3 17:11,20170103CDLG000210052978,B024-TXN-04561,已成交,用户提供的历史交易快照
30110333,930010002,CDNL,49.52,1,2017/1/3 17:11,20170103CDLG000210052978,B024-TXN-04562,已成交,用户提供的历史交易快照
30071903,930010000,CDNL,22.62,1,2017/1/3 17:11,20170103CDLG000210052978,B024-TXN-04563,已成交,用户提供的历史交易快照
30162126,912060303,CDNL,51.12,0,2017/1/3 17:11,20170103CDLG000210052978,B024-TXN-04564,已成交,用户提供的历史交易快照
30169440,912060303,CDNL,33.22,0,2017/1/3 17:11,20170103CDLG000210052978,B024-TXN-04565,已成交,用户提供的历史交易快照
30063989,930010005,CDNL,4.52,1,2017/1/3 17:11,20170103CDLG000210052978,B024-TXN-04566,已成交,用户提供的历史交易快照
30063989,930010005,CDNL,4.52,1,2017/1/3 17:11,20170103CDLG000210052978,B024-TXN-04567,已成交,用户提供的历史交易快照
29991800,930000202,CDNL,6.22,1,2017/1/3 17:11,20170103CDLG000210052978,B024-TXN-04568,已成交,用户提供的历史交易快照
29991800,930000202,CDNL,6.22,1,2017/1/3 17:11,20170103CDLG000210052978,B024-TXN-04569,已成交,用户提供的历史交易快照
30136855,912060303,CDNL,17.43,1,2017/1/3 17:12,20170103CDLG000210052979,B024-TXN-04570,已成交,用户提供的历史交易快照
30094140,912000107,CDNL,3.52,1,2017/1/3 17:12,20170103CDLG000210052979,B024-TXN-04571,已成交,用户提供的历史交易快照
30006040,915010000,CDNL,9.58,1,2017/1/3 17:12,20170103CDLG000210052979,B024-TXN-04572,已成交,用户提供的历史交易快照
30086243,912000107,CDNL,3.52,1,2017/1/3 17:12,20170103CDLG000210052979,B024-TXN-04573,已成交,用户提供的历史交易快照
30020269,923000101,CDNL,7.6,1,2017/1/3 17:17,20170103CDLG000210052980,B024-TXN-04574,已成交,用户提供的历史交易快照
29989056,922000001,CDNL,5.6,0,2017/1/3 17:17,20170103CDLG000210052980,B024-TXN-04575,已成交,用户提供的历史交易快照
29989157,923000000,CDNL,5.6,2,2017/1/3 17:17,20170103CDLG000210052980,B024-TXN-04576,已成交,用户提供的历史交易快照
29989157,923000000,CDNL,5.6,1,2017/1/3 7:25,20170103CDLG000310077028,B024-TXN-04577,已成交,用户提供的历史交易快照
29989157,923000000,CDNL,5.6,2,2017/1/3 7:25,20170103CDLG000310077028,B024-TXN-04578,已成交,用户提供的历史交易快照
29989157,923000000,CDNL,5.6,2,2017/1/3 7:25,20170103CDLG000310077028,B024-TXN-04579,已成交,用户提供的历史交易快照
30080875,930040206,CDNL,22.52,1,2017/1/3 7:28,20170103CDLG000310077029,B024-TXN-04580,已成交,用户提供的历史交易快照
30004003,914030002,CDNL,5.32,1,2017/1/3 7:28,20170103CDLG000310077030,B024-TXN-04581,已成交,用户提供的历史交易快照
30004112,914000000,CDNL,11.52,1,2017/1/3 7:28,20170103CDLG000310077030,B024-TXN-04582,已成交,用户提供的历史交易快照
30031936,912060400,CDNL,13.42,1,2017/1/3 7:28,20170103CDLG000310077030,B024-TXN-04583,已成交,用户提供的历史交易快照
30003833,914000300,CDNL,15.62,1,2017/1/3 7:28,20170103CDLG000310077030,B024-TXN-04584,已成交,用户提供的历史交易快照
29989059,922000003,CDNL,1.98,1,2017/1/3 7:29,20170103CDLG000310077031,B024-TXN-04585,已成交,用户提供的历史交易快照
30214313,930020502,CDNL,8.52,1,2017/1/3 7:30,20170103CDLG000310077032,B024-TXN-04586,已成交,用户提供的历史交易快照
29989059,922000003,CDNL,1.98,1,2017/1/3 7:30,20170103CDLG000310077032,B024-TXN-04587,已成交,用户提供的历史交易快照
30023041,923000006,CDNL,3.2,2,2017/1/3 7:31,20170103CDLG000310077033,B024-TXN-04588,已成交,用户提供的历史交易快照
29989076,922000006,CDNL,3.58,1,2017/1/3 7:31,20170103CDLG000310077033,B024-TXN-04589,已成交,用户提供的历史交易快照
30173848,920090000,CDNL,1.3,2,2017/1/3 7:31,20170103CDLG000310077033,B024-TXN-04590,已成交,用户提供的历史交易快照
30119297,930000201,CDNL,6.52,1,2017/1/3 7:31,20170103CDLG000310077033,B024-TXN-04591,已成交,用户提供的历史交易快照
30214802,925090000,CDNL,27.42,1,2017/1/3 7:31,20170103CDLG000310077034,B024-TXN-04592,已成交,用户提供的历史交易快照
30165692,931060122,CDNL,9.52,1,2017/1/3 7:31,20170103CDLG000310077034,B024-TXN-04593,已成交,用户提供的历史交易快照
30023187,922000003,CDNL,3.2,0,2017/1/3 7:32,20170103CDLG000310077035,B024-TXN-04594,已成交,用户提供的历史交易快照
29989071,922000002,CDNL,3.4,1,2017/1/3 7:32,20170103CDLG000310077035,B024-TXN-04595,已成交,用户提供的历史交易快照
30113344,912060303,CDNL,13.42,0,2017/1/3 7:34,20170103CDLG000310077036,B024-TXN-04596,已成交,用户提供的历史交易快照
30020249,923000002,CDNL,3.98,1,2017/1/3 7:34,20170103CDLG000310077036,B024-TXN-04597,已成交,用户提供的历史交易快照
29989058,922000001,CDNL,1.98,1,2017/1/3 7:34,20170103CDLG000310077036,B024-TXN-04598,已成交,用户提供的历史交易快照
29989102,922000001,CDNL,3.95,2,2017/1/3 7:34,20170103CDLG000310077037,B024-TXN-04599,已成交,用户提供的历史交易快照
30031738,915030101,CDNL,5.98,3,2017/1/3 7:36,20170103CDLG000310077038,B024-TXN-04600,已成交,用户提供的历史交易快照
30213314,914100000,CDNL,2.22,1,2017/1/3 7:37,20170103CDLG000310077039,B024-TXN-04601,已成交,用户提供的历史交易快照
29989161,923000006,CDNL,15.6,0,2017/1/3 7:37,20170103CDLG000310077039,B024-TXN-04602,已成交,用户提供的历史交易快照
30147127,910020300,CDNL,2.5,1,2017/1/3 7:37,20170103CDLG000310077039,B024-TXN-04603,已成交,用户提供的历史交易快照
29989231,924000005,CDNL,43.59,0,2017/1/3 7:37,20170103CDLG000310077039,B024-TXN-04604,已成交,用户提供的历史交易快照
29989540,924020000,CDNL,11.57,0,2017/1/3 7:40,20170103CDLG000310077040,B024-TXN-04605,已成交,用户提供的历史交易快照
29989068,922000004,CDNL,5.59,0,2017/1/3 7:40,20170103CDLG000310077040,B024-TXN-04606,已成交,用户提供的历史交易快照
29989105,922000000,CDNL,2.8,1,2017/1/3 7:40,20170103CDLG000310077040,B024-TXN-04607,已成交,用户提供的历史交易快照
30023041,923000006,CDNL,3.2,1,2017/1/3 7:41,20170103CDLG000310077041,B024-TXN-04608,已成交,用户提供的历史交易快照
29989161,923000006,CDNL,15.58,0,2017/1/3 7:41,20170103CDLG000310077041,B024-TXN-04609,已成交,用户提供的历史交易快照
30005877,914020100,CDNL,9.12,1,2017/1/3 7:41,20170103CDLG000310077041,B024-TXN-04610,已成交,用户提供的历史交易快照
30027007,923000006,CDNL,5.6,1,2017/1/3 7:41,20170103CDLG000310077041,B024-TXN-04611,已成交,用户提供的历史交易快照
30127852,930020600,CDNL,4.52,1,2017/1/3 7:41,20170103CDLG000310077041,B024-TXN-04612,已成交,用户提供的历史交易快照
30206392,930020502,CDNL,10.52,1,2017/1/3 7:41,20170103CDLG000310077041,B024-TXN-04613,已成交,用户提供的历史交易快照
29989133,923000006,CDNL,11.6,1,2017/1/3 7:41,20170103CDLG000310077041,B024-TXN-04614,已成交,用户提供的历史交易快照
30092224,912060303,CDNL,31.21,0,2017/1/3 7:41,20170103CDLG000310077041,B024-TXN-04615,已成交,用户提供的历史交易快照
29989083,922000000,CDNL,4.2,1,2017/1/3 7:42,20170103CDLG000310077042,B024-TXN-04616,已成交,用户提供的历史交易快照
29989071,922000002,CDNL,3.4,1,2017/1/3 7:42,20170103CDLG000310077042,B024-TXN-04617,已成交,用户提供的历史交易快照
29989082,922000000,CDNL,8.79,0,2017/1/3 7:42,20170103CDLG000310077042,B024-TXN-04618,已成交,用户提供的历史交易快照
30022232,960000000,CDNL,0.3,1,2017/1/3 7:43,20170103CDLG000310077043,B024-TXN-04619,已成交,用户提供的历史交易快照
29989105,922000000,CDNL,2.8,2,2017/1/3 7:43,20170103CDLG000310077043,B024-TXN-04620,已成交,用户提供的历史交易快照
29989059,922000003,CDNL,1.98,1,2017/1/3 7:43,20170103CDLG000310077043,B024-TXN-04621,已成交,用户提供的历史交易快照
29989059,922000003,CDNL,1.98,2,2017/1/3 7:43,20170103CDLG000310077043,B024-TXN-04622,已成交,用户提供的历史交易快照
30092224,912060303,CDNL,31.19,1,2017/1/3 7:43,20170103CDLG000310077043,B024-TXN-04623,已成交,用户提供的历史交易快照
30054569,931060302,CDNL,6.52,1,2017/1/3 7:43,20170103CDLG000310077044,B024-TXN-04624,已成交,用户提供的历史交易快照
30129232,931080003,CDNL,5.52,1,2017/1/3 7:43,20170103CDLG000310077044,B024-TXN-04625,已成交,用户提供的历史交易快照
29989540,924020000,CDNL,11.59,0,2017/1/3 7:43,20170103CDLG000310077044,B024-TXN-04626,已成交,用户提供的历史交易快照
30022233,960000000,CDNL,0.2,1,2017/1/3 7:43,20170103CDLG000310077044,B024-TXN-04627,已成交,用户提供的历史交易快照
30165691,931060121,CDNL,3.52,1,2017/1/3 7:43,20170103CDLG000310077044,B024-TXN-04628,已成交,用户提供的历史交易快照
29989172,923000002,CDNL,9.6,1,2017/1/3 7:43,20170103CDLG000310077044,B024-TXN-04629,已成交,用户提供的历史交易快照
30040629,922000005,CDNL,15.57,0,2017/1/3 7:43,20170103CDLG000310077044,B024-TXN-04630,已成交,用户提供的历史交易快照
29989077,922000008,CDNL,13.58,0,2017/1/3 7:46,20170103CDLG000310077045,B024-TXN-04631,已成交,用户提供的历史交易快照
30173850,920090000,CDNL,10.61,0,2017/1/3 7:46,20170103CDLG000310077045,B024-TXN-04632,已成交,用户提供的历史交易快照
29989063,922000000,CDNL,6.8,0,2017/1/3 7:46,20170103CDLG000310077045,B024-TXN-04633,已成交,用户提供的历史交易快照
30173848,920090000,CDNL,1.3,1,2017/1/3 7:46,20170103CDLG000310077045,B024-TXN-04634,已成交,用户提供的历史交易快照
29989113,922000002,CDNL,14.81,0,2017/1/3 7:46,20170103CDLG000310077045,B024-TXN-04635,已成交,用户提供的历史交易快照
29989058,922000001,CDNL,1.98,1,2017/1/3 7:46,20170103CDLG000310077045,B024-TXN-04636,已成交,用户提供的历史交易快照
29999817,930000201,CDNL,11.52,1,2017/1/3 7:51,20170103CDLG000310077047,B024-TXN-04637,已成交,用户提供的历史交易快照
30005965,914090003,CDNL,39.52,1,2017/1/3 7:51,20170103CDLG000310077047,B024-TXN-04638,已成交,用户提供的历史交易快照
29989091,922000000,CDNL,4.2,1,2017/1/3 7:51,20170103CDLG000310077047,B024-TXN-04639,已成交,用户提供的历史交易快照
30006314,915030306,CDNL,10.62,2,2017/1/3 7:51,20170103CDLG000310077047,B024-TXN-04640,已成交,用户提供的历史交易快照
30031870,915030401,CDNL,6.58,3,2017/1/3 7:51,20170103CDLG000310077047,B024-TXN-04641,已成交,用户提供的历史交易快照
30102550,930010005,CDNL,3.3,2,2017/1/3 7:51,20170103CDLG000310077047,B024-TXN-04642,已成交,用户提供的历史交易快照
30022232,960000000,CDNL,0.3,1,2017/1/3 7:51,20170103CDLG000310077047,B024-TXN-04643,已成交,用户提供的历史交易快照
30005764,914040300,CDNL,6.52,1,2017/1/3 7:51,20170103CDLG000310077047,B024-TXN-04644,已成交,用户提供的历史交易快照
30005764,914040300,CDNL,6.52,1,2017/1/3 7:51,20170103CDLG000310077047,B024-TXN-04645,已成交,用户提供的历史交易快照
30013008,914040100,CDNL,9.72,1,2017/1/3 7:51,20170103CDLG000310077047,B024-TXN-04646,已成交,用户提供的历史交易快照
30005778,914040001,CDNL,6.62,1,2017/1/3 7:51,20170103CDLG000310077047,B024-TXN-04647,已成交,用户提供的历史交易快照
30044849,914010000,CDNL,8.72,1,2017/1/3 7:51,20170103CDLG000310077047,B024-TXN-04648,已成交,用户提供的历史交易快照
30167408,914020201,CDNL,2.82,1,2017/1/3 7:51,20170103CDLG000310077047,B024-TXN-04649,已成交,用户提供的历史交易快照
29989059,922000003,CDNL,1.64,3,2017/1/3 7:51,20170103CDLG000310077047,B024-TXN-04650,已成交,用户提供的历史交易快照
30004013,914050002,CDNL,2.92,5,2017/1/3 7:51,20170103CDLG000310077047,B024-TXN-04651,已成交,用户提供的历史交易快照
29992327,930040001,CDNL,6.52,1,2017/1/3 7:51,20170103CDLG000310077048,B024-TXN-04652,已成交,用户提供的历史交易快照
29999817,930000201,CDNL,11.52,1,2017/1/3 7:51,20170103CDLG000310077048,B024-TXN-04653,已成交,用户提供的历史交易快照
29992336,930040001,CDNL,6.52,1,2017/1/3 7:51,20170103CDLG000310077048,B024-TXN-04654,已成交,用户提供的历史交易快照
29991823,930000204,CDNL,19.52,1,2017/1/3 7:51,20170103CDLG000310077048,B024-TXN-04655,已成交,用户提供的历史交易快照
29999697,930040002,CDNL,9.52,1,2017/1/3 7:51,20170103CDLG000310077048,B024-TXN-04656,已成交,用户提供的历史交易快照
30049700,930040000,CDNL,9.52,1,2017/1/3 7:51,20170103CDLG000310077048,B024-TXN-04657,已成交,用户提供的历史交易快照
30149264,931050202,CDNL,10.52,1,2017/1/3 7:52,20170103CDLG000310077049,B024-TXN-04658,已成交,用户提供的历史交易快照
29989116,922000002,CDNL,2.4,1,2017/1/3 7:52,20170103CDLG000310077049,B024-TXN-04659,已成交,用户提供的历史交易快照
29989116,922000002,CDNL,2.4,1,2017/1/3 7:52,20170103CDLG000310077049,B024-TXN-04660,已成交,用户提供的历史交易快照
30146445,931030200,CDNL,19.52,1,2017/1/3 7:52,20170103CDLG000310077049,B024-TXN-04661,已成交,用户提供的历史交易快照
30022232,960000000,CDNL,0.3,1,2017/1/3 7:52,20170103CDLG000310077049,B024-TXN-04662,已成交,用户提供的历史交易快照
30027007,923000006,CDNL,5.6,1,2017/1/3 7:52,20170103CDLG000310077049,B024-TXN-04663,已成交,用户提供的历史交易快照
30006343,915030400,CDNL,3.98,2,2017/1/3 7:52,20170103CDLG000310077049,B024-TXN-04664,已成交,用户提供的历史交易快照
29989058,922000001,CDNL,1.98,1,2017/1/3 7:52,20170103CDLG000310077049,B024-TXN-04665,已成交,用户提供的历史交易快照
29989059,922000003,CDNL,1.98,2,2017/1/3 7:52,20170103CDLG000310077049,B024-TXN-04666,已成交,用户提供的历史交易快照
30006040,915010000,CDNL,9.58,1,2017/1/3 7:52,20170103CDLG000310077049,B024-TXN-04667,已成交,用户提供的历史交易快照
30202892,914040302,CDNL,6.32,1,2017/1/3 7:52,20170103CDLG000310077049,B024-TXN-04668,已成交,用户提供的历史交易快照
29989083,922000000,CDNL,4.2,0,2017/1/3 7:58,20170103CDLG000310077050,B024-TXN-04669,已成交,用户提供的历史交易快照
29989613,922000005,CDNL,2.8,1,2017/1/3 7:58,20170103CDLG000310077050,B024-TXN-04670,已成交,用户提供的历史交易快照
30006041,915010000,CDNL,7.57,0,2017/1/3 7:58,20170103CDLG000310077050,B024-TXN-04671,已成交,用户提供的历史交易快照
30026255,915030104,CDNL,4.0,2,2017/1/3 7:58,20170103CDLG000310077050,B024-TXN-04672,已成交,用户提供的历史交易快照
29989062,922000000,CDNL,9.62,0,2017/1/3 7:58,20170103CDLG000310077050,B024-TXN-04673,已成交,用户提供的历史交易快照
30023195,922000001,CDNL,1.98,1,2017/1/3 7:58,20170103CDLG000310077050,B024-TXN-04674,已成交,用户提供的历史交易快照
29989059,922000003,CDNL,1.98,1,2017/1/3 7:58,20170103CDLG000310077050,B024-TXN-04675,已成交,用户提供的历史交易快照
29989071,922000002,CDNL,3.4,1,2017/1/3 7:58,20170103CDLG000310077050,B024-TXN-04676,已成交,用户提供的历史交易快照
29989613,922000005,CDNL,2.8,1,2017/1/3 8:01,20170103CDLG000310077051,B024-TXN-04677,已成交,用户提供的历史交易快照
30023187,922000003,CDNL,3.2,1,2017/1/3 8:01,20170103CDLG000310077051,B024-TXN-04678,已成交,用户提供的历史交易快照
29989105,922000000,CDNL,2.8,2,2017/1/3 8:01,20170103CDLG000310077051,B024-TXN-04679,已成交,用户提供的历史交易快照
29989058,922000001,CDNL,1.98,1,2017/1/3 8:01,20170103CDLG000310077051,B024-TXN-04680,已成交,用户提供的历史交易快照
29989540,924020000,CDNL,11.58,0,2017/1/3 8:01,20170103CDLG000310077052,B024-TXN-04681,已成交,用户提供的历史交易快照
29989105,922000000,CDNL,2.8,1,2017/1/3 8:01,20170103CDLG000310077052,B024-TXN-04682,已成交,用户提供的历史交易快照
29989071,922000002,CDNL,3.4,1,2017/1/3 8:01,20170103CDLG000310077052,B024-TXN-04683,已成交,用户提供的历史交易快照
30031870,915030401,CDNL,6.58,3,2017/1/3 8:02,20170103CDLG000310077053,B024-TXN-04684,已成交,用户提供的历史交易快照
30091811,915030202,CDNL,10.98,1,2017/1/3 8:02,20170103CDLG000310077053,B024-TXN-04685,已成交,用户提供的历史交易快照
30179532,915000106,CDNL,13.56,0,2017/1/3 8:02,20170103CDLG000310077053,B024-TXN-04686,已成交,用户提供的历史交易快照
30006329,915030303,CDNL,13.58,1,2017/1/3 8:02,20170103CDLG000310077053,B024-TXN-04687,已成交,用户提供的历史交易快照
30026116,915030102,CDNL,14.38,2,2017/1/3 8:02,20170103CDLG000310077053,B024-TXN-04688,已成交,用户提供的历史交易快照
30162085,930040104,CDNL,21.52,1,2017/1/3 8:04,20170103CDLG000310077054,B024-TXN-04689,已成交,用户提供的历史交易快照
30000820,930020003,CDNL,30.65,2,2017/1/3 8:04,20170103CDLG000310077055,B024-TXN-04690,已成交,用户提供的历史交易快照
30014686,931000301,CDNL,14.12,1,2017/1/3 8:05,20170103CDLG000310077056,B024-TXN-04691,已成交,用户提供的历史交易快照
29990870,930010002,CDNL,34.52,1,2017/1/3 8:07,20170103CDLG000310077057,B024-TXN-04692,已成交,用户提供的历史交易快照
29989072,922000002,CDNL,0.78,1,2017/1/3 8:08,20170103CDLG000310077059,B024-TXN-04693,已成交,用户提供的历史交易快照
30113909,930020001,CDNL,9.52,1,2017/1/3 8:08,20170103CDLG000310077059,B024-TXN-04694,已成交,用户提供的历史交易快照
30167079,930020502,CDNL,11.52,1,2017/1/3 8:08,20170103CDLG000310077059,B024-TXN-04695,已成交,用户提供的历史交易快照
29989047,922000000,CDNL,17.64,0,2017/1/3 8:09,20170103CDLG000310077060,B024-TXN-04696,已成交,用户提供的历史交易快照
29989071,922000002,CDNL,3.4,1,2017/1/3 8:09,20170103CDLG000310077060,B024-TXN-04697,已成交,用户提供的历史交易快照
29989613,922000005,CDNL,2.8,1,2017/1/3 8:12,20170103CDLG000310077062,B024-TXN-04698,已成交,用户提供的历史交易快照
30006039,915010001,CDNL,11.58,1,2017/1/3 8:12,20170103CDLG000310077062,B024-TXN-04699,已成交,用户提供的历史交易快照
29989049,922000001,CDNL,1.98,1,2017/1/3 8:12,20170103CDLG000310077062,B024-TXN-04700,已成交,用户提供的历史交易快照
29989065,922000000,CDNL,21.61,0,2017/1/3 8:12,20170103CDLG000310077062,B024-TXN-04701,已成交,用户提供的历史交易快照
30023201,922000002,CDNL,8.79,0,2017/1/3 8:12,20170103CDLG000310077062,B024-TXN-04702,已成交,用户提供的历史交易快照
30214817,925090000,CDNL,39.41,0,2017/1/3 8:12,20170103CDLG000310077062,B024-TXN-04703,已成交,用户提供的历史交易快照
29989085,922000002,CDNL,1.18,1,2017/1/3 8:12,20170103CDLG000310077062,B024-TXN-04704,已成交,用户提供的历史交易快照
30070164,914000001,CDNL,11.52,1,2017/1/3 8:12,20170103CDLG000310077062,B024-TXN-04705,已成交,用户提供的历史交易快照
29989058,922000001,CDNL,1.98,1,2017/1/3 8:12,20170103CDLG000310077062,B024-TXN-04706,已成交,用户提供的历史交易快照
29989059,922000003,CDNL,1.98,1,2017/1/3 8:12,20170103CDLG000310077062,B024-TXN-04707,已成交,用户提供的历史交易快照
30000895,930020104,CDNL,7.12,1,2017/1/3 8:12,20170103CDLG000310077062,B024-TXN-04708,已成交,用户提供的历史交易快照
30023197,922000003,CDNL,6.79,0,2017/1/3 8:12,20170103CDLG000310077062,B024-TXN-04709,已成交,用户提供的历史交易快照
30118705,912060301,CDNL,31.22,1,2017/1/3 8:12,20170103CDLG000310077062,B024-TXN-04710,已成交,用户提供的历史交易快照
30205566,936000500,CDNL,18.42,1,2017/1/3 8:12,20170103CDLG000310077062,B024-TXN-04711,已成交,用户提供的历史交易快照
30214804,925090000,CDNL,33.4,0,2017/1/3 8:12,20170103CDLG000310077062,B024-TXN-04712,已成交,用户提供的历史交易快照
30031870,915030401,CDNL,6.58,2,2017/1/3 8:12,20170103CDLG000310077063,B024-TXN-04713,已成交,用户提供的历史交易快照
30214817,925090000,CDNL,39.42,2,2017/1/3 8:12,20170103CDLG000310077063,B024-TXN-04714,已成交,用户提供的历史交易快照
30022974,915030404,CDNL,6.18,2,2017/1/3 8:12,20170103CDLG000310077063,B024-TXN-04715,已成交,用户提供的历史交易快照
29989059,922000003,CDNL,1.98,2,2017/1/3 8:12,20170103CDLG000310077063,B024-TXN-04716,已成交,用户提供的历史交易快照
30031738,915030101,CDNL,4.92,2,2017/1/3 8:13,20170103CDLG000310077064,B024-TXN-04717,已成交,用户提供的历史交易快照
30169542,931070104,CDNL,3.42,1,2017/1/3 8:13,20170103CDLG000310077065,B024-TXN-04718,已成交,用户提供的历史交易快照
30169542,931070104,CDNL,3.42,1,2017/1/3 8:13,20170103CDLG000310077065,B024-TXN-04719,已成交,用户提供的历史交易快照
30148575,931050304,CDNL,4.52,1,2017/1/3 8:13,20170103CDLG000310077065,B024-TXN-04720,已成交,用户提供的历史交易快照
30214817,925090000,CDNL,39.42,2,2017/1/3 8:14,20170103CDLG000310077067,B024-TXN-04721,已成交,用户提供的历史交易快照
30022232,960000000,CDNL,0.3,1,2017/1/3 8:16,20170103CDLG000310077068,B024-TXN-04722,已成交,用户提供的历史交易快照
29989059,922000003,CDNL,1.98,2,2017/1/3 8:18,20170103CDLG000310077069,B024-TXN-04723,已成交,用户提供的历史交易快照
29989157,923000000,CDNL,5.6,2,2017/1/3 8:18,20170103CDLG000310077069,B024-TXN-04724,已成交,用户提供的历史交易快照
29989077,922000008,CDNL,13.6,0,2017/1/3 8:21,20170103CDLG000310077070,B024-TXN-04725,已成交,用户提供的历史交易快照
30214817,925090000,CDNL,39.42,1,2017/1/3 8:21,20170103CDLG000310077070,B024-TXN-04726,已成交,用户提供的历史交易快照
29989059,922000003,CDNL,1.98,1,2017/1/3 8:21,20170103CDLG000310077070,B024-TXN-04727,已成交,用户提供的历史交易快照
30023041,923000006,CDNL,3.2,1,2017/1/3 8:23,20170103CDLG000310077071,B024-TXN-04728,已成交,用户提供的历史交易快照
29989060,922000000,CDNL,9.63,0,2017/1/3 8:23,20170103CDLG000310077071,B024-TXN-04729,已成交,用户提供的历史交易快照
29989153,923000006,CDNL,7.6,1,2017/1/3 8:23,20170103CDLG000310077071,B024-TXN-04730,已成交,用户提供的历史交易快照
29989048,922000001,CDNL,1.98,0,2017/1/3 8:23,20170103CDLG000310077071,B024-TXN-04731,已成交,用户提供的历史交易快照
29989059,922000003,CDNL,1.98,1,2017/1/3 8:23,20170103CDLG000310077071,B024-TXN-04732,已成交,用户提供的历史交易快照
29989059,922000003,CDNL,1.98,2,2017/1/3 8:23,20170103CDLG000310077071,B024-TXN-04733,已成交,用户提供的历史交易快照
30173849,920090000,CDNL,0.5,2,2017/1/3 8:23,20170103CDLG000310077071,B024-TXN-04734,已成交,用户提供的历史交易快照
30023041,923000006,CDNL,3.2,2,2017/1/3 8:25,20170103CDLG000310077072,B024-TXN-04735,已成交,用户提供的历史交易快照
29989058,922000001,CDNL,1.98,1,2017/1/3 8:25,20170103CDLG000310077072,B024-TXN-04736,已成交,用户提供的历史交易快照
29989058,922000001,CDNL,1.98,1,2017/1/3 8:25,20170103CDLG000310077072,B024-TXN-04737,已成交,用户提供的历史交易快照
29989059,922000003,CDNL,1.98,2,2017/1/3 8:25,20170103CDLG000310077072,B024-TXN-04738,已成交,用户提供的历史交易快照
30214826,925090000,CDNL,55.56,0,2017/1/3 8:26,20170103CDLG000310077074,B024-TXN-04739,已成交,用户提供的历史交易快照
30214809,925090000,CDNL,31.42,2,2017/1/3 8:26,20170103CDLG000310077074,B024-TXN-04740,已成交,用户提供的历史交易快照
29989059,922000003,CDNL,1.98,1,2017/1/3 8:26,20170103CDLG000310077074,B024-TXN-04741,已成交,用户提供的历史交易快照
29989059,922000003,CDNL,1.98,1,2017/1/3 8:26,20170103CDLG000310077074,B024-TXN-04742,已成交,用户提供的历史交易快照
29989083,922000000,CDNL,4.2,1,2017/1/3 8:26,20170103CDLG000310077075,B024-TXN-04743,已成交,用户提供的历史交易快照
29989059,922000003,CDLG,1.98,1,2017/1/3 8:26,20170103CDLG000310077075,B024-TXN-04744,已成交,用户提供的历史交易快照
29989059,922000003,CDLG,1.98,1,2017/1/3 8:26,20170103CDLG000310077075,B024-TXN-04745,已成交,用户提供的历史交易快照
29989059,922000003,CDLG,1.98,2,2017/1/3 8:26,20170103CDLG000310077075,B024-TXN-04746,已成交,用户提供的历史交易快照
30008077,910030001,CDLG,1.95,19,2017/1/3 8:33,20170103CDLG000310077077,B024-TXN-04747,已成交,用户提供的历史交易快照
30165986,914000002,CDLG,9.52,1,2017/1/3 8:33,20170103CDLG000310077077,B024-TXN-04748,已成交,用户提供的历史交易快照
29989151,923000002,CDLG,7.59,0,2017/1/3 8:33,20170103CDLG000310077077,B024-TXN-04749,已成交,用户提供的历史交易快照
30178460,931060400,CDLG,6.52,1,2017/1/3 8:33,20170103CDLG000310077077,B024-TXN-04750,已成交,用户提供的历史交易快照
30178460,931060400,CDLG,6.52,1,2017/1/3 8:33,20170103CDLG000310077077,B024-TXN-04751,已成交,用户提供的历史交易快照
30022232,960000000,CDLG,0.3,1,2017/1/3 8:33,20170103CDLG000310077077,B024-TXN-04752,已成交,用户提供的历史交易快照
30027007,923000006,CDLG,5.6,1,2017/1/3 8:33,20170103CDLG000310077077,B024-TXN-04753,已成交,用户提供的历史交易快照
30212907,931080104,CDLG,9.52,1,2017/1/3 8:33,20170103CDLG000310077077,B024-TXN-04754,已成交,用户提供的历史交易快照
30212907,931080104,CDLG,9.52,1,2017/1/3 8:33,20170103CDLG000310077077,B024-TXN-04755,已成交,用户提供的历史交易快照
30212907,931080104,CDLG,9.52,1,2017/1/3 8:33,20170103CDLG000310077077,B024-TXN-04756,已成交,用户提供的历史交易快照
30163281,914010000,CDLG,2.0,1,2017/1/3 8:33,20170103CDLG000310077077,B024-TXN-04757,已成交,用户提供的历史交易快照
30163281,914010000,CDLG,2.0,1,2017/1/3 8:33,20170103CDLG000310077077,B024-TXN-04758,已成交,用户提供的历史交易快照
30002828,913020100,CDLG,14.52,1,2017/1/3 8:33,20170103CDLG000310077077,B024-TXN-04759,已成交,用户提供的历史交易快照
30084608,931060403,CDLG,1.9,1,2017/1/3 8:33,20170103CDLG000310077077,B024-TXN-04760,已成交,用户提供的历史交易快照
30119297,930000201,CDLG,6.52,1,2017/1/3 8:33,20170103CDLG000310077077,B024-TXN-04761,已成交,用户提供的历史交易快照
30186264,936010002,CDLG,4.52,1,2017/1/3 8:33,20170103CDLG000310077077,B024-TXN-04762,已成交,用户提供的历史交易快照
30186264,936010002,CDLG,4.52,1,2017/1/3 8:33,20170103CDLG000310077077,B024-TXN-04763,已成交,用户提供的历史交易快照
30020252,923000002,CDLG,11.6,1,2017/1/3 8:33,20170103CDLG000310077077,B024-TXN-04764,已成交,用户提供的历史交易快照
30035217,922000005,CDLG,7.6,0,2017/1/3 8:33,20170103CDLG000310077077,B024-TXN-04765,已成交,用户提供的历史交易快照
30113909,930020001,CDLG,9.52,1,2017/1/3 8:33,20170103CDLG000310077077,B024-TXN-04766,已成交,用户提供的历史交易快照
30179545,915000106,CDLG,67.22,0,2017/1/3 8:35,20170103CDLG000310077079,B024-TXN-04767,已成交,用户提供的历史交易快照
29989072,922000002,CDLG,0.78,2,2017/1/3 8:35,20170103CDLG000310077079,B024-TXN-04768,已成交,用户提供的历史交易快照
30214809,925090000,CDLG,31.42,2,2017/1/3 8:35,20170103CDLG000310077079,B024-TXN-04769,已成交,用户提供的历史交易快照
29989059,922000003,CDLG,1.98,2,2017/1/3 8:35,20170103CDLG000310077079,B024-TXN-04770,已成交,用户提供的历史交易快照
30179545,915000106,CDLG,67.08,0,2017/1/3 8:35,20170103CDLG000310077080,B024-TXN-04771,已成交,用户提供的历史交易快照
30008406,912060303,CDLG,29.21,0,2017/1/3 8:35,20170103CDLG000310077080,B024-TXN-04772,已成交,用户提供的历史交易快照
30027007,923000006,CDLG,5.6,1,2017/1/3 8:35,20170103CDLG000310077080,B024-TXN-04773,已成交,用户提供的历史交易快照
30006343,915030400,CDLG,3.98,1,2017/1/3 8:35,20170103CDLG000310077080,B024-TXN-04774,已成交,用户提供的历史交易快照
30179558,915000100,CDLG,47.32,0,2017/1/3 8:35,20170103CDLG000310077080,B024-TXN-04775,已成交,用户提供的历史交易快照
30010106,914010001,CDLG,15.52,1,2017/1/3 8:38,20170103CDLG000310077082,B024-TXN-04776,已成交,用户提供的历史交易快照
29989077,922000008,CDLG,13.6,1,2017/1/3 8:38,20170103CDLG000310077082,B024-TXN-04777,已成交,用户提供的历史交易快照
30023041,923000006,CDLG,3.2,2,2017/1/3 8:38,20170103CDLG000310077082,B024-TXN-04778,已成交,用户提供的历史交易快照
29989059,922000003,CDLG,1.98,1,2017/1/3 8:38,20170103CDLG000310077082,B024-TXN-04779,已成交,用户提供的历史交易快照
29989059,922000003,CDLG,1.98,1,2017/1/3 8:38,20170103CDLG000310077082,B024-TXN-04780,已成交,用户提供的历史交易快照
29989071,922000002,CDLG,3.4,1,2017/1/3 8:38,20170103CDLG000310077082,B024-TXN-04781,已成交,用户提供的历史交易快照
30020249,923000002,CDLG,3.98,2,2017/1/3 8:38,20170103CDLG000310077083,B024-TXN-04782,已成交,用户提供的历史交易快照
30173848,920090000,CDLG,1.3,1,2017/1/3 8:38,20170103CDLG000310077083,B024-TXN-04783,已成交,用户提供的历史交易快照
30214826,925090000,CDLG,54.85,0,2017/1/3 8:38,20170103CDLG000310077083,B024-TXN-04784,已成交,用户提供的历史交易快照
30006343,915030400,CDLG,3.98,2,2017/1/3 8:38,20170103CDLG000310077083,B024-TXN-04785,已成交,用户提供的历史交易快照
29989059,922000003,CDLG,1.98,1,2017/1/3 8:38,20170103CDLG000310077083,B024-TXN-04786,已成交,用户提供的历史交易快照
29989072,922000002,CDLG,0.78,1,2017/1/3 8:41,20170103CDLG000310077085,B024-TXN-04787,已成交,用户提供的历史交易快照
29989105,922000000,CDLG,2.8,1,2017/1/3 8:41,20170103CDLG000310077085,B024-TXN-04788,已成交,用户提供的历史交易快照
29989059,922000003,CDLG,1.98,1,2017/1/3 8:41,20170103CDLG000310077085,B024-TXN-04789,已成交,用户提供的历史交易快照
30214804,925090000,CDLG,33.42,1,2017/1/3 8:41,20170103CDLG000310077085,B024-TXN-04790,已成交,用户提供的历史交易快照
29999817,930000201,CDLG,11.52,1,2017/1/3 8:42,20170103CDLG000310077086,B024-TXN-04791,已成交,用户提供的历史交易快照
29989073,922000002,CDLG,4.8,1,2017/1/3 8:42,20170103CDLG000310077086,B024-TXN-04792,已成交,用户提供的历史交易快照
29989105,922000000,CDLG,2.8,1,2017/1/3 8:42,20170103CDLG000310077086,B024-TXN-04793,已成交,用户提供的历史交易快照
30008276,911010501,CDLG,15.43,1,2017/1/3 8:42,20170103CDLG000310077086,B024-TXN-04794,已成交,用户提供的历史交易快照
29989059,922000003,CDLG,1.98,1,2017/1/3 8:42,20170103CDLG000310077086,B024-TXN-04795,已成交,用户提供的历史交易快照
29989076,922000006,CDLG,3.58,1,2017/1/3 8:44,20170103CDLG000310077087,B024-TXN-04796,已成交,用户提供的历史交易快照
30129505,925090000,CDLG,25.22,1,2017/1/3 8:44,20170103CDLG000310077087,B024-TXN-04797,已成交,用户提供的历史交易快照
30129505,925090000,CDLG,25.22,1,2017/1/3 8:44,20170103CDLG000310077087,B024-TXN-04798,已成交,用户提供的历史交易快照
29989049,922000001,CDLG,1.98,1,2017/1/3 8:44,20170103CDLG000310077087,B024-TXN-04799,已成交,用户提供的历史交易快照
30022232,960000000,CDLG,0.3,1,2017/1/3 8:44,20170103CDLG000310077087,B024-TXN-04800,已成交,用户提供的历史交易快照
30006206,915000003,CDLG,25.25,0,2017/1/3 8:44,20170103CDLG000310077087,B024-TXN-04801,已成交,用户提供的历史交易快照
30023192,922000000,CDLG,9.62,0,2017/1/3 8:44,20170103CDLG000310077087,B024-TXN-04802,已成交,用户提供的历史交易快照
30023194,922000008,CDLG,13.6,0,2017/1/3 8:44,20170103CDLG000310077087,B024-TXN-04803,已成交,用户提供的历史交易快照
29989060,922000000,CDLG,9.58,0,2017/1/3 8:44,20170103CDLG000310077087,B024-TXN-04804,已成交,用户提供的历史交易快照
29989120,922000003,CDLG,3.6,1,2017/1/3 8:44,20170103CDLG000310077087,B024-TXN-04805,已成交,用户提供的历史交易快照
29989058,922000001,CDLG,1.98,1,2017/1/3 8:44,20170103CDLG000310077087,B024-TXN-04806,已成交,用户提供的历史交易快照
29989059,922000003,CDLG,1.98,1,2017/1/3 8:44,20170103CDLG000310077087,B024-TXN-04807,已成交,用户提供的历史交易快照
29989059,922000003,CDLG,1.98,1,2017/1/3 8:44,20170103CDLG000310077087,B024-TXN-04808,已成交,用户提供的历史交易快照
29989071,922000002,CDLG,3.4,1,2017/1/3 8:44,20170103CDLG000310077087,B024-TXN-04809,已成交,用户提供的历史交易快照
29989083,922000000,CDLG,4.2,1,2017/1/3 8:44,20170103CDLG000310077088,B024-TXN-04810,已成交,用户提供的历史交易快照
30200518,922000000,CDLG,19.62,0,2017/1/3 8:44,20170103CDLG000310077088,B024-TXN-04811,已成交,用户提供的历史交易快照
30031738,915030101,CDLG,4.92,2,2017/1/3 8:44,20170103CDLG000310077088,B024-TXN-04812,已成交,用户提供的历史交易快照
29989105,922000000,CDLG,2.8,1,2017/1/3 8:44,20170103CDLG000310077088,B024-TXN-04813,已成交,用户提供的历史交易快照
29989059,922000003,CDLG,1.98,1,2017/1/3 8:44,20170103CDLG000310077088,B024-TXN-04814,已成交,用户提供的历史交易快照
29989059,922000003,CDLG,1.98,1,2017/1/3 8:45,20170103CDLG000310077089,B024-TXN-04815,已成交,用户提供的历史交易快照
30023041,923000006,CDLG,3.2,1,2017/1/3 8:45,20170103CDLG000310077090,B024-TXN-04816,已成交,用户提供的历史交易快照
29989157,923000000,CDLG,5.6,1,2017/1/3 8:45,20170103CDLG000310077090,B024-TXN-04817,已成交,用户提供的历史交易快照
30132386,930010008,CDLG,25.52,1,2017/1/3 8:46,20170103CDLG000310077091,B024-TXN-04818,已成交,用户提供的历史交易快照
29989058,922000001,CDLG,1.98,1,2017/1/3 8:48,20170103CDLG000310077092,B024-TXN-04819,已成交,用户提供的历史交易快照
29989059,922000003,CDLG,1.98,1,2017/1/3 8:48,20170103CDLG000310077092,B024-TXN-04820,已成交,用户提供的历史交易快照
29989085,922000002,CDLG,1.18,1,2017/1/3 8:48,20170103CDLG000310077093,B024-TXN-04821,已成交,用户提供的历史交易快照
30022232,960000000,CDLG,0.3,1,2017/1/3 8:48,20170103CDLG000310077094,B024-TXN-04822,已成交,用户提供的历史交易快照
29989059,922000003,CDLG,1.98,1,2017/1/3 8:48,20170103CDLG000310077094,B024-TXN-04823,已成交,用户提供的历史交易快照
29989059,922000003,CDLG,1.98,2,2017/1/3 8:48,20170103CDLG000310077094,B024-TXN-04824,已成交,用户提供的历史交易快照
29989087,922000002,CDLG,7.6,1,2017/1/3 8:48,20170103CDLG000310077094,B024-TXN-04825,已成交,用户提供的历史交易快照
29989077,922000008,CDLG,13.59,1,2017/1/3 8:48,20170103CDLG000310077095,B024-TXN-04826,已成交,用户提供的历史交易快照
30167709,930040000,CDLG,8.52,1,2017/1/3 8:49,20170103CDLG000310077096,B024-TXN-04827,已成交,用户提供的历史交易快照
30137981,930040006,CDLG,6.52,1,2017/1/3 8:49,20170103CDLG000310077096,B024-TXN-04828,已成交,用户提供的历史交易快照
30200756,931010103,CDLG,6.52,1,2017/1/3 8:49,20170103CDLG000310077096,B024-TXN-04829,已成交,用户提供的历史交易快照
29989157,923000000,CDLG,5.6,2,2017/1/3 8:49,20170103CDLG000310077097,B024-TXN-04830,已成交,用户提供的历史交易快照
29989072,922000002,CDLG,0.78,1,2017/1/3 8:51,20170103CDLG000310077098,B024-TXN-04831,已成交,用户提供的历史交易快照
29989059,922000003,CDLG,1.98,1,2017/1/3 8:51,20170103CDLG000310077098,B024-TXN-04832,已成交,用户提供的历史交易快照
29989059,922000003,CDLG,1.98,2,2017/1/3 8:51,20170103CDLG000310077098,B024-TXN-04833,已成交,用户提供的历史交易快照
30005965,914090003,CDLG,39.52,1,2017/1/3 8:51,20170103CDLG000310077099,B024-TXN-04834,已成交,用户提供的历史交易快照
30000069,930040000,CDLG,3.2,1,2017/1/3 8:51,20170103CDLG000310077099,B024-TXN-04835,已成交,用户提供的历史交易快照
30020109,915020002,CDLG,9.42,1,2017/1/3 8:51,20170103CDLG000310077099,B024-TXN-04836,已成交,用户提供的历史交易快照
30020109,915020002,CDLG,9.41,1,2017/1/3 8:51,20170103CDLG000310077099,B024-TXN-04837,已成交,用户提供的历史交易快照
30023041,923000006,CDLG,3.2,1,2017/1/3 8:53,20170103CDLG000310077100,B024-TXN-04838,已成交,用户提供的历史交易快照
30031738,915030101,CDLG,4.92,3,2017/1/3 8:53,20170103CDLG000310077100,B024-TXN-04839,已成交,用户提供的历史交易快照
30214800,925090000,CDLG,25.42,1,2017/1/3 8:54,20170103CDLG000310077101,B024-TXN-04840,已成交,用户提供的历史交易快照
30214808,925090000,CDLG,25.42,2,2017/1/3 8:54,20170103CDLG000310077101,B024-TXN-04841,已成交,用户提供的历史交易快照
30214813,925090000,CDLG,31.42,2,2017/1/3 8:54,20170103CDLG000310077101,B024-TXN-04842,已成交,用户提供的历史交易快照
30022233,960000000,CDLG,0.2,1,2017/1/3 8:56,20170103CDLG000310077102,B024-TXN-04843,已成交,用户提供的历史交易快照
30023041,923000006,CDLG,3.2,1,2017/1/3 8:56,20170103CDLG000310077103,B024-TXN-04844,已成交,用户提供的历史交易快照
29989059,922000003,CDLG,1.98,1,2017/1/3 8:56,20170103CDLG000310077103,B024-TXN-04845,已成交,用户提供的历史交易快照
29989049,922000001,CDLG,1.98,1,2017/1/3 8:56,20170103CDLG000310077104,B024-TXN-04846,已成交,用户提供的历史交易快照
29989072,922000002,CDLG,0.78,1,2017/1/3 8:56,20170103CDLG000310077104,B024-TXN-04847,已成交,用户提供的历史交易快照
29989059,922000003,CDLG,1.98,2,2017/1/3 8:56,20170103CDLG000310077104,B024-TXN-04848,已成交,用户提供的历史交易快照
29989083,922000000,CDLG,4.2,1,2017/1/3 8:57,20170103CDLG000310077105,B024-TXN-04849,已成交,用户提供的历史交易快照
29989091,922000000,CDLG,4.2,0,2017/1/3 8:57,20170103CDLG000310077105,B024-TXN-04850,已成交,用户提供的历史交易快照
29989072,922000002,CDLG,0.78,1,2017/1/3 8:57,20170103CDLG000310077105,B024-TXN-04851,已成交,用户提供的历史交易快照
30008276,911010501,CDLG,15.42,3,2017/1/3 8:57,20170103CDLG000310077105,B024-TXN-04852,已成交,用户提供的历史交易快照
30115746,911010500,CDLG,69.62,1,2017/1/3 8:57,20170103CDLG000310077105,B024-TXN-04853,已成交,用户提供的历史交易快照
30214809,925090000,CDLG,31.41,1,2017/1/3 8:57,20170103CDLG000310077105,B024-TXN-04854,已成交,用户提供的历史交易快照
29989048,922000001,CDLG,1.98,0,2017/1/3 8:57,20170103CDLG000310077105,B024-TXN-04855,已成交,用户提供的历史交易快照
29989059,922000003,CDLG,1.98,1,2017/1/3 8:57,20170103CDLG000310077105,B024-TXN-04856,已成交,用户提供的历史交易快照
29989059,922000003,CDLG,1.98,1,2017/1/3 8:57,20170103CDLG000310077105,B024-TXN-04857,已成交,用户提供的历史交易快照
30040629,922000005,CDLG,15.58,0,2017/1/3 8:57,20170103CDLG000310077105,B024-TXN-04858,已成交,用户提供的历史交易快照
30022232,960000000,CDLG,0.3,1,2017/1/3 8:59,20170103CDLG000310077106,B024-TXN-04859,已成交,用户提供的历史交易快照
29989073,922000002,CDLG,4.8,1,2017/1/3 9:00,20170103CDLG000310077107,B024-TXN-04860,已成交,用户提供的历史交易快照
30005764,914040300,CDLG,6.52,1,2017/1/3 9:00,20170103CDLG000310077107,B024-TXN-04861,已成交,用户提供的历史交易快照
30022232,960000000,CDLG,0.3,1,2017/1/3 9:00,20170103CDLG000310077107,B024-TXN-04862,已成交,用户提供的历史交易快照
30041085,911000000,CDLG,9.52,1,2017/1/3 9:00,20170103CDLG000310077107,B024-TXN-04863,已成交,用户提供的历史交易快照
29989059,922000003,CDLG,1.98,2,2017/1/3 9:00,20170103CDLG000310077107,B024-TXN-04864,已成交,用户提供的历史交易快照
29989059,922000003,CDLG,1.98,2,2017/1/3 9:00,20170103CDLG000310077107,B024-TXN-04865,已成交,用户提供的历史交易快照
30113344,912060303,CDLG,13.42,1,2017/1/3 9:01,20170103CDLG000310077108,B024-TXN-04866,已成交,用户提供的历史交易快照
30027007,923000006,CDLG,5.6,1,2017/1/3 9:02,20170103CDLG000310077110,B024-TXN-04867,已成交,用户提供的历史交易快照
29989058,922000001,CDLG,1.98,5,2017/1/3 9:02,20170103CDLG000310077110,B024-TXN-04868,已成交,用户提供的历史交易快照
29999804,930010102,CDLG,5.52,1,2017/1/3 9:03,20170103CDLG000310077111,B024-TXN-04869,已成交,用户提供的历史交易快照
29999712,930000202,CDLG,8.52,1,2017/1/3 9:03,20170103CDLG000310077111,B024-TXN-04870,已成交,用户提供的历史交易快照
29989059,922000003,CDLG,1.98,1,2017/1/3 9:03,20170103CDLG000310077111,B024-TXN-04871,已成交,用户提供的历史交易快照
30167704,930040000,CDLG,6.52,1,2017/1/3 9:03,20170103CDLG000310077111,B024-TXN-04872,已成交,用户提供的历史交易快照
29989058,922000001,CDLG,1.98,1,2017/1/3 9:03,20170103CDLG000310077112,B024-TXN-04873,已成交,用户提供的历史交易快照
29989058,922000001,CDLG,1.98,2,2017/1/3 9:03,20170103CDLG000310077112,B024-TXN-04874,已成交,用户提供的历史交易快照
30020095,923000010,CDLG,7.6,1,2017/1/3 9:05,20170103CDLG000310077113,B024-TXN-04875,已成交,用户提供的历史交易快照
29989152,923000001,CDLG,5.6,1,2017/1/3 9:05,20170103CDLG000310077113,B024-TXN-04876,已成交,用户提供的历史交易快照
30186264,936010002,CDLG,4.52,1,2017/1/3 9:07,20170103CDLG000310077114,B024-TXN-04877,已成交,用户提供的历史交易快照
30186264,936010002,CDLG,4.52,1,2017/1/3 9:07,20170103CDLG000310077114,B024-TXN-04878,已成交,用户提供的历史交易快照
30005896,914050001,CDLG,1.5,1,2017/1/3 9:07,20170103CDLG000310077115,B024-TXN-04879,已成交,用户提供的历史交易快照
30005900,914050300,CDLG,2.12,1,2017/1/3 9:07,20170103CDLG000310077115,B024-TXN-04880,已成交,用户提供的历史交易快照
30005900,914050300,CDLG,2.12,1,2017/1/3 9:07,20170103CDLG000310077115,B024-TXN-04881,已成交,用户提供的历史交易快照
30008276,911010501,CDLG,15.41,1,2017/1/3 9:07,20170103CDLG000310077115,B024-TXN-04882,已成交,用户提供的历史交易快照
29989059,922000003,CDLG,1.98,1,2017/1/3 9:07,20170103CDLG000310077115,B024-TXN-04883,已成交,用户提供的历史交易快照
30005897,914050006,CDLG,1.5,1,2017/1/3 9:07,20170103CDLG000310077115,B024-TXN-04884,已成交,用户提供的历史交易快照
29989099,922000008,CDLG,1.58,1,2017/1/3 9:08,20170103CDLG000310077116,B024-TXN-04885,已成交,用户提供的历史交易快照
30023195,922000001,CDLG,1.98,1,2017/1/3 9:08,20170103CDLG000310077116,B024-TXN-04886,已成交,用户提供的历史交易快照
30006208,915000101,CDLG,47.4,0,2017/1/3 9:08,20170103CDLG000310077117,B024-TXN-04887,已成交,用户提供的历史交易快照
29989059,922000003,CDLG,1.98,1,2017/1/3 9:08,20170103CDLG000310077118,B024-TXN-04888,已成交,用户提供的历史交易快照
29989077,922000008,CDLG,13.59,0,2017/1/3 9:09,20170103CDLG000310077119,B024-TXN-04889,已成交,用户提供的历史交易快照
29989059,922000003,CDLG,1.98,1,2017/1/3 9:10,20170103CDLG000310077120,B024-TXN-04890,已成交,用户提供的历史交易快照
30000889,930020104,CDLG,4.42,1,2017/1/3 9:11,20170103CDLG000310077122,B024-TXN-04891,已成交,用户提供的历史交易快照
30001305,931050202,CDLG,10.12,1,2017/1/3 9:11,20170103CDLG000310077122,B024-TXN-04892,已成交,用户提供的历史交易快照
30085836,931060000,CDLG,5.52,1,2017/1/3 9:11,20170103CDLG000310077122,B024-TXN-04893,已成交,用户提供的历史交易快照
29989060,922000000,CDLG,9.62,0,2017/1/3 9:11,20170103CDLG000310077122,B024-TXN-04894,已成交,用户提供的历史交易快照
30001018,930020001,CDLG,12.52,1,2017/1/3 9:11,20170103CDLG000310077122,B024-TXN-04895,已成交,用户提供的历史交易快照
30001018,930020001,CDLG,12.52,1,2017/1/3 9:11,20170103CDLG000310077122,B024-TXN-04896,已成交,用户提供的历史交易快照
30023177,922000103,CDLG,6.2,1,2017/1/3 9:11,20170103CDLG000310077122,B024-TXN-04897,已成交,用户提供的历史交易快照
30085836,931060000,CDLG,5.52,1,2017/1/3 9:11,20170103CDLG000310077122,B024-TXN-04898,已成交,用户提供的历史交易快照
30085836,931060000,CDLG,5.52,1,2017/1/3 9:11,20170103CDLG000310077122,B024-TXN-04899,已成交,用户提供的历史交易快照
29989059,922000003,CDLG,1.98,1,2017/1/3 9:11,20170103CDLG000310077122,B024-TXN-04900,已成交,用户提供的历史交易快照
29989143,923000001,CDLG,5.0,1,2017/1/3 9:11,20170103CDLG000310077122,B024-TXN-04901,已成交,用户提供的历史交易快照
29989061,922000000,CDLG,5.57,0,2017/1/3 9:14,20170103CDLG000310077124,B024-TXN-04902,已成交,用户提供的历史交易快照
29989116,922000002,CDLG,2.4,1,2017/1/3 9:14,20170103CDLG000310077124,B024-TXN-04903,已成交,用户提供的历史交易快照
30132379,930010005,CDLG,7.52,1,2017/1/3 9:14,20170103CDLG000310077124,B024-TXN-04904,已成交,用户提供的历史交易快照
29989068,922000004,CDLG,5.57,0,2017/1/3 9:14,20170103CDLG000310077124,B024-TXN-04905,已成交,用户提供的历史交易快照
30054469,930010005,CDLG,7.12,1,2017/1/3 9:14,20170103CDLG000310077124,B024-TXN-04906,已成交,用户提供的历史交易快照
29989091,922000000,CDLG,4.2,0,2017/1/3 9:14,20170103CDLG000310077124,B024-TXN-04907,已成交,用户提供的历史交易快照
29989073,922000002,CDLG,4.79,0,2017/1/3 9:14,20170103CDLG000310077124,B024-TXN-04908,已成交,用户提供的历史交易快照
30022232,960000000,CDLG,0.3,1,2017/1/3 9:14,20170103CDLG000310077124,B024-TXN-04909,已成交,用户提供的历史交易快照
30148309,910030001,CDLG,3.82,1,2017/1/3 9:14,20170103CDLG000310077124,B024-TXN-04910,已成交,用户提供的历史交易快照
29989071,922000002,CDLG,3.4,0,2017/1/3 9:14,20170103CDLG000310077124,B024-TXN-04911,已成交,用户提供的历史交易快照
29989087,922000002,CDLG,7.59,0,2017/1/3 9:14,20170103CDLG000310077124,B024-TXN-04912,已成交,用户提供的历史交易快照
29989153,923000006,CDLG,7.6,1,2017/1/3 9:14,20170103CDLG000310077125,B024-TXN-04913,已成交,用户提供的历史交易快照
30000821,930020003,CDLG,19.52,2,2017/1/3 9:15,20170103CDLG000310077126,B024-TXN-04914,已成交,用户提供的历史交易快照
29989072,922000002,CDLG,0.78,1,2017/1/3 9:16,20170103CDLG000310077127,B024-TXN-04915,已成交,用户提供的历史交易快照
29989072,922000002,CDLG,0.78,1,2017/1/3 9:16,20170103CDLG000310077127,B024-TXN-04916,已成交,用户提供的历史交易快照
29989153,923000006,CDLG,7.6,1,2017/1/3 9:16,20170103CDLG000310077127,B024-TXN-04917,已成交,用户提供的历史交易快照
30023176,922000003,CDLG,4.8,1,2017/1/3 9:16,20170103CDLG000310077127,B024-TXN-04918,已成交,用户提供的历史交易快照
30023192,922000000,CDLG,9.62,0,2017/1/3 9:16,20170103CDLG000310077128,B024-TXN-04919,已成交,用户提供的历史交易快照
29989063,922000000,CDLG,6.82,0,2017/1/3 9:16,20170103CDLG000310077128,B024-TXN-04920,已成交,用户提供的历史交易快照
29989059,922000003,CDLG,1.98,1,2017/1/3 9:16,20170103CDLG000310077128,B024-TXN-04921,已成交,用户提供的历史交易快照
29989059,922000003,CDLG,1.98,1,2017/1/3 9:16,20170103CDLG000310077128,B024-TXN-04922,已成交,用户提供的历史交易快照
30165691,931060121,CDLG,3.52,1,2017/1/3 9:18,20170103CDLG000310077129,B024-TXN-04923,已成交,用户提供的历史交易快照
30165691,931060121,CDLG,3.52,1,2017/1/3 9:18,20170103CDLG000310077129,B024-TXN-04924,已成交,用户提供的历史交易快照
29994704,931020303,CDLG,2.5,1,2017/1/3 9:18,20170103CDLG000310077129,B024-TXN-04925,已成交,用户提供的历史交易快照
29994704,931020303,CDLG,2.5,1,2017/1/3 9:18,20170103CDLG000310077129,B024-TXN-04926,已成交,用户提供的历史交易快照
29989061,922000000,CDLG,5.62,0,2017/1/3 9:20,20170103CDLG000310077130,B024-TXN-04927,已成交,用户提供的历史交易快照
30135344,931060000,CDLG,13.52,1,2017/1/3 9:20,20170103CDLG000310077130,B024-TXN-04928,已成交,用户提供的历史交易快照
29989059,922000003,CDLG,1.98,1,2017/1/3 9:20,20170103CDLG000310077130,B024-TXN-04929,已成交,用户提供的历史交易快照
29989071,922000002,CDLG,3.4,1,2017/1/3 9:20,20170103CDLG000310077130,B024-TXN-04930,已成交,用户提供的历史交易快照
30205103,930040000,CDLG,9.52,1,2017/1/3 9:21,20170103CDLG000310077131,B024-TXN-04931,已成交,用户提供的历史交易快照
29989059,922000003,CDLG,1.98,2,2017/1/3 9:21,20170103CDLG000310077131,B024-TXN-04932,已成交,用户提供的历史交易快照
29989059,922000003,CDLG,1.98,2,2017/1/3 9:21,20170103CDLG000310077131,B024-TXN-04933,已成交,用户提供的历史交易快照
29989059,922000003,CDLG,1.98,1,2017/1/3 9:22,20170103CDLG000310077132,B024-TXN-04934,已成交,用户提供的历史交易快照
30167704,930040000,CDLG,6.52,1,2017/1/3 9:22,20170103CDLG000310077132,B024-TXN-04935,已成交,用户提供的历史交易快照
30008381,912060301,CDLG,19.42,1,2017/1/3 9:22,20170103CDLG000310077133,B024-TXN-04936,已成交,用户提供的历史交易快照
30113344,912060303,CDLG,13.42,1,2017/1/3 9:22,20170103CDLG000310077133,B024-TXN-04937,已成交,用户提供的历史交易快照
29989140,923000006,CDLG,7.6,2,2017/1/3 9:26,20170103CDLG000310077134,B024-TXN-04938,已成交,用户提供的历史交易快照
30006364,914100000,CDLG,11.22,1,2017/1/3 9:27,20170103CDLG000310077135,B024-TXN-04939,已成交,用户提供的历史交易快照
29989072,922000002,CDLG,0.78,1,2017/1/3 9:27,20170103CDLG000310077135,B024-TXN-04940,已成交,用户提供的历史交易快照
30041085,911000000,CDLG,9.52,1,2017/1/3 9:27,20170103CDLG000310077135,B024-TXN-04941,已成交,用户提供的历史交易快照
29989059,922000003,CDLG,1.98,1,2017/1/3 9:27,20170103CDLG000310077135,B024-TXN-04942,已成交,用户提供的历史交易快照
29989059,922000003,CDLG,1.98,1,2017/1/3 9:27,20170103CDLG000310077135,B024-TXN-04943,已成交,用户提供的历史交易快照
29989059,922000003,CDLG,1.98,1,2017/1/3 9:27,20170103CDLG000310077135,B024-TXN-04944,已成交,用户提供的历史交易快照
30006246,914100001,CDLG,5.52,1,2017/1/3 9:27,20170103CDLG000310077135,B024-TXN-04945,已成交,用户提供的历史交易快照
30023041,923000006,CDLG,3.2,2,2017/1/3 9:29,20170103CDLG000310077137,B024-TXN-04946,已成交,用户提供的历史交易快照
29989153,923000006,CDLG,7.6,1,2017/1/3 9:29,20170103CDLG000310077137,B024-TXN-04947,已成交,用户提供的历史交易快照
30214814,925090000,CDLG,33.41,2,2017/1/3 9:29,20170103CDLG000310077137,B024-TXN-04948,已成交,用户提供的历史交易快照
29989059,922000003,CDLG,1.98,1,2017/1/3 9:29,20170103CDLG000310077137,B024-TXN-04949,已成交,用户提供的历史交易快照
29989140,923000006,CDLG,7.6,0,2017/1/3 9:29,20170103CDLG000310077137,B024-TXN-04950,已成交,用户提供的历史交易快照
30006364,914100000,CDLG,11.22,-1,2017/1/3 9:30,20170103CDLG000310077138,B024-TXN-04951,已成交,用户提供的历史交易快照
30023041,923000006,CDLG,3.2,2,2017/1/3 9:30,20170103CDLG000310077139,B024-TXN-04952,已成交,用户提供的历史交易快照
29989072,922000002,CDLG,0.78,2,2017/1/3 9:30,20170103CDLG000310077139,B024-TXN-04953,已成交,用户提供的历史交易快照
29989059,922000003,CDLG,1.98,1,2017/1/3 9:30,20170103CDLG000310077139,B024-TXN-04954,已成交,用户提供的历史交易快照
29989059,922000003,CDLG,1.98,2,2017/1/3 9:30,20170103CDLG000310077139,B024-TXN-04955,已成交,用户提供的历史交易快照
29989059,922000003,CDLG,1.98,1,2017/1/3 9:31,20170103CDLG000310077140,B024-TXN-04956,已成交,用户提供的历史交易快照
30179545,915000106,CDLG,67.47,0,2017/1/3 9:33,20170103CDLG000310077142,B024-TXN-04957,已成交,用户提供的历史交易快照
29989086,922000002,CDLG,4.8,1,2017/1/3 9:33,20170103CDLG000310077142,B024-TXN-04958,已成交,用户提供的历史交易快照
30096418,912060403,CDLG,19.4,0,2017/1/3 9:33,20170103CDLG000310077142,B024-TXN-04959,已成交,用户提供的历史交易快照
29989099,922000008,CDLG,1.58,0,2017/1/3 9:33,20170103CDLG000310077142,B024-TXN-04960,已成交,用户提供的历史交易快照
30006041,915010000,CDLG,7.58,1,2017/1/3 9:33,20170103CDLG000310077142,B024-TXN-04961,已成交,用户提供的历史交易快照
29989072,922000002,CDLG,0.78,1,2017/1/3 9:33,20170103CDLG000310077142,B024-TXN-04962,已成交,用户提供的历史交易快照
30023187,922000003,CDLG,3.2,0,2017/1/3 9:33,20170103CDLG000310077142,B024-TXN-04963,已成交,用户提供的历史交易快照
29989048,922000001,CDLG,1.98,1,2017/1/3 9:33,20170103CDLG000310077142,B024-TXN-04964,已成交,用户提供的历史交易快照
29989059,922000003,CDLG,1.98,1,2017/1/3 9:33,20170103CDLG000310077142,B024-TXN-04965,已成交,用户提供的历史交易快照
29989071,922000002,CDLG,3.4,0,2017/1/3 9:33,20170103CDLG000310077142,B024-TXN-04966,已成交,用户提供的历史交易快照
30013018,914050004,CDLG,2.12,1,2017/1/3 9:33,20170103CDLG000310077142,B024-TXN-04967,已成交,用户提供的历史交易快照
30021764,914020100,CDLG,1.5,1,2017/1/3 9:33,20170103CDLG000310077142,B024-TXN-04968,已成交,用户提供的历史交易快照
29989059,922000003,CDLG,1.98,1,2017/1/3 9:33,20170103CDLG000310077143,B024-TXN-04969,已成交,用户提供的历史交易快照
30062372,924010200,CDLG,26.41,0,2017/1/3 9:35,20170103CDLG000310077144,B024-TXN-04970,已成交,用户提供的历史交易快照
30022974,915030404,CDLG,6.18,3,2017/1/3 9:35,20170103CDLG000310077144,B024-TXN-04971,已成交,用户提供的历史交易快照
30071904,930010000,CDLG,26.52,1,2017/1/3 9:35,20170103CDLG000310077144,B024-TXN-04972,已成交,用户提供的历史交易快照
30171442,930020500,CDLG,19.52,1,2017/1/3 9:35,20170103CDLG000310077145,B024-TXN-04973,已成交,用户提供的历史交易快照
30000821,930020003,CDLG,19.52,2,2017/1/3 9:35,20170103CDLG000310077145,B024-TXN-04974,已成交,用户提供的历史交易快照
30151809,931060400,CDLG,3.52,1,2017/1/3 9:35,20170103CDLG000310077145,B024-TXN-04975,已成交,用户提供的历史交易快照
30115568,930020001,CDLG,8.52,2,2017/1/3 9:37,20170103CDLG000310077146,B024-TXN-04976,已成交,用户提供的历史交易快照
30041081,915020002,CDLG,11.57,1,2017/1/3 9:37,20170103CDLG000310077146,B024-TXN-04977,已成交,用户提供的历史交易快照
29989153,923000006,CDLG,7.6,1,2017/1/3 9:37,20170103CDLG000310077147,B024-TXN-04978,已成交,用户提供的历史交易快照
30214809,925090000,CDLG,31.43,1,2017/1/3 9:37,20170103CDLG000310077147,B024-TXN-04979,已成交,用户提供的历史交易快照
29989083,922000000,CDLG,4.2,0,2017/1/3 9:37,20170103CDLG000310077147,B024-TXN-04980,已成交,用户提供的历史交易快照
29989072,922000002,CDLG,0.78,1,2017/1/3 9:37,20170103CDLG000310077147,B024-TXN-04981,已成交,用户提供的历史交易快照
29989077,922000008,CDLG,13.58,0,2017/1/3 9:37,20170103CDLG000310077147,B024-TXN-04982,已成交,用户提供的历史交易快照
30041085,911000000,CDLG,9.52,1,2017/1/3 9:37,20170103CDLG000310077147,B024-TXN-04983,已成交,用户提供的历史交易快照
29989538,924020002,CDLG,12.62,0,2017/1/3 9:37,20170103CDLG000310077147,B024-TXN-04984,已成交,用户提供的历史交易快照
30023197,922000003,CDLG,6.8,1,2017/1/3 9:37,20170103CDLG000310077147,B024-TXN-04985,已成交,用户提供的历史交易快照
30115568,930020001,CDLG,8.52,2,2017/1/3 9:38,20170103CDLG000310077148,B024-TXN-04986,已成交,用户提供的历史交易快照
30023177,922000103,CDLG,6.2,2,2017/1/3 9:39,20170103CDLG000310077149,B024-TXN-04987,已成交,用户提供的历史交易快照
29989072,922000002,CDLG,0.78,2,2017/1/3 9:39,20170103CDLG000310077149,B024-TXN-04988,已成交,用户提供的历史交易快照
30023194,922000008,CDLG,13.6,0,2017/1/3 9:39,20170103CDLG000310077149,B024-TXN-04989,已成交,用户提供的历史交易快照
30001586,910020302,CDLG,5.52,1,2017/1/3 9:39,20170103CDLG000310077150,B024-TXN-04990,已成交,用户提供的历史交易快照
30001586,910020302,CDLG,4.42,2,2017/1/3 9:39,20170103CDLG000310077150,B024-TXN-04991,已成交,用户提供的历史交易快照
29989089,922000000,CDLG,11.58,0,2017/1/3 9:40,20170103CDLG000310077151,B024-TXN-04992,已成交,用户提供的历史交易快照
30005122,914000000,CDLG,4.52,1,2017/1/3 9:40,20170103CDLG000310077151,B024-TXN-04993,已成交,用户提供的历史交易快照
30214801,925090000,CDLG,27.41,1,2017/1/3 9:40,20170103CDLG000310077151,B024-TXN-04994,已成交,用户提供的历史交易快照
30005122,914000000,CDLG,4.52,1,2017/1/3 9:40,20170103CDLG000310077151,B024-TXN-04995,已成交,用户提供的历史交易快照
29989059,922000003,CDLG,1.98,1,2017/1/3 9:40,20170103CDLG000310077151,B024-TXN-04996,已成交,用户提供的历史交易快照
29989059,922000003,CDLG,1.98,1,2017/1/3 9:40,20170103CDLG000310077151,B024-TXN-04997,已成交,用户提供的历史交易快照
30214813,925090000,CDLG,31.36,0,2017/1/3 9:40,20170103CDLG000310077151,B024-TXN-04998,已成交,用户提供的历史交易快照
29989072,922000002,CDLG,0.78,1,2017/1/3 9:40,20170103CDLG000310077152,B024-TXN-04999,已成交,用户提供的历史交易快照
30156633,922000103,CDLG,39.58,1,2017/1/3 9:40,20170103CDLG000310077152,B024-TXN-05000,已成交,用户提供的历史交易快照
30214313,930020502,CDLG,8.52,1,2017/1/3 9:40,20170103CDLG000310077152,B024-TXN-05001,已成交,用户提供的历史交易快照
30006232,914100000,CDLG,5.52,1,2017/1/3 9:40,20170103CDLG000310077152,B024-TXN-05002,已成交,用户提供的历史交易快照
30179551,915000106,CDLG,59.3,0,2017/1/3 9:41,20170103CDLG000310077153,B024-TXN-05003,已成交,用户提供的历史交易快照
29989076,922000006,CDLG,3.58,1,2017/1/3 9:42,20170103CDLG000310077154,B024-TXN-05004,已成交,用户提供的历史交易快照
29989099,922000008,CDLG,1.58,1,2017/1/3 9:42,20170103CDLG000310077154,B024-TXN-05005,已成交,用户提供的历史交易快照
30023159,922000005,CDLG,2.8,1,2017/1/3 9:42,20170103CDLG000310077154,B024-TXN-05006,已成交,用户提供的历史交易快照
30211551,936080103,CDLG,4.12,1,2017/1/3 9:42,20170103CDLG000310077154,B024-TXN-05007,已成交,用户提供的历史交易快照
29989072,922000002,CDLG,0.78,2,2017/1/3 9:42,20170103CDLG000310077154,B024-TXN-05008,已成交,用户提供的历史交易快照
29989156,923000000,CDLG,10.8,1,2017/1/3 9:42,20170103CDLG000310077154,B024-TXN-05009,已成交,用户提供的历史交易快照
30023195,922000001,CDLG,1.98,1,2017/1/3 9:42,20170103CDLG000310077154,B024-TXN-05010,已成交,用户提供的历史交易快照
29989049,922000001,CDLG,1.98,1,2017/1/3 9:42,20170103CDLG000310077154,B024-TXN-05011,已成交,用户提供的历史交易快照
30006263,914100001,CDLG,5.52,1,2017/1/3 9:42,20170103CDLG000310077154,B024-TXN-05012,已成交,用户提供的历史交易快照
29989105,922000000,CDLG,2.8,1,2017/1/3 9:42,20170103CDLG000310077154,B024-TXN-05013,已成交,用户提供的历史交易快照
30118789,911000000,CDLG,8.32,1,2017/1/3 9:42,20170103CDLG000310077154,B024-TXN-05014,已成交,用户提供的历史交易快照
29989059,922000003,CDLG,1.98,1,2017/1/3 9:42,20170103CDLG000310077154,B024-TXN-05015,已成交,用户提供的历史交易快照
29989157,923000000,CDLG,5.6,1,2017/1/3 9:42,20170103CDLG000310077154,B024-TXN-05016,已成交,用户提供的历史交易快照
29989204,924030001,CDLG,31.61,1,2017/1/3 9:42,20170103CDLG000310077154,B024-TXN-05017,已成交,用户提供的历史交易快照
30151329,924000000,CDLG,29.59,1,2017/1/3 9:42,20170103CDLG000310077154,B024-TXN-05018,已成交,用户提供的历史交易快照
29989085,922000002,CDLG,1.18,2,2017/1/3 9:44,20170103CDLG000310077156,B024-TXN-05019,已成交,用户提供的历史交易快照
30023041,923000006,CDLG,3.2,1,2017/1/3 9:44,20170103CDLG000310077156,B024-TXN-05020,已成交,用户提供的历史交易快照
29989157,923000000,CDLG,5.6,1,2017/1/3 9:44,20170103CDLG000310077156,B024-TXN-05021,已成交,用户提供的历史交易快照
29989072,922000002,CDLG,0.78,1,2017/1/3 9:44,20170103CDLG000310077157,B024-TXN-05022,已成交,用户提供的历史交易快照
29989059,922000003,CDLG,1.98,1,2017/1/3 9:44,20170103CDLG000310077157,B024-TXN-05023,已成交,用户提供的历史交易快照
29989140,923000006,CDLG,7.6,1,2017/1/3 9:44,20170103CDLG000310077157,B024-TXN-05024,已成交,用户提供的历史交易快照
30023176,922000003,CDLG,4.8,1,2017/1/3 9:44,20170103CDLG000310077157,B024-TXN-05025,已成交,用户提供的历史交易快照
29989085,922000002,CDLG,1.18,1,2017/1/3 9:45,20170103CDLG000310077158,B024-TXN-05026,已成交,用户提供的历史交易快照
29989076,922000006,CDLG,3.58,1,2017/1/3 9:45,20170103CDLG000310077159,B024-TXN-05027,已成交,用户提供的历史交易快照
30023192,922000000,CDLG,9.62,0,2017/1/3 9:45,20170103CDLG000310077159,B024-TXN-05028,已成交,用户提供的历史交易快照
29989060,922000000,CDLG,9.61,0,2017/1/3 9:45,20170103CDLG000310077159,B024-TXN-05029,已成交,用户提供的历史交易快照
29989058,922000001,CDLG,1.98,2,2017/1/3 9:45,20170103CDLG000310077159,B024-TXN-05030,已成交,用户提供的历史交易快照
29989059,922000003,CDLG,1.98,1,2017/1/3 9:45,20170103CDLG000310077159,B024-TXN-05031,已成交,用户提供的历史交易快照
30022232,960000000,CDLG,0.3,1,2017/1/3 9:46,20170103CDLG000310077160,B024-TXN-05032,已成交,用户提供的历史交易快照
30006343,915030400,CDLG,3.98,1,2017/1/3 9:46,20170103CDLG000310077161,B024-TXN-05033,已成交,用户提供的历史交易快照
30113909,930020001,CDLG,9.52,2,2017/1/3 9:46,20170103CDLG000310077161,B024-TXN-05034,已成交,用户提供的历史交易快照
29989059,922000003,CDLG,1.98,1,2017/1/3 9:48,20170103CDLG000310077162,B024-TXN-05035,已成交,用户提供的历史交易快照
30115568,930020001,CDLG,8.52,2,2017/1/3 9:49,20170103CDLG000310077163,B024-TXN-05036,已成交,用户提供的历史交易快照
30113344,912060303,CDLG,13.41,1,2017/1/3 9:50,20170103CDLG000310077164,B024-TXN-05037,已成交,用户提供的历史交易快照
30113344,912060303,CDLG,13.41,1,2017/1/3 9:50,20170103CDLG000310077164,B024-TXN-05038,已成交,用户提供的历史交易快照
29989098,922000001,CDLG,2.8,1,2017/1/3 9:50,20170103CDLG000310077165,B024-TXN-05039,已成交,用户提供的历史交易快照
29989540,924020000,CDLG,11.56,0,2017/1/3 9:50,20170103CDLG000310077165,B024-TXN-05040,已成交,用户提供的历史交易快照
30023195,922000001,CDLG,1.98,1,2017/1/3 9:50,20170103CDLG000310077165,B024-TXN-05041,已成交,用户提供的历史交易快照
29989073,922000002,CDLG,4.8,0,2017/1/3 9:50,20170103CDLG000310077165,B024-TXN-05042,已成交,用户提供的历史交易快照
30022232,960000000,CDLG,0.3,1,2017/1/3 9:50,20170103CDLG000310077165,B024-TXN-05043,已成交,用户提供的历史交易快照
29989059,922000003,CDLG,1.98,1,2017/1/3 9:50,20170103CDLG000310077165,B024-TXN-05044,已成交,用户提供的历史交易快照
29989059,922000003,CDLG,1.98,2,2017/1/3 9:50,20170103CDLG000310077165,B024-TXN-05045,已成交,用户提供的历史交易快照
29989538,924020002,CDLG,12.59,0,2017/1/3 9:50,20170103CDLG000310077165,B024-TXN-05046,已成交,用户提供的历史交易快照
30040629,922000005,CDLG,15.55,0,2017/1/3 9:50,20170103CDLG000310077165,B024-TXN-05047,已成交,用户提供的历史交易快照
30214313,930020502,CDLG,8.52,1,2017/1/3 9:51,20170103CDLG000310077166,B024-TXN-05048,已成交,用户提供的历史交易快照
30115568,930020001,CDLG,10.65,2,2017/1/3 9:51,20170103CDLG000310077166,B024-TXN-05049,已成交,用户提供的历史交易快照
29989540,924020000,CDLG,11.57,1,2017/1/3 9:53,20170103CDLG000310077167,B024-TXN-05050,已成交,用户提供的历史交易快照
30151326,924000000,CDLG,19.57,1,2017/1/3 9:53,20170103CDLG000310077167,B024-TXN-05051,已成交,用户提供的历史交易快照
30023201,922000002,CDLG,8.8,1,2017/1/3 9:53,20170103CDLG000310077167,B024-TXN-05052,已成交,用户提供的历史交易快照
29989059,922000003,CDLG,1.98,1,2017/1/3 9:53,20170103CDLG000310077167,B024-TXN-05053,已成交,用户提供的历史交易快照
29989098,922000001,CDLG,2.8,1,2017/1/3 9:53,20170103CDLG000310077168,B024-TXN-05054,已成交,用户提供的历史交易快照
29989059,922000003,CDLG,1.98,1,2017/1/3 9:53,20170103CDLG000310077168,B024-TXN-05055,已成交,用户提供的历史交易快照
29989059,922000003,CDLG,1.98,1,2017/1/3 9:53,20170103CDLG000310077168,B024-TXN-05056,已成交,用户提供的历史交易快照
29989059,922000003,CDLG,1.98,2,2017/1/3 9:53,20170103CDLG000310077168,B024-TXN-05057,已成交,用户提供的历史交易快照
29989082,922000000,CDLG,8.79,0,2017/1/3 9:53,20170103CDLG000310077168,B024-TXN-05058,已成交,用户提供的历史交易快照
30200397,914040300,CDLG,4.52,1,2017/1/3 9:54,20170103CDLG000310077169,B024-TXN-05059,已成交,用户提供的历史交易快照
30031870,915030401,CDLG,7.95,3,2017/1/3 9:54,20170103CDLG000310077170,B024-TXN-05060,已成交,用户提供的历史交易快照
29989059,922000003,CDLG,1.98,1,2017/1/3 9:55,20170103CDLG000310077171,B024-TXN-05061,已成交,用户提供的历史交易快照
29989059,922000003,CDLG,1.98,1,2017/1/3 9:55,20170103CDLG000310077171,B024-TXN-05062,已成交,用户提供的历史交易快照
30179387,912030205,CDLG,3.2,1,2017/1/3 9:57,20170103CDLG000310077172,B024-TXN-05063,已成交,用户提供的历史交易快照
30171523,910030007,CDLG,11.62,1,2017/1/3 9:57,20170103CDLG000310077172,B024-TXN-05064,已成交,用户提供的历史交易快照
29989057,922000001,CDLG,2.38,0,2017/1/3 9:57,20170103CDLG000310077172,B024-TXN-05065,已成交,用户提供的历史交易快照
29989060,922000000,CDLG,9.63,0,2017/1/3 9:57,20170103CDLG000310077172,B024-TXN-05066,已成交,用户提供的历史交易快照
30023175,922000103,CDLG,5.6,1,2017/1/3 9:57,20170103CDLG000310077172,B024-TXN-05067,已成交,用户提供的历史交易快照
29989058,922000001,CDLG,1.98,0,2017/1/3 9:57,20170103CDLG000310077172,B024-TXN-05068,已成交,用户提供的历史交易快照
29989059,922000003,CDLG,1.98,1,2017/1/3 9:57,20170103CDLG000310077172,B024-TXN-05069,已成交,用户提供的历史交易快照
30010590,911000001,CDLG,1.6,2,2017/1/3 9:57,20170103CDLG000310077172,B024-TXN-05070,已成交,用户提供的历史交易快照
29989072,922000002,CDLG,0.78,1,2017/1/3 9:58,20170103CDLG000310077173,B024-TXN-05071,已成交,用户提供的历史交易快照
30200518,922000000,CDLG,19.62,0,2017/1/3 9:58,20170103CDLG000310077173,B024-TXN-05072,已成交,用户提供的历史交易快照
29989057,922000001,CDLG,2.38,1,2017/1/3 9:58,20170103CDLG000310077173,B024-TXN-05073,已成交,用户提供的历史交易快照
29989059,922000003,CDLG,1.98,1,2017/1/3 9:58,20170103CDLG000310077173,B024-TXN-05074,已成交,用户提供的历史交易快照
30006040,915010000,CDLG,9.57,1,2017/1/3 9:58,20170103CDLG000310077173,B024-TXN-05075,已成交,用户提供的历史交易快照
29989059,922000003,CDLG,1.98,1,2017/1/3 9:58,20170103CDLG000310077174,B024-TXN-05076,已成交,用户提供的历史交易快照
29989059,922000003,CDLG,1.98,1,2017/1/3 9:58,20170103CDLG000310077174,B024-TXN-05077,已成交,用户提供的历史交易快照
29989059,922000003,CDLG,1.98,2,2017/1/3 9:58,20170103CDLG000310077174,B024-TXN-05078,已成交,用户提供的历史交易快照
29989540,924020000,CDLG,11.57,0,2017/1/3 9:59,20170103CDLG000310077175,B024-TXN-05079,已成交,用户提供的历史交易快照
30022233,960000000,CDLG,0.2,1,2017/1/3 9:59,20170103CDLG000310077175,B024-TXN-05080,已成交,用户提供的历史交易快照
30201379,930020100,CDLG,15.52,1,2017/1/3 9:59,20170103CDLG000310077175,B024-TXN-05081,已成交,用户提供的历史交易快照
30000889,930020104,CDLG,4.42,1,2017/1/3 9:59,20170103CDLG000310077175,B024-TXN-05082,已成交,用户提供的历史交易快照
29991388,930020104,CDLG,5.32,1,2017/1/3 9:59,20170103CDLG000310077175,B024-TXN-05083,已成交,用户提供的历史交易快照
30023193,922000200,CDLG,5.18,0,2017/1/3 9:59,20170103CDLG000310077175,B024-TXN-05084,已成交,用户提供的历史交易快照
30205102,930040000,CDLG,24.62,1,2017/1/3 9:59,20170103CDLG000310077175,B024-TXN-05085,已成交,用户提供的历史交易快照
30008274,911010501,CDLG,27.22,0,2017/1/3 10:00,20170103CDLG000310077176,B024-TXN-05086,已成交,用户提供的历史交易快照
30008276,911010501,CDLG,15.39,0,2017/1/3 10:00,20170103CDLG000310077176,B024-TXN-05087,已成交,用户提供的历史交易快照
30040629,922000005,CDLG,15.6,0,2017/1/3 10:00,20170103CDLG000310077176,B024-TXN-05088,已成交,用户提供的历史交易快照
30156417,912020104,CDLG,8.32,1,2017/1/3 10:01,20170103CDLG000310077177,B024-TXN-05089,已成交,用户提供的历史交易快照
30171442,930020500,CDLG,19.52,1,2017/1/3 10:04,20170103CDLG000310077178,B024-TXN-05090,已成交,用户提供的历史交易快照
30147865,910010301,CDLG,68.62,1,2017/1/3 10:05,20170103CDLG000310077179,B024-TXN-05091,已成交,用户提供的历史交易快照
30026838,915030401,CDLG,9.57,1,2017/1/3 10:05,20170103CDLG000310077179,B024-TXN-05092,已成交,用户提供的历史交易快照
30163281,914010000,CDLG,2.0,1,2017/1/3 10:08,20170103CDLG000310077180,B024-TXN-05093,已成交,用户提供的历史交易快照
30005991,914030100,CDLG,2.0,1,2017/1/3 10:08,20170103CDLG000310077180,B024-TXN-05094,已成交,用户提供的历史交易快照
29989047,922000000,CDLG,17.59,0,2017/1/3 10:09,20170103CDLG000310077181,B024-TXN-05095,已成交,用户提供的历史交易快照
30023192,922000000,CDLG,9.62,0,2017/1/3 10:09,20170103CDLG000310077181,B024-TXN-05096,已成交,用户提供的历史交易快照
30026352,920000202,CDLG,5.22,1,2017/1/3 10:09,20170103CDLG000310077181,B024-TXN-05097,已成交,用户提供的历史交易快照
29989060,922000000,CDLG,9.63,0,2017/1/3 10:09,20170103CDLG000310077181,B024-TXN-05098,已成交,用户提供的历史交易快照
29989058,922000001,CDLG,1.98,1,2017/1/3 10:09,20170103CDLG000310077181,B024-TXN-05099,已成交,用户提供的历史交易快照
29989059,922000003,CDLG,1.98,2,2017/1/3 10:09,20170103CDLG000310077181,B024-TXN-05100,已成交,用户提供的历史交易快照
29989059,922000003,CDLG,1.98,1,2017/1/3 10:10,20170103CDLG000310077182,B024-TXN-05101,已成交,用户提供的历史交易快照
29989059,922000003,CDLG,1.98,3,2017/1/3 10:10,20170103CDLG000310077182,B024-TXN-05102,已成交,用户提供的历史交易快照
30156980,914020404,CDLG,18.62,1,2017/1/3 10:11,20170103CDLG000310077183,B024-TXN-05103,已成交,用户提供的历史交易快照
30090886,914090006,CDLG,90.52,1,2017/1/3 10:11,20170103CDLG000310077183,B024-TXN-05104,已成交,用户提供的历史交易快照
29989059,922000003,CDLG,1.98,3,2017/1/3 10:11,20170103CDLG000310077183,B024-TXN-05105,已成交,用户提供的历史交易快照
30023041,923000006,CDLG,3.2,2,2017/1/3 10:12,20170103CDLG000310077184,B024-TXN-05106,已成交,用户提供的历史交易快照
30008276,911010501,CDLG,15.43,1,2017/1/3 10:12,20170103CDLG000310077184,B024-TXN-05107,已成交,用户提供的历史交易快照
30023187,922000003,CDLG,3.2,1,2017/1/3 10:15,20170103CDLG000310077185,B024-TXN-05108,已成交,用户提供的历史交易快照
29989072,922000002,CDLG,0.78,2,2017/1/3 10:15,20170103CDLG000310077186,B024-TXN-05109,已成交,用户提供的历史交易快照
30093679,915030104,CDLG,5.1,1,2017/1/3 10:15,20170103CDLG000310077186,B024-TXN-05110,已成交,用户提供的历史交易快照
29989099,922000008,CDLG,1.58,1,2017/1/3 10:16,20170103CDLG000310077187,B024-TXN-05111,已成交,用户提供的历史交易快照
29989073,922000002,CDLG,4.8,0,2017/1/3 10:16,20170103CDLG000310077187,B024-TXN-05112,已成交,用户提供的历史交易快照
30020052,923000002,CDLG,6.2,1,2017/1/3 10:16,20170103CDLG000310077187,B024-TXN-05113,已成交,用户提供的历史交易快照
29989059,922000003,CDLG,1.98,1,2017/1/3 10:16,20170103CDLG000310077187,B024-TXN-05114,已成交,用户提供的历史交易快照
29989059,922000003,CDLG,1.98,1,2017/1/3 10:16,20170103CDLG000310077187,B024-TXN-05115,已成交,用户提供的历史交易快照
29989140,923000006,CDLG,7.6,1,2017/1/3 10:16,20170103CDLG000310077187,B024-TXN-05116,已成交,用户提供的历史交易快照
29989072,922000002,CDLG,0.94,3,2017/1/3 10:16,20170103CDLG000310077188,B024-TXN-05117,已成交,用户提供的历史交易快照
29989072,922000002,CDLG,0.64,2,2017/1/3 10:16,20170103CDLG000310077188,B024-TXN-05118,已成交,用户提供的历史交易快照
29989059,922000003,CDLG,1.98,1,2017/1/3 10:17,20170103CDLG000310077189,B024-TXN-05119,已成交,用户提供的历史交易快照
29989059,922000003,CDLG,1.98,1,2017/1/3 10:17,20170103CDLG000310077189,B024-TXN-05120,已成交,用户提供的历史交易快照
29989059,922000003,CDLG,1.98,1,2017/1/3 10:17,20170103CDLG000310077189,B024-TXN-05121,已成交,用户提供的历史交易快照
30022974,915030404,CDLG,6.18,2,2017/1/3 10:18,20170103CDLG000310077190,B024-TXN-05122,已成交,用户提供的历史交易快照
30026585,915030404,CDLG,7.22,1,2017/1/3 10:19,20170103CDLG000310077191,B024-TXN-05123,已成交,用户提供的历史交易快照
30026585,915030404,CDLG,7.22,2,2017/1/3 10:19,20170103CDLG000310077191,B024-TXN-05124,已成交,用户提供的历史交易快照
30113344,912060303,CDLG,13.42,1,2017/1/3 10:20,20170103CDLG000310077192,B024-TXN-05125,已成交,用户提供的历史交易快照
30129511,925090000,CDLG,17.22,1,2017/1/3 10:20,20170103CDLG000310077192,B024-TXN-05126,已成交,用户提供的历史交易快照
30214804,925090000,CDLG,33.45,0,2017/1/3 10:20,20170103CDLG000310077192,B024-TXN-05127,已成交,用户提供的历史交易快照
29989072,922000002,CDLG,0.78,1,2017/1/3 10:22,20170103CDLG000310077193,B024-TXN-05128,已成交,用户提供的历史交易快照
29989072,922000002,CDLG,0.78,2,2017/1/3 10:22,20170103CDLG000310077193,B024-TXN-05129,已成交,用户提供的历史交易快照
29989059,922000003,CDLG,1.98,1,2017/1/3 10:22,20170103CDLG000310077194,B024-TXN-05130,已成交,用户提供的历史交易快照
30092224,912060303,CDLG,31.2,1,2017/1/3 10:22,20170103CDLG000310077194,B024-TXN-05131,已成交,用户提供的历史交易快照
30020249,923000002,CDLG,1.98,2,2017/1/3 10:23,20170103CDLG000310077195,B024-TXN-05132,已成交,用户提供的历史交易快照
29989172,923000002,CDLG,9.6,1,2017/1/3 10:23,20170103CDLG000310077195,B024-TXN-05133,已成交,用户提供的历史交易快照
29999817,930000201,CDLG,11.52,1,2017/1/3 10:24,20170103CDLG000310077196,B024-TXN-05134,已成交,用户提供的历史交易快照
29989626,924030000,CDLG,15.6,1,2017/1/3 10:26,20170103CDLG000310077197,B024-TXN-05135,已成交,用户提供的历史交易快照
30020052,923000002,CDLG,6.2,1,2017/1/3 10:26,20170103CDLG000310077197,B024-TXN-05136,已成交,用户提供的历史交易快照
29989059,922000003,CDLG,1.98,1,2017/1/3 10:26,20170103CDLG000310077197,B024-TXN-05137,已成交,用户提供的历史交易快照
29989059,922000003,CDLG,1.98,2,2017/1/3 10:26,20170103CDLG000310077197,B024-TXN-05138,已成交,用户提供的历史交易快照
29989157,923000000,CDLG,5.6,1,2017/1/3 10:26,20170103CDLG000310077197,B024-TXN-05139,已成交,用户提供的历史交易快照
29989538,924020002,CDLG,12.62,1,2017/1/3 10:26,20170103CDLG000310077197,B024-TXN-05140,已成交,用户提供的历史交易快照
30022232,960000000,CDLG,0.3,1,2017/1/3 10:27,20170103CDLG000310077199,B024-TXN-05141,已成交,用户提供的历史交易快照
30009402,911000000,CDLG,5.12,1,2017/1/3 10:27,20170103CDLG000310077199,B024-TXN-05142,已成交,用户提供的历史交易快照
29989140,923000006,CDLG,7.6,2,2017/1/3 10:27,20170103CDLG000310077199,B024-TXN-05143,已成交,用户提供的历史交易快照
29989143,923000001,CDLG,5.0,2,2017/1/3 10:27,20170103CDLG000310077199,B024-TXN-05144,已成交,用户提供的历史交易快照
29989157,923000000,CDLG,5.6,2,2017/1/3 10:27,20170103CDLG000310077199,B024-TXN-05145,已成交,用户提供的历史交易快照
29989540,924020000,CDLG,11.58,0,2017/1/3 10:28,20170103CDLG000310077200,B024-TXN-05146,已成交,用户提供的历史交易快照
30129511,925090000,CDLG,17.23,0,2017/1/3 10:28,20170103CDLG000310077200,B024-TXN-05147,已成交,用户提供的历史交易快照
30023041,923000006,CDLG,3.2,1,2017/1/3 10:29,20170103CDLG000310077201,B024-TXN-05148,已成交,用户提供的历史交易快照
29989102,922000001,CDLG,3.16,2,2017/1/3 10:29,20170103CDLG000310077201,B024-TXN-05149,已成交,用户提供的历史交易快照
30008276,911010501,CDLG,15.42,1,2017/1/3 10:29,20170103CDLG000310077201,B024-TXN-05150,已成交,用户提供的历史交易快照
30006040,915010000,CDLG,9.58,1,2017/1/3 10:29,20170103CDLG000310077201,B024-TXN-05151,已成交,用户提供的历史交易快照
30008359,912030301,CDLG,14.82,1,2017/1/3 10:32,20170103CDLG000310077203,B024-TXN-05152,已成交,用户提供的历史交易快照
29989059,922000003,CDLG,1.98,1,2017/1/3 10:32,20170103CDLG000310077203,B024-TXN-05153,已成交,用户提供的历史交易快照
29989146,923000006,CDLG,6.79,0,2017/1/3 10:32,20170103CDLG000310077203,B024-TXN-05154,已成交,用户提供的历史交易快照
30106039,930000204,CDLG,14.52,1,2017/1/3 10:33,20170103CDLG000310077204,B024-TXN-05155,已成交,用户提供的历史交易快照
29989072,922000002,CDLG,0.78,2,2017/1/3 10:33,20170103CDLG000310077205,B024-TXN-05156,已成交,用户提供的历史交易快照
29989085,922000002,CDLG,1.18,1,2017/1/3 10:33,20170103CDLG000310077205,B024-TXN-05157,已成交,用户提供的历史交易快照
29989059,922000003,CDLG,1.98,2,2017/1/3 10:33,20170103CDLG000310077205,B024-TXN-05158,已成交,用户提供的历史交易快照
29989064,922000000,CDLG,9.62,0,2017/1/3 10:34,20170103CDLG000310077206,B024-TXN-05159,已成交,用户提供的历史交易快照
30009337,913050103,CDLG,1.0,1,2017/1/3 10:34,20170103CDLG000310077206,B024-TXN-05160,已成交,用户提供的历史交易快照
29989049,922000001,CDLG,1.98,0,2017/1/3 10:34,20170103CDLG000310077206,B024-TXN-05161,已成交,用户提供的历史交易快照
30009335,913050103,CDLG,1.0,1,2017/1/3 10:34,20170103CDLG000310077206,B024-TXN-05162,已成交,用户提供的历史交易快照
30022232,960000000,CDLG,0.3,1,2017/1/3 10:34,20170103CDLG000310077206,B024-TXN-05163,已成交,用户提供的历史交易快照
30076575,910020404,CDLG,5.62,1,2017/1/3 10:34,20170103CDLG000310077206,B024-TXN-05164,已成交,用户提供的历史交易快照
30117849,910020104,CDLG,2.5,1,2017/1/3 10:34,20170103CDLG000310077206,B024-TXN-05165,已成交,用户提供的历史交易快照
30118372,915030001,CDLG,52.62,1,2017/1/3 10:35,20170103CDLG000310077208,B024-TXN-05166,已成交,用户提供的历史交易快照
30080068,914090002,CDLG,59.52,1,2017/1/3 10:35,20170103CDLG000310077208,B024-TXN-05167,已成交,用户提供的历史交易快照
30053733,914030202,CDLG,5.72,1,2017/1/3 10:36,20170103CDLG000310077210,B024-TXN-05168,已成交,用户提供的历史交易快照
30053733,914030202,CDLG,5.72,1,2017/1/3 10:36,20170103CDLG000310077210,B024-TXN-05169,已成交,用户提供的历史交易快照
29989072,922000002,CDLG,0.78,1,2017/1/3 10:37,20170103CDLG000310077211,B024-TXN-05170,已成交,用户提供的历史交易快照
29989089,922000000,CDLG,11.62,0,2017/1/3 10:37,20170103CDLG000310077211,B024-TXN-05171,已成交,用户提供的历史交易快照
29989099,922000008,CDLG,1.58,1,2017/1/3 10:38,20170103CDLG000310077212,B024-TXN-05172,已成交,用户提供的历史交易快照
30020052,923000002,CDLG,6.2,2,2017/1/3 10:38,20170103CDLG000310077213,B024-TXN-05173,已成交,用户提供的历史交易快照
30023175,922000103,CDLG,5.6,2,2017/1/3 10:38,20170103CDLG000310077213,B024-TXN-05174,已成交,用户提供的历史交易快照
29989059,922000003,CDLG,1.98,1,2017/1/3 10:38,20170103CDLG000310077213,B024-TXN-05175,已成交,用户提供的历史交易快照
30006260,914100003,CDLG,2.62,1,2017/1/3 10:41,20170103CDLG000310077215,B024-TXN-05176,已成交,用户提供的历史交易快照
30006260,914100003,CDLG,2.62,1,2017/1/3 10:41,20170103CDLG000310077215,B024-TXN-05177,已成交,用户提供的历史交易快照
29989077,922000008,CDLG,11.59,0,2017/1/3 10:41,20170103CDLG000310077215,B024-TXN-05178,已成交,用户提供的历史交易快照
30165699,915020003,CDLG,7.12,1,2017/1/3 10:41,20170103CDLG000310077215,B024-TXN-05179,已成交,用户提供的历史交易快照
30008345,912030001,CDLG,6.62,1,2017/1/3 10:41,20170103CDLG000310077215,B024-TXN-05180,已成交,用户提供的历史交易快照
29989081,922000000,CDLG,8.19,0,2017/1/3 10:41,20170103CDLG000310077215,B024-TXN-05181,已成交,用户提供的历史交易快照
29989059,922000003,CDLG,1.98,1,2017/1/3 10:41,20170103CDLG000310077215,B024-TXN-05182,已成交,用户提供的历史交易快照
29989071,922000002,CDLG,3.4,2,2017/1/3 10:41,20170103CDLG000310077215,B024-TXN-05183,已成交,用户提供的历史交易快照
29989082,922000000,CDLG,8.78,0,2017/1/3 10:41,20170103CDLG000310077215,B024-TXN-05184,已成交,用户提供的历史交易快照
30006040,915010000,CDLG,9.58,1,2017/1/3 10:41,20170103CDLG000310077215,B024-TXN-05185,已成交,用户提供的历史交易快照
30023197,922000003,CDLG,6.81,0,2017/1/3 10:41,20170103CDLG000310077215,B024-TXN-05186,已成交,用户提供的历史交易快照
30051143,912030004,CDLG,16.32,1,2017/1/3 10:41,20170103CDLG000310077215,B024-TXN-05187,已成交,用户提供的历史交易快照
30214801,925090000,CDLG,27.43,1,2017/1/3 10:42,20170103CDLG000310077216,B024-TXN-05188,已成交,用户提供的历史交易快照
30009740,912060303,CDLG,60.32,0,2017/1/3 10:42,20170103CDLG000310077216,B024-TXN-05189,已成交,用户提供的历史交易快照
30163281,914010000,CDLG,1.6,2,2017/1/3 10:42,20170103CDLG000310077216,B024-TXN-05190,已成交,用户提供的历史交易快照
30044266,912000103,CDLG,12.6,0,2017/1/3 10:42,20170103CDLG000310077216,B024-TXN-05191,已成交,用户提供的历史交易快照
30078085,912060303,CDLG,19.19,0,2017/1/3 10:42,20170103CDLG000310077216,B024-TXN-05192,已成交,用户提供的历史交易快照
29989071,922000002,CDLG,3.4,1,2017/1/3 10:42,20170103CDLG000310077216,B024-TXN-05193,已成交,用户提供的历史交易快照
30040629,922000005,CDLG,15.6,0,2017/1/3 10:42,20170103CDLG000310077216,B024-TXN-05194,已成交,用户提供的历史交易快照
29989072,922000002,CDLG,0.78,1,2017/1/3 10:44,20170103CDLG000310077217,B024-TXN-05195,已成交,用户提供的历史交易快照
29989072,922000002,CDLG,0.78,2,2017/1/3 10:44,20170103CDLG000310077217,B024-TXN-05196,已成交,用户提供的历史交易快照
29989151,923000002,CDLG,7.6,1,2017/1/3 10:44,20170103CDLG000310077217,B024-TXN-05197,已成交,用户提供的历史交易快照
29989059,922000003,CDLG,1.98,1,2017/1/3 10:44,20170103CDLG000310077217,B024-TXN-05198,已成交,用户提供的历史交易快照
29989059,922000003,CDLG,1.98,1,2017/1/3 10:44,20170103CDLG000310077217,B024-TXN-05199,已成交,用户提供的历史交易快照
30207136,936000101,CDLG,49.42,1,2017/1/3 10:47,20170103CDLG000310077219,B024-TXN-05200,已成交,用户提供的历史交易快照
30008426,912040003,CDLG,7.82,1,2017/1/3 10:47,20170103CDLG000310077219,B024-TXN-05201,已成交,用户提供的历史交易快照
30008412,912040000,CDLG,3.62,1,2017/1/3 10:47,20170103CDLG000310077219,B024-TXN-05202,已成交,用户提供的历史交易快照
30178460,931060400,CDLG,6.52,2,2017/1/3 10:47,20170103CDLG000310077219,B024-TXN-05203,已成交,用户提供的历史交易快照
30009256,912060403,CDLG,15.63,0,2017/1/3 10:47,20170103CDLG000310077219,B024-TXN-05204,已成交,用户提供的历史交易快照
30006343,915030400,CDLG,3.98,2,2017/1/3 10:47,20170103CDLG000310077219,B024-TXN-05205,已成交,用户提供的历史交易快照
30173612,915030401,CDLG,8.38,1,2017/1/3 10:47,20170103CDLG000310077219,B024-TXN-05206,已成交,用户提供的历史交易快照
29989059,922000003,CDLG,1.98,1,2017/1/3 10:47,20170103CDLG000310077219,B024-TXN-05207,已成交,用户提供的历史交易快照
29989059,922000003,CDLG,1.98,1,2017/1/3 10:47,20170103CDLG000310077219,B024-TXN-05208,已成交,用户提供的历史交易快照
30039291,912040000,CDLG,6.52,1,2017/1/3 10:47,20170103CDLG000310077219,B024-TXN-05209,已成交,用户提供的历史交易快照
30031870,915030401,CDLG,6.58,2,2017/1/3 10:48,20170103CDLG000310077220,B024-TXN-05210,已成交,用户提供的历史交易快照
30022232,960000000,CDLG,0.3,1,2017/1/3 10:48,20170103CDLG000310077220,B024-TXN-05211,已成交,用户提供的历史交易快照
29989059,922000003,CDLG,1.98,1,2017/1/3 10:48,20170103CDLG000310077220,B024-TXN-05212,已成交,用户提供的历史交易快照
29989059,922000003,CDLG,1.98,1,2017/1/3 10:48,20170103CDLG000310077220,B024-TXN-05213,已成交,用户提供的历史交易快照
30018498,931050304,CDLG,15.52,1,2017/1/3 10:48,20170103CDLG000310077220,B024-TXN-05214,已成交,用户提供的历史交易快照
30012164,930020102,CDLG,9.52,1,2017/1/3 10:48,20170103CDLG000310077221,B024-TXN-05215,已成交,用户提供的历史交易快照
30012164,930020102,CDLG,9.52,1,2017/1/3 10:48,20170103CDLG000310077221,B024-TXN-05216,已成交,用户提供的历史交易快照
30022399,931060301,CDLG,2.5,1,2017/1/3 10:48,20170103CDLG000310077221,B024-TXN-05217,已成交,用户提供的历史交易快照
29989540,924020000,CDLG,11.58,1,2017/1/3 10:48,20170103CDLG000310077221,B024-TXN-05218,已成交,用户提供的历史交易快照
29991199,930020102,CDLG,10.52,1,2017/1/3 10:48,20170103CDLG000310077221,B024-TXN-05219,已成交,用户提供的历史交易快照
29991199,930020102,CDLG,10.52,1,2017/1/3 10:48,20170103CDLG000310077221,B024-TXN-05220,已成交,用户提供的历史交易快照
30150723,911010100,CDLG,19.62,1,2017/1/3 10:48,20170103CDLG000310077221,B024-TXN-05221,已成交,用户提供的历史交易快照
29989073,922000002,CDLG,4.8,0,2017/1/3 10:48,20170103CDLG000310077221,B024-TXN-05222,已成交,用户提供的历史交易快照
30000894,930020104,CDLG,10.12,1,2017/1/3 10:48,20170103CDLG000310077221,B024-TXN-05223,已成交,用户提供的历史交易快照
30022232,960000000,CDLG,0.3,5,2017/1/3 10:48,20170103CDLG000310077221,B024-TXN-05224,已成交,用户提供的历史交易快照
30148309,910030001,CDLG,3.78,7,2017/1/3 10:48,20170103CDLG000310077221,B024-TXN-05225,已成交,用户提供的历史交易快照
30211252,931060400,CDLG,7.52,1,2017/1/3 10:48,20170103CDLG000310077221,B024-TXN-05226,已成交,用户提供的历史交易快照
30211252,931060400,CDLG,7.52,1,2017/1/3 10:48,20170103CDLG000310077221,B024-TXN-05227,已成交,用户提供的历史交易快照
30080691,931060301,CDLG,3.92,1,2017/1/3 10:48,20170103CDLG000310077221,B024-TXN-05228,已成交,用户提供的历史交易快照
29989058,922000001,CDLG,1.98,1,2017/1/3 10:48,20170103CDLG000310077221,B024-TXN-05229,已成交,用户提供的历史交易快照
29989059,922000003,CDLG,1.98,1,2017/1/3 10:48,20170103CDLG000310077221,B024-TXN-05230,已成交,用户提供的历史交易快照
29989059,922000003,CDLG,1.98,1,2017/1/3 10:48,20170103CDLG000310077221,B024-TXN-05231,已成交,用户提供的历史交易快照
29991259,930020500,CDLG,7.52,1,2017/1/3 10:48,20170103CDLG000310077221,B024-TXN-05232,已成交,用户提供的历史交易快照
29989072,922000002,CDLG,0.78,3,2017/1/3 10:53,20170103CDLG000310077223,B024-TXN-05233,已成交,用户提供的历史交易快照
30136855,912060303,CDLG,17.43,1,2017/1/3 10:53,20170103CDLG000310077223,B024-TXN-05234,已成交,用户提供的历史交易快照
30214805,925090000,CDLG,39.41,1,2017/1/3 10:53,20170103CDLG000310077223,B024-TXN-05235,已成交,用户提供的历史交易快照
30007747,910030002,CDLG,1.24,19,2017/1/3 10:53,20170103CDLG000310077223,B024-TXN-05236,已成交,用户提供的历史交易快照
29989059,922000003,CDLG,1.98,1,2017/1/3 10:53,20170103CDLG000310077223,B024-TXN-05237,已成交,用户提供的历史交易快照
29989059,922000003,CDLG,1.98,1,2017/1/3 10:53,20170103CDLG000310077223,B024-TXN-05238,已成交,用户提供的历史交易快照
30007676,913050103,CDLG,3.02,1,2017/1/3 10:53,20170103CDLG000310077223,B024-TXN-05239,已成交,用户提供的历史交易快照
30007679,913050103,CDLG,3.02,1,2017/1/3 10:53,20170103CDLG000310077223,B024-TXN-05240,已成交,用户提供的历史交易快照
30009798,912010004,CDLG,2.62,1,2017/1/3 10:53,20170103CDLG000310077223,B024-TXN-05241,已成交,用户提供的历史交易快照
30023159,922000005,CDLG,2.8,1,2017/1/3 10:54,20170103CDLG000310077224,B024-TXN-05242,已成交,用户提供的历史交易快照
30145918,921000000,CDLG,12.52,1,2017/1/3 10:54,20170103CDLG000310077224,B024-TXN-05243,已成交,用户提供的历史交易快照
30075147,914070100,CDLG,6.32,1,2017/1/3 10:54,20170103CDLG000310077224,B024-TXN-05244,已成交,用户提供的历史交易快照
30073302,914040005,CDLG,5.72,1,2017/1/3 10:54,20170103CDLG000310077224,B024-TXN-05245,已成交,用户提供的历史交易快照
30145923,921000000,CDLG,3.52,1,2017/1/3 10:54,20170103CDLG000310077224,B024-TXN-05246,已成交,用户提供的历史交易快照
30008948,911000100,CDLG,10.42,1,2017/1/3 10:57,20170103CDLG000310077225,B024-TXN-05247,已成交,用户提供的历史交易快照
30022232,960000000,CDLG,0.3,1,2017/1/3 10:57,20170103CDLG000310077225,B024-TXN-05248,已成交,用户提供的历史交易快照
30027007,923000006,CDLG,5.59,0,2017/1/3 10:57,20170103CDLG000310077225,B024-TXN-05249,已成交,用户提供的历史交易快照
30008276,911010501,CDLG,15.43,0,2017/1/3 10:57,20170103CDLG000310077225,B024-TXN-05250,已成交,用户提供的历史交易快照
30017268,911000100,CDLG,9.52,1,2017/1/3 10:57,20170103CDLG000310077225,B024-TXN-05251,已成交,用户提供的历史交易快照
29989157,923000000,CDLG,5.6,1,2017/1/3 10:57,20170103CDLG000310077225,B024-TXN-05252,已成交,用户提供的历史交易快照
29989072,922000002,CDLG,0.78,1,2017/1/3 10:57,20170103CDLG000310077226,B024-TXN-05253,已成交,用户提供的历史交易快照
30020249,923000002,CDLG,1.98,1,2017/1/3 10:57,20170103CDLG000310077226,B024-TXN-05254,已成交,用户提供的历史交易快照
30027007,923000006,CDLG,5.6,1,2017/1/3 10:57,20170103CDLG000310077226,B024-TXN-05255,已成交,用户提供的历史交易快照
30171543,930020502,CDLG,14.52,1,2017/1/3 10:58,20170103CDLG000310077227,B024-TXN-05256,已成交,用户提供的历史交易快照
30153013,912030207,CDLG,3.42,1,2017/1/3 10:59,20170103CDLG000310077229,B024-TXN-05257,已成交,用户提供的历史交易快照
30163281,914010000,CDLG,2.0,1,2017/1/3 10:59,20170103CDLG000310077229,B024-TXN-05258,已成交,用户提供的历史交易快照
30080068,914090002,CDLG,59.52,1,2017/1/3 10:59,20170103CDLG000310077229,B024-TXN-05259,已成交,用户提供的历史交易快照
30006343,915030400,CDLG,3.98,1,2017/1/3 10:59,20170103CDLG000310077229,B024-TXN-05260,已成交,用户提供的历史交易快照
30143702,931060000,CDLG,9.52,1,2017/1/3 11:02,20170103CDLG000310077230,B024-TXN-05261,已成交,用户提供的历史交易快照
30149264,931050202,CDLG,10.52,1,2017/1/3 11:02,20170103CDLG000310077230,B024-TXN-05262,已成交,用户提供的历史交易快照
29999826,930010000,CDLG,18.52,1,2017/1/3 11:02,20170103CDLG000310077230,B024-TXN-05263,已成交,用户提供的历史交易快照
30171543,930020502,CDLG,14.52,1,2017/1/3 11:02,20170103CDLG000310077230,B024-TXN-05264,已成交,用户提供的历史交易快照
29989059,922000003,CDLG,3.98,1,2017/1/3 11:02,20170103CDLG000310077230,B024-TXN-05265,已成交,用户提供的历史交易快照
30174439,931060206,CDLG,5.52,1,2017/1/3 11:02,20170103CDLG000310077230,B024-TXN-05266,已成交,用户提供的历史交易快照
30143702,931060000,CDLG,9.52,1,2017/1/3 11:03,20170103CDLG000310077231,B024-TXN-05267,已成交,用户提供的历史交易快照
30149264,931050202,CDLG,10.52,1,2017/1/3 11:03,20170103CDLG000310077231,B024-TXN-05268,已成交,用户提供的历史交易快照
30077505,931000902,CDLG,4.52,1,2017/1/3 11:03,20170103CDLG000310077231,B024-TXN-05269,已成交,用户提供的历史交易快照
30077505,931000902,CDLG,5.65,2,2017/1/3 11:03,20170103CDLG000310077231,B024-TXN-05270,已成交,用户提供的历史交易快照
29989105,922000000,CDLG,2.8,1,2017/1/3 11:03,20170103CDLG000310077231,B024-TXN-05271,已成交,用户提供的历史交易快照
29999826,930010000,CDLG,18.52,1,2017/1/3 11:03,20170103CDLG000310077231,B024-TXN-05272,已成交,用户提供的历史交易快照
30171543,930020502,CDLG,14.52,1,2017/1/3 11:03,20170103CDLG000310077231,B024-TXN-05273,已成交,用户提供的历史交易快照
29989059,922000003,CDLG,3.98,1,2017/1/3 11:03,20170103CDLG000310077231,B024-TXN-05274,已成交,用户提供的历史交易快照
29989059,922000003,CDLG,3.98,1,2017/1/3 11:03,20170103CDLG000310077231,B024-TXN-05275,已成交,用户提供的历史交易快照
29989059,922000003,CDLG,3.98,1,2017/1/3 11:03,20170103CDLG000310077231,B024-TXN-05276,已成交,用户提供的历史交易快照
29989157,923000000,CDLG,5.6,1,2017/1/3 11:03,20170103CDLG000310077231,B024-TXN-05277,已成交,用户提供的历史交易快照
30174439,931060206,CDLG,5.52,1,2017/1/3 11:03,20170103CDLG000310077231,B024-TXN-05278,已成交,用户提供的历史交易快照
30022232,960000000,CDLG,0.3,1,2017/1/3 11:04,20170103CDLG000310077232,B024-TXN-05279,已成交,用户提供的历史交易快照
29989059,922000003,CDLG,3.98,1,2017/1/3 11:05,20170103CDLG000310077233,B024-TXN-05280,已成交,用户提供的历史交易快照
30104145,931080205,CDLG,5.12,1,2017/1/3 11:06,20170103CDLG000310077234,B024-TXN-05281,已成交,用户提供的历史交易快照
30214800,925090000,CDLG,25.41,1,2017/1/3 11:06,20170103CDLG000310077234,B024-TXN-05282,已成交,用户提供的历史交易快照
30001823,912020103,CDLG,1.5,1,2017/1/3 11:06,20170103CDLG000310077234,B024-TXN-05283,已成交,用户提供的历史交易快照
30077387,930000204,CDLG,18.52,1,2017/1/3 11:06,20170103CDLG000310077234,B024-TXN-05284,已成交,用户提供的历史交易快照
29999817,930000201,CDLG,11.52,1,2017/1/3 11:06,20170103CDLG000310077234,B024-TXN-05285,已成交,用户提供的历史交易快照
30167490,931010003,CDLG,4.82,1,2017/1/3 11:06,20170103CDLG000310077234,B024-TXN-05286,已成交,用户提供的历史交易快照
30153486,915020000,CDLG,51.42,2,2017/1/3 11:08,20170103CDLG000310077235,B024-TXN-05287,已成交,用户提供的历史交易快照
29989091,922000000,CDLG,4.2,1,2017/1/3 11:10,20170103CDLG000310077236,B024-TXN-05288,已成交,用户提供的历史交易快照
29989077,922000008,CDLG,11.59,0,2017/1/3 11:10,20170103CDLG000310077236,B024-TXN-05289,已成交,用户提供的历史交易快照
30022232,960000000,CDLG,0.3,1,2017/1/3 11:10,20170103CDLG000310077236,B024-TXN-05290,已成交,用户提供的历史交易快照
30020094,923000006,CDLG,9.59,0,2017/1/3 11:10,20170103CDLG000310077236,B024-TXN-05291,已成交,用户提供的历史交易快照
30053740,914030200,CDLG,9.72,1,2017/1/3 11:10,20170103CDLG000310077236,B024-TXN-05292,已成交,用户提供的历史交易快照
30006041,915010000,CDLG,7.58,1,2017/1/3 11:11,20170103CDLG000310077237,B024-TXN-05293,已成交,用户提供的历史交易快照
30006208,915000101,CDLG,47.47,0,2017/1/3 11:11,20170103CDLG000310077237,B024-TXN-05294,已成交,用户提供的历史交易快照
29989083,922000000,CDLG,4.2,0,2017/1/3 11:16,20170103CDLG000310077238,B024-TXN-05295,已成交,用户提供的历史交易快照
30023195,922000001,CDLG,1.98,1,2017/1/3 11:16,20170103CDLG000310077238,B024-TXN-05296,已成交,用户提供的历史交易快照
30213313,914100003,CDLG,2.22,1,2017/1/3 11:16,20170103CDLG000310077238,B024-TXN-05297,已成交,用户提供的历史交易快照
30009406,911000001,CDLG,2.0,2,2017/1/3 11:16,20170103CDLG000310077238,B024-TXN-05298,已成交,用户提供的历史交易快照
30213314,914100000,CDLG,2.22,1,2017/1/3 11:16,20170103CDLG000310077238,B024-TXN-05299,已成交,用户提供的历史交易快照
29989073,922000002,CDLG,4.8,0,2017/1/3 11:16,20170103CDLG000310077238,B024-TXN-05300,已成交,用户提供的历史交易快照
30022232,960000000,CDLG,0.3,1,2017/1/3 11:16,20170103CDLG000310077238,B024-TXN-05301,已成交,用户提供的历史交易快照
30213315,914100002,CDLG,2.22,1,2017/1/3 11:16,20170103CDLG000310077238,B024-TXN-05302,已成交,用户提供的历史交易快照
30214313,930020502,CDLG,8.52,1,2017/1/3 11:16,20170103CDLG000310077238,B024-TXN-05303,已成交,用户提供的历史交易快照
29989056,922000001,CDLG,5.6,1,2017/1/3 11:16,20170103CDLG000310077238,B024-TXN-05304,已成交,用户提供的历史交易快照
29989082,922000000,CDLG,8.81,0,2017/1/3 11:16,20170103CDLG000310077238,B024-TXN-05305,已成交,用户提供的历史交易快照
29989172,923000002,CDLG,9.6,1,2017/1/3 11:16,20170103CDLG000310077238,B024-TXN-05306,已成交,用户提供的历史交易快照
29989231,924000005,CDLG,43.58,0,2017/1/3 11:16,20170103CDLG000310077238,B024-TXN-05307,已成交,用户提供的历史交易快照
30017274,911000100,CDLG,13.42,1,2017/1/3 11:19,20170103CDLG000310077239,B024-TXN-05308,已成交,用户提供的历史交易快照
30000894,930020104,CDLG,10.12,1,2017/1/3 16:51,20170103CDLG000310077240,B024-TXN-05309,已成交,用户提供的历史交易快照
30000842,930020100,CDLG,6.12,1,2017/1/3 16:51,20170103CDLG000310077240,B024-TXN-05310,已成交,用户提供的历史交易快照
30000842,930020100,CDLG,6.12,1,2017/1/3 16:51,20170103CDLG000310077240,B024-TXN-05311,已成交,用户提供的历史交易快照
29989076,922000006,CDLG,3.58,1,2017/1/3 16:52,20170103CDLG000310077241,B024-TXN-05312,已成交,用户提供的历史交易快照
29989059,922000003,CDLG,3.98,1,2017/1/3 16:52,20170103CDLG000310077241,B024-TXN-05313,已成交,用户提供的历史交易快照
30118705,912060301,CDLG,31.21,1,2017/1/3 16:53,20170103CDLG000310077242,B024-TXN-05314,已成交,用户提供的历史交易快照
30118705,912060301,CDLG,31.25,0,2017/1/3 16:54,20170103CDLG000310077243,B024-TXN-05315,已成交,用户提供的历史交易快照
30033501,914040401,CDLG,2.5,1,2017/1/3 16:54,20170103CDLG000310077244,B024-TXN-05316,已成交,用户提供的历史交易快照
30001586,910020302,CDLG,5.52,1,2017/1/3 16:54,20170103CDLG000310077244,B024-TXN-05317,已成交,用户提供的历史交易快照
30023187,922000003,CDLG,3.2,1,2017/1/3 16:55,20170103CDLG000310077245,B024-TXN-05318,已成交,用户提供的历史交易快照
30055256,915030100,CDLG,5.34,1,2017/1/3 16:55,20170103CDLG000310077245,B024-TXN-05319,已成交,用户提供的历史交易快照
30165691,931060121,CDLG,3.52,1,2017/1/3 16:55,20170103CDLG000310077245,B024-TXN-05320,已成交,用户提供的历史交易快照
30022232,960000000,CDLG,0.3,1,2017/1/3 16:55,20170103CDLG000310077245,B024-TXN-05321,已成交,用户提供的历史交易快照
30167422,914020200,CDLG,12.62,1,2017/1/3 16:55,20170103CDLG000310077245,B024-TXN-05322,已成交,用户提供的历史交易快照
29989102,922000001,CDLG,3.16,1,2017/1/3 16:55,20170103CDLG000310077245,B024-TXN-05323,已成交,用户提供的历史交易快照
30017776,911000001,CDLG,2.0,1,2017/1/3 16:55,20170103CDLG000310077245,B024-TXN-05324,已成交,用户提供的历史交易快照
29989081,922000000,CDLG,8.21,0,2017/1/3 16:56,20170103CDLG000310077246,B024-TXN-05325,已成交,用户提供的历史交易快照
30021751,912000104,CDLG,3.72,1,2017/1/3 16:57,20170103CDLG000310077247,B024-TXN-05326,已成交,用户提供的历史交易快照
30004721,930040200,CDLG,19.52,1,2017/1/3 16:57,20170103CDLG000310077247,B024-TXN-05327,已成交,用户提供的历史交易快照
30020655,912060003,CDLG,17.39,0,2017/1/3 16:57,20170103CDLG000310077247,B024-TXN-05328,已成交,用户提供的历史交易快照
30009323,912500204,CDLG,2.92,1,2017/1/3 16:57,20170103CDLG000310077247,B024-TXN-05329,已成交,用户提供的历史交易快照
30009323,912500204,CDLG,2.92,1,2017/1/3 16:57,20170103CDLG000310077247,B024-TXN-05330,已成交,用户提供的历史交易快照
30022232,960000000,CDLG,0.3,1,2017/1/3 16:59,20170103CDLG000310077248,B024-TXN-05331,已成交,用户提供的历史交易快照
30001014,930020700,CDLG,3.42,1,2017/1/3 16:59,20170103CDLG000310077249,B024-TXN-05332,已成交,用户提供的历史交易快照
30178152,930040200,CDLG,33.52,1,2017/1/3 17:00,20170103CDLG000310077250,B024-TXN-05333,已成交,用户提供的历史交易快照
30072111,923000006,CDLG,2.48,2,2017/1/3 17:01,20170103CDLG000310077251,B024-TXN-05334,已成交,用户提供的历史交易快照
30022233,960000000,CDLG,0.2,1,2017/1/3 17:03,20170103CDLG000310077252,B024-TXN-05335,已成交,用户提供的历史交易快照
30001277,910020207,CDLG,7.62,1,2017/1/3 17:03,20170103CDLG000310077252,B024-TXN-05336,已成交,用户提供的历史交易快照
30020052,923000002,CDLG,6.2,1,2017/1/3 17:03,20170103CDLG000310077252,B024-TXN-05337,已成交,用户提供的历史交易快照
30178069,912060303,CDLG,31.15,0,2017/1/3 17:03,20170103CDLG000310077252,B024-TXN-05338,已成交,用户提供的历史交易快照
29989172,923000002,CDLG,9.59,0,2017/1/3 17:03,20170103CDLG000310077252,B024-TXN-05339,已成交,用户提供的历史交易快照
30214313,930020502,CDLG,8.52,1,2017/1/3 17:03,20170103CDLG000310077253,B024-TXN-05340,已成交,用户提供的历史交易快照
30119297,930000201,CDLG,6.52,1,2017/1/3 17:03,20170103CDLG000310077253,B024-TXN-05341,已成交,用户提供的历史交易快照
30010129,931060000,CDLG,4.12,1,2017/1/3 17:03,20170103CDLG000310077253,B024-TXN-05342,已成交,用户提供的历史交易快照
30020269,923000101,CDLG,7.6,1,2017/1/3 17:05,20170103CDLG000310077254,B024-TXN-05343,已成交,用户提供的历史交易快照
30162126,912060303,CDLG,51.13,0,2017/1/3 17:05,20170103CDLG000310077254,B024-TXN-05344,已成交,用户提供的历史交易快照
30009406,911000001,CDLG,2.0,1,2017/1/3 17:05,20170103CDLG000310077254,B024-TXN-05345,已成交,用户提供的历史交易快照
30009406,911000001,CDLG,2.0,1,2017/1/3 17:05,20170103CDLG000310077254,B024-TXN-05346,已成交,用户提供的历史交易快照
30020426,914050005,CDLG,3.32,1,2017/1/3 17:05,20170103CDLG000310077254,B024-TXN-05347,已成交,用户提供的历史交易快照
30155135,912050001,CDLG,9.62,1,2017/1/3 17:05,20170103CDLG000310077254,B024-TXN-05348,已成交,用户提供的历史交易快照
30010239,912500204,CDLG,17.62,1,2017/1/3 17:05,20170103CDLG000310077254,B024-TXN-05349,已成交,用户提供的历史交易快照
30022232,960000000,CDLG,0.3,1,2017/1/3 17:05,20170103CDLG000310077254,B024-TXN-05350,已成交,用户提供的历史交易快照
30101356,912060103,CDLG,19.24,0,2017/1/3 17:05,20170103CDLG000310077254,B024-TXN-05351,已成交,用户提供的历史交易快照
30007708,910020403,CDLG,7.82,1,2017/1/3 17:06,20170103CDLG000310077255,B024-TXN-05352,已成交,用户提供的历史交易快照
30007708,910020403,CDLG,7.82,1,2017/1/3 17:06,20170103CDLG000310077255,B024-TXN-05353,已成交,用户提供的历史交易快照
30007708,910020403,CDLG,7.82,1,2017/1/3 17:06,20170103CDLG000310077255,B024-TXN-05354,已成交,用户提供的历史交易快照
30055256,915030100,CDLG,5.34,3,2017/1/3 17:06,20170103CDLG000310077255,B024-TXN-05355,已成交,用户提供的历史交易快照
30020145,915030104,CDLG,4.16,2,2017/1/3 17:07,20170103CDLG000310077256,B024-TXN-05356,已成交,用户提供的历史交易快照
29989157,923000000,CDLG,5.6,1,2017/1/3 17:07,20170103CDLG000310077256,B024-TXN-05357,已成交,用户提供的历史交易快照
29989172,923000002,CDLG,9.59,0,2017/1/3 17:07,20170103CDLG000310077256,B024-TXN-05358,已成交,用户提供的历史交易快照
30020269,923000101,CDLG,7.6,1,2017/1/3 17:11,20170103CDLG000310077258,B024-TXN-05359,已成交,用户提供的历史交易快照
30023227,923000002,CDLG,1.4,2,2017/1/3 17:11,20170103CDLG000310077258,B024-TXN-05360,已成交,用户提供的历史交易快照
30009239,910030203,CDLG,10.42,1,2017/1/3 17:11,20170103CDLG000310077258,B024-TXN-05361,已成交,用户提供的历史交易快照
30009239,910030203,CDLG,10.42,1,2017/1/3 17:11,20170103CDLG000310077258,B024-TXN-05362,已成交,用户提供的历史交易快照
30160395,923000101,CDLG,2.12,1,2017/1/3 17:11,20170103CDLG000310077258,B024-TXN-05363,已成交,用户提供的历史交易快照
30160395,923000101,CDLG,2.12,1,2017/1/3 17:11,20170103CDLG000310077258,B024-TXN-05364,已成交,用户提供的历史交易快照
30160395,923000101,CDLG,2.12,1,2017/1/3 17:11,20170103CDLG000310077258,B024-TXN-05365,已成交,用户提供的历史交易快照
30023194,922000008,CDLG,13.6,1,2017/1/3 17:11,20170103CDLG000310077258,B024-TXN-05366,已成交,用户提供的历史交易快照
30136315,910030203,CDLG,9.02,1,2017/1/3 17:11,20170103CDLG000310077258,B024-TXN-05367,已成交,用户提供的历史交易快照
29989147,923000006,CDLG,3.6,2,2017/1/3 17:11,20170103CDLG000310077258,B024-TXN-05368,已成交,用户提供的历史交易快照
29989150,923000004,CDLG,10.81,0,2017/1/3 17:11,20170103CDLG000310077258,B024-TXN-05369,已成交,用户提供的历史交易快照
30194574,910030203,CDLG,14.62,1,2017/1/3 17:11,20170103CDLG000310077258,B024-TXN-05370,已成交,用户提供的历史交易快照
29989076,922000006,CDLG,3.58,1,2017/1/3 17:12,20170103CDLG000310077259,B024-TXN-05371,已成交,用户提供的历史交易快照
29989083,922000000,CDLG,4.2,1,2017/1/3 17:12,20170103CDLG000310077259,B024-TXN-05372,已成交,用户提供的历史交易快照
29989073,922000002,CDLG,4.8,1,2017/1/3 17:12,20170103CDLG000310077259,B024-TXN-05373,已成交,用户提供的历史交易快照
29989157,923000000,CDLG,5.6,1,2017/1/3 17:12,20170103CDLG000310077259,B024-TXN-05374,已成交,用户提供的历史交易快照
29989157,923000000,CDLG,5.6,1,2017/1/3 17:16,20170103CDLG000310077260,B024-TXN-05375,已成交,用户提供的历史交易快照
30210095,910030203,CDLG,7.54,2,2017/1/3 17:17,20170103CDLG000310077261,B024-TXN-05376,已成交,用户提供的历史交易快照
30005877,914020100,CDLG,9.12,1,2017/1/3 17:17,20170103CDLG000310077262,B024-TXN-05377,已成交,用户提供的历史交易快照
30020103,915030301,CDLG,9.59,0,2017/1/3 17:17,20170103CDLG000310077262,B024-TXN-05378,已成交,用户提供的历史交易快照
30003860,914010001,CDLG,8.82,1,2017/1/3 17:17,20170103CDLG000310077262,B024-TXN-05379,已成交,用户提供的历史交易快照
30006040,915010000,CDLG,9.58,1,2017/1/3 17:17,20170103CDLG000310077262,B024-TXN-05380,已成交,用户提供的历史交易快照
30193919,914120305,CDLG,1.4,1,2017/1/3 17:21,20170103CDLG000310077263,B024-TXN-05381,已成交,用户提供的历史交易快照
30022232,960000000,CDLG,0.3,1,2017/1/3 17:21,20170103CDLG000310077263,B024-TXN-05382,已成交,用户提供的历史交易快照
30193918,914120305,CDLG,1.4,1,2017/1/3 17:21,20170103CDLG000310077263,B024-TXN-05383,已成交,用户提供的历史交易快照
30212647,912060304,CDLG,39.14,0,2017/1/3 17:21,20170103CDLG000310077263,B024-TXN-05384,已成交,用户提供的历史交易快照
30096418,912060403,CDLG,19.43,0,2017/1/3 17:21,20170103CDLG000310077263,B024-TXN-05385,已成交,用户提供的历史交易快照
30009710,912030502,CDLG,5.12,1,2017/1/3 17:21,20170103CDLG000310077263,B024-TXN-05386,已成交,用户提供的历史交易快照
30129933,912060403,CDLG,27.18,0,2017/1/3 17:21,20170103CDLG000310077263,B024-TXN-05387,已成交,用户提供的历史交易快照
30193920,914120305,CDLG,1.4,1,2017/1/3 17:21,20170103CDLG000310077263,B024-TXN-05388,已成交,用户提供的历史交易快照
30119317,914110000,CDLG,6.12,1,2017/1/3 17:24,20170103CDLG000310077264,B024-TXN-05389,已成交,用户提供的历史交易快照
30040555,913020003,CDLG,17.42,1,2017/1/3 17:24,20170103CDLG000310077265,B024-TXN-05390,已成交,用户提供的历史交易快照
30040555,913020003,CDLG,17.42,1,2017/1/3 17:24,20170103CDLG000310077265,B024-TXN-05391,已成交,用户提供的历史交易快照
30143521,930000203,CDLG,9.22,1,2017/1/3 17:25,20170103CDLG000310077266,B024-TXN-05392,已成交,用户提供的历史交易快照
30105200,931020000,CDLG,4.22,1,2017/1/3 17:25,20170103CDLG000310077266,B024-TXN-05393,已成交,用户提供的历史交易快照
30027007,923000006,CDLG,5.6,1,2017/1/3 17:27,20170103CDLG000310077267,B024-TXN-05394,已成交,用户提供的历史交易快照
30143861,910010000,CDLG,1.5,1,2017/1/3 17:27,20170103CDLG000310077267,B024-TXN-05395,已成交,用户提供的历史交易快照
30143861,910010000,CDLG,1.5,1,2017/1/3 17:27,20170103CDLG000310077267,B024-TXN-05396,已成交,用户提供的历史交易快照
29989071,922000002,CDLG,3.4,0,2017/1/3 17:27,20170103CDLG000310077267,B024-TXN-05397,已成交,用户提供的历史交易快照
30039291,912040000,CDLG,6.52,1,2017/1/3 17:27,20170103CDLG000310077267,B024-TXN-05398,已成交,用户提供的历史交易快照
30031936,912060400,CDLG,13.42,1,2017/1/3 17:28,20170103CDLG000310077268,B024-TXN-05399,已成交,用户提供的历史交易快照
29989085,922000002,CDLG,1.18,3,2017/1/3 17:29,20170103CDLG000310077269,B024-TXN-05400,已成交,用户提供的历史交易快照
29989161,923000006,CDLG,15.61,0,2017/1/3 17:30,20170103CDLG000310077270,B024-TXN-05401,已成交,用户提供的历史交易快照
29989161,923000006,CDLG,15.6,1,2017/1/3 17:30,20170103CDLG000310077270,B024-TXN-05402,已成交,用户提供的历史交易快照
30119171,915030306,CDLG,10.62,1,2017/1/3 17:30,20170103CDLG000310077270,B024-TXN-05403,已成交,用户提供的历史交易快照
29989062,922000000,CDLG,9.62,0,2017/1/3 17:30,20170103CDLG000310077271,B024-TXN-05404,已成交,用户提供的历史交易快照
29989063,922000000,CDLG,6.8,0,2017/1/3 17:30,20170103CDLG000310077271,B024-TXN-05405,已成交,用户提供的历史交易快照
30009039,912030500,CDLG,3.12,1,2017/1/3 17:30,20170103CDLG000310077271,B024-TXN-05406,已成交,用户提供的历史交易快照
30115853,912030500,CDLG,5.42,1,2017/1/3 17:30,20170103CDLG000310077271,B024-TXN-05407,已成交,用户提供的历史交易快照
30023194,922000008,CDLG,13.6,0,2017/1/3 17:32,20170103CDLG000310077273,B024-TXN-05408,已成交,用户提供的历史交易快照
30066613,930010003,CDLG,9.52,1,2017/1/3 17:32,20170103CDLG000310077273,B024-TXN-05409,已成交,用户提供的历史交易快照
30020052,923000002,CDLG,6.2,1,2017/1/3 17:32,20170103CDLG000310077273,B024-TXN-05410,已成交,用户提供的历史交易快照
30096418,912060403,CDLG,19.43,0,2017/1/3 17:32,20170103CDLG000310077273,B024-TXN-05411,已成交,用户提供的历史交易快照
29989077,922000008,CDLG,11.61,0,2017/1/3 17:32,20170103CDLG000310077273,B024-TXN-05412,已成交,用户提供的历史交易快照
29989157,923000000,CDLG,5.6,1,2017/1/3 17:32,20170103CDLG000310077273,B024-TXN-05413,已成交,用户提供的历史交易快照
30027007,923000006,CDLG,5.6,2,2017/1/3 17:33,20170103CDLG000310077274,B024-TXN-05414,已成交,用户提供的历史交易快照
30214313,930020502,CDLG,8.52,1,2017/1/3 17:33,20170103CDLG000310077274,B024-TXN-05415,已成交,用户提供的历史交易快照
30214313,930020502,CDLG,8.52,1,2017/1/3 17:33,20170103CDLG000310077274,B024-TXN-05416,已成交,用户提供的历史交易快照
30008274,911010501,CDLG,27.21,1,2017/1/3 17:35,20170103CDLG000310077275,B024-TXN-05417,已成交,用户提供的历史交易快照
29989077,922000008,CDLG,11.6,1,2017/1/3 17:35,20170103CDLG000310077275,B024-TXN-05418,已成交,用户提供的历史交易快照
30136855,912060303,CDLG,17.4,0,2017/1/3 17:35,20170103CDLG000310077276,B024-TXN-05419,已成交,用户提供的历史交易快照
29989172,923000002,CDLG,9.6,1,2017/1/3 17:35,20170103CDLG000310077276,B024-TXN-05420,已成交,用户提供的历史交易快照
29989172,923000002,CDLG,9.6,1,2017/1/3 17:36,20170103CDLG000310077277,B024-TXN-05421,已成交,用户提供的历史交易快照
29989073,922000002,CDLG,4.8,2,2017/1/3 17:39,20170103CDLG000310077278,B024-TXN-05422,已成交,用户提供的历史交易快照
30003840,914010000,CDLG,13.52,1,2017/1/3 17:39,20170103CDLG000310077278,B024-TXN-05423,已成交,用户提供的历史交易快照
30003840,914010000,CDLG,13.52,1,2017/1/3 17:39,20170103CDLG000310077278,B024-TXN-05424,已成交,用户提供的历史交易快照
30072121,922000001,CDLG,1.0,2,2017/1/3 17:39,20170103CDLG000310077278,B024-TXN-05425,已成交,用户提供的历史交易快照
30214313,930020502,CDLG,8.52,1,2017/1/3 17:41,20170103CDLG000310077279,B024-TXN-05426,已成交,用户提供的历史交易快照
30003840,914010000,CDLG,16.9,2,2017/1/3 17:41,20170103CDLG000310077279,B024-TXN-05427,已成交,用户提供的历史交易快照
30004134,914010001,CDLG,24.52,1,2017/1/3 17:41,20170103CDLG000310077279,B024-TXN-05428,已成交,用户提供的历史交易快照
29999817,930000201,CDLG,11.52,1,2017/1/3 17:41,20170103CDLG000310077279,B024-TXN-05429,已成交,用户提供的历史交易快照
29989085,922000002,CDLG,1.18,2,2017/1/3 17:45,20170103CDLG000310077280,B024-TXN-05430,已成交,用户提供的历史交易快照
30022232,960000000,CDLG,0.3,1,2017/1/3 17:45,20170103CDLG000310077280,B024-TXN-05431,已成交,用户提供的历史交易快照
30163708,914040300,CDLG,4.12,1,2017/1/3 17:45,20170103CDLG000310077280,B024-TXN-05432,已成交,用户提供的历史交易快照
30004151,914030001,CDLG,5.32,1,2017/1/3 17:45,20170103CDLG000310077280,B024-TXN-05433,已成交,用户提供的历史交易快照
30064831,911000001,CDLG,11.12,1,2017/1/3 17:45,20170103CDLG000310077280,B024-TXN-05434,已成交,用户提供的历史交易快照
30090470,930000201,CDLG,9.52,1,2017/1/3 17:45,20170103CDLG000310077280,B024-TXN-05435,已成交,用户提供的历史交易快照
29989085,922000002,CDLG,1.18,1,2017/1/3 17:47,20170103CDLG000310077282,B024-TXN-05436,已成交,用户提供的历史交易快照
30000836,930020100,CDLG,3.22,1,2017/1/3 17:47,20170103CDLG000310077282,B024-TXN-05437,已成交,用户提供的历史交易快照
30036415,930020100,CDLG,8.52,1,2017/1/3 17:47,20170103CDLG000310077282,B024-TXN-05438,已成交,用户提供的历史交易快照
30000859,930020101,CDLG,4.12,1,2017/1/3 17:47,20170103CDLG000310077282,B024-TXN-05439,已成交,用户提供的历史交易快照
29989105,922000000,CDLG,2.8,1,2017/1/3 17:47,20170103CDLG000310077282,B024-TXN-05440,已成交,用户提供的历史交易快照
30008276,911010501,CDLG,15.42,1,2017/1/3 17:47,20170103CDLG000310077282,B024-TXN-05441,已成交,用户提供的历史交易快照
30115568,930020001,CDLG,8.52,1,2017/1/3 17:47,20170103CDLG000310077282,B024-TXN-05442,已成交,用户提供的历史交易快照
30113909,930020001,CDLG,9.52,1,2017/1/3 17:47,20170103CDLG000310077282,B024-TXN-05443,已成交,用户提供的历史交易快照
30163281,914010000,CDLG,2.0,1,2017/1/3 17:48,20170103CDLG000310077283,B024-TXN-05444,已成交,用户提供的历史交易快照
30163281,914010000,CDLG,2.0,1,2017/1/3 17:48,20170103CDLG000310077283,B024-TXN-05445,已成交,用户提供的历史交易快照
30122591,912020100,CDLG,4.92,1,2017/1/3 17:50,20170103CDLG000310077284,B024-TXN-05446,已成交,用户提供的历史交易快照
30039291,912040000,CDLG,6.52,1,2017/1/3 17:50,20170103CDLG000310077284,B024-TXN-05447,已成交,用户提供的历史交易快照
30044885,912020202,CDLG,1.2,1,2017/1/3 17:51,20170103CDLG000310077285,B024-TXN-05448,已成交,用户提供的历史交易快照
30044885,912020202,CDLG,1.2,1,2017/1/3 17:51,20170103CDLG000310077285,B024-TXN-05449,已成交,用户提供的历史交易快照
30199037,910020208,CDLG,4.82,1,2017/1/3 17:53,20170103CDLG000310077286,B024-TXN-05450,已成交,用户提供的历史交易快照
30199037,910020208,CDLG,4.82,1,2017/1/3 17:53,20170103CDLG000310077286,B024-TXN-05451,已成交,用户提供的历史交易快照
30186430,914110004,CDLG,9.72,1,2017/1/3 17:53,20170103CDLG000310077287,B024-TXN-05452,已成交,用户提供的历史交易快照
30186430,914110004,CDLG,9.72,1,2017/1/3 17:53,20170103CDLG000310077287,B024-TXN-05453,已成交,用户提供的历史交易快照
30022232,960000000,CDLG,0.3,1,2017/1/3 17:53,20170103CDLG000310077287,B024-TXN-05454,已成交,用户提供的历史交易快照
30006362,914100000,CDLG,11.22,1,2017/1/3 17:53,20170103CDLG000310077287,B024-TXN-05455,已成交,用户提供的历史交易快照
30129933,912060403,CDLG,27.21,1,2017/1/3 17:53,20170103CDLG000310077287,B024-TXN-05456,已成交,用户提供的历史交易快照
30001698,910020403,CDLG,4.32,1,2017/1/3 17:55,20170103CDLG000310077288,B024-TXN-05457,已成交,用户提供的历史交易快照
30039291,912040000,CDLG,6.52,1,2017/1/3 17:55,20170103CDLG000310077288,B024-TXN-05458,已成交,用户提供的历史交易快照
30009310,912050002,CDLG,2.2,1,2017/1/3 17:56,20170103CDLG000310077289,B024-TXN-05459,已成交,用户提供的历史交易快照
29989172,923000002,CDLG,9.6,1,2017/1/3 17:56,20170103CDLG000310077289,B024-TXN-05460,已成交,用户提供的历史交易快照
30023194,922000008,CDLG,13.6,1,2017/1/3 17:57,20170103CDLG000310077291,B024-TXN-05461,已成交,用户提供的历史交易快照
29989073,922000002,CDLG,4.8,0,2017/1/3 17:57,20170103CDLG000310077291,B024-TXN-05462,已成交,用户提供的历史交易快照
30004033,914000004,CDLG,5.12,1,2017/1/3 17:57,20170103CDLG000310077291,B024-TXN-05463,已成交,用户提供的历史交易快照
30005217,914050000,CDLG,1.5,1,2017/1/3 17:57,20170103CDLG000310077291,B024-TXN-05464,已成交,用户提供的历史交易快照
30008753,912500100,CDLG,3.62,1,2017/1/3 17:57,20170103CDLG000310077291,B024-TXN-05465,已成交,用户提供的历史交易快照
30090475,910020207,CDLG,11.62,1,2017/1/3 17:57,20170103CDLG000310077291,B024-TXN-05466,已成交,用户提供的历史交易快照
30005880,914020403,CDLG,8.52,1,2017/1/3 17:57,20170103CDLG000310077291,B024-TXN-05467,已成交,用户提供的历史交易快照
30004013,914050002,CDLG,2.92,1,2017/1/3 17:57,20170103CDLG000310077291,B024-TXN-05468,已成交,用户提供的历史交易快照
30092224,912060303,CDLG,31.24,0,2017/1/3 17:57,20170103CDLG000310077291,B024-TXN-05469,已成交,用户提供的历史交易快照
30019608,914030003,CDLG,11.62,1,2017/1/3 17:58,20170103CDLG000310077292,B024-TXN-05470,已成交,用户提供的历史交易快照
30023041,923000006,CDLG,3.2,2,2017/1/3 17:58,20170103CDLG000310077292,B024-TXN-05471,已成交,用户提供的历史交易快照
30026119,915030401,CDLG,9.58,1,2017/1/3 17:58,20170103CDLG000310077292,B024-TXN-05472,已成交,用户提供的历史交易快照
30005364,914010001,CDLG,5.52,1,2017/1/3 18:00,20170103CDLG000310077293,B024-TXN-05473,已成交,用户提供的历史交易快照
30022232,960000000,CDLG,0.3,1,2017/1/3 18:00,20170103CDLG000310077293,B024-TXN-05474,已成交,用户提供的历史交易快照
30117391,931060302,CDLG,2.9,1,2017/1/3 18:00,20170103CDLG000310077293,B024-TXN-05475,已成交,用户提供的历史交易快照
30113344,912060303,CDLG,13.41,0,2017/1/3 18:00,20170103CDLG000310077293,B024-TXN-05476,已成交,用户提供的历史交易快照
30165699,915020003,CDLG,7.12,1,2017/1/3 18:00,20170103CDLG000310077293,B024-TXN-05477,已成交,用户提供的历史交易快照
30092224,912060303,CDLG,31.24,0,2017/1/3 18:00,20170103CDLG000310077293,B024-TXN-05478,已成交,用户提供的历史交易快照
30113528,931060300,CDLG,5.52,1,2017/1/3 18:00,20170103CDLG000310077293,B024-TXN-05479,已成交,用户提供的历史交易快照
30008359,912030301,CDLG,14.82,1,2017/1/3 18:02,20170103CDLG000310077294,B024-TXN-05480,已成交,用户提供的历史交易快照
30012090,912010004,CDLG,2.82,1,2017/1/3 18:02,20170103CDLG000310077294,B024-TXN-05481,已成交,用户提供的历史交易快照
30012089,912010004,CDLG,2.82,1,2017/1/3 18:02,20170103CDLG000310077294,B024-TXN-05482,已成交,用户提供的历史交易快照
30022233,960000000,CDLG,0.2,1,2017/1/3 18:04,20170103CDLG000310077295,B024-TXN-05483,已成交,用户提供的历史交易快照
30104667,910010101,CDLG,21.52,1,2017/1/3 18:04,20170103CDLG000310077295,B024-TXN-05484,已成交,用户提供的历史交易快照
30104667,910010101,CDLG,21.52,1,2017/1/3 18:04,20170103CDLG000310077295,B024-TXN-05485,已成交,用户提供的历史交易快照
30130817,936030100,CDLG,38.62,1,2017/1/3 18:04,20170103CDLG000310077295,B024-TXN-05486,已成交,用户提供的历史交易快照
30020137,915030102,CDLG,5.58,2,2017/1/3 18:04,20170103CDLG000310077296,B024-TXN-05487,已成交,用户提供的历史交易快照
30009330,912010001,CDLG,2.52,1,2017/1/3 18:04,20170103CDLG000310077296,B024-TXN-05488,已成交,用户提供的历史交易快照
30031738,915030101,CDLG,4.92,3,2017/1/3 18:04,20170103CDLG000310077296,B024-TXN-05489,已成交,用户提供的历史交易快照
30036416,930020100,CDLG,9.52,1,2017/1/3 18:05,20170103CDLG000310077297,B024-TXN-05490,已成交,用户提供的历史交易快照
30136855,912060303,CDLG,17.43,0,2017/1/3 18:09,20170103CDLG000310077299,B024-TXN-05491,已成交,用户提供的历史交易快照
30151885,930040006,CDLG,11.62,1,2017/1/3 18:09,20170103CDLG000310077299,B024-TXN-05492,已成交,用户提供的历史交易快照
30005965,914090003,CDLG,39.52,1,2017/1/3 18:09,20170103CDLG000310077299,B024-TXN-05493,已成交,用户提供的历史交易快照
29991655,930040002,CDLG,14.22,1,2017/1/3 18:09,20170103CDLG000310077299,B024-TXN-05494,已成交,用户提供的历史交易快照
30022232,960000000,CDLG,0.3,1,2017/1/3 18:11,20170103CDLG000310077301,B024-TXN-05495,已成交,用户提供的历史交易快照
30027007,923000006,CDLG,5.6,1,2017/1/3 18:11,20170103CDLG000310077301,B024-TXN-05496,已成交,用户提供的历史交易快照
30214313,930020502,CDLG,8.52,1,2017/1/3 18:11,20170103CDLG000310077301,B024-TXN-05497,已成交,用户提供的历史交易快照
30080688,931060301,CDLG,3.82,1,2017/1/3 18:11,20170103CDLG000310077301,B024-TXN-05498,已成交,用户提供的历史交易快照
30098264,930010002,CDLG,8.52,1,2017/1/3 18:11,20170103CDLG000310077301,B024-TXN-05499,已成交,用户提供的历史交易快照
30065395,931080103,CDLG,4.82,1,2017/1/3 18:11,20170103CDLG000310077301,B024-TXN-05500,已成交,用户提供的历史交易快照
30092316,930000201,CDLG,12.52,1,2017/1/3 18:11,20170103CDLG000310077301,B024-TXN-05501,已成交,用户提供的历史交易快照
29989157,923000000,CDLG,5.6,2,2017/1/3 18:11,20170103CDLG000310077301,B024-TXN-05502,已成交,用户提供的历史交易快照
30039291,912040000,CDLG,6.52,1,2017/1/3 18:11,20170103CDLG000310077301,B024-TXN-05503,已成交,用户提供的历史交易快照
30114672,930040100,CDLG,4.22,1,2017/1/3 18:11,20170103CDLG000310077301,B024-TXN-05504,已成交,用户提供的历史交易快照
29992060,930040100,CDLG,3.92,1,2017/1/3 18:11,20170103CDLG000310077301,B024-TXN-05505,已成交,用户提供的历史交易快照
30166120,930040000,CDLG,8.62,1,2017/1/3 18:20,20170103CDLG000310077302,B024-TXN-05506,已成交,用户提供的历史交易快照
29989157,923000000,CDLG,5.6,1,2017/1/3 18:20,20170103CDLG000310077302,B024-TXN-05507,已成交,用户提供的历史交易快照
30023187,922000003,CDLG,3.2,1,2017/1/3 18:23,20170103CDLG000310077303,B024-TXN-05508,已成交,用户提供的历史交易快照
30056190,930010000,CDLG,15.22,1,2017/1/3 18:24,20170103CDLG000310077304,B024-TXN-05509,已成交,用户提供的历史交易快照
30176919,930040000,CDLG,18.42,1,2017/1/3 18:24,20170103CDLG000310077304,B024-TXN-05510,已成交,用户提供的历史交易快照
30033854,910000000,CDLG,8.62,5,2017/1/3 18:24,20170103CDLG000310077304,B024-TXN-05511,已成交,用户提供的历史交易快照
30033854,910000000,CDLG,8.62,5,2017/1/3 18:24,20170103CDLG000310077304,B024-TXN-05512,已成交,用户提供的历史交易快照
30166419,936000501,CDLG,13.42,1,2017/1/3 18:24,20170103CDLG000310077304,B024-TXN-05513,已成交,用户提供的历史交易快照
30005968,914090005,CDLG,25.72,1,2017/1/3 18:24,20170103CDLG000310077304,B024-TXN-05514,已成交,用户提供的历史交易快照
30136694,914110000,CDLG,10.72,1,2017/1/3 18:24,20170103CDLG000310077304,B024-TXN-05515,已成交,用户提供的历史交易快照
30136694,914110000,CDLG,10.72,1,2017/1/3 18:24,20170103CDLG000310077304,B024-TXN-05516,已成交,用户提供的历史交易快照
30171442,930020500,CDLG,19.52,1,2017/1/3 18:24,20170103CDLG000310077304,B024-TXN-05517,已成交,用户提供的历史交易快照
30059981,911000100,CDLG,10.62,1,2017/1/3 18:25,20170103CDLG000310077305,B024-TXN-05518,已成交,用户提供的历史交易快照
30046796,913020003,CDLG,29.72,1,2017/1/3 18:25,20170103CDLG000310077305,B024-TXN-05519,已成交,用户提供的历史交易快照
30022233,960000000,CDLG,0.2,1,2017/1/3 18:27,20170103CDLG000310077306,B024-TXN-05520,已成交,用户提供的历史交易快照
30023041,923000006,CDLG,3.2,1,2017/1/3 18:27,20170103CDLG000310077306,B024-TXN-05521,已成交,用户提供的历史交易快照
30017275,911000100,CDLG,13.42,1,2017/1/3 18:27,20170103CDLG000310077306,B024-TXN-05522,已成交,用户提供的历史交易快照
30027007,923000006,CDLG,5.6,2,2017/1/3 18:27,20170103CDLG000310077307,B024-TXN-05523,已成交,用户提供的历史交易快照
29989141,923000002,CDLG,4.8,3,2017/1/3 18:28,20170103CDLG000310077308,B024-TXN-05524,已成交,用户提供的历史交易快照
30001586,910020302,CDLG,5.52,1,2017/1/3 18:29,20170103CDLG000310077309,B024-TXN-05525,已成交,用户提供的历史交易快照
29989157,923000000,CDLG,5.6,2,2017/1/3 18:30,20170103CDLG000310077310,B024-TXN-05526,已成交,用户提供的历史交易快照
30090886,914090006,CDLG,90.52,1,2017/1/3 18:30,20170103CDLG000310077311,B024-TXN-05527,已成交,用户提供的历史交易快照
30008988,911000100,CDLG,12.42,1,2017/1/3 18:31,20170103CDLG000310077312,B024-TXN-05528,已成交,用户提供的历史交易快照
30008948,911000100,CDLG,10.42,1,2017/1/3 18:31,20170103CDLG000310077312,B024-TXN-05529,已成交,用户提供的历史交易快照
30022233,960000000,CDLG,0.2,1,2017/1/3 18:31,20170103CDLG000310077313,B024-TXN-05530,已成交,用户提供的历史交易快照
30006313,915000103,CDLG,13.42,1,2017/1/3 18:34,20170103CDLG000310077314,B024-TXN-05531,已成交,用户提供的历史交易快照
30004108,914000000,CDLG,7.42,1,2017/1/3 18:35,20170103CDLG000310077315,B024-TXN-05532,已成交,用户提供的历史交易快照
30073356,910010000,CDLG,4.53,2,2017/1/3 18:37,20170103CDLG000310077316,B024-TXN-05533,已成交,用户提供的历史交易快照
30008544,912010002,CDLG,1.0,1,2017/1/3 18:38,20170103CDLG000310077317,B024-TXN-05534,已成交,用户提供的历史交易快照
30008544,912010002,CDLG,1.0,1,2017/1/3 18:38,20170103CDLG000310077317,B024-TXN-05535,已成交,用户提供的历史交易快照
30010242,912010004,CDLG,2.52,1,2017/1/3 18:38,20170103CDLG000310077317,B024-TXN-05536,已成交,用户提供的历史交易快照
30010242,912010004,CDLG,2.52,1,2017/1/3 18:38,20170103CDLG000310077317,B024-TXN-05537,已成交,用户提供的历史交易快照
30091735,912060008,CDLG,39.22,0,2017/1/3 18:38,20170103CDLG000310077317,B024-TXN-05538,已成交,用户提供的历史交易快照
30008276,911010501,CDLG,15.42,0,2017/1/3 18:38,20170103CDLG000310077317,B024-TXN-05539,已成交,用户提供的历史交易快照
30117849,910020104,CDLG,1.43,13,2017/1/3 18:38,20170103CDLG000310077317,B024-TXN-05540,已成交,用户提供的历史交易快照
30198914,916010102,CDLG,18.42,1,2017/1/3 18:38,20170103CDLG000310077317,B024-TXN-05541,已成交,用户提供的历史交易快照
30008623,912030500,CDLG,1.0,1,2017/1/3 18:38,20170103CDLG000310077318,B024-TXN-05542,已成交,用户提供的历史交易快照
30118484,912020101,CDLG,2.2,1,2017/1/3 18:38,20170103CDLG000310077318,B024-TXN-05543,已成交,用户提供的历史交易快照
30022233,960000000,CDLG,0.2,1,2017/1/3 18:39,20170103CDLG000310077319,B024-TXN-05544,已成交,用户提供的历史交易快照
30071904,930010000,CDLG,26.52,1,2017/1/3 18:39,20170103CDLG000310077320,B024-TXN-05545,已成交,用户提供的历史交易快照
30090265,912040107,CDLG,23.12,1,2017/1/3 18:41,20170103CDLG000310077321,B024-TXN-05546,已成交,用户提供的历史交易快照
29989105,922000000,CDLG,2.8,1,2017/1/3 18:41,20170103CDLG000310077321,B024-TXN-05547,已成交,用户提供的历史交易快照
30072117,922000001,CDLG,4.0,0,2017/1/3 18:42,20170103CDLG000310077322,B024-TXN-05548,已成交,用户提供的历史交易快照
30006040,915010000,CDLG,9.58,1,2017/1/3 18:42,20170103CDLG000310077322,B024-TXN-05549,已成交,用户提供的历史交易快照
30118462,912500204,CDLG,6.02,1,2017/1/3 18:45,20170103CDLG000310077323,B024-TXN-05550,已成交,用户提供的历史交易快照
30104591,912060200,CDLG,68.34,0,2017/1/3 18:45,20170103CDLG000310077323,B024-TXN-05551,已成交,用户提供的历史交易快照
30069736,931010400,CDLG,15.32,1,2017/1/3 18:46,20170103CDLG000310077324,B024-TXN-05552,已成交,用户提供的历史交易快照
30008219,911010300,CDLG,6.52,1,2017/1/3 18:47,20170103CDLG000310077325,B024-TXN-05553,已成交,用户提供的历史交易快照
30155700,911010300,CDLG,8.12,1,2017/1/3 18:47,20170103CDLG000310077325,B024-TXN-05554,已成交,用户提供的历史交易快照
30008276,911010501,CDLG,15.42,1,2017/1/3 18:47,20170103CDLG000310077325,B024-TXN-05555,已成交,用户提供的历史交易快照
30022232,960000000,CDLG,0.3,1,2017/1/3 18:47,20170103CDLG000310077326,B024-TXN-05556,已成交,用户提供的历史交易快照
29989049,922000001,CDLG,1.98,1,2017/1/3 18:48,20170103CDLG000310077327,B024-TXN-05557,已成交,用户提供的历史交易快照
30006332,915030305,CDLG,9.77,0,2017/1/3 18:48,20170103CDLG000310077327,B024-TXN-05558,已成交,用户提供的历史交易快照
30019196,930010000,CDLG,5.12,1,2017/1/3 18:48,20170103CDLG000310077327,B024-TXN-05559,已成交,用户提供的历史交易快照
30022232,960000000,CDLG,0.3,1,2017/1/3 18:48,20170103CDLG000310077327,B024-TXN-05560,已成交,用户提供的历史交易快照
30179520,915000100,CDLG,76.72,0,2017/1/3 18:48,20170103CDLG000310077327,B024-TXN-05561,已成交,用户提供的历史交易快照
30203637,923000006,CDLG,3.2,1,2017/1/3 18:48,20170103CDLG000310077327,B024-TXN-05562,已成交,用户提供的历史交易快照
30214313,930020502,CDLG,8.52,1,2017/1/3 18:48,20170103CDLG000310077327,B024-TXN-05563,已成交,用户提供的历史交易快照
29989085,922000002,CDLG,1.18,1,2017/1/3 18:48,20170103CDLG000310077327,B024-TXN-05564,已成交,用户提供的历史交易快照
30006331,915030304,CDLG,12.8,0,2017/1/3 18:48,20170103CDLG000310077327,B024-TXN-05565,已成交,用户提供的历史交易快照
30023192,922000000,CDLG,9.63,0,2017/1/3 18:48,20170103CDLG000310077327,B024-TXN-05566,已成交,用户提供的历史交易快照
30179532,915000106,CDLG,13.57,0,2017/1/3 18:48,20170103CDLG000310077327,B024-TXN-05567,已成交,用户提供的历史交易快照
29989077,922000008,CDLG,11.61,0,2017/1/3 18:48,20170103CDLG000310077327,B024-TXN-05568,已成交,用户提供的历史交易快照
29989060,922000000,CDLG,9.62,0,2017/1/3 18:48,20170103CDLG000310077327,B024-TXN-05569,已成交,用户提供的历史交易快照
29989172,923000002,CDLG,9.6,1,2017/1/3 18:48,20170103CDLG000310077327,B024-TXN-05570,已成交,用户提供的历史交易快照
30072111,923000006,CDLG,2.0,0,2017/1/3 18:48,20170103CDLG000310077327,B024-TXN-05571,已成交,用户提供的历史交易快照
29989098,922000001,CDLG,2.8,2,2017/1/3 18:49,20170103CDLG000310077328,B024-TXN-05572,已成交,用户提供的历史交易快照
29989059,922000003,CDLG,3.98,1,2017/1/3 18:49,20170103CDLG000310077328,B024-TXN-05573,已成交,用户提供的历史交易快照
29989059,922000003,CDLG,3.98,2,2017/1/3 18:49,20170103CDLG000310077328,B024-TXN-05574,已成交,用户提供的历史交易快照
30006039,915010001,CDLG,11.57,1,2017/1/3 18:50,20170103CDLG000310077329,B024-TXN-05575,已成交,用户提供的历史交易快照
29989089,922000000,CDLG,11.62,0,2017/1/3 18:52,20170103CDLG000310077330,B024-TXN-05576,已成交,用户提供的历史交易快照
30123505,922000005,CDLG,10.8,0,2017/1/3 18:52,20170103CDLG000310077330,B024-TXN-05577,已成交,用户提供的历史交易快照
30013189,931050203,CDLG,3.12,1,2017/1/3 18:53,20170103CDLG000310077331,B024-TXN-05578,已成交,用户提供的历史交易快照
30006313,915000103,CDLG,13.41,1,2017/1/3 18:53,20170103CDLG000310077331,B024-TXN-05579,已成交,用户提供的历史交易快照
30143702,931060000,CDLG,9.52,1,2017/1/3 18:53,20170103CDLG000310077331,B024-TXN-05580,已成交,用户提供的历史交易快照
30001316,931050203,CDLG,4.62,1,2017/1/3 18:53,20170103CDLG000310077331,B024-TXN-05581,已成交,用户提供的历史交易快照
30027163,915020000,CDLG,7.42,1,2017/1/3 18:53,20170103CDLG000310077331,B024-TXN-05582,已成交,用户提供的历史交易快照
29989172,923000002,CDLG,9.59,1,2017/1/3 18:56,20170103CDLG000310077332,B024-TXN-05583,已成交,用户提供的历史交易快照
30113909,930020001,CDLG,9.52,1,2017/1/3 18:56,20170103CDLG000310077332,B024-TXN-05584,已成交,用户提供的历史交易快照
30001277,910020207,CDLG,7.15,4,2017/1/3 18:57,20170103CDLG000310077333,B024-TXN-05585,已成交,用户提供的历史交易快照
30008628,912040202,CDLG,14.52,1,2017/1/3 18:57,20170103CDLG000310077333,B024-TXN-05586,已成交,用户提供的历史交易快照
30001919,912030006,CDLG,6.02,1,2017/1/3 18:57,20170103CDLG000310077333,B024-TXN-05587,已成交,用户提供的历史交易快照
30044607,912040001,CDLG,9.52,1,2017/1/3 18:57,20170103CDLG000310077333,B024-TXN-05588,已成交,用户提供的历史交易快照
30001968,912030004,CDLG,6.02,1,2017/1/3 18:57,20170103CDLG000310077333,B024-TXN-05589,已成交,用户提供的历史交易快照
30001910,912030000,CDLG,6.02,1,2017/1/3 18:57,20170103CDLG000310077333,B024-TXN-05590,已成交,用户提供的历史交易快照
30156417,912020104,CDLG,8.32,1,2017/1/3 18:57,20170103CDLG000310077333,B024-TXN-05591,已成交,用户提供的历史交易快照
30005764,914040300,CDLG,6.52,1,2017/1/3 18:59,20170103CDLG000310077334,B024-TXN-05592,已成交,用户提供的历史交易快照
30003978,914000002,CDLG,7.62,1,2017/1/3 18:59,20170103CDLG000310077334,B024-TXN-05593,已成交,用户提供的历史交易快照
30006364,914100000,CDLG,11.22,1,2017/1/3 18:59,20170103CDLG000310077334,B024-TXN-05594,已成交,用户提供的历史交易快照
30050565,911000000,CDLG,6.52,1,2017/1/3 18:59,20170103CDLG000310077334,B024-TXN-05595,已成交,用户提供的历史交易快照
30008627,912030006,CDLG,14.52,1,2017/1/3 18:59,20170103CDLG000310077334,B024-TXN-05596,已成交,用户提供的历史交易快照
29989087,922000002,CDLG,7.6,0,2017/1/3 19:00,20170103CDLG000310077335,B024-TXN-05597,已成交,用户提供的历史交易快照
29989157,923000000,CDLG,5.6,2,2017/1/3 19:00,20170103CDLG000310077335,B024-TXN-05598,已成交,用户提供的历史交易快照
30090470,930000201,CDLG,9.52,1,2017/1/3 19:01,20170103CDLG000310077336,B024-TXN-05599,已成交,用户提供的历史交易快照
30023194,922000008,CDLG,13.6,1,2017/1/3 19:01,20170103CDLG000310077337,B024-TXN-05600,已成交,用户提供的历史交易快照
29989076,922000006,CDLG,3.58,2,2017/1/3 19:01,20170103CDLG000310077337,B024-TXN-05601,已成交,用户提供的历史交易快照
29989172,923000002,CDLG,9.59,1,2017/1/3 19:01,20170103CDLG000310077337,B024-TXN-05602,已成交,用户提供的历史交易快照
30024905,914100003,CDLG,3.42,1,2017/1/3 19:02,20170103CDLG000310077338,B024-TXN-05603,已成交,用户提供的历史交易快照
30202429,930010000,CDLG,9.62,1,2017/1/3 19:02,20170103CDLG000310077338,B024-TXN-05604,已成交,用户提供的历史交易快照
30096418,912060403,CDLG,19.42,1,2017/1/3 19:02,20170103CDLG000310077338,B024-TXN-05605,已成交,用户提供的历史交易快照
29989172,923000002,CDLG,9.61,1,2017/1/3 19:02,20170103CDLG000310077338,B024-TXN-05606,已成交,用户提供的历史交易快照
30007679,913050103,CDLG,3.02,1,2017/1/3 19:02,20170103CDLG000310077338,B024-TXN-05607,已成交,用户提供的历史交易快照
30007679,913050103,CDLG,3.02,1,2017/1/3 19:02,20170103CDLG000310077338,B024-TXN-05608,已成交,用户提供的历史交易快照
30129933,912060403,CDLG,27.19,0,2017/1/3 19:02,20170103CDLG000310077338,B024-TXN-05609,已成交,用户提供的历史交易快照
29999786,930010005,CDLG,3.52,1,2017/1/3 19:03,20170103CDLG000310077339,B024-TXN-05610,已成交,用户提供的历史交易快照
29999786,930010005,CDLG,3.52,1,2017/1/3 19:03,20170103CDLG000310077339,B024-TXN-05611,已成交,用户提供的历史交易快照
29999786,930010005,CDLG,3.52,1,2017/1/3 19:03,20170103CDLG000310077339,B024-TXN-05612,已成交,用户提供的历史交易快照
30004152,914030000,CDLG,4.32,1,2017/1/3 19:03,20170103CDLG000310077339,B024-TXN-05613,已成交,用户提供的历史交易快照
30005991,914030100,CDLG,2.5,2,2017/1/3 19:03,20170103CDLG000310077339,B024-TXN-05614,已成交,用户提供的历史交易快照
30008229,911010400,CDLG,6.52,1,2017/1/3 19:03,20170103CDLG000310077339,B024-TXN-05615,已成交,用户提供的历史交易快照
30008229,911010400,CDLG,6.52,1,2017/1/3 19:03,20170103CDLG000310077339,B024-TXN-05616,已成交,用户提供的历史交易快照
30005764,914040300,CDLG,6.52,1,2017/1/3 19:03,20170103CDLG000310077339,B024-TXN-05617,已成交,用户提供的历史交易快照
30125602,911010500,CDLG,17.72,1,2017/1/3 19:03,20170103CDLG000310077339,B024-TXN-05618,已成交,用户提供的历史交易快照
30163281,914010000,CDLG,2.0,1,2017/1/3 19:03,20170103CDLG000310077339,B024-TXN-05619,已成交,用户提供的历史交易快照
30010299,911010500,CDLG,16.52,2,2017/1/3 19:03,20170103CDLG000310077339,B024-TXN-05620,已成交,用户提供的历史交易快照
30064180,911010500,CDLG,13.42,2,2017/1/3 19:03,20170103CDLG000310077339,B024-TXN-05621,已成交,用户提供的历史交易快照
30110331,930010000,CDLG,26.52,1,2017/1/3 19:03,20170103CDLG000310077339,B024-TXN-05622,已成交,用户提供的历史交易快照
30155700,911010300,CDLG,8.12,1,2017/1/3 19:03,20170103CDLG000310077339,B024-TXN-05623,已成交,用户提供的历史交易快照
30008623,912030500,CDLG,1.0,1,2017/1/3 19:03,20170103CDLG000310077339,B024-TXN-05624,已成交,用户提供的历史交易快照
30008899,914020000,CDLG,7.32,1,2017/1/3 19:03,20170103CDLG000310077339,B024-TXN-05625,已成交,用户提供的历史交易快照
30022399,931060301,CDLG,2.5,1,2017/1/3 19:03,20170103CDLG000310077339,B024-TXN-05626,已成交,用户提供的历史交易快照
30104134,931080205,CDLG,4.82,1,2017/1/3 19:03,20170103CDLG000310077339,B024-TXN-05627,已成交,用户提供的历史交易快照
29999781,930010002,CDLG,39.52,1,2017/1/3 19:03,20170103CDLG000310077339,B024-TXN-05628,已成交,用户提供的历史交易快照
30004134,914010001,CDLG,24.52,1,2017/1/3 19:03,20170103CDLG000310077339,B024-TXN-05629,已成交,用户提供的历史交易快照
30008631,912030500,CDLG,1.0,2,2017/1/3 19:03,20170103CDLG000310077339,B024-TXN-05630,已成交,用户提供的历史交易快照
29991834,930000202,CDLG,16.52,1,2017/1/3 19:03,20170103CDLG000310077339,B024-TXN-05631,已成交,用户提供的历史交易快照
30001342,931060402,CDLG,7.12,1,2017/1/3 19:03,20170103CDLG000310077339,B024-TXN-05632,已成交,用户提供的历史交易快照
30001342,931060402,CDLG,7.12,1,2017/1/3 19:03,20170103CDLG000310077339,B024-TXN-05633,已成交,用户提供的历史交易快照
30001345,931060402,CDLG,8.82,1,2017/1/3 19:03,20170103CDLG000310077339,B024-TXN-05634,已成交,用户提供的历史交易快照
30003833,914000300,CDLG,15.62,1,2017/1/3 19:03,20170103CDLG000310077339,B024-TXN-05635,已成交,用户提供的历史交易快照
30003976,914000201,CDLG,8.82,1,2017/1/3 19:03,20170103CDLG000310077339,B024-TXN-05636,已成交,用户提供的历史交易快照
30092224,912060303,CDLG,31.22,1,2017/1/3 19:03,20170103CDLG000310077339,B024-TXN-05637,已成交,用户提供的历史交易快照
30010021,912080000,CDLG,2.5,2,2017/1/3 19:07,20170103CDLG000310077340,B024-TXN-05638,已成交,用户提供的历史交易快照
30022232,960000000,CDLG,0.3,1,2017/1/3 19:07,20170103CDLG000310077340,B024-TXN-05639,已成交,用户提供的历史交易快照
30022232,960000000,CDLG,0.3,1,2017/1/3 19:07,20170103CDLG000310077340,B024-TXN-05640,已成交,用户提供的历史交易快照
30080844,930010002,CDLG,36.52,1,2017/1/3 19:07,20170103CDLG000310077340,B024-TXN-05641,已成交,用户提供的历史交易快照
30205062,931000200,CDLG,4.52,1,2017/1/3 19:07,20170103CDLG000310077340,B024-TXN-05642,已成交,用户提供的历史交易快照
30006236,914100000,CDLG,2.62,1,2017/1/3 19:07,20170103CDLG000310077340,B024-TXN-05643,已成交,用户提供的历史交易快照
30085833,931050202,CDLG,5.22,1,2017/1/3 19:07,20170103CDLG000310077340,B024-TXN-05644,已成交,用户提供的历史交易快照
30208136,931000200,CDLG,4.52,1,2017/1/3 19:07,20170103CDLG000310077340,B024-TXN-05645,已成交,用户提供的历史交易快照
30006289,914100002,CDLG,2.62,1,2017/1/3 19:07,20170103CDLG000310077340,B024-TXN-05646,已成交,用户提供的历史交易快照
30017132,914100004,CDLG,12.32,1,2017/1/3 19:07,20170103CDLG000310077340,B024-TXN-05647,已成交,用户提供的历史交易快照
30006208,915000101,CDLG,47.31,0,2017/1/3 19:07,20170103CDLG000310077340,B024-TXN-05648,已成交,用户提供的历史交易快照
30010045,911000000,CDLG,5.52,1,2017/1/3 19:07,20170103CDLG000310077340,B024-TXN-05649,已成交,用户提供的历史交易快照
30037269,914100000,CDLG,2.62,1,2017/1/3 19:07,20170103CDLG000310077340,B024-TXN-05650,已成交,用户提供的历史交易快照
30090475,910020207,CDLG,11.62,1,2017/1/3 19:07,20170103CDLG000310077340,B024-TXN-05651,已成交,用户提供的历史交易快照
30005321,914050000,CDLG,1.5,1,2017/1/3 19:07,20170103CDLG000310077340,B024-TXN-05652,已成交,用户提供的历史交易快照
30005321,914050000,CDLG,1.5,1,2017/1/3 19:07,20170103CDLG000310077340,B024-TXN-05653,已成交,用户提供的历史交易快照
30006205,915000003,CDLG,59.49,0,2017/1/3 19:07,20170103CDLG000310077340,B024-TXN-05654,已成交,用户提供的历史交易快照
30046817,914100000,CDLG,3.72,1,2017/1/3 19:07,20170103CDLG000310077340,B024-TXN-05655,已成交,用户提供的历史交易快照
30096418,912060403,CDLG,19.42,0,2017/1/3 19:07,20170103CDLG000310077340,B024-TXN-05656,已成交,用户提供的历史交易快照
30096418,912060403,CDLG,19.42,1,2017/1/3 19:07,20170103CDLG000310077340,B024-TXN-05657,已成交,用户提供的历史交易快照
30097114,935011001,CDLG,22.52,1,2017/1/3 19:07,20170103CDLG000310077340,B024-TXN-05658,已成交,用户提供的历史交易快照
30085827,931060403,CDLG,4.12,1,2017/1/3 19:07,20170103CDLG000310077340,B024-TXN-05659,已成交,用户提供的历史交易快照
30092224,912060303,CDLG,31.2,0,2017/1/3 19:07,20170103CDLG000310077340,B024-TXN-05660,已成交,用户提供的历史交易快照
30138079,931020102,CDLG,13.52,1,2017/1/3 19:07,20170103CDLG000310077340,B024-TXN-05661,已成交,用户提供的历史交易快照
30027007,923000006,CDLG,5.6,1,2017/1/3 19:11,20170103CDLG000310077341,B024-TXN-05662,已成交,用户提供的历史交易快照
30020094,923000006,CDLG,9.62,0,2017/1/3 19:11,20170103CDLG000310077341,B024-TXN-05663,已成交,用户提供的历史交易快照
29989157,923000000,CDLG,5.6,1,2017/1/3 19:11,20170103CDLG000310077341,B024-TXN-05664,已成交,用户提供的历史交易快照
30119171,915030306,CDLG,10.61,1,2017/1/3 19:11,20170103CDLG000310077341,B024-TXN-05665,已成交,用户提供的历史交易快照
30091132,913020003,CDLG,14.62,1,2017/1/3 19:12,20170103CDLG000310077342,B024-TXN-05666,已成交,用户提供的历史交易快照
29989076,922000006,CDLG,3.58,1,2017/1/3 19:13,20170103CDLG000310077343,B024-TXN-05667,已成交,用户提供的历史交易快照
29989081,922000000,CDLG,8.19,0,2017/1/3 19:13,20170103CDLG000310077343,B024-TXN-05668,已成交,用户提供的历史交易快照
29989089,922000000,CDLG,11.73,0,2017/1/3 19:13,20170103CDLG000310077343,B024-TXN-05669,已成交,用户提供的历史交易快照
30050933,911010300,CDLG,24.82,1,2017/1/3 19:13,20170103CDLG000310077343,B024-TXN-05670,已成交,用户提供的历史交易快照
29989071,922000002,CDLG,3.4,1,2017/1/3 19:13,20170103CDLG000310077343,B024-TXN-05671,已成交,用户提供的历史交易快照
30022232,960000000,CDLG,0.3,1,2017/1/3 19:17,20170103CDLG000310077344,B024-TXN-05672,已成交,用户提供的历史交易快照
30197932,914120302,CDLG,5.82,1,2017/1/3 19:17,20170103CDLG000310077344,B024-TXN-05673,已成交,用户提供的历史交易快照
29989156,923000000,CDLG,10.8,2,2017/1/3 19:17,20170103CDLG000310077344,B024-TXN-05674,已成交,用户提供的历史交易快照
30026065,912060303,CDLG,51.16,0,2017/1/3 19:17,20170103CDLG000310077344,B024-TXN-05675,已成交,用户提供的历史交易快照
30023041,923000006,CDLG,3.2,1,2017/1/3 19:17,20170103CDLG000310077344,B024-TXN-05676,已成交,用户提供的历史交易快照
30020263,923000006,CDLG,7.6,0,2017/1/3 19:17,20170103CDLG000310077344,B024-TXN-05677,已成交,用户提供的历史交易快照
30147819,912060503,CDLG,99.25,0,2017/1/3 19:17,20170103CDLG000310077344,B024-TXN-05678,已成交,用户提供的历史交易快照
30197929,914120302,CDLG,5.82,1,2017/1/3 19:17,20170103CDLG000310077344,B024-TXN-05679,已成交,用户提供的历史交易快照
30092224,912060303,CDLG,31.2,0,2017/1/3 19:17,20170103CDLG000310077344,B024-TXN-05680,已成交,用户提供的历史交易快照
30139342,910030000,CDLG,2.0,19,2017/1/3 19:17,20170103CDLG000310077344,B024-TXN-05681,已成交,用户提供的历史交易快照
30197931,914120302,CDLG,5.82,1,2017/1/3 19:17,20170103CDLG000310077344,B024-TXN-05682,已成交,用户提供的历史交易快照
30171909,912020103,CDLG,9.72,1,2017/1/3 19:18,20170103CDLG000310077345,B024-TXN-05683,已成交,用户提供的历史交易快照
30027007,923000006,CDLG,5.6,1,2017/1/3 19:19,20170103CDLG000310077346,B024-TXN-05684,已成交,用户提供的历史交易快照
30027007,923000006,CDLG,5.6,1,2017/1/3 19:19,20170103CDLG000310077346,B024-TXN-05685,已成交,用户提供的历史交易快照
29989140,923000006,CDLG,7.6,2,2017/1/3 19:20,20170103CDLG000310077347,B024-TXN-05686,已成交,用户提供的历史交易快照
30091811,915030202,CDLG,10.98,0,2017/1/3 19:21,20170103CDLG000310077348,B024-TXN-05687,已成交,用户提供的历史交易快照
29989172,923000002,CDLG,9.6,0,2017/1/3 19:21,20170103CDLG000310077348,B024-TXN-05688,已成交,用户提供的历史交易快照
30059981,911000100,CDLG,10.62,1,2017/1/3 19:21,20170103CDLG000310077348,B024-TXN-05689,已成交,用户提供的历史交易快照
30045436,915000103,CDLG,9.9,0,2017/1/3 19:22,20170103CDLG000310077349,B024-TXN-05690,已成交,用户提供的历史交易快照
30200518,922000000,CDLG,19.62,0,2017/1/3 19:22,20170103CDLG000310077349,B024-TXN-05691,已成交,用户提供的历史交易快照
30026123,912060001,CDLG,33.41,0,2017/1/3 19:23,20170103CDLG000310077350,B024-TXN-05692,已成交,用户提供的历史交易快照
30090474,910020207,CDLG,11.62,1,2017/1/3 19:23,20170103CDLG000310077350,B024-TXN-05693,已成交,用户提供的历史交易快照
30005216,914050000,CDLG,1.5,1,2017/1/3 19:23,20170103CDLG000310077350,B024-TXN-05694,已成交,用户提供的历史交易快照
29989152,923000001,CDLG,5.6,1,2017/1/3 19:23,20170103CDLG000310077350,B024-TXN-05695,已成交,用户提供的历史交易快照
30178869,912060303,CDLG,51.36,0,2017/1/3 19:23,20170103CDLG000310077350,B024-TXN-05696,已成交,用户提供的历史交易快照
30092224,912060303,CDLG,31.27,0,2017/1/3 19:23,20170103CDLG000310077350,B024-TXN-05697,已成交,用户提供的历史交易快照
30022232,960000000,CDLG,0.3,1,2017/1/3 19:24,20170103CDLG000310077351,B024-TXN-05698,已成交,用户提供的历史交易快照
30136855,912060303,CDLG,17.42,0,2017/1/3 19:24,20170103CDLG000310077351,B024-TXN-05699,已成交,用户提供的历史交易快照
30040582,914100100,CDLG,11.62,1,2017/1/3 19:24,20170103CDLG000310077351,B024-TXN-05700,已成交,用户提供的历史交易快照
30116890,914070100,CDLG,10.42,1,2017/1/3 19:24,20170103CDLG000310077351,B024-TXN-05701,已成交,用户提供的历史交易快照
30206322,931010101,CDLG,7.52,1,2017/1/3 19:24,20170103CDLG000310077351,B024-TXN-05702,已成交,用户提供的历史交易快照
30002724,913040000,CDLG,22.22,1,2017/1/3 19:24,20170103CDLG000310077351,B024-TXN-05703,已成交,用户提供的历史交易快照
30002731,913040000,CDLG,11.02,1,2017/1/3 19:24,20170103CDLG000310077351,B024-TXN-05704,已成交,用户提供的历史交易快照
30005388,914000003,CDLG,18.52,1,2017/1/3 19:26,20170103CDLG000310077353,B024-TXN-05705,已成交,用户提供的历史交易快照
30008089,910030001,CDLG,1.41,19,2017/1/3 19:26,20170103CDLG000310077353,B024-TXN-05706,已成交,用户提供的历史交易快照
30008948,911000100,CDLG,10.42,1,2017/1/3 19:27,20170103CDLG000310077354,B024-TXN-05707,已成交,用户提供的历史交易快照
30041085,911000000,CDLG,9.52,1,2017/1/3 19:27,20170103CDLG000310077355,B024-TXN-05708,已成交,用户提供的历史交易快照
30041085,911000000,CDLG,9.52,1,2017/1/3 19:27,20170103CDLG000310077355,B024-TXN-05709,已成交,用户提供的历史交易快照
29989083,922000000,CDLG,4.2,1,2017/1/3 19:27,20170103CDLG000310077355,B024-TXN-05710,已成交,用户提供的历史交易快照
30162126,912060303,CDLG,51.23,0,2017/1/3 19:28,20170103CDLG000310077356,B024-TXN-05711,已成交,用户提供的历史交易快照
30214187,912060304,CDLG,39.36,0,2017/1/3 19:28,20170103CDLG000310077356,B024-TXN-05712,已成交,用户提供的历史交易快照
30092224,912060303,CDLG,31.2,0,2017/1/3 19:28,20170103CDLG000310077356,B024-TXN-05713,已成交,用户提供的历史交易快照
30022232,960000000,CDLG,0.3,1,2017/1/3 19:29,20170103CDLG000310077357,B024-TXN-05714,已成交,用户提供的历史交易快照
30045436,915000103,CDLG,9.86,0,2017/1/3 19:29,20170103CDLG000310077358,B024-TXN-05715,已成交,用户提供的历史交易快照
30179532,915000106,CDLG,13.59,0,2017/1/3 19:29,20170103CDLG000310077358,B024-TXN-05716,已成交,用户提供的历史交易快照
30022232,960000000,CDLG,0.3,1,2017/1/3 19:32,20170103CDLG000310077359,B024-TXN-05717,已成交,用户提供的历史交易快照
30006003,914090002,CDLG,21.82,1,2017/1/3 19:32,20170103CDLG000310077359,B024-TXN-05718,已成交,用户提供的历史交易快照
30197890,910020102,CDLG,4.82,1,2017/1/3 19:32,20170103CDLG000310077359,B024-TXN-05719,已成交,用户提供的历史交易快照
29989240,924000005,CDLG,9.61,1,2017/1/3 19:32,20170103CDLG000310077359,B024-TXN-05720,已成交,用户提供的历史交易快照
30117849,910020104,CDLG,1.43,13,2017/1/3 19:32,20170103CDLG000310077359,B024-TXN-05721,已成交,用户提供的历史交易快照
30171543,930020502,CDLG,14.52,1,2017/1/3 19:32,20170103CDLG000310077359,B024-TXN-05722,已成交,用户提供的历史交易快照
30123505,922000005,CDLG,10.81,0,2017/1/3 19:32,20170103CDLG000310077359,B024-TXN-05723,已成交,用户提供的历史交易快照
29989153,923000006,CDLG,7.61,1,2017/1/3 19:35,20170103CDLG000310077360,B024-TXN-05724,已成交,用户提供的历史交易快照
30202504,930040010,CDLG,14.62,1,2017/1/3 19:35,20170103CDLG000310077360,B024-TXN-05725,已成交,用户提供的历史交易快照
29999817,930000201,CDLG,11.52,1,2017/1/3 19:35,20170103CDLG000310077361,B024-TXN-05726,已成交,用户提供的历史交易快照
30008041,910020202,CDLG,9.52,1,2017/1/3 19:37,20170103CDLG000310077362,B024-TXN-05727,已成交,用户提供的历史交易快照
30006363,914100000,CDLG,3.62,1,2017/1/3 19:37,20170103CDLG000310077362,B024-TXN-05728,已成交,用户提供的历史交易快照
29989153,923000006,CDLG,7.6,0,2017/1/3 19:37,20170103CDLG000310077362,B024-TXN-05729,已成交,用户提供的历史交易快照
30005122,914000000,CDLG,4.52,1,2017/1/3 19:37,20170103CDLG000310077362,B024-TXN-05730,已成交,用户提供的历史交易快照
30005932,914100003,CDLG,4.62,1,2017/1/3 19:37,20170103CDLG000310077362,B024-TXN-05731,已成交,用户提供的历史交易快照
30020049,923000002,CDLG,6.8,1,2017/1/3 19:37,20170103CDLG000310077362,B024-TXN-05732,已成交,用户提供的历史交易快照
29989157,923000000,CDLG,5.6,1,2017/1/3 19:37,20170103CDLG000310077362,B024-TXN-05733,已成交,用户提供的历史交易快照
30008389,912060302,CDLG,25.21,0,2017/1/3 19:37,20170103CDLG000310077362,B024-TXN-05734,已成交,用户提供的历史交易快照
30026116,915030102,CDLG,14.37,1,2017/1/3 19:37,20170103CDLG000310077362,B024-TXN-05735,已成交,用户提供的历史交易快照
29989136,923000006,CDLG,8.8,1,2017/1/3 19:38,20170103CDLG000310077363,B024-TXN-05736,已成交,用户提供的历史交易快照
29989156,923000000,CDLG,10.8,1,2017/1/3 19:38,20170103CDLG000310077363,B024-TXN-05737,已成交,用户提供的历史交易快照
30005876,914020100,CDLG,13.32,1,2017/1/3 19:38,20170103CDLG000310077363,B024-TXN-05738,已成交,用户提供的历史交易快照
30008491,912040005,CDLG,3.32,1,2017/1/3 19:38,20170103CDLG000310077363,B024-TXN-05739,已成交,用户提供的历史交易快照
30160395,923000101,CDLG,2.12,1,2017/1/3 19:38,20170103CDLG000310077363,B024-TXN-05740,已成交,用户提供的历史交易快照
29989161,923000006,CDLG,15.6,0,2017/1/3 19:38,20170103CDLG000310077363,B024-TXN-05741,已成交,用户提供的历史交易快照
29989161,923000006,CDLG,15.61,1,2017/1/3 19:38,20170103CDLG000310077363,B024-TXN-05742,已成交,用户提供的历史交易快照
30022232,960000000,CDLG,0.3,1,2017/1/3 19:38,20170103CDLG000310077363,B024-TXN-05743,已成交,用户提供的历史交易快照
29989147,923000006,CDLG,3.6,1,2017/1/3 19:38,20170103CDLG000310077363,B024-TXN-05744,已成交,用户提供的历史交易快照
30010760,912040008,CDLG,8.32,1,2017/1/3 19:38,20170103CDLG000310077363,B024-TXN-05745,已成交,用户提供的历史交易快照
30094733,923000000,CDLG,14.62,1,2017/1/3 19:38,20170103CDLG000310077363,B024-TXN-05746,已成交,用户提供的历史交易快照
29989140,923000006,CDLG,7.6,1,2017/1/3 19:38,20170103CDLG000310077363,B024-TXN-05747,已成交,用户提供的历史交易快照
29989172,923000002,CDLG,9.6,1,2017/1/3 19:38,20170103CDLG000310077363,B024-TXN-05748,已成交,用户提供的历史交易快照
30179545,915000106,CDLG,67.18,0,2017/1/3 19:41,20170103CDLG000310077364,B024-TXN-05749,已成交,用户提供的历史交易快照
30022233,960000000,CDLG,0.2,1,2017/1/3 19:43,20170103CDLG000310077365,B024-TXN-05750,已成交,用户提供的历史交易快照
30128659,935020101,CDLG,29.52,1,2017/1/3 19:43,20170103CDLG000310077365,B024-TXN-05751,已成交,用户提供的历史交易快照
30020137,915030102,CDLG,5.58,3,2017/1/3 19:47,20170103CDLG000310077366,B024-TXN-05752,已成交,用户提供的历史交易快照
30091737,912060004,CDLG,31.23,0,2017/1/3 19:48,20170103CDLG000310077367,B024-TXN-05753,已成交,用户提供的历史交易快照
30168417,912500204,CDLG,3.82,1,2017/1/3 19:48,20170103CDLG000310077367,B024-TXN-05754,已成交,用户提供的历史交易快照
30168417,912500204,CDLG,3.82,1,2017/1/3 19:48,20170103CDLG000310077367,B024-TXN-05755,已成交,用户提供的历史交易快照
30102447,931070106,CDLG,9.42,1,2017/1/3 19:48,20170103CDLG000310077367,B024-TXN-05756,已成交,用户提供的历史交易快照
30102447,931070106,CDLG,9.42,1,2017/1/3 19:48,20170103CDLG000310077367,B024-TXN-05757,已成交,用户提供的历史交易快照
30204253,930010002,CDLG,86.9,2,2017/1/3 19:51,20170103CDLG000310077369,B024-TXN-05758,已成交,用户提供的历史交易快照
30127854,930020600,CDLG,2.52,1,2017/1/3 19:51,20170103CDLG000310077369,B024-TXN-05759,已成交,用户提供的历史交易快照
30006374,914100000,CDLG,3.82,1,2017/1/3 19:52,20170103CDLG000310077370,B024-TXN-05760,已成交,用户提供的历史交易快照
30156274,914100001,CDLG,3.82,1,2017/1/3 19:52,20170103CDLG000310077370,B024-TXN-05761,已成交,用户提供的历史交易快照
30006354,914100001,CDLG,12.32,1,2017/1/3 19:52,20170103CDLG000310077370,B024-TXN-05762,已成交,用户提供的历史交易快照
30046817,914100000,CDLG,3.72,1,2017/1/3 19:52,20170103CDLG000310077370,B024-TXN-05763,已成交,用户提供的历史交易快照
30022232,960000000,CDLG,0.3,1,2017/1/3 19:53,20170103CDLG000310077371,B024-TXN-05764,已成交,用户提供的历史交易快照
30058966,936050100,CDLG,29.42,1,2017/1/3 19:54,20170103CDLG000310077372,B024-TXN-05765,已成交,用户提供的历史交易快照
30214313,930020502,CDLG,8.52,5,2017/1/3 19:54,20170103CDLG000310077372,B024-TXN-05766,已成交,用户提供的历史交易快照
30005924,914100000,CDLG,4.62,1,2017/1/3 20:02,20170103CDLG000310077373,B024-TXN-05767,已成交,用户提供的历史交易快照
30005938,914100001,CDLG,4.62,1,2017/1/3 20:02,20170103CDLG000310077373,B024-TXN-05768,已成交,用户提供的历史交易快照
30005933,914100003,CDLG,4.62,1,2017/1/3 20:02,20170103CDLG000310077373,B024-TXN-05769,已成交,用户提供的历史交易快照
30005935,914100003,CDLG,4.82,1,2017/1/3 20:02,20170103CDLG000310077373,B024-TXN-05770,已成交,用户提供的历史交易快照
30022232,960000000,CDLG,0.3,1,2017/1/3 20:02,20170103CDLG000310077373,B024-TXN-05771,已成交,用户提供的历史交易快照
30005926,914100001,CDLG,4.82,1,2017/1/3 20:02,20170103CDLG000310077373,B024-TXN-05772,已成交,用户提供的历史交易快照
30005939,914100002,CDLG,4.82,1,2017/1/3 20:02,20170103CDLG000310077373,B024-TXN-05773,已成交,用户提供的历史交易快照
30005932,914100003,CDLG,4.62,1,2017/1/3 20:02,20170103CDLG000310077373,B024-TXN-05774,已成交,用户提供的历史交易快照
30005934,914100003,CDLG,4.82,1,2017/1/3 20:02,20170103CDLG000310077373,B024-TXN-05775,已成交,用户提供的历史交易快照
30125504,914100000,CDLG,4.82,1,2017/1/3 20:02,20170103CDLG000310077373,B024-TXN-05776,已成交,用户提供的历史交易快照
29989083,922000000,CDLG,4.2,1,2017/1/3 20:05,20170103CDLG000310077374,B024-TXN-05777,已成交,用户提供的历史交易快照
29989091,922000000,CDLG,4.2,1,2017/1/3 20:05,20170103CDLG000310077374,B024-TXN-05778,已成交,用户提供的历史交易快照
30023199,922000006,CDLG,9.6,0,2017/1/3 20:05,20170103CDLG000310077374,B024-TXN-05779,已成交,用户提供的历史交易快照
30023041,923000006,CDLG,3.2,0,2017/1/3 20:05,20170103CDLG000310077374,B024-TXN-05780,已成交,用户提供的历史交易快照
30200518,922000000,CDLG,19.62,0,2017/1/3 20:05,20170103CDLG000310077374,B024-TXN-05781,已成交,用户提供的历史交易快照
29989049,922000001,CDLG,1.98,0,2017/1/3 20:05,20170103CDLG000310077374,B024-TXN-05782,已成交,用户提供的历史交易快照
30022232,960000000,CDLG,0.3,1,2017/1/3 20:05,20170103CDLG000310077374,B024-TXN-05783,已成交,用户提供的历史交易快照
29989081,922000000,CDLG,8.2,1,2017/1/3 20:05,20170103CDLG000310077374,B024-TXN-05784,已成交,用户提供的历史交易快照
29989143,923000001,CDLG,5.0,2,2017/1/3 20:05,20170103CDLG000310077374,B024-TXN-05785,已成交,用户提供的历史交易快照
30023197,922000003,CDLG,6.8,1,2017/1/3 20:05,20170103CDLG000310077374,B024-TXN-05786,已成交,用户提供的历史交易快照
30006231,914100000,CDLG,5.52,1,2017/1/3 20:06,20170103CDLG000310077375,B024-TXN-05787,已成交,用户提供的历史交易快照
29989072,922000002,CDLG,0.78,2,2017/1/3 20:06,20170103CDLG000310077375,B024-TXN-05788,已成交,用户提供的历史交易快照
30006232,914100000,CDLG,5.52,1,2017/1/3 20:06,20170103CDLG000310077375,B024-TXN-05789,已成交,用户提供的历史交易快照
29989099,922000008,CDLG,1.58,1,2017/1/3 20:08,20170103CDLG000310077376,B024-TXN-05790,已成交,用户提供的历史交易快照
29989061,922000000,CDLG,5.62,0,2017/1/3 20:08,20170103CDLG000310077376,B024-TXN-05791,已成交,用户提供的历史交易快照
30020145,915030104,CDLG,3.4,2,2017/1/3 20:08,20170103CDLG000310077376,B024-TXN-05792,已成交,用户提供的历史交易快照
30023192,922000000,CDLG,9.62,0,2017/1/3 20:08,20170103CDLG000310077376,B024-TXN-05793,已成交,用户提供的历史交易快照
30020052,923000002,CDLG,6.2,1,2017/1/3 20:16,20170103CDLG000310077377,B024-TXN-05794,已成交,用户提供的历史交易快照
30008899,914020000,CDLG,7.32,1,2017/1/3 20:19,20170103CDLG000310077378,B024-TXN-05795,已成交,用户提供的历史交易快照
30007658,910020000,CDLG,0.58,7,2017/1/3 20:19,20170103CDLG000310077378,B024-TXN-05796,已成交,用户提供的历史交易快照
30002536,912040107,CDLG,7.72,1,2017/1/3 20:20,20170103CDLG000310077379,B024-TXN-05797,已成交,用户提供的历史交易快照
30201232,912030201,CDLG,3.92,1,2017/1/3 20:20,20170103CDLG000310077379,B024-TXN-05798,已成交,用户提供的历史交易快照
30006040,915010000,CDLG,9.59,1,2017/1/3 20:20,20170103CDLG000310077379,B024-TXN-05799,已成交,用户提供的历史交易快照
30008813,912000102,CDLG,4.72,1,2017/1/3 20:20,20170103CDLG000310077379,B024-TXN-05800,已成交,用户提供的历史交易快照
30167747,930040003,CDLG,13.52,1,2017/1/3 20:21,20170103CDLG000310077380,B024-TXN-05801,已成交,用户提供的历史交易快照
29991000,930040000,CDLG,10.52,1,2017/1/3 20:21,20170103CDLG000310077380,B024-TXN-05802,已成交,用户提供的历史交易快照
30002436,912030005,CDLG,5.32,1,2017/1/3 20:21,20170103CDLG000310077380,B024-TXN-05803,已成交,用户提供的历史交易快照
30000895,930020104,CDLG,7.12,1,2017/1/3 20:21,20170103CDLG000310077380,B024-TXN-05804,已成交,用户提供的历史交易快照
30000895,930020104,CDLG,7.12,1,2017/1/3 20:21,20170103CDLG000310077380,B024-TXN-05805,已成交,用户提供的历史交易快照
30006313,915000103,CDLG,13.41,1,2017/1/3 20:24,20170103CDLG000310077381,B024-TXN-05806,已成交,用户提供的历史交易快照
30031870,915030401,CDLG,6.58,2,2017/1/3 20:24,20170103CDLG000310077381,B024-TXN-05807,已成交,用户提供的历史交易快照
29989116,922000002,CDLG,2.4,1,2017/1/3 20:24,20170103CDLG000310077381,B024-TXN-05808,已成交,用户提供的历史交易快照
30005965,914090003,CDLG,39.52,1,2017/1/3 20:24,20170103CDLG000310077381,B024-TXN-05809,已成交,用户提供的历史交易快照
29989073,922000002,CDLG,4.79,1,2017/1/3 20:24,20170103CDLG000310077381,B024-TXN-05810,已成交,用户提供的历史交易快照
29989161,923000006,CDLG,15.61,1,2017/1/3 20:24,20170103CDLG000310077381,B024-TXN-05811,已成交,用户提供的历史交易快照
30020139,915030204,CDLG,25.67,0,2017/1/3 20:24,20170103CDLG000310077381,B024-TXN-05812,已成交,用户提供的历史交易快照
29989153,923000006,CDLG,7.6,1,2017/1/3 20:31,20170103CDLG000310077382,B024-TXN-05813,已成交,用户提供的历史交易快照
29989146,923000006,CDLG,6.8,1,2017/1/3 20:34,20170103CDLG000310077383,B024-TXN-05814,已成交,用户提供的历史交易快照
30093651,911010100,CDLG,15.52,1,2017/1/3 20:34,20170103CDLG000310077384,B024-TXN-05815,已成交,用户提供的历史交易快照
30196711,911000002,CDLG,29.42,1,2017/1/3 20:34,20170103CDLG000310077384,B024-TXN-05816,已成交,用户提供的历史交易快照
30019928,911010100,CDLG,29.62,1,2017/1/3 20:34,20170103CDLG000310077384,B024-TXN-05817,已成交,用户提供的历史交易快照
30070164,914000001,CDLG,11.52,1,2017/1/3 20:39,20170103CDLG000310077386,B024-TXN-05818,已成交,用户提供的历史交易快照
30008898,914000000,CDLG,7.62,1,2017/1/3 20:39,20170103CDLG000310077386,B024-TXN-05819,已成交,用户提供的历史交易快照
30070164,914000001,CDLG,11.52,1,2017/1/3 20:39,20170103CDLG000310077386,B024-TXN-05820,已成交,用户提供的历史交易快照
30020052,923000002,CDLG,6.2,1,2017/1/3 20:39,20170103CDLG000310077386,B024-TXN-05821,已成交,用户提供的历史交易快照
29989157,923000000,CDLG,5.6,2,2017/1/3 20:39,20170103CDLG000310077386,B024-TXN-05822,已成交,用户提供的历史交易快照
30016984,913050103,CDLG,3.32,1,2017/1/3 20:40,20170103CDLG000310077387,B024-TXN-05823,已成交,用户提供的历史交易快照
30008074,910030001,CDLG,3.12,1,2017/1/3 20:40,20170103CDLG000310077387,B024-TXN-05824,已成交,用户提供的历史交易快照
30073663,912060303,CDLG,43.56,0,2017/1/3 20:40,20170103CDLG000310077387,B024-TXN-05825,已成交,用户提供的历史交易快照
30095768,910020104,CDLG,3.62,1,2017/1/3 20:40,20170103CDLG000310077387,B024-TXN-05826,已成交,用户提供的历史交易快照
30095768,910020104,CDLG,3.62,1,2017/1/3 20:40,20170103CDLG000310077387,B024-TXN-05827,已成交,用户提供的历史交易快照
30010255,913050103,CDLG,3.12,1,2017/1/3 20:40,20170103CDLG000310077387,B024-TXN-05828,已成交,用户提供的历史交易快照
30022232,960000000,CDLG,0.3,1,2017/1/3 20:40,20170103CDLG000310077387,B024-TXN-05829,已成交,用户提供的历史交易快照
30140154,912030207,CDLG,6.72,1,2017/1/3 20:40,20170103CDLG000310077387,B024-TXN-05830,已成交,用户提供的历史交易快照
30008590,912010004,CDLG,2.82,1,2017/1/3 20:40,20170103CDLG000310077387,B024-TXN-05831,已成交,用户提供的历史交易快照
30010249,913050103,CDLG,3.32,1,2017/1/3 20:40,20170103CDLG000310077387,B024-TXN-05832,已成交,用户提供的历史交易快照
30117849,910020104,CDLG,2.5,1,2017/1/3 20:40,20170103CDLG000310077387,B024-TXN-05833,已成交,用户提供的历史交易快照
30059981,911000100,CDLG,10.62,1,2017/1/3 20:40,20170103CDLG000310077387,B024-TXN-05834,已成交,用户提供的历史交易快照
30140155,912030207,CDLG,6.72,1,2017/1/3 20:40,20170103CDLG000310077387,B024-TXN-05835,已成交,用户提供的历史交易快照
30007680,913050103,CDLG,3.02,1,2017/1/3 20:41,20170103CDLG000310077388,B024-TXN-05836,已成交,用户提供的历史交易快照
30129933,912060403,CDLG,27.28,0,2017/1/3 20:41,20170103CDLG000310077388,B024-TXN-05837,已成交,用户提供的历史交易快照
30156418,912020104,CDLG,8.7,1,2017/1/3 21:25,20170103CDLG000310077389,B024-TXN-05838,已成交,用户提供的历史交易快照
30156418,912020104,CDLG,8.7,1,2017/1/3 21:25,20170103CDLG000310077389,B024-TXN-05839,已成交,用户提供的历史交易快照
30156418,912020104,CDLG,8.7,-1,2017/1/3 21:35,20170103CDLG000310077390,B024-TXN-05840,已成交,用户提供的历史交易快照
30156418,912020104,CDLG,8.7,-1,2017/1/3 21:35,20170103CDLG000310077390,B024-TXN-05841,已成交,用户提供的历史交易快照
29989077,922000008,CDLG,13.61,0,2017/1/3 7:52,20170103CDLG000410056370,B024-TXN-05842,已成交,用户提供的历史交易快照
29999817,930000201,CDLG,11.52,1,2017/1/3 7:52,20170103CDLG000410056370,B024-TXN-05843,已成交,用户提供的历史交易快照
30020137,915030102,CDLG,5.58,3,2017/1/3 7:52,20170103CDLG000410056370,B024-TXN-05844,已成交,用户提供的历史交易快照
30001302,931020102,CDLG,7.52,1,2017/1/3 7:52,20170103CDLG000410056370,B024-TXN-05845,已成交,用户提供的历史交易快照
29989059,922000003,CDLG,1.98,1,2017/1/3 7:52,20170103CDLG000410056370,B024-TXN-05846,已成交,用户提供的历史交易快照
29989059,922000003,CDLG,1.98,1,2017/1/3 7:52,20170103CDLG000410056370,B024-TXN-05847,已成交,用户提供的历史交易快照
29989059,922000003,CDLG,1.98,2,2017/1/3 7:52,20170103CDLG000410056370,B024-TXN-05848,已成交,用户提供的历史交易快照
30040629,922000005,CDLG,15.55,0,2017/1/3 7:52,20170103CDLG000410056370,B024-TXN-05849,已成交,用户提供的历史交易快照
30023041,923000006,CDLG,3.2,1,2017/1/3 7:53,20170103CDLG000410056371,B024-TXN-05850,已成交,用户提供的历史交易快照
29989049,922000001,CDLG,1.98,1,2017/1/3 7:53,20170103CDLG000410056371,B024-TXN-05851,已成交,用户提供的历史交易快照
29989540,924020000,CDLG,11.58,0,2017/1/3 7:53,20170103CDLG000410056371,B024-TXN-05852,已成交,用户提供的历史交易快照
29989540,924020000,CDLG,11.58,1,2017/1/3 7:53,20170103CDLG000410056371,B024-TXN-05853,已成交,用户提供的历史交易快照
30040629,922000005,CDLG,15.58,0,2017/1/3 7:53,20170103CDLG000410056371,B024-TXN-05854,已成交,用户提供的历史交易快照
29989085,922000002,CDLG,1.18,2,2017/1/3 7:55,20170103CDLG000410056372,B024-TXN-05855,已成交,用户提供的历史交易快照
29989061,922000000,CDLG,5.6,0,2017/1/3 7:55,20170103CDLG000410056373,B024-TXN-05856,已成交,用户提供的历史交易快照
30214802,925090000,CDLG,27.43,2,2017/1/3 7:55,20170103CDLG000410056373,B024-TXN-05857,已成交,用户提供的历史交易快照
29989098,922000001,CDLG,2.28,2,2017/1/3 7:55,20170103CDLG000410056373,B024-TXN-05858,已成交,用户提供的历史交易快照
29989105,922000000,CDLG,2.8,1,2017/1/3 7:55,20170103CDLG000410056373,B024-TXN-05859,已成交,用户提供的历史交易快照
29989116,922000002,CDLG,2.4,1,2017/1/3 7:55,20170103CDLG000410056374,B024-TXN-05860,已成交,用户提供的历史交易快照
29989071,922000002,CDLG,3.4,0,2017/1/3 7:55,20170103CDLG000410056374,B024-TXN-05861,已成交,用户提供的历史交易快照
30040629,922000005,CDLG,15.62,0,2017/1/3 7:55,20170103CDLG000410056374,B024-TXN-05862,已成交,用户提供的历史交易快照
29989105,922000000,CDLG,2.8,2,2017/1/3 7:56,20170103CDLG000410056375,B024-TXN-05863,已成交,用户提供的历史交易快照
30214809,925090000,CDLG,31.41,1,2017/1/3 7:56,20170103CDLG000410056375,B024-TXN-05864,已成交,用户提供的历史交易快照
29989049,922000001,CDLG,1.98,1,2017/1/3 7:57,20170103CDLG000410056376,B024-TXN-05865,已成交,用户提供的历史交易快照
29989085,922000002,CDLG,1.18,1,2017/1/3 7:57,20170103CDLG000410056376,B024-TXN-05866,已成交,用户提供的历史交易快照
29989059,922000003,CDLG,1.98,1,2017/1/3 7:57,20170103CDLG000410056376,B024-TXN-05867,已成交,用户提供的历史交易快照
29989091,922000000,CDLG,4.2,1,2017/1/3 7:58,20170103CDLG000410056377,B024-TXN-05868,已成交,用户提供的历史交易快照
29989061,922000000,CDLG,5.62,0,2017/1/3 8:04,20170103CDLG000410056379,B024-TXN-05869,已成交,用户提供的历史交易快照
30000850,930020100,CDLG,7.22,1,2017/1/3 8:04,20170103CDLG000410056379,B024-TXN-05870,已成交,用户提供的历史交易快照
30000850,930020100,CDLG,7.22,1,2017/1/3 8:04,20170103CDLG000410056379,B024-TXN-05871,已成交,用户提供的历史交易快照
30000850,930020100,CDLG,7.22,1,2017/1/3 8:04,20170103CDLG000410056379,B024-TXN-05872,已成交,用户提供的历史交易快照
30023201,922000002,CDLG,8.79,0,2017/1/3 8:04,20170103CDLG000410056379,B024-TXN-05873,已成交,用户提供的历史交易快照
30102549,930010005,CDLG,7.52,1,2017/1/3 8:04,20170103CDLG000410056379,B024-TXN-05874,已成交,用户提供的历史交易快照
30102549,930010005,CDLG,7.52,1,2017/1/3 8:04,20170103CDLG000410056379,B024-TXN-05875,已成交,用户提供的历史交易快照
30173848,920090000,CDLG,1.3,1,2017/1/3 8:04,20170103CDLG000410056379,B024-TXN-05876,已成交,用户提供的历史交易快照
29989059,922000003,CDLG,1.98,1,2017/1/3 8:04,20170103CDLG000410056379,B024-TXN-05877,已成交,用户提供的历史交易快照
29989540,924020000,CDLG,11.59,0,2017/1/3 8:04,20170103CDLG000410056380,B024-TXN-05878,已成交,用户提供的历史交易快照
29989157,923000000,CDLG,5.6,2,2017/1/3 8:04,20170103CDLG000410056380,B024-TXN-05879,已成交,用户提供的历史交易快照
30010045,911000000,CDLG,5.52,1,2017/1/3 8:05,20170103CDLG000410056381,B024-TXN-05880,已成交,用户提供的历史交易快照
30195948,930020502,CDLG,9.52,1,2017/1/3 8:05,20170103CDLG000410056381,B024-TXN-05881,已成交,用户提供的历史交易快照
30195948,930020502,CDLG,9.52,1,2017/1/3 8:05,20170103CDLG000410056381,B024-TXN-05882,已成交,用户提供的历史交易快照
30214818,925090000,CDLG,47.36,0,2017/1/3 8:05,20170103CDLG000410056381,B024-TXN-05883,已成交,用户提供的历史交易快照
29989059,922000003,CDLG,1.98,1,2017/1/3 8:05,20170103CDLG000410056381,B024-TXN-05884,已成交,用户提供的历史交易快照
29989071,922000002,CDLG,3.4,1,2017/1/3 8:05,20170103CDLG000410056381,B024-TXN-05885,已成交,用户提供的历史交易快照
30173849,920090000,CDLG,0.5,2,2017/1/3 8:05,20170103CDLG000410056381,B024-TXN-05886,已成交,用户提供的历史交易快照
29989059,922000003,CDLG,1.98,1,2017/1/3 8:08,20170103CDLG000410056382,B024-TXN-05887,已成交,用户提供的历史交易快照
29989059,922000003,CDLG,1.98,2,2017/1/3 8:08,20170103CDLG000410056382,B024-TXN-05888,已成交,用户提供的历史交易快照
30214802,925090000,CDLG,27.4,0,2017/1/3 8:10,20170103CDLG000410056384,B024-TXN-05889,已成交,用户提供的历史交易快照
29989538,924020002,CDLG,12.61,0,2017/1/3 8:10,20170103CDLG000410056384,B024-TXN-05890,已成交,用户提供的历史交易快照
30214804,925090000,CDLG,33.4,1,2017/1/3 8:10,20170103CDLG000410056384,B024-TXN-05891,已成交,用户提供的历史交易快照
30214802,925090000,CDLG,27.42,1,2017/1/3 8:10,20170103CDLG000410056385,B024-TXN-05892,已成交,用户提供的历史交易快照
29989059,922000003,CDLG,1.98,2,2017/1/3 8:10,20170103CDLG000410056385,B024-TXN-05893,已成交,用户提供的历史交易快照
29989059,922000003,CDLG,1.98,2,2017/1/3 8:10,20170103CDLG000410056385,B024-TXN-05894,已成交,用户提供的历史交易快照
30214809,925090000,CDLG,31.43,1,2017/1/3 8:10,20170103CDLG000410056385,B024-TXN-05895,已成交,用户提供的历史交易快照
29989073,922000002,CDLG,4.8,0,2017/1/3 8:12,20170103CDLG000410056386,B024-TXN-05896,已成交,用户提供的历史交易快照
29989059,922000003,CDLG,1.98,1,2017/1/3 8:12,20170103CDLG000410056386,B024-TXN-05897,已成交,用户提供的历史交易快照
29989059,922000003,CDLG,1.98,2,2017/1/3 8:12,20170103CDLG000410056386,B024-TXN-05898,已成交,用户提供的历史交易快照
29989091,922000000,CDLG,4.2,1,2017/1/3 8:14,20170103CDLG000410056388,B024-TXN-05899,已成交,用户提供的历史交易快照
29989049,922000001,CDLG,1.98,1,2017/1/3 8:14,20170103CDLG000410056388,B024-TXN-05900,已成交,用户提供的历史交易快照
29989073,922000002,CDLG,4.79,1,2017/1/3 8:14,20170103CDLG000410056388,B024-TXN-05901,已成交,用户提供的历史交易快照
29989072,922000002,CDLG,0.78,1,2017/1/3 8:14,20170103CDLG000410056388,B024-TXN-05902,已成交,用户提供的历史交易快照
29989085,922000002,CDLG,1.18,1,2017/1/3 8:14,20170103CDLG000410056388,B024-TXN-05903,已成交,用户提供的历史交易快照
30023192,922000000,CDLG,9.62,0,2017/1/3 8:14,20170103CDLG000410056388,B024-TXN-05904,已成交,用户提供的历史交易快照
29989059,922000003,CDLG,1.98,1,2017/1/3 8:14,20170103CDLG000410056388,B024-TXN-05905,已成交,用户提供的历史交易快照
29989059,922000003,CDLG,1.98,2,2017/1/3 8:14,20170103CDLG000410056388,B024-TXN-05906,已成交,用户提供的历史交易快照
29989071,922000002,CDLG,3.4,1,2017/1/3 8:14,20170103CDLG000410056388,B024-TXN-05907,已成交,用户提供的历史交易快照
29989060,922000000,CDLG,9.63,0,2017/1/3 8:14,20170103CDLG000410056388,B024-TXN-05908,已成交,用户提供的历史交易快照
29989105,922000000,CDLG,2.8,1,2017/1/3 8:14,20170103CDLG000410056388,B024-TXN-05909,已成交,用户提供的历史交易快照
30026255,915030104,CDLG,4.0,10,2017/1/3 8:14,20170103CDLG000410056389,B024-TXN-05910,已成交,用户提供的历史交易快照
30173850,920090000,CDLG,10.61,0,2017/1/3 8:14,20170103CDLG000410056389,B024-TXN-05911,已成交,用户提供的历史交易快照
30184351,915000106,CDLG,15.58,0,2017/1/3 8:14,20170103CDLG000410056389,B024-TXN-05912,已成交,用户提供的历史交易快照
30023041,923000006,CDLG,3.2,3,2017/1/3 8:14,20170103CDLG000410056389,B024-TXN-05913,已成交,用户提供的历史交易快照
30165699,915020003,CDLG,7.12,1,2017/1/3 8:14,20170103CDLG000410056389,B024-TXN-05914,已成交,用户提供的历史交易快照
30165699,915020003,CDLG,7.12,1,2017/1/3 8:14,20170103CDLG000410056389,B024-TXN-05915,已成交,用户提供的历史交易快照
30026352,920000202,CDLG,5.22,1,2017/1/3 8:14,20170103CDLG000410056389,B024-TXN-05916,已成交,用户提供的历史交易快照
29989059,922000003,CDLG,1.98,2,2017/1/3 8:14,20170103CDLG000410056389,B024-TXN-05917,已成交,用户提供的历史交易快照
29989059,922000003,CDLG,1.98,2,2017/1/3 8:14,20170103CDLG000410056389,B024-TXN-05918,已成交,用户提供的历史交易快照
30072111,923000006,CDLG,2.0,1,2017/1/3 8:14,20170103CDLG000410056389,B024-TXN-05919,已成交,用户提供的历史交易快照
29989059,922000003,CDLG,1.98,2,2017/1/3 8:17,20170103CDLG000410056390,B024-TXN-05920,已成交,用户提供的历史交易快照
29989157,923000000,CDLG,5.6,2,2017/1/3 8:17,20170103CDLG000410056390,B024-TXN-05921,已成交,用户提供的历史交易快照
30214809,925090000,CDLG,31.42,1,2017/1/3 8:17,20170103CDLG000410056390,B024-TXN-05922,已成交,用户提供的历史交易快照
30214809,925090000,CDLG,38.8,2,2017/1/3 8:17,20170103CDLG000410056390,B024-TXN-05923,已成交,用户提供的历史交易快照
30062372,924010200,CDLG,26.39,0,2017/1/3 8:18,20170103CDLG000410056391,B024-TXN-05924,已成交,用户提供的历史交易快照
30031874,915030401,CDLG,5.62,2,2017/1/3 8:18,20170103CDLG000410056391,B024-TXN-05925,已成交,用户提供的历史交易快照
30031874,915030401,CDLG,5.62,2,2017/1/3 8:18,20170103CDLG000410056391,B024-TXN-05926,已成交,用户提供的历史交易快照
29989059,922000003,CDLG,1.98,3,2017/1/3 8:18,20170103CDLG000410056391,B024-TXN-05927,已成交,用户提供的历史交易快照
30214809,925090000,CDLG,31.42,3,2017/1/3 8:18,20170103CDLG000410056391,B024-TXN-05928,已成交,用户提供的历史交易快照
29989534,924020002,CDLG,39.62,0,2017/1/3 8:20,20170103CDLG000410056392,B024-TXN-05929,已成交,用户提供的历史交易快照
30151325,924000000,CDLG,33.51,0,2017/1/3 8:20,20170103CDLG000410056392,B024-TXN-05930,已成交,用户提供的历史交易快照
30151325,924000000,CDLG,33.57,0,2017/1/3 8:20,20170103CDLG000410056392,B024-TXN-05931,已成交,用户提供的历史交易快照
29989099,922000008,CDLG,1.58,1,2017/1/3 8:20,20170103CDLG000410056393,B024-TXN-05932,已成交,用户提供的历史交易快照
29989059,922000003,CDLG,1.98,1,2017/1/3 8:20,20170103CDLG000410056393,B024-TXN-05933,已成交,用户提供的历史交易快照
30165699,915020003,CDLG,7.12,1,2017/1/3 8:21,20170103CDLG000410056394,B024-TXN-05934,已成交,用户提供的历史交易快照
29989059,922000003,CDLG,1.98,2,2017/1/3 8:21,20170103CDLG000410056394,B024-TXN-05935,已成交,用户提供的历史交易快照
30010045,911000000,CDLG,5.52,1,2017/1/3 8:23,20170103CDLG000410056395,B024-TXN-05936,已成交,用户提供的历史交易快照
29989073,922000002,CDLG,4.8,0,2017/1/3 8:23,20170103CDLG000410056395,B024-TXN-05937,已成交,用户提供的历史交易快照
29989059,922000003,CDLG,1.98,1,2017/1/3 8:23,20170103CDLG000410056395,B024-TXN-05938,已成交,用户提供的历史交易快照
29989082,922000000,CDLG,8.79,0,2017/1/3 8:23,20170103CDLG000410056395,B024-TXN-05939,已成交,用户提供的历史交易快照
30006040,915010000,CDLG,9.58,1,2017/1/3 8:23,20170103CDLG000410056395,B024-TXN-05940,已成交,用户提供的历史交易快照
29989072,922000002,CDLG,0.78,2,2017/1/3 8:25,20170103CDLG000410056396,B024-TXN-05941,已成交,用户提供的历史交易快照
29989059,922000003,CDLG,1.98,1,2017/1/3 8:25,20170103CDLG000410056396,B024-TXN-05942,已成交,用户提供的历史交易快照
29989059,922000003,CDLG,1.98,1,2017/1/3 8:25,20170103CDLG000410056396,B024-TXN-05943,已成交,用户提供的历史交易快照
29989076,922000006,CDLG,3.58,1,2017/1/3 8:28,20170103CDLG000410056397,B024-TXN-05944,已成交,用户提供的历史交易快照
29989072,922000002,CDLG,0.78,2,2017/1/3 8:28,20170103CDLG000410056397,B024-TXN-05945,已成交,用户提供的历史交易快照
29989073,922000002,CDLG,4.8,0,2017/1/3 8:29,20170103CDLG000410056398,B024-TXN-05946,已成交,用户提供的历史交易快照
29989072,922000002,CDLG,0.78,1,2017/1/3 8:29,20170103CDLG000410056398,B024-TXN-05947,已成交,用户提供的历史交易快照
30023195,922000001,CDLG,1.98,0,2017/1/3 8:29,20170103CDLG000410056398,B024-TXN-05948,已成交,用户提供的历史交易快照
30173848,920090000,CDLG,1.3,1,2017/1/3 8:29,20170103CDLG000410056398,B024-TXN-05949,已成交,用户提供的历史交易快照
29989056,922000001,CDLG,5.6,1,2017/1/3 8:29,20170103CDLG000410056398,B024-TXN-05950,已成交,用户提供的历史交易快照
29989059,922000003,CDLG,1.98,1,2017/1/3 8:29,20170103CDLG000410056398,B024-TXN-05951,已成交,用户提供的历史交易快照
30022287,914090002,CDLG,47.82,1,2017/1/3 8:30,20170103CDLG000410056399,B024-TXN-05952,已成交,用户提供的历史交易快照
29989059,922000003,CDLG,1.98,2,2017/1/3 8:32,20170103CDLG000410056400,B024-TXN-05953,已成交,用户提供的历史交易快照
29989157,923000000,CDLG,5.6,1,2017/1/3 8:32,20170103CDLG000410056400,B024-TXN-05954,已成交,用户提供的历史交易快照
30214804,925090000,CDLG,33.37,0,2017/1/3 8:32,20170103CDLG000410056400,B024-TXN-05955,已成交,用户提供的历史交易快照
29989152,923000001,CDLG,5.6,1,2017/1/3 8:32,20170103CDLG000410056400,B024-TXN-05956,已成交,用户提供的历史交易快照
29999817,930000201,CDLG,11.52,1,2017/1/3 8:33,20170103CDLG000410056401,B024-TXN-05957,已成交,用户提供的历史交易快照
30127321,931080000,CDLG,3.52,1,2017/1/3 8:33,20170103CDLG000410056401,B024-TXN-05958,已成交,用户提供的历史交易快照
30022232,960000000,CDLG,0.3,1,2017/1/3 8:33,20170103CDLG000410056401,B024-TXN-05959,已成交,用户提供的历史交易快照
30166776,930010000,CDLG,19.52,1,2017/1/3 8:33,20170103CDLG000410056401,B024-TXN-05960,已成交,用户提供的历史交易快照
29999817,930000201,CDLG,11.52,1,2017/1/3 8:35,20170103CDLG000410056402,B024-TXN-05961,已成交,用户提供的历史交易快照
30179545,915000106,CDLG,67.15,0,2017/1/3 8:35,20170103CDLG000410056402,B024-TXN-05962,已成交,用户提供的历史交易快照
30204253,930010002,CDLG,69.52,1,2017/1/3 8:35,20170103CDLG000410056402,B024-TXN-05963,已成交,用户提供的历史交易快照
29990839,930000100,CDLG,27.52,1,2017/1/3 8:35,20170103CDLG000410056402,B024-TXN-05964,已成交,用户提供的历史交易快照
30077396,930000202,CDLG,16.42,1,2017/1/3 8:35,20170103CDLG000410056402,B024-TXN-05965,已成交,用户提供的历史交易快照
30214809,925090000,CDLG,31.42,1,2017/1/3 8:35,20170103CDLG000410056402,B024-TXN-05966,已成交,用户提供的历史交易快照
30214809,925090000,CDLG,31.42,1,2017/1/3 8:35,20170103CDLG000410056402,B024-TXN-05967,已成交,用户提供的历史交易快照
29989059,922000003,CDLG,1.98,2,2017/1/3 8:37,20170103CDLG000410056403,B024-TXN-05968,已成交,用户提供的历史交易快照
29989059,922000003,CDLG,1.98,2,2017/1/3 8:37,20170103CDLG000410056403,B024-TXN-05969,已成交,用户提供的历史交易快照
29989059,922000003,CDLG,1.98,1,2017/1/3 8:37,20170103CDLG000410056404,B024-TXN-05970,已成交,用户提供的历史交易快照
29989059,922000003,CDLG,1.98,1,2017/1/3 8:38,20170103CDLG000410056405,B024-TXN-05971,已成交,用户提供的历史交易快照
30006041,915010000,CDLG,7.58,1,2017/1/3 8:38,20170103CDLG000410056406,B024-TXN-05972,已成交,用户提供的历史交易快照
29989059,922000003,CDLG,1.98,1,2017/1/3 8:38,20170103CDLG000410056406,B024-TXN-05973,已成交,用户提供的历史交易快照
29989059,922000003,CDLG,1.98,2,2017/1/3 8:38,20170103CDLG000410056406,B024-TXN-05974,已成交,用户提供的历史交易快照
30179558,915000100,CDLG,47.39,0,2017/1/3 8:38,20170103CDLG000410056406,B024-TXN-05975,已成交,用户提供的历史交易快照
29989059,922000003,CDLG,1.98,1,2017/1/3 8:39,20170103CDLG000410056407,B024-TXN-05976,已成交,用户提供的历史交易快照
29989059,922000003,CDLG,1.98,1,2017/1/3 8:39,20170103CDLG000410056407,B024-TXN-05977,已成交,用户提供的历史交易快照
30214809,925090000,CDLG,31.43,1,2017/1/3 8:39,20170103CDLG000410056408,B024-TXN-05978,已成交,用户提供的历史交易快照
29989059,922000003,CDLG,1.98,2,2017/1/3 8:40,20170103CDLG000410056409,B024-TXN-05979,已成交,用户提供的历史交易快照
29989059,922000003,CDLG,1.98,3,2017/1/3 8:40,20170103CDLG000410056410,B024-TXN-05980,已成交,用户提供的历史交易快照
29989059,922000003,CDLG,1.98,3,2017/1/3 8:40,20170103CDLG000410056410,B024-TXN-05981,已成交,用户提供的历史交易快照
29989059,922000003,CDLG,1.98,2,2017/1/3 8:41,20170103CDLG000410056411,B024-TXN-05982,已成交,用户提供的历史交易快照
30006314,915030306,CDLG,10.62,1,2017/1/3 8:41,20170103CDLG000410056412,B024-TXN-05983,已成交,用户提供的历史交易快照
29989059,922000003,CDLG,1.98,1,2017/1/3 8:41,20170103CDLG000410056412,B024-TXN-05984,已成交,用户提供的历史交易快照
30207518,938030000,CDLG,12.52,1,2017/1/3 8:41,20170103CDLG000410056413,B024-TXN-05985,已成交,用户提供的历史交易快照
29989057,922000001,CDLG,2.38,1,2017/1/3 8:41,20170103CDLG000410056413,B024-TXN-05986,已成交,用户提供的历史交易快照
30022232,960000000,CDLG,0.3,1,2017/1/3 8:41,20170103CDLG000410056413,B024-TXN-05987,已成交,用户提供的历史交易快照
29989540,924020000,CDLG,11.58,1,2017/1/3 8:41,20170103CDLG000410056413,B024-TXN-05988,已成交,用户提供的历史交易快照
30151329,924000000,CDLG,29.58,1,2017/1/3 8:41,20170103CDLG000410056413,B024-TXN-05989,已成交,用户提供的历史交易快照
30174439,931060206,CDLG,5.52,1,2017/1/3 8:41,20170103CDLG000410056413,B024-TXN-05990,已成交,用户提供的历史交易快照
30151325,924000000,CDLG,33.56,0,2017/1/3 8:41,20170103CDLG000410056413,B024-TXN-05991,已成交,用户提供的历史交易快照
30031870,915030401,CDLG,6.58,1,2017/1/3 8:44,20170103CDLG000410056414,B024-TXN-05992,已成交,用户提供的历史交易快照
30179520,915000100,CDLG,77.4,0,2017/1/3 8:44,20170103CDLG000410056414,B024-TXN-05993,已成交,用户提供的历史交易快照
29989059,922000003,CDLG,1.98,2,2017/1/3 8:44,20170103CDLG000410056414,B024-TXN-05994,已成交,用户提供的历史交易快照
29989059,922000003,CDLG,1.98,1,2017/1/3 8:44,20170103CDLG000410056415,B024-TXN-05995,已成交,用户提供的历史交易快照
30006205,915000003,CDLG,59.49,0,2017/1/3 8:44,20170103CDLG000410056415,B024-TXN-05996,已成交,用户提供的历史交易快照
30165691,931060121,CDLG,3.52,1,2017/1/3 8:45,20170103CDLG000410056416,B024-TXN-05997,已成交,用户提供的历史交易快照
30113909,930020001,CDLG,9.52,1,2017/1/3 8:45,20170103CDLG000410056417,B024-TXN-05998,已成交,用户提供的历史交易快照
30113909,930020001,CDLG,9.52,1,2017/1/3 8:45,20170103CDLG000410056417,B024-TXN-05999,已成交,用户提供的历史交易快照
30214809,925090000,CDLG,31.41,1,2017/1/3 8:45,20170103CDLG000410056417,B024-TXN-06000,已成交,用户提供的历史交易快照
29999817,930000201,CDLG,11.52,1,2017/1/3 8:46,20170103CDLG000410056418,B024-TXN-06001,已成交,用户提供的历史交易快照
29999817,930000201,CDLG,11.52,1,2017/1/3 8:46,20170103CDLG000410056418,B024-TXN-06002,已成交,用户提供的历史交易快照
29989049,922000001,CDLG,1.98,0,2017/1/3 8:46,20170103CDLG000410056418,B024-TXN-06003,已成交,用户提供的历史交易快照
30022232,960000000,CDLG,0.3,1,2017/1/3 8:46,20170103CDLG000410056418,B024-TXN-06004,已成交,用户提供的历史交易快照
29989072,922000002,CDLG,0.78,1,2017/1/3 8:46,20170103CDLG000410056418,B024-TXN-06005,已成交,用户提供的历史交易快照
29989058,922000001,CDLG,1.98,2,2017/1/3 8:46,20170103CDLG000410056418,B024-TXN-06006,已成交,用户提供的历史交易快照
29989059,922000003,CDLG,1.98,1,2017/1/3 8:46,20170103CDLG000410056418,B024-TXN-06007,已成交,用户提供的历史交易快照
30141351,930010005,CDLG,4.52,1,2017/1/3 8:47,20170103CDLG000410056419,B024-TXN-06008,已成交,用户提供的历史交易快照
29989116,922000002,CDLG,2.4,1,2017/1/3 8:47,20170103CDLG000410056419,B024-TXN-06009,已成交,用户提供的历史交易快照
30182717,930020502,CDLG,10.52,1,2017/1/3 8:47,20170103CDLG000410056419,B024-TXN-06010,已成交,用户提供的历史交易快照
30113909,930020001,CDLG,9.52,1,2017/1/3 8:47,20170103CDLG000410056419,B024-TXN-06011,已成交,用户提供的历史交易快照
30020269,923000101,CDLG,7.6,1,2017/1/3 8:50,20170103CDLG000410056421,B024-TXN-06012,已成交,用户提供的历史交易快照
29989061,922000000,CDLG,5.62,0,2017/1/3 8:50,20170103CDLG000410056421,B024-TXN-06013,已成交,用户提供的历史交易快照
30020336,924000005,CDLG,19.59,1,2017/1/3 8:50,20170103CDLG000410056421,B024-TXN-06014,已成交,用户提供的历史交易快照
29989073,922000002,CDLG,4.8,0,2017/1/3 8:50,20170103CDLG000410056421,B024-TXN-06015,已成交,用户提供的历史交易快照
29989064,922000000,CDLG,9.58,0,2017/1/3 8:50,20170103CDLG000410056421,B024-TXN-06016,已成交,用户提供的历史交易快照
29989540,924020000,CDLG,11.57,0,2017/1/3 8:50,20170103CDLG000410056421,B024-TXN-06017,已成交,用户提供的历史交易快照
30023192,922000000,CDLG,9.62,0,2017/1/3 8:50,20170103CDLG000410056421,B024-TXN-06018,已成交,用户提供的历史交易快照
29989056,922000001,CDLG,5.6,0,2017/1/3 8:50,20170103CDLG000410056421,B024-TXN-06019,已成交,用户提供的历史交易快照
29989231,924000005,CDLG,43.56,1,2017/1/3 8:50,20170103CDLG000410056421,B024-TXN-06020,已成交,用户提供的历史交易快照
30151329,924000000,CDLG,29.62,0,2017/1/3 8:50,20170103CDLG000410056421,B024-TXN-06021,已成交,用户提供的历史交易快照
29989060,922000000,CDLG,9.63,0,2017/1/3 8:50,20170103CDLG000410056421,B024-TXN-06022,已成交,用户提供的历史交易快照
30092006,910020300,CDLG,2.0,1,2017/1/3 8:50,20170103CDLG000410056421,B024-TXN-06023,已成交,用户提供的历史交易快照
30091737,912060004,CDLG,31.13,0,2017/1/3 8:50,20170103CDLG000410056422,B024-TXN-06024,已成交,用户提供的历史交易快照
29989140,923000006,CDLG,7.61,0,2017/1/3 8:50,20170103CDLG000410056422,B024-TXN-06025,已成交,用户提供的历史交易快照
29989157,923000000,CDLG,5.6,1,2017/1/3 8:50,20170103CDLG000410056422,B024-TXN-06026,已成交,用户提供的历史交易快照
30107248,931050100,CDLG,35.52,1,2017/1/3 8:50,20170103CDLG000410056422,B024-TXN-06027,已成交,用户提供的历史交易快照
29989105,922000000,CDLG,2.8,1,2017/1/3 8:50,20170103CDLG000410056422,B024-TXN-06028,已成交,用户提供的历史交易快照
30013184,931060400,CDLG,5.52,1,2017/1/3 8:50,20170103CDLG000410056422,B024-TXN-06029,已成交,用户提供的历史交易快照
30144187,912060303,CDLG,33.14,0,2017/1/3 8:50,20170103CDLG000410056422,B024-TXN-06030,已成交,用户提供的历史交易快照
29989073,922000002,CDLG,4.8,1,2017/1/3 8:51,20170103CDLG000410056423,B024-TXN-06031,已成交,用户提供的历史交易快照
29989058,922000001,CDLG,1.98,2,2017/1/3 8:51,20170103CDLG000410056423,B024-TXN-06032,已成交,用户提供的历史交易快照
30023177,922000103,CDLG,6.19,0,2017/1/3 8:51,20170103CDLG000410056423,B024-TXN-06033,已成交,用户提供的历史交易快照
30214808,925090000,CDLG,25.42,2,2017/1/3 8:51,20170103CDLG000410056423,B024-TXN-06034,已成交,用户提供的历史交易快照
29989083,922000000,CDLG,4.2,0,2017/1/3 8:52,20170103CDLG000410056424,B024-TXN-06035,已成交,用户提供的历史交易快照
29989071,922000002,CDLG,3.4,0,2017/1/3 8:52,20170103CDLG000410056424,B024-TXN-06036,已成交,用户提供的历史交易快照
30023177,922000103,CDLG,6.2,0,2017/1/3 8:52,20170103CDLG000410056424,B024-TXN-06037,已成交,用户提供的历史交易快照
30031738,915030101,CDLG,4.92,1,2017/1/3 8:53,20170103CDLG000410056425,B024-TXN-06038,已成交,用户提供的历史交易快照
29989065,922000000,CDLG,21.57,0,2017/1/3 8:53,20170103CDLG000410056426,B024-TXN-06039,已成交,用户提供的历史交易快照
30214313,930020502,CDLG,8.52,1,2017/1/3 8:53,20170103CDLG000410056426,B024-TXN-06040,已成交,用户提供的历史交易快照
30006937,930010000,CDLG,20.52,1,2017/1/3 8:53,20170103CDLG000410056426,B024-TXN-06041,已成交,用户提供的历史交易快照
30113909,930020001,CDLG,9.52,1,2017/1/3 8:53,20170103CDLG000410056426,B024-TXN-06042,已成交,用户提供的历史交易快照
30113909,930020001,CDLG,9.52,1,2017/1/3 8:53,20170103CDLG000410056426,B024-TXN-06043,已成交,用户提供的历史交易快照
29989059,922000003,CDLG,2.38,3,2017/1/3 8:56,20170103CDLG000410056427,B024-TXN-06044,已成交,用户提供的历史交易快照
29989059,922000003,CDLG,1.98,1,2017/1/3 8:56,20170103CDLG000410056428,B024-TXN-06045,已成交,用户提供的历史交易快照
30023041,923000006,CDLG,3.2,2,2017/1/3 8:57,20170103CDLG000410056429,B024-TXN-06046,已成交,用户提供的历史交易快照
30073663,912060303,CDLG,43.58,0,2017/1/3 8:57,20170103CDLG000410056429,B024-TXN-06047,已成交,用户提供的历史交易快照
29989059,922000003,CDLG,1.98,1,2017/1/3 8:57,20170103CDLG000410056430,B024-TXN-06048,已成交,用户提供的历史交易快照
29989059,922000003,CDLG,1.98,1,2017/1/3 8:57,20170103CDLG000410056430,B024-TXN-06049,已成交,用户提供的历史交易快照
29989059,922000003,CDLG,1.98,1,2017/1/3 8:57,20170103CDLG000410056430,B024-TXN-06050,已成交,用户提供的历史交易快照
30212907,931080104,CDLG,9.52,1,2017/1/3 8:58,20170103CDLG000410056431,B024-TXN-06051,已成交,用户提供的历史交易快照
30010106,914010001,CDLG,15.52,5,2017/1/3 9:00,20170103CDLG000410056432,B024-TXN-06052,已成交,用户提供的历史交易快照
29989059,922000003,CDLG,1.98,1,2017/1/3 9:00,20170103CDLG000410056432,B024-TXN-06053,已成交,用户提供的历史交易快照
30031870,915030401,CDLG,6.58,3,2017/1/3 9:01,20170103CDLG000410056433,B024-TXN-06054,已成交,用户提供的历史交易快照
29999817,930000201,CDLG,11.52,1,2017/1/3 9:01,20170103CDLG000410056433,B024-TXN-06055,已成交,用户提供的历史交易快照
29989059,922000003,CDLG,1.98,1,2017/1/3 9:01,20170103CDLG000410056433,B024-TXN-06056,已成交,用户提供的历史交易快照
29989059,922000003,CDLG,1.98,1,2017/1/3 9:01,20170103CDLG000410056433,B024-TXN-06057,已成交,用户提供的历史交易快照
29989059,922000003,CDLG,1.98,1,2017/1/3 9:01,20170103CDLG000410056433,B024-TXN-06058,已成交,用户提供的历史交易快照
29989059,922000003,CDLG,1.98,1,2017/1/3 9:01,20170103CDLG000410056433,B024-TXN-06059,已成交,用户提供的历史交易快照
29989059,922000003,CDLG,1.98,2,2017/1/3 9:01,20170103CDLG000410056433,B024-TXN-06060,已成交,用户提供的历史交易快照
29989059,922000003,CDLG,1.98,2,2017/1/3 9:01,20170103CDLG000410056433,B024-TXN-06061,已成交,用户提供的历史交易快照
30004081,914040401,CDLG,4.72,1,2017/1/3 9:01,20170103CDLG000410056434,B024-TXN-06062,已成交,用户提供的历史交易快照
29989077,922000008,CDLG,13.57,0,2017/1/3 9:02,20170103CDLG000410056435,B024-TXN-06063,已成交,用户提供的历史交易快照
30061777,914000000,CDLG,13.02,1,2017/1/3 9:02,20170103CDLG000410056435,B024-TXN-06064,已成交,用户提供的历史交易快照
30027007,923000006,CDLG,5.6,2,2017/1/3 9:02,20170103CDLG000410056437,B024-TXN-06065,已成交,用户提供的历史交易快照
29989059,922000003,CDLG,1.98,1,2017/1/3 9:02,20170103CDLG000410056437,B024-TXN-06066,已成交,用户提供的历史交易快照
30008488,912040008,CDLG,3.32,1,2017/1/3 9:03,20170103CDLG000410056438,B024-TXN-06067,已成交,用户提供的历史交易快照
30167946,912040001,CDLG,2.42,1,2017/1/3 9:03,20170103CDLG000410056438,B024-TXN-06068,已成交,用户提供的历史交易快照
30166692,931070100,CDLG,5.52,1,2017/1/3 9:03,20170103CDLG000410056439,B024-TXN-06069,已成交,用户提供的历史交易快照
30031870,915030401,CDLG,6.58,1,2017/1/3 9:03,20170103CDLG000410056440,B024-TXN-06070,已成交,用户提供的历史交易快照
30006039,915010001,CDLG,11.58,1,2017/1/3 9:03,20170103CDLG000410056440,B024-TXN-06071,已成交,用户提供的历史交易快照
30022233,960000000,CDLG,0.2,1,2017/1/3 9:03,20170103CDLG000410056440,B024-TXN-06072,已成交,用户提供的历史交易快照
29989058,922000001,CDLG,1.98,2,2017/1/3 9:05,20170103CDLG000410056441,B024-TXN-06073,已成交,用户提供的历史交易快照
29989059,922000003,CDLG,1.98,3,2017/1/3 9:05,20170103CDLG000410056441,B024-TXN-06074,已成交,用户提供的历史交易快照
29989083,922000000,CDXL,4.2,1,2017/1/3 9:05,20170103CDLG000410056442,B024-TXN-06075,已成交,用户提供的历史交易快照
29989061,922000000,CDXL,5.62,0,2017/1/3 9:05,20170103CDLG000410056442,B024-TXN-06076,已成交,用户提供的历史交易快照
29989063,922000000,CDXL,6.8,0,2017/1/3 9:05,20170103CDLG000410056442,B024-TXN-06077,已成交,用户提供的历史交易快照
30006700,915020002,CDXL,6.12,1,2017/1/3 9:05,20170103CDLG000410056442,B024-TXN-06078,已成交,用户提供的历史交易快照
30214809,925090000,CDXL,31.42,3,2017/1/3 9:05,20170103CDLG000410056442,B024-TXN-06079,已成交,用户提供的历史交易快照
29989059,922000003,CDXL,1.98,1,2017/1/3 9:05,20170103CDLG000410056442,B024-TXN-06080,已成交,用户提供的历史交易快照
29989059,922000003,CDXL,1.98,1,2017/1/3 9:07,20170103CDLG000410056443,B024-TXN-06081,已成交,用户提供的历史交易快照
29989059,922000003,CDXL,1.98,2,2017/1/3 9:07,20170103CDLG000410056443,B024-TXN-06082,已成交,用户提供的历史交易快照
30006208,915000101,CDXL,47.43,0,2017/1/3 9:08,20170103CDLG000410056444,B024-TXN-06083,已成交,用户提供的历史交易快照
30188638,930020001,CDXL,39.52,1,2017/1/3 9:08,20170103CDLG000410056445,B024-TXN-06084,已成交,用户提供的历史交易快照
29989077,922000008,CDXL,13.59,0,2017/1/3 9:08,20170103CDLG000410056446,B024-TXN-06085,已成交,用户提供的历史交易快照
30119334,922000000,CDXL,14.81,1,2017/1/3 9:09,20170103CDLG000410056447,B024-TXN-06086,已成交,用户提供的历史交易快照
30156635,922000103,CDXL,31.58,0,2017/1/3 9:09,20170103CDLG000410056447,B024-TXN-06087,已成交,用户提供的历史交易快照
29989073,922000002,CDXL,4.8,1,2017/1/3 9:09,20170103CDLG000410056447,B024-TXN-06088,已成交,用户提供的历史交易快照
30022232,960000000,CDXL,0.3,1,2017/1/3 9:09,20170103CDLG000410056447,B024-TXN-06089,已成交,用户提供的历史交易快照
30156633,922000103,CDXL,39.58,1,2017/1/3 9:09,20170103CDLG000410056447,B024-TXN-06090,已成交,用户提供的历史交易快照
30023192,922000000,CDXL,9.62,0,2017/1/3 9:09,20170103CDLG000410056447,B024-TXN-06091,已成交,用户提供的历史交易快照
30171442,930020500,CDXL,19.52,2,2017/1/3 9:09,20170103CDLG000410056447,B024-TXN-06092,已成交,用户提供的历史交易快照
30171543,930020502,CDXL,14.52,1,2017/1/3 9:09,20170103CDLG000410056447,B024-TXN-06093,已成交,用户提供的历史交易快照
29989059,922000003,CDXL,1.98,1,2017/1/3 9:09,20170103CDLG000410056447,B024-TXN-06094,已成交,用户提供的历史交易快照
29989059,922000003,CDXL,1.98,1,2017/1/3 9:09,20170103CDLG000410056447,B024-TXN-06095,已成交,用户提供的历史交易快照
29989082,922000000,CDXL,8.8,1,2017/1/3 9:09,20170103CDLG000410056447,B024-TXN-06096,已成交,用户提供的历史交易快照
30192287,931050304,CDXL,9.52,1,2017/1/3 9:11,20170103CDLG000410056448,B024-TXN-06097,已成交,用户提供的历史交易快照
29999817,930000201,CDXL,11.52,1,2017/1/3 9:11,20170103CDLG000410056448,B024-TXN-06098,已成交,用户提供的历史交易快照
30163281,914010000,CDXL,2.0,1,2017/1/3 9:11,20170103CDLG000410056448,B024-TXN-06099,已成交,用户提供的历史交易快照
30163281,914010000,CDXL,2.0,1,2017/1/3 9:11,20170103CDLG000410056448,B024-TXN-06100,已成交,用户提供的历史交易快照
30054571,931060403,CDXL,5.12,1,2017/1/3 9:11,20170103CDLG000410056448,B024-TXN-06101,已成交,用户提供的历史交易快照
30063989,930010005,CDXL,4.52,1,2017/1/3 9:12,20170103CDLG000410056449,B024-TXN-06102,已成交,用户提供的历史交易快照
30063989,930010005,CDXL,4.52,1,2017/1/3 9:12,20170103CDLG000410056449,B024-TXN-06103,已成交,用户提供的历史交易快照
30184351,915000106,CDXL,15.59,0,2017/1/3 9:13,20170103CDLG000410056450,B024-TXN-06104,已成交,用户提供的历史交易快照
30006206,915000003,CDXL,25.17,0,2017/1/3 9:13,20170103CDLG000410056450,B024-TXN-06105,已成交,用户提供的历史交易快照
30179551,915000106,CDXL,59.31,0,2017/1/3 9:13,20170103CDLG000410056450,B024-TXN-06106,已成交,用户提供的历史交易快照
30179558,915000100,CDXL,47.47,0,2017/1/3 9:13,20170103CDLG000410056450,B024-TXN-06107,已成交,用户提供的历史交易快照
30023177,922000103,CDXL,6.2,1,2017/1/3 9:14,20170103CDLG000410056451,B024-TXN-06108,已成交,用户提供的历史交易快照
29989059,922000003,CDXL,1.98,1,2017/1/3 9:14,20170103CDLG000410056451,B024-TXN-06109,已成交,用户提供的历史交易快照
30202566,930020001,CDXL,9.52,1,2017/1/3 9:14,20170103CDLG000410056452,B024-TXN-06110,已成交,用户提供的历史交易快照
30113909,930020001,CDXL,9.52,1,2017/1/3 9:14,20170103CDLG000410056452,B024-TXN-06111,已成交,用户提供的历史交易快照
30179545,915000106,CDXL,67.32,0,2017/1/3 9:15,20170103CDLG000410056453,B024-TXN-06112,已成交,用户提供的历史交易快照
30179520,915000100,CDXL,77.4,0,2017/1/3 9:15,20170103CDLG000410056453,B024-TXN-06113,已成交,用户提供的历史交易快照
30179551,915000106,CDXL,59.18,0,2017/1/3 9:15,20170103CDLG000410056453,B024-TXN-06114,已成交,用户提供的历史交易快照
30151325,924000000,CDXL,33.6,0,2017/1/3 9:15,20170103CDLG000410056453,B024-TXN-06115,已成交,用户提供的历史交易快照
29989059,922000003,CDXL,1.98,1,2017/1/3 9:15,20170103CDLG000410056453,B024-TXN-06116,已成交,用户提供的历史交易快照
30005836,914050500,CDXL,6.62,1,2017/1/3 9:16,20170103CDLG000410056454,B024-TXN-06117,已成交,用户提供的历史交易快照
30020425,914000200,CDXL,7.62,1,2017/1/3 9:16,20170103CDLG000410056454,B024-TXN-06118,已成交,用户提供的历史交易快照
29989091,922000000,CDXL,4.2,1,2017/1/3 9:16,20170103CDLG000410056455,B024-TXN-06119,已成交,用户提供的历史交易快照
30006041,915010000,CDXL,7.58,1,2017/1/3 9:16,20170103CDLG000410056455,B024-TXN-06120,已成交,用户提供的历史交易快照
29989077,922000008,CDXL,13.59,0,2017/1/3 9:16,20170103CDLG000410056455,B024-TXN-06121,已成交,用户提供的历史交易快照
30023041,923000006,CDXL,3.2,1,2017/1/3 9:16,20170103CDLG000410056455,B024-TXN-06122,已成交,用户提供的历史交易快照
30022232,960000000,CDXL,0.3,1,2017/1/3 9:16,20170103CDLG000410056455,B024-TXN-06123,已成交,用户提供的历史交易快照
29989540,924020000,CDXL,11.57,0,2017/1/3 9:16,20170103CDLG000410056455,B024-TXN-06124,已成交,用户提供的历史交易快照
30023192,922000000,CDXL,9.63,0,2017/1/3 9:16,20170103CDLG000410056455,B024-TXN-06125,已成交,用户提供的历史交易快照
30000900,930020102,CDXL,72.82,1,2017/1/3 9:18,20170103CDLG000410056457,B024-TXN-06126,已成交,用户提供的历史交易快照
29989831,931080003,CDXL,5.12,1,2017/1/3 9:18,20170103CDLG000410056457,B024-TXN-06127,已成交,用户提供的历史交易快照
29989831,931080003,CDXL,5.12,1,2017/1/3 9:18,20170103CDLG000410056457,B024-TXN-06128,已成交,用户提供的历史交易快照
30080844,930010002,CDXL,36.52,1,2017/1/3 9:18,20170103CDLG000410056457,B024-TXN-06129,已成交,用户提供的历史交易快照
30165691,931060121,CDXL,3.52,1,2017/1/3 9:18,20170103CDLG000410056457,B024-TXN-06130,已成交,用户提供的历史交易快照
29989148,923000006,CDXL,8.8,1,2017/1/3 9:19,20170103CDLG000410056458,B024-TXN-06131,已成交,用户提供的历史交易快照
29989059,922000003,CDXL,1.98,1,2017/1/3 9:19,20170103CDLG000410056459,B024-TXN-06132,已成交,用户提供的历史交易快照
29989059,922000003,CDXL,1.98,2,2017/1/3 9:19,20170103CDLG000410056459,B024-TXN-06133,已成交,用户提供的历史交易快照
30200397,914040300,CDXL,4.52,1,2017/1/3 9:20,20170103CDLG000410056460,B024-TXN-06134,已成交,用户提供的历史交易快照
29989099,922000008,CDXL,1.58,1,2017/1/3 9:20,20170103CDLG000410056461,B024-TXN-06135,已成交,用户提供的历史交易快照
30023195,922000001,CDXL,1.98,1,2017/1/3 9:20,20170103CDLG000410056461,B024-TXN-06136,已成交,用户提供的历史交易快照
30006343,915030400,CDXL,3.98,2,2017/1/3 9:20,20170103CDLG000410056461,B024-TXN-06137,已成交,用户提供的历史交易快照
29989059,922000003,CDXL,1.98,1,2017/1/3 9:20,20170103CDLG000410056462,B024-TXN-06138,已成交,用户提供的历史交易快照
30023041,923000006,CDXL,3.2,2,2017/1/3 9:21,20170103CDLG000410056463,B024-TXN-06139,已成交,用户提供的历史交易快照
30023194,922000008,CDXL,13.61,0,2017/1/3 9:22,20170103CDLG000410056464,B024-TXN-06140,已成交,用户提供的历史交易快照
29989099,922000008,CDXL,1.58,1,2017/1/3 9:22,20170103CDLG000410056465,B024-TXN-06141,已成交,用户提供的历史交易快照
29989060,922000000,CDXL,9.62,0,2017/1/3 9:22,20170103CDLG000410056465,B024-TXN-06142,已成交,用户提供的历史交易快照
29989083,922000000,CDXL,4.2,0,2017/1/3 9:23,20170103CDLG000410056466,B024-TXN-06143,已成交,用户提供的历史交易快照
29989061,922000000,CDXL,5.62,0,2017/1/3 9:23,20170103CDLG000410056466,B024-TXN-06144,已成交,用户提供的历史交易快照
29989540,924020000,CDXL,11.57,1,2017/1/3 9:23,20170103CDLG000410056466,B024-TXN-06145,已成交,用户提供的历史交易快照
29989060,922000000,CDXL,9.62,0,2017/1/3 9:23,20170103CDLG000410056466,B024-TXN-06146,已成交,用户提供的历史交易快照
29989059,922000003,CDXL,1.98,1,2017/1/3 9:23,20170103CDLG000410056466,B024-TXN-06147,已成交,用户提供的历史交易快照
29989059,922000003,CDXL,1.98,2,2017/1/3 9:23,20170103CDLG000410056466,B024-TXN-06148,已成交,用户提供的历史交易快照
29989059,922000003,CDXL,1.98,2,2017/1/3 9:25,20170103CDLG000410056468,B024-TXN-06149,已成交,用户提供的历史交易快照
29989049,922000001,CDXL,1.98,0,2017/1/3 9:25,20170103CDLG000410056469,B024-TXN-06150,已成交,用户提供的历史交易快照
30005764,914040300,CDXL,6.52,1,2017/1/3 9:25,20170103CDLG000410056469,B024-TXN-06151,已成交,用户提供的历史交易快照
29989140,923000006,CDXL,7.6,1,2017/1/3 9:26,20170103CDLG000410056470,B024-TXN-06152,已成交,用户提供的历史交易快照
30173848,920090000,CDXL,1.3,1,2017/1/3 9:26,20170103CDLG000410056471,B024-TXN-06153,已成交,用户提供的历史交易快照
29989072,922000002,CDXL,0.78,1,2017/1/3 9:27,20170103CDLG000410056472,B024-TXN-06154,已成交,用户提供的历史交易快照
30023178,922000004,CDXL,6.21,0,2017/1/3 9:27,20170103CDLG000410056472,B024-TXN-06155,已成交,用户提供的历史交易快照
29989083,922000000,CDXL,4.21,0,2017/1/3 9:27,20170103CDLG000410056472,B024-TXN-06156,已成交,用户提供的历史交易快照
30075145,914040005,CDXL,5.72,1,2017/1/3 9:27,20170103CDLG000410056472,B024-TXN-06157,已成交,用户提供的历史交易快照
30008276,911010501,CDXL,15.43,0,2017/1/3 9:27,20170103CDLG000410056472,B024-TXN-06158,已成交,用户提供的历史交易快照
30162028,910010002,CDXL,2.5,1,2017/1/3 9:27,20170103CDLG000410056472,B024-TXN-06159,已成交,用户提供的历史交易快照
30001585,910020300,CDXL,5.52,1,2017/1/3 9:27,20170103CDLG000410056472,B024-TXN-06160,已成交,用户提供的历史交易快照
30040629,922000005,CDXL,15.59,0,2017/1/3 9:27,20170103CDLG000410056472,B024-TXN-06161,已成交,用户提供的历史交易快照
30173849,920090000,CDXL,0.63,2,2017/1/3 9:27,20170103CDLG000410056472,B024-TXN-06162,已成交,用户提供的历史交易快照
30023195,922000001,CDXL,1.98,1,2017/1/3 9:28,20170103CDLG000410056473,B024-TXN-06163,已成交,用户提供的历史交易快照
30023203,922000002,CDXL,11.96,0,2017/1/3 9:28,20170103CDLG000410056473,B024-TXN-06164,已成交,用户提供的历史交易快照
29989083,922000000,CDXL,4.2,0,2017/1/3 9:28,20170103CDLG000410056473,B024-TXN-06165,已成交,用户提供的历史交易快照
29989089,922000000,CDXL,11.52,0,2017/1/3 9:28,20170103CDLG000410056473,B024-TXN-06166,已成交,用户提供的历史交易快照
30038433,923000006,CDXL,15.61,0,2017/1/3 9:28,20170103CDLG000410056473,B024-TXN-06167,已成交,用户提供的历史交易快照
29989073,922000002,CDXL,4.8,0,2017/1/3 9:29,20170103CDLG000410056474,B024-TXN-06168,已成交,用户提供的历史交易快照
29989071,922000002,CDXL,3.4,1,2017/1/3 9:29,20170103CDLG000410056474,B024-TXN-06169,已成交,用户提供的历史交易快照
30022974,915030404,CDXL,6.18,1,2017/1/3 9:29,20170103CDLG000410056475,B024-TXN-06170,已成交,用户提供的历史交易快照
30214800,925090000,CDXL,25.42,1,2017/1/3 9:29,20170103CDLG000410056475,B024-TXN-06171,已成交,用户提供的历史交易快照
30006343,915030400,CDXL,3.98,2,2017/1/3 9:29,20170103CDLG000410056475,B024-TXN-06172,已成交,用户提供的历史交易快照
30006343,915030400,CDXL,3.98,2,2017/1/3 9:29,20170103CDLG000410056475,B024-TXN-06173,已成交,用户提供的历史交易快照
30214809,925090000,CDXL,31.43,2,2017/1/3 9:29,20170103CDLG000410056475,B024-TXN-06174,已成交,用户提供的历史交易快照
30023192,922000000,CDXL,9.62,0,2017/1/3 9:30,20170103CDLG000410056476,B024-TXN-06175,已成交,用户提供的历史交易快照
29989060,922000000,CDXL,9.62,0,2017/1/3 9:30,20170103CDLG000410056476,B024-TXN-06176,已成交,用户提供的历史交易快照
29989059,922000003,CDXL,1.98,1,2017/1/3 9:30,20170103CDLG000410056476,B024-TXN-06177,已成交,用户提供的历史交易快照
29989204,924030001,CDXL,31.63,0,2017/1/3 9:30,20170103CDLG000410056476,B024-TXN-06178,已成交,用户提供的历史交易快照
29989057,922000001,CDXL,2.38,0,2017/1/3 9:31,20170103CDLG000410056477,B024-TXN-06179,已成交,用户提供的历史交易快照
29989540,924020000,CDXL,11.58,0,2017/1/3 9:31,20170103CDLG000410056477,B024-TXN-06180,已成交,用户提供的历史交易快照
30023041,923000006,CDXL,3.2,2,2017/1/3 9:31,20170103CDLG000410056477,B024-TXN-06181,已成交,用户提供的历史交易快照
30006041,915010000,CDXL,7.58,1,2017/1/3 9:31,20170103CDLG000410056477,B024-TXN-06182,已成交,用户提供的历史交易快照
30214809,925090000,CDXL,31.43,1,2017/1/3 9:31,20170103CDLG000410056477,B024-TXN-06183,已成交,用户提供的历史交易快照
29989048,922000001,CDXL,1.98,1,2017/1/3 9:31,20170103CDLG000410056477,B024-TXN-06184,已成交,用户提供的历史交易快照
29989059,922000003,CDXL,1.98,1,2017/1/3 9:31,20170103CDLG000410056477,B024-TXN-06185,已成交,用户提供的历史交易快照
30144919,912000109,CDXL,5.72,1,2017/1/3 9:32,20170103CDLG000410056478,B024-TXN-06186,已成交,用户提供的历史交易快照
29989059,922000003,CDXL,1.98,1,2017/1/3 9:33,20170103CDLG000410056479,B024-TXN-06187,已成交,用户提供的历史交易快照
29989059,922000003,CDXL,1.98,1,2017/1/3 9:33,20170103CDLG000410056479,B024-TXN-06188,已成交,用户提供的历史交易快照
30027007,923000006,CDXL,5.6,2,2017/1/3 9:36,20170103CDLG000410056482,B024-TXN-06189,已成交,用户提供的历史交易快照
30027007,923000006,CDXL,5.6,2,2017/1/3 9:36,20170103CDLG000410056482,B024-TXN-06190,已成交,用户提供的历史交易快照
30027007,923000006,CDXL,5.6,2,2017/1/3 9:36,20170103CDLG000410056482,B024-TXN-06191,已成交,用户提供的历史交易快照
30027007,923000006,CDXL,5.6,2,2017/1/3 9:36,20170103CDLG000410056482,B024-TXN-06192,已成交,用户提供的历史交易快照
30027007,923000006,CDXL,5.6,2,2017/1/3 9:36,20170103CDLG000410056482,B024-TXN-06193,已成交,用户提供的历史交易快照
30027007,923000006,CDXL,5.6,2,2017/1/3 9:36,20170103CDLG000410056482,B024-TXN-06194,已成交,用户提供的历史交易快照
29989059,922000003,CDXL,1.98,1,2017/1/3 9:36,20170103CDLG000410056482,B024-TXN-06195,已成交,用户提供的历史交易快照
29989059,922000003,CDXL,1.98,1,2017/1/3 9:36,20170103CDLG000410056482,B024-TXN-06196,已成交,用户提供的历史交易快照
29989059,922000003,CDXL,1.98,1,2017/1/3 9:36,20170103CDLG000410056482,B024-TXN-06197,已成交,用户提供的历史交易快照
29989059,922000003,CDXL,1.98,1,2017/1/3 9:36,20170103CDLG000410056482,B024-TXN-06198,已成交,用户提供的历史交易快照
29989143,923000001,CDXL,5.0,1,2017/1/3 9:36,20170103CDLG000410056482,B024-TXN-06199,已成交,用户提供的历史交易快照
29989143,923000001,CDXL,5.0,3,2017/1/3 9:36,20170103CDLG000410056482,B024-TXN-06200,已成交,用户提供的历史交易快照
29989143,923000001,CDXL,5.0,1,2017/1/3 9:36,20170103CDLG000410056482,B024-TXN-06201,已成交,用户提供的历史交易快照
29989128,923000001,CDXL,9.6,1,2017/1/3 9:36,20170103CDLG000410056483,B024-TXN-06202,已成交,用户提供的历史交易快照
29989204,924030001,CDXL,31.61,1,2017/1/3 9:36,20170103CDLG000410056484,B024-TXN-06203,已成交,用户提供的历史交易快照
30210286,931030500,CDXL,49.52,1,2017/1/3 9:36,20170103CDLG000410056484,B024-TXN-06204,已成交,用户提供的历史交易快照
30214814,925090000,CDXL,33.42,1,2017/1/3 9:37,20170103CDLG000410056485,B024-TXN-06205,已成交,用户提供的历史交易快照
29989059,922000003,CDXL,1.98,2,2017/1/3 9:37,20170103CDLG000410056485,B024-TXN-06206,已成交,用户提供的历史交易快照
30082783,912030500,CDXL,13.4,0,2017/1/3 9:38,20170103CDLG000410056486,B024-TXN-06207,已成交,用户提供的历史交易快照
30203637,923000006,CDXL,3.2,3,2017/1/3 9:38,20170103CDLG000410056487,B024-TXN-06208,已成交,用户提供的历史交易快照
30008407,912060303,CDXL,29.43,0,2017/1/3 9:38,20170103CDLG000410056487,B024-TXN-06209,已成交,用户提供的历史交易快照
30008121,910030203,CDXL,2.12,1,2017/1/3 9:38,20170103CDLG000410056487,B024-TXN-06210,已成交,用户提供的历史交易快照
30008121,910030203,CDXL,2.12,1,2017/1/3 9:38,20170103CDLG000410056487,B024-TXN-06211,已成交,用户提供的历史交易快照
30001971,912030006,CDXL,6.02,1,2017/1/3 9:38,20170103CDLG000410056488,B024-TXN-06212,已成交,用户提供的历史交易快照
30122591,912020100,CDXL,4.92,1,2017/1/3 9:38,20170103CDLG000410056488,B024-TXN-06213,已成交,用户提供的历史交易快照
30009740,912060303,CDXL,59.68,0,2017/1/3 9:41,20170103CDLG000410056490,B024-TXN-06214,已成交,用户提供的历史交易快照
30023192,922000000,CDXL,9.63,0,2017/1/3 9:41,20170103CDLG000410056490,B024-TXN-06215,已成交,用户提供的历史交易快照
30144187,912060303,CDXL,33.24,1,2017/1/3 9:41,20170103CDLG000410056490,B024-TXN-06216,已成交,用户提供的历史交易快照
30214804,925090000,CDXL,33.42,1,2017/1/3 9:41,20170103CDLG000410056490,B024-TXN-06217,已成交,用户提供的历史交易快照
30022232,960000000,CDXL,0.3,1,2017/1/3 9:41,20170103CDLG000410056491,B024-TXN-06218,已成交,用户提供的历史交易快照
29989072,922000002,CDXL,0.78,1,2017/1/3 9:41,20170103CDLG000410056491,B024-TXN-06219,已成交,用户提供的历史交易快照
29989072,922000002,CDXL,0.78,1,2017/1/3 9:41,20170103CDLG000410056491,B024-TXN-06220,已成交,用户提供的历史交易快照
29989072,922000002,CDXL,0.78,2,2017/1/3 9:41,20170103CDLG000410056491,B024-TXN-06221,已成交,用户提供的历史交易快照
29989059,922000003,CDXL,1.98,1,2017/1/3 9:42,20170103CDLG000410056492,B024-TXN-06222,已成交,用户提供的历史交易快照
30214814,925090000,CDXL,33.43,1,2017/1/3 9:42,20170103CDLG000410056493,B024-TXN-06223,已成交,用户提供的历史交易快照
30102770,931060505,CDXL,26.92,1,2017/1/3 9:43,20170103CDLG000410056494,B024-TXN-06224,已成交,用户提供的历史交易快照
30023201,922000002,CDXL,8.78,0,2017/1/3 9:43,20170103CDLG000410056495,B024-TXN-06225,已成交,用户提供的历史交易快照
29989059,922000003,CDXL,1.98,1,2017/1/3 9:43,20170103CDLG000410056495,B024-TXN-06226,已成交,用户提供的历史交易快照
29989099,922000008,CDXL,1.58,1,2017/1/3 9:43,20170103CDLG000410056496,B024-TXN-06227,已成交,用户提供的历史交易快照
29989059,922000003,CDXL,1.98,1,2017/1/3 9:43,20170103CDLG000410056496,B024-TXN-06228,已成交,用户提供的历史交易快照
29989059,922000003,CDXL,1.98,3,2017/1/3 9:44,20170103CDLG000410056497,B024-TXN-06229,已成交,用户提供的历史交易快照
30156231,914030001,CDXL,6.72,1,2017/1/3 9:44,20170103CDLG000410056498,B024-TXN-06230,已成交,用户提供的历史交易快照
29989156,923000000,CDXL,10.8,1,2017/1/3 9:44,20170103CDLG000410056498,B024-TXN-06231,已成交,用户提供的历史交易快照
29989081,922000000,CDXL,8.21,0,2017/1/3 9:44,20170103CDLG000410056498,B024-TXN-06232,已成交,用户提供的历史交易快照
30023041,923000006,CDXL,3.2,1,2017/1/3 9:45,20170103CDLG000410056499,B024-TXN-06233,已成交,用户提供的历史交易快照
30008274,911010501,CDXL,27.32,0,2017/1/3 9:45,20170103CDLG000410056499,B024-TXN-06234,已成交,用户提供的历史交易快照
29989073,922000002,CDXL,4.8,0,2017/1/3 9:46,20170103CDLG000410056500,B024-TXN-06235,已成交,用户提供的历史交易快照
29989072,922000002,CDXL,0.78,2,2017/1/3 9:46,20170103CDLG000410056500,B024-TXN-06236,已成交,用户提供的历史交易快照
29989072,922000002,CDXL,0.78,2,2017/1/3 9:46,20170103CDLG000410056500,B024-TXN-06237,已成交,用户提供的历史交易快照
30023041,923000006,CDXL,3.2,1,2017/1/3 9:46,20170103CDLG000410056500,B024-TXN-06238,已成交,用户提供的历史交易快照
29989059,922000003,CDXL,1.98,1,2017/1/3 9:46,20170103CDLG000410056500,B024-TXN-06239,已成交,用户提供的历史交易快照
29989059,922000003,CDXL,1.98,1,2017/1/3 9:46,20170103CDLG000410056500,B024-TXN-06240,已成交,用户提供的历史交易快照
29989143,923000001,CDXL,5.0,1,2017/1/3 9:46,20170103CDLG000410056500,B024-TXN-06241,已成交,用户提供的历史交易快照
29989157,923000000,CDXL,5.6,1,2017/1/3 9:46,20170103CDLG000410056500,B024-TXN-06242,已成交,用户提供的历史交易快照
30027007,923000006,CDXL,5.6,2,2017/1/3 9:47,20170103CDLG000410056501,B024-TXN-06243,已成交,用户提供的历史交易快照
29989059,922000003,CDXL,1.98,1,2017/1/3 9:48,20170103CDLG000410056502,B024-TXN-06244,已成交,用户提供的历史交易快照
29989059,922000003,CDXL,1.98,1,2017/1/3 9:48,20170103CDLG000410056502,B024-TXN-06245,已成交,用户提供的历史交易快照
29989049,922000001,CDXL,1.98,2,2017/1/3 9:48,20170103CDLG000410056503,B024-TXN-06246,已成交,用户提供的历史交易快照
29989072,922000002,CDXL,0.78,1,2017/1/3 9:48,20170103CDLG000410056503,B024-TXN-06247,已成交,用户提供的历史交易快照
29989540,924020000,CDXL,11.58,1,2017/1/3 9:48,20170103CDLG000410056503,B024-TXN-06248,已成交,用户提供的历史交易快照
30023041,923000006,CDXL,3.2,2,2017/1/3 9:48,20170103CDLG000410056503,B024-TXN-06249,已成交,用户提供的历史交易快照
30008276,911010501,CDXL,15.42,2,2017/1/3 9:48,20170103CDLG000410056503,B024-TXN-06250,已成交,用户提供的历史交易快照
29989059,922000003,CDXL,1.98,1,2017/1/3 9:48,20170103CDLG000410056503,B024-TXN-06251,已成交,用户提供的历史交易快照
29991802,930000202,CDXL,9.52,1,2017/1/3 9:48,20170103CDLG000410056503,B024-TXN-06252,已成交,用户提供的历史交易快照
30026255,915030104,CDXL,4.0,20,2017/1/3 9:50,20170103CDLG000410056505,B024-TXN-06253,已成交,用户提供的历史交易快照
30006232,914100000,CDXL,5.52,1,2017/1/3 9:50,20170103CDLG000410056505,B024-TXN-06254,已成交,用户提供的历史交易快照
30006232,914100000,CDXL,5.52,1,2017/1/3 9:50,20170103CDLG000410056505,B024-TXN-06255,已成交,用户提供的历史交易快照
30008381,912060301,CDXL,19.42,1,2017/1/3 9:52,20170103CDLG000410056506,B024-TXN-06256,已成交,用户提供的历史交易快照
30008276,911010501,CDXL,15.42,1,2017/1/3 9:52,20170103CDLG000410056506,B024-TXN-06257,已成交,用户提供的历史交易快照
30115568,930020001,CDXL,8.52,1,2017/1/3 9:52,20170103CDLG000410056506,B024-TXN-06258,已成交,用户提供的历史交易快照
30027007,923000006,CDXL,5.6,2,2017/1/3 9:54,20170103CDLG000410056507,B024-TXN-06259,已成交,用户提供的历史交易快照
29989059,922000003,CDXL,1.98,3,2017/1/3 9:54,20170103CDLG000410056507,B024-TXN-06260,已成交,用户提供的历史交易快照
29999985,930020502,CDXL,15.52,1,2017/1/3 9:55,20170103CDLG000410056508,B024-TXN-06261,已成交,用户提供的历史交易快照
29999985,930020502,CDXL,15.52,1,2017/1/3 9:55,20170103CDLG000410056508,B024-TXN-06262,已成交,用户提供的历史交易快照
30102572,930020000,CDXL,9.52,1,2017/1/3 9:55,20170103CDLG000410056508,B024-TXN-06263,已成交,用户提供的历史交易快照
30150531,930020600,CDXL,9.52,1,2017/1/3 9:55,20170103CDLG000410056508,B024-TXN-06264,已成交,用户提供的历史交易快照
29989059,922000003,CDXL,1.98,1,2017/1/3 9:56,20170103CDLG000410056509,B024-TXN-06265,已成交,用户提供的历史交易快照
29989059,922000003,CDXL,1.98,1,2017/1/3 9:56,20170103CDLG000410056509,B024-TXN-06266,已成交,用户提供的历史交易快照
29989059,922000003,CDXL,1.98,1,2017/1/3 9:56,20170103CDLG000410056509,B024-TXN-06267,已成交,用户提供的历史交易快照
29989059,922000003,CDXL,1.98,2,2017/1/3 9:57,20170103CDLG000410056511,B024-TXN-06268,已成交,用户提供的历史交易快照
29989059,922000003,CDXL,1.98,2,2017/1/3 9:57,20170103CDLG000410056511,B024-TXN-06269,已成交,用户提供的历史交易快照
29989059,922000003,CDXL,1.98,1,2017/1/3 9:57,20170103CDLG000410056512,B024-TXN-06270,已成交,用户提供的历史交易快照
29989059,922000003,CDXL,1.98,2,2017/1/3 9:57,20170103CDLG000410056512,B024-TXN-06271,已成交,用户提供的历史交易快照
29991390,930020104,CDXL,8.12,1,2017/1/3 9:59,20170103CDLG000410056513,B024-TXN-06272,已成交,用户提供的历史交易快照
29989540,924020000,CDXL,11.58,1,2017/1/3 9:59,20170103CDLG000410056513,B024-TXN-06273,已成交,用户提供的历史交易快照
29991389,930020104,CDXL,7.92,1,2017/1/3 9:59,20170103CDLG000410056513,B024-TXN-06274,已成交,用户提供的历史交易快照
29991389,930020104,CDXL,7.92,1,2017/1/3 9:59,20170103CDLG000410056513,B024-TXN-06275,已成交,用户提供的历史交易快照
30023194,922000008,CDXL,13.6,1,2017/1/3 9:59,20170103CDLG000410056513,B024-TXN-06276,已成交,用户提供的历史交易快照
30201379,930020100,CDXL,15.52,1,2017/1/3 9:59,20170103CDLG000410056513,B024-TXN-06277,已成交,用户提供的历史交易快照
30000889,930020104,CDXL,4.42,1,2017/1/3 9:59,20170103CDLG000410056513,B024-TXN-06278,已成交,用户提供的历史交易快照
30022232,960000000,CDXL,0.3,1,2017/1/3 9:59,20170103CDLG000410056513,B024-TXN-06279,已成交,用户提供的历史交易快照
29991391,930020104,CDXL,7.92,1,2017/1/3 9:59,20170103CDLG000410056513,B024-TXN-06280,已成交,用户提供的历史交易快照
29989059,922000003,CDXL,1.98,2,2017/1/3 10:00,20170103CDLG000410056514,B024-TXN-06281,已成交,用户提供的历史交易快照
29989058,922000001,CDXL,1.98,1,2017/1/3 10:00,20170103CDLG000410056515,B024-TXN-06282,已成交,用户提供的历史交易快照
30179962,930040000,CDXL,16.52,1,2017/1/3 10:01,20170103CDLG000410056516,B024-TXN-06283,已成交,用户提供的历史交易快照
29989156,923000000,CDXL,10.79,1,2017/1/3 10:01,20170103CDLG000410056517,B024-TXN-06284,已成交,用户提供的历史交易快照
29989540,924020000,CDXL,11.56,0,2017/1/3 10:01,20170103CDLG000410056517,B024-TXN-06285,已成交,用户提供的历史交易快照
30023194,922000008,CDXL,13.6,0,2017/1/3 10:01,20170103CDLG000410056517,B024-TXN-06286,已成交,用户提供的历史交易快照
30200518,922000000,CDXL,19.62,0,2017/1/3 10:01,20170103CDLG000410056517,B024-TXN-06287,已成交,用户提供的历史交易快照
29989073,922000002,CDXL,4.8,0,2017/1/3 10:01,20170103CDLG000410056517,B024-TXN-06288,已成交,用户提供的历史交易快照
30027007,923000006,CDXL,5.6,0,2017/1/3 10:01,20170103CDLG000410056517,B024-TXN-06289,已成交,用户提供的历史交易快照
30179520,915000100,CDXL,76.72,0,2017/1/3 10:01,20170103CDLG000410056517,B024-TXN-06290,已成交,用户提供的历史交易快照
29989059,922000003,CDXL,1.98,1,2017/1/3 10:01,20170103CDLG000410056517,B024-TXN-06291,已成交,用户提供的历史交易快照
29989071,922000002,CDXL,3.4,1,2017/1/3 10:01,20170103CDLG000410056517,B024-TXN-06292,已成交,用户提供的历史交易快照
30023192,922000000,CDXL,9.62,0,2017/1/3 10:03,20170103CDLG000410056518,B024-TXN-06293,已成交,用户提供的历史交易快照
30005386,914000003,CDXL,13.42,1,2017/1/3 10:03,20170103CDLG000410056518,B024-TXN-06294,已成交,用户提供的历史交易快照
30022232,960000000,CDXL,0.3,1,2017/1/3 10:03,20170103CDLG000410056518,B024-TXN-06295,已成交,用户提供的历史交易快照
29989060,922000000,CDXL,9.62,0,2017/1/3 10:03,20170103CDLG000410056518,B024-TXN-06296,已成交,用户提供的历史交易快照
29989059,922000003,CDXL,1.98,3,2017/1/3 10:03,20170103CDLG000410056518,B024-TXN-06297,已成交,用户提供的历史交易快照
30026352,920000202,CDXL,5.23,0,2017/1/3 10:04,20170103CDLG000410056519,B024-TXN-06298,已成交,用户提供的历史交易快照
30027007,923000006,CDXL,5.6,1,2017/1/3 10:04,20170103CDLG000410056519,B024-TXN-06299,已成交,用户提供的历史交易快照
30048072,914110003,CDXL,4.52,1,2017/1/3 10:04,20170103CDLG000410056519,B024-TXN-06300,已成交,用户提供的历史交易快照
30006343,915030400,CDXL,3.98,1,2017/1/3 10:04,20170103CDLG000410056519,B024-TXN-06301,已成交,用户提供的历史交易快照
29989059,922000003,CDXL,1.98,1,2017/1/3 10:04,20170103CDLG000410056519,B024-TXN-06302,已成交,用户提供的历史交易快照
30118372,915030001,CDXL,52.62,1,2017/1/3 10:09,20170103CDLG000410056520,B024-TXN-06303,已成交,用户提供的历史交易快照
30020249,923000002,CDXL,1.98,1,2017/1/3 10:10,20170103CDLG000410056521,B024-TXN-06304,已成交,用户提供的历史交易快照
30203637,923000006,CDXL,3.2,2,2017/1/3 10:10,20170103CDLG000410056521,B024-TXN-06305,已成交,用户提供的历史交易快照
29989157,923000000,CDXL,5.6,1,2017/1/3 10:10,20170103CDLG000410056521,B024-TXN-06306,已成交,用户提供的历史交易快照
30017132,914100004,CDXL,12.32,1,2017/1/3 10:13,20170103CDLG000410056522,B024-TXN-06307,已成交,用户提供的历史交易快照
30110331,930010000,CDXL,26.52,1,2017/1/3 10:13,20170103CDLG000410056522,B024-TXN-06308,已成交,用户提供的历史交易快照
30004182,914050500,CDXL,8.42,1,2017/1/3 10:13,20170103CDLG000410056522,B024-TXN-06309,已成交,用户提供的历史交易快照
30050864,914050501,CDXL,6.72,1,2017/1/3 10:13,20170103CDLG000410056522,B024-TXN-06310,已成交,用户提供的历史交易快照
30006362,914100000,CDXL,11.22,1,2017/1/3 10:13,20170103CDLG000410056522,B024-TXN-06311,已成交,用户提供的历史交易快照
30007804,910030000,CDXL,6.12,1,2017/1/3 10:14,20170103CDLG000410056524,B024-TXN-06312,已成交,用户提供的历史交易快照
30025687,922000200,CDXL,9.58,0,2017/1/3 10:14,20170103CDLG000410056524,B024-TXN-06313,已成交,用户提供的历史交易快照
30025687,922000200,CDXL,9.59,0,2017/1/3 10:14,20170103CDLG000410056524,B024-TXN-06314,已成交,用户提供的历史交易快照
30211467,930020001,CDXL,11.52,1,2017/1/3 10:14,20170103CDLG000410056524,B024-TXN-06315,已成交,用户提供的历史交易快照
30211467,930020001,CDXL,11.52,1,2017/1/3 10:14,20170103CDLG000410056524,B024-TXN-06316,已成交,用户提供的历史交易快照
30006041,915010000,CDXL,7.58,1,2017/1/3 10:14,20170103CDLG000410056524,B024-TXN-06317,已成交,用户提供的历史交易快照
30142024,910020202,CDXL,9.52,1,2017/1/3 10:14,20170103CDLG000410056524,B024-TXN-06318,已成交,用户提供的历史交易快照
30165626,915010004,CDXL,13.42,1,2017/1/3 10:14,20170103CDLG000410056524,B024-TXN-06319,已成交,用户提供的历史交易快照
30214313,930020502,CDXL,8.52,1,2017/1/3 10:14,20170103CDLG000410056524,B024-TXN-06320,已成交,用户提供的历史交易快照
30214313,930020502,CDXL,8.52,1,2017/1/3 10:14,20170103CDLG000410056524,B024-TXN-06321,已成交,用户提供的历史交易快照
29989086,922000002,CDXL,4.8,1,2017/1/3 10:14,20170103CDLG000410056524,B024-TXN-06322,已成交,用户提供的历史交易快照
30017787,914040401,CDXL,3.82,1,2017/1/3 10:14,20170103CDLG000410056524,B024-TXN-06323,已成交,用户提供的历史交易快照
29989087,922000002,CDXL,7.59,0,2017/1/3 10:14,20170103CDLG000410056524,B024-TXN-06324,已成交,用户提供的历史交易快照
30002814,913020003,CDXL,22.42,1,2017/1/3 10:14,20170103CDLG000410056524,B024-TXN-06325,已成交,用户提供的历史交易快照
30151329,924000000,CDXL,29.61,1,2017/1/3 10:14,20170103CDLG000410056524,B024-TXN-06326,已成交,用户提供的历史交易快照
30214813,925090000,CDXL,31.32,0,2017/1/3 10:14,20170103CDLG000410056524,B024-TXN-06327,已成交,用户提供的历史交易快照
29989149,923000004,CDXL,6.8,1,2017/1/3 10:15,20170103CDLG000410056525,B024-TXN-06328,已成交,用户提供的历史交易快照
29989059,922000003,CDXL,1.98,1,2017/1/3 10:15,20170103CDLG000410056525,B024-TXN-06329,已成交,用户提供的历史交易快照
29989059,922000003,CDXL,1.98,1,2017/1/3 10:15,20170103CDLG000410056525,B024-TXN-06330,已成交,用户提供的历史交易快照
30020249,923000002,CDXL,1.98,1,2017/1/3 10:16,20170103CDLG000410056526,B024-TXN-06331,已成交,用户提供的历史交易快照
30010587,914070201,CDXL,4.12,1,2017/1/3 10:16,20170103CDLG000410056526,B024-TXN-06332,已成交,用户提供的历史交易快照
30008276,911010501,CDXL,15.42,1,2017/1/3 10:16,20170103CDLG000410056526,B024-TXN-06333,已成交,用户提供的历史交易快照
30003860,914010001,CDXL,8.82,1,2017/1/3 10:16,20170103CDLG000410056526,B024-TXN-06334,已成交,用户提供的历史交易快照
29989059,922000003,CDXL,1.98,1,2017/1/3 10:16,20170103CDLG000410056527,B024-TXN-06335,已成交,用户提供的历史交易快照
29989059,922000003,CDXL,1.98,1,2017/1/3 10:16,20170103CDLG000410056527,B024-TXN-06336,已成交,用户提供的历史交易快照
30009740,912060303,CDXL,59.62,0,2017/1/3 10:18,20170103CDLG000410056529,B024-TXN-06337,已成交,用户提供的历史交易快照
30023195,922000001,CDXL,1.98,0,2017/1/3 10:18,20170103CDLG000410056529,B024-TXN-06338,已成交,用户提供的历史交易快照
30134159,911000000,CDXL,2.0,1,2017/1/3 10:18,20170103CDLG000410056529,B024-TXN-06339,已成交,用户提供的历史交易快照
30134159,911000000,CDXL,2.0,1,2017/1/3 10:18,20170103CDLG000410056529,B024-TXN-06340,已成交,用户提供的历史交易快照
30009406,911000001,CDXL,2.0,1,2017/1/3 10:18,20170103CDLG000410056529,B024-TXN-06341,已成交,用户提供的历史交易快照
30009406,911000001,CDXL,2.0,1,2017/1/3 10:18,20170103CDLG000410056529,B024-TXN-06342,已成交,用户提供的历史交易快照
30023041,923000006,CDXL,3.2,1,2017/1/3 10:18,20170103CDLG000410056529,B024-TXN-06343,已成交,用户提供的历史交易快照
30003983,914000100,CDXL,5.52,1,2017/1/3 10:18,20170103CDLG000410056529,B024-TXN-06344,已成交,用户提供的历史交易快照
30091735,912060008,CDXL,39.21,0,2017/1/3 10:18,20170103CDLG000410056529,B024-TXN-06345,已成交,用户提供的历史交易快照
30162126,912060303,CDXL,51.25,0,2017/1/3 10:18,20170103CDLG000410056529,B024-TXN-06346,已成交,用户提供的历史交易快照
29989057,922000001,CDXL,2.38,0,2017/1/3 10:18,20170103CDLG000410056529,B024-TXN-06347,已成交,用户提供的历史交易快照
30008406,912060303,CDXL,29.2,0,2017/1/3 10:18,20170103CDLG000410056529,B024-TXN-06348,已成交,用户提供的历史交易快照
30099528,912060303,CDXL,23.21,1,2017/1/3 10:18,20170103CDLG000410056529,B024-TXN-06349,已成交,用户提供的历史交易快照
30026398,912020101,CDXL,12.42,1,2017/1/3 10:18,20170103CDLG000410056529,B024-TXN-06350,已成交,用户提供的历史交易快照
30144187,912060303,CDXL,33.24,0,2017/1/3 10:18,20170103CDLG000410056529,B024-TXN-06351,已成交,用户提供的历史交易快照
30156398,912040004,CDXL,2.62,1,2017/1/3 10:18,20170103CDLG000410056529,B024-TXN-06352,已成交,用户提供的历史交易快照
29989172,923000002,CDXL,9.6,1,2017/1/3 10:18,20170103CDLG000410056529,B024-TXN-06353,已成交,用户提供的历史交易快照
30130928,911000000,CDXL,2.5,1,2017/1/3 10:18,20170103CDLG000410056529,B024-TXN-06354,已成交,用户提供的历史交易快照
30026255,915030104,CDXL,4.83,3,2017/1/3 10:21,20170103CDLG000410056531,B024-TXN-06355,已成交,用户提供的历史交易快照
30113344,912060303,CDXL,13.42,1,2017/1/3 10:21,20170103CDLG000410056531,B024-TXN-06356,已成交,用户提供的历史交易快照
29989153,923000006,CDXL,7.6,1,2017/1/3 10:21,20170103CDLG000410056531,B024-TXN-06357,已成交,用户提供的历史交易快照
29989059,922000003,CDXL,1.98,1,2017/1/3 10:21,20170103CDLG000410056532,B024-TXN-06358,已成交,用户提供的历史交易快照
30214804,925090000,CDXL,33.46,0,2017/1/3 10:21,20170103CDLG000410056532,B024-TXN-06359,已成交,用户提供的历史交易快照
29989059,922000003,CDXL,1.98,2,2017/1/3 10:23,20170103CDLG000410056533,B024-TXN-06360,已成交,用户提供的历史交易快照
29989077,922000008,CDXL,11.58,0,2017/1/3 10:23,20170103CDLG000410056534,B024-TXN-06361,已成交,用户提供的历史交易快照
29989056,922000001,CDXL,5.6,0,2017/1/3 10:23,20170103CDLG000410056535,B024-TXN-06362,已成交,用户提供的历史交易快照
30039154,910020104,CDXL,3.82,1,2017/1/3 10:24,20170103CDLG000410056536,B024-TXN-06363,已成交,用户提供的历史交易快照
30104881,914100000,CDXL,5.52,1,2017/1/3 10:24,20170103CDLG000410056536,B024-TXN-06364,已成交,用户提供的历史交易快照
30006232,914100000,CDXL,5.52,1,2017/1/3 10:24,20170103CDLG000410056536,B024-TXN-06365,已成交,用户提供的历史交易快照
30017370,914050002,CDXL,2.0,1,2017/1/3 10:25,20170103CDLG000410056537,B024-TXN-06366,已成交,用户提供的历史交易快照
30017370,914050002,CDXL,2.0,1,2017/1/3 10:25,20170103CDLG000410056537,B024-TXN-06367,已成交,用户提供的历史交易快照
30017370,914050002,CDXL,2.0,1,2017/1/3 10:25,20170103CDLG000410056537,B024-TXN-06368,已成交,用户提供的历史交易快照
30017370,914050002,CDXL,2.0,1,2017/1/3 10:25,20170103CDLG000410056537,B024-TXN-06369,已成交,用户提供的历史交易快照
30023195,922000001,CDXL,1.98,1,2017/1/3 10:25,20170103CDLG000410056537,B024-TXN-06370,已成交,用户提供的历史交易快照
30022232,960000000,CDXL,0.3,1,2017/1/3 10:25,20170103CDLG000410056537,B024-TXN-06371,已成交,用户提供的历史交易快照
29989083,922000000,CDXL,4.2,1,2017/1/3 10:25,20170103CDLG000410056537,B024-TXN-06372,已成交,用户提供的历史交易快照
29989152,923000001,CDXL,5.6,2,2017/1/3 10:25,20170103CDLG000410056537,B024-TXN-06373,已成交,用户提供的历史交易快照
30023177,922000103,CDXL,6.2,1,2017/1/3 10:25,20170103CDLG000410056537,B024-TXN-06374,已成交,用户提供的历史交易快照
29989058,922000001,CDXL,1.98,2,2017/1/3 10:25,20170103CDLG000410056537,B024-TXN-06375,已成交,用户提供的历史交易快照
30001823,912020103,CDXL,1.5,1,2017/1/3 10:26,20170103CDLG000410056538,B024-TXN-06376,已成交,用户提供的历史交易快照
30001823,912020103,CDXL,1.5,1,2017/1/3 10:26,20170103CDLG000410056538,B024-TXN-06377,已成交,用户提供的历史交易快照
30200518,922000000,CDXL,19.62,0,2017/1/3 10:26,20170103CDLG000410056538,B024-TXN-06378,已成交,用户提供的历史交易快照
29989059,922000003,CDXL,1.98,1,2017/1/3 10:26,20170103CDLG000410056538,B024-TXN-06379,已成交,用户提供的历史交易快照
30004108,914000000,CDXL,7.42,1,2017/1/3 10:27,20170103CDLG000410056539,B024-TXN-06380,已成交,用户提供的历史交易快照
30179534,915000106,CDXL,120.64,0,2017/1/3 10:27,20170103CDLG000410056541,B024-TXN-06381,已成交,用户提供的历史交易快照
30179544,915000106,CDXL,49.62,0,2017/1/3 10:27,20170103CDLG000410056541,B024-TXN-06382,已成交,用户提供的历史交易快照
29989059,922000003,CDXL,1.98,1,2017/1/3 10:27,20170103CDLG000410056541,B024-TXN-06383,已成交,用户提供的历史交易快照
29989059,922000003,CDXL,1.98,1,2017/1/3 10:27,20170103CDLG000410056541,B024-TXN-06384,已成交,用户提供的历史交易快照
29989059,922000003,CDXL,1.98,1,2017/1/3 10:27,20170103CDLG000410056541,B024-TXN-06385,已成交,用户提供的历史交易快照
30151326,924000000,CDXL,19.58,1,2017/1/3 10:28,20170103CDLG000410056542,B024-TXN-06386,已成交,用户提供的历史交易快照
30023041,923000006,CDXL,3.2,2,2017/1/3 10:28,20170103CDLG000410056542,B024-TXN-06387,已成交,用户提供的历史交易快照
30007741,910030002,CDXL,1.91,15,2017/1/3 10:28,20170103CDLG000410056542,B024-TXN-06388,已成交,用户提供的历史交易快照
30007741,910030002,CDXL,1.91,15,2017/1/3 10:28,20170103CDLG000410056542,B024-TXN-06389,已成交,用户提供的历史交易快照
30022232,960000000,CDXL,0.3,1,2017/1/3 10:28,20170103CDLG000410056542,B024-TXN-06390,已成交,用户提供的历史交易快照
30203637,923000006,CDXL,3.2,2,2017/1/3 10:28,20170103CDLG000410056542,B024-TXN-06391,已成交,用户提供的历史交易快照
29989059,922000003,CDXL,1.98,2,2017/1/3 10:28,20170103CDLG000410056542,B024-TXN-06392,已成交,用户提供的历史交易快照
29989157,923000000,CDXL,5.6,2,2017/1/3 10:28,20170103CDLG000410056542,B024-TXN-06393,已成交,用户提供的历史交易快照
29989072,922000002,CDXL,0.78,3,2017/1/3 10:30,20170103CDLG000410056543,B024-TXN-06394,已成交,用户提供的历史交易快照
29989059,922000003,CDXL,1.98,1,2017/1/3 10:30,20170103CDLG000410056543,B024-TXN-06395,已成交,用户提供的历史交易快照
30006416,915030101,CDXL,5.6,1,2017/1/3 10:31,20170103CDLG000410056545,B024-TXN-06396,已成交,用户提供的历史交易快照
30073664,912060303,CDXL,27.26,0,2017/1/3 10:31,20170103CDLG000410056545,B024-TXN-06397,已成交,用户提供的历史交易快照
30008276,911010501,CDXL,15.41,0,2017/1/3 10:31,20170103CDLG000410056545,B024-TXN-06398,已成交,用户提供的历史交易快照
30027758,914060000,CDXL,14.42,1,2017/1/3 10:32,20170103CDLG000410056546,B024-TXN-06399,已成交,用户提供的历史交易快照
29989147,923000006,CDXL,3.6,1,2017/1/3 10:32,20170103CDLG000410056546,B024-TXN-06400,已成交,用户提供的历史交易快照
29989059,922000003,CDXL,1.98,1,2017/1/3 10:32,20170103CDLG000410056546,B024-TXN-06401,已成交,用户提供的历史交易快照
29989059,922000003,CDXL,1.98,2,2017/1/3 10:32,20170103CDLG000410056546,B024-TXN-06402,已成交,用户提供的历史交易快照
29989140,923000006,CDXL,7.6,1,2017/1/3 10:32,20170103CDLG000410056546,B024-TXN-06403,已成交,用户提供的历史交易快照
30023195,922000001,CDXL,1.98,0,2017/1/3 10:33,20170103CDLG000410056547,B024-TXN-06404,已成交,用户提供的历史交易快照
30131137,912030207,CDXL,3.12,1,2017/1/3 10:33,20170103CDLG000410056547,B024-TXN-06405,已成交,用户提供的历史交易快照
29989077,922000008,CDXL,11.6,0,2017/1/3 10:33,20170103CDLG000410056547,B024-TXN-06406,已成交,用户提供的历史交易快照
29989059,922000003,CDXL,1.98,1,2017/1/3 10:33,20170103CDLG000410056547,B024-TXN-06407,已成交,用户提供的历史交易快照
29989204,924030001,CDXL,31.6,0,2017/1/3 10:33,20170103CDLG000410056547,B024-TXN-06408,已成交,用户提供的历史交易快照
30006040,915010000,CDXL,9.58,0,2017/1/3 10:33,20170103CDLG000410056547,B024-TXN-06409,已成交,用户提供的历史交易快照
29989059,922000003,CDXL,1.98,1,2017/1/3 10:34,20170103CDLG000410056548,B024-TXN-06410,已成交,用户提供的历史交易快照
29989059,922000003,CDXL,1.98,2,2017/1/3 10:34,20170103CDLG000410056548,B024-TXN-06411,已成交,用户提供的历史交易快照
29989059,922000003,CDXL,1.98,2,2017/1/3 10:34,20170103CDLG000410056548,B024-TXN-06412,已成交,用户提供的历史交易快照
29989059,922000003,CDXL,1.98,1,2017/1/3 10:35,20170103CDLG000410056549,B024-TXN-06413,已成交,用户提供的历史交易快照
29989059,922000003,CDXL,1.98,1,2017/1/3 10:35,20170103CDLG000410056549,B024-TXN-06414,已成交,用户提供的历史交易快照
29989085,922000002,CDXL,1.18,1,2017/1/3 10:36,20170103CDLG000410056551,B024-TXN-06415,已成交,用户提供的历史交易快照
29989540,924020000,CDXL,11.59,1,2017/1/3 10:36,20170103CDLG000410056551,B024-TXN-06416,已成交,用户提供的历史交易快照
30023041,923000006,CDXL,3.2,2,2017/1/3 10:36,20170103CDLG000410056551,B024-TXN-06417,已成交,用户提供的历史交易快照
29989626,924030000,CDXL,15.6,0,2017/1/3 10:36,20170103CDLG000410056551,B024-TXN-06418,已成交,用户提供的历史交易快照
29989099,922000008,CDXL,1.58,1,2017/1/3 10:36,20170103CDLG000410056551,B024-TXN-06419,已成交,用户提供的历史交易快照
29989099,922000008,CDXL,1.58,1,2017/1/3 10:36,20170103CDLG000410056551,B024-TXN-06420,已成交,用户提供的历史交易快照
29989048,922000001,CDXL,1.98,1,2017/1/3 10:36,20170103CDLG000410056551,B024-TXN-06421,已成交,用户提供的历史交易快照
30148575,931050304,CDXL,4.52,1,2017/1/3 10:39,20170103CDLG000410056552,B024-TXN-06422,已成交,用户提供的历史交易快照
30148575,931050304,CDXL,4.52,1,2017/1/3 10:39,20170103CDLG000410056552,B024-TXN-06423,已成交,用户提供的历史交易快照
30010053,911000000,CDXL,3.02,1,2017/1/3 10:41,20170103CDLG000410056553,B024-TXN-06424,已成交,用户提供的历史交易快照
30142281,914030001,CDXL,7.62,1,2017/1/3 10:43,20170103CDLG000410056555,B024-TXN-06425,已成交,用户提供的历史交易快照
30135341,931050202,CDXL,10.52,1,2017/1/3 10:43,20170103CDLG000410056555,B024-TXN-06426,已成交,用户提供的历史交易快照
30171543,930020502,CDXL,14.52,1,2017/1/3 10:43,20170103CDLG000410056555,B024-TXN-06427,已成交,用户提供的历史交易快照
30171543,930020502,CDXL,18.15,2,2017/1/3 10:43,20170103CDLG000410056555,B024-TXN-06428,已成交,用户提供的历史交易快照
29989059,922000003,CDXL,1.98,1,2017/1/3 10:43,20170103CDLG000410056555,B024-TXN-06429,已成交,用户提供的历史交易快照
29989146,923000006,CDXL,6.8,1,2017/1/3 10:43,20170103CDLG000410056555,B024-TXN-06430,已成交,用户提供的历史交易快照
30000850,930020100,CDXL,7.22,1,2017/1/3 10:44,20170103CDLG000410056556,B024-TXN-06431,已成交,用户提供的历史交易快照
30000850,930020100,CDXL,7.22,1,2017/1/3 10:44,20170103CDLG000410056556,B024-TXN-06432,已成交,用户提供的历史交易快照
29989057,922000001,CDXL,2.38,1,2017/1/3 10:44,20170103CDLG000410056556,B024-TXN-06433,已成交,用户提供的历史交易快照
30143702,931060000,CDXL,9.52,1,2017/1/3 10:44,20170103CDLG000410056556,B024-TXN-06434,已成交,用户提供的历史交易快照
30184192,930010000,CDXL,29.52,1,2017/1/3 10:44,20170103CDLG000410056556,B024-TXN-06435,已成交,用户提供的历史交易快照
30195948,930020502,CDXL,9.52,1,2017/1/3 10:44,20170103CDLG000410056556,B024-TXN-06436,已成交,用户提供的历史交易快照
30186373,938030000,CDXL,7.62,1,2017/1/3 10:44,20170103CDLG000410056556,B024-TXN-06437,已成交,用户提供的历史交易快照
29989058,922000001,CDXL,1.98,2,2017/1/3 10:44,20170103CDLG000410056556,B024-TXN-06438,已成交,用户提供的历史交易快照
29989059,922000003,CDXL,1.98,1,2017/1/3 10:44,20170103CDLG000410056556,B024-TXN-06439,已成交,用户提供的历史交易快照
29989059,922000003,CDXL,1.98,1,2017/1/3 10:44,20170103CDLG000410056556,B024-TXN-06440,已成交,用户提供的历史交易快照
30020145,915030104,CDXL,4.16,1,2017/1/3 10:46,20170103CDLG000410056557,B024-TXN-06441,已成交,用户提供的历史交易快照
29989204,924030001,CDXL,31.59,2,2017/1/3 10:47,20170103CDLG000410056558,B024-TXN-06442,已成交,用户提供的历史交易快照
30020249,923000002,CDXL,1.98,1,2017/1/3 10:48,20170103CDLG000410056559,B024-TXN-06443,已成交,用户提供的历史交易快照
30002953,913020100,CDXL,16.62,1,2017/1/3 10:48,20170103CDLG000410056559,B024-TXN-06444,已成交,用户提供的历史交易快照
29989540,924020000,CDXL,11.57,1,2017/1/3 10:49,20170103CDLG000410056560,B024-TXN-06445,已成交,用户提供的历史交易快照
30006937,930010000,CDXL,20.52,1,2017/1/3 10:49,20170103CDLG000410056560,B024-TXN-06446,已成交,用户提供的历史交易快照
30017391,913050103,CDXL,3.32,1,2017/1/3 10:49,20170103CDLG000410056560,B024-TXN-06447,已成交,用户提供的历史交易快照
30129079,930010002,CDXL,19.52,1,2017/1/3 10:49,20170103CDLG000410056560,B024-TXN-06448,已成交,用户提供的历史交易快照
29989059,922000003,CDXL,1.98,1,2017/1/3 10:49,20170103CDLG000410056560,B024-TXN-06449,已成交,用户提供的历史交易快照
30214313,930020502,CDXL,8.52,1,2017/1/3 10:50,20170103CDLG000410056561,B024-TXN-06450,已成交,用户提供的历史交易快照
30031870,915030401,CDXL,6.58,2,2017/1/3 10:50,20170103CDLG000410056561,B024-TXN-06451,已成交,用户提供的历史交易快照
30166320,936010000,CDXL,6.52,1,2017/1/3 10:50,20170103CDLG000410056561,B024-TXN-06452,已成交,用户提供的历史交易快照
30115853,912030500,CDXL,5.42,1,2017/1/3 10:52,20170103CDLG000410056562,B024-TXN-06453,已成交,用户提供的历史交易快照
29989077,922000008,CDXL,11.62,0,2017/1/3 10:53,20170103CDLG000410056563,B024-TXN-06454,已成交,用户提供的历史交易快照
29989059,922000003,CDXL,3.98,1,2017/1/3 10:53,20170103CDLG000410056563,B024-TXN-06455,已成交,用户提供的历史交易快照
29989072,922000002,CDXL,0.78,3,2017/1/3 10:58,20170103CDLG000410056565,B024-TXN-06456,已成交,用户提供的历史交易快照
30005364,914010001,CDXL,5.52,1,2017/1/3 10:58,20170103CDLG000410056565,B024-TXN-06457,已成交,用户提供的历史交易快照
30173848,920090000,CDXL,1.3,2,2017/1/3 10:58,20170103CDLG000410056565,B024-TXN-06458,已成交,用户提供的历史交易快照
29999817,930000201,CDXL,11.52,1,2017/1/3 10:58,20170103CDLG000410056565,B024-TXN-06459,已成交,用户提供的历史交易快照
30004151,914030001,CDXL,5.32,1,2017/1/3 10:58,20170103CDLG000410056565,B024-TXN-06460,已成交,用户提供的历史交易快照
30009406,911000001,CDXL,2.0,1,2017/1/3 10:58,20170103CDLG000410056565,B024-TXN-06461,已成交,用户提供的历史交易快照
30165699,915020003,CDXL,7.12,1,2017/1/3 10:58,20170103CDLG000410056565,B024-TXN-06462,已成交,用户提供的历史交易快照
30168417,912500204,CDXL,3.82,1,2017/1/3 10:58,20170103CDLG000410056565,B024-TXN-06463,已成交,用户提供的历史交易快照
30205087,914010001,CDXL,9.52,1,2017/1/3 10:58,20170103CDLG000410056565,B024-TXN-06464,已成交,用户提供的历史交易快照
30214805,925090000,CDXL,39.43,1,2017/1/3 10:58,20170103CDLG000410056565,B024-TXN-06465,已成交,用户提供的历史交易快照
30010589,911000001,CDXL,1.2,1,2017/1/3 10:58,20170103CDLG000410056565,B024-TXN-06466,已成交,用户提供的历史交易快照
30139197,910020404,CDXL,7.82,1,2017/1/3 10:58,20170103CDLG000410056565,B024-TXN-06467,已成交,用户提供的历史交易快照
30006041,915010000,CDXL,7.58,1,2017/1/3 10:58,20170103CDLG000410056565,B024-TXN-06468,已成交,用户提供的历史交易快照
30023159,922000005,CDXL,2.8,1,2017/1/3 10:58,20170103CDLG000410056565,B024-TXN-06469,已成交,用户提供的历史交易快照
30047071,910030002,CDXL,1.24,19,2017/1/3 10:58,20170103CDLG000410056565,B024-TXN-06470,已成交,用户提供的历史交易快照
30214800,925090000,CDXL,25.41,1,2017/1/3 10:58,20170103CDLG000410056565,B024-TXN-06471,已成交,用户提供的历史交易快照
30006364,914100000,CDXL,11.22,1,2017/1/3 10:58,20170103CDLG000410056565,B024-TXN-06472,已成交,用户提供的历史交易快照
30009418,911000000,CDXL,1.2,1,2017/1/3 10:58,20170103CDLG000410056565,B024-TXN-06473,已成交,用户提供的历史交易快照
29989059,922000003,CDXL,3.98,1,2017/1/3 10:58,20170103CDLG000410056565,B024-TXN-06474,已成交,用户提供的历史交易快照
29989072,922000002,CDXL,0.78,7,2017/1/3 10:59,20170103CDLG000410056567,B024-TXN-06475,已成交,用户提供的历史交易快照
29989072,922000002,CDXL,0.78,9,2017/1/3 10:59,20170103CDLG000410056567,B024-TXN-06476,已成交,用户提供的历史交易快照
30132382,930010005,CDXL,7.52,1,2017/1/3 10:59,20170103CDLG000410056568,B024-TXN-06477,已成交,用户提供的历史交易快照
30134159,911000000,CDXL,2.0,1,2017/1/3 10:59,20170103CDLG000410056568,B024-TXN-06478,已成交,用户提供的历史交易快照
30163281,914010000,CDXL,2.0,1,2017/1/3 10:59,20170103CDLG000410056568,B024-TXN-06479,已成交,用户提供的历史交易快照
30163281,914010000,CDXL,2.0,1,2017/1/3 10:59,20170103CDLG000410056568,B024-TXN-06480,已成交,用户提供的历史交易快照
30192287,931050304,CDXL,9.52,1,2017/1/3 10:59,20170103CDLG000410056568,B024-TXN-06481,已成交,用户提供的历史交易快照
29992137,930040104,CDXL,19.52,1,2017/1/3 10:59,20170103CDLG000410056568,B024-TXN-06482,已成交,用户提供的历史交易快照
30004033,914000004,CDXL,5.12,1,2017/1/3 10:59,20170103CDLG000410056568,B024-TXN-06483,已成交,用户提供的历史交易快照
30023175,922000103,CDXL,5.61,0,2017/1/3 10:59,20170103CDLG000410056568,B024-TXN-06484,已成交,用户提供的历史交易快照
30002241,912060007,CDXL,60.73,0,2017/1/3 11:03,20170103CDLG000410056569,B024-TXN-06485,已成交,用户提供的历史交易快照
30002271,912060400,CDXL,25.46,0,2017/1/3 11:03,20170103CDLG000410056569,B024-TXN-06486,已成交,用户提供的历史交易快照
30002271,912060400,CDXL,25.39,0,2017/1/3 11:03,20170103CDLG000410056569,B024-TXN-06487,已成交,用户提供的历史交易快照
30026352,920000202,CDXL,5.22,1,2017/1/3 11:03,20170103CDLG000410056569,B024-TXN-06488,已成交,用户提供的历史交易快照
30071281,930020502,CDXL,13.12,1,2017/1/3 11:03,20170103CDLG000410056569,B024-TXN-06489,已成交,用户提供的历史交易快照
30071281,930020502,CDXL,13.12,1,2017/1/3 11:03,20170103CDLG000410056569,B024-TXN-06490,已成交,用户提供的历史交易快照
30119882,912080000,CDXL,5.42,1,2017/1/3 11:03,20170103CDLG000410056569,B024-TXN-06491,已成交,用户提供的历史交易快照
30136855,912060303,CDXL,17.43,1,2017/1/3 11:03,20170103CDLG000410056569,B024-TXN-06492,已成交,用户提供的历史交易快照
30009061,912030500,CDXL,3.12,1,2017/1/3 11:03,20170103CDLG000410056569,B024-TXN-06493,已成交,用户提供的历史交易快照
30022232,960000000,CDXL,0.3,1,2017/1/3 11:03,20170103CDLG000410056569,B024-TXN-06494,已成交,用户提供的历史交易快照
30148309,910030001,CDXL,3.78,7,2017/1/3 11:03,20170103CDLG000410056569,B024-TXN-06495,已成交,用户提供的历史交易快照
30046538,930020001,CDXL,9.52,1,2017/1/3 11:03,20170103CDLG000410056569,B024-TXN-06496,已成交,用户提供的历史交易快照
29989068,922000004,CDXL,5.6,0,2017/1/3 11:03,20170103CDLG000410056569,B024-TXN-06497,已成交,用户提供的历史交易快照
30002221,912060000,CDXL,21.41,0,2017/1/3 11:03,20170103CDLG000410056569,B024-TXN-06498,已成交,用户提供的历史交易快照
30036903,911000000,CDXL,5.52,1,2017/1/3 11:03,20170103CDLG000410056569,B024-TXN-06499,已成交,用户提供的历史交易快照
30003966,914000003,CDXL,13.62,1,2017/1/3 11:05,20170103CDLG000410056570,B024-TXN-06500,已成交,用户提供的历史交易快照
30164949,930020500,CDXL,20.52,1,2017/1/3 11:05,20170103CDLG000410056570,B024-TXN-06501,已成交,用户提供的历史交易快照
30005991,914030100,CDXL,2.0,1,2017/1/3 11:05,20170103CDLG000410056570,B024-TXN-06502,已成交,用户提供的历史交易快照
30005991,914030100,CDXL,2.0,1,2017/1/3 11:05,20170103CDLG000410056570,B024-TXN-06503,已成交,用户提供的历史交易快照
30022232,960000000,CDXL,0.3,1,2017/1/3 11:05,20170103CDLG000410056570,B024-TXN-06504,已成交,用户提供的历史交易快照
30022947,931060301,CDXL,6.12,1,2017/1/3 11:05,20170103CDLG000410056570,B024-TXN-06505,已成交,用户提供的历史交易快照
30211562,914000300,CDXL,9.52,1,2017/1/3 11:05,20170103CDLG000410056570,B024-TXN-06506,已成交,用户提供的历史交易快照
30137162,912060303,CDXL,43.84,0,2017/1/3 11:05,20170103CDLG000410056570,B024-TXN-06507,已成交,用户提供的历史交易快照
30023187,922000003,CDXL,3.2,1,2017/1/3 11:06,20170103CDLG000410056571,B024-TXN-06508,已成交,用户提供的历史交易快照
30023195,922000001,CDXL,1.98,1,2017/1/3 11:07,20170103CDLG000410056572,B024-TXN-06509,已成交,用户提供的历史交易快照
30023041,923000006,CDXL,3.2,1,2017/1/3 11:07,20170103CDLG000410056572,B024-TXN-06510,已成交,用户提供的历史交易快照
29989076,922000006,CDXL,3.58,1,2017/1/3 11:07,20170103CDLG000410056572,B024-TXN-06511,已成交,用户提供的历史交易快照
29989060,922000000,CDXL,9.6,0,2017/1/3 11:07,20170103CDLG000410056572,B024-TXN-06512,已成交,用户提供的历史交易快照
29989082,922000000,CDXL,8.79,0,2017/1/3 11:07,20170103CDLG000410056572,B024-TXN-06513,已成交,用户提供的历史交易快照
30023192,922000000,CDXL,9.62,0,2017/1/3 11:13,20170103CDLG000410056573,B024-TXN-06514,已成交,用户提供的历史交易快照
30209378,914040204,CDXL,3.12,1,2017/1/3 11:13,20170103CDLG000410056573,B024-TXN-06515,已成交,用户提供的历史交易快照
29989065,922000000,CDXL,21.64,0,2017/1/3 11:13,20170103CDLG000410056573,B024-TXN-06516,已成交,用户提供的历史交易快照
29989060,922000000,CDXL,9.62,0,2017/1/3 11:13,20170103CDLG000410056573,B024-TXN-06517,已成交,用户提供的历史交易快照
30005873,914020401,CDXL,3.12,1,2017/1/3 11:13,20170103CDLG000410056573,B024-TXN-06518,已成交,用户提供的历史交易快照
29989072,922000002,CDXL,0.78,2,2017/1/3 11:14,20170103CDLG000410056574,B024-TXN-06519,已成交,用户提供的历史交易快照
29989072,922000002,CDXL,0.78,3,2017/1/3 11:14,20170103CDLG000410056574,B024-TXN-06520,已成交,用户提供的历史交易快照
30026255,915030104,CDXL,3.32,3,2017/1/3 11:14,20170103CDLG000410056574,B024-TXN-06521,已成交,用户提供的历史交易快照
29989071,922000002,CDXL,3.4,2,2017/1/3 11:14,20170103CDLG000410056574,B024-TXN-06522,已成交,用户提供的历史交易快照
30007741,910030002,CDXL,1.91,15,2017/1/3 11:21,20170103CDLG000410056575,B024-TXN-06523,已成交,用户提供的历史交易快照
29989157,923000000,CDXL,5.6,2,2017/1/3 11:23,20170103CDLG000410056576,B024-TXN-06524,已成交,用户提供的历史交易快照
29989061,922000000,CDXL,5.62,0,2017/1/3 11:24,20170103CDLG000410056577,B024-TXN-06525,已成交,用户提供的历史交易快照
30196343,910030005,CDXL,12.42,1,2017/1/3 11:24,20170103CDLG000410056577,B024-TXN-06526,已成交,用户提供的历史交易快照
30023178,922000004,CDXL,6.19,0,2017/1/3 11:24,20170103CDLG000410056577,B024-TXN-06527,已成交,用户提供的历史交易快照
30023195,922000001,CDXL,1.98,1,2017/1/3 11:24,20170103CDLG000410056577,B024-TXN-06528,已成交,用户提供的历史交易快照
30010756,912040004,CDXL,8.12,1,2017/1/3 11:26,20170103CDLG000410056578,B024-TXN-06529,已成交,用户提供的历史交易快照
30005991,914030100,CDXL,2.0,1,2017/1/3 11:27,20170103CDLG000410056579,B024-TXN-06530,已成交,用户提供的历史交易快照
30132718,930000201,CDXL,24.52,1,2017/1/3 11:27,20170103CDLG000410056579,B024-TXN-06531,已成交,用户提供的历史交易快照
29989098,922000001,CDXL,2.8,1,2017/1/3 11:28,20170103CDLG000410056580,B024-TXN-06532,已成交,用户提供的历史交易快照
30013861,914050005,CDXL,1.8,1,2017/1/3 11:29,20170103CDLG000410056581,B024-TXN-06533,已成交,用户提供的历史交易快照
30163281,914010000,CDXL,1.6,2,2017/1/3 11:29,20170103CDLG000410056581,B024-TXN-06534,已成交,用户提供的历史交易快照
29989060,922000000,CDXL,9.62,0,2017/1/3 11:29,20170103CDLG000410056581,B024-TXN-06535,已成交,用户提供的历史交易快照
30010617,910020000,CDXL,2.0,1,2017/1/3 11:32,20170103CDLG000410056582,B024-TXN-06536,已成交,用户提供的历史交易快照
30031874,915030401,CDXL,5.62,1,2017/1/3 11:32,20170103CDLG000410056583,B024-TXN-06537,已成交,用户提供的历史交易快照
29989072,922000002,CDXL,0.78,2,2017/1/3 11:32,20170103CDLG000410056583,B024-TXN-06538,已成交,用户提供的历史交易快照
30179532,915000106,CDXL,13.59,0,2017/1/3 11:32,20170103CDLG000410056583,B024-TXN-06539,已成交,用户提供的历史交易快照
29989153,923000006,CDXL,7.6,1,2017/1/3 11:32,20170103CDLG000410056583,B024-TXN-06540,已成交,用户提供的历史交易快照
30110333,930010002,CDXL,49.52,1,2017/1/3 11:35,20170103CDLG000410056584,B024-TXN-06541,已成交,用户提供的历史交易快照
29989049,922000001,CDXL,1.98,1,2017/1/3 11:36,20170103CDLG000410056585,B024-TXN-06542,已成交,用户提供的历史交易快照
29989072,922000002,CDXL,0.78,1,2017/1/3 11:36,20170103CDLG000410056585,B024-TXN-06543,已成交,用户提供的历史交易快照
29989059,922000003,CDXL,3.98,2,2017/1/3 11:36,20170103CDLG000410056585,B024-TXN-06544,已成交,用户提供的历史交易快照
29989157,923000000,CDXL,5.6,2,2017/1/3 11:36,20170103CDLG000410056585,B024-TXN-06545,已成交,用户提供的历史交易快照
30021764,914020100,CDXL,1.5,1,2017/1/3 11:36,20170103CDLG000410056585,B024-TXN-06546,已成交,用户提供的历史交易快照
30021764,914020100,CDXL,1.5,1,2017/1/3 11:36,20170103CDLG000410056585,B024-TXN-06547,已成交,用户提供的历史交易快照
30021764,914020100,CDXL,1.5,1,2017/1/3 11:36,20170103CDLG000410056585,B024-TXN-06548,已成交,用户提供的历史交易快照
30031870,915030401,CDXL,6.58,2,2017/1/3 11:38,20170103CDLG000410056586,B024-TXN-06549,已成交,用户提供的历史交易快照
30006041,915010000,CDXL,7.58,1,2017/1/3 11:38,20170103CDLG000410056587,B024-TXN-06550,已成交,用户提供的历史交易快照
30020249,923000002,CDXL,1.98,2,2017/1/3 11:38,20170103CDLG000410056587,B024-TXN-06551,已成交,用户提供的历史交易快照
30026118,915020000,CDXL,4.92,1,2017/1/3 11:39,20170103CDLG000410056588,B024-TXN-06552,已成交,用户提供的历史交易快照
30072361,915030001,CDXL,59.62,1,2017/1/3 11:39,20170103CDLG000410056588,B024-TXN-06553,已成交,用户提供的历史交易快照
30023197,922000003,CDXL,6.8,1,2017/1/3 11:40,20170103CDLG000410056589,B024-TXN-06554,已成交,用户提供的历史交易快照
30156634,922000103,CDXL,37.61,0,2017/1/3 11:40,20170103CDLG000410056589,B024-TXN-06555,已成交,用户提供的历史交易快照
29989061,922000000,CDXL,5.6,0,2017/1/3 11:40,20170103CDLG000410056590,B024-TXN-06556,已成交,用户提供的历史交易快照
29989077,922000008,CDXL,11.59,0,2017/1/3 11:40,20170103CDLG000410056590,B024-TXN-06557,已成交,用户提供的历史交易快照
29989085,922000002,CDXL,1.18,1,2017/1/3 11:40,20170103CDLG000410056590,B024-TXN-06558,已成交,用户提供的历史交易快照
29989081,922000000,CDXL,8.19,0,2017/1/3 11:40,20170103CDLG000410056590,B024-TXN-06559,已成交,用户提供的历史交易快照
30005846,914000001,CDXL,8.02,1,2017/1/3 11:42,20170103CDLG000410056591,B024-TXN-06560,已成交,用户提供的历史交易快照
30039971,915030404,CDXL,20.62,1,2017/1/3 11:42,20170103CDLG000410056591,B024-TXN-06561,已成交,用户提供的历史交易快照
30184351,915000106,CDXL,15.58,1,2017/1/3 11:43,20170103CDLG000410056592,B024-TXN-06562,已成交,用户提供的历史交易快照
29989077,922000008,CDXL,11.6,1,2017/1/3 11:43,20170103CDLG000410056593,B024-TXN-06563,已成交,用户提供的历史交易快照
30022232,960000000,CDXL,0.3,1,2017/1/3 11:43,20170103CDLG000410056593,B024-TXN-06564,已成交,用户提供的历史交易快照
30026352,920000202,CDXL,5.22,1,2017/1/3 11:43,20170103CDLG000410056593,B024-TXN-06565,已成交,用户提供的历史交易快照
29989105,922000000,CDXL,2.8,1,2017/1/3 11:43,20170103CDLG000410056593,B024-TXN-06566,已成交,用户提供的历史交易快照
29989058,922000001,CDXL,1.98,2,2017/1/3 11:43,20170103CDLG000410056593,B024-TXN-06567,已成交,用户提供的历史交易快照
29989058,922000001,CDXL,1.98,2,2017/1/3 11:43,20170103CDLG000410056593,B024-TXN-06568,已成交,用户提供的历史交易快照
29989050,922000001,CDXL,6.79,0,2017/1/3 11:44,20170103CDLG000410056594,B024-TXN-06569,已成交,用户提供的历史交易快照
30063411,910020300,CDXL,2.62,1,2017/1/3 11:44,20170103CDLG000410056594,B024-TXN-06570,已成交,用户提供的历史交易快照
30144190,914000100,CDXL,3.62,1,2017/1/3 11:44,20170103CDLG000410056594,B024-TXN-06571,已成交,用户提供的历史交易快照
29989082,922000000,CDXL,8.82,0,2017/1/3 11:44,20170103CDLG000410056594,B024-TXN-06572,已成交,用户提供的历史交易快照
29989146,923000006,CDXL,6.8,1,2017/1/3 11:44,20170103CDLG000410056594,B024-TXN-06573,已成交,用户提供的历史交易快照
30203637,923000006,CDXL,3.2,1,2017/1/3 17:13,20170103CDLG000410056595,B024-TXN-06574,已成交,用户提供的历史交易快照
29989157,923000000,CDXL,5.6,1,2017/1/3 17:13,20170103CDLG000410056595,B024-TXN-06575,已成交,用户提供的历史交易快照
30002226,912060001,CDXL,33.32,0,2017/1/3 17:13,20170103CDLG000410056595,B024-TXN-06576,已成交,用户提供的历史交易快照
29989077,922000008,CDXL,11.59,0,2017/1/3 17:14,20170103CDLG000410056596,B024-TXN-06577,已成交,用户提供的历史交易快照
29989091,922000000,CDXL,4.2,1,2017/1/3 17:14,20170103CDLG000410056596,B024-TXN-06578,已成交,用户提供的历史交易快照
30026398,912020101,CDXL,12.42,1,2017/1/3 17:14,20170103CDLG000410056596,B024-TXN-06579,已成交,用户提供的历史交易快照
30201152,912020104,CDXL,6.32,1,2017/1/3 17:14,20170103CDLG000410056596,B024-TXN-06580,已成交,用户提供的历史交易快照
30214804,925090000,CDXL,33.44,1,2017/1/3 17:14,20170103CDLG000410056596,B024-TXN-06581,已成交,用户提供的历史交易快照
29989540,924020000,CDXL,11.57,0,2017/1/3 17:17,20170103CDLG000410056598,B024-TXN-06582,已成交,用户提供的历史交易快照
30002271,912060400,CDXL,25.35,0,2017/1/3 17:17,20170103CDLG000410056598,B024-TXN-06583,已成交,用户提供的历史交易快照
30001010,930020700,CDXL,16.52,1,2017/1/3 17:17,20170103CDLG000410056598,B024-TXN-06584,已成交,用户提供的历史交易快照
30132335,930040200,CDXL,43.52,1,2017/1/3 17:17,20170103CDLG000410056598,B024-TXN-06585,已成交,用户提供的历史交易快照
30212289,931060404,CDXL,3.9,1,2017/1/3 17:17,20170103CDLG000410056598,B024-TXN-06586,已成交,用户提供的历史交易快照
30195948,930020502,CDXL,9.52,1,2017/1/3 17:18,20170103CDLG000410056599,B024-TXN-06587,已成交,用户提供的历史交易快照
30157323,910030000,CDXL,2.44,7,2017/1/3 17:19,20170103CDLG000410056600,B024-TXN-06588,已成交,用户提供的历史交易快照
30010791,914090003,CDXL,59.52,1,2017/1/3 17:21,20170103CDLG000410056602,B024-TXN-06589,已成交,用户提供的历史交易快照
30010791,914090003,CDXL,59.52,1,2017/1/3 17:22,20170103CDLG000410056604,B024-TXN-06590,已成交,用户提供的历史交易快照
30000851,930020102,CDXL,6.52,1,2017/1/3 17:25,20170103CDLG000410056605,B024-TXN-06591,已成交,用户提供的历史交易快照
30000851,930020102,CDXL,6.52,1,2017/1/3 17:25,20170103CDLG000410056605,B024-TXN-06592,已成交,用户提供的历史交易快照
30167702,930040000,CDXL,5.52,1,2017/1/3 17:25,20170103CDLG000410056605,B024-TXN-06593,已成交,用户提供的历史交易快照
30199833,930040000,CDXL,9.52,1,2017/1/3 17:25,20170103CDLG000410056605,B024-TXN-06594,已成交,用户提供的历史交易快照
29989077,922000008,CDXL,11.59,0,2017/1/3 17:25,20170103CDLG000410056606,B024-TXN-06595,已成交,用户提供的历史交易快照
30072117,922000001,CDXL,4.0,0,2017/1/3 17:28,20170103CDLG000410056607,B024-TXN-06596,已成交,用户提供的历史交易快照
29989059,922000003,CDXL,3.98,0,2017/1/3 17:28,20170103CDLG000410056607,B024-TXN-06597,已成交,用户提供的历史交易快照
29989059,922000003,CDXL,3.98,0,2017/1/3 17:28,20170103CDLG000410056607,B024-TXN-06598,已成交,用户提供的历史交易快照
30000889,930020104,CDXL,4.42,1,2017/1/3 17:30,20170103CDLG000410056608,B024-TXN-06599,已成交,用户提供的历史交易快照
30214187,912060304,CDXL,39.23,0,2017/1/3 17:30,20170103CDLG000410056608,B024-TXN-06600,已成交,用户提供的历史交易快照
30022232,960000000,CDXL,0.3,1,2017/1/3 17:30,20170103CDLG000410056608,B024-TXN-06601,已成交,用户提供的历史交易快照
30008385,912060303,CDXL,25.45,0,2017/1/3 17:30,20170103CDLG000410056608,B024-TXN-06602,已成交,用户提供的历史交易快照
30073664,912060303,CDXL,27.22,0,2017/1/3 17:30,20170103CDLG000410056608,B024-TXN-06603,已成交,用户提供的历史交易快照
30209610,912040202,CDXL,9.52,1,2017/1/3 17:30,20170103CDLG000410056608,B024-TXN-06604,已成交,用户提供的历史交易快照
30001769,912020102,CDXL,2.0,1,2017/1/3 17:30,20170103CDLG000410056608,B024-TXN-06605,已成交,用户提供的历史交易快照
30009323,912500204,CDXL,2.92,1,2017/1/3 17:30,20170103CDLG000410056608,B024-TXN-06606,已成交,用户提供的历史交易快照
30061706,912500301,CDXL,6.62,1,2017/1/3 17:30,20170103CDLG000410056608,B024-TXN-06607,已成交,用户提供的历史交易快照
30089480,910020105,CDXL,3.12,1,2017/1/3 17:30,20170103CDLG000410056608,B024-TXN-06608,已成交,用户提供的历史交易快照
30001586,910020302,CDXL,5.52,1,2017/1/3 17:33,20170103CDLG000410056610,B024-TXN-06609,已成交,用户提供的历史交易快照
30001586,910020302,CDXL,5.52,1,2017/1/3 17:33,20170103CDLG000410056610,B024-TXN-06610,已成交,用户提供的历史交易快照
30001585,910020300,CDXL,5.52,1,2017/1/3 17:33,20170103CDLG000410056610,B024-TXN-06611,已成交,用户提供的历史交易快照
30001585,910020300,CDXL,5.52,1,2017/1/3 17:33,20170103CDLG000410056610,B024-TXN-06612,已成交,用户提供的历史交易快照
30214313,930020502,CDXL,8.52,1,2017/1/3 17:33,20170103CDLG000410056611,B024-TXN-06613,已成交,用户提供的历史交易快照
30214313,930020502,CDXL,8.52,1,2017/1/3 17:33,20170103CDLG000410056611,B024-TXN-06614,已成交,用户提供的历史交易快照
29989161,923000006,CDXL,15.62,0,2017/1/3 17:36,20170103CDLG000410056612,B024-TXN-06615,已成交,用户提供的历史交易快照
30027007,923000006,CDXL,5.6,3,2017/1/3 17:36,20170103CDLG000410056612,B024-TXN-06616,已成交,用户提供的历史交易快照
30203637,923000006,CDXL,3.21,0,2017/1/3 17:36,20170103CDLG000410056612,B024-TXN-06617,已成交,用户提供的历史交易快照
30006041,915010000,CDXL,7.58,1,2017/1/3 17:41,20170103CDLG000410056613,B024-TXN-06618,已成交,用户提供的历史交易快照
30023041,923000006,CDXL,3.2,1,2017/1/3 17:43,20170103CDLG000410056614,B024-TXN-06619,已成交,用户提供的历史交易快照
30168345,930010002,CDXL,49.52,1,2017/1/3 17:43,20170103CDLG000410056614,B024-TXN-06620,已成交,用户提供的历史交易快照
30005880,914020403,CDXL,8.52,1,2017/1/3 17:45,20170103CDLG000410056615,B024-TXN-06621,已成交,用户提供的历史交易快照
30161585,914030000,CDXL,3.82,1,2017/1/3 17:45,20170103CDLG000410056615,B024-TXN-06622,已成交,用户提供的历史交易快照
30004137,914040100,CDXL,9.72,1,2017/1/3 17:45,20170103CDLG000410056616,B024-TXN-06623,已成交,用户提供的历史交易快照
30038433,923000006,CDXL,15.6,1,2017/1/3 17:45,20170103CDLG000410056616,B024-TXN-06624,已成交,用户提供的历史交易快照
30152499,930040200,CDXL,18.12,1,2017/1/3 17:46,20170103CDLG000410056617,B024-TXN-06625,已成交,用户提供的历史交易快照
30006041,915010000,CDXL,7.58,0,2017/1/3 17:50,20170103CDLG000410056618,B024-TXN-06626,已成交,用户提供的历史交易快照
30082802,915030400,CDXL,5.78,2,2017/1/3 17:53,20170103CDLG000410056619,B024-TXN-06627,已成交,用户提供的历史交易快照
30186923,914110101,CDXL,5.52,1,2017/1/3 17:55,20170103CDLG000410056620,B024-TXN-06628,已成交,用户提供的历史交易快照
29989083,922000000,CDXL,4.2,0,2017/1/3 17:55,20170103CDLG000410056620,B024-TXN-06629,已成交,用户提供的历史交易快照
30008629,912030500,CDXL,4.12,1,2017/1/3 17:55,20170103CDLG000410056620,B024-TXN-06630,已成交,用户提供的历史交易快照
30214801,925090000,CDXL,27.44,0,2017/1/3 17:55,20170103CDLG000410056620,B024-TXN-06631,已成交,用户提供的历史交易快照
29989081,922000000,CDXL,8.19,0,2017/1/3 17:55,20170103CDLG000410056620,B024-TXN-06632,已成交,用户提供的历史交易快照
29989048,922000001,CDXL,1.98,1,2017/1/3 17:55,20170103CDLG000410056620,B024-TXN-06633,已成交,用户提供的历史交易快照
29989071,922000002,CDXL,3.4,1,2017/1/3 17:55,20170103CDLG000410056620,B024-TXN-06634,已成交,用户提供的历史交易快照
30110225,910020207,CDXL,3.72,1,2017/1/3 17:56,20170103CDLG000410056621,B024-TXN-06635,已成交,用户提供的历史交易快照
30084698,930040006,CDXL,3.52,1,2017/1/3 17:56,20170103CDLG000410056621,B024-TXN-06636,已成交,用户提供的历史交易快照
30110228,910020207,CDXL,3.72,1,2017/1/3 17:56,20170103CDLG000410056621,B024-TXN-06637,已成交,用户提供的历史交易快照
30084693,930040007,CDXL,4.52,1,2017/1/3 17:56,20170103CDLG000410056621,B024-TXN-06638,已成交,用户提供的历史交易快照
30009933,912030002,CDXL,4.82,1,2017/1/3 17:57,20170103CDLG000410056622,B024-TXN-06639,已成交,用户提供的历史交易快照
30211009,912040002,CDXL,2.0,1,2017/1/3 17:57,20170103CDLG000410056622,B024-TXN-06640,已成交,用户提供的历史交易快照
30022232,960000000,CDXL,0.3,1,2017/1/3 17:57,20170103CDLG000410056622,B024-TXN-06641,已成交,用户提供的历史交易快照
29989083,922000000,CDXL,4.2,0,2017/1/3 17:57,20170103CDLG000410056622,B024-TXN-06642,已成交,用户提供的历史交易快照
30024094,914050001,CDXL,2.72,1,2017/1/3 17:57,20170103CDLG000410056622,B024-TXN-06643,已成交,用户提供的历史交易快照
30116890,914070100,CDXL,10.42,1,2017/1/3 17:57,20170103CDLG000410056622,B024-TXN-06644,已成交,用户提供的历史交易快照
30214801,925090000,CDXL,27.42,0,2017/1/3 17:57,20170103CDLG000410056622,B024-TXN-06645,已成交,用户提供的历史交易快照
30009740,912060303,CDXL,59.62,0,2017/1/3 17:57,20170103CDLG000410056622,B024-TXN-06646,已成交,用户提供的历史交易快照
29989048,922000001,CDXL,1.98,1,2017/1/3 17:57,20170103CDLG000410056622,B024-TXN-06647,已成交,用户提供的历史交易快照
29989071,922000002,CDXL,3.4,1,2017/1/3 17:57,20170103CDLG000410056622,B024-TXN-06648,已成交,用户提供的历史交易快照
29989172,923000002,CDXL,9.6,1,2017/1/3 17:57,20170103CDLG000410056622,B024-TXN-06649,已成交,用户提供的历史交易快照
30129933,912060403,CDXL,27.15,0,2017/1/3 17:57,20170103CDLG000410056622,B024-TXN-06650,已成交,用户提供的历史交易快照
30022232,960000000,CDXL,0.3,1,2017/1/3 17:59,20170103CDLG000410056623,B024-TXN-06651,已成交,用户提供的历史交易快照
30104667,910010101,CDXL,21.52,1,2017/1/3 17:59,20170103CDLG000410056623,B024-TXN-06652,已成交,用户提供的历史交易快照
30104667,910010101,CDXL,21.52,1,2017/1/3 17:59,20170103CDLG000410056623,B024-TXN-06653,已成交,用户提供的历史交易快照
30104667,910010101,CDXL,21.52,1,2017/1/3 17:59,20170103CDLG000410056623,B024-TXN-06654,已成交,用户提供的历史交易快照
30104668,910010101,CDXL,18.52,1,2017/1/3 17:59,20170103CDLG000410056623,B024-TXN-06655,已成交,用户提供的历史交易快照
30013857,914050005,CDXL,3.12,1,2017/1/3 18:06,20170103CDLG000410056624,B024-TXN-06656,已成交,用户提供的历史交易快照
30013857,914050005,CDXL,3.12,1,2017/1/3 18:06,20170103CDLG000410056624,B024-TXN-06657,已成交,用户提供的历史交易快照
30162126,912060303,CDXL,51.27,0,2017/1/3 18:06,20170103CDLG000410056624,B024-TXN-06658,已成交,用户提供的历史交易快照
30022233,960000000,CDXL,0.2,1,2017/1/3 18:06,20170103CDLG000410056624,B024-TXN-06659,已成交,用户提供的历史交易快照
30005384,914070100,CDXL,8.42,1,2017/1/3 18:06,20170103CDLG000410056624,B024-TXN-06660,已成交,用户提供的历史交易快照
30046919,914100002,CDXL,7.82,1,2017/1/3 18:09,20170103CDLG000410056625,B024-TXN-06661,已成交,用户提供的历史交易快照
30197630,914100000,CDXL,4.82,1,2017/1/3 18:09,20170103CDLG000410056625,B024-TXN-06662,已成交,用户提供的历史交易快照
30209618,914100004,CDXL,4.12,1,2017/1/3 18:09,20170103CDLG000410056625,B024-TXN-06663,已成交,用户提供的历史交易快照
30092226,912040005,CDXL,5.32,1,2017/1/3 18:09,20170103CDLG000410056625,B024-TXN-06664,已成交,用户提供的历史交易快照
30002388,912030002,CDXL,2.7,1,2017/1/3 18:09,20170103CDLG000410056625,B024-TXN-06665,已成交,用户提供的历史交易快照
30028552,912000104,CDXL,2.7,1,2017/1/3 18:09,20170103CDLG000410056625,B024-TXN-06666,已成交,用户提供的历史交易快照
30131208,912500100,CDXL,4.12,1,2017/1/3 18:10,20170103CDLG000410056626,B024-TXN-06667,已成交,用户提供的历史交易快照
30131211,912500100,CDXL,4.12,1,2017/1/3 18:10,20170103CDLG000410056626,B024-TXN-06668,已成交,用户提供的历史交易快照
30027007,923000006,CDXL,5.6,1,2017/1/3 18:10,20170103CDLG000410056626,B024-TXN-06669,已成交,用户提供的历史交易快照
30020269,923000101,CDXL,7.59,0,2017/1/3 18:10,20170103CDLG000410056626,B024-TXN-06670,已成交,用户提供的历史交易快照
30135343,931060000,CDXL,13.52,1,2017/1/3 18:10,20170103CDLG000410056626,B024-TXN-06671,已成交,用户提供的历史交易快照
30008174,911010100,CDXL,23.62,1,2017/1/3 18:13,20170103CDLG000410056628,B024-TXN-06672,已成交,用户提供的历史交易快照
30009406,911000001,CDXL,2.0,1,2017/1/3 18:13,20170103CDLG000410056628,B024-TXN-06673,已成交,用户提供的历史交易快照
30009406,911000001,CDXL,2.0,1,2017/1/3 18:13,20170103CDLG000410056628,B024-TXN-06674,已成交,用户提供的历史交易快照
29989099,922000008,CDXL,1.58,1,2017/1/3 18:13,20170103CDLG000410056628,B024-TXN-06675,已成交,用户提供的历史交易快照
30010681,914050001,CDXL,2.12,1,2017/1/3 18:13,20170103CDLG000410056628,B024-TXN-06676,已成交,用户提供的历史交易快照
30031738,915030101,CDXL,4.92,2,2017/1/3 18:13,20170103CDLG000410056628,B024-TXN-06677,已成交,用户提供的历史交易快照
29989059,922000003,CDXL,3.98,1,2017/1/3 18:13,20170103CDLG000410056628,B024-TXN-06678,已成交,用户提供的历史交易快照
30003923,914120101,CDXL,1.12,2,2017/1/3 18:13,20170103CDLG000410056628,B024-TXN-06679,已成交,用户提供的历史交易快照
29991389,930020104,CDXL,7.92,1,2017/1/3 18:15,20170103CDLG000410056630,B024-TXN-06680,已成交,用户提供的历史交易快照
30214313,930020502,CDXL,8.52,1,2017/1/3 18:18,20170103CDLG000410056631,B024-TXN-06681,已成交,用户提供的历史交易快照
30002241,912060007,CDXL,60.43,0,2017/1/3 18:18,20170103CDLG000410056631,B024-TXN-06682,已成交,用户提供的历史交易快照
30211713,912030002,CDXL,5.12,1,2017/1/3 18:18,20170103CDLG000410056631,B024-TXN-06683,已成交,用户提供的历史交易快照
30126246,910010500,CDXL,13.62,1,2017/1/3 18:19,20170103CDLG000410056632,B024-TXN-06684,已成交,用户提供的历史交易快照
30147127,910020300,CDXL,1.65,2,2017/1/3 18:19,20170103CDLG000410056632,B024-TXN-06685,已成交,用户提供的历史交易快照
30126249,910010500,CDXL,13.62,1,2017/1/3 18:19,20170103CDLG000410056632,B024-TXN-06686,已成交,用户提供的历史交易快照
30204500,931060126,CDXL,5.52,1,2017/1/3 18:21,20170103CDLG000410056633,B024-TXN-06687,已成交,用户提供的历史交易快照
30072119,922000001,CDXL,2.0,2,2017/1/3 18:23,20170103CDLG000410056634,B024-TXN-06688,已成交,用户提供的历史交易快照
30072121,922000001,CDXL,1.0,2,2017/1/3 18:23,20170103CDLG000410056634,B024-TXN-06689,已成交,用户提供的历史交易快照
29989151,923000002,CDXL,7.59,0,2017/1/3 18:25,20170103CDLG000410056635,B024-TXN-06690,已成交,用户提供的历史交易快照
30008381,912060301,CDXL,19.42,1,2017/1/3 18:25,20170103CDLG000410056635,B024-TXN-06691,已成交,用户提供的历史交易快照
30008604,912020106,CDXL,1.2,1,2017/1/3 18:25,20170103CDLG000410056635,B024-TXN-06692,已成交,用户提供的历史交易快照
30008604,912020106,CDXL,1.2,1,2017/1/3 18:25,20170103CDLG000410056635,B024-TXN-06693,已成交,用户提供的历史交易快照
30008600,912020106,CDXL,1.2,1,2017/1/3 18:25,20170103CDLG000410056635,B024-TXN-06694,已成交,用户提供的历史交易快照
29989059,922000003,CDXL,3.98,1,2017/1/3 18:25,20170103CDLG000410056635,B024-TXN-06695,已成交,用户提供的历史交易快照
29989059,922000003,CDXL,3.98,2,2017/1/3 18:25,20170103CDLG000410056635,B024-TXN-06696,已成交,用户提供的历史交易快照
29989157,923000000,CDXL,5.6,2,2017/1/3 18:25,20170103CDLG000410056635,B024-TXN-06697,已成交,用户提供的历史交易快照
30008598,912020106,CDXL,1.2,1,2017/1/3 18:25,20170103CDLG000410056635,B024-TXN-06698,已成交,用户提供的历史交易快照
30005991,914030100,CDXL,2.0,1,2017/1/3 18:26,20170103CDLG000410056636,B024-TXN-06699,已成交,用户提供的历史交易快照
30197932,914120302,CDXL,5.82,1,2017/1/3 18:26,20170103CDLG000410056636,B024-TXN-06700,已成交,用户提供的历史交易快照
30009769,912020300,CDXL,5.42,1,2017/1/3 18:26,20170103CDLG000410056636,B024-TXN-06701,已成交,用户提供的历史交易快照
30118372,915030001,CDXL,52.62,1,2017/1/3 18:26,20170103CDLG000410056636,B024-TXN-06702,已成交,用户提供的历史交易快照
30004155,914030005,CDXL,6.62,1,2017/1/3 18:27,20170103CDLG000410056637,B024-TXN-06703,已成交,用户提供的历史交易快照
30004155,914030005,CDXL,6.62,1,2017/1/3 18:27,20170103CDLG000410056637,B024-TXN-06704,已成交,用户提供的历史交易快照
30006232,914100000,CDXL,5.52,1,2017/1/3 18:27,20170103CDLG000410056637,B024-TXN-06705,已成交,用户提供的历史交易快照
30009417,911000001,CDXL,3.12,1,2017/1/3 18:30,20170103CDLG000410056638,B024-TXN-06706,已成交,用户提供的历史交易快照
30010033,911000000,CDXL,4.12,1,2017/1/3 18:30,20170103CDLG000410056638,B024-TXN-06707,已成交,用户提供的历史交易快照
30085815,931010103,CDXL,6.52,1,2017/1/3 18:31,20170103CDLG000410056639,B024-TXN-06708,已成交,用户提供的历史交易快照
30085820,931020102,CDXL,9.52,1,2017/1/3 18:31,20170103CDLG000410056639,B024-TXN-06709,已成交,用户提供的历史交易快照
30139244,930020502,CDXL,14.52,1,2017/1/3 18:31,20170103CDLG000410056639,B024-TXN-06710,已成交,用户提供的历史交易快照
30139244,930020502,CDXL,14.52,1,2017/1/3 18:31,20170103CDLG000410056639,B024-TXN-06711,已成交,用户提供的历史交易快照
30027007,923000006,CDXL,5.6,1,2017/1/3 18:34,20170103CDLG000410056640,B024-TXN-06712,已成交,用户提供的历史交易快照
30156273,914100004,CDXL,21.62,1,2017/1/3 18:37,20170103CDLG000410056641,B024-TXN-06713,已成交,用户提供的历史交易快照
29992424,930040101,CDXL,1.9,3,2017/1/3 18:37,20170103CDLG000410056641,B024-TXN-06714,已成交,用户提供的历史交易快照
30022233,960000000,CDXL,0.2,1,2017/1/3 18:37,20170103CDLG000410056641,B024-TXN-06715,已成交,用户提供的历史交易快照
30166136,930040000,CDXL,12.52,1,2017/1/3 18:37,20170103CDLG000410056641,B024-TXN-06716,已成交,用户提供的历史交易快照
30010587,914070201,CDXL,4.12,1,2017/1/3 18:37,20170103CDLG000410056641,B024-TXN-06717,已成交,用户提供的历史交易快照
30010587,914070201,CDXL,4.12,1,2017/1/3 18:37,20170103CDLG000410056641,B024-TXN-06718,已成交,用户提供的历史交易快照
30166139,930040000,CDXL,12.52,1,2017/1/3 18:37,20170103CDLG000410056641,B024-TXN-06719,已成交,用户提供的历史交易快照
30181164,932010300,CDXL,1.9,1,2017/1/3 18:37,20170103CDLG000410056641,B024-TXN-06720,已成交,用户提供的历史交易快照
30079003,930040003,CDXL,12.22,1,2017/1/3 18:37,20170103CDLG000410056641,B024-TXN-06721,已成交,用户提供的历史交易快照
30079003,930040003,CDXL,12.22,1,2017/1/3 18:37,20170103CDLG000410056641,B024-TXN-06722,已成交,用户提供的历史交易快照
30176901,930040000,CDXL,9.52,1,2017/1/3 18:37,20170103CDLG000410056641,B024-TXN-06723,已成交,用户提供的历史交易快照
29989059,922000003,CDXL,3.98,2,2017/1/3 18:37,20170103CDLG000410056641,B024-TXN-06724,已成交,用户提供的历史交易快照
29989071,922000002,CDXL,3.4,2,2017/1/3 18:37,20170103CDLG000410056641,B024-TXN-06725,已成交,用户提供的历史交易快照
30006252,914100003,CDXL,12.12,1,2017/1/3 18:37,20170103CDLG000410056641,B024-TXN-06726,已成交,用户提供的历史交易快照
30023197,922000003,CDXL,6.8,1,2017/1/3 18:37,20170103CDLG000410056641,B024-TXN-06727,已成交,用户提供的历史交易快照
30171531,912030007,CDXL,7.52,1,2017/1/3 18:39,20170103CDLG000410056642,B024-TXN-06728,已成交,用户提供的历史交易快照
30171531,912030007,CDXL,7.52,1,2017/1/3 18:39,20170103CDLG000410056642,B024-TXN-06729,已成交,用户提供的历史交易快照
30022232,960000000,CDXL,0.3,1,2017/1/3 18:41,20170103CDLG000410056643,B024-TXN-06730,已成交,用户提供的历史交易快照
30063953,914020402,CDXL,8.62,1,2017/1/3 18:41,20170103CDLG000410056643,B024-TXN-06731,已成交,用户提供的历史交易快照
30013920,914040004,CDXL,6.62,1,2017/1/3 18:41,20170103CDLG000410056643,B024-TXN-06732,已成交,用户提供的历史交易快照
29989085,922000002,CDXL,1.18,1,2017/1/3 18:41,20170103CDLG000410056643,B024-TXN-06733,已成交,用户提供的历史交易快照
30005737,914040204,CDXL,3.02,1,2017/1/3 18:41,20170103CDLG000410056643,B024-TXN-06734,已成交,用户提供的历史交易快照
30169638,914040004,CDXL,5.22,1,2017/1/3 18:41,20170103CDLG000410056643,B024-TXN-06735,已成交,用户提供的历史交易快照
30019928,911010100,CDXL,29.62,1,2017/1/3 18:41,20170103CDLG000410056643,B024-TXN-06736,已成交,用户提供的历史交易快照
30027007,923000006,CDXL,5.59,0,2017/1/3 18:43,20170103CDLG000410056644,B024-TXN-06737,已成交,用户提供的历史交易快照
30186484,914030001,CDXL,9.52,1,2017/1/3 18:43,20170103CDLG000410056644,B024-TXN-06738,已成交,用户提供的历史交易快照
30136855,912060303,CDXL,17.42,1,2017/1/3 18:43,20170103CDLG000410056644,B024-TXN-06739,已成交,用户提供的历史交易快照
30050565,911000000,CDXL,6.52,1,2017/1/3 18:43,20170103CDLG000410056644,B024-TXN-06740,已成交,用户提供的历史交易快照
30069905,915020001,CDXL,7.58,1,2017/1/3 18:44,20170103CDLG000410056645,B024-TXN-06741,已成交,用户提供的历史交易快照
30127605,912030602,CDXL,13.62,1,2017/1/3 18:45,20170103CDLG000410056646,B024-TXN-06742,已成交,用户提供的历史交易快照
29989059,922000003,CDXL,3.98,1,2017/1/3 18:45,20170103CDLG000410056646,B024-TXN-06743,已成交,用户提供的历史交易快照
30141351,930010005,CDXL,4.52,1,2017/1/3 18:47,20170103CDLG000410056647,B024-TXN-06744,已成交,用户提供的历史交易快照
30141351,930010005,CDXL,4.52,1,2017/1/3 18:47,20170103CDLG000410056647,B024-TXN-06745,已成交,用户提供的历史交易快照
30082802,915030400,CDXL,4.62,1,2017/1/3 18:47,20170103CDLG000410056647,B024-TXN-06746,已成交,用户提供的历史交易快照
30006246,914100001,CDXL,5.52,1,2017/1/3 18:47,20170103CDLG000410056647,B024-TXN-06747,已成交,用户提供的历史交易快照
30092224,912060303,CDXL,31.16,0,2017/1/3 18:47,20170103CDLG000410056647,B024-TXN-06748,已成交,用户提供的历史交易快照
30020338,924000005,CDXL,19.62,0,2017/1/3 18:47,20170103CDLG000410056648,B024-TXN-06749,已成交,用户提供的历史交易快照
29989076,922000006,CDXL,3.58,0,2017/1/3 18:47,20170103CDLG000410056648,B024-TXN-06750,已成交,用户提供的历史交易快照
30031738,915030101,CDXL,4.92,1,2017/1/3 18:47,20170103CDLG000410056648,B024-TXN-06751,已成交,用户提供的历史交易快照
30173848,920090000,CDXL,1.3,2,2017/1/3 18:47,20170103CDLG000410056648,B024-TXN-06752,已成交,用户提供的历史交易快照
29989060,922000000,CDXL,9.62,0,2017/1/3 18:47,20170103CDLG000410056648,B024-TXN-06753,已成交,用户提供的历史交易快照
29989095,922000006,CDXL,7.59,0,2017/1/3 18:47,20170103CDLG000410056648,B024-TXN-06754,已成交,用户提供的历史交易快照
30010021,912080000,CDXL,2.5,1,2017/1/3 18:48,20170103CDLG000410056649,B024-TXN-06755,已成交,用户提供的历史交易快照
30118993,914100004,CDXL,4.82,1,2017/1/3 18:48,20170103CDLG000410056649,B024-TXN-06756,已成交,用户提供的历史交易快照
30118993,914100004,CDXL,4.82,1,2017/1/3 18:48,20170103CDLG000410056649,B024-TXN-06757,已成交,用户提供的历史交易快照
30009740,912060303,CDXL,59.62,0,2017/1/3 18:48,20170103CDLG000410056649,B024-TXN-06758,已成交,用户提供的历史交易快照
30036903,911000000,CDXL,5.52,1,2017/1/3 18:48,20170103CDLG000410056649,B024-TXN-06759,已成交,用户提供的历史交易快照
30178869,912060303,CDXL,51.49,0,2017/1/3 18:48,20170103CDLG000410056649,B024-TXN-06760,已成交,用户提供的历史交易快照
30010021,912080000,CDXL,2.5,1,2017/1/3 18:48,20170103CDLG000410056649,B024-TXN-06761,已成交,用户提供的历史交易快照
30010021,912080000,CDXL,2.5,1,2017/1/3 18:48,20170103CDLG000410056649,B024-TXN-06762,已成交,用户提供的历史交易快照
30010021,912080000,CDXL,2.5,1,2017/1/3 18:48,20170103CDLG000410056649,B024-TXN-06763,已成交,用户提供的历史交易快照
30059981,911000100,CDXL,10.62,1,2017/1/3 18:48,20170103CDLG000410056649,B024-TXN-06764,已成交,用户提供的历史交易快照
30059981,911000100,CDXL,10.62,1,2017/1/3 18:48,20170103CDLG000410056649,B024-TXN-06765,已成交,用户提供的历史交易快照
30100004,912060008,CDXL,59.62,0,2017/1/3 18:48,20170103CDLG000410056649,B024-TXN-06766,已成交,用户提供的历史交易快照
30129933,912060403,CDXL,27.25,0,2017/1/3 18:48,20170103CDLG000410056649,B024-TXN-06767,已成交,用户提供的历史交易快照
30022232,960000000,CDXL,0.3,1,2017/1/3 18:50,20170103CDLG000410056650,B024-TXN-06768,已成交,用户提供的历史交易快照
30090474,910020207,CDXL,11.62,2,2017/1/3 18:51,20170103CDLG000410056651,B024-TXN-06769,已成交,用户提供的历史交易快照
30092224,912060303,CDXL,31.24,0,2017/1/3 18:51,20170103CDLG000410056651,B024-TXN-06770,已成交,用户提供的历史交易快照
30200518,922000000,CDXL,19.62,0,2017/1/3 18:52,20170103CDLG000410056652,B024-TXN-06771,已成交,用户提供的历史交易快照
30023227,923000002,CDXL,1.12,1,2017/1/3 18:52,20170103CDLG000410056652,B024-TXN-06772,已成交,用户提供的历史交易快照
29989077,922000008,CDXL,11.61,1,2017/1/3 18:54,20170103CDLG000410056653,B024-TXN-06773,已成交,用户提供的历史交易快照
30137162,912060303,CDXL,31.22,0,2017/1/3 18:54,20170103CDLG000410056653,B024-TXN-06774,已成交,用户提供的历史交易快照
29989140,923000006,CDXL,7.6,1,2017/1/3 18:55,20170103CDLG000410056654,B024-TXN-06775,已成交,用户提供的历史交易快照
30020049,923000002,CDXL,6.8,1,2017/1/3 18:56,20170103CDLG000410056655,B024-TXN-06776,已成交,用户提供的历史交易快照
30077541,930040100,CDXL,4.52,1,2017/1/3 18:56,20170103CDLG000410056655,B024-TXN-06777,已成交,用户提供的历史交易快照
30179532,915000106,CDXL,13.58,1,2017/1/3 18:58,20170103CDLG000410056656,B024-TXN-06778,已成交,用户提供的历史交易快照
29989172,923000002,CDXL,9.6,1,2017/1/3 18:58,20170103CDLG000410056656,B024-TXN-06779,已成交,用户提供的历史交易快照
30023197,922000003,CDXL,6.8,1,2017/1/3 18:58,20170103CDLG000410056656,B024-TXN-06780,已成交,用户提供的历史交易快照
30008609,912020106,CDXL,2.82,1,2017/1/3 19:00,20170103CDLG000410056657,B024-TXN-06781,已成交,用户提供的历史交易快照
30100737,912040003,CDXL,5.22,1,2017/1/3 19:00,20170103CDLG000410056657,B024-TXN-06782,已成交,用户提供的历史交易快照
30189774,910020000,CDXL,5.12,1,2017/1/3 19:00,20170103CDLG000410056657,B024-TXN-06783,已成交,用户提供的历史交易快照
30008594,912020106,CDXL,2.82,1,2017/1/3 19:00,20170103CDLG000410056657,B024-TXN-06784,已成交,用户提供的历史交易快照
30020269,923000101,CDXL,7.6,1,2017/1/3 19:00,20170103CDLG000410056657,B024-TXN-06785,已成交,用户提供的历史交易快照
30022232,960000000,CDXL,0.3,1,2017/1/3 19:00,20170103CDLG000410056657,B024-TXN-06786,已成交,用户提供的历史交易快照
30039743,912040008,CDXL,5.22,1,2017/1/3 19:00,20170103CDLG000410056657,B024-TXN-06787,已成交,用户提供的历史交易快照
30214358,931080104,CDXL,9.52,1,2017/1/3 19:00,20170103CDLG000410056657,B024-TXN-06788,已成交,用户提供的历史交易快照
30001796,912020102,CDXL,2.0,1,2017/1/3 19:00,20170103CDLG000410056657,B024-TXN-06789,已成交,用户提供的历史交易快照
30008389,912060302,CDXL,25.23,0,2017/1/3 19:00,20170103CDLG000410056657,B024-TXN-06790,已成交,用户提供的历史交易快照
30104591,912060200,CDXL,68.17,0,2017/1/3 19:00,20170103CDLG000410056657,B024-TXN-06791,已成交,用户提供的历史交易快照
30034754,931080003,CDXL,12.42,1,2017/1/3 19:01,20170103CDLG000410056658,B024-TXN-06792,已成交,用户提供的历史交易快照
29989172,923000002,CDXL,9.6,1,2017/1/3 19:05,20170103CDLG000410056659,B024-TXN-06793,已成交,用户提供的历史交易快照
30020055,923000002,CDXL,9.6,2,2017/1/3 19:08,20170103CDLG000410056661,B024-TXN-06794,已成交,用户提供的历史交易快照
30212188,914120305,CDXL,5.42,1,2017/1/3 19:08,20170103CDLG000410056661,B024-TXN-06795,已成交,用户提供的历史交易快照
30169638,914040004,CDXL,5.22,1,2017/1/3 19:08,20170103CDLG000410056661,B024-TXN-06796,已成交,用户提供的历史交易快照
30008276,911010501,CDXL,15.41,1,2017/1/3 19:08,20170103CDLG000410056661,B024-TXN-06797,已成交,用户提供的历史交易快照
30212189,914120305,CDXL,5.42,1,2017/1/3 19:08,20170103CDLG000410056661,B024-TXN-06798,已成交,用户提供的历史交易快照
30008149,911010500,CDXL,19.62,1,2017/1/3 19:08,20170103CDLG000410056661,B024-TXN-06799,已成交,用户提供的历史交易快照
29989157,923000000,CDXL,5.6,1,2017/1/3 19:08,20170103CDLG000410056661,B024-TXN-06800,已成交,用户提供的历史交易快照
30202891,914040302,CDXL,6.72,1,2017/1/3 19:08,20170103CDLG000410056661,B024-TXN-06801,已成交,用户提供的历史交易快照
30112129,914100004,CDXL,12.62,1,2017/1/3 19:08,20170103CDLG000410056662,B024-TXN-06802,已成交,用户提供的历史交易快照
30023177,922000103,CDXL,6.2,1,2017/1/3 19:08,20170103CDLG000410056662,B024-TXN-06803,已成交,用户提供的历史交易快照
30165986,914000002,CDXL,9.52,1,2017/1/3 19:08,20170103CDLG000410056662,B024-TXN-06804,已成交,用户提供的历史交易快照
29989161,923000006,CDXL,15.6,0,2017/1/3 19:08,20170103CDLG000410056662,B024-TXN-06805,已成交,用户提供的历史交易快照
30156634,922000103,CDXL,37.61,0,2017/1/3 19:08,20170103CDLG000410056662,B024-TXN-06806,已成交,用户提供的历史交易快照
30096418,912060403,CDXL,19.41,0,2017/1/3 19:10,20170103CDLG000410056663,B024-TXN-06807,已成交,用户提供的历史交易快照
30003961,914000001,CDXL,7.32,1,2017/1/3 19:10,20170103CDLG000410056664,B024-TXN-06808,已成交,用户提供的历史交易快照
29989105,922000000,CDXL,2.8,1,2017/1/3 19:10,20170103CDLG000410056664,B024-TXN-06809,已成交,用户提供的历史交易快照
30020052,923000002,CDXL,6.2,1,2017/1/3 19:10,20170103CDLG000410056664,B024-TXN-06810,已成交,用户提供的历史交易快照
30044266,912000103,CDXL,12.62,0,2017/1/3 19:10,20170103CDLG000410056664,B024-TXN-06811,已成交,用户提供的历史交易快照
30010045,911000000,CDXL,5.52,1,2017/1/3 19:10,20170103CDLG000410056664,B024-TXN-06812,已成交,用户提供的历史交易快照
29989143,923000001,CDXL,5.0,1,2017/1/3 19:10,20170103CDLG000410056664,B024-TXN-06813,已成交,用户提供的历史交易快照
30008389,912060302,CDXL,25.27,0,2017/1/3 19:10,20170103CDLG000410056664,B024-TXN-06814,已成交,用户提供的历史交易快照
30163281,914010000,CDXL,2.0,1,2017/1/3 19:12,20170103CDLG000410056665,B024-TXN-06815,已成交,用户提供的历史交易快照
30163281,914010000,CDXL,2.0,1,2017/1/3 19:12,20170103CDLG000410056665,B024-TXN-06816,已成交,用户提供的历史交易快照
30009239,910030203,CDXL,10.42,1,2017/1/3 19:12,20170103CDLG000410056665,B024-TXN-06817,已成交,用户提供的历史交易快照
30006263,914100001,CDXL,5.52,1,2017/1/3 19:12,20170103CDLG000410056665,B024-TXN-06818,已成交,用户提供的历史交易快照
30006263,914100001,CDXL,5.52,1,2017/1/3 19:12,20170103CDLG000410056665,B024-TXN-06819,已成交,用户提供的历史交易快照
30022688,931000503,CDXL,2.52,1,2017/1/3 19:12,20170103CDLG000410056665,B024-TXN-06820,已成交,用户提供的历史交易快照
30022688,931000503,CDXL,2.52,1,2017/1/3 19:12,20170103CDLG000410056665,B024-TXN-06821,已成交,用户提供的历史交易快照
30156015,930040005,CDXL,8.52,1,2017/1/3 19:12,20170103CDLG000410056665,B024-TXN-06822,已成交,用户提供的历史交易快照
30167489,931010003,CDXL,5.32,1,2017/1/3 19:13,20170103CDLG000410056666,B024-TXN-06823,已成交,用户提供的历史交易快照
29989061,922000000,CDXL,5.62,0,2017/1/3 19:15,20170103CDLG000410056667,B024-TXN-06824,已成交,用户提供的历史交易快照
30020095,923000010,CDXL,7.59,1,2017/1/3 19:15,20170103CDLG000410056667,B024-TXN-06825,已成交,用户提供的历史交易快照
29989065,922000000,CDXL,21.64,0,2017/1/3 19:15,20170103CDLG000410056667,B024-TXN-06826,已成交,用户提供的历史交易快照
29989065,922000000,CDXL,21.66,0,2017/1/3 19:15,20170103CDLG000410056667,B024-TXN-06827,已成交,用户提供的历史交易快照
29989072,922000002,CDXL,0.78,1,2017/1/3 19:17,20170103CDLG000410056668,B024-TXN-06828,已成交,用户提供的历史交易快照
29989065,922000000,CDXL,21.66,0,2017/1/3 19:17,20170103CDLG000410056668,B024-TXN-06829,已成交,用户提供的历史交易快照
30027007,923000006,CDXL,5.6,1,2017/1/3 19:17,20170103CDLG000410056668,B024-TXN-06830,已成交,用户提供的历史交易快照
30027007,923000006,CDXL,5.6,1,2017/1/3 19:18,20170103CDLG000410056669,B024-TXN-06831,已成交,用户提供的历史交易快照
30072111,923000006,CDXL,2.0,1,2017/1/3 19:18,20170103CDLG000410056669,B024-TXN-06832,已成交,用户提供的历史交易快照
30006039,915010001,CDXL,11.58,0,2017/1/3 19:19,20170103CDLG000410056670,B024-TXN-06833,已成交,用户提供的历史交易快照
30006222,914100004,CDXL,5.12,1,2017/1/3 19:19,20170103CDLG000410056670,B024-TXN-06834,已成交,用户提供的历史交易快照
30023195,922000001,CDXL,1.98,0,2017/1/3 19:19,20170103CDLG000410056670,B024-TXN-06835,已成交,用户提供的历史交易快照
30055256,915030100,CDXL,5.34,1,2017/1/3 19:19,20170103CDLG000410056670,B024-TXN-06836,已成交,用户提供的历史交易快照
29989120,922000003,CDXL,3.59,0,2017/1/3 19:19,20170103CDLG000410056670,B024-TXN-06837,已成交,用户提供的历史交易快照
30006263,914100001,CDXL,5.52,1,2017/1/3 19:19,20170103CDLG000410056670,B024-TXN-06838,已成交,用户提供的历史交易快照
30005899,914050102,CDXL,2.0,1,2017/1/3 19:19,20170103CDLG000410056670,B024-TXN-06839,已成交,用户提供的历史交易快照
30005899,914050102,CDXL,2.0,1,2017/1/3 19:19,20170103CDLG000410056670,B024-TXN-06840,已成交,用户提供的历史交易快照
30001302,931020102,CDXL,7.52,1,2017/1/3 19:21,20170103CDLG000410056671,B024-TXN-06841,已成交,用户提供的历史交易快照
30023195,922000001,CDXL,1.98,1,2017/1/3 19:21,20170103CDLG000410056671,B024-TXN-06842,已成交,用户提供的历史交易快照
30006260,914100003,CDXL,2.62,1,2017/1/3 19:21,20170103CDLG000410056671,B024-TXN-06843,已成交,用户提供的历史交易快照
30006260,914100003,CDXL,2.62,1,2017/1/3 19:21,20170103CDLG000410056671,B024-TXN-06844,已成交,用户提供的历史交易快照
30010045,911000000,CDXL,5.52,1,2017/1/3 19:21,20170103CDLG000410056671,B024-TXN-06845,已成交,用户提供的历史交易快照
30201941,931000200,CDXL,3.92,2,2017/1/3 19:21,20170103CDLG000410056671,B024-TXN-06846,已成交,用户提供的历史交易快照
30027163,915020000,CDXL,7.42,1,2017/1/3 19:22,20170103CDLG000410056672,B024-TXN-06847,已成交,用户提供的历史交易快照
30006041,915010000,CDXL,7.58,1,2017/1/3 19:22,20170103CDLG000410056672,B024-TXN-06848,已成交,用户提供的历史交易快照
30006263,914100001,CDXL,5.52,1,2017/1/3 19:22,20170103CDLG000410056672,B024-TXN-06849,已成交,用户提供的历史交易快照
30006246,914100001,CDXL,5.52,1,2017/1/3 19:22,20170103CDLG000410056672,B024-TXN-06850,已成交,用户提供的历史交易快照
30054791,912060003,CDXL,31.2,1,2017/1/3 19:22,20170103CDLG000410056672,B024-TXN-06851,已成交,用户提供的历史交易快照
30008988,911000100,CDXL,12.42,1,2017/1/3 19:23,20170103CDLG000410056673,B024-TXN-06852,已成交,用户提供的历史交易快照
30020049,923000002,CDXL,6.8,1,2017/1/3 19:27,20170103CDLG000410056674,B024-TXN-06853,已成交,用户提供的历史交易快照
30201941,931000200,CDXL,4.9,-5,2017/1/3 19:28,20170103CDLG000410056675,B024-TXN-06854,已成交,用户提供的历史交易快照
29989153,923000006,CDXL,7.6,1,2017/1/3 19:30,20170103CDLG000410056676,B024-TXN-06855,已成交,用户提供的历史交易快照
30195947,910030007,CDXL,4.62,1,2017/1/3 19:30,20170103CDLG000410056677,B024-TXN-06856,已成交,用户提供的历史交易快照
30001833,912020103,CDXL,1.7,1,2017/1/3 19:30,20170103CDLG000410056677,B024-TXN-06857,已成交,用户提供的历史交易快照
30008992,911000100,CDXL,2.62,1,2017/1/3 19:34,20170103CDLG000410056678,B024-TXN-06858,已成交,用户提供的历史交易快照
30020095,923000010,CDXL,7.61,0,2017/1/3 19:34,20170103CDLG000410056678,B024-TXN-06859,已成交,用户提供的历史交易快照
30145918,921000000,CDXL,12.52,1,2017/1/3 19:34,20170103CDLG000410056678,B024-TXN-06860,已成交,用户提供的历史交易快照
30171442,930020500,CDXL,19.52,1,2017/1/3 19:34,20170103CDLG000410056678,B024-TXN-06861,已成交,用户提供的历史交易快照
30022232,960000000,CDXL,0.3,1,2017/1/3 19:34,20170103CDLG000410056678,B024-TXN-06862,已成交,用户提供的历史交易快照
29989133,923000006,CDXL,11.6,0,2017/1/3 19:34,20170103CDLG000410056678,B024-TXN-06863,已成交,用户提供的历史交易快照
29989140,923000006,CDXL,7.6,1,2017/1/3 19:34,20170103CDLG000410056678,B024-TXN-06864,已成交,用户提供的历史交易快照
30059981,911000100,CDXL,10.62,1,2017/1/3 19:34,20170103CDLG000410056678,B024-TXN-06865,已成交,用户提供的历史交易快照
29989085,922000002,CDXL,1.18,1,2017/1/3 19:35,20170103CDLG000410056679,B024-TXN-06866,已成交,用户提供的历史交易快照
29989105,922000000,CDXL,2.8,2,2017/1/3 19:35,20170103CDLG000410056679,B024-TXN-06867,已成交,用户提供的历史交易快照
29989120,922000003,CDXL,3.6,0,2017/1/3 19:35,20170103CDLG000410056679,B024-TXN-06868,已成交,用户提供的历史交易快照
30020052,923000002,CDXL,6.2,1,2017/1/3 19:35,20170103CDLG000410056679,B024-TXN-06869,已成交,用户提供的历史交易快照
29989065,922000000,CDXL,21.57,0,2017/1/3 19:35,20170103CDLG000410056679,B024-TXN-06870,已成交,用户提供的历史交易快照
30022232,960000000,CDXL,0.3,1,2017/1/3 19:35,20170103CDLG000410056679,B024-TXN-06871,已成交,用户提供的历史交易快照
29989071,922000002,CDXL,3.4,1,2017/1/3 19:35,20170103CDLG000410056679,B024-TXN-06872,已成交,用户提供的历史交易快照
29989172,923000002,CDXL,9.6,2,2017/1/3 19:35,20170103CDLG000410056679,B024-TXN-06873,已成交,用户提供的历史交易快照
30071915,930000201,CDXL,10.52,1,2017/1/3 19:37,20170103CDLG000410056681,B024-TXN-06874,已成交,用户提供的历史交易快照
30071915,930000201,CDXL,10.52,1,2017/1/3 19:37,20170103CDLG000410056681,B024-TXN-06875,已成交,用户提供的历史交易快照
30142641,930020502,CDXL,9.52,1,2017/1/3 19:37,20170103CDLG000410056681,B024-TXN-06876,已成交,用户提供的历史交易快照
30113909,930020001,CDXL,9.52,1,2017/1/3 19:37,20170103CDLG000410056681,B024-TXN-06877,已成交,用户提供的历史交易快照
30031738,915030101,CDXL,4.05,3,2017/1/3 19:37,20170103CDLG000410056682,B024-TXN-06878,已成交,用户提供的历史交易快照
30013631,931070003,CDXL,13.12,1,2017/1/3 19:37,20170103CDLG000410056682,B024-TXN-06879,已成交,用户提供的历史交易快照
30002260,912060008,CDXL,25.37,0,2017/1/3 19:39,20170103CDLG000410056683,B024-TXN-06880,已成交,用户提供的历史交易快照
30031938,912060403,CDXL,16.8,0,2017/1/3 19:39,20170103CDLG000410056683,B024-TXN-06881,已成交,用户提供的历史交易快照
30078251,912060008,CDXL,15.59,0,2017/1/3 19:39,20170103CDLG000410056683,B024-TXN-06882,已成交,用户提供的历史交易快照
30002263,912060008,CDXL,26.82,0,2017/1/3 19:39,20170103CDLG000410056683,B024-TXN-06883,已成交,用户提供的历史交易快照
30001568,910020208,CDXL,12.12,1,2017/1/3 19:39,20170103CDLG000410056684,B024-TXN-06884,已成交,用户提供的历史交易快照
30020052,923000002,CDXL,6.2,3,2017/1/3 19:40,20170103CDLG000410056685,B024-TXN-06885,已成交,用户提供的历史交易快照
30022232,960000000,CDXL,0.3,1,2017/1/3 19:40,20170103CDLG000410056685,B024-TXN-06886,已成交,用户提供的历史交易快照
30020052,923000002,CDXL,6.2,3,2017/1/3 19:40,20170103CDLG000410056685,B024-TXN-06887,已成交,用户提供的历史交易快照
30020052,923000002,CDXL,6.2,3,2017/1/3 19:40,20170103CDLG000410056685,B024-TXN-06888,已成交,用户提供的历史交易快照
30006039,915010001,CDXL,11.58,1,2017/1/3 19:42,20170103CDLG000410056686,B024-TXN-06889,已成交,用户提供的历史交易快照
29989085,922000002,CDXL,1.18,1,2017/1/3 19:42,20170103CDLG000410056686,B024-TXN-06890,已成交,用户提供的历史交易快照
30013839,914110004,CDXL,2.62,1,2017/1/3 19:42,20170103CDLG000410056686,B024-TXN-06891,已成交,用户提供的历史交易快照
30013840,914110004,CDXL,2.62,1,2017/1/3 19:42,20170103CDLG000410056686,B024-TXN-06892,已成交,用户提供的历史交易快照
30026123,912060001,CDXL,33.46,0,2017/1/3 19:42,20170103CDLG000410056686,B024-TXN-06893,已成交,用户提供的历史交易快照
30048072,914110003,CDXL,4.52,1,2017/1/3 19:42,20170103CDLG000410056686,B024-TXN-06894,已成交,用户提供的历史交易快照
30073491,912500102,CDXL,21.4,0,2017/1/3 19:42,20170103CDLG000410056686,B024-TXN-06895,已成交,用户提供的历史交易快照
30129933,912060403,CDXL,27.32,0,2017/1/3 19:42,20170103CDLG000410056686,B024-TXN-06896,已成交,用户提供的历史交易快照
30073663,912060303,CDXL,43.61,0,2017/1/3 19:47,20170103CDLG000410056687,B024-TXN-06897,已成交,用户提供的历史交易快照
30080875,930040206,CDXL,22.52,1,2017/1/3 19:47,20170103CDLG000410056687,B024-TXN-06898,已成交,用户提供的历史交易快照
30115853,912030500,CDXL,5.42,1,2017/1/3 19:47,20170103CDLG000410056687,B024-TXN-06899,已成交,用户提供的历史交易快照
30144186,912060303,CDXL,39.25,0,2017/1/3 19:47,20170103CDLG000410056687,B024-TXN-06900,已成交,用户提供的历史交易快照
30150524,930020001,CDXL,20.52,1,2017/1/3 19:47,20170103CDLG000410056687,B024-TXN-06901,已成交,用户提供的历史交易快照
30020055,923000002,CDXL,9.6,2,2017/1/3 19:47,20170103CDLG000410056687,B024-TXN-06902,已成交,用户提供的历史交易快照
30131206,912500100,CDXL,4.12,1,2017/1/3 19:47,20170103CDLG000410056687,B024-TXN-06903,已成交,用户提供的历史交易快照
30090265,912040107,CDXL,23.12,1,2017/1/3 19:47,20170103CDLG000410056687,B024-TXN-06904,已成交,用户提供的历史交易快照
30022232,960000000,CDXL,0.3,1,2017/1/3 19:47,20170103CDLG000410056687,B024-TXN-06905,已成交,用户提供的历史交易快照
30167785,930040003,CDXL,7.52,1,2017/1/3 19:47,20170103CDLG000410056687,B024-TXN-06906,已成交,用户提供的历史交易快照
30171442,930020500,CDXL,19.52,1,2017/1/3 19:47,20170103CDLG000410056687,B024-TXN-06907,已成交,用户提供的历史交易快照
30002228,912060002,CDXL,39.23,0,2017/1/3 19:47,20170103CDLG000410056687,B024-TXN-06908,已成交,用户提供的历史交易快照
29994701,931020303,CDXL,2.72,1,2017/1/3 19:49,20170103CDLG000410056688,B024-TXN-06909,已成交,用户提供的历史交易快照
30017009,910030000,CDXL,4.2,7,2017/1/3 19:50,20170103CDLG000410056689,B024-TXN-06910,已成交,用户提供的历史交易快照
29989089,922000000,CDXL,11.58,0,2017/1/3 19:50,20170103CDLG000410056690,B024-TXN-06911,已成交,用户提供的历史交易快照
30200518,922000000,CDXL,19.62,0,2017/1/3 19:53,20170103CDLG000410056691,B024-TXN-06912,已成交,用户提供的历史交易快照
30163281,914010000,CDXL,2.0,1,2017/1/3 19:53,20170103CDLG000410056691,B024-TXN-06913,已成交,用户提供的历史交易快照
29989153,923000006,CDXL,7.58,0,2017/1/3 19:53,20170103CDLG000410056691,B024-TXN-06914,已成交,用户提供的历史交易快照
29989140,923000006,CDXL,7.59,1,2017/1/3 19:53,20170103CDLG000410056691,B024-TXN-06915,已成交,用户提供的历史交易快照
30027007,923000006,CDXL,5.6,1,2017/1/3 19:55,20170103CDLG000410056692,B024-TXN-06916,已成交,用户提供的历史交易快照
29989153,923000006,CDXL,7.6,1,2017/1/3 19:55,20170103CDLG000410056692,B024-TXN-06917,已成交,用户提供的历史交易快照
30146019,913040000,CDXL,11.72,1,2017/1/3 19:58,20170103CDLG000410056693,B024-TXN-06918,已成交,用户提供的历史交易快照
30152104,931060402,CDXL,10.52,1,2017/1/3 19:58,20170103CDLG000410056693,B024-TXN-06919,已成交,用户提供的历史交易快照
30022232,960000000,CDXL,0.3,1,2017/1/3 19:58,20170103CDLG000410056693,B024-TXN-06920,已成交,用户提供的历史交易快照
30167785,930040003,CDXL,7.52,1,2017/1/3 19:58,20170103CDLG000410056693,B024-TXN-06921,已成交,用户提供的历史交易快照
30200397,914040300,CDXL,4.52,1,2017/1/3 20:05,20170103CDLG000410056695,B024-TXN-06922,已成交,用户提供的历史交易快照
30200397,914040300,CDXL,4.52,1,2017/1/3 20:05,20170103CDLG000410056695,B024-TXN-06923,已成交,用户提供的历史交易快照
30020269,923000101,CDXL,7.6,1,2017/1/3 20:07,20170103CDLG000410056696,B024-TXN-06924,已成交,用户提供的历史交易快照
30022232,960000000,CDXL,0.3,1,2017/1/3 20:07,20170103CDLG000410056696,B024-TXN-06925,已成交,用户提供的历史交易快照
29989157,923000000,CDXL,5.6,1,2017/1/3 20:07,20170103CDLG000410056696,B024-TXN-06926,已成交,用户提供的历史交易快照
30002535,912040106,CDXL,7.72,1,2017/1/3 20:07,20170103CDLG000410056696,B024-TXN-06927,已成交,用户提供的历史交易快照
30125505,914100001,CDXL,5.62,1,2017/1/3 20:18,20170103CDLG000410056697,B024-TXN-06928,已成交,用户提供的历史交易快照
30125505,914100001,CDXL,5.62,1,2017/1/3 20:18,20170103CDLG000410056697,B024-TXN-06929,已成交,用户提供的历史交易快照
30125505,914100001,CDXL,5.62,1,2017/1/3 20:18,20170103CDLG000410056697,B024-TXN-06930,已成交,用户提供的历史交易快照
30125505,914100001,CDXL,5.62,1,2017/1/3 20:18,20170103CDLG000410056697,B024-TXN-06931,已成交,用户提供的历史交易快照
30006041,915010000,CDXL,7.58,1,2017/1/3 20:22,20170103CDLG000410056698,B024-TXN-06932,已成交,用户提供的历史交易快照
29989081,922000000,CDXL,8.19,0,2017/1/3 20:22,20170103CDLG000410056698,B024-TXN-06933,已成交,用户提供的历史交易快照
30105744,916050101,CDXL,4.12,1,2017/1/3 20:25,20170103CDLG000410056699,B024-TXN-06934,已成交,用户提供的历史交易快照
30105744,916050101,CDXL,4.12,1,2017/1/3 20:25,20170103CDLG000410056699,B024-TXN-06935,已成交,用户提供的历史交易快照
30020336,924000005,CDXL,19.6,1,2017/1/3 20:26,20170103CDLG000410056700,B024-TXN-06936,已成交,用户提供的历史交易快照
29989076,922000006,CDXL,3.58,1,2017/1/3 20:26,20170103CDLG000410056700,B024-TXN-06937,已成交,用户提供的历史交易快照
30010590,911000001,CDXL,2.0,1,2017/1/3 20:26,20170103CDLG000410056700,B024-TXN-06938,已成交,用户提供的历史交易快照
30092224,912060303,CDXL,31.2,1,2017/1/3 20:26,20170103CDLG000410056700,B024-TXN-06939,已成交,用户提供的历史交易快照
30012169,913030100,CDXL,6.72,1,2017/1/3 20:31,20170103CDLG000410056701,B024-TXN-06940,已成交,用户提供的历史交易快照
30008385,912060303,CDXL,25.46,0,2017/1/3 20:32,20170103CDLG000410056702,B024-TXN-06941,已成交,用户提供的历史交易快照
30096418,912060403,CDXL,19.43,0,2017/1/3 20:32,20170103CDLG000410056702,B024-TXN-06942,已成交,用户提供的历史交易快照
30005113,914120305,CDXL,3.72,1,2017/1/3 20:36,20170103CDLG000410056703,B024-TXN-06943,已成交,用户提供的历史交易快照
30027771,914120305,CDXL,2.32,1,2017/1/3 20:36,20170103CDLG000410056703,B024-TXN-06944,已成交,用户提供的历史交易快照
30005109,914120305,CDXL,3.32,1,2017/1/3 20:36,20170103CDLG000410056703,B024-TXN-06945,已成交,用户提供的历史交易快照
30020049,923000002,CDXL,6.8,1,2017/1/3 20:36,20170103CDLG000410056703,B024-TXN-06946,已成交,用户提供的历史交易快照
29989153,923000006,CDXL,7.6,1,2017/1/3 20:39,20170103CDLG000410056704,B024-TXN-06947,已成交,用户提供的历史交易快照
30006039,915010001,CDXL,11.58,1,2017/1/3 20:40,20170103CDLG000410056705,B024-TXN-06948,已成交,用户提供的历史交易快照
29989153,923000006,CDXL,7.6,1,2017/1/3 20:40,20170103CDLG000410056705,B024-TXN-06949,已成交,用户提供的历史交易快照
30023197,922000003,CDXL,6.8,1,2017/1/3 20:40,20170103CDLG000410056705,B024-TXN-06950,已成交,用户提供的历史交易快照
30069827,923000006,CDXL,5.12,1,2017/1/3 20:43,20170103CDLG000410056706,B024-TXN-06951,已成交,用户提供的历史交易快照
30100496,930040204,CDXL,7.52,1,2017/1/3 20:43,20170103CDLG000410056706,B024-TXN-06952,已成交,用户提供的历史交易快照
30022232,960000000,CDXL,0.3,1,2017/1/3 20:43,20170103CDLG000410056706,B024-TXN-06953,已成交,用户提供的历史交易快照
29989172,923000002,CDXL,9.6,1,2017/1/3 20:43,20170103CDLG000410056706,B024-TXN-06954,已成交,用户提供的历史交易快照
30008406,912060303,CDXL,29.21,0,2017/1/3 20:44,20170103CDLG000410056707,B024-TXN-06955,已成交,用户提供的历史交易快照
30036606,912060605,CDXL,31.23,0,2017/1/3 20:44,20170103CDLG000410056708,B024-TXN-06956,已成交,用户提供的历史交易快照
30167776,930040003,CDXL,1.0,1,2017/1/3 20:44,20170103CDLG000410056709,B024-TXN-06957,已成交,用户提供的历史交易快照
30000862,930020101,CDXL,7.12,1,2017/1/3 20:44,20170103CDLG000410056709,B024-TXN-06958,已成交,用户提供的历史交易快照
30108094,930040003,CDXL,1.0,1,2017/1/3 20:44,20170103CDLG000410056709,B024-TXN-06959,已成交,用户提供的历史交易快照
30108094,930040003,CDXL,1.0,1,2017/1/3 20:44,20170103CDLG000410056709,B024-TXN-06960,已成交,用户提供的历史交易快照
30108094,930040003,CDXL,1.0,1,2017/1/3 20:44,20170103CDLG000410056709,B024-TXN-06961,已成交,用户提供的历史交易快照
30108094,930040003,CDXL,1.0,1,2017/1/3 20:44,20170103CDLG000410056709,B024-TXN-06962,已成交,用户提供的历史交易快照
30108094,930040003,CDXL,1.0,1,2017/1/3 20:44,20170103CDLG000410056709,B024-TXN-06963,已成交,用户提供的历史交易快照
30001750,912020103,CDXL,8.32,1,2017/1/3 20:45,20170103CDLG000410056710,B024-TXN-06964,已成交,用户提供的历史交易快照
30179990,930040100,CDXL,5.62,1,2017/1/3 20:45,20170103CDLG000410056711,B024-TXN-06965,已成交,用户提供的历史交易快照
30179990,930040100,CDXL,5.62,1,2017/1/3 20:45,20170103CDLG000410056711,B024-TXN-06966,已成交,用户提供的历史交易快照
30114674,930040100,CDXL,4.22,1,2017/1/3 20:45,20170103CDLG000410056711,B024-TXN-06967,已成交,用户提供的历史交易快照
30114674,930040100,CDXL,4.22,1,2017/1/3 20:45,20170103CDLG000410056711,B024-TXN-06968,已成交,用户提供的历史交易快照
30165626,915010004,CDXL,13.42,1,2017/1/3 20:46,20170103CDLG000410056712,B024-TXN-06969,已成交,用户提供的历史交易快照
30022974,915030404,CDXL,6.18,1,2017/1/3 20:49,20170103CDLG000410056714,B024-TXN-06970,已成交,用户提供的历史交易快照
30020052,923000002,CDXL,6.2,1,2017/1/3 20:49,20170103CDLG000410056714,B024-TXN-06971,已成交,用户提供的历史交易快照
29989157,923000000,CDXL,5.6,2,2017/1/3 20:49,20170103CDLG000410056714,B024-TXN-06972,已成交,用户提供的历史交易快照
29989141,923000002,CDXL,4.8,1,2017/1/3 20:51,20170103CDLG000410056715,B024-TXN-06973,已成交,用户提供的历史交易快照
30000357,930040200,CDXL,14.52,1,2017/1/3 20:52,20170103CDLG000410056716,B024-TXN-06974,已成交,用户提供的历史交易快照
30017275,911000100,CDXL,13.42,1,2017/1/3 20:52,20170103CDLG000410056716,B024-TXN-06975,已成交,用户提供的历史交易快照
30193565,910030005,CDXL,70.42,1,2017/1/3 20:54,20170103CDLG000410056717,B024-TXN-06976,已成交,用户提供的历史交易快照
30168660,912500201,CDXL,6.12,1,2017/1/3 20:54,20170103CDLG000410056717,B024-TXN-06977,已成交,用户提供的历史交易快照
30104794,912060004,CDXL,33.22,0,2017/1/3 20:54,20170103CDLG000410056717,B024-TXN-06978,已成交,用户提供的历史交易快照
29999817,930000201,CDXL,11.52,1,2017/1/3 20:59,20170103CDLG000410056719,B024-TXN-06979,已成交,用户提供的历史交易快照
30136855,912060303,CDXL,17.42,1,2017/1/3 20:59,20170103CDLG000410056719,B024-TXN-06980,已成交,用户提供的历史交易快照
30213325,914100001,CDXL,4.42,1,2017/1/3 20:59,20170103CDLG000410056719,B024-TXN-06981,已成交,用户提供的历史交易快照
30213325,914100001,CDXL,4.42,1,2017/1/3 20:59,20170103CDLG000410056719,B024-TXN-06982,已成交,用户提供的历史交易快照
30008389,912060302,CDXL,25.22,0,2017/1/3 20:59,20170103CDLG000410056719,B024-TXN-06983,已成交,用户提供的历史交易快照
30021942,914120204,CDXL,2.52,1,2017/1/3 20:59,20170103CDLG000410056720,B024-TXN-06984,已成交,用户提供的历史交易快照
30021942,914120204,CDXL,2.52,1,2017/1/3 20:59,20170103CDLG000410056720,B024-TXN-06985,已成交,用户提供的历史交易快照
30003944,914120301,CDXL,3.12,1,2017/1/3 20:59,20170103CDLG000410056720,B024-TXN-06986,已成交,用户提供的历史交易快照
30003944,914120301,CDXL,3.12,1,2017/1/3 20:59,20170103CDLG000410056720,B024-TXN-06987,已成交,用户提供的历史交易快照
30003944,914120301,CDXL,3.12,1,2017/1/3 20:59,20170103CDLG000410056720,B024-TXN-06988,已成交,用户提供的历史交易快照
30003944,914120301,CDXL,3.12,1,2017/1/3 20:59,20170103CDLG000410056720,B024-TXN-06989,已成交,用户提供的历史交易快照
30005764,914040300,CDXL,6.52,1,2017/1/3 20:59,20170103CDLG000410056720,B024-TXN-06990,已成交,用户提供的历史交易快照
30005834,914020000,CDXL,6.12,1,2017/1/3 20:59,20170103CDLG000410056720,B024-TXN-06991,已成交,用户提供的历史交易快照
30007952,910030100,CDXL,1.77,13,2017/1/3 20:59,20170103CDLG000410056720,B024-TXN-06992,已成交,用户提供的历史交易快照
30082692,914120305,CDXL,3.62,1,2017/1/3 20:59,20170103CDLG000410056720,B024-TXN-06993,已成交,用户提供的历史交易快照
30082692,914120305,CDXL,3.62,1,2017/1/3 20:59,20170103CDLG000410056720,B024-TXN-06994,已成交,用户提供的历史交易快照
30022232,960000000,CDXL,0.3,1,2017/1/3 21:00,20170103CDLG000410056721,B024-TXN-06995,已成交,用户提供的历史交易快照
30008753,912500100,CDXL,3.62,1,2017/1/3 21:03,20170103CDLG000410056722,B024-TXN-06996,已成交,用户提供的历史交易快照
30022232,960000000,CDXL,0.3,1,2017/1/3 21:03,20170103CDLG000410056722,B024-TXN-06997,已成交,用户提供的历史交易快照
29989157,923000000,CDXL,5.6,1,2017/1/3 21:03,20170103CDLG000410056722,B024-TXN-06998,已成交,用户提供的历史交易快照
29989172,923000002,CDXL,9.6,1,2017/1/3 21:03,20170103CDLG000410056722,B024-TXN-06999,已成交,用户提供的历史交易快照
30001585,910020300,CDXL,5.52,1,2017/1/3 21:03,20170103CDLG000410056722,B024-TXN-07000,已成交,用户提供的历史交易快照
29989161,923000006,CDXL,15.6,1,2017/1/3 21:04,20170103CDLG000410056723,B024-TXN-07001,已成交,用户提供的历史交易快照
30072111,923000006,CDXL,2.0,0,2017/1/3 21:04,20170103CDLG000410056723,B024-TXN-07002,已成交,用户提供的历史交易快照
29989157,923000000,CDXL,5.6,1,2017/1/3 21:04,20170103CDLG000410056724,B024-TXN-07003,已成交,用户提供的历史交易快照
30002220,912060000,CDXL,25.47,0,2017/1/3 21:06,20170103CDLG000410056725,B024-TXN-07004,已成交,用户提供的历史交易快照
30020635,912060005,CDXL,15.6,0,2017/1/3 21:06,20170103CDLG000410056725,B024-TXN-07005,已成交,用户提供的历史交易快照
30006283,914100000,CDXL,5.32,1,2017/1/3 21:07,20170103CDLG000410056726,B024-TXN-07006,已成交,用户提供的历史交易快照
30006296,914100000,CDXL,5.32,1,2017/1/3 21:07,20170103CDLG000410056726,B024-TXN-07007,已成交,用户提供的历史交易快照
30042756,938030000,CDXL,3.52,1,2017/1/3 21:07,20170103CDLG000410056727,B024-TXN-07008,已成交,用户提供的历史交易快照
30042756,938030000,CDXL,3.52,1,2017/1/3 21:07,20170103CDLG000410056727,B024-TXN-07009,已成交,用户提供的历史交易快照
30209977,938030000,CDXL,6.42,1,2017/1/3 21:07,20170103CDLG000410056727,B024-TXN-07010,已成交,用户提供的历史交易快照
30050864,914050501,CDXL,6.72,1,2017/1/3 21:09,20170103CDLG000410056729,B024-TXN-07011,已成交,用户提供的历史交易快照
30213325,914100001,CDXL,4.42,1,2017/1/3 21:09,20170103CDLG000410056729,B024-TXN-07012,已成交,用户提供的历史交易快照
30092224,912060303,CDXL,31.19,0,2017/1/3 21:09,20170103CDLG000410056729,B024-TXN-07013,已成交,用户提供的历史交易快照
30092224,912060303,CDXL,31.24,0,2017/1/3 21:09,20170103CDLG000410056729,B024-TXN-07014,已成交,用户提供的历史交易快照
30200388,914070100,CDXL,6.52,1,2017/1/3 21:09,20170103CDLG000410056729,B024-TXN-07015,已成交,用户提供的历史交易快照
30006263,914100001,CDXL,5.52,1,2017/1/3 21:10,20170103CDLG000410056730,B024-TXN-07016,已成交,用户提供的历史交易快照
29989140,923000006,CDXL,7.6,1,2017/1/3 21:10,20170103CDLG000410056730,B024-TXN-07017,已成交,用户提供的历史交易快照
30064520,914000201,CDXL,5.52,1,2017/1/3 21:10,20170103CDLG000410056731,B024-TXN-07018,已成交,用户提供的历史交易快照
30119334,922000000,CDXL,14.78,0,2017/1/3 21:10,20170103CDLG000410056731,B024-TXN-07019,已成交,用户提供的历史交易快照
29989105,922000000,CDXL,2.8,1,2017/1/3 21:10,20170103CDLG000410056731,B024-TXN-07020,已成交,用户提供的历史交易快照
30001585,910020300,CDXL,5.52,7,2017/1/3 21:11,20170103CDLG000410056732,B024-TXN-07021,已成交,用户提供的历史交易快照
29989149,923000004,CDXL,6.8,1,2017/1/3 21:13,20170103CDLG000410056733,B024-TXN-07022,已成交,用户提供的历史交易快照
29989161,923000006,CDXL,15.6,0,2017/1/3 21:13,20170103CDLG000410056733,B024-TXN-07023,已成交,用户提供的历史交易快照
30166132,930040000,CDXL,5.52,1,2017/1/3 21:13,20170103CDLG000410056733,B024-TXN-07024,已成交,用户提供的历史交易快照
30010566,914110101,CDXL,14.52,1,2017/1/3 21:16,20170103CDLG000410056735,B024-TXN-07025,已成交,用户提供的历史交易快照
30023041,923000006,CDXL,3.2,1,2017/1/3 21:16,20170103CDLG000410056735,B024-TXN-07026,已成交,用户提供的历史交易快照
30113344,912060303,CDXL,13.41,0,2017/1/3 21:16,20170103CDLG000410056735,B024-TXN-07027,已成交,用户提供的历史交易快照
29989156,923000000,CDXL,10.8,2,2017/1/3 21:16,20170103CDLG000410056735,B024-TXN-07028,已成交,用户提供的历史交易快照
30020055,923000002,CDXL,9.6,1,2017/1/3 21:16,20170103CDLG000410056735,B024-TXN-07029,已成交,用户提供的历史交易快照
30202378,931060000,CDXL,7.52,1,2017/1/3 21:16,20170103CDLG000410056735,B024-TXN-07030,已成交,用户提供的历史交易快照
30006263,914100001,CDXL,5.52,1,2017/1/3 21:16,20170103CDLG000410056735,B024-TXN-07031,已成交,用户提供的历史交易快照
30022232,960000000,CDXL,0.3,1,2017/1/3 21:16,20170103CDLG000410056735,B024-TXN-07032,已成交,用户提供的历史交易快照
30001975,912030001,CDXL,3.32,1,2017/1/3 21:16,20170103CDLG000410056735,B024-TXN-07033,已成交,用户提供的历史交易快照
30094733,923000000,CDXL,14.63,1,2017/1/3 21:16,20170103CDLG000410056735,B024-TXN-07034,已成交,用户提供的历史交易快照
29989140,923000006,CDXL,7.6,1,2017/1/3 21:16,20170103CDLG000410056735,B024-TXN-07035,已成交,用户提供的历史交易快照
29989172,923000002,CDXL,9.6,1,2017/1/3 21:16,20170103CDLG000410056735,B024-TXN-07036,已成交,用户提供的历史交易快照
30135342,931060000,CDXL,13.52,1,2017/1/3 21:16,20170103CDLG000410056735,B024-TXN-07037,已成交,用户提供的历史交易快照
30020052,923000002,CDXL,6.2,2,2017/1/3 21:22,20170103CDLG000410056736,B024-TXN-07038,已成交,用户提供的历史交易快照
30171264,920000400,CDXL,1.5,45,2017/1/3 6:06,20170103CDLG000510025097,B024-TXN-07039,已成交,用户提供的历史交易快照
29989264,920090000,CDXL,1.5,30,2017/1/3 6:06,20170103CDLG000510025097,B024-TXN-07040,已成交,用户提供的历史交易快照
30171265,920090000,CDXL,1.5,45,2017/1/3 6:06,20170103CDLG000510025097,B024-TXN-07041,已成交,用户提供的历史交易快照
30209296,921000002,CDXL,1.0,25,2017/1/3 6:06,20170103CDLG000510025097,B024-TXN-07042,已成交,用户提供的历史交易快照
30007869,910000000,CDXL,21.62,1,2017/1/3 6:25,20170103CDLG000510025098,B024-TXN-07043,已成交,用户提供的历史交易快照
29989061,922000000,CDXL,5.6,1,2017/1/3 6:32,20170103CDLG000510025099,B024-TXN-07044,已成交,用户提供的历史交易快照
30005724,914050005,CDXL,0.6,5,2017/1/3 6:32,20170103CDLG000510025099,B024-TXN-07045,已成交,用户提供的历史交易快照
29989076,922000006,CDXL,2.89,2,2017/1/3 6:32,20170103CDLG000510025099,B024-TXN-07046,已成交,用户提供的历史交易快照
29989083,922000000,CDXL,3.36,2,2017/1/3 6:32,20170103CDLG000510025099,B024-TXN-07047,已成交,用户提供的历史交易快照
29989091,922000000,CDXL,4.2,2,2017/1/3 6:32,20170103CDLG000510025099,B024-TXN-07048,已成交,用户提供的历史交易快照
29989613,922000005,CDXL,2.28,2,2017/1/3 6:32,20170103CDLG000510025099,B024-TXN-07049,已成交,用户提供的历史交易快照
30006208,915000101,CDXL,47.42,1,2017/1/3 6:32,20170103CDLG000510025099,B024-TXN-07050,已成交,用户提供的历史交易快照
30023172,922000004,CDXL,4.49,2,2017/1/3 6:32,20170103CDLG000510025099,B024-TXN-07051,已成交,用户提供的历史交易快照
30031960,915030104,CDXL,4.4,20,2017/1/3 6:32,20170103CDLG000510025099,B024-TXN-07052,已成交,用户提供的历史交易快照
30031960,915030104,CDXL,4.4,20,2017/1/3 6:32,20170103CDLG000510025099,B024-TXN-07053,已成交,用户提供的历史交易快照
30031960,915030104,CDXL,4.4,20,2017/1/3 6:32,20170103CDLG000510025099,B024-TXN-07054,已成交,用户提供的历史交易快照
30031960,915030104,CDXL,4.4,20,2017/1/3 6:32,20170103CDLG000510025099,B024-TXN-07055,已成交,用户提供的历史交易快照
30031960,915030104,CDXL,4.4,20,2017/1/3 6:32,20170103CDLG000510025099,B024-TXN-07056,已成交,用户提供的历史交易快照
29989066,922000004,CDXL,7.6,2,2017/1/3 6:32,20170103CDLG000510025099,B024-TXN-07057,已成交,用户提供的历史交易快照
30006206,915000003,CDXL,25.22,3,2017/1/3 6:32,20170103CDLG000510025099,B024-TXN-07058,已成交,用户提供的历史交易快照
30023187,922000003,CDXL,2.57,2,2017/1/3 6:32,20170103CDLG000510025099,B024-TXN-07059,已成交,用户提供的历史交易快照
30151326,924000000,CDXL,19.58,6,2017/1/3 6:32,20170103CDLG000510025099,B024-TXN-07060,已成交,用户提供的历史交易快照
30173848,920090000,CDXL,1.3,5,2017/1/3 6:32,20170103CDLG000510025099,B024-TXN-07061,已成交,用户提供的历史交易快照
30173851,920090000,CDXL,9.62,2,2017/1/3 6:32,20170103CDLG000510025099,B024-TXN-07062,已成交,用户提供的历史交易快照
30173851,920090000,CDXL,9.62,1,2017/1/3 6:32,20170103CDLG000510025099,B024-TXN-07063,已成交,用户提供的历史交易快照
29989073,922000002,CDXL,3.87,2,2017/1/3 6:32,20170103CDLG000510025099,B024-TXN-07064,已成交,用户提供的历史交易快照
29989060,922000000,CDXL,9.6,1,2017/1/3 6:32,20170103CDLG000510025099,B024-TXN-07065,已成交,用户提供的历史交易快照
29989094,922000006,CDXL,1.6,9,2017/1/3 6:32,20170103CDLG000510025099,B024-TXN-07066,已成交,用户提供的历史交易快照
29989105,922000000,CDXL,2.8,2,2017/1/3 6:32,20170103CDLG000510025099,B024-TXN-07067,已成交,用户提供的历史交易快照
29989058,922000001,CDXL,1.98,6,2017/1/3 6:32,20170103CDLG000510025099,B024-TXN-07068,已成交,用户提供的历史交易快照
29989059,922000003,CDXL,2.58,3,2017/1/3 6:32,20170103CDLG000510025099,B024-TXN-07069,已成交,用户提供的历史交易快照
29989071,922000002,CDXL,3.4,10,2017/1/3 6:32,20170103CDLG000510025099,B024-TXN-07070,已成交,用户提供的历史交易快照
30023197,922000003,CDXL,6.8,3,2017/1/3 6:32,20170103CDLG000510025099,B024-TXN-07071,已成交,用户提供的历史交易快照
30214804,925090000,CDXL,33.42,1,2017/1/3 6:32,20170103CDLG000510025099,B024-TXN-07072,已成交,用户提供的历史交易快照
29989061,922000000,CDXL,5.6,0,2017/1/3 6:43,20170103CDLG000510025100,B024-TXN-07073,已成交,用户提供的历史交易快照
29989074,922000006,CDXL,2.58,1,2017/1/3 6:43,20170103CDLG000510025100,B024-TXN-07074,已成交,用户提供的历史交易快照
30006039,915010001,CDXL,11.58,1,2017/1/3 6:43,20170103CDLG000510025100,B024-TXN-07075,已成交,用户提供的历史交易快照
29989540,924020000,CDXL,11.57,1,2017/1/3 6:43,20170103CDLG000510025100,B024-TXN-07076,已成交,用户提供的历史交易快照
29989058,922000001,CDXL,1.98,1,2017/1/3 6:43,20170103CDLG000510025100,B024-TXN-07077,已成交,用户提供的历史交易快照
30023197,922000003,CDXL,6.8,2,2017/1/3 6:43,20170103CDLG000510025100,B024-TXN-07078,已成交,用户提供的历史交易快照
29989061,922000000,CDXL,5.6,1,2017/1/3 6:45,20170103CDLG000510025101,B024-TXN-07079,已成交,用户提供的历史交易快照
29989074,922000006,CDXL,2.58,1,2017/1/3 6:45,20170103CDLG000510025101,B024-TXN-07080,已成交,用户提供的历史交易快照
30023192,922000000,CDXL,9.62,0,2017/1/3 6:45,20170103CDLG000510025101,B024-TXN-07081,已成交,用户提供的历史交易快照
30173851,920090000,CDXL,9.62,1,2017/1/3 6:45,20170103CDLG000510025101,B024-TXN-07082,已成交,用户提供的历史交易快照
29989057,922000001,CDXL,2.38,2,2017/1/3 6:45,20170103CDLG000510025101,B024-TXN-07083,已成交,用户提供的历史交易快照
30214819,925090000,CDXL,51.42,1,2017/1/3 6:45,20170103CDLG000510025101,B024-TXN-07084,已成交,用户提供的历史交易快照
29989060,922000000,CDXL,9.59,0,2017/1/3 6:45,20170103CDLG000510025101,B024-TXN-07085,已成交,用户提供的历史交易快照
30173851,920090000,CDXL,9.62,1,2017/1/3 6:48,20170103CDLG000510025102,B024-TXN-07086,已成交,用户提供的历史交易快照
30007902,910000000,CDXL,7.12,1,2017/1/3 6:49,20170103CDLG000510025103,B024-TXN-07087,已成交,用户提供的历史交易快照
30214802,925090000,CDXL,27.37,0,2017/1/3 6:51,20170103CDLG000510025104,B024-TXN-07088,已成交,用户提供的历史交易快照
30214802,925090000,CDXL,27.42,1,2017/1/3 6:52,20170103CDLG000510025105,B024-TXN-07089,已成交,用户提供的历史交易快照
29989076,922000006,CDXL,3.58,3,2017/1/3 6:52,20170103CDLG000510025105,B024-TXN-07090,已成交,用户提供的历史交易快照
29989534,924020002,CDXL,39.61,2,2017/1/3 6:52,20170103CDLG000510025105,B024-TXN-07091,已成交,用户提供的历史交易快照
29989613,922000005,CDXL,2.8,2,2017/1/3 6:52,20170103CDLG000510025105,B024-TXN-07092,已成交,用户提供的历史交易快照
30006041,915010000,CDXL,7.58,10,2017/1/3 6:52,20170103CDLG000510025105,B024-TXN-07093,已成交,用户提供的历史交易快照
30173848,920090000,CDXL,1.3,5,2017/1/3 6:52,20170103CDLG000510025105,B024-TXN-07094,已成交,用户提供的历史交易快照
30026045,914020000,CDXL,4.58,2,2017/1/3 6:52,20170103CDLG000510025105,B024-TXN-07095,已成交,用户提供的历史交易快照
30129948,914020403,CDXL,8.58,2,2017/1/3 6:52,20170103CDLG000510025105,B024-TXN-07096,已成交,用户提供的历史交易快照
29989240,924000005,CDXL,7.69,2,2017/1/3 6:52,20170103CDLG000510025105,B024-TXN-07097,已成交,用户提供的历史交易快照
29989058,922000001,CDXL,1.98,3,2017/1/3 6:52,20170103CDLG000510025105,B024-TXN-07098,已成交,用户提供的历史交易快照
29989071,922000002,CDXL,3.4,6,2017/1/3 6:52,20170103CDLG000510025105,B024-TXN-07099,已成交,用户提供的历史交易快照
30023176,922000003,CDXL,5.76,3,2017/1/3 6:52,20170103CDLG000510025105,B024-TXN-07100,已成交,用户提供的历史交易快照
30023197,922000003,CDXL,5.57,3,2017/1/3 6:52,20170103CDLG000510025105,B024-TXN-07101,已成交,用户提供的历史交易快照
30040629,922000005,CDXL,15.6,2,2017/1/3 6:52,20170103CDLG000510025105,B024-TXN-07102,已成交,用户提供的历史交易快照
30214804,925090000,CDXL,33.42,1,2017/1/3 6:52,20170103CDLG000510025105,B024-TXN-07103,已成交,用户提供的历史交易快照
30193066,933040501,CDXL,2.0,1,2017/1/3 6:59,20170103CDLG000510025106,B024-TXN-07104,已成交,用户提供的历史交易快照
30006416,915030101,CDXL,4.64,3,2017/1/3 7:12,20170103CDLG000510025107,B024-TXN-07105,已成交,用户提供的历史交易快照
30168879,930020000,CDXL,19.52,1,2017/1/3 7:12,20170103CDLG000510025107,B024-TXN-07106,已成交,用户提供的历史交易快照
29989072,922000002,CDXL,0.78,0,2017/1/3 7:12,20170103CDLG000510025107,B024-TXN-07107,已成交,用户提供的历史交易快照
30006206,915000003,CDXL,25.23,0,2017/1/3 7:12,20170103CDLG000510025107,B024-TXN-07108,已成交,用户提供的历史交易快照
30022232,960000000,CDXL,0.3,1,2017/1/3 7:12,20170103CDLG000510025107,B024-TXN-07109,已成交,用户提供的历史交易快照
29989048,922000001,CDXL,1.98,1,2017/1/3 7:12,20170103CDLG000510025107,B024-TXN-07110,已成交,用户提供的历史交易快照
29989157,923000000,CDXL,5.6,1,2017/1/3 7:12,20170103CDLG000510025107,B024-TXN-07111,已成交,用户提供的历史交易快照
30167079,930020502,CDXL,11.52,1,2017/1/3 7:12,20170103CDLG000510025107,B024-TXN-07112,已成交,用户提供的历史交易快照
30023041,923000006,CDXL,3.2,2,2017/1/3 7:19,20170103CDLG000510025108,B024-TXN-07113,已成交,用户提供的历史交易快照
30020269,923000101,CDXL,7.6,1,2017/1/3 7:19,20170103CDLG000510025108,B024-TXN-07114,已成交,用户提供的历史交易快照
30184227,912060303,CDXL,45.35,0,2017/1/3 7:19,20170103CDLG000510025108,B024-TXN-07115,已成交,用户提供的历史交易快照
29989085,922000002,CDXL,1.18,1,2017/1/3 7:24,20170103CDLG000510025109,B024-TXN-07116,已成交,用户提供的历史交易快照
29989059,922000003,CDXL,1.98,1,2017/1/3 7:24,20170103CDLG000510025109,B024-TXN-07117,已成交,用户提供的历史交易快照
30015803,910000000,CDXL,23.62,1,2017/1/3 7:41,20170103CDLG000510025111,B024-TXN-07118,已成交,用户提供的历史交易快照
30023187,922000003,CDXL,3.2,1,2017/1/3 7:51,20170103CDLG000510025112,B024-TXN-07119,已成交,用户提供的历史交易快照
30179548,915000106,CDXL,41.93,0,2017/1/3 7:51,20170103CDLG000510025112,B024-TXN-07120,已成交,用户提供的历史交易快照
30020338,924000005,CDXL,19.62,0,2017/1/3 7:51,20170103CDLG000510025112,B024-TXN-07121,已成交,用户提供的历史交易快照
30207851,931020102,CDXL,7.52,1,2017/1/3 7:51,20170103CDLG000510025112,B024-TXN-07122,已成交,用户提供的历史交易快照
30001975,912030001,CDXL,3.32,1,2017/1/3 7:51,20170103CDLG000510025112,B024-TXN-07123,已成交,用户提供的历史交易快照
30179544,915000106,CDXL,49.63,0,2017/1/3 7:51,20170103CDLG000510025112,B024-TXN-07124,已成交,用户提供的历史交易快照
30179536,915000106,CDXL,49.63,0,2017/1/3 7:51,20170103CDLG000510025112,B024-TXN-07125,已成交,用户提供的历史交易快照
29989056,922000001,CDXL,5.6,1,2017/1/3 7:51,20170103CDLG000510025112,B024-TXN-07126,已成交,用户提供的历史交易快照
29989059,922000003,CDXL,1.98,1,2017/1/3 7:51,20170103CDLG000510025112,B024-TXN-07127,已成交,用户提供的历史交易快照
30006040,915010000,CDXL,9.58,2,2017/1/3 7:51,20170103CDLG000510025112,B024-TXN-07128,已成交,用户提供的历史交易快照
30007902,910000000,CDXL,7.12,1,2017/1/3 7:52,20170103CDLG000510025113,B024-TXN-07129,已成交,用户提供的历史交易快照
30001277,910020207,CDXL,7.15,4,2017/1/3 7:59,20170103CDLG000510025114,B024-TXN-07130,已成交,用户提供的历史交易快照
29989074,922000006,CDXL,2.58,2,2017/1/3 8:02,20170103CDLG000510025115,B024-TXN-07131,已成交,用户提供的历史交易快照
30019598,914000002,CDXL,20.82,1,2017/1/3 8:02,20170103CDLG000510025115,B024-TXN-07132,已成交,用户提供的历史交易快照
29989049,922000001,CDXL,1.98,2,2017/1/3 8:02,20170103CDLG000510025115,B024-TXN-07133,已成交,用户提供的历史交易快照
29989073,922000002,CDXL,4.8,2,2017/1/3 8:02,20170103CDLG000510025115,B024-TXN-07134,已成交,用户提供的历史交易快照
30023174,922000006,CDXL,2.78,2,2017/1/3 8:02,20170103CDLG000510025115,B024-TXN-07135,已成交,用户提供的历史交易快照
29989120,922000003,CDXL,3.6,2,2017/1/3 8:02,20170103CDLG000510025115,B024-TXN-07136,已成交,用户提供的历史交易快照
30179547,915000106,CDXL,45.82,1,2017/1/3 8:02,20170103CDLG000510025115,B024-TXN-07137,已成交,用户提供的历史交易快照
29989540,924020000,CDXL,11.59,0,2017/1/3 8:10,20170103CDLG000510025116,B024-TXN-07138,已成交,用户提供的历史交易快照
30179516,915000102,CDXL,120.53,0,2017/1/3 8:10,20170103CDLG000510025116,B024-TXN-07139,已成交,用户提供的历史交易快照
29989073,922000002,CDXL,4.8,0,2017/1/3 8:10,20170103CDLG000510025116,B024-TXN-07140,已成交,用户提供的历史交易快照
29989059,922000003,CDXL,1.98,1,2017/1/3 8:10,20170103CDLG000510025116,B024-TXN-07141,已成交,用户提供的历史交易快照
30006040,915010000,CDXL,9.58,1,2017/1/3 8:10,20170103CDLG000510025116,B024-TXN-07142,已成交,用户提供的历史交易快照
30020125,915020002,CDXL,9.32,0,2017/1/3 8:10,20170103CDLG000510025116,B024-TXN-07143,已成交,用户提供的历史交易快照
30143065,911010100,CDXL,29.42,1,2017/1/3 8:10,20170103CDLG000510025116,B024-TXN-07144,已成交,用户提供的历史交易快照
30151326,924000000,CDXL,19.58,-11,2017/1/3 8:20,20170103CDLG000510025117,B024-TXN-07145,已成交,用户提供的历史交易快照
30020336,924000005,CDXL,16.16,3,2017/1/3 8:20,20170103CDLG000510025118,B024-TXN-07146,已成交,用户提供的历史交易快照
30033854,910000000,CDXL,9.62,1,2017/1/3 8:26,20170103CDLG000510025119,B024-TXN-07147,已成交,用户提供的历史交易快照
30151326,924000000,CDXL,19.58,6,2017/1/3 8:28,20170103CDLG000510025120,B024-TXN-07148,已成交,用户提供的历史交易快照
30078085,912060303,CDXL,19.22,1,2017/1/3 8:35,20170103CDLG000510025121,B024-TXN-07149,已成交,用户提供的历史交易快照
29989059,922000003,CDXL,1.98,1,2017/1/3 8:35,20170103CDLG000510025121,B024-TXN-07150,已成交,用户提供的历史交易快照
30026255,915030104,CDXL,4.0,20,2017/1/3 8:58,20170103CDLG000510025122,B024-TXN-07151,已成交,用户提供的历史交易快照
29989072,922000002,CDXL,0.78,1,2017/1/3 9:01,20170103CDLG000510025123,B024-TXN-07152,已成交,用户提供的历史交易快照
29989077,922000008,CDXL,13.62,0,2017/1/3 9:02,20170103CDLG000510025125,B024-TXN-07153,已成交,用户提供的历史交易快照
29999817,930000201,CDXL,11.52,1,2017/1/3 9:02,20170103CDLG000510025125,B024-TXN-07154,已成交,用户提供的历史交易快照
30202566,930020001,CDXL,9.52,1,2017/1/3 9:02,20170103CDLG000510025125,B024-TXN-07155,已成交,用户提供的历史交易快照
30000984,930020600,CDXL,6.52,1,2017/1/3 9:02,20170103CDLG000510025125,B024-TXN-07156,已成交,用户提供的历史交易快照
30204927,930020600,CDXL,1.9,1,2017/1/3 9:02,20170103CDLG000510025125,B024-TXN-07157,已成交,用户提供的历史交易快照
30214313,930020502,CDXL,8.52,1,2017/1/3 9:02,20170103CDLG000510025125,B024-TXN-07158,已成交,用户提供的历史交易快照
30044266,912000103,CDXL,12.62,1,2017/1/3 9:02,20170103CDLG000510025125,B024-TXN-07159,已成交,用户提供的历史交易快照
30203553,930020600,CDXL,4.82,1,2017/1/3 9:02,20170103CDLG000510025125,B024-TXN-07160,已成交,用户提供的历史交易快照
29989077,922000008,CDXL,13.61,0,2017/1/3 9:03,20170103CDLG000510025126,B024-TXN-07161,已成交,用户提供的历史交易快照
29989072,922000002,CDXL,0.78,1,2017/1/3 9:03,20170103CDLG000510025126,B024-TXN-07162,已成交,用户提供的历史交易快照
29989059,922000003,CDXL,1.98,1,2017/1/3 9:03,20170103CDLG000510025126,B024-TXN-07163,已成交,用户提供的历史交易快照
29989059,922000003,CDXL,1.98,1,2017/1/3 9:03,20170103CDLG000510025126,B024-TXN-07164,已成交,用户提供的历史交易快照
30146019,913040000,CDXL,11.72,1,2017/1/3 9:03,20170103CDLG000510025127,B024-TXN-07165,已成交,用户提供的历史交易快照
30114875,924000000,CDXL,25.61,1,2017/1/3 9:06,20170103CDLG000510025128,B024-TXN-07166,已成交,用户提供的历史交易快照
30214817,925090000,CDXL,39.43,1,2017/1/3 9:08,20170103CDLG000510025130,B024-TXN-07167,已成交,用户提供的历史交易快照
29989105,922000000,CDXL,2.8,1,2017/1/3 9:08,20170103CDLG000510025130,B024-TXN-07168,已成交,用户提供的历史交易快照
29989071,922000002,CDXL,3.4,0,2017/1/3 9:08,20170103CDLG000510025130,B024-TXN-07169,已成交,用户提供的历史交易快照
29989538,924020002,CDXL,12.62,0,2017/1/3 9:08,20170103CDLG000510025130,B024-TXN-07170,已成交,用户提供的历史交易快照
30214815,925090000,CDXL,35.45,0,2017/1/3 9:08,20170103CDLG000510025130,B024-TXN-07171,已成交,用户提供的历史交易快照
29989061,922000000,CDXL,5.57,0,2017/1/3 9:08,20170103CDLG000510025130,B024-TXN-07172,已成交,用户提供的历史交易快照
30203548,912020107,CDXL,10.62,1,2017/1/3 9:09,20170103CDLG000510025131,B024-TXN-07173,已成交,用户提供的历史交易快照
30135547,930000201,CDXL,9.52,7,2017/1/3 9:12,20170103CDLG000510025132,B024-TXN-07174,已成交,用户提供的历史交易快照
30007867,910000000,CDXL,6.62,5,2017/1/3 9:15,20170103CDLG000510025133,B024-TXN-07175,已成交,用户提供的历史交易快照
29989072,922000002,CDXL,0.78,1,2017/1/3 9:18,20170103CDLG000510025135,B024-TXN-07176,已成交,用户提供的历史交易快照
29989073,922000002,CDXL,4.8,0,2017/1/3 9:18,20170103CDLG000510025135,B024-TXN-07177,已成交,用户提供的历史交易快照
30006332,915030305,CDXL,9.78,1,2017/1/3 9:18,20170103CDLG000510025135,B024-TXN-07178,已成交,用户提供的历史交易快照
30214817,925090000,CDXL,39.42,0,2017/1/3 9:18,20170103CDLG000510025135,B024-TXN-07179,已成交,用户提供的历史交易快照
30006329,915030303,CDXL,13.57,0,2017/1/3 9:18,20170103CDLG000510025135,B024-TXN-07180,已成交,用户提供的历史交易快照
29989099,922000008,CDXL,1.58,1,2017/1/3 9:18,20170103CDLG000510025135,B024-TXN-07181,已成交,用户提供的历史交易快照
30020103,915030301,CDXL,9.6,0,2017/1/3 9:18,20170103CDLG000510025135,B024-TXN-07182,已成交,用户提供的历史交易快照
29989071,922000002,CDXL,3.4,1,2017/1/3 9:18,20170103CDLG000510025135,B024-TXN-07183,已成交,用户提供的历史交易快照
29989538,924020002,CDXL,12.62,0,2017/1/3 9:18,20170103CDLG000510025135,B024-TXN-07184,已成交,用户提供的历史交易快照
30007867,910000000,CDXL,7.12,1,2017/1/3 9:23,20170103CDLG000510025136,B024-TXN-07185,已成交,用户提供的历史交易快照
30007867,910000000,CDXL,7.12,1,2017/1/3 9:30,20170103CDLG000510025137,B024-TXN-07186,已成交,用户提供的历史交易快照
30020338,924000005,CDXL,19.6,1,2017/1/3 9:37,20170103CDLG000510025138,B024-TXN-07187,已成交,用户提供的历史交易快照
30022232,960000000,CDXL,0.3,1,2017/1/3 9:37,20170103CDLG000510025138,B024-TXN-07188,已成交,用户提供的历史交易快照
29989085,922000002,CDXL,1.18,2,2017/1/3 9:37,20170103CDLG000510025138,B024-TXN-07189,已成交,用户提供的历史交易快照
30023178,922000004,CDXL,6.2,1,2017/1/3 9:37,20170103CDLG000510025138,B024-TXN-07190,已成交,用户提供的历史交易快照
29989059,922000003,CDXL,1.98,2,2017/1/3 9:37,20170103CDLG000510025138,B024-TXN-07191,已成交,用户提供的历史交易快照
30005192,914010000,CDXL,9.52,1,2017/1/3 9:37,20170103CDLG000510025138,B024-TXN-07192,已成交,用户提供的历史交易快照
30143065,911010100,CDXL,29.42,1,2017/1/3 9:37,20170103CDLG000510025138,B024-TXN-07193,已成交,用户提供的历史交易快照
30010587,914070201,CDXL,4.12,1,2017/1/3 9:37,20170103CDLG000510025138,B024-TXN-07194,已成交,用户提供的历史交易快照
30173850,920090000,CDXL,10.62,1,2017/1/3 9:37,20170103CDLG000510025138,B024-TXN-07195,已成交,用户提供的历史交易快照
30034836,931050100,CDXL,14.52,1,2017/1/3 9:40,20170103CDLG000510025139,B024-TXN-07196,已成交,用户提供的历史交易快照
29998004,931020303,CDXL,3.12,1,2017/1/3 9:40,20170103CDLG000510025139,B024-TXN-07197,已成交,用户提供的历史交易快照
29998004,931020303,CDXL,3.12,1,2017/1/3 9:40,20170103CDLG000510025139,B024-TXN-07198,已成交,用户提供的历史交易快照
30020269,923000101,CDXL,7.6,1,2017/1/3 9:40,20170103CDLG000510025139,B024-TXN-07199,已成交,用户提供的历史交易快照
30203637,923000006,CDXL,3.2,2,2017/1/3 9:41,20170103CDLG000510025140,B024-TXN-07200,已成交,用户提供的历史交易快照
30203637,923000006,CDXL,3.2,2,2017/1/3 9:41,20170103CDLG000510025140,B024-TXN-07201,已成交,用户提供的历史交易快照
30174841,923000008,CDXL,6.8,1,2017/1/3 9:41,20170103CDLG000510025140,B024-TXN-07202,已成交,用户提供的历史交易快照
29989048,922000001,CDXL,1.98,2,2017/1/3 9:41,20170103CDLG000510025140,B024-TXN-07203,已成交,用户提供的历史交易快照
29989059,922000003,CDXL,1.98,2,2017/1/3 9:41,20170103CDLG000510025140,B024-TXN-07204,已成交,用户提供的历史交易快照
29989077,922000008,CDXL,13.59,1,2017/1/3 9:41,20170103CDLG000510025140,B024-TXN-07205,已成交,用户提供的历史交易快照
30026026,935010702,CDXL,2.5,2,2017/1/3 9:47,20170103CDLG000510025141,B024-TXN-07206,已成交,用户提供的历史交易快照
30214814,925090000,CDXL,33.42,2,2017/1/3 10:34,20170103CDLG000510025143,B024-TXN-07207,已成交,用户提供的历史交易快照
29989049,922000001,CDXL,1.98,1,2017/1/3 10:35,20170103CDLG000510025144,B024-TXN-07208,已成交,用户提供的历史交易快照
30026118,915020000,CDXL,4.92,1,2017/1/3 10:35,20170103CDLG000510025144,B024-TXN-07209,已成交,用户提供的历史交易快照
29989059,922000003,CDXL,1.98,1,2017/1/3 10:35,20170103CDLG000510025144,B024-TXN-07210,已成交,用户提供的历史交易快照
30006040,915010000,CDXL,9.57,1,2017/1/3 10:35,20170103CDLG000510025144,B024-TXN-07211,已成交,用户提供的历史交易快照
30040629,922000005,CDXL,15.62,0,2017/1/3 10:35,20170103CDLG000510025144,B024-TXN-07212,已成交,用户提供的历史交易快照
30006039,915010001,CDXL,11.58,1,2017/1/3 10:35,20170103CDLG000510025144,B024-TXN-07213,已成交,用户提供的历史交易快照
30005192,914010000,CDXL,9.52,1,2017/1/3 10:58,20170103CDLG000510025146,B024-TXN-07214,已成交,用户提供的历史交易快照
30023041,923000006,CDXL,3.2,2,2017/1/3 10:58,20170103CDLG000510025146,B024-TXN-07215,已成交,用户提供的历史交易快照
30038941,911010002,CDXL,17.62,1,2017/1/3 10:58,20170103CDLG000510025146,B024-TXN-07216,已成交,用户提供的历史交易快照
30096418,912060403,CDXL,19.42,1,2017/1/3 10:59,20170103CDLG000510025147,B024-TXN-07217,已成交,用户提供的历史交易快照
30031870,915030401,CDXL,6.58,1,2017/1/3 10:59,20170103CDLG000510025147,B024-TXN-07218,已成交,用户提供的历史交易快照
30008276,911010501,CDXL,15.42,0,2017/1/3 11:00,20170103CDLG000510025148,B024-TXN-07219,已成交,用户提供的历史交易快照
30033854,910000000,CDXL,9.62,1,2017/1/3 11:17,20170103CDLG000510025149,B024-TXN-07220,已成交,用户提供的历史交易快照
30206214,910000000,CDXL,15.62,1,2017/1/3 11:40,20170103CDLG000510025150,B024-TXN-07221,已成交,用户提供的历史交易快照
30129510,925090000,CDXL,23.21,0,2017/1/3 11:50,20170103CDLG000510025151,B024-TXN-07222,已成交,用户提供的历史交易快照
