session_id,sample_index,time_seconds,cutter_motor_torque,cutter_follow_error,film_follow_error,spindle_speed,data_nature
BD-0001,1,0.00800000,0.19960282,0.02742004,0.89954280,1379.99975585,public-waveform-fixed-slice
BD-0001,2,0.01199999,0.28162419,0.00250244,0.87407165,1379.99975585,public-waveform-fixed-slice
BD-0001,3,0.01599999,0.34931501,-0.01808547,0.87980616,1379.99975585,public-waveform-fixed-slice
BD-0001,4,0.01999999,0.44444981,-0.05467987,0.83750003,1379.99975585,public-waveform-fixed-slice
BD-0001,5,0.02399999,0.48092296,-0.04277038,0.90534675,1379.99975585,public-waveform-fixed-slice
BD-0001,6,0.02799999,0.35521143,0.00555229,0.85896575,1379.99975585,public-waveform-fixed-slice
BD-0001,7,0.03199999,0.34794566,0.01041221,0.88848102,1379.99975585,public-waveform-fixed-slice
BD-0001,8,0.03599999,0.46915343,-0.02419662,0.91838729,1379.99975585,public-waveform-fixed-slice
BD-0001,9,0.03999999,0.51334095,-0.02801513,0.91005718,1379.99975585,public-waveform-fixed-slice
BD-0001,10,0.04399999,0.51530283,-0.01962280,0.97215402,1379.99975585,public-waveform-fixed-slice
BD-0001,11,0.04799999,0.52243286,-0.01247787,0.97225421,1379.99975585,public-waveform-fixed-slice
BD-0001,12,0.05199999,0.40706369,0.02706527,0.93713593,1379.99975585,public-waveform-fixed-slice
BD-0001,13,0.05599999,0.37659817,0.02910614,0.94684696,1379.99975585,public-waveform-fixed-slice
BD-0001,14,0.05999999,0.40454843,0.02050018,0.94130122,1379.99975585,public-waveform-fixed-slice
BD-0001,15,0.06399999,0.42223200,0.01313209,0.89247864,1379.99975585,public-waveform-fixed-slice
BD-0001,16,0.06799999,0.36588674,0.02456283,0.94477868,1379.99975585,public-waveform-fixed-slice
BD-0001,17,0.07199999,0.42783433,-0.00024223,0.96827155,1379.99975585,public-waveform-fixed-slice
BD-0001,18,0.07599999,0.40559631,0.01059532,0.96304732,1379.99975585,public-waveform-fixed-slice
BD-0001,19,0.07999999,0.39603045,0.01041984,0.99857389,1379.99975585,public-waveform-fixed-slice
BD-0001,20,0.08399999,0.39858719,0.00532913,0.98303735,1379.99975585,public-waveform-fixed-slice
BD-0001,21,0.08799999,0.31377649,0.02907562,0.96540927,1379.99975585,public-waveform-fixed-slice
BD-0001,22,0.09199999,0.41824141,0.00329971,1.02012360,1379.99975585,public-waveform-fixed-slice
BD-0001,23,0.09599999,0.49337756,-0.01360511,0.97746300,1379.99975585,public-waveform-fixed-slice
BD-0001,24,0.09999999,0.45299518,-0.00118446,0.93364620,1379.99975585,public-waveform-fixed-slice
BD-0001,25,0.10399999,0.44638204,-0.00440025,0.96769511,1379.99975585,public-waveform-fixed-slice
BD-0001,26,0.10799999,0.28397160,0.04303169,0.95204114,1379.99975585,public-waveform-fixed-slice
BD-0001,27,0.11199999,0.39125552,0.00849151,0.95627152,1379.99975585,public-waveform-fixed-slice
BD-0001,28,0.11599999,0.44198888,-0.00938224,0.95465642,1379.99975585,public-waveform-fixed-slice
BD-0001,29,0.11999999,0.37616381,0.00839614,1.01956307,1379.99975585,public-waveform-fixed-slice
BD-0001,30,0.12399999,0.46490502,-0.02219390,1.02321100,1379.99975585,public-waveform-fixed-slice
BD-0001,31,0.12799999,0.54153072,-0.03960418,1.03605592,1379.99975585,public-waveform-fixed-slice
BD-0001,32,0.13199999,0.49689278,-0.02074813,1.01356399,1379.99975585,public-waveform-fixed-slice
BD-0001,33,0.13599999,0.55070799,-0.03527259,1.01372385,1379.99975585,public-waveform-fixed-slice
BD-0001,34,0.13999999,0.59356218,-0.03259277,1.08782005,1379.99975585,public-waveform-fixed-slice
BD-0001,35,0.14399999,0.58194714,-0.01704788,1.07219803,1379.99975585,public-waveform-fixed-slice
BD-0001,36,0.14799999,0.45377495,0.03824615,1.00243592,1379.99975585,public-waveform-fixed-slice
BD-0001,37,0.15199999,0.35408630,0.05073165,0.98091042,1379.99975585,public-waveform-fixed-slice
BD-0001,38,0.15599998,0.39294812,0.02609634,0.97658693,1379.99975585,public-waveform-fixed-slice
BD-0001,39,0.15999998,0.47189366,0.00371742,0.98449760,1379.99975585,public-waveform-fixed-slice
BD-0001,40,0.16399998,0.58338081,-0.02984237,0.99908542,1379.99975585,public-waveform-fixed-slice
BD-0001,41,0.16799998,0.49559643,-0.01037406,0.99507725,1379.99975585,public-waveform-fixed-slice
BD-0001,42,0.17199998,0.45922935,0.00760269,0.97027862,1379.99975585,public-waveform-fixed-slice
BD-0001,43,0.17599998,0.46337410,0.00704574,0.99334520,1379.99975585,public-waveform-fixed-slice
BD-0001,44,0.17999998,0.43553823,0.01704216,1.00553643,1379.99975585,public-waveform-fixed-slice
BD-0001,45,0.18399998,0.54666692,-0.01498794,1.00640881,1379.99975585,public-waveform-fixed-slice
BD-0001,46,0.18799998,0.54797720,-0.01483535,1.03718745,1379.99975585,public-waveform-fixed-slice
BD-0001,47,0.19199998,0.68958294,-0.05787467,1.03081536,1379.99975585,public-waveform-fixed-slice
BD-0001,48,0.19599998,0.65449309,-0.03438568,1.04598176,1379.99975585,public-waveform-fixed-slice
BD-0001,49,0.19999998,0.58594965,-0.00779342,1.00990378,1379.99975585,public-waveform-fixed-slice
BD-0001,50,0.20399998,0.53443390,0.02276229,0.99720740,1379.99975585,public-waveform-fixed-slice
BD-0001,51,0.20799998,0.48878276,0.02999496,1.03712427,1379.99975585,public-waveform-fixed-slice
BD-0001,52,0.21199998,0.55813676,0.00853729,1.03346860,1379.99975585,public-waveform-fixed-slice
BD-0001,53,0.21599998,0.48065337,0.01219749,1.07368946,1379.99975585,public-waveform-fixed-slice
BD-0001,54,0.21999998,0.50322550,0.00445556,1.04581928,1379.99975585,public-waveform-fixed-slice
BD-0001,55,0.22399998,0.52668052,0.01646423,0.99133825,1379.99975585,public-waveform-fixed-slice
BD-0001,56,0.22799998,0.46087214,0.02556419,0.95917981,1379.99975585,public-waveform-fixed-slice
BD-0001,57,0.23199998,0.64051038,-0.02865982,0.96295046,1379.99975585,public-waveform-fixed-slice
BD-0001,58,0.23599998,0.59833353,-0.02996253,0.98247158,1379.99975585,public-waveform-fixed-slice
BD-0001,59,0.23999998,0.66232663,-0.03201293,0.99695146,1379.99975585,public-waveform-fixed-slice
BD-0001,60,0.24399998,0.72254812,-0.04267501,1.08013713,1379.99975585,public-waveform-fixed-slice
BD-0001,61,0.24799998,0.71830594,-0.01932144,1.04348039,1379.99975585,public-waveform-fixed-slice
BD-0001,62,0.25199998,0.52056312,0.03154754,1.04411315,1379.99975585,public-waveform-fixed-slice
BD-0001,63,0.25599998,0.46157404,0.06316947,0.95719999,1379.99975585,public-waveform-fixed-slice
BD-0001,64,0.25999998,0.42471513,0.05839157,0.97447371,1379.99975585,public-waveform-fixed-slice
BD-0001,65,0.26399998,0.61562365,-0.01128387,1.01622939,1379.99975585,public-waveform-fixed-slice
BD-0001,66,0.26799998,0.76467180,-0.05967330,1.04898107,1379.99975585,public-waveform-fixed-slice
BD-0001,67,0.27199998,0.62093198,-0.01737594,1.08501613,1379.99975585,public-waveform-fixed-slice
BD-0001,68,0.27599998,0.67611813,-0.02260017,1.02926826,1379.99975585,public-waveform-fixed-slice
BD-0001,69,0.27999998,0.57116210,0.01416587,1.02315521,1379.99975585,public-waveform-fixed-slice
BD-0001,70,0.28399998,0.57365351,0.03244495,0.92468678,1379.99975585,public-waveform-fixed-slice
BD-0001,71,0.28799998,0.57716679,0.02144908,0.94155162,1379.99975585,public-waveform-fixed-slice
BD-0001,72,0.29199998,0.63189661,-0.00012016,0.96323138,1379.99975585,public-waveform-fixed-slice
BD-0001,73,0.29599998,0.55653190,0.01632690,1.03471231,1379.99975585,public-waveform-fixed-slice
BD-0001,74,0.29999997,0.54183417,0.02175617,1.02923214,1379.99975585,public-waveform-fixed-slice
BD-0001,75,0.30399997,0.53989738,0.00608348,1.00008606,1379.99975585,public-waveform-fixed-slice
BD-0001,76,0.30799997,0.64454597,-0.01750469,0.99403840,1379.99975585,public-waveform-fixed-slice
BD-0001,77,0.31199997,0.68787115,-0.01928901,0.99476695,1379.99975585,public-waveform-fixed-slice
BD-0001,78,0.31599997,0.70813131,-0.01411533,1.01102888,1379.99975585,public-waveform-fixed-slice
BD-0001,79,0.31999997,0.55615878,0.02359294,1.02289283,1379.99975585,public-waveform-fixed-slice
BD-0001,80,0.32399997,0.46276009,0.03719139,1.00471639,1379.99975585,public-waveform-fixed-slice
BD-0001,81,0.32799997,0.46724042,0.04673862,0.92875421,1379.99975585,public-waveform-fixed-slice
BD-0001,82,0.33199997,0.46063166,0.03714752,0.91475200,1379.99975585,public-waveform-fixed-slice
BD-0001,83,0.33599997,0.47167181,0.00785732,0.95895409,1379.99975585,public-waveform-fixed-slice
BD-0001,84,0.33999997,0.66158020,-0.05825042,1.00818681,1379.99975585,public-waveform-fixed-slice
BD-0001,85,0.34399997,0.65883249,-0.03817749,0.99268281,1379.99975585,public-waveform-fixed-slice
BD-0001,86,0.34799997,0.51516973,0.00182151,0.94768673,1379.99975585,public-waveform-fixed-slice
BD-0001,87,0.35199997,0.58998036,-0.00684356,0.91540288,1379.99975585,public-waveform-fixed-slice
BD-0001,88,0.35599997,0.55128616,0.00883674,0.93352252,1379.99975585,public-waveform-fixed-slice
BD-0001,89,0.35999997,0.31640207,0.05989456,0.95448261,1379.99975585,public-waveform-fixed-slice
BD-0001,90,0.36399997,0.35164168,0.06644630,0.99807953,1379.99975585,public-waveform-fixed-slice
BD-0001,91,0.36799997,0.48245334,-0.00832366,0.92356568,1379.99975585,public-waveform-fixed-slice
BD-0001,92,0.37199997,0.65558850,-0.07209014,0.89653480,1379.99975585,public-waveform-fixed-slice
BD-0001,93,0.37599997,0.64593571,-0.05643653,0.84290450,1379.99975585,public-waveform-fixed-slice
BD-0001,94,0.37999997,0.55400854,-0.01237583,0.91461539,1379.99975585,public-waveform-fixed-slice
BD-0001,95,0.38399997,0.52009326,0.01978874,0.91780084,1379.99975585,public-waveform-fixed-slice
BD-0001,96,0.38799997,0.27082532,0.06618882,0.97216564,1379.99975585,public-waveform-fixed-slice
BD-0001,97,0.39199997,0.31147333,0.05515378,0.95727288,1379.99975585,public-waveform-fixed-slice
BD-0001,98,0.39599997,0.30240729,0.02707302,0.95446020,1379.99975585,public-waveform-fixed-slice
BD-0001,99,0.39999997,0.46179586,-0.03215971,0.86285400,1379.99975585,public-waveform-fixed-slice
BD-0001,100,0.40399997,0.67938351,-0.10343199,0.86306184,1379.99975585,public-waveform-fixed-slice
BD-0001,101,0.40799997,0.68269819,-0.08914667,0.86427581,1379.99975585,public-waveform-fixed-slice
BD-0001,102,0.41199997,0.64102405,-0.03804981,0.90855664,1379.99975585,public-waveform-fixed-slice
BD-0001,103,0.41599997,0.32453563,0.06079947,0.90272372,1379.99975585,public-waveform-fixed-slice
BD-0001,104,0.41999997,0.35677292,0.06182307,0.92910557,1379.99975585,public-waveform-fixed-slice
BD-0001,105,0.42399997,0.28355881,0.05475908,0.96011221,1379.99975585,public-waveform-fixed-slice
BD-0001,106,0.42799997,0.37224593,0.00362789,0.96938025,1379.99975585,public-waveform-fixed-slice
BD-0001,107,0.43199997,0.51404070,-0.03424084,0.91925275,1379.99975585,public-waveform-fixed-slice
BD-0001,108,0.43599997,0.63083535,-0.07718557,0.89328652,1379.99975585,public-waveform-fixed-slice
BD-0001,109,0.43999997,0.75083011,-0.09277462,0.88342678,1379.99975585,public-waveform-fixed-slice
BD-0001,110,0.44399996,0.59423851,-0.00573647,0.91282832,1379.99975585,public-waveform-fixed-slice
BD-0001,111,0.44799996,0.32575133,0.06881976,0.93678903,1379.99975585,public-waveform-fixed-slice
BD-0001,112,0.45199996,0.13650359,0.11795961,1.00444495,1379.99975585,public-waveform-fixed-slice
BD-0001,113,0.45599996,0.29432418,0.04363775,0.99055850,1379.99975585,public-waveform-fixed-slice
BD-0001,114,0.45999996,0.31180781,0.01259517,0.94647121,1379.99975585,public-waveform-fixed-slice
BD-0001,115,0.46399996,0.39733690,-0.02535736,0.88627678,1379.99975585,public-waveform-fixed-slice
BD-0001,116,0.46799996,0.68821758,-0.08581876,0.88547730,1379.99975585,public-waveform-fixed-slice
BD-0001,117,0.47199996,0.48463752,-0.02875196,0.90742474,1379.99975585,public-waveform-fixed-slice
BD-0001,118,0.47599996,0.46722877,-0.02114212,0.96400690,1379.99975585,public-waveform-fixed-slice
BD-0001,119,0.47999996,0.26054665,0.06801521,0.97830802,1379.99975585,public-waveform-fixed-slice
BD-0001,120,0.48399996,0.06325523,0.11278438,0.95938801,1379.99975585,public-waveform-fixed-slice
BD-0001,121,0.48799996,0.12205332,0.07224237,0.90020030,1379.99975585,public-waveform-fixed-slice
BD-0001,122,0.49199996,0.15226480,0.01981461,0.94067543,1379.99975585,public-waveform-fixed-slice
BD-0001,123,0.49599996,0.29281193,-0.04068493,0.98879688,1379.99975585,public-waveform-fixed-slice
BD-0001,124,0.49999996,0.31259801,-0.04295563,0.99504441,1379.99975585,public-waveform-fixed-slice
BD-0001,125,0.50399996,0.41637060,-0.07329487,0.97511768,1379.99975585,public-waveform-fixed-slice
BD-0001,126,0.50799996,0.43073210,-0.05330657,0.93304389,1379.99975585,public-waveform-fixed-slice
BD-0001,127,0.51199996,0.32293450,-0.02416944,0.93325114,1379.99975585,public-waveform-fixed-slice
BD-0001,128,0.51599996,0.15421016,0.05848145,0.89621073,1379.99975585,public-waveform-fixed-slice
BD-0001,129,0.51999996,0.01310955,0.08009481,0.93929767,1379.99975585,public-waveform-fixed-slice
BD-0001,130,0.52399996,-0.00034364,0.06138396,0.94655281,1379.99975585,public-waveform-fixed-slice
BD-0001,131,0.52799996,0.23522426,-0.03340125,0.97191047,1379.99975585,public-waveform-fixed-slice
BD-0001,132,0.53199996,0.31997537,-0.06163477,0.93386334,1379.99975585,public-waveform-fixed-slice
BD-0001,133,0.53599996,0.27615344,-0.03712916,0.91997689,1379.99975585,public-waveform-fixed-slice
BD-0001,134,0.53999996,0.27932271,-0.05192160,0.91313731,1379.99975585,public-waveform-fixed-slice
BD-0001,135,0.54399996,0.28306421,-0.02847838,0.94917845,1379.99975585,public-waveform-fixed-slice
BD-0001,136,0.54799996,0.21993911,0.00282740,0.96247273,1379.99975585,public-waveform-fixed-slice
BD-0001,137,0.55199996,0.07617688,0.03619098,0.96570014,1379.99975585,public-waveform-fixed-slice
BD-0001,138,0.55599996,-0.06390394,0.07664847,0.95080703,1379.99975585,public-waveform-fixed-slice
BD-0001,139,0.55999996,0.15692602,-0.00386857,0.93289381,1379.99975585,public-waveform-fixed-slice
BD-0001,140,0.56399996,0.10701221,-0.01615333,0.94920819,1379.99975585,public-waveform-fixed-slice
BD-0001,141,0.56799996,0.31679221,-0.06280565,0.94699394,1379.99975585,public-waveform-fixed-slice
BD-0001,142,0.57199996,0.45038866,-0.09345245,0.93008840,1379.99975585,public-waveform-fixed-slice
BD-0001,143,0.57599996,0.15748867,0.01075530,0.87996089,1379.99975585,public-waveform-fixed-slice
BD-0001,144,0.57999996,0.27374249,-0.03641033,0.86104100,1379.99975585,public-waveform-fixed-slice
BD-0001,145,0.58399996,0.06085504,0.05816864,0.87634867,1379.99975585,public-waveform-fixed-slice
BD-0001,146,0.58799996,0.06773710,0.03302073,0.90575027,1379.99975585,public-waveform-fixed-slice
BD-0001,147,0.59199995,0.07715616,0.01740026,1.00420629,1379.99975585,public-waveform-fixed-slice
BD-0001,148,0.59599995,0.16737815,-0.01413154,1.03562021,1379.99975585,public-waveform-fixed-slice
BD-0001,149,0.59999995,0.22576031,-0.04736614,1.02173471,1379.99975585,public-waveform-fixed-slice
BD-0001,150,0.60399995,0.11546713,0.00884509,0.88905829,1379.99975585,public-waveform-fixed-slice
BD-0001,151,0.60799995,0.15218900,-0.00716543,0.89731913,1379.99975585,public-waveform-fixed-slice
BD-0001,152,0.61199995,0.14892709,0.00247955,0.86531215,1379.99975585,public-waveform-fixed-slice
BD-0001,153,0.61599995,0.15112648,0.01189756,0.96578079,1379.99975585,public-waveform-fixed-slice
BD-0001,154,0.61999995,0.32423231,-0.04748010,0.97706276,1379.99975585,public-waveform-fixed-slice
BD-0001,155,0.62399995,0.16388264,0.00735163,1.00948321,1379.99975585,public-waveform-fixed-slice
BD-0001,156,0.62799995,0.25134214,-0.01289463,0.94828313,1379.99975585,public-waveform-fixed-slice
BD-0001,157,0.63199995,0.08392862,0.03319358,0.91124278,1379.99975585,public-waveform-fixed-slice
BD-0001,158,0.63599995,-0.01944790,0.05532097,0.86413544,1379.99975585,public-waveform-fixed-slice
BD-0001,159,0.63999995,0.05693369,0.00509166,0.92633360,1379.99975585,public-waveform-fixed-slice
BD-0001,160,0.64399995,-0.05496086,0.03910589,0.94365376,1379.99975585,public-waveform-fixed-slice
BD-0001,161,0.64799995,0.04977449,0.01047992,0.96097576,1379.99975585,public-waveform-fixed-slice
BD-0001,162,0.65199995,0.12389229,-0.02747821,0.95916974,1379.99975585,public-waveform-fixed-slice
BD-0001,163,0.65599995,0.16074016,-0.03498506,0.93521630,1379.99975585,public-waveform-fixed-slice
BD-0001,164,0.65999995,0.24429656,-0.04933929,0.92837679,1379.99975585,public-waveform-fixed-slice
BD-0001,165,0.66399995,0.03833856,0.01016283,0.92314237,1379.99975585,public-waveform-fixed-slice
BD-0001,166,0.66799995,0.12553334,0.00028467,0.94046449,1379.99975585,public-waveform-fixed-slice
BD-0001,167,0.67199995,-0.11587059,0.05674314,0.95073777,1379.99975585,public-waveform-fixed-slice
BD-0001,168,0.67599995,0.01834192,0.00340890,0.93886566,1379.99975585,public-waveform-fixed-slice
BD-0001,169,0.67999995,-0.04892875,0.01688766,0.98638761,1379.99975585,public-waveform-fixed-slice
BD-0001,170,0.68399995,0.05687464,-0.02809047,0.98156142,1379.99975585,public-waveform-fixed-slice
BD-0001,171,0.68799995,-0.04276663,0.01051425,0.96525442,1379.99975585,public-waveform-fixed-slice
BD-0001,172,0.69199995,0.10209208,-0.03399753,0.90606570,1379.99975585,public-waveform-fixed-slice
BD-0001,173,0.69599995,0.05109740,-0.00836372,0.96063548,1379.99975585,public-waveform-fixed-slice
BD-0001,174,0.69999995,-0.00633392,0.00425338,0.94775474,1379.99975585,public-waveform-fixed-slice
BD-0001,175,0.70399995,-0.01485609,-0.00507164,0.96407014,1379.99975585,public-waveform-fixed-slice
BD-0001,176,0.70799995,-0.01434276,-0.00679588,0.93911010,1379.99975585,public-waveform-fixed-slice
BD-0001,177,0.71199995,0.05077461,-0.03351116,0.96508330,1379.99975585,public-waveform-fixed-slice
BD-0001,178,0.71599995,-0.04072754,0.00325059,0.90891665,1379.99975585,public-waveform-fixed-slice
BD-0001,179,0.71999995,-0.10677739,0.01190423,0.96247774,1379.99975585,public-waveform-fixed-slice
BD-0001,180,0.72399995,-0.11229778,0.01351976,0.98281997,1379.99975585,public-waveform-fixed-slice
BD-0001,181,0.72799995,-0.13992945,0.01114606,1.03738868,1379.99975585,public-waveform-fixed-slice
BD-0001,182,0.73199995,-0.09651014,-0.00311279,0.99833494,1379.99975585,public-waveform-fixed-slice
BD-0001,183,0.73599994,-0.14092989,0.00130176,0.96390736,1379.99975585,public-waveform-fixed-slice
BD-0001,184,0.73999994,-0.14017693,-0.00852537,0.90975219,1379.99975585,public-waveform-fixed-slice
BD-0001,185,0.74399994,-0.08480278,-0.01721048,0.93110096,1379.99975585,public-waveform-fixed-slice
BD-0001,186,0.74799994,-0.14114481,-0.00269651,0.93634086,1379.99975585,public-waveform-fixed-slice
BD-0001,187,0.75199994,-0.13890491,0.00077724,0.93151563,1379.99975585,public-waveform-fixed-slice
BD-0001,188,0.75599994,-0.09514374,-0.01911306,0.91459208,1379.99975585,public-waveform-fixed-slice
BD-0001,189,0.75999994,-0.08692806,-0.02256536,0.91640460,1379.99975585,public-waveform-fixed-slice
BD-0001,190,0.76399994,-0.11282734,-0.01105880,0.95486724,1379.99975585,public-waveform-fixed-slice
BD-0001,191,0.76799994,-0.13262917,-0.00392580,0.99634814,1379.99975585,public-waveform-fixed-slice
BD-0001,192,0.77199994,-0.12185143,-0.00544500,0.97541570,1379.99975585,public-waveform-fixed-slice
BD-0001,193,0.77599994,-0.10020753,-0.01446008,0.91622805,1379.99975585,public-waveform-fixed-slice
BD-0001,194,0.77999994,-0.26098424,0.03467845,0.89328128,1379.99975585,public-waveform-fixed-slice
BD-0001,195,0.78399994,-0.38902536,0.06336259,0.90516084,1379.99975585,public-waveform-fixed-slice
BD-0001,196,0.78799994,-0.41754311,0.05477762,0.94060248,1379.99975585,public-waveform-fixed-slice
BD-0001,197,0.79199994,-0.45562222,0.04831838,0.99919897,1379.99975585,public-waveform-fixed-slice
BD-0001,198,0.79599994,-0.44145137,0.02568769,1.00343215,1379.99975585,public-waveform-fixed-slice
BD-0001,199,0.79999994,-0.49697875,0.02756547,0.95129221,1379.99975585,public-waveform-fixed-slice
BD-0001,200,0.80399994,-0.50588047,0.01492547,0.86190366,1379.99975585,public-waveform-fixed-slice
BD-0001,201,0.80799994,-0.53239393,0.00773525,0.84156882,1379.99975585,public-waveform-fixed-slice
BD-0001,202,0.81199994,-0.54852753,0.00815010,0.90318548,1379.99975585,public-waveform-fixed-slice
BD-0001,203,0.81599994,-0.57987070,0.00858688,0.94667977,1379.99975585,public-waveform-fixed-slice
BD-0001,204,0.81999994,-0.55549573,-0.00958108,0.98715579,1379.99975585,public-waveform-fixed-slice
BD-0001,205,0.82399994,-0.56008094,-0.01147985,0.96018135,1379.99975585,public-waveform-fixed-slice
BD-0001,206,0.82799994,-0.58481109,-0.01302099,0.97045654,1379.99975585,public-waveform-fixed-slice
BD-0001,207,0.83199994,-0.54068475,-0.02624464,0.88871335,1379.99975585,public-waveform-fixed-slice
BD-0001,208,0.83599994,-0.53602528,-0.02302598,0.93522864,1379.99975585,public-waveform-fixed-slice
BD-0001,209,0.83999994,-0.49083057,-0.03881788,0.89315474,1379.99975585,public-waveform-fixed-slice
BD-0001,210,0.84399994,-0.54306149,-0.02119207,0.93665081,1379.99975585,public-waveform-fixed-slice
BD-0001,211,0.84799994,-0.53235960,-0.02191734,0.87947654,1379.99975585,public-waveform-fixed-slice
BD-0001,212,0.85199994,-0.50547415,-0.03260707,0.95015245,1379.99975585,public-waveform-fixed-slice
BD-0001,213,0.85599994,-0.57794636,-0.01756525,0.93082439,1379.99975585,public-waveform-fixed-slice
BD-0001,214,0.85999994,-0.56818813,-0.02164363,0.96123248,1379.99975585,public-waveform-fixed-slice
BD-0001,215,0.86399994,-0.68081563,0.02097463,0.93828594,1379.99975585,public-waveform-fixed-slice
BD-0001,216,0.86799994,-0.57484072,-0.01191711,0.90424847,1379.99975585,public-waveform-fixed-slice
BD-0001,217,0.87199994,-0.56232124,-0.02844572,0.82492786,1379.99975585,public-waveform-fixed-slice
BD-0001,218,0.87599994,-0.55377638,-0.02711200,0.84124219,1379.99975585,public-waveform-fixed-slice
BD-0001,219,0.87999993,-0.63666945,-0.01250362,0.87325370,1379.99975585,public-waveform-fixed-slice
BD-0001,220,0.88399993,-0.43652319,-0.05164289,0.92278999,1379.99975585,public-waveform-fixed-slice
BD-0001,221,0.88799993,-0.47640904,-0.03237581,0.91494464,1379.99975585,public-waveform-fixed-slice
BD-0001,222,0.89199993,-0.49449431,-0.01678752,0.87991672,1379.99975585,public-waveform-fixed-slice
BD-0001,223,0.89599993,-0.70656299,0.05246543,0.87005794,1379.99975585,public-waveform-fixed-slice
BD-0001,224,0.89999993,-0.72783005,0.04590368,0.91757905,1379.99975585,public-waveform-fixed-slice
BD-0001,225,0.90399993,-0.75002938,0.04245615,0.90932548,1379.99975585,public-waveform-fixed-slice
BD-0001,226,0.90799993,-0.84311062,0.04081940,0.94376134,1379.99975585,public-waveform-fixed-slice
BD-0001,227,0.91199993,-0.70492821,-0.00803780,0.87551242,1379.99975585,public-waveform-fixed-slice
BD-0001,228,0.91599993,-0.66864335,-0.01789522,0.85357147,1379.99975585,public-waveform-fixed-slice
BD-0001,229,0.91999993,-0.64084541,-0.01837944,0.81653207,1379.99975585,public-waveform-fixed-slice
BD-0001,230,0.92399993,-0.55573171,-0.04039883,0.90532940,1379.99975585,public-waveform-fixed-slice
BD-0001,231,0.92799993,-0.64359265,-0.00813531,0.91318309,1379.99975585,public-waveform-fixed-slice
BD-0001,232,0.93199993,-0.63066154,0.00137901,0.96473091,1379.99975585,public-waveform-fixed-slice
BD-0001,233,0.93599993,-0.55081367,-0.01990342,0.92466950,1379.99975585,public-waveform-fixed-slice
BD-0001,234,0.93999993,-0.61817574,-0.01538777,0.91984421,1379.99975585,public-waveform-fixed-slice
BD-0001,235,0.94399993,-0.59926712,-0.00351953,0.86468422,1379.99975585,public-waveform-fixed-slice
BD-0001,236,0.94799993,-0.73806375,0.03237104,0.91422051,1379.99975585,public-waveform-fixed-slice
BD-0001,237,0.95199993,-0.61986231,0.00569224,0.92811244,1379.99975585,public-waveform-fixed-slice
BD-0001,238,0.95599993,-0.72401320,0.00674414,0.93939244,1379.99975585,public-waveform-fixed-slice
BD-0001,239,0.95999993,-0.61988687,-0.00996136,0.92047339,1379.99975585,public-waveform-fixed-slice
BD-0001,240,0.96399993,-0.50525879,-0.04289221,0.95088255,1379.99975585,public-waveform-fixed-slice
BD-0001,241,0.96799993,-0.59207338,0.00007104,0.96518260,1379.99975585,public-waveform-fixed-slice
BD-0001,242,0.97199993,-0.58581066,-0.00757622,0.94525694,1379.99975585,public-waveform-fixed-slice
BD-0001,243,0.97599993,-0.54712921,-0.01893115,0.90076047,1379.99975585,public-waveform-fixed-slice
BD-0001,244,0.97999993,-0.56400078,-0.00245857,0.87882161,1379.99975585,public-waveform-fixed-slice
BD-0001,245,0.98399993,-0.65848141,0.01450324,0.90820688,1379.99975585,public-waveform-fixed-slice
BD-0001,246,0.98799993,-0.51198399,-0.00962042,0.93962079,1379.99975585,public-waveform-fixed-slice
BD-0001,247,0.99199993,-0.61408561,0.01559996,0.98110157,1379.99975585,public-waveform-fixed-slice
BD-0001,248,0.99599993,-0.61317157,0.00613331,1.02761781,1379.99975585,public-waveform-fixed-slice
BD-0001,249,0.99999993,-0.51413393,-0.02097249,0.98715007,1379.99975585,public-waveform-fixed-slice
BD-0001,250,1.00399993,-0.48410135,-0.02803134,0.92897003,1379.99975585,public-waveform-fixed-slice
BD-0001,251,1.00799993,-0.42944031,-0.01345229,0.88186168,1379.99975585,public-waveform-fixed-slice
BD-0001,252,1.01199993,-0.58939146,0.02966046,0.89817517,1379.99975585,public-waveform-fixed-slice
BD-0001,253,1.01599993,-0.59090709,0.01951050,0.91449052,1379.99975585,public-waveform-fixed-slice
BD-0001,254,1.01999993,-0.51913428,-0.01701784,0.99120754,1379.99975585,public-waveform-fixed-slice
BD-0001,255,1.02399992,-0.47327503,-0.01243257,0.99906122,1379.99975585,public-waveform-fixed-slice
BD-0001,256,1.02799992,-0.47560614,-0.00617241,1.01436793,1379.99975585,public-waveform-fixed-slice
BD-0002,1,0.00800000,0.33711171,0.00802588,0.98270493,1199.99963378,public-waveform-fixed-slice
BD-0002,2,0.01199999,0.26921951,0.04242682,1.01653444,1199.99963378,public-waveform-fixed-slice
BD-0002,3,0.01599999,0.03155173,0.07126903,1.00908851,1199.99963378,public-waveform-fixed-slice
BD-0002,4,0.01999999,-0.02790553,0.08371043,0.95453292,1199.99963378,public-waveform-fixed-slice
BD-0002,5,0.02399999,0.09023880,0.02444124,0.92574232,1199.99963378,public-waveform-fixed-slice
BD-0002,6,0.02799999,0.09048200,-0.00751256,0.92856746,1199.99963378,public-waveform-fixed-slice
BD-0002,7,0.03199999,0.21866574,-0.04251384,0.93944716,1199.99963378,public-waveform-fixed-slice
BD-0002,8,0.03599999,0.37138071,-0.08755087,0.92091053,1199.99963378,public-waveform-fixed-slice
BD-0002,9,0.03999999,0.62030500,-0.14409065,0.89836513,1199.99963378,public-waveform-fixed-slice
BD-0002,10,0.04399999,0.35835140,-0.03388261,0.94326734,1199.99963378,public-waveform-fixed-slice
BD-0002,11,0.04799999,0.20650580,0.03551077,0.89958035,1199.99963378,public-waveform-fixed-slice
BD-0002,12,0.05199999,0.10067167,0.07216048,0.93441659,1199.99963378,public-waveform-fixed-slice
BD-0002,13,0.05599999,-0.06997779,0.08955216,0.89978986,1199.99963378,public-waveform-fixed-slice
BD-0002,14,0.05999999,0.09328258,0.01752591,0.89456236,1199.99963378,public-waveform-fixed-slice
BD-0002,15,0.06399999,0.09009455,-0.00444245,0.88892573,1199.99963378,public-waveform-fixed-slice
BD-0002,16,0.06799999,0.10464785,-0.01630091,0.88269060,1199.99963378,public-waveform-fixed-slice
BD-0002,17,0.07199999,0.17704302,-0.03336000,0.97309911,1199.99963378,public-waveform-fixed-slice
BD-0002,18,0.07599999,0.14320808,-0.00978803,0.94430851,1199.99963378,public-waveform-fixed-slice
BD-0002,19,0.07999999,0.28205686,-0.03746366,0.97934883,1199.99963378,public-waveform-fixed-slice
BD-0002,20,0.08399999,0.43814563,-0.09801530,0.94049131,1199.99963378,public-waveform-fixed-slice
BD-0002,21,0.08799999,0.34251910,-0.02287912,0.85774731,1199.99963378,public-waveform-fixed-slice
BD-0002,22,0.09199999,0.36707919,-0.02245926,0.84204471,1199.99963378,public-waveform-fixed-slice
BD-0002,23,0.09599999,0.07728039,0.06208586,0.81567567,1199.99963378,public-waveform-fixed-slice
BD-0002,24,0.09999999,0.14405153,0.03495001,0.88554215,1199.99963378,public-waveform-fixed-slice
BD-0002,25,0.10399999,0.14080390,0.00837063,0.89642083,1199.99963378,public-waveform-fixed-slice
BD-0002,26,0.10799999,0.15749156,-0.00450038,0.89421248,1199.99963378,public-waveform-fixed-slice
BD-0002,27,0.11199999,0.27911666,-0.04692649,0.92723929,1199.99963378,public-waveform-fixed-slice
BD-0002,28,0.11599999,0.29347324,-0.03980159,0.89442193,1199.99963378,public-waveform-fixed-slice
BD-0002,29,0.11999999,0.15824970,0.00656175,0.89120781,1199.99963378,public-waveform-fixed-slice
BD-0002,30,0.12399999,0.29690325,-0.04184865,0.86040389,1199.99963378,public-waveform-fixed-slice
BD-0002,31,0.12799999,0.23274232,-0.01803517,0.90450346,1199.99963378,public-waveform-fixed-slice
BD-0002,32,0.13199999,0.28671324,-0.02969455,0.93812882,1199.99963378,public-waveform-fixed-slice
BD-0002,33,0.13599999,0.36066770,-0.05062842,0.93290042,1199.99963378,public-waveform-fixed-slice
BD-0002,34,0.13999999,0.25315061,0.00536131,0.92525130,1199.99963378,public-waveform-fixed-slice
BD-0002,35,0.14399999,0.17474471,0.03156304,0.93310993,1199.99963378,public-waveform-fixed-slice
BD-0002,36,0.14799999,0.04467706,0.05460453,0.93492835,1199.99963378,public-waveform-fixed-slice
BD-0002,37,0.15199999,0.03605030,0.04066181,0.90915876,1199.99963378,public-waveform-fixed-slice
BD-0002,38,0.15599998,0.16490912,-0.00421953,0.89184993,1199.99963378,public-waveform-fixed-slice
BD-0002,39,0.15999998,0.08510127,0.01228642,0.90071612,1199.99963378,public-waveform-fixed-slice
BD-0002,40,0.16399998,0.12883608,0.00135135,0.90715986,1199.99963378,public-waveform-fixed-slice
BD-0002,41,0.16799998,-0.04304484,0.04741191,0.87473374,1199.99963378,public-waveform-fixed-slice
BD-0002,42,0.17199998,0.03157808,0.01175117,0.89325875,1199.99963378,public-waveform-fixed-slice
BD-0002,43,0.17599998,0.09779427,-0.02680444,0.97661948,1199.99963378,public-waveform-fixed-slice
BD-0002,44,0.17999998,0.22494249,-0.04595708,0.96091681,1199.99963378,public-waveform-fixed-slice
BD-0002,45,0.18399998,0.07972979,-0.01233339,0.94662815,1199.99963378,public-waveform-fixed-slice
BD-0002,46,0.18799998,0.14749501,-0.01510524,0.89569026,1199.99963378,public-waveform-fixed-slice
BD-0002,47,0.19199998,0.15988187,-0.01002264,0.89247614,1199.99963378,public-waveform-fixed-slice
BD-0002,48,0.19599998,0.07589673,0.00725221,0.88624101,1199.99963378,public-waveform-fixed-slice
BD-0002,49,0.19999998,0.11343754,-0.00016784,0.87698668,1199.99963378,public-waveform-fixed-slice
BD-0002,50,0.20399998,0.09266670,0.01050567,0.94383209,1199.99963378,public-waveform-fixed-slice
BD-0002,51,0.20799998,-0.04257939,0.04754734,0.91041618,1199.99963378,public-waveform-fixed-slice
BD-0002,52,0.21199998,-0.01845701,0.03004980,0.94706171,1199.99963378,public-waveform-fixed-slice
BD-0002,53,0.21599998,-0.02663507,0.01307964,0.92773962,1199.99963378,public-waveform-fixed-slice
BD-0002,54,0.21999998,0.09824384,-0.04162502,0.88988971,1199.99963378,public-waveform-fixed-slice
BD-0002,55,0.22399998,0.06160819,-0.02993154,0.87660765,1199.99963378,public-waveform-fixed-slice
BD-0002,56,0.22799998,0.07126846,-0.02311038,0.83473002,1199.99963378,public-waveform-fixed-slice
BD-0002,57,0.23199998,0.04668043,-0.01153182,0.87077701,1199.99963378,public-waveform-fixed-slice
BD-0002,58,0.23599998,-0.02037226,0.01573514,0.82326734,1199.99963378,public-waveform-fixed-slice
BD-0002,59,0.23999998,-0.06689706,0.02008628,0.83776557,1199.99963378,public-waveform-fixed-slice
BD-0002,60,0.24399998,0.01540184,-0.01502323,0.86173129,1199.99963378,public-waveform-fixed-slice
BD-0002,61,0.24799998,-0.05344098,0.00503253,0.83636891,1199.99963378,public-waveform-fixed-slice
BD-0002,62,0.25199998,-0.02441715,-0.00916814,0.83375334,1199.99963378,public-waveform-fixed-slice
BD-0002,63,0.25599998,-0.05622701,0.00539016,0.81040436,1199.99963378,public-waveform-fixed-slice
BD-0002,64,0.25999998,-0.12768615,0.02506303,0.83899635,1199.99963378,public-waveform-fixed-slice
BD-0002,65,0.26399998,-0.09736242,0.00847244,0.87000888,1199.99963378,public-waveform-fixed-slice
BD-0002,66,0.26799998,-0.08059932,-0.00344896,0.91370028,1199.99963378,public-waveform-fixed-slice
BD-0002,67,0.27199998,-0.09226984,-0.00406599,0.92558664,1199.99963378,public-waveform-fixed-slice
BD-0002,68,0.27599998,-0.08206900,-0.01305866,0.95719867,1199.99963378,public-waveform-fixed-slice
BD-0002,69,0.27999998,-0.09857504,-0.00322389,0.95901709,1199.99963378,public-waveform-fixed-slice
BD-0002,70,0.28399998,-0.12067195,0.00033807,0.92258113,1199.99963378,public-waveform-fixed-slice
BD-0002,71,0.28799998,-0.11924815,0.00268173,0.87507146,1199.99963378,public-waveform-fixed-slice
BD-0002,72,0.29199998,-0.11296267,-0.00484418,0.87547594,1199.99963378,public-waveform-fixed-slice
BD-0002,73,0.29599998,-0.06789550,-0.01720809,0.91855186,1199.99963378,public-waveform-fixed-slice
BD-0002,74,0.29999997,-0.08252365,-0.01017522,0.86862158,1199.99963378,public-waveform-fixed-slice
BD-0002,75,0.30399997,-0.09817054,-0.00487327,0.87950032,1199.99963378,public-waveform-fixed-slice
BD-0002,76,0.30799997,-0.07863624,-0.00729846,0.91312479,1199.99963378,public-waveform-fixed-slice
BD-0002,77,0.31199997,-0.06954390,-0.00982141,0.92400443,1199.99963378,public-waveform-fixed-slice
BD-0002,78,0.31599997,-0.11230092,-0.00066089,0.95863658,1199.99963378,public-waveform-fixed-slice
BD-0002,79,0.31999997,-0.10825231,-0.00104284,0.93730098,1199.99963378,public-waveform-fixed-slice
BD-0002,80,0.32399997,-0.23925705,0.04330873,0.98643404,1199.99963378,public-waveform-fixed-slice
BD-0002,81,0.32799997,-0.31297883,0.05343532,0.92542916,1199.99963378,public-waveform-fixed-slice
BD-0002,82,0.33199997,-0.34877035,0.04647588,0.90912806,1199.99963378,public-waveform-fixed-slice
BD-0002,83,0.33599997,-0.38362818,0.04093074,0.91698664,1199.99963378,public-waveform-fixed-slice
BD-0002,84,0.33999997,-0.37902536,0.02505302,0.89524382,1199.99963378,public-waveform-fixed-slice
BD-0002,85,0.34399997,-0.43132376,0.02274084,0.95041710,1199.99963378,public-waveform-fixed-slice
BD-0002,86,0.34799997,-0.42727097,0.01260328,0.92061978,1199.99963378,public-waveform-fixed-slice
BD-0002,87,0.35199997,-0.47974601,0.01304101,0.92243915,1199.99963378,public-waveform-fixed-slice
BD-0002,88,0.35599997,-0.50950562,0.01624870,0.86948877,1199.99963378,public-waveform-fixed-slice
BD-0002,89,0.35999997,-0.50911098,0.00485181,0.88137406,1199.99963378,public-waveform-fixed-slice
BD-0002,90,0.36399997,-0.52158600,-0.00554466,0.93110567,1199.99963378,public-waveform-fixed-slice
BD-0002,91,0.36799997,-0.48444548,-0.01323938,0.94198435,1199.99963378,public-waveform-fixed-slice
BD-0002,92,0.37199997,-0.51561754,-0.00679588,0.95387071,1199.99963378,public-waveform-fixed-slice
BD-0002,93,0.37599997,-0.49610537,-0.01746749,0.93958204,1199.99963378,public-waveform-fixed-slice
BD-0002,94,0.37999997,-0.52941638,-0.01199769,0.90676558,1199.99963378,public-waveform-fixed-slice
BD-0002,95,0.38399997,-0.51982611,-0.02027511,0.83912205,1199.99963378,public-waveform-fixed-slice
BD-0002,96,0.38799997,-0.50074732,-0.03234958,0.83449316,1199.99963378,public-waveform-fixed-slice
BD-0002,97,0.39199997,-0.47049361,-0.02743911,0.85342538,1199.99963378,public-waveform-fixed-slice
BD-0002,98,0.39599997,-0.55203205,-0.00540542,0.88000297,1199.99963378,public-waveform-fixed-slice
BD-0002,99,0.39999997,-0.59756809,0.00112199,0.88987588,1199.99963378,public-waveform-fixed-slice
BD-0002,100,0.40399997,-0.55919915,-0.00777149,0.88423919,1199.99963378,public-waveform-fixed-slice
BD-0002,101,0.40799997,-0.56077301,-0.00320577,0.91525280,1199.99963378,public-waveform-fixed-slice
BD-0002,102,0.41199997,-0.63356572,0.01371288,0.89693725,1199.99963378,public-waveform-fixed-slice
BD-0002,103,0.41599997,-0.52850943,-0.01892089,0.94868230,1199.99963378,public-waveform-fixed-slice
BD-0002,104,0.41999997,-0.62673020,0.01712512,0.92533421,1199.99963378,public-waveform-fixed-slice
BD-0002,105,0.42399997,-0.60250967,0.00798034,0.93319296,1199.99963378,public-waveform-fixed-slice
BD-0002,106,0.42799997,-0.51089227,-0.02047824,0.94163388,1199.99963378,public-waveform-fixed-slice
BD-0002,107,0.43199997,-0.61652857,-0.00365447,0.89110416,1199.99963378,public-waveform-fixed-slice
BD-0002,108,0.43599997,-0.53582006,-0.02390527,0.88345414,1199.99963378,public-waveform-fixed-slice
BD-0002,109,0.43999997,-0.50554829,-0.02238893,0.91446673,1199.99963378,public-waveform-fixed-slice
BD-0002,110,0.44399996,-0.45688238,-0.04043531,0.96520501,1199.99963378,public-waveform-fixed-slice
BD-0002,111,0.44799996,-0.44921347,-0.02752017,0.95896989,1199.99963378,public-waveform-fixed-slice
BD-0002,112,0.45199996,-0.46057668,-0.00830698,0.88890665,1199.99963378,public-waveform-fixed-slice
BD-0002,113,0.45599996,-0.76799458,0.07578420,0.91790390,1199.99963378,public-waveform-fixed-slice
BD-0002,114,0.45999996,-0.65754622,0.02563810,0.87945646,1199.99963378,public-waveform-fixed-slice
BD-0002,115,0.46399996,-0.63001555,0.02198266,0.88630831,1199.99963378,public-waveform-fixed-slice
BD-0002,116,0.46799996,-0.67327475,0.01260137,0.91791939,1199.99963378,public-waveform-fixed-slice
BD-0002,117,0.47199996,-0.69652366,0.01610159,0.97410130,1199.99963378,public-waveform-fixed-slice
BD-0002,118,0.47599996,-0.65207588,-0.00894117,1.01074385,1199.99963378,public-waveform-fixed-slice
BD-0002,119,0.47999996,-0.63401645,-0.02003884,0.92699515,1199.99963378,public-waveform-fixed-slice
BD-0002,120,0.48399996,-0.65855860,-0.00998973,0.90927821,1199.99963378,public-waveform-fixed-slice
BD-0002,121,0.48799996,-0.56557035,-0.03250265,0.83861464,1199.99963378,public-waveform-fixed-slice
BD-0002,122,0.49199996,-0.59569299,-0.01236271,0.82593303,1199.99963378,public-waveform-fixed-slice
BD-0002,123,0.49599996,-0.65563863,0.00701642,0.90023165,1199.99963378,public-waveform-fixed-slice
BD-0002,124,0.49999996,-0.57553493,-0.01576924,0.92419916,1199.99963378,public-waveform-fixed-slice
BD-0002,125,0.50399996,-0.58422744,-0.01571750,0.97232562,1199.99963378,public-waveform-fixed-slice
BD-0002,126,0.50799996,-0.63343501,0.00280284,0.93749481,1199.99963378,public-waveform-fixed-slice
BD-0002,127,0.51199996,-0.60376125,0.00858831,0.92320805,1199.99963378,public-waveform-fixed-slice
BD-0002,128,0.51599996,-0.61089783,0.02057266,0.88233512,1199.99963378,public-waveform-fixed-slice
BD-0002,129,0.51999996,-0.65600746,0.02689814,0.88012868,1199.99963378,public-waveform-fixed-slice
BD-0002,130,0.52399996,-0.66649955,0.01820945,0.90368622,1199.99963378,public-waveform-fixed-slice
BD-0002,131,0.52799996,-0.57082736,-0.00525927,0.93369215,1199.99963378,public-waveform-fixed-slice
BD-0002,132,0.53199996,-0.41606166,-0.04802560,0.92101055,1199.99963378,public-waveform-fixed-slice
BD-0002,133,0.53599996,-0.60544949,-0.00867128,0.88960599,1199.99963378,public-waveform-fixed-slice
BD-0002,134,0.53999996,-0.50475555,-0.01891183,0.88941299,1199.99963378,public-waveform-fixed-slice
BD-0002,135,0.54399996,-0.57939654,-0.00388050,0.85860896,1199.99963378,public-waveform-fixed-slice
BD-0002,136,0.54799996,-0.41098445,-0.03017401,0.89062821,1199.99963378,public-waveform-fixed-slice
BD-0002,137,0.55199996,-0.58564215,0.00658559,0.84513390,1199.99963378,public-waveform-fixed-slice
BD-0002,138,0.55599996,-0.56701600,0.01112580,0.89989697,1199.99963378,public-waveform-fixed-slice
BD-0002,139,0.55999996,-0.37447330,-0.03447413,0.89364677,1199.99963378,public-waveform-fixed-slice
BD-0002,140,0.56399996,-0.63960063,0.02990078,0.87492311,1199.99963378,public-waveform-fixed-slice
BD-0002,141,0.56799996,-0.64658755,0.03680515,0.89284867,1199.99963378,public-waveform-fixed-slice
BD-0002,142,0.57199996,-0.51894873,0.00301098,0.89828759,1199.99963378,public-waveform-fixed-slice
BD-0002,143,0.57599996,-0.45244899,-0.03300952,0.96050578,1199.99963378,public-waveform-fixed-slice
BD-0002,144,0.57999996,-0.33263224,-0.04194712,0.91258990,1199.99963378,public-waveform-fixed-slice
BD-0002,145,0.58399996,-0.45100009,-0.02334856,0.91138821,1199.99963378,public-waveform-fixed-slice
BD-0002,146,0.58799996,-0.52180564,0.02383399,0.90615981,1199.99963378,public-waveform-fixed-slice
BD-0002,147,0.59199995,-0.55870127,0.02583146,0.89187300,1199.99963378,public-waveform-fixed-slice
BD-0002,148,0.59599995,-0.42084744,-0.01286315,0.91945540,1199.99963378,public-waveform-fixed-slice
BD-0002,149,0.59999995,-0.45124772,-0.01715660,0.90818870,1199.99963378,public-waveform-fixed-slice
BD-0002,150,0.60399995,-0.41315221,-0.01256608,0.99114125,1199.99963378,public-waveform-fixed-slice
BD-0002,151,0.60799995,-0.49950110,0.01302742,0.98792618,1199.99963378,public-waveform-fixed-slice
BD-0002,152,0.61199995,-0.49028170,0.00303316,0.98329818,1199.99963378,public-waveform-fixed-slice
BD-0002,153,0.61599995,-0.40096503,-0.02968490,0.95290040,1199.99963378,public-waveform-fixed-slice
BD-0002,154,0.61999995,-0.51317894,0.01066315,0.92813843,1199.99963378,public-waveform-fixed-slice
BD-0002,155,0.62399995,-0.54440987,0.02892732,0.92895019,1199.99963378,public-waveform-fixed-slice
BD-0002,156,0.62799995,-0.47303435,-0.00358259,0.91264808,1199.99963378,public-waveform-fixed-slice
BD-0002,157,0.63199995,-0.40783354,-0.02082204,0.90600669,1199.99963378,public-waveform-fixed-slice
BD-0002,158,0.63599995,-0.51984596,0.01351141,0.93097710,1199.99963378,public-waveform-fixed-slice
BD-0002,159,0.63999995,-0.49948719,0.02806997,0.94286441,1199.99963378,public-waveform-fixed-slice
BD-0002,160,0.64399995,-0.49123692,0.00367498,0.93420767,1199.99963378,public-waveform-fixed-slice
BD-0002,161,0.64799995,-0.43482834,-0.02348721,0.90179848,1199.99963378,public-waveform-fixed-slice
BD-0002,162,0.65199995,-0.57154786,0.02240538,0.90824413,1199.99963378,public-waveform-fixed-slice
BD-0002,163,0.65599995,-0.50043857,0.01298332,0.90905392,1199.99963378,public-waveform-fixed-slice
BD-0002,164,0.65999995,-0.45007413,-0.00681281,0.93059992,1199.99963378,public-waveform-fixed-slice
BD-0002,165,0.66399995,-0.39161732,-0.01849138,0.95154559,1199.99963378,public-waveform-fixed-slice
BD-0002,166,0.66799995,-0.47861686,0.00148761,0.96302282,1199.99963378,public-waveform-fixed-slice
BD-0002,167,0.67199995,-0.51679760,0.02454453,0.95276272,1199.99963378,public-waveform-fixed-slice
BD-0002,168,0.67599995,-0.41456621,-0.01680225,0.93645870,1199.99963378,public-waveform-fixed-slice
BD-0002,169,0.67999995,-0.61098957,0.02830445,0.89197117,1199.99963378,public-waveform-fixed-slice
BD-0002,170,0.68399995,-0.47116827,-0.00752544,0.82995957,1199.99963378,public-waveform-fixed-slice
BD-0002,171,0.68799995,-0.46488669,-0.00097256,0.85694533,1199.99963378,public-waveform-fixed-slice
BD-0002,172,0.69199995,-0.40503776,-0.01412659,0.91471540,1199.99963378,public-waveform-fixed-slice
BD-0002,173,0.69599995,-0.29323092,-0.02600651,0.94471937,1199.99963378,public-waveform-fixed-slice
BD-0002,174,0.69999995,-0.32285133,-0.01430666,0.97230559,1199.99963378,public-waveform-fixed-slice
BD-0002,175,0.70399995,-0.38463601,0.00994753,0.95399010,1199.99963378,public-waveform-fixed-slice
BD-0002,176,0.70799995,-0.36164858,0.00445902,0.99365472,1199.99963378,public-waveform-fixed-slice
BD-0002,177,0.71199995,-0.27661094,-0.02779263,0.91997289,1199.99963378,public-waveform-fixed-slice
BD-0002,178,0.71599995,-0.28278210,-0.00727140,0.92380279,1199.99963378,public-waveform-fixed-slice
BD-0002,179,0.71999995,-0.34258490,0.00403466,0.96246266,1199.99963378,public-waveform-fixed-slice
BD-0002,180,0.72399995,-0.31348514,0.01521044,0.97434800,1199.99963378,public-waveform-fixed-slice
BD-0002,181,0.72799995,-0.42556822,0.04630580,0.98019325,1199.99963378,public-waveform-fixed-slice
BD-0002,182,0.73199995,-0.43038907,0.03284099,0.92321705,1199.99963378,public-waveform-fixed-slice
BD-0002,183,0.73599994,-0.22148656,-0.04062587,0.99449551,1199.99963378,public-waveform-fixed-slice
BD-0002,184,0.73999994,-0.11896102,-0.04867714,0.96671360,1199.99963378,public-waveform-fixed-slice
BD-0002,185,0.74399994,-0.30009034,0.00180327,0.97960561,1199.99963378,public-waveform-fixed-slice
BD-0002,186,0.74799994,-0.38932693,0.02534502,0.97080206,1199.99963378,public-waveform-fixed-slice
BD-0002,187,0.75199994,-0.42781132,0.04935574,0.96925628,1199.99963378,public-waveform-fixed-slice
BD-0002,188,0.75599994,-0.46511107,0.03872394,0.98622018,1199.99963378,public-waveform-fixed-slice
BD-0002,189,0.75999994,-0.17077061,-0.03914952,0.94344907,1199.99963378,public-waveform-fixed-slice
BD-0002,190,0.76399994,-0.24372424,-0.02669811,0.93889683,1199.99963378,public-waveform-fixed-slice
BD-0002,191,0.76799994,-0.34033307,0.00854766,0.95698362,1199.99963378,public-waveform-fixed-slice
BD-0002,192,0.77199994,-0.40734356,0.03521084,0.97853940,1199.99963378,public-waveform-fixed-slice
BD-0002,193,0.77599994,-0.14974388,-0.03660881,0.96227759,1199.99963378,public-waveform-fixed-slice
BD-0002,194,0.77999994,-0.36837744,0.01268076,0.95009320,1199.99963378,public-waveform-fixed-slice
BD-0002,195,0.78399994,-0.15775918,-0.03765141,0.91324716,1199.99963378,public-waveform-fixed-slice
BD-0002,196,0.78799994,-0.20253387,-0.03802001,0.89752441,1199.99963378,public-waveform-fixed-slice
BD-0002,197,0.79199994,-0.36899989,0.06105458,0.89457899,1199.99963378,public-waveform-fixed-slice
BD-0002,198,0.79599994,-0.23482261,-0.00589966,0.89206063,1199.99963378,public-waveform-fixed-slice
BD-0002,199,0.79999994,-0.61218774,0.09826946,0.93987858,1199.99963378,public-waveform-fixed-slice
BD-0002,200,0.80399994,-0.45007401,0.07950544,0.89970684,1199.99963378,public-waveform-fixed-slice
BD-0002,201,0.80799994,-0.06743638,-0.09512233,0.92137449,1199.99963378,public-waveform-fixed-slice
BD-0002,202,0.81199994,-0.29193392,-0.02076315,0.89037686,1199.99963378,public-waveform-fixed-slice
BD-0002,203,0.81599994,-0.06833831,-0.05493998,0.82512748,1199.99963378,public-waveform-fixed-slice
BD-0002,204,0.81999994,-0.32254299,0.00235176,0.84635078,1199.99963378,public-waveform-fixed-slice
BD-0002,205,0.82399994,-0.28413754,0.00789594,0.84807461,1199.99963378,public-waveform-fixed-slice
BD-0002,206,0.82799994,-0.22908021,0.00315785,0.88446706,1199.99963378,public-waveform-fixed-slice
BD-0002,207,0.83199994,-0.34593701,0.02792644,0.86693656,1199.99963378,public-waveform-fixed-slice
BD-0002,208,0.83599994,-0.34810289,0.02941751,0.90123295,1199.99963378,public-waveform-fixed-slice
BD-0002,209,0.83999994,-0.28300300,0.01979112,0.92379873,1199.99963378,public-waveform-fixed-slice
BD-0002,210,0.84399994,-0.43126145,0.04016184,0.81774604,1199.99963378,public-waveform-fixed-slice
BD-0002,211,0.84799994,-0.19546629,-0.03645658,0.80368369,1199.99963378,public-waveform-fixed-slice
BD-0002,212,0.85199994,-0.20150622,-0.03312373,0.81572955,1199.99963378,public-waveform-fixed-slice
BD-0002,213,0.85599994,-0.26403477,-0.01132416,0.77394622,1199.99963378,public-waveform-fixed-slice
BD-0002,214,0.85999994,-0.23598071,-0.01162242,0.80603259,1199.99963378,public-waveform-fixed-slice
BD-0002,215,0.86399994,-0.23217180,-0.01034116,0.81956720,1199.99963378,public-waveform-fixed-slice
BD-0002,216,0.86799994,-0.70682537,0.14476513,0.85674083,1199.99963378,public-waveform-fixed-slice
BD-0002,217,0.87199994,-0.25417363,-0.02617883,0.84276390,1199.99963378,public-waveform-fixed-slice
BD-0002,218,0.87599994,-0.18896420,-0.05915451,0.84948104,1199.99963378,public-waveform-fixed-slice
BD-0002,219,0.87999993,-0.19952195,-0.02896928,0.84080159,1199.99963378,public-waveform-fixed-slice
BD-0002,220,0.88399993,-0.38377088,0.01767349,0.79173898,1199.99963378,public-waveform-fixed-slice
BD-0002,221,0.88799993,-0.71246165,0.12593078,0.83965873,1199.99963378,public-waveform-fixed-slice
BD-0002,222,0.89199993,-0.29748675,-0.02370595,0.83744567,1199.99963378,public-waveform-fixed-slice
BD-0002,223,0.89599993,-0.26069837,-0.02612733,0.83029007,1199.99963378,public-waveform-fixed-slice
BD-0002,224,0.89999993,-0.26915282,-0.01604127,0.79623091,1199.99963378,public-waveform-fixed-slice
BD-0002,225,0.90399993,-0.37832981,-0.01433706,0.77395731,1199.99963378,public-waveform-fixed-slice
BD-0002,226,0.90799993,-0.46853432,0.00974607,0.78887999,1199.99963378,public-waveform-fixed-slice
BD-0002,227,0.91199993,-0.55516147,0.07963085,0.75846129,1199.99963378,public-waveform-fixed-slice
BD-0002,228,0.91599993,-0.42419970,-0.01639318,0.77398741,1199.99963378,public-waveform-fixed-slice
BD-0002,229,0.91999993,-0.26538497,-0.06579875,0.78757756,1199.99963378,public-waveform-fixed-slice
BD-0002,230,0.92399993,-0.33911809,-0.02150964,0.83090955,1199.99963378,public-waveform-fixed-slice
BD-0002,231,0.92799993,-0.39409846,0.02749109,0.85240542,1199.99963378,public-waveform-fixed-slice
BD-0002,232,0.93199993,-0.41918572,0.00927209,0.79082405,1199.99963378,public-waveform-fixed-slice
BD-0002,233,0.93599993,-0.37664034,-0.00348424,0.77349269,1199.99963378,public-waveform-fixed-slice
BD-0002,234,0.93999993,-0.44317770,0.01540899,0.77891659,1199.99963378,public-waveform-fixed-slice
BD-0002,235,0.94399993,-0.34437903,-0.01866817,0.73515629,1199.99963378,public-waveform-fixed-slice
BD-0002,236,0.94799993,-0.18148796,-0.03871154,0.78243017,1199.99963378,public-waveform-fixed-slice
BD-0002,237,0.95199993,-0.53453773,0.05253219,0.80326539,1199.99963378,public-waveform-fixed-slice
BD-0002,238,0.95599993,-0.60387700,0.05998277,0.75705033,1199.99963378,public-waveform-fixed-slice
BD-0002,239,0.95999993,-0.30804637,-0.03913927,0.78950822,1199.99963378,public-waveform-fixed-slice
BD-0002,240,0.96399993,-0.14712637,-0.09001922,0.73726624,1199.99963378,public-waveform-fixed-slice
BD-0002,241,0.96799993,-0.52263194,0.04343366,0.73261874,1199.99963378,public-waveform-fixed-slice
BD-0002,242,0.97199993,-0.38444337,0.00352621,0.82270246,1199.99963378,public-waveform-fixed-slice
BD-0002,243,0.97599993,-0.22949622,-0.05616569,0.80802243,1199.99963378,public-waveform-fixed-slice
BD-0002,244,0.97999993,-0.44945341,0.00992679,0.79613834,1199.99963378,public-waveform-fixed-slice
BD-0002,245,0.98399993,-1.37080347,0.27921104,0.81177121,1199.99963378,public-waveform-fixed-slice
BD-0002,246,0.98799993,-2.01654577,0.42672014,0.76691699,1199.99963378,public-waveform-fixed-slice
BD-0002,247,0.99199993,-1.89084959,0.25419712,0.73367249,1199.99963378,public-waveform-fixed-slice
BD-0002,248,0.99599993,-1.80421400,0.12382364,0.73921239,1199.99963378,public-waveform-fixed-slice
BD-0002,249,0.99999993,-3.61748433,0.56207275,0.74224156,1199.99963378,public-waveform-fixed-slice
BD-0002,250,1.00399993,-4.13349342,0.63698291,0.68945431,1199.99963378,public-waveform-fixed-slice
BD-0002,251,1.00799993,-3.61579275,0.23544073,0.73259848,1199.99963378,public-waveform-fixed-slice
BD-0002,252,1.01199993,-3.66036915,0.10364723,0.73992639,1199.99963378,public-waveform-fixed-slice
BD-0002,253,1.01599993,-1.58784365,-0.54666709,0.64103829,1199.99963378,public-waveform-fixed-slice
BD-0002,254,1.01999993,0.96840053,-1.33684206,0.49249756,1199.99963378,public-waveform-fixed-slice
BD-0002,255,1.02399992,0.71943050,-0.99159240,0.24885803,1199.99963378,public-waveform-fixed-slice
BD-0002,256,1.02799992,0.73148179,-0.65949249,0.02476845,1199.99963378,public-waveform-fixed-slice
BD-0003,1,0.00800000,-0.10974129,-0.00755310,0.77471131,1379.99975585,public-waveform-fixed-slice
BD-0003,2,0.01199999,-0.16795916,0.00363540,0.80762952,1379.99975585,public-waveform-fixed-slice
BD-0003,3,0.01599999,-0.15233635,0.01150894,0.78417080,1379.99975585,public-waveform-fixed-slice
BD-0003,4,0.01999999,-0.22751773,0.01586532,0.81708902,1379.99975585,public-waveform-fixed-slice
BD-0003,5,0.02399999,-0.08655476,-0.01919555,0.84597855,1379.99975585,public-waveform-fixed-slice
BD-0003,6,0.02799999,0.01687135,-0.04487228,0.83661550,1379.99975585,public-waveform-fixed-slice
BD-0003,7,0.03199999,-0.01852137,-0.02338790,0.85100120,1379.99975585,public-waveform-fixed-slice
BD-0003,8,0.03599999,-0.07828825,0.00342941,0.80942207,1379.99975585,public-waveform-fixed-slice
BD-0003,9,0.03999999,-0.03771426,-0.00992965,0.84133356,1379.99975585,public-waveform-fixed-slice
BD-0003,10,0.04399999,-0.11786813,0.01283645,0.80076104,1379.99975585,public-waveform-fixed-slice
BD-0003,11,0.04799999,-0.09516754,0.01473236,0.80851191,1379.99975585,public-waveform-fixed-slice
BD-0003,12,0.05199999,-0.27393171,0.05145454,0.76290780,1379.99975585,public-waveform-fixed-slice
BD-0003,13,0.05599999,-0.12916290,0.01297187,0.76360994,1379.99975585,public-waveform-fixed-slice
BD-0003,14,0.05999999,-0.12308545,-0.00200462,0.78142768,1379.99975585,public-waveform-fixed-slice
BD-0003,15,0.06399999,-0.14232583,0.00361442,0.75595563,1379.99975585,public-waveform-fixed-slice
BD-0003,16,0.06799999,-0.07431874,-0.01976776,0.81102120,1379.99975585,public-waveform-fixed-slice
BD-0003,17,0.07199999,-0.15753389,0.00184631,0.80266481,1379.99975585,public-waveform-fixed-slice
BD-0003,18,0.07599999,-0.13842681,0.01298713,0.82551413,1379.99975585,public-waveform-fixed-slice
BD-0003,19,0.07999999,-0.13339069,0.00467491,0.80768561,1379.99975585,public-waveform-fixed-slice
BD-0003,20,0.08399999,-0.16258153,0.01207542,0.82449465,1379.99975585,public-waveform-fixed-slice
BD-0003,21,0.08799999,-0.21231007,0.02367973,0.85237938,1379.99975585,public-waveform-fixed-slice
BD-0003,22,0.09199999,-0.16166637,0.00577926,0.81281566,1379.99975585,public-waveform-fixed-slice
BD-0003,23,0.09599999,-0.11456383,-0.01330566,0.85076528,1379.99975585,public-waveform-fixed-slice
BD-0003,24,0.09999999,-0.18039914,0.00199699,0.82026165,1379.99975585,public-waveform-fixed-slice
BD-0003,25,0.10399999,-0.04813554,-0.02671813,0.86626499,1379.99975585,public-waveform-fixed-slice
BD-0003,26,0.10799999,0.02711627,-0.04052734,0.82770782,1379.99975585,public-waveform-fixed-slice
BD-0003,27,0.11199999,0.01985195,-0.03131294,0.83344525,1379.99975585,public-waveform-fixed-slice
BD-0003,28,0.11599999,-0.04898826,-0.01017761,0.85529166,1379.99975585,public-waveform-fixed-slice
BD-0003,29,0.11999999,-0.14576044,0.02550888,0.82780438,1379.99975585,public-waveform-fixed-slice
BD-0003,30,0.12399999,-0.13805569,0.02722930,0.80837446,1379.99975585,public-waveform-fixed-slice
BD-0003,31,0.12799999,-0.10537180,0.01994323,0.74522769,1379.99975585,public-waveform-fixed-slice
BD-0003,32,0.13199999,-0.17248146,0.02996444,0.78821283,1379.99975585,public-waveform-fixed-slice
BD-0003,33,0.13599999,-0.19706501,0.03076553,0.79294347,1379.99975585,public-waveform-fixed-slice
BD-0003,34,0.13999999,-0.19019624,0.00988197,0.80069047,1379.99975585,public-waveform-fixed-slice
BD-0003,35,0.14399999,-0.17004762,-0.00531387,0.81448149,1379.99975585,public-waveform-fixed-slice
BD-0003,36,0.14799999,-0.17140273,-0.01628494,0.84035277,1379.99975585,public-waveform-fixed-slice
BD-0003,37,0.15199999,-0.17089635,-0.00526809,0.89239817,1379.99975585,public-waveform-fixed-slice
BD-0003,38,0.15599998,-0.29600498,0.03176879,0.85081714,1379.99975585,public-waveform-fixed-slice
BD-0003,39,0.15999998,-0.19122125,-0.00138473,0.85252779,1379.99975585,public-waveform-fixed-slice
BD-0003,40,0.16399998,-0.11295276,-0.02956771,0.82202416,1379.99975585,public-waveform-fixed-slice
BD-0003,41,0.16799998,-0.12510019,-0.01793479,0.81970804,1379.99975585,public-waveform-fixed-slice
BD-0003,42,0.17199998,-0.16129305,0.00539398,0.79524457,1379.99975585,public-waveform-fixed-slice
BD-0003,43,0.17599998,-0.23693752,0.02994155,0.76533567,1379.99975585,public-waveform-fixed-slice
BD-0003,44,0.17999998,-0.22779811,0.02513504,0.78516304,1379.99975585,public-waveform-fixed-slice
BD-0003,45,0.18399998,-0.20427624,0.01426315,0.80298078,1379.99975585,public-waveform-fixed-slice
BD-0003,46,0.18799998,-0.16190010,-0.00135993,0.81777846,1379.99975585,public-waveform-fixed-slice
BD-0003,47,0.19199998,-0.13928996,-0.01629829,0.79029494,1379.99975585,public-waveform-fixed-slice
BD-0003,48,0.19599998,-0.09588230,-0.01961708,0.79401516,1379.99975585,public-waveform-fixed-slice
BD-0003,49,0.19999998,-0.10398619,-0.02097511,0.83700025,1379.99975585,public-waveform-fixed-slice
BD-0003,50,0.20399998,-0.08694508,-0.01630020,0.86589169,1379.99975585,public-waveform-fixed-slice
BD-0003,51,0.20799998,-0.16072556,0.00098609,0.84545505,1379.99975585,public-waveform-fixed-slice
BD-0003,52,0.21199998,-0.14477390,0.00112915,0.82602500,1379.99975585,public-waveform-fixed-slice
BD-0003,53,0.21599998,-0.11015255,-0.01340866,0.82572233,1379.99975585,public-waveform-fixed-slice
BD-0003,54,0.21999998,-0.05554668,-0.02091979,0.75796717,1379.99975585,public-waveform-fixed-slice
BD-0003,55,0.22399998,-0.08961968,-0.00448226,0.75121223,1379.99975585,public-waveform-fixed-slice
BD-0003,56,0.22799998,-0.11090090,-0.00006866,0.74285596,1379.99975585,public-waveform-fixed-slice
BD-0003,57,0.23199998,-0.12657338,0.00191497,0.81503528,1379.99975585,public-waveform-fixed-slice
BD-0003,58,0.23599998,-0.11987351,0.00144958,0.79962819,1379.99975585,public-waveform-fixed-slice
BD-0003,59,0.23999998,-0.11726509,0.00950622,0.79328531,1379.99975585,public-waveform-fixed-slice
BD-0003,60,0.24399998,-0.32816392,0.06040573,0.80103617,1379.99975585,public-waveform-fixed-slice
BD-0003,61,0.24799998,-0.25974053,0.02347564,0.78563296,1379.99975585,public-waveform-fixed-slice
BD-0003,62,0.25199998,-0.24976685,0.02133941,0.82358461,1379.99975585,public-waveform-fixed-slice
BD-0003,63,0.25599998,-0.31491556,0.03044128,0.79610115,1379.99975585,public-waveform-fixed-slice
BD-0003,64,0.25999998,-0.27759304,0.01233291,0.83706903,1379.99975585,public-waveform-fixed-slice
BD-0003,65,0.26399998,-0.19760362,-0.01650238,0.82065922,1379.99975585,public-waveform-fixed-slice
BD-0003,66,0.26799998,-0.21267576,-0.01366615,0.82639664,1379.99975585,public-waveform-fixed-slice
BD-0003,67,0.27199998,-0.19722580,-0.01998138,0.82668852,1379.99975585,public-waveform-fixed-slice
BD-0003,68,0.27599998,-0.19623544,-0.01089859,0.80121463,1379.99975585,public-waveform-fixed-slice
BD-0003,69,0.27999998,-0.30254897,0.01497268,0.80997210,1379.99975585,public-waveform-fixed-slice
BD-0003,70,0.28399998,-0.30804979,0.02057266,0.77242159,1379.99975585,public-waveform-fixed-slice
BD-0003,71,0.28799998,-0.24618990,-0.00933456,0.80030637,1379.99975585,public-waveform-fixed-slice
BD-0003,72,0.29199998,-0.19359816,-0.02084732,0.79497009,1379.99975585,public-waveform-fixed-slice
BD-0003,73,0.29599998,-0.18974587,-0.02782821,0.82083767,1379.99975585,public-waveform-fixed-slice
BD-0003,74,0.29999997,-0.17794801,-0.01926040,0.79234737,1379.99975585,public-waveform-fixed-slice
BD-0003,75,0.30399997,-0.14261169,-0.02531433,0.78499776,1379.99975585,public-waveform-fixed-slice
BD-0003,76,0.30799997,-0.10770046,-0.02810287,0.80482894,1379.99975585,public-waveform-fixed-slice
BD-0003,77,0.31199997,-0.15047881,-0.01521682,0.81761318,1379.99975585,public-waveform-fixed-slice
BD-0003,78,0.31599997,-0.11874647,-0.01145553,0.85656780,1379.99975585,public-waveform-fixed-slice
BD-0003,79,0.31999997,-0.10399331,-0.01102447,0.84075254,1379.99975585,public-waveform-fixed-slice
BD-0003,80,0.32399997,-0.13270293,0.00385665,0.89078450,1379.99975585,public-waveform-fixed-slice
BD-0003,81,0.32799997,-0.15460218,0.00440216,0.88142162,1379.99975585,public-waveform-fixed-slice
BD-0003,82,0.33199997,-0.18523401,0.01254272,0.84991127,1379.99975585,public-waveform-fixed-slice
BD-0003,83,0.33599997,-0.24176700,0.02992820,0.77611595,1379.99975585,public-waveform-fixed-slice
BD-0003,84,0.33999997,-0.16576208,0.00432968,0.75165253,1379.99975585,public-waveform-fixed-slice
BD-0003,85,0.34399997,-0.12394127,-0.01337432,0.78658407,1379.99975585,public-waveform-fixed-slice
BD-0003,86,0.34799997,-0.16412073,-0.00113296,0.75004029,1379.99975585,public-waveform-fixed-slice
BD-0003,87,0.35199997,-0.20954458,0.01091384,0.77490502,1379.99975585,public-waveform-fixed-slice
BD-0003,88,0.35599997,-0.12776604,-0.01011466,0.76652783,1379.99975585,public-waveform-fixed-slice
BD-0003,89,0.35999997,-0.13960714,-0.00782775,0.82763344,1379.99975585,public-waveform-fixed-slice
BD-0003,90,0.36399997,-0.17606392,0.00680160,0.84243112,1379.99975585,public-waveform-fixed-slice
BD-0003,91,0.36799997,-0.15774534,-0.00444602,0.82762271,1379.99975585,public-waveform-fixed-slice
BD-0003,92,0.37199997,-0.15723066,0.00233078,0.88470149,1379.99975585,public-waveform-fixed-slice
BD-0003,93,0.37599997,-0.14971633,0.00126457,0.87332129,1379.99975585,public-waveform-fixed-slice
BD-0003,94,0.37999997,-0.12152887,-0.00624084,0.85892486,1379.99975585,public-waveform-fixed-slice
BD-0003,95,0.38399997,-0.11076047,-0.01184463,0.75996595,1379.99975585,public-waveform-fixed-slice
BD-0003,96,0.38799997,-0.11397498,-0.00445365,0.75261634,1379.99975585,public-waveform-fixed-slice
BD-0003,97,0.39199997,-0.10230187,-0.00730895,0.76137006,1379.99975585,public-waveform-fixed-slice
BD-0003,98,0.39599997,-0.09767377,-0.00381469,0.71878606,1379.99975585,public-waveform-fixed-slice
BD-0003,99,0.39999997,-0.13115450,0.00339126,0.74969089,1379.99975585,public-waveform-fixed-slice
BD-0003,100,0.40399997,-0.09124924,-0.00342178,0.72220736,1379.99975585,public-waveform-fixed-slice
BD-0003,101,0.40799997,-0.13484919,0.00605392,0.85076165,1379.99975585,public-waveform-fixed-slice
BD-0003,102,0.41199997,-0.10184153,-0.00096511,0.84240525,1379.99975585,public-waveform-fixed-slice
BD-0003,103,0.41599997,-0.09411671,0.00032997,0.87996023,1379.99975585,public-waveform-fixed-slice
BD-0003,104,0.41999997,-0.09224523,0.00459861,0.89974492,1379.99975585,public-waveform-fixed-slice
BD-0003,105,0.42399997,-0.07568033,-0.00177001,0.89437478,1379.99975585,public-waveform-fixed-slice
BD-0003,106,0.42799997,-0.08326438,0.00196075,0.89706408,1379.99975585,public-waveform-fixed-slice
BD-0003,107,0.43199997,0.00199808,-0.02526855,0.80310571,1379.99975585,public-waveform-fixed-slice
BD-0003,108,0.43599997,0.13606813,-0.05721473,0.82692426,1379.99975585,public-waveform-fixed-slice
BD-0003,109,0.43999997,0.16423578,-0.05529212,0.81349825,1379.99975585,public-waveform-fixed-slice
BD-0003,110,0.44399996,0.13561244,-0.03033447,0.82019656,1379.99975585,public-waveform-fixed-slice
BD-0003,111,0.44799996,0.15615125,-0.02201080,0.79469347,1379.99975585,public-waveform-fixed-slice
BD-0003,112,0.45199996,0.34826532,-0.06450271,0.79232501,1379.99975585,public-waveform-fixed-slice
BD-0003,113,0.45599996,0.21840120,-0.00521087,0.84033000,1379.99975585,public-waveform-fixed-slice
BD-0003,114,0.45999996,0.22028383,0.00636863,0.80676686,1379.99975585,public-waveform-fixed-slice
BD-0003,115,0.46399996,0.32161900,-0.02279472,0.84264647,1379.99975585,public-waveform-fixed-slice
BD-0003,116,0.46799996,0.23901759,0.01598739,0.80509531,1379.99975585,public-waveform-fixed-slice
BD-0003,117,0.47199996,0.22514274,0.02400588,0.82487416,1379.99975585,public-waveform-fixed-slice
BD-0003,118,0.47599996,0.36992180,-0.01503753,0.79733830,1379.99975585,public-waveform-fixed-slice
BD-0003,119,0.47999996,0.26480892,0.01993560,0.80205541,1379.99975585,public-waveform-fixed-slice
BD-0003,120,0.48399996,0.27122378,0.02600479,0.82184714,1379.99975585,public-waveform-fixed-slice
BD-0003,121,0.48799996,0.32828348,0.01026916,0.84565281,1379.99975585,public-waveform-fixed-slice
BD-0003,122,0.49199996,0.26384231,0.02098464,0.85742962,1379.99975585,public-waveform-fixed-slice
BD-0003,123,0.49599996,0.27397912,0.02263259,0.82888710,1379.99975585,public-waveform-fixed-slice
BD-0003,124,0.49999996,0.29613360,0.00991439,0.86779326,1379.99975585,public-waveform-fixed-slice
BD-0003,125,0.50399996,0.25360092,0.02156448,0.84029608,1379.99975585,public-waveform-fixed-slice
BD-0003,126,0.50799996,0.25444081,0.01779556,0.83492046,1379.99975585,public-waveform-fixed-slice
BD-0003,127,0.51199996,0.30665680,0.00300598,0.82549220,1379.99975585,public-waveform-fixed-slice
BD-0003,128,0.51599996,0.32598516,-0.00337219,0.81512188,1379.99975585,public-waveform-fixed-slice
BD-0003,129,0.51999996,0.36370065,-0.00662040,0.82584035,1379.99975585,public-waveform-fixed-slice
BD-0003,130,0.52399996,0.33143931,0.00868034,0.76407700,1379.99975585,public-waveform-fixed-slice
BD-0003,131,0.52799996,0.34508299,0.00821495,0.79900789,1379.99975585,public-waveform-fixed-slice
BD-0003,132,0.53199996,0.35113990,0.00191116,0.79663926,1379.99975585,public-waveform-fixed-slice
BD-0003,133,0.53599996,0.34555655,0.00646972,0.85165244,1379.99975585,public-waveform-fixed-slice
BD-0003,134,0.53999996,0.30605816,0.01937103,0.84732234,1379.99975585,public-waveform-fixed-slice
BD-0003,135,0.54399996,0.33650946,0.00775909,0.86513078,1379.99975585,public-waveform-fixed-slice
BD-0003,136,0.54799996,0.33925104,0.00490951,0.88370102,1379.99975585,public-waveform-fixed-slice
BD-0003,137,0.55199996,0.31234243,0.01536750,0.87222981,1379.99975585,public-waveform-fixed-slice
BD-0003,138,0.55599996,0.30432471,0.01608085,0.87840926,1379.99975585,public-waveform-fixed-slice
BD-0003,139,0.55999996,0.29458945,0.01366996,0.82315748,1379.99975585,public-waveform-fixed-slice
BD-0003,140,0.56399996,0.27315908,0.01913070,0.82461869,1379.99975585,public-waveform-fixed-slice
BD-0003,141,0.56799996,0.25361308,0.01724243,0.82754379,1379.99975585,public-waveform-fixed-slice
BD-0003,142,0.57199996,0.35659557,-0.01298332,0.83013403,1379.99975585,public-waveform-fixed-slice
BD-0003,143,0.57599996,0.40723267,-0.04170608,0.84248089,1379.99975585,public-waveform-fixed-slice
BD-0003,144,0.57999996,0.40652045,-0.01037216,0.83732485,1379.99975585,public-waveform-fixed-slice
BD-0003,145,0.58399996,0.23719634,0.03354263,0.88205277,1379.99975585,public-waveform-fixed-slice
BD-0003,146,0.58799996,0.28495854,0.02507591,0.88287025,1379.99975585,public-waveform-fixed-slice
BD-0003,147,0.59199995,0.25361022,0.01555824,0.87964510,1379.99975585,public-waveform-fixed-slice
BD-0003,148,0.59599995,0.28015777,0.00967597,0.90630465,1379.99975585,public-waveform-fixed-slice
BD-0003,149,0.59999995,0.23213613,0.01715087,0.93819504,1379.99975585,public-waveform-fixed-slice
BD-0003,150,0.60399995,0.26615673,0.00297546,0.95161008,1379.99975585,public-waveform-fixed-slice
BD-0003,151,0.60799995,0.34111544,-0.01905822,0.88548225,1379.99975585,public-waveform-fixed-slice
BD-0003,152,0.61199995,0.39876469,-0.02666091,0.90527313,1379.99975585,public-waveform-fixed-slice
BD-0003,153,0.61599995,0.34723576,-0.00998306,0.90234613,1379.99975585,public-waveform-fixed-slice
BD-0003,154,0.61999995,0.42967841,-0.02834701,0.86679852,1379.99975585,public-waveform-fixed-slice
BD-0003,155,0.62399995,0.43587425,-0.02090072,0.88724285,1379.99975585,public-waveform-fixed-slice
BD-0003,156,0.62799995,0.42438802,-0.01008224,0.85293710,1379.99975585,public-waveform-fixed-slice
BD-0003,157,0.63199995,0.42093402,-0.00661849,0.93777722,1379.99975585,public-waveform-fixed-slice
BD-0003,158,0.63599995,0.45983046,-0.00387573,0.90601837,1379.99975585,public-waveform-fixed-slice
BD-0003,159,0.63999995,0.50537347,-0.01613998,0.88927453,1379.99975585,public-waveform-fixed-slice
BD-0003,160,0.64399995,0.53778964,-0.02531051,0.94434553,1379.99975585,public-waveform-fixed-slice
BD-0003,161,0.64799995,0.51672375,0.00246047,0.99244976,1379.99975585,public-waveform-fixed-slice
BD-0003,162,0.65199995,0.44692209,0.01875686,0.97349596,1379.99975585,public-waveform-fixed-slice
BD-0003,163,0.65599995,0.35343900,0.04513168,0.98233443,1379.99975585,public-waveform-fixed-slice
BD-0003,164,0.65999995,0.30660286,0.04587173,0.96610492,1379.99975585,public-waveform-fixed-slice
BD-0003,165,0.66399995,0.38305389,0.02017974,0.96109801,1379.99975585,public-waveform-fixed-slice
BD-0003,166,0.66799995,0.43335670,0.00200653,0.91693800,1379.99975585,public-waveform-fixed-slice
BD-0003,167,0.67199995,0.39687302,0.01589393,0.91339617,1379.99975585,public-waveform-fixed-slice
BD-0003,168,0.67599995,0.39629384,0.01852416,0.92207330,1379.99975585,public-waveform-fixed-slice
BD-0003,169,0.67999995,0.43410769,0.00549697,0.95776623,1379.99975585,public-waveform-fixed-slice
BD-0003,170,0.68399995,0.47085332,-0.00428390,0.97214555,1379.99975585,public-waveform-fixed-slice
BD-0003,171,0.68799995,0.49067708,-0.01419067,0.97077679,1379.99975585,public-waveform-fixed-slice
BD-0003,172,0.69199995,0.42935499,0.00008392,0.99738961,1379.99975585,public-waveform-fixed-slice
BD-0003,173,0.69599995,0.31946560,0.02849769,1.01548302,1379.99975585,public-waveform-fixed-slice
BD-0003,174,0.69999995,0.32586342,0.03212356,0.99210721,1379.99975585,public-waveform-fixed-slice
BD-0003,175,0.70399995,0.38556119,0.02203750,0.98381537,1379.99975585,public-waveform-fixed-slice
BD-0003,176,0.70799995,0.31343844,0.02323532,0.99110442,1379.99975585,public-waveform-fixed-slice
BD-0003,177,0.71199995,0.37392726,0.00310516,0.98176836,1379.99975585,public-waveform-fixed-slice
BD-0003,178,0.71599995,0.45236650,-0.01524353,0.96176356,1379.99975585,public-waveform-fixed-slice
BD-0003,179,0.71999995,0.37142255,-0.00519943,0.98771131,1379.99975585,public-waveform-fixed-slice
BD-0003,180,0.72399995,0.54116952,-0.04056739,1.04727625,1379.99975585,public-waveform-fixed-slice
BD-0003,181,0.72799995,0.49809587,-0.02134132,1.01125669,1379.99975585,public-waveform-fixed-slice
BD-0003,182,0.73199995,0.57900410,-0.03153228,1.01152431,1379.99975585,public-waveform-fixed-slice
BD-0003,183,0.73599994,0.53939962,-0.01992034,0.95897352,1379.99975585,public-waveform-fixed-slice
BD-0003,184,0.73999994,0.59860831,-0.01521301,0.99091374,1379.99975585,public-waveform-fixed-slice
BD-0003,185,0.74399994,0.41546481,0.03596115,1.07688856,1379.99975585,public-waveform-fixed-slice
BD-0003,186,0.74799994,0.39223986,0.03969383,1.05202770,1379.99975585,public-waveform-fixed-slice
BD-0003,187,0.75199994,0.48742237,0.01371765,1.02720379,1379.99975585,public-waveform-fixed-slice
BD-0003,188,0.75599994,0.38645341,0.02454757,1.03915917,1379.99975585,public-waveform-fixed-slice
BD-0003,189,0.75999994,0.40937086,0.00143432,0.97812902,1379.99975585,public-waveform-fixed-slice
BD-0003,190,0.76399994,0.47205814,-0.00238037,1.00403463,1379.99975585,public-waveform-fixed-slice
BD-0003,191,0.76799994,0.47942271,-0.00156402,0.99132424,1379.99975585,public-waveform-fixed-slice
BD-0003,192,0.77199994,0.48296222,0.00819396,0.95478338,1379.99975585,public-waveform-fixed-slice
BD-0003,193,0.77599994,0.49012339,0.00374221,1.04510736,1379.99975585,public-waveform-fixed-slice
BD-0003,194,0.77999994,0.53840172,-0.02105331,1.05165827,1379.99975585,public-waveform-fixed-slice
BD-0003,195,0.78399994,0.68387389,-0.05647850,1.03049099,1379.99975585,public-waveform-fixed-slice
BD-0003,196,0.78799994,0.75726985,-0.07564163,1.06744897,1379.99975585,public-waveform-fixed-slice
BD-0003,197,0.79199994,0.64665704,-0.03041839,0.97906529,1379.99975585,public-waveform-fixed-slice
BD-0003,198,0.79599994,0.49648997,0.02113723,0.97491574,1379.99975585,public-waveform-fixed-slice
BD-0003,199,0.79999994,0.40708228,0.04597091,1.02287971,1379.99975585,public-waveform-fixed-slice
BD-0003,200,0.80399994,0.39833572,0.05609893,0.99964058,1379.99975585,public-waveform-fixed-slice
BD-0003,201,0.80799994,0.51916879,0.01380348,1.05109035,1379.99975585,public-waveform-fixed-slice
BD-0003,202,0.81199994,0.58686053,-0.01428031,1.08544957,1379.99975585,public-waveform-fixed-slice
BD-0003,203,0.81599994,0.59169763,-0.01655960,1.07378149,1379.99975585,public-waveform-fixed-slice
BD-0003,204,0.81999994,0.55210798,0.00658416,1.07312619,1379.99975585,public-waveform-fixed-slice
BD-0003,205,0.82399994,0.45781204,0.01745605,1.03372418,1379.99975585,public-waveform-fixed-slice
BD-0003,206,0.82799994,0.56465011,-0.01367950,1.03511071,1379.99975585,public-waveform-fixed-slice
BD-0003,207,0.83199994,0.68428242,-0.04962539,1.02836036,1379.99975585,public-waveform-fixed-slice
BD-0003,208,0.83599994,0.83050531,-0.06486892,1.03693926,1379.99975585,public-waveform-fixed-slice
BD-0003,209,0.83999994,0.61342310,-0.00902175,1.04147648,1379.99975585,public-waveform-fixed-slice
BD-0003,210,0.84399994,0.61006528,0.02140426,1.02600502,1379.99975585,public-waveform-fixed-slice
BD-0003,211,0.84799994,0.48501875,0.06206512,1.04292392,1379.99975585,public-waveform-fixed-slice
BD-0003,212,0.85199994,0.34629502,0.07185745,1.05247652,1379.99975585,public-waveform-fixed-slice
BD-0003,213,0.85599994,0.48628598,0.03820800,1.06058132,1379.99975585,public-waveform-fixed-slice
BD-0003,214,0.85999994,0.72704875,-0.05082702,1.03481245,1379.99975585,public-waveform-fixed-slice
BD-0003,215,0.86399994,0.68697482,-0.04352951,1.00865006,1379.99975585,public-waveform-fixed-slice
BD-0003,216,0.86799994,0.77225339,-0.03977966,0.98674607,1379.99975585,public-waveform-fixed-slice
BD-0003,217,0.87199994,0.61765640,0.00309753,1.01493358,1379.99975585,public-waveform-fixed-slice
BD-0003,218,0.87599994,0.49920663,0.04697608,1.07208025,1379.99975585,public-waveform-fixed-slice
BD-0003,219,0.87999993,0.48117515,0.03831291,1.10821366,1379.99975585,public-waveform-fixed-slice
BD-0003,220,0.88399993,0.60527926,0.00623321,1.11555159,1379.99975585,public-waveform-fixed-slice
BD-0003,221,0.88799993,0.50390440,0.02581787,1.03445410,1379.99975585,public-waveform-fixed-slice
BD-0003,222,0.89199993,0.61463183,-0.00533866,1.04018640,1379.99975585,public-waveform-fixed-slice
BD-0003,223,0.89599993,0.52715641,0.02174282,0.99583274,1379.99975585,public-waveform-fixed-slice
BD-0003,224,0.89999993,0.63194954,-0.00635719,1.05394685,1379.99975585,public-waveform-fixed-slice
BD-0003,225,0.90399993,0.58817940,-0.00592041,1.03113102,1379.99975585,public-waveform-fixed-slice
BD-0003,226,0.90799993,0.65600693,-0.01033496,1.08317470,1379.99975585,public-waveform-fixed-slice
BD-0003,227,0.91199993,0.61362850,-0.00102901,0.98886013,1379.99975585,public-waveform-fixed-slice
BD-0003,228,0.91599993,0.55546009,0.00841331,0.97125118,1379.99975585,public-waveform-fixed-slice
BD-0003,229,0.91999993,0.51512968,0.02459430,0.91205418,1379.99975585,public-waveform-fixed-slice
BD-0003,230,0.92399993,0.40708681,0.05154800,0.98442190,1379.99975585,public-waveform-fixed-slice
BD-0003,231,0.92799993,0.42728561,0.02443695,1.03264081,1379.99975585,public-waveform-fixed-slice
BD-0003,232,0.93199993,0.63220638,-0.03762817,1.07003426,1379.99975585,public-waveform-fixed-slice
BD-0003,233,0.93599993,0.64970499,-0.05045890,1.03695380,1379.99975585,public-waveform-fixed-slice
BD-0003,234,0.93999993,0.59888136,-0.02245903,0.98480492,1379.99975585,public-waveform-fixed-slice
BD-0003,235,0.94399993,0.56775116,0.00588893,0.95181727,1379.99975585,public-waveform-fixed-slice
BD-0003,236,0.94799993,0.49243128,0.02135658,0.91936254,1379.99975585,public-waveform-fixed-slice
BD-0003,237,0.95199993,0.48076403,0.01596260,0.92247843,1379.99975585,public-waveform-fixed-slice
BD-0003,238,0.95599993,0.44038295,0.03716659,0.92967391,1379.99975585,public-waveform-fixed-slice
BD-0003,239,0.95999993,0.41266900,0.03913497,0.93112337,1379.99975585,public-waveform-fixed-slice
BD-0003,240,0.96399993,0.42768388,-0.01184463,0.95355212,1379.99975585,public-waveform-fixed-slice
BD-0003,241,0.96799993,0.74128943,-0.08485126,0.98131918,1379.99975585,public-waveform-fixed-slice
BD-0003,242,0.97199993,0.59945899,-0.03007507,0.99930471,1379.99975585,public-waveform-fixed-slice
BD-0003,243,0.97599993,0.49163234,0.01738071,0.91418135,1379.99975585,public-waveform-fixed-slice
BD-0003,244,0.97999993,0.38006034,0.04272308,0.88720792,1379.99975585,public-waveform-fixed-slice
BD-0003,245,0.98399993,0.32378679,0.05637073,0.84895670,1379.99975585,public-waveform-fixed-slice
BD-0003,246,0.98799993,0.25523394,0.06594371,0.89043897,1379.99975585,public-waveform-fixed-slice
BD-0003,247,0.99199993,0.34355920,0.00701782,0.90453588,1379.99975585,public-waveform-fixed-slice
BD-0003,248,0.99599993,0.58394938,-0.06601703,0.92991054,1379.99975585,public-waveform-fixed-slice
BD-0003,249,0.99999993,0.75518167,-0.11878836,0.89689731,1379.99975585,public-waveform-fixed-slice
BD-0003,250,1.00399993,0.66405928,-0.06340795,0.88200426,1379.99975585,public-waveform-fixed-slice
BD-0003,251,1.00799993,0.40273088,0.02941375,0.90516138,1379.99975585,public-waveform-fixed-slice
BD-0003,252,1.01199993,0.38552042,0.05111765,0.92951291,1379.99975585,public-waveform-fixed-slice
BD-0003,253,1.01599993,0.24112562,0.07731962,0.92246931,1379.99975585,public-waveform-fixed-slice
BD-0003,254,1.01999993,0.32155194,0.02301818,0.86408466,1379.99975585,public-waveform-fixed-slice
BD-0003,255,1.02399992,0.53617763,-0.03214114,0.89147275,1379.99975585,public-waveform-fixed-slice
BD-0003,256,1.02799992,0.59369462,-0.05974733,0.89973354,1379.99975585,public-waveform-fixed-slice
BD-0004,1,0.00800000,-0.41118398,0.01637172,0.86936473,1379.99975585,public-waveform-fixed-slice
BD-0004,2,0.01199999,-0.43788358,0.02466607,0.85337191,1379.99975585,public-waveform-fixed-slice
BD-0004,3,0.01599999,-0.45300728,0.02038025,0.89253550,1379.99975585,public-waveform-fixed-slice
BD-0004,4,0.01999999,-0.49417084,0.01932168,0.85741549,1379.99975585,public-waveform-fixed-slice
BD-0004,5,0.02399999,-0.34934553,-0.01809287,0.87061673,1379.99975585,public-waveform-fixed-slice
BD-0004,6,0.02799999,-0.39154383,-0.00465798,0.82542932,1379.99975585,public-waveform-fixed-slice
BD-0004,7,0.03199999,-0.40338557,-0.00467753,0.79936945,1379.99975585,public-waveform-fixed-slice
BD-0004,8,0.03599999,-0.36436453,-0.01061248,0.79847699,1379.99975585,public-waveform-fixed-slice
BD-0004,9,0.03999999,-0.44841438,0.01049685,0.75207209,1379.99975585,public-waveform-fixed-slice
BD-0004,10,0.04399999,-0.39917820,-0.00588536,0.79446703,1379.99975585,public-waveform-fixed-slice
BD-0004,11,0.04799999,-0.30550640,-0.02316284,0.77545416,1379.99975585,public-waveform-fixed-slice
BD-0004,12,0.05199999,-0.23230080,-0.03496241,0.81382280,1379.99975585,public-waveform-fixed-slice
BD-0004,13,0.05599999,-0.31502154,-0.01082515,0.82299733,1379.99975585,public-waveform-fixed-slice
BD-0004,14,0.05999999,-0.31865000,-0.00643420,0.83317846,1379.99975585,public-waveform-fixed-slice
BD-0004,15,0.06399999,-0.36374956,0.01802754,0.87334895,1379.99975585,public-waveform-fixed-slice
BD-0004,16,0.06799999,-0.37053290,0.01861214,0.83722209,1379.99975585,public-waveform-fixed-slice
BD-0004,17,0.07199999,-0.44748696,0.02612876,0.86854392,1379.99975585,public-waveform-fixed-slice
BD-0004,18,0.07599999,-0.44604963,0.02297186,0.83342385,1379.99975585,public-waveform-fixed-slice
BD-0004,19,0.07999999,-0.35724467,-0.00649142,0.85669201,1379.99975585,public-waveform-fixed-slice
BD-0004,20,0.08399999,-0.29341834,-0.01885604,0.80244481,1379.99975585,public-waveform-fixed-slice
BD-0004,21,0.08799999,-0.32514455,0.00096273,0.76811975,1379.99975585,public-waveform-fixed-slice
BD-0004,22,0.09199999,-0.34273433,-0.00335216,0.80044829,1379.99975585,public-waveform-fixed-slice
BD-0004,23,0.09599999,-0.33957648,-0.00241112,0.78344863,1379.99975585,public-waveform-fixed-slice
BD-0004,24,0.09999999,-0.40354740,0.00815296,0.80470353,1379.99975585,public-waveform-fixed-slice
BD-0004,25,0.10399999,-0.39727070,0.00305914,0.77965044,1379.99975585,public-waveform-fixed-slice
BD-0004,26,0.10799999,-0.24353545,-0.03914761,0.81801909,1379.99975585,public-waveform-fixed-slice
BD-0004,27,0.11199999,-0.25321987,-0.02839863,0.81993508,1379.99975585,public-waveform-fixed-slice
BD-0004,28,0.11599999,-0.23580968,-0.02213680,0.81501573,1379.99975585,public-waveform-fixed-slice
BD-0004,29,0.11999999,-0.28218159,0.00185823,0.85036444,1379.99975585,public-waveform-fixed-slice
BD-0004,30,0.12399999,-0.39763456,0.03887379,0.84745854,1379.99975585,public-waveform-fixed-slice
BD-0004,31,0.12799999,-0.41629704,0.04024100,0.87877988,1379.99975585,public-waveform-fixed-slice
BD-0004,32,0.13199999,-0.42085322,0.03064048,0.82755273,1379.99975585,public-waveform-fixed-slice
BD-0004,33,0.13599999,-0.43418878,0.02239394,0.79826158,1379.99975585,public-waveform-fixed-slice
BD-0004,34,0.13999999,-0.42911827,0.01322209,0.76817500,1379.99975585,public-waveform-fixed-slice
BD-0004,35,0.14399999,-0.43569499,0.01298487,0.77835565,1379.99975585,public-waveform-fixed-slice
BD-0004,36,0.14799999,-0.37565946,-0.00091552,0.79659056,1379.99975585,public-waveform-fixed-slice
BD-0004,37,0.15199999,-0.44639930,0.01482248,0.77355080,1379.99975585,public-waveform-fixed-slice
BD-0004,38,0.15599998,-0.37102413,-0.00576555,0.80386555,1379.99975585,public-waveform-fixed-slice
BD-0004,39,0.15999998,-0.36098375,-0.01329195,0.82992547,1379.99975585,public-waveform-fixed-slice
BD-0004,40,0.16399998,-0.25010603,-0.03480207,0.82097941,1379.99975585,public-waveform-fixed-slice
BD-0004,41,0.16799998,-0.29545137,-0.00824928,0.83116072,1379.99975585,public-waveform-fixed-slice
BD-0004,42,0.17199998,-0.31713280,-0.00876271,0.82523423,1379.99975585,public-waveform-fixed-slice
BD-0004,43,0.17599998,-0.23396705,-0.02098751,0.87366992,1379.99975585,public-waveform-fixed-slice
BD-0004,44,0.17999998,-0.48236355,0.04503929,0.84459000,1379.99975585,public-waveform-fixed-slice
BD-0004,45,0.18399998,-0.49792799,0.02077722,0.83945959,1379.99975585,public-waveform-fixed-slice
BD-0004,46,0.18799998,-0.42861822,-0.00226485,0.80534571,1379.99975585,public-waveform-fixed-slice
BD-0004,47,0.19199998,-0.35379213,-0.01410126,0.79136627,1379.99975585,public-waveform-fixed-slice
BD-0004,48,0.19599998,-0.37425953,-0.00307905,0.77537339,1379.99975585,public-waveform-fixed-slice
BD-0004,49,0.19999998,-0.42363369,0.00770455,0.76441395,1379.99975585,public-waveform-fixed-slice
BD-0004,50,0.20399998,-0.39750421,0.00073975,0.78063535,1379.99975585,public-waveform-fixed-slice
BD-0004,51,0.20799998,-0.19580270,-0.04327815,0.83288604,1379.99975585,public-waveform-fixed-slice
BD-0004,52,0.21199998,-0.21384917,-0.02966648,0.81789994,1379.99975585,public-waveform-fixed-slice
BD-0004,53,0.21599998,-0.31936541,-0.00617212,0.81197392,1379.99975585,public-waveform-fixed-slice
BD-0004,54,0.21999998,-0.41340434,0.01234573,0.77786064,1379.99975585,public-waveform-fixed-slice
BD-0004,55,0.22399998,-0.30858850,0.00317668,0.79710203,1379.99975585,public-waveform-fixed-slice
BD-0004,56,0.22799998,-0.33996701,0.01500952,0.79922968,1379.99975585,public-waveform-fixed-slice
BD-0004,57,0.23199998,-0.31186574,0.00106191,0.84141343,1379.99975585,public-waveform-fixed-slice
BD-0004,58,0.23599998,-0.17234297,-0.04150277,0.85058796,1379.99975585,public-waveform-fixed-slice
BD-0004,59,0.23999998,-0.16743740,-0.02863329,0.82050144,1379.99975585,public-waveform-fixed-slice
BD-0004,60,0.24399998,-0.27349805,-0.00266349,0.83974283,1379.99975585,public-waveform-fixed-slice
BD-0004,61,0.24799998,-0.28879535,0.02052941,0.81871604,1379.99975585,public-waveform-fixed-slice
BD-0004,62,0.25199998,-0.30811148,0.01132214,0.83091062,1379.99975585,public-waveform-fixed-slice
BD-0004,63,0.25599998,-0.18378102,-0.01116341,0.84692084,1379.99975585,public-waveform-fixed-slice
BD-0004,64,0.25999998,-0.16865995,-0.01269161,0.85005509,1379.99975585,public-waveform-fixed-slice
BD-0004,65,0.26399998,-0.25189107,0.00009714,0.84513539,1379.99975585,public-waveform-fixed-slice
BD-0004,66,0.26799998,-0.27034997,0.02057760,0.78786814,1379.99975585,public-waveform-fixed-slice
BD-0004,67,0.27199998,-0.33451405,0.02973717,0.82321661,1379.99975585,public-waveform-fixed-slice
BD-0004,68,0.27599998,-0.25057765,0.01133489,0.80219042,1379.99975585,public-waveform-fixed-slice
BD-0004,69,0.27999998,-0.24776735,0.00127911,0.82826691,1379.99975585,public-waveform-fixed-slice
BD-0004,70,0.28399998,-0.30033266,0.02004647,0.85757541,1379.99975585,public-waveform-fixed-slice
BD-0004,71,0.28799998,-0.15797975,-0.02586233,0.84560924,1379.99975585,public-waveform-fixed-slice
BD-0004,72,0.29199998,-0.02524225,-0.05351102,0.85277044,1379.99975585,public-waveform-fixed-slice
BD-0004,73,0.29599998,-0.19332410,-0.00744259,0.82167714,1379.99975585,public-waveform-fixed-slice
BD-0004,74,0.29999997,-0.21636690,0.00821095,0.86306589,1379.99975585,public-waveform-fixed-slice
BD-0004,75,0.30399997,-0.33430862,0.04578915,0.80357348,1379.99975585,public-waveform-fixed-slice
BD-0004,76,0.30799997,-0.23285017,0.02688241,0.78758054,1379.99975585,public-waveform-fixed-slice
BD-0004,77,0.31199997,-0.25914210,0.00628501,0.79776179,1379.99975585,public-waveform-fixed-slice
BD-0004,78,0.31599997,-0.21127353,0.00199210,0.78076213,1379.99975585,public-waveform-fixed-slice
BD-0004,79,0.31999997,-0.20563367,-0.00774288,0.82617735,1379.99975585,public-waveform-fixed-slice
BD-0004,80,0.32399997,-0.15079085,-0.00182497,0.79709738,1379.99975585,public-waveform-fixed-slice
BD-0004,81,0.32799997,-0.28000727,0.02260261,0.87250256,1379.99975585,public-waveform-fixed-slice
BD-0004,82,0.33199997,-0.18968500,-0.01039391,0.89577072,1379.99975585,public-waveform-fixed-slice
BD-0004,83,0.33599997,0.00726871,-0.05127137,0.90393811,1379.99975585,public-waveform-fixed-slice
BD-0004,84,0.33999997,-0.25788274,0.01579660,0.91311264,1379.99975585,public-waveform-fixed-slice
BD-0004,85,0.34399997,-0.25416666,0.02623361,0.90114659,1379.99975585,public-waveform-fixed-slice
BD-0004,86,0.34799997,-0.16378213,0.00484454,0.93548846,1379.99975585,public-waveform-fixed-slice
BD-0004,87,0.35199997,-0.29730850,0.02699661,0.84378176,1379.99975585,public-waveform-fixed-slice
BD-0004,88,0.35599997,-0.18745036,-0.00772321,0.84188270,1379.99975585,public-waveform-fixed-slice
BD-0004,89,0.35999997,-0.00573614,-0.05118739,0.80776923,1379.99975585,public-waveform-fixed-slice
BD-0004,90,0.36399997,-0.34873446,0.03826510,0.77868932,1379.99975585,public-waveform-fixed-slice
BD-0004,91,0.36799997,-0.20119993,0.01388084,0.79491078,1379.99975585,public-waveform-fixed-slice
BD-0004,92,0.37199997,-0.11881317,-0.01542663,0.76281064,1379.99975585,public-waveform-fixed-slice
BD-0004,93,0.37599997,-0.20421485,-0.00863671,0.83318209,1379.99975585,public-waveform-fixed-slice
BD-0004,94,0.37999997,-0.14050965,-0.00850439,0.83227246,1379.99975585,public-waveform-fixed-slice
BD-0004,95,0.38399997,-0.10142792,-0.00676190,0.85050725,1379.99975585,public-waveform-fixed-slice
BD-0004,96,0.38799997,-0.29952517,0.03250026,0.84961485,1379.99975585,public-waveform-fixed-slice
BD-0004,97,0.39199997,-0.22358416,0.00256788,0.84972858,1379.99975585,public-waveform-fixed-slice
BD-0004,98,0.39599997,-0.16380147,-0.00415623,0.89715754,1379.99975585,public-waveform-fixed-slice
BD-0004,99,0.39999997,-0.26916128,0.02174627,0.84672576,1379.99975585,public-waveform-fixed-slice
BD-0004,100,0.40399997,-0.20769976,0.00180149,0.85992711,1379.99975585,public-waveform-fixed-slice
BD-0004,101,0.40799997,-0.28122809,0.00877428,0.83688688,1379.99975585,public-waveform-fixed-slice
BD-0004,102,0.41199997,-0.17913980,-0.02167665,0.83297443,1379.99975585,public-waveform-fixed-slice
BD-0004,103,0.41599997,-0.03972666,-0.04564261,0.82100832,1379.99975585,public-waveform-fixed-slice
BD-0004,104,0.41999997,-0.30863612,0.03594493,0.80602210,1379.99975585,public-waveform-fixed-slice
BD-0004,105,0.42399997,-0.27288177,0.02666521,0.85726612,1379.99975585,public-waveform-fixed-slice
BD-0004,106,0.42799997,-0.31368201,0.01693844,0.82013267,1379.99975585,public-waveform-fixed-slice
BD-0004,107,0.43199997,-0.16070455,-0.01817035,0.84742772,1379.99975585,public-waveform-fixed-slice
BD-0004,108,0.43599997,-0.10020349,-0.02613329,0.82841479,1379.99975585,public-waveform-fixed-slice
BD-0004,109,0.43999997,-0.18378600,-0.00249099,0.81141519,1379.99975585,public-waveform-fixed-slice
BD-0004,110,0.44399996,-0.06087684,-0.03495693,0.82260310,1379.99975585,public-waveform-fixed-slice
BD-0004,111,0.44799996,-0.34577366,0.03706645,0.81344532,1379.99975585,public-waveform-fixed-slice
BD-0004,112,0.45199996,-0.21734391,0.00734782,0.86792123,1379.99975585,public-waveform-fixed-slice
BD-0004,113,0.45599996,-0.24921590,0.01435708,0.86904209,1379.99975585,public-waveform-fixed-slice
BD-0004,114,0.45999996,-0.23041962,0.01679897,0.88526356,1379.99975585,public-waveform-fixed-slice
BD-0004,115,0.46399996,-0.08392091,-0.02910280,0.88537776,1379.99975585,public-waveform-fixed-slice
BD-0004,116,0.46799996,-0.27571493,0.01702356,0.83515733,1379.99975585,public-waveform-fixed-slice
BD-0004,117,0.47199996,-0.17586039,-0.00697827,0.84110003,1379.99975585,public-waveform-fixed-slice
BD-0004,118,0.47599996,-0.22692099,-0.00399136,0.80094647,1379.99975585,public-waveform-fixed-slice
BD-0004,119,0.47999996,-0.18140193,-0.01808786,0.83126157,1379.99975585,public-waveform-fixed-slice
BD-0004,120,0.48399996,-0.22340784,-0.00504159,0.81728202,1379.99975585,public-waveform-fixed-slice
BD-0004,121,0.48799996,-0.35201936,0.05041003,0.81940972,1379.99975585,public-waveform-fixed-slice
BD-0004,122,0.49199996,-0.27914184,0.02178001,0.83462435,1379.99975585,public-waveform-fixed-slice
BD-0004,123,0.49599996,-0.24911899,0.00767207,0.83352029,1379.99975585,public-waveform-fixed-slice
BD-0004,124,0.49999996,-0.17164434,-0.02101874,0.86886888,1379.99975585,public-waveform-fixed-slice
BD-0004,125,0.50399996,-0.17432990,-0.02738070,0.87703669,1379.99975585,public-waveform-fixed-slice
BD-0004,126,0.50799996,-0.17597241,-0.00028276,0.93050587,1379.99975585,public-waveform-fixed-slice
BD-0004,127,0.51199996,-0.34551727,0.02619004,0.92961335,1379.99975585,public-waveform-fixed-slice
BD-0004,128,0.51599996,-0.13744688,-0.02736926,0.87838613,1379.99975585,public-waveform-fixed-slice
BD-0004,129,0.51999996,-0.15782906,-0.03903269,0.88030213,1379.99975585,public-waveform-fixed-slice
BD-0004,130,0.52399996,-0.12599572,-0.02419137,0.81296777,1379.99975585,public-waveform-fixed-slice
BD-0004,131,0.52799996,-0.47310122,0.06776618,0.80100172,1379.99975585,public-waveform-fixed-slice
BD-0004,132,0.53199996,-0.43571919,0.07079935,0.79507577,1379.99975585,public-waveform-fixed-slice
BD-0004,133,0.53599996,-0.39426532,0.01121878,0.80827713,1379.99975585,public-waveform-fixed-slice
BD-0004,134,0.53999996,-0.05785071,-0.07917547,0.82751858,1379.99975585,public-waveform-fixed-slice
BD-0004,135,0.54399996,-0.24506168,-0.03452777,0.79118013,1379.99975585,public-waveform-fixed-slice
BD-0004,136,0.54799996,-0.34672904,0.03910636,0.85672944,1379.99975585,public-waveform-fixed-slice
BD-0004,137,0.55199996,-0.32976779,0.00554227,0.86389064,1379.99975585,public-waveform-fixed-slice
BD-0004,138,0.55599996,-0.48309198,0.06676244,0.89923924,1379.99975585,public-waveform-fixed-slice
BD-0004,139,0.55999996,-0.46895334,0.03026771,0.89129996,1379.99975585,public-waveform-fixed-slice
BD-0004,140,0.56399996,-0.24283549,-0.03380823,0.86927169,1379.99975585,public-waveform-fixed-slice
BD-0004,141,0.56799996,-0.34657680,-0.00803661,0.88021838,1379.99975585,public-waveform-fixed-slice
BD-0004,142,0.57199996,-0.41188463,0.02570724,0.82381749,1379.99975585,public-waveform-fixed-slice
BD-0004,143,0.57599996,-0.59350633,0.05574750,0.83768784,1379.99975585,public-waveform-fixed-slice
BD-0004,144,0.57999996,-0.41194537,0.01538658,0.81000435,1379.99975585,public-waveform-fixed-slice
BD-0004,145,0.58399996,-0.28970360,-0.04859542,0.83128446,1379.99975585,public-waveform-fixed-slice
BD-0004,146,0.58799996,-0.26843881,-0.04309320,0.83097982,1379.99975585,public-waveform-fixed-slice
BD-0004,147,0.59199995,-0.40877321,0.00327920,0.77276879,1379.99975585,public-waveform-fixed-slice
BD-0004,148,0.59599995,-0.55226707,0.06074190,0.84540784,1379.99975585,public-waveform-fixed-slice
BD-0004,149,0.59999995,-0.49205350,0.02188539,0.85334384,1379.99975585,public-waveform-fixed-slice
BD-0004,150,0.60399995,-0.31804421,-0.03393697,0.86657983,1379.99975585,public-waveform-fixed-slice
BD-0004,151,0.60799995,-0.35778418,-0.02375078,0.84677094,1379.99975585,public-waveform-fixed-slice
BD-0004,152,0.61199995,-0.32388475,-0.02390480,0.85625785,1379.99975585,public-waveform-fixed-slice
BD-0004,153,0.61599995,-0.55882722,0.05130577,0.88892894,1379.99975585,public-waveform-fixed-slice
BD-0004,154,0.61999995,-0.41571998,0.00330734,0.82290530,1379.99975585,public-waveform-fixed-slice
BD-0004,155,0.62399995,-0.23703663,-0.05748367,0.84334743,1379.99975585,public-waveform-fixed-slice
BD-0004,156,0.62799995,-0.15374645,-0.05997276,0.80421864,1379.99975585,public-waveform-fixed-slice
BD-0004,157,0.63199995,-0.47217968,0.03483104,0.84638863,1379.99975585,public-waveform-fixed-slice
BD-0004,158,0.63599995,-0.54553800,0.07452726,0.81274896,1379.99975585,public-waveform-fixed-slice
BD-0004,159,0.63999995,-0.57681781,0.06528806,0.76967865,1379.99975585,public-waveform-fixed-slice
BD-0004,160,0.64399995,-0.22518029,-0.06303405,0.83346897,1379.99975585,public-waveform-fixed-slice
BD-0004,161,0.64799995,-0.19817857,-0.07356595,0.80255889,1379.99975585,public-waveform-fixed-slice
BD-0004,162,0.65199995,-0.21673423,-0.03219938,0.84860986,1379.99975585,public-waveform-fixed-slice
BD-0004,163,0.65599995,-0.56001996,0.06723785,0.82156908,1379.99975585,public-waveform-fixed-slice
BD-0004,164,0.65999995,-0.50218302,0.05601358,0.84620839,1379.99975585,public-waveform-fixed-slice
BD-0004,165,0.66399995,-0.36124742,-0.02511310,0.84697049,1379.99975585,public-waveform-fixed-slice
BD-0004,166,0.66799995,-0.06936240,-0.09873533,0.80467474,1379.99975585,public-waveform-fixed-slice
BD-0004,167,0.67199995,-0.30258160,-0.02340364,0.86725282,1379.99975585,public-waveform-fixed-slice
BD-0004,168,0.67599995,-0.51464521,0.05256652,0.84237545,1379.99975585,public-waveform-fixed-slice
BD-0004,169,0.67999995,-0.67484056,0.08797645,0.86589598,1379.99975585,public-waveform-fixed-slice
BD-0004,170,0.68399995,-0.29565832,-0.04214382,0.84313821,1379.99975585,public-waveform-fixed-slice
BD-0004,171,0.68799995,-0.12861044,-0.11344432,0.84351557,1379.99975585,public-waveform-fixed-slice
BD-0004,172,0.69199995,-0.15900667,-0.07699012,0.83938097,1379.99975585,public-waveform-fixed-slice
BD-0004,173,0.69599995,-0.51973026,0.06035280,0.77515846,1379.99975585,public-waveform-fixed-slice
BD-0004,174,0.69999995,-1.22219264,0.26699876,0.82756215,1379.99975585,public-waveform-fixed-slice
BD-0004,175,0.70399995,-1.78519046,0.36904287,0.78514409,1379.99975585,public-waveform-fixed-slice
BD-0004,176,0.70799995,-1.83947360,0.27722072,0.79987704,1379.99975585,public-waveform-fixed-slice
BD-0004,177,0.71199995,-1.80698502,0.15994405,0.74890315,1379.99975585,public-waveform-fixed-slice
BD-0004,178,0.71599995,-1.76017928,0.08139085,0.70869600,1379.99975585,public-waveform-fixed-slice
BD-0004,179,0.71999995,-2.15488958,0.10921907,0.71344697,1379.99975585,public-waveform-fixed-slice
BD-0004,180,0.72399995,-3.60966491,0.50623083,0.63225054,1379.99975585,public-waveform-fixed-slice
BD-0004,181,0.72799995,-3.70450973,0.41274547,0.64124572,1379.99975585,public-waveform-fixed-slice
BD-0004,182,0.73199995,-3.91931295,0.28606939,0.63570392,1379.99975585,public-waveform-fixed-slice
BD-0004,183,0.73599994,-4.63443279,0.35055112,0.70619916,1379.99975585,public-waveform-fixed-slice
BD-0004,184,0.73999994,-2.84760284,-0.24437808,0.61671447,1379.99975585,public-waveform-fixed-slice
BD-0004,185,0.74399994,1.11919093,-1.58523702,0.44658464,1379.99975585,public-waveform-fixed-slice
BD-0004,186,0.74799994,1.14573884,-1.26189899,0.31818118,1379.99975585,public-waveform-fixed-slice
BD-0004,187,0.75199994,0.85952752,-0.80970382,0.10463477,1379.99975585,public-waveform-fixed-slice
BD-0004,188,0.75599994,-1.97958767,0.37747335,0.37369847,1379.99975585,public-waveform-fixed-slice
BD-0004,189,0.75999994,-1.02826094,0.05105161,0.89884400,1379.99975585,public-waveform-fixed-slice
BD-0004,190,0.76399994,-0.26472538,-0.14463663,1.08811366,1379.99975585,public-waveform-fixed-slice
BD-0004,191,0.76799994,-0.01366443,-0.32682418,1.07839894,1379.99975585,public-waveform-fixed-slice
BD-0004,192,0.77199994,-1.16665244,0.18202495,0.99249935,1379.99975585,public-waveform-fixed-slice
BD-0004,193,0.77599994,-0.40857273,0.01360940,0.74482786,1379.99975585,public-waveform-fixed-slice
BD-0004,194,0.77999994,0.23213431,-0.24517250,0.65952682,1379.99975585,public-waveform-fixed-slice
BD-0004,195,0.78399994,-0.55002403,0.07172584,0.94094109,1379.99975585,public-waveform-fixed-slice
BD-0004,196,0.78799994,-1.21315288,0.29363441,1.12757325,1379.99975585,public-waveform-fixed-slice
BD-0004,197,0.79199994,-0.66457265,0.12717247,1.00984978,1379.99975585,public-waveform-fixed-slice
BD-0004,198,0.79599994,-0.04180664,-0.14683914,0.80277645,1379.99975585,public-waveform-fixed-slice
BD-0004,199,0.79999994,-0.25177729,-0.06236362,0.71372354,1379.99975585,public-waveform-fixed-slice
BD-0004,200,0.80399994,-0.62530642,0.10906791,0.71248483,1379.99975585,public-waveform-fixed-slice
BD-0004,201,0.80799994,-1.08602666,0.24166870,0.62690746,1379.99975585,public-waveform-fixed-slice
BD-0004,202,0.81199994,-0.48909038,0.03474330,0.62812614,1379.99975585,public-waveform-fixed-slice
BD-0004,203,0.81599994,-0.46488484,-0.01712512,0.71614050,1379.99975585,public-waveform-fixed-slice
BD-0004,204,0.81999994,-0.54453897,0.01970958,0.85569584,1379.99975585,public-waveform-fixed-slice
BD-0004,205,0.82399994,-0.67577403,0.07029247,0.89783585,1379.99975585,public-waveform-fixed-slice
BD-0004,206,0.82799994,-0.27880528,-0.04643535,0.86066609,1379.99975585,public-waveform-fixed-slice
BD-0004,207,0.83199994,-0.45698213,-0.00629329,0.82673841,1379.99975585,public-waveform-fixed-slice
BD-0004,208,0.83599994,-0.91266584,0.16059398,0.80067247,1379.99975585,public-waveform-fixed-slice
BD-0004,209,0.83999994,-0.60732018,0.04420852,0.80847662,1379.99975585,public-waveform-fixed-slice
BD-0004,210,0.84399994,-0.16221556,-0.11264228,0.79034501,1379.99975585,public-waveform-fixed-slice
BD-0004,211,0.84799994,-0.47109478,-0.01683807,0.81776231,1379.99975585,public-waveform-fixed-slice
BD-0004,212,0.85199994,-0.62225282,0.06032371,0.82026869,1379.99975585,public-waveform-fixed-slice
BD-0004,213,0.85599994,-0.44758546,0.00359821,0.77371573,1379.99975585,public-waveform-fixed-slice
BD-0004,214,0.85999994,-0.23995912,-0.06091403,0.79388475,1379.99975585,public-waveform-fixed-slice
BD-0004,215,0.86399994,-0.38300377,-0.01498699,0.82844209,1379.99975585,public-waveform-fixed-slice
BD-0004,216,0.86799994,-0.39986833,0.00931167,0.82706803,1379.99975585,public-waveform-fixed-slice
BD-0004,217,0.87199994,-0.74192166,0.09313678,0.80991482,1379.99975585,public-waveform-fixed-slice
BD-0004,218,0.87599994,-0.48316851,0.03027629,0.83538585,1379.99975585,public-waveform-fixed-slice
BD-0004,219,0.87999993,-0.53154718,0.00128459,0.79377341,1379.99975585,public-waveform-fixed-slice
BD-0004,220,0.88399993,-0.75765240,0.07908725,0.71891027,1379.99975585,public-waveform-fixed-slice
BD-0004,221,0.88799993,-0.59506613,0.00616645,0.74956518,1379.99975585,public-waveform-fixed-slice
BD-0004,222,0.89199993,-0.41233634,-0.04515266,0.73535078,1379.99975585,public-waveform-fixed-slice
BD-0004,223,0.89599993,-0.53065901,0.00132942,0.81118780,1379.99975585,public-waveform-fixed-slice
BD-0004,224,0.89999993,-0.53489410,0.01771545,0.80898499,1379.99975585,public-waveform-fixed-slice
BD-0004,225,0.90399993,-0.55300182,0.01875877,0.82037925,1379.99975585,public-waveform-fixed-slice
BD-0004,226,0.90799993,-0.59055268,0.02677726,0.81620687,1379.99975585,public-waveform-fixed-slice
BD-0004,227,0.91199993,-0.57509672,0.02546310,0.80253672,1379.99975585,public-waveform-fixed-slice
BD-0004,228,0.91599993,-0.70593106,0.04657649,0.79953509,1379.99975585,public-waveform-fixed-slice
BD-0004,229,0.91999993,-0.45606800,-0.01388549,0.77401530,1379.99975585,public-waveform-fixed-slice
BD-0004,230,0.92399993,-0.34310445,-0.07386589,0.83876079,1379.99975585,public-waveform-fixed-slice
BD-0004,231,0.92799993,-0.34791177,-0.05248355,0.78340923,1379.99975585,public-waveform-fixed-slice
BD-0004,232,0.93199993,-0.57962352,0.01939010,0.75959408,1379.99975585,public-waveform-fixed-slice
BD-0004,233,0.93599993,-0.52661985,0.01285743,0.77422237,1379.99975585,public-waveform-fixed-slice
BD-0004,234,0.93999993,-0.62018221,0.02751445,0.75846678,1379.99975585,public-waveform-fixed-slice
BD-0004,235,0.94399993,-0.57391041,0.02890968,0.79995012,1379.99975585,public-waveform-fixed-slice
BD-0004,236,0.94799993,-0.66176962,0.05020427,0.79905223,1379.99975585,public-waveform-fixed-slice
BD-0004,237,0.95199993,-0.43546438,-0.02322578,0.83534675,1379.99975585,public-waveform-fixed-slice
BD-0004,238,0.95599993,-0.27909389,-0.07200241,0.82230412,1379.99975585,public-waveform-fixed-slice
BD-0004,239,0.95999993,-0.42926502,-0.01954841,0.86265361,1379.99975585,public-waveform-fixed-slice
BD-0004,240,0.96399993,-0.50581967,0.00907516,0.85980206,1379.99975585,public-waveform-fixed-slice
BD-0004,241,0.96799993,-0.41941481,-0.00735282,0.80876398,1379.99975585,public-waveform-fixed-slice
BD-0004,242,0.97199993,-0.53991353,0.03575325,0.78710806,1379.99975585,public-waveform-fixed-slice
BD-0004,243,0.97599993,-0.26734706,-0.04241180,0.76468592,1379.99975585,public-waveform-fixed-slice
BD-0004,244,0.97999993,-0.37192550,-0.00870800,0.78643941,1379.99975585,public-waveform-fixed-slice
BD-0004,245,0.98399993,-0.44230639,0.02090072,0.77573406,1379.99975585,public-waveform-fixed-slice
BD-0004,246,0.98799993,-0.41353976,-0.00500297,0.80570298,1379.99975585,public-waveform-fixed-slice
BD-0004,247,0.99199993,-0.48868310,0.01872730,0.79989552,1379.99975585,public-waveform-fixed-slice
BD-0004,248,0.99599993,-0.32666847,-0.01836967,0.83286714,1379.99975585,public-waveform-fixed-slice
BD-0004,249,0.99999993,-0.31968992,-0.01800537,0.84427529,1379.99975585,public-waveform-fixed-slice
BD-0004,250,1.00399993,-0.30304652,-0.01372623,0.82009029,1379.99975585,public-waveform-fixed-slice
BD-0004,251,1.00799993,-0.46771973,0.04413890,0.87211894,1379.99975585,public-waveform-fixed-slice
BD-0004,252,1.01199993,-0.45570710,0.02647781,0.87358349,1379.99975585,public-waveform-fixed-slice
BD-0004,253,1.01599993,-0.22383707,-0.02390193,0.87186276,1379.99975585,public-waveform-fixed-slice
BD-0004,254,1.01999993,-0.31982991,-0.01693725,0.81367123,1379.99975585,public-waveform-fixed-slice
BD-0004,255,1.02399992,-0.36500513,0.00422859,0.81384187,1379.99975585,public-waveform-fixed-slice
BD-0004,256,1.02799992,-0.37455973,0.00938224,0.75022125,1379.99975585,public-waveform-fixed-slice
BD-0005,1,0.00800000,-0.05359681,0.00242614,0.82129377,1379.99975585,public-waveform-fixed-slice
BD-0005,2,0.01199999,-0.07145392,0.01674842,0.80689728,1379.99975585,public-waveform-fixed-slice
BD-0005,3,0.01599999,-0.20510776,0.04003906,0.81565290,1379.99975585,public-waveform-fixed-slice
BD-0005,4,0.01999999,-0.10628005,0.00757598,0.78110551,1379.99975585,public-waveform-fixed-slice
BD-0005,5,0.02399999,-0.20272743,0.02863693,0.78583627,1379.99975585,public-waveform-fixed-slice
BD-0005,6,0.02799999,-0.14314110,0.00913238,0.80122673,1379.99975585,public-waveform-fixed-slice
BD-0005,7,0.03199999,-0.12427669,-0.01072692,0.78179675,1379.99975585,public-waveform-fixed-slice
BD-0005,8,0.03599999,-0.10465339,-0.01655387,0.82679337,1379.99975585,public-waveform-fixed-slice
BD-0005,9,0.03999999,-0.04376598,-0.02402305,0.81441026,1379.99975585,public-waveform-fixed-slice
BD-0005,10,0.04399999,-0.14145445,0.00104522,0.85236001,1379.99975585,public-waveform-fixed-slice
BD-0005,11,0.04799999,-0.11528471,-0.00055313,0.84903717,1379.99975585,public-waveform-fixed-slice
BD-0005,12,0.05199999,-0.11771851,0.00811767,0.86081480,1379.99975585,public-waveform-fixed-slice
BD-0005,13,0.05599999,-0.18003326,0.01042938,0.84842973,1379.99975585,public-waveform-fixed-slice
BD-0005,14,0.05999999,-0.18884421,0.01036453,0.77765840,1379.99975585,public-waveform-fixed-slice
BD-0005,15,0.06399999,-0.17630837,0.01053237,0.79849624,1379.99975585,public-waveform-fixed-slice
BD-0005,16,0.06799999,-0.12235885,-0.01291275,0.74080991,1379.99975585,public-waveform-fixed-slice
BD-0005,17,0.07199999,0.01561099,-0.05112457,0.78782182,1379.99975585,public-waveform-fixed-slice
BD-0005,18,0.07599999,-0.02073597,-0.03354835,0.73073029,1379.99975585,public-waveform-fixed-slice
BD-0005,19,0.07999999,-0.00408478,-0.02138328,0.75760823,1379.99975585,public-waveform-fixed-slice
BD-0005,20,0.08399999,-0.03681040,0.00136566,0.79656851,1379.99975585,public-waveform-fixed-slice
BD-0005,21,0.08799999,-0.09681475,0.01398468,0.81035953,1379.99975585,public-waveform-fixed-slice
BD-0005,22,0.09199999,-0.08619340,0.00125503,0.88152831,1379.99975585,public-waveform-fixed-slice
BD-0005,23,0.09599999,-0.18998441,0.02760696,0.86209833,1379.99975585,public-waveform-fixed-slice
BD-0005,24,0.09999999,-0.19870166,0.03251266,0.91917723,1379.99975585,public-waveform-fixed-slice
BD-0005,25,0.10399999,-0.30178216,0.05843925,0.89672720,1379.99975585,public-waveform-fixed-slice
BD-0005,26,0.10799999,-0.27483603,0.04211807,0.86319965,1379.99975585,public-waveform-fixed-slice
BD-0005,27,0.11199999,-0.19887743,0.00098419,0.80048185,1379.99975585,public-waveform-fixed-slice
BD-0005,28,0.11599999,-0.07848820,-0.04106712,0.74984431,1379.99975585,public-waveform-fixed-slice
BD-0005,29,0.11999999,-0.06599314,-0.04355621,0.77873569,1379.99975585,public-waveform-fixed-slice
BD-0005,30,0.12399999,-0.15008069,-0.01144599,0.71862602,1379.99975585,public-waveform-fixed-slice
BD-0005,31,0.12799999,-0.18689031,-0.00005722,0.74852025,1379.99975585,public-waveform-fixed-slice
BD-0005,32,0.13199999,-0.15108047,-0.01359558,0.74922418,1379.99975585,public-waveform-fixed-slice
BD-0005,33,0.13599999,-0.06788286,-0.04114913,0.83247715,1379.99975585,public-waveform-fixed-slice
BD-0005,34,0.13999999,-0.05164143,-0.03884506,0.86640208,1379.99975585,public-waveform-fixed-slice
BD-0005,35,0.14399999,-0.11423214,-0.00537872,0.86509251,1379.99975585,public-waveform-fixed-slice
BD-0005,36,0.14799999,-0.20263603,0.02072906,0.87686640,1379.99975585,public-waveform-fixed-slice
BD-0005,37,0.15199999,-0.19445660,0.01442527,0.86851006,1379.99975585,public-waveform-fixed-slice
BD-0005,38,0.15599998,-0.13820259,-0.00869369,0.85713362,1379.99975585,public-waveform-fixed-slice
BD-0005,39,0.15999998,-0.13981595,-0.01600265,0.77428191,1379.99975585,public-waveform-fixed-slice
BD-0005,40,0.16399998,-0.17312522,-0.00755310,0.77297252,1379.99975585,public-waveform-fixed-slice
BD-0005,41,0.16799998,-0.16604498,-0.00700187,0.77468299,1379.99975585,public-waveform-fixed-slice
BD-0005,42,0.17199998,-0.18758355,-0.00014114,0.77195113,1379.99975585,public-waveform-fixed-slice
BD-0005,43,0.17599998,-0.13076198,-0.01611328,0.77164846,1379.99975585,public-waveform-fixed-slice
BD-0005,44,0.17999998,-0.07101108,-0.02749443,0.77537238,1379.99975585,public-waveform-fixed-slice
BD-0005,45,0.18399998,-0.12512776,-0.00273513,0.87473249,1379.99975585,public-waveform-fixed-slice
BD-0005,46,0.18799998,-0.14220829,0.00457572,0.85932546,1379.99975585,public-waveform-fixed-slice
BD-0005,47,0.19199998,-0.15952035,0.00814056,0.88419008,1379.99975585,public-waveform-fixed-slice
BD-0005,48,0.19599998,-0.11256464,-0.00877380,0.85569989,1379.99975585,public-waveform-fixed-slice
BD-0005,49,0.19999998,-0.06208123,-0.02238845,0.88861805,1379.99975585,public-waveform-fixed-slice
BD-0005,50,0.20399998,-0.11092164,0.00275039,0.86012780,1379.99975585,public-waveform-fixed-slice
BD-0005,51,0.20799998,-0.20502850,0.03092575,0.80847978,1379.99975585,public-waveform-fixed-slice
BD-0005,52,0.21199998,-0.26538309,0.04151916,0.81019049,1379.99975585,public-waveform-fixed-slice
BD-0005,53,0.21599998,-0.15941359,0.00980758,0.79680061,1379.99975585,public-waveform-fixed-slice
BD-0005,54,0.21999998,-0.26137059,0.02896499,0.82628679,1379.99975585,public-waveform-fixed-slice
BD-0005,55,0.22399998,-0.31662559,0.03210067,0.79175263,1379.99975585,public-waveform-fixed-slice
BD-0005,56,0.22799998,-0.29684555,0.02038383,0.79044306,1379.99975585,public-waveform-fixed-slice
BD-0005,57,0.23199998,-0.25573104,-0.00069046,0.82235455,1379.99975585,public-waveform-fixed-slice
BD-0005,58,0.23599998,-0.23537215,-0.01343917,0.82708531,1379.99975585,public-waveform-fixed-slice
BD-0005,59,0.23999998,-0.16537509,-0.02710533,0.83080941,1379.99975585,public-waveform-fixed-slice
BD-0005,60,0.24399998,-0.19872032,-0.01576614,0.77411466,1379.99975585,public-waveform-fixed-slice
BD-0005,61,0.24799998,-0.23822180,-0.00137710,0.79293537,1379.99975585,public-waveform-fixed-slice
BD-0005,62,0.25199998,-0.31632247,0.02020263,0.76947855,1379.99975585,public-waveform-fixed-slice
BD-0005,63,0.25599998,-0.28722113,0.00092697,0.78226286,1379.99975585,public-waveform-fixed-slice
BD-0005,64,0.25999998,-0.25969496,-0.00287246,0.80008065,1379.99975585,public-waveform-fixed-slice
BD-0005,65,0.26399998,-0.22819679,-0.01053619,0.83501225,1379.99975585,public-waveform-fixed-slice
BD-0005,66,0.26799998,-0.16650268,-0.02859878,0.85140746,1379.99975585,public-waveform-fixed-slice
BD-0005,67,0.27199998,-0.14533044,-0.03520965,0.82996416,1379.99975585,public-waveform-fixed-slice
BD-0005,68,0.27599998,-0.13993942,-0.02908515,0.84576851,1379.99975585,public-waveform-fixed-slice
BD-0005,69,0.27999998,-0.16281971,-0.00579071,0.81929165,1379.99975585,public-waveform-fixed-slice
BD-0005,70,0.28399998,-0.14568388,-0.01073837,0.78576797,1379.99975585,public-waveform-fixed-slice
BD-0005,71,0.28799998,-0.13691969,-0.01229476,0.76834762,1379.99975585,public-waveform-fixed-slice
BD-0005,72,0.29199998,-0.07176913,-0.02688598,0.76401805,1379.99975585,public-waveform-fixed-slice
BD-0005,73,0.29599998,-0.06780944,-0.01874923,0.79290950,1379.99975585,public-waveform-fixed-slice
BD-0005,74,0.29999997,-0.18727542,0.02178192,0.76844602,1379.99975585,public-waveform-fixed-slice
BD-0005,75,0.30399997,-0.25189590,0.03846931,0.76310980,1379.99975585,public-waveform-fixed-slice
BD-0005,76,0.30799997,-0.19660659,0.01901626,0.76683002,1379.99975585,public-waveform-fixed-slice
BD-0005,77,0.31199997,-0.20642140,0.01146507,0.81082183,1379.99975585,public-waveform-fixed-slice
BD-0005,78,0.31599997,-0.17241248,-0.00040435,0.80306023,1379.99975585,public-waveform-fixed-slice
BD-0005,79,0.31999997,-0.13730640,-0.00982856,0.82087802,1379.99975585,public-waveform-fixed-slice
BD-0005,80,0.32399997,-0.17076484,-0.00419998,0.82258862,1379.99975585,public-waveform-fixed-slice
BD-0005,81,0.32799997,-0.12457612,-0.01373672,0.82429540,1379.99975585,public-waveform-fixed-slice
BD-0005,82,0.33199997,-0.17329916,0.00147056,0.81090569,1379.99975585,public-waveform-fixed-slice
BD-0005,83,0.33599997,-0.17162436,0.00442886,0.74516773,1379.99975585,public-waveform-fixed-slice
BD-0005,84,0.33999997,-0.14367674,-0.00339508,0.76499885,1379.99975585,public-waveform-fixed-slice
BD-0005,85,0.34399997,-0.13723719,-0.00680160,0.78079944,1379.99975585,public-waveform-fixed-slice
BD-0005,86,0.34799997,-0.11231752,-0.00706481,0.81673771,1379.99975585,public-waveform-fixed-slice
BD-0005,87,0.35199997,-0.09698804,-0.00546264,0.79428762,1379.99975585,public-waveform-fixed-slice
BD-0005,88,0.35599997,-0.12173911,-0.00055694,0.82519251,1379.99975585,public-waveform-fixed-slice
BD-0005,89,0.35999997,-0.12530718,-0.00038909,0.84603029,1379.99975585,public-waveform-fixed-slice
BD-0005,90,0.36399997,-0.10018594,0.00193023,0.79800081,1379.99975585,public-waveform-fixed-slice
BD-0005,91,0.36799997,-0.12960408,0.00384902,0.79467421,1379.99975585,public-waveform-fixed-slice
BD-0005,92,0.37199997,-0.09737218,0.00131988,0.75511044,1379.99975585,public-waveform-fixed-slice
BD-0005,93,0.37599997,-0.12682183,0.00407600,0.83634990,1379.99975585,public-waveform-fixed-slice
BD-0005,94,0.37999997,-0.13182558,0.00537681,0.80785971,1379.99975585,public-waveform-fixed-slice
BD-0005,95,0.38399997,-0.10935207,0.00258636,0.81359332,1379.99975585,public-waveform-fixed-slice
BD-0005,96,0.38799997,-0.11303145,0.00135612,0.79196941,1379.99975585,public-waveform-fixed-slice
BD-0005,97,0.39199997,-0.09385478,-0.00231552,0.80572742,1379.99975585,public-waveform-fixed-slice
BD-0005,98,0.39599997,-0.08656926,0.00269126,0.78828430,1379.99975585,public-waveform-fixed-slice
BD-0005,99,0.39999997,-0.05547428,-0.01094818,0.74363476,1379.99975585,public-waveform-fixed-slice
BD-0005,100,0.40399997,0.06983830,-0.04583930,0.77652645,1379.99975585,public-waveform-fixed-slice
BD-0005,101,0.40799997,0.16268011,-0.06337356,0.77417725,1379.99975585,public-waveform-fixed-slice
BD-0005,102,0.41199997,0.14851771,-0.03183555,0.77886867,1379.99975585,public-waveform-fixed-slice
BD-0005,103,0.41599997,0.23045043,-0.04170608,0.73625183,1379.99975585,public-waveform-fixed-slice
BD-0005,104,0.41999997,0.28400781,-0.04475784,0.75703728,1379.99975585,public-waveform-fixed-slice
BD-0005,105,0.42399997,0.21305938,-0.00513839,0.78889650,1379.99975585,public-waveform-fixed-slice
BD-0005,106,0.42799997,0.22487716,0.00045394,0.79664665,1379.99975585,public-waveform-fixed-slice
BD-0005,107,0.43199997,0.31544113,-0.02376747,0.84662622,1379.99975585,public-waveform-fixed-slice
BD-0005,108,0.43599997,0.27255302,0.00342178,0.83621716,1379.99975585,public-waveform-fixed-slice
BD-0005,109,0.43999997,0.24236507,0.02313804,0.87918871,1379.99975585,public-waveform-fixed-slice
BD-0005,110,0.44399996,0.23535582,0.02457046,0.83655244,1379.99975585,public-waveform-fixed-slice
BD-0005,111,0.44799996,0.29088589,0.00240325,0.83724284,1379.99975585,public-waveform-fixed-slice
BD-0005,112,0.45199996,0.30574429,0.00494003,0.77851229,1379.99975585,public-waveform-fixed-slice
BD-0005,113,0.45599996,0.25757810,0.03225135,0.74191629,1379.99975585,public-waveform-fixed-slice
BD-0005,114,0.45999996,0.24672594,0.02964401,0.74862104,1379.99975585,public-waveform-fixed-slice
BD-0005,115,0.46399996,0.29708829,0.00692176,0.71609044,1379.99975585,public-waveform-fixed-slice
BD-0005,116,0.46799996,0.28226324,0.01508712,0.76405662,1379.99975585,public-waveform-fixed-slice
BD-0005,117,0.47199996,0.28448730,0.01596832,0.76674336,1379.99975585,public-waveform-fixed-slice
BD-0005,118,0.47599996,0.27981057,0.01646995,0.80364888,1379.99975585,public-waveform-fixed-slice
BD-0005,119,0.47999996,0.30509901,0.01000595,0.82242107,1379.99975585,public-waveform-fixed-slice
BD-0005,120,0.48399996,0.35300520,-0.00733947,0.83112633,1379.99975585,public-waveform-fixed-slice
BD-0005,121,0.48799996,0.37815898,-0.01338577,0.87914419,1379.99975585,public-waveform-fixed-slice
BD-0005,122,0.49199996,0.33173510,0.01130485,0.81335395,1379.99975585,public-waveform-fixed-slice
BD-0005,123,0.49599996,0.29840242,0.02585220,0.83416521,1379.99975585,public-waveform-fixed-slice
BD-0005,124,0.49999996,0.34673091,-0.00131607,0.76437401,1379.99975585,public-waveform-fixed-slice
BD-0005,125,0.50399996,0.38303467,-0.00395965,0.78616636,1379.99975585,public-waveform-fixed-slice
BD-0005,126,0.50799996,0.31224110,0.01539421,0.74151659,1379.99975585,public-waveform-fixed-slice
BD-0005,127,0.51199996,0.31670171,0.01715087,0.71404612,1379.99975585,public-waveform-fixed-slice
BD-0005,128,0.51599996,0.32567998,0.01014328,0.76481556,1379.99975585,public-waveform-fixed-slice
BD-0005,129,0.51999996,0.35289260,0.00183486,0.74777507,1379.99975585,public-waveform-fixed-slice
BD-0005,130,0.52399996,0.39947232,-0.01867294,0.81944656,1379.99975585,public-waveform-fixed-slice
BD-0005,131,0.52799996,0.33108234,0.01583862,0.78291517,1379.99975585,public-waveform-fixed-slice
BD-0005,132,0.53199996,0.20853736,0.05049514,0.83384317,1379.99975585,public-waveform-fixed-slice
BD-0005,133,0.53599996,0.25430980,0.02892112,0.85877686,1379.99975585,public-waveform-fixed-slice
BD-0005,134,0.53999996,0.27745544,0.00692749,0.85375046,1379.99975585,public-waveform-fixed-slice
BD-0005,135,0.54399996,0.32986029,-0.01002120,0.86522936,1379.99975585,public-waveform-fixed-slice
BD-0005,136,0.54799996,0.30741509,0.00873947,0.84183853,1379.99975585,public-waveform-fixed-slice
BD-0005,137,0.55199996,0.33216249,-0.00967597,0.87104117,1379.99975585,public-waveform-fixed-slice
BD-0005,138,0.55599996,0.31974956,-0.00861740,0.83187967,1379.99975585,public-waveform-fixed-slice
BD-0005,139,0.55999996,0.28984469,0.00851058,0.84192550,1379.99975585,public-waveform-fixed-slice
BD-0005,140,0.56399996,0.28981190,0.01072311,0.83830541,1379.99975585,public-waveform-fixed-slice
BD-0005,141,0.56799996,0.22924073,0.02323150,0.82569444,1379.99975585,public-waveform-fixed-slice
BD-0005,142,0.57199996,0.24386073,0.01877975,0.84884369,1379.99975585,public-waveform-fixed-slice
BD-0005,143,0.57599996,0.30142605,-0.00492477,0.80141216,1379.99975585,public-waveform-fixed-slice
BD-0005,144,0.57999996,0.36940634,-0.02573776,0.85185563,1379.99975585,public-waveform-fixed-slice
BD-0005,145,0.58399996,0.45142385,-0.05046463,0.88266956,1379.99975585,public-waveform-fixed-slice
BD-0005,146,0.58799996,0.45653235,-0.03343391,0.89891576,1379.99975585,public-waveform-fixed-slice
BD-0005,147,0.59199995,0.36833509,0.00305175,0.89768064,1379.99975585,public-waveform-fixed-slice
BD-0005,148,0.59599995,0.38812392,-0.00106048,0.89509385,1379.99975585,public-waveform-fixed-slice
BD-0005,149,0.59999995,0.48275262,-0.03120040,0.98756450,1379.99975585,public-waveform-fixed-slice
BD-0005,150,0.60399995,0.47225663,-0.01575279,0.97857964,1379.99975585,public-waveform-fixed-slice
BD-0005,151,0.60799995,0.51084274,-0.01681137,0.92137318,1379.99975585,public-waveform-fixed-slice
BD-0005,152,0.61199995,0.53595900,-0.02218246,0.95437681,1379.99975585,public-waveform-fixed-slice
BD-0005,153,0.61599995,0.41252958,0.02145195,0.93008857,1379.99975585,public-waveform-fixed-slice
BD-0005,154,0.61999995,0.35424622,0.04213333,0.88123655,1379.99975585,public-waveform-fixed-slice
BD-0005,155,0.62399995,0.38028645,0.02595901,0.90287959,1379.99975585,public-waveform-fixed-slice
BD-0005,156,0.62799995,0.41115739,0.01527595,0.94277226,1379.99975585,public-waveform-fixed-slice
BD-0005,157,0.63199995,0.39981296,0.01754951,0.95907187,1379.99975585,public-waveform-fixed-slice
BD-0005,158,0.63599995,0.40878871,0.01368713,0.95176923,1379.99975585,public-waveform-fixed-slice
BD-0005,159,0.63999995,0.37179669,0.01788520,0.95304143,1379.99975585,public-waveform-fixed-slice
BD-0005,160,0.64399995,0.43369141,-0.00165748,0.96188122,1379.99975585,public-waveform-fixed-slice
BD-0005,161,0.64799995,0.40981107,0.00508308,0.99028515,1379.99975585,public-waveform-fixed-slice
BD-0005,162,0.65199995,0.34743839,0.02733612,0.98359543,1379.99975585,public-waveform-fixed-slice
BD-0005,163,0.65599995,0.41400122,0.00929069,0.96552443,1379.99975585,public-waveform-fixed-slice
BD-0005,164,0.65999995,0.45934236,-0.00687026,0.98223060,1379.99975585,public-waveform-fixed-slice
BD-0005,165,0.66399995,0.48339191,-0.00921249,0.96155363,1379.99975585,public-waveform-fixed-slice
BD-0005,166,0.66799995,0.41396707,0.00043106,0.98250800,1379.99975585,public-waveform-fixed-slice
BD-0005,167,0.67199995,0.29054608,0.04658126,0.98409515,1379.99975585,public-waveform-fixed-slice
BD-0005,168,0.67599995,0.38693317,0.01199913,1.00274634,1379.99975585,public-waveform-fixed-slice
BD-0005,169,0.67999995,0.43195307,-0.00878524,0.98008942,1379.99975585,public-waveform-fixed-slice
BD-0005,170,0.68399995,0.32650771,0.01419448,0.94973617,1379.99975585,public-waveform-fixed-slice
BD-0005,171,0.68799995,0.47552827,-0.02367782,0.93662834,1379.99975585,public-waveform-fixed-slice
BD-0005,172,0.69199995,0.54479223,-0.04880905,1.01121580,1379.99975585,public-waveform-fixed-slice
BD-0005,173,0.69599995,0.54902654,-0.03199386,1.01635015,1379.99975585,public-waveform-fixed-slice
BD-0005,174,0.69999995,0.49518200,-0.01984024,1.01512265,1379.99975585,public-waveform-fixed-slice
BD-0005,175,0.70399995,0.60840743,-0.02937698,1.00402140,1379.99975585,public-waveform-fixed-slice
BD-0005,176,0.70799995,0.51830196,-0.00936698,0.97182881,1379.99975585,public-waveform-fixed-slice
BD-0005,177,0.71199995,0.46062180,0.03209114,0.99633014,1379.99975585,public-waveform-fixed-slice
BD-0005,178,0.71599995,0.36317956,0.04298019,0.96524930,1379.99975585,public-waveform-fixed-slice
BD-0005,179,0.71999995,0.34069278,0.03619766,0.91622513,1379.99975585,public-waveform-fixed-slice
BD-0005,180,0.72399995,0.44930210,0.00684738,0.97826969,1379.99975585,public-waveform-fixed-slice
BD-0005,181,0.72799995,0.59253889,-0.03277206,1.00640821,1379.99975585,public-waveform-fixed-slice
BD-0005,182,0.73199995,0.48913422,-0.00985145,1.09663903,1379.99975585,public-waveform-fixed-slice
BD-0005,183,0.73599994,0.45816242,0.00221252,1.13897299,1379.99975585,public-waveform-fixed-slice
BD-0005,184,0.73999994,0.47498911,0.00251770,1.08303725,1379.99975585,public-waveform-fixed-slice
BD-0005,185,0.74399994,0.41040474,0.01840591,1.04045200,1379.99975585,public-waveform-fixed-slice
BD-0005,186,0.74799994,0.52080065,-0.01743698,0.98266434,1379.99975585,public-waveform-fixed-slice
BD-0005,187,0.75199994,0.56923192,-0.02393531,0.93631935,1379.99975585,public-waveform-fixed-slice
BD-0005,188,0.75599994,0.68762409,-0.05860900,1.00899589,1379.99975585,public-waveform-fixed-slice
BD-0005,189,0.75999994,0.61649119,-0.03017807,1.04680454,1379.99975585,public-waveform-fixed-slice
BD-0005,190,0.76399994,0.59423166,-0.00733566,1.06957483,1379.99975585,public-waveform-fixed-slice
BD-0005,191,0.76799994,0.54845601,0.01900863,1.11266636,1379.99975585,public-waveform-fixed-slice
BD-0005,192,0.77199994,0.46620607,0.03649902,1.03836452,1379.99975585,public-waveform-fixed-slice
BD-0005,193,0.77599994,0.50016725,0.01660537,1.02379238,1379.99975585,public-waveform-fixed-slice
BD-0005,194,0.77999994,0.46449676,0.01039505,0.99281018,1379.99975585,public-waveform-fixed-slice
BD-0005,195,0.78399994,0.51211076,0.00316619,1.01347589,1379.99975585,public-waveform-fixed-slice
BD-0005,196,0.78799994,0.45888051,0.02073287,1.08095681,1379.99975585,public-waveform-fixed-slice
BD-0005,197,0.79199994,0.46727529,0.01793289,1.07203674,1379.99975585,public-waveform-fixed-slice
BD-0005,198,0.79599994,0.61740201,-0.02485656,1.06391644,1379.99975585,public-waveform-fixed-slice
BD-0005,199,0.79999994,0.57819551,-0.02795410,1.03487634,1379.99975585,public-waveform-fixed-slice
BD-0005,200,0.80399994,0.69664281,-0.04330635,1.01699817,1379.99975585,public-waveform-fixed-slice
BD-0005,201,0.80799994,0.75746726,-0.04991912,1.03250539,1379.99975585,public-waveform-fixed-slice
BD-0005,202,0.81199994,0.55878734,0.01646041,1.03076362,1379.99975585,public-waveform-fixed-slice
BD-0005,203,0.81599994,0.51428562,0.03572845,1.02091467,1379.99975585,public-waveform-fixed-slice
BD-0005,204,0.81999994,0.44086921,0.06099128,0.98702692,1379.99975585,public-waveform-fixed-slice
BD-0005,205,0.82399994,0.41871067,0.04165077,0.97328305,1379.99975585,public-waveform-fixed-slice
BD-0005,206,0.82799994,0.68611752,-0.03568267,0.97605991,1379.99975585,public-waveform-fixed-slice
BD-0005,207,0.83199994,0.78896033,-0.06787490,1.00294017,1379.99975585,public-waveform-fixed-slice
BD-0005,208,0.83599994,0.71032565,-0.03493499,1.05815494,1379.99975585,public-waveform-fixed-slice
BD-0005,209,0.83999994,0.68565243,-0.02334594,1.08086013,1379.99975585,public-waveform-fixed-slice
BD-0005,210,0.84399994,0.55939006,0.02208232,1.06467437,1379.99975585,public-waveform-fixed-slice
BD-0005,211,0.84799994,0.50939196,0.04911899,1.02105844,1379.99975585,public-waveform-fixed-slice
BD-0005,212,0.85199994,0.43400409,0.05479526,1.01934063,1379.99975585,public-waveform-fixed-slice
BD-0005,213,0.85599994,0.53102952,0.01611137,1.01645147,1379.99975585,public-waveform-fixed-slice
BD-0005,214,0.85999994,0.55210167,0.00416183,1.06385672,1379.99975585,public-waveform-fixed-slice
BD-0005,215,0.86399994,0.60309797,-0.00040149,1.05647528,1379.99975585,public-waveform-fixed-slice
BD-0005,216,0.86799994,0.52573305,0.00896263,1.07077074,1379.99975585,public-waveform-fixed-slice
BD-0005,217,0.87199994,0.69955438,-0.02609825,0.98983252,1379.99975585,public-waveform-fixed-slice
BD-0005,218,0.87599994,0.69466364,-0.01585006,0.95999884,1379.99975585,public-waveform-fixed-slice
BD-0005,219,0.87999993,0.66103595,-0.00023651,0.93062776,1379.99975585,public-waveform-fixed-slice
BD-0005,220,0.88399993,0.51077425,0.03063011,0.96072119,1379.99975585,public-waveform-fixed-slice
BD-0005,221,0.88799993,0.41989591,0.05229949,0.97287529,1379.99975585,public-waveform-fixed-slice
BD-0005,222,0.89199993,0.52908879,0.02205467,0.96551793,1379.99975585,public-waveform-fixed-slice
BD-0005,223,0.89599993,0.47550612,0.03018379,1.00342774,1379.99975585,public-waveform-fixed-slice
BD-0005,224,0.89999993,0.45658114,0.00960159,1.00290930,1379.99975585,public-waveform-fixed-slice
BD-0005,225,0.90399993,0.74892747,-0.07130050,0.99937582,1379.99975585,public-waveform-fixed-slice
BD-0005,226,0.90799993,0.64577865,-0.03520202,0.96271765,1379.99975585,public-waveform-fixed-slice
BD-0005,227,0.91199993,0.51279276,0.00934600,0.98012167,1379.99975585,public-waveform-fixed-slice
BD-0005,228,0.91599993,0.58007985,0.00822830,0.96795070,1379.99975585,public-waveform-fixed-slice
BD-0005,229,0.91999993,0.53438496,0.01182556,0.95825171,1379.99975585,public-waveform-fixed-slice
BD-0005,230,0.92399993,0.35029575,0.04999637,0.97755259,1379.99975585,public-waveform-fixed-slice
BD-0005,231,0.92799993,0.30802130,0.06798076,0.97719109,1379.99975585,public-waveform-fixed-slice
BD-0005,232,0.93199993,0.54793989,-0.03150367,0.93962723,1379.99975585,public-waveform-fixed-slice
BD-0005,233,0.93599993,0.70863246,-0.08501625,0.93441987,1379.99975585,public-waveform-fixed-slice
BD-0005,234,0.93999993,0.59584444,-0.04270839,0.96600329,1379.99975585,public-waveform-fixed-slice
BD-0005,235,0.94399993,0.54171425,0.00631713,0.98535245,1379.99975585,public-waveform-fixed-slice
BD-0005,236,0.94799993,0.44728705,0.03584289,0.99358707,1379.99975585,public-waveform-fixed-slice
BD-0005,237,0.95199993,0.33245235,0.05565645,0.95755338,1379.99975585,public-waveform-fixed-slice
BD-0005,238,0.95599993,0.27391752,0.05594182,0.89312857,1379.99975585,public-waveform-fixed-slice
BD-0005,239,0.95999993,0.34379062,0.01321280,0.87219530,1379.99975585,public-waveform-fixed-slice
BD-0005,240,0.96399993,0.51815319,-0.04358685,0.87542259,1379.99975585,public-waveform-fixed-slice
BD-0005,241,0.96799993,0.67603707,-0.09719932,0.93180125,1379.99975585,public-waveform-fixed-slice
BD-0005,242,0.97199993,0.72248041,-0.07876485,0.94509553,1379.99975585,public-waveform-fixed-slice
BD-0005,243,0.97599993,0.61435568,-0.02587819,0.97127288,1379.99975585,public-waveform-fixed-slice
BD-0005,244,0.97999993,0.33024522,0.06673914,0.96544045,1379.99975585,public-waveform-fixed-slice
BD-0005,245,0.98399993,0.31293290,0.07521855,1.03108286,1379.99975585,public-waveform-fixed-slice
BD-0005,246,0.98799993,0.27554044,0.05042016,0.97692871,1379.99975585,public-waveform-fixed-slice
BD-0005,247,0.99199993,0.36067223,0.01171755,0.94451403,1379.99975585,public-waveform-fixed-slice
BD-0005,248,0.99599993,0.51454114,-0.04367029,0.86317908,1379.99975585,public-waveform-fixed-slice
BD-0005,249,0.99999993,0.60588252,-0.07228565,0.89862114,1379.99975585,public-waveform-fixed-slice
BD-0005,250,1.00399993,0.79205614,-0.10075092,0.89379501,1379.99975585,public-waveform-fixed-slice
BD-0005,251,1.00799993,0.44731789,0.01593077,1.00574529,1379.99975585,public-waveform-fixed-slice
BD-0005,252,1.01199993,0.37108561,0.05508947,1.00897276,1379.99975585,public-waveform-fixed-slice
BD-0005,253,1.01599993,0.20756767,0.09624099,1.01179289,1379.99975585,public-waveform-fixed-slice
BD-0005,254,1.01999993,0.22552281,0.05126094,0.89321029,1379.99975585,public-waveform-fixed-slice
BD-0005,255,1.02399992,0.32292297,0.00586414,0.88838404,1379.99975585,public-waveform-fixed-slice
BD-0005,256,1.02799992,0.42919915,-0.02971613,0.93590605,1379.99975585,public-waveform-fixed-slice
BD-0006,1,0.00800000,-0.10466898,-0.00829124,0.85720574,1379.99975585,public-waveform-fixed-slice
BD-0006,2,0.01199999,-0.19697128,0.02045631,0.88669192,1379.99975585,public-waveform-fixed-slice
BD-0006,3,0.01599999,-0.30209958,0.04983711,0.90651929,1379.99975585,public-waveform-fixed-slice
BD-0006,4,0.01999999,-0.30452612,0.04052925,0.85588169,1379.99975585,public-waveform-fixed-slice
BD-0006,5,0.02399999,-0.20828118,0.00179862,0.84349858,1379.99975585,public-waveform-fixed-slice
BD-0006,6,0.02799999,-0.14572726,-0.01972007,0.79286110,1379.99975585,public-waveform-fixed-slice
BD-0006,7,0.03199999,-0.17469735,-0.00897407,0.80262529,1379.99975585,public-waveform-fixed-slice
BD-0006,8,0.03599999,-0.20502902,0.00651359,0.79225182,1379.99975585,public-waveform-fixed-slice
BD-0006,9,0.03999999,-0.07552825,-0.02548408,0.78892898,1379.99975585,public-waveform-fixed-slice
BD-0006,10,0.04399999,-0.03016994,-0.03772163,0.79063963,1379.99975585,public-waveform-fixed-slice
BD-0006,11,0.04799999,-0.12381032,-0.00414848,0.79636001,1379.99975585,public-waveform-fixed-slice
BD-0006,12,0.05199999,-0.13984446,0.00217056,0.81518441,1379.99975585,public-waveform-fixed-slice
BD-0006,13,0.05599999,-0.10334251,-0.00732612,0.81185775,1379.99975585,public-waveform-fixed-slice
BD-0006,14,0.05999999,-0.08581231,-0.01666450,0.84738409,1379.99975585,public-waveform-fixed-slice
BD-0006,15,0.06399999,-0.04228366,-0.02266502,0.86117506,1379.99975585,public-waveform-fixed-slice
BD-0006,16,0.06799999,-0.13114058,0.01287078,0.87597268,1379.99975585,public-waveform-fixed-slice
BD-0006,17,0.07199999,-0.18475463,0.02537345,0.86459249,1379.99975585,public-waveform-fixed-slice
BD-0006,18,0.07599999,-0.19655306,0.02031707,0.84516251,1379.99975585,public-waveform-fixed-slice
BD-0006,19,0.07999999,-0.18775102,0.02103614,0.82774597,1379.99975585,public-waveform-fixed-slice
BD-0006,20,0.08399999,-0.30109488,0.04536628,0.79522901,1379.99975585,public-waveform-fixed-slice
BD-0006,21,0.08799999,-0.33966171,0.03562736,0.77982580,1379.99975585,public-waveform-fixed-slice
BD-0006,22,0.09199999,-0.22017076,-0.00838279,0.77448958,1379.99975585,public-waveform-fixed-slice
BD-0006,23,0.09599999,-0.21351671,-0.01074409,0.82753783,1379.99975585,public-waveform-fixed-slice
BD-0006,24,0.09999999,-0.25656855,0.00225639,0.82522171,1379.99975585,public-waveform-fixed-slice
BD-0006,25,0.10399999,-0.21735239,-0.01332092,0.87324029,1379.99975585,public-waveform-fixed-slice
BD-0006,26,0.10799999,-0.22254209,-0.01232910,0.88057911,1379.99975585,public-waveform-fixed-slice
BD-0006,27,0.11199999,-0.25022193,-0.00126266,0.85711860,1379.99975585,public-waveform-fixed-slice
BD-0006,28,0.11599999,-0.29382666,0.01971054,0.84775555,1379.99975585,public-waveform-fixed-slice
BD-0006,29,0.11999999,-0.27831038,0.00254249,0.82631224,1379.99975585,public-waveform-fixed-slice
BD-0006,30,0.12399999,-0.23766109,-0.01566505,0.87533754,1379.99975585,public-waveform-fixed-slice
BD-0006,31,0.12799999,-0.18450884,-0.02527427,0.85288751,1379.99975585,public-waveform-fixed-slice
BD-0006,32,0.13199999,-0.16159354,-0.02488517,0.85359144,1379.99975585,public-waveform-fixed-slice
BD-0006,33,0.13599999,-0.15021872,-0.02834320,0.83113759,1379.99975585,public-waveform-fixed-slice
BD-0006,34,0.13999999,-0.14354908,-0.02433586,0.83687496,1379.99975585,public-waveform-fixed-slice
BD-0006,35,0.14399999,-0.12662047,-0.01434707,0.84663915,1379.99975585,public-waveform-fixed-slice
BD-0006,36,0.14799999,-0.18202009,0.00578498,0.80002844,1379.99975585,public-waveform-fixed-slice
BD-0006,37,0.15199999,-0.12926991,-0.00784492,0.85811018,1379.99975585,public-waveform-fixed-slice
BD-0006,38,0.15599998,-0.08436062,-0.02097320,0.84833520,1379.99975585,public-waveform-fixed-slice
BD-0006,39,0.15999998,-0.19080343,0.01201438,0.87219309,1379.99975585,public-waveform-fixed-slice
BD-0006,40,0.16399998,-0.24015048,0.03199195,0.84974312,1379.99975585,public-waveform-fixed-slice
BD-0006,41,0.16799998,-0.20872667,0.01017951,0.81319928,1379.99975585,public-waveform-fixed-slice
BD-0006,42,0.17199998,-0.19731262,0.00157165,0.84309744,1379.99975585,public-waveform-fixed-slice
BD-0006,43,0.17599998,-0.19383695,0.00475502,0.82869708,1379.99975585,public-waveform-fixed-slice
BD-0006,44,0.17999998,-0.19349788,0.00214767,0.86564207,1379.99975585,public-waveform-fixed-slice
BD-0006,45,0.18399998,-0.15264753,-0.00765609,0.83916521,1379.99975585,public-waveform-fixed-slice
BD-0006,46,0.18799998,-0.18777805,0.00562858,0.88114368,1379.99975585,public-waveform-fixed-slice
BD-0006,47,0.19199998,-0.17158553,-0.00049400,0.87177693,1379.99975585,public-waveform-fixed-slice
BD-0006,48,0.19599998,-0.12329696,-0.01358604,0.88254773,1379.99975585,public-waveform-fixed-slice
BD-0006,49,0.19999998,-0.15142689,-0.00609588,0.85909104,1379.99975585,public-waveform-fixed-slice
BD-0006,50,0.20399998,-0.17062206,0.00825691,0.82918214,1379.99975585,public-waveform-fixed-slice
BD-0006,51,0.20799998,-0.14681819,0.00361824,0.85807359,1379.99975585,public-waveform-fixed-slice
BD-0006,52,0.21199998,-0.10330254,-0.01725196,0.80944561,1379.99975585,public-waveform-fixed-slice
BD-0006,53,0.21599998,-0.11100765,-0.00893974,0.82424330,1379.99975585,public-waveform-fixed-slice
BD-0006,54,0.21999998,-0.10028594,-0.00160789,0.81085348,1379.99975585,public-waveform-fixed-slice
BD-0006,55,0.22399998,-0.15709316,0.00769996,0.87095248,1379.99975585,public-waveform-fixed-slice
BD-0006,56,0.22799998,-0.15608413,0.01216697,0.85957610,1379.99975585,public-waveform-fixed-slice
BD-0006,57,0.23199998,-0.11770351,0.00091361,0.85926949,1379.99975585,public-waveform-fixed-slice
BD-0006,58,0.23599998,-0.11621505,-0.00259971,0.89218771,1379.99975585,public-waveform-fixed-slice
BD-0006,59,0.23999998,-0.07527826,-0.01474189,0.89389824,1379.99975585,public-waveform-fixed-slice
BD-0006,60,0.24399998,-0.09111535,-0.00792312,0.92983663,1379.99975585,public-waveform-fixed-slice
BD-0006,61,0.24799998,-0.09424955,0.00421905,0.87013876,1379.99975585,public-waveform-fixed-slice
BD-0006,62,0.25199998,-0.10887363,0.00400733,0.87546038,1379.99975585,public-waveform-fixed-slice
BD-0006,63,0.25599998,-0.05311001,-0.00571441,0.84395015,1379.99975585,public-waveform-fixed-slice
BD-0006,64,0.25999998,-0.06438853,-0.00696754,0.81542712,1379.99975585,public-waveform-fixed-slice
BD-0006,65,0.26399998,-0.07970822,-0.00234413,0.80905032,1379.99975585,public-waveform-fixed-slice
BD-0006,66,0.26799998,-0.08414725,0.00141334,0.77145886,1379.99975585,public-waveform-fixed-slice
BD-0006,67,0.27199998,0.03621727,-0.03125953,0.83755868,1379.99975585,public-waveform-fixed-slice
BD-0006,68,0.27599998,0.16589367,-0.05901908,0.81706565,1379.99975585,public-waveform-fixed-slice
BD-0006,69,0.27999998,0.18136133,-0.04462623,0.86001461,1379.99975585,public-waveform-fixed-slice
BD-0006,70,0.28399998,0.17324452,-0.02915763,0.85867863,1379.99975585,public-waveform-fixed-slice
BD-0006,71,0.28799998,0.18274600,-0.01794242,0.89760410,1379.99975585,public-waveform-fixed-slice
BD-0006,72,0.29199998,0.27098420,-0.03416252,0.93349647,1379.99975585,public-waveform-fixed-slice
BD-0006,73,0.29599998,0.27235433,-0.01861763,0.89086019,1379.99975585,public-waveform-fixed-slice
BD-0006,74,0.29999997,0.20461364,0.01516723,0.91367208,1379.99975585,public-waveform-fixed-slice
BD-0006,75,0.30399997,0.27795845,-0.00000762,0.85496091,1379.99975585,public-waveform-fixed-slice
BD-0006,76,0.30799997,0.19979983,0.02532386,0.86467283,1379.99975585,public-waveform-fixed-slice
BD-0006,77,0.31199997,0.25572356,0.01031112,0.83314895,1379.99975585,public-waveform-fixed-slice
BD-0006,78,0.31599997,0.27064469,0.01006126,0.81065952,1379.99975585,public-waveform-fixed-slice
BD-0006,79,0.31999997,0.25941625,0.01101875,0.83748513,1379.99975585,public-waveform-fixed-slice
BD-0006,80,0.32399997,0.30733209,0.00793266,0.80593550,1379.99975585,public-waveform-fixed-slice
BD-0006,81,0.32799997,0.27821764,0.01460456,0.85595387,1379.99975585,public-waveform-fixed-slice
BD-0006,82,0.33199997,0.30459725,0.01067543,0.82539802,1379.99975585,public-waveform-fixed-slice
BD-0006,83,0.33599997,0.33140549,0.00595283,0.87642306,1379.99975585,public-waveform-fixed-slice
BD-0006,84,0.33999997,0.26984581,0.01985549,0.86601394,1379.99975585,public-waveform-fixed-slice
BD-0006,85,0.34399997,0.24977439,0.03069114,0.86565893,1379.99975585,public-waveform-fixed-slice
BD-0006,86,0.34799997,0.25699308,0.02202224,0.89048415,1379.99975585,public-waveform-fixed-slice
BD-0006,87,0.35199997,0.29582849,0.00786018,0.89216828,1379.99975585,public-waveform-fixed-slice
BD-0006,88,0.35599997,0.30361357,0.00489044,0.86865913,1379.99975585,public-waveform-fixed-slice
BD-0006,89,0.35999997,0.29620632,0.00920295,0.82003432,1379.99975585,public-waveform-fixed-slice
BD-0006,90,0.36399997,0.30142572,0.01002883,0.84786677,1379.99975585,public-waveform-fixed-slice
BD-0006,91,0.36799997,0.37100815,-0.01016616,0.82737779,1379.99975585,public-waveform-fixed-slice
BD-0006,92,0.37199997,0.37646386,-0.01429367,0.80593377,1379.99975585,public-waveform-fixed-slice
BD-0006,93,0.37599997,0.28534734,0.01994514,0.79752516,1379.99975585,public-waveform-fixed-slice
BD-0006,94,0.37999997,0.32614457,0.01175117,0.84146457,1379.99975585,public-waveform-fixed-slice
BD-0006,95,0.38399997,0.37298488,-0.00306701,0.88146078,1379.99975585,public-waveform-fixed-slice
BD-0006,96,0.38799997,0.34345701,0.00065040,0.85756313,1379.99975585,public-waveform-fixed-slice
BD-0006,97,0.39199997,0.31585708,0.01221656,0.87683415,1379.99975585,public-waveform-fixed-slice
BD-0006,98,0.39599997,0.33712336,0.01132202,0.85726201,1379.99975585,public-waveform-fixed-slice
BD-0006,99,0.39999997,0.30447447,0.00897789,0.89477872,1379.99975585,public-waveform-fixed-slice
BD-0006,100,0.40399997,0.31116220,0.01165199,0.88203281,1379.99975585,public-waveform-fixed-slice
BD-0006,101,0.40799997,0.27476075,0.02225112,0.90386605,1379.99975585,public-waveform-fixed-slice
BD-0006,102,0.41199997,0.27423185,0.01964378,0.90394055,1379.99975585,public-waveform-fixed-slice
BD-0006,103,0.41599997,0.24038638,0.02009391,0.89343667,1379.99975585,public-waveform-fixed-slice
BD-0006,104,0.41999997,0.32838293,-0.01001548,0.90156972,1379.99975585,public-waveform-fixed-slice
BD-0006,105,0.42399997,0.30483418,-0.00126457,0.83751475,1379.99975585,public-waveform-fixed-slice
BD-0006,106,0.42799997,0.33920595,-0.00367164,0.85514497,1379.99975585,public-waveform-fixed-slice
BD-0006,107,0.43199997,0.27028921,0.01486396,0.90288257,1379.99975585,public-waveform-fixed-slice
BD-0006,108,0.43599997,0.29906430,0.00684356,0.91481018,1379.99975585,public-waveform-fixed-slice
BD-0006,109,0.43999997,0.44648084,-0.04237747,0.92575287,1379.99975585,public-waveform-fixed-slice
BD-0006,110,0.44399996,0.33181470,-0.00216865,0.89900326,1379.99975585,public-waveform-fixed-slice
BD-0006,111,0.44799996,0.23183427,0.04274940,0.97570848,1379.99975585,public-waveform-fixed-slice
BD-0006,112,0.45199996,0.26608359,0.01835632,0.95086979,1379.99975585,public-waveform-fixed-slice
BD-0006,113,0.45599996,0.35215732,-0.01469802,0.97267150,1379.99975585,public-waveform-fixed-slice
BD-0006,114,0.45999996,0.39258253,-0.03176307,0.98188865,1379.99975585,public-waveform-fixed-slice
BD-0006,115,0.46399996,0.45961338,-0.03555107,0.97642433,1379.99975585,public-waveform-fixed-slice
BD-0006,116,0.46799996,0.38483351,-0.00532341,0.99559295,1379.99975585,public-waveform-fixed-slice
BD-0006,117,0.47199996,0.48115041,-0.03069114,0.95759540,1379.99975585,public-waveform-fixed-slice
BD-0006,118,0.47599996,0.40729236,-0.00457572,0.99212086,1379.99975585,public-waveform-fixed-slice
BD-0006,119,0.47999996,0.44088649,-0.00673103,0.98207557,1379.99975585,public-waveform-fixed-slice
BD-0006,120,0.48399996,0.53883612,-0.02520561,0.95625114,1379.99975585,public-waveform-fixed-slice
BD-0006,121,0.48799996,0.55321758,-0.02845573,0.96857863,1379.99975585,public-waveform-fixed-slice
BD-0006,122,0.49199996,0.49430617,0.01041984,0.99627816,1379.99975585,public-waveform-fixed-slice
BD-0006,123,0.49599996,0.45757192,0.02096366,0.96204227,1379.99975585,public-waveform-fixed-slice
BD-0006,124,0.49999996,0.40323138,0.02763748,1.00029313,1379.99975585,public-waveform-fixed-slice
BD-0006,125,0.50399996,0.39443978,0.02763366,0.99121087,1379.99975585,public-waveform-fixed-slice
BD-0006,126,0.50799996,0.37787130,0.02558708,1.00239050,1379.99975585,public-waveform-fixed-slice
BD-0006,127,0.51199996,0.45359927,0.00320816,1.04094159,1379.99975585,public-waveform-fixed-slice
BD-0006,128,0.51599996,0.44129854,0.00420951,1.06443727,1379.99975585,public-waveform-fixed-slice
BD-0006,129,0.51999996,0.48010954,-0.01149940,1.02929079,1379.99975585,public-waveform-fixed-slice
BD-0006,130,0.52399996,0.46507075,-0.00219345,1.03415322,1379.99975585,public-waveform-fixed-slice
BD-0006,131,0.52799996,0.44542735,0.00292015,1.01104187,1379.99975585,public-waveform-fixed-slice
BD-0006,132,0.53199996,0.43712371,-0.00314903,1.03106558,1379.99975585,public-waveform-fixed-slice
BD-0006,133,0.53599996,0.45779952,-0.00462532,0.96592414,1379.99975585,public-waveform-fixed-slice
BD-0006,134,0.53999996,0.46668136,0.00214767,1.03440952,1379.99975585,public-waveform-fixed-slice
BD-0006,135,0.54399996,0.34569424,0.03373146,1.03436040,1379.99975585,public-waveform-fixed-slice
BD-0006,136,0.54799996,0.35735747,0.02067375,1.01963150,1379.99975585,public-waveform-fixed-slice
BD-0006,137,0.55199996,0.36765918,0.01079750,0.99117320,1379.99975585,public-waveform-fixed-slice
BD-0006,138,0.55599996,0.42276471,-0.00713157,1.09508407,1379.99975585,public-waveform-fixed-slice
BD-0006,139,0.55999996,0.40466293,-0.00420951,1.08577382,1379.99975585,public-waveform-fixed-slice
BD-0006,140,0.56399996,0.55413973,-0.03698539,1.05869781,1379.99975585,public-waveform-fixed-slice
BD-0006,141,0.56799996,0.45585337,-0.01400566,1.04572856,1379.99975585,public-waveform-fixed-slice
BD-0006,142,0.57199996,0.61479783,-0.04748916,1.02371180,1379.99975585,public-waveform-fixed-slice
BD-0006,143,0.57599996,0.53663134,-0.02197456,1.04448306,1379.99975585,public-waveform-fixed-slice
BD-0006,144,0.57999996,0.62555497,-0.02659797,1.06415116,1379.99975585,public-waveform-fixed-slice
BD-0006,145,0.58399996,0.40646460,0.04420661,0.99790215,1379.99975585,public-waveform-fixed-slice
BD-0006,146,0.58799996,0.34198662,0.04950141,0.98086601,1379.99975585,public-waveform-fixed-slice
BD-0006,147,0.59199995,0.42325481,0.02417755,1.05143666,1379.99975585,public-waveform-fixed-slice
BD-0006,148,0.59599995,0.47285401,0.00558471,1.08226990,1379.99975585,public-waveform-fixed-slice
BD-0006,149,0.59999995,0.55432289,-0.02449226,1.09950900,1379.99975585,public-waveform-fixed-slice
BD-0006,150,0.60399995,0.50697088,-0.01523017,1.11007881,1379.99975585,public-waveform-fixed-slice
BD-0006,151,0.60799995,0.51590961,-0.00633430,1.04477250,1379.99975585,public-waveform-fixed-slice
BD-0006,152,0.61199995,0.50654667,0.00479316,1.04826116,1379.99975585,public-waveform-fixed-slice
BD-0006,153,0.61599995,0.45527318,0.01285362,1.03660416,1379.99975585,public-waveform-fixed-slice
BD-0006,154,0.61999995,0.56601095,-0.01437568,1.06114840,1379.99975585,public-waveform-fixed-slice
BD-0006,155,0.62399995,0.56135219,-0.01399040,1.12133824,1379.99975585,public-waveform-fixed-slice
BD-0006,156,0.62799995,0.70531737,-0.05585289,1.08565592,1379.99975585,public-waveform-fixed-slice
BD-0006,157,0.63199995,0.68319249,-0.04177665,1.12096750,1379.99975585,public-waveform-fixed-slice
BD-0006,158,0.63599995,0.56662768,0.00116920,1.11571860,1379.99975585,public-waveform-fixed-slice
BD-0006,159,0.63999995,0.57887285,0.01444435,1.05591237,1379.99975585,public-waveform-fixed-slice
BD-0006,160,0.64399995,0.38591781,0.07086563,1.03769624,1379.99975585,public-waveform-fixed-slice
BD-0006,161,0.64799995,0.55518180,0.01229286,0.99455350,1379.99975585,public-waveform-fixed-slice
BD-0006,162,0.65199995,0.46413350,0.01167106,0.99175477,1379.99975585,public-waveform-fixed-slice
BD-0006,163,0.65599995,0.53065174,-0.00140190,1.04061734,1379.99975585,public-waveform-fixed-slice
BD-0006,164,0.65999995,0.51868975,0.01294517,1.08849036,1379.99975585,public-waveform-fixed-slice
BD-0006,165,0.66399995,0.47712203,0.03182411,1.08258116,1379.99975585,public-waveform-fixed-slice
BD-0006,166,0.66799995,0.65178692,-0.02870178,1.09135520,1379.99975585,public-waveform-fixed-slice
BD-0006,167,0.67199995,0.57479727,-0.02189826,1.09609293,1379.99975585,public-waveform-fixed-slice
BD-0006,168,0.67599995,0.65629017,-0.02626991,1.03066897,1379.99975585,public-waveform-fixed-slice
BD-0006,169,0.67999995,0.75372451,-0.05407905,1.00356554,1379.99975585,public-waveform-fixed-slice
BD-0006,170,0.68399995,0.62829566,-0.00270271,1.01492929,1379.99975585,public-waveform-fixed-slice
BD-0006,171,0.68799995,0.57317286,0.02578163,1.08394157,1379.99975585,public-waveform-fixed-slice
BD-0006,172,0.69199995,0.49176177,0.05424499,1.08326661,1379.99975585,public-waveform-fixed-slice
BD-0006,173,0.69599995,0.39568239,0.05874061,1.05204963,1379.99975585,public-waveform-fixed-slice
BD-0006,174,0.69999995,0.62191796,-0.02254867,1.09578514,1379.99975585,public-waveform-fixed-slice
BD-0006,175,0.70399995,0.78215968,-0.06541061,1.04762661,1379.99975585,public-waveform-fixed-slice
BD-0006,176,0.70799995,0.72218710,-0.03741264,1.02195858,1379.99975585,public-waveform-fixed-slice
BD-0006,177,0.71199995,0.67474681,-0.01672744,0.99213689,1379.99975585,public-waveform-fixed-slice
BD-0006,178,0.71599995,0.56575798,0.01664352,1.04575645,1379.99975585,public-waveform-fixed-slice
BD-0006,179,0.71999995,0.55380445,0.03712081,1.04526674,1379.99975585,public-waveform-fixed-slice
BD-0006,180,0.72399995,0.50932013,0.03486824,1.00101101,1379.99975585,public-waveform-fixed-slice
BD-0006,181,0.72799995,0.53591334,0.01217842,1.00637030,1379.99975585,public-waveform-fixed-slice
BD-0006,182,0.73199995,0.54633516,0.01370334,1.00608193,1379.99975585,public-waveform-fixed-slice
BD-0006,183,0.73599994,0.64914488,-0.01099014,1.05452275,1379.99975585,public-waveform-fixed-slice
BD-0006,184,0.73999994,0.58197462,-0.00132369,1.01126813,1379.99975585,public-waveform-fixed-slice
BD-0006,185,0.74399994,0.72247439,-0.03523063,1.05535328,1379.99975585,public-waveform-fixed-slice
BD-0006,186,0.74799994,0.68029284,-0.01466846,1.01539468,1379.99975585,public-waveform-fixed-slice
BD-0006,187,0.75199994,0.53557032,0.01538562,1.05070984,1379.99975585,public-waveform-fixed-slice
BD-0006,188,0.75599994,0.58788520,0.00916671,1.03202342,1379.99975585,public-waveform-fixed-slice
BD-0006,189,0.75999994,0.42397502,0.05117034,1.08366084,1379.99975585,public-waveform-fixed-slice
BD-0006,190,0.76399994,0.42154017,0.03969383,1.08583009,1379.99975585,public-waveform-fixed-slice
BD-0006,191,0.76799994,0.43571004,0.03111457,1.01469933,1379.99975585,public-waveform-fixed-slice
BD-0006,192,0.77199994,0.50752514,-0.00937843,0.96211755,1379.99975585,public-waveform-fixed-slice
BD-0006,193,0.77599994,0.71591848,-0.06489753,0.94293612,1379.99975585,public-waveform-fixed-slice
BD-0006,194,0.77999994,0.58502757,-0.01748466,0.97935461,1379.99975585,public-waveform-fixed-slice
BD-0006,195,0.78399994,0.49822235,0.01445388,1.01803183,1379.99975585,public-waveform-fixed-slice
BD-0006,196,0.78799994,0.53660482,0.01010322,1.07958614,1379.99975585,public-waveform-fixed-slice
BD-0006,197,0.79199994,0.49878421,0.00991630,1.08329069,1379.99975585,public-waveform-fixed-slice
BD-0006,198,0.79599994,0.43807634,0.03973388,1.01980686,1379.99975585,public-waveform-fixed-slice
BD-0006,199,0.79999994,0.20399390,0.07671546,0.97192794,1379.99975585,public-waveform-fixed-slice
BD-0006,200,0.80399994,0.60228359,-0.04158592,0.91907012,1379.99975585,public-waveform-fixed-slice
BD-0006,201,0.80799994,0.67686307,-0.07723331,0.97243762,1379.99975585,public-waveform-fixed-slice
BD-0006,202,0.81199994,0.58507776,-0.04246425,0.96893388,1379.99975585,public-waveform-fixed-slice
BD-0006,203,0.81599994,0.53811842,0.00006008,0.98838579,1379.99975585,public-waveform-fixed-slice
BD-0006,204,0.81999994,0.40783208,0.04160761,0.95013558,1379.99975585,public-waveform-fixed-slice
BD-0006,205,0.82399994,0.39071819,0.05130994,0.97651690,1379.99975585,public-waveform-fixed-slice
BD-0006,206,0.82799994,0.16061940,0.07389490,0.92940950,1379.99975585,public-waveform-fixed-slice
BD-0006,207,0.83199994,0.38442036,0.00875097,0.98176133,1379.99975585,public-waveform-fixed-slice
BD-0006,208,0.83599994,0.49232369,-0.04393637,0.95277446,1379.99975585,public-waveform-fixed-slice
BD-0006,209,0.83999994,0.69168704,-0.11154794,0.94895499,1379.99975585,public-waveform-fixed-slice
BD-0006,210,0.84399994,0.69969922,-0.07935333,0.90869086,1379.99975585,public-waveform-fixed-slice
BD-0006,211,0.84799994,0.58936858,-0.02841448,0.95923298,1379.99975585,public-waveform-fixed-slice
BD-0006,212,0.85199994,0.39840021,0.04812550,0.97252732,1379.99975585,public-waveform-fixed-slice
BD-0006,213,0.85599994,0.20828068,0.08627456,0.98038047,1379.99975585,public-waveform-fixed-slice
BD-0006,214,0.85999994,0.38470667,0.02805632,0.99166136,1379.99975585,public-waveform-fixed-slice
BD-0006,215,0.86399994,0.39760768,0.00635510,0.96368163,1379.99975585,public-waveform-fixed-slice
BD-0006,216,0.86799994,0.47448343,-0.03556448,0.92563456,1379.99975585,public-waveform-fixed-slice
BD-0006,217,0.87199994,0.65158516,-0.07212966,0.90369457,1379.99975585,public-waveform-fixed-slice
BD-0006,218,0.87599994,0.72219115,-0.08572268,0.96229010,1379.99975585,public-waveform-fixed-slice
BD-0006,219,0.87999993,0.51102799,0.00083065,0.98625093,1379.99975585,public-waveform-fixed-slice
BD-0006,220,0.88399993,0.44152519,0.05102348,0.98645824,1379.99975585,public-waveform-fixed-slice
BD-0006,221,0.88799993,0.12852081,0.11926972,0.93834418,1379.99975585,public-waveform-fixed-slice
BD-0006,222,0.89199993,0.21115198,0.05373048,0.93251115,1379.99975585,public-waveform-fixed-slice
BD-0006,223,0.89599993,0.37080809,0.00202476,0.96290236,1379.99975585,public-waveform-fixed-slice
BD-0006,224,0.89999993,0.42758959,-0.02129983,0.99834400,1379.99975585,public-waveform-fixed-slice
BD-0006,225,0.90399993,0.53611677,-0.06560742,1.00317656,1379.99975585,public-waveform-fixed-slice
BD-0006,226,0.90799993,0.55470454,-0.04795038,0.98627102,1379.99975585,public-waveform-fixed-slice
BD-0006,227,0.91199993,0.42473807,-0.01030492,0.93111008,1379.99975585,public-waveform-fixed-slice
BD-0006,228,0.91599993,0.31730139,0.04767143,0.91722363,1379.99975585,public-waveform-fixed-slice
BD-0006,229,0.91999993,0.12806056,0.09340858,0.94763177,1379.99975585,public-waveform-fixed-slice
BD-0006,230,0.92399993,0.06882081,0.07261073,1.00018715,1379.99975585,public-waveform-fixed-slice
BD-0006,231,0.92799993,0.11910089,0.02622282,1.00300633,1379.99975585,public-waveform-fixed-slice
BD-0006,232,0.93199993,0.14337125,-0.00149011,1.03140115,1379.99975585,public-waveform-fixed-slice
BD-0006,233,0.93599993,0.24636881,-0.02804923,0.93496668,1379.99975585,public-waveform-fixed-slice
BD-0006,234,0.93999993,0.33565717,-0.06020665,0.95329451,1379.99975585,public-waveform-fixed-slice
BD-0006,235,0.94399993,0.43331968,-0.05809330,0.93034780,1379.99975585,public-waveform-fixed-slice
BD-0006,236,0.94799993,0.25459206,-0.00890421,0.99800366,1379.99975585,public-waveform-fixed-slice
BD-0006,237,0.95199993,0.13917329,0.04424333,0.94142788,1379.99975585,public-waveform-fixed-slice
BD-0006,238,0.95599993,-0.04942215,0.07814168,0.97083026,1379.99975585,public-waveform-fixed-slice
BD-0006,239,0.95999993,0.04782129,0.04470634,0.95190936,1379.99975585,public-waveform-fixed-slice
BD-0006,240,0.96399993,0.15118448,-0.00948953,1.04372680,1379.99975585,public-waveform-fixed-slice
BD-0006,241,0.96799993,0.28978869,-0.05032849,1.03688728,1379.99975585,public-waveform-fixed-slice
BD-0006,242,0.97199993,0.27180567,-0.03782486,1.01394057,1379.99975585,public-waveform-fixed-slice
BD-0006,243,0.97599993,0.25408121,-0.03455328,0.94427782,1379.99975585,public-waveform-fixed-slice
BD-0006,244,0.97999993,0.27014115,-0.03515481,0.94448512,1379.99975585,public-waveform-fixed-slice
BD-0006,245,0.98399993,0.17455245,0.00128245,0.95174020,1379.99975585,public-waveform-fixed-slice
BD-0006,246,0.98799993,0.05117150,0.04960680,1.03147637,1379.99975585,public-waveform-fixed-slice
BD-0006,247,0.99199993,-0.03439644,0.05730581,1.07497155,1379.99975585,public-waveform-fixed-slice
BD-0006,248,0.99599993,0.10518854,-0.00336623,1.05403828,1379.99975585,public-waveform-fixed-slice
BD-0006,249,0.99999993,0.16173775,-0.03586125,0.97028177,1379.99975585,public-waveform-fixed-slice
BD-0006,250,1.00399993,0.27883642,-0.05707073,0.92015522,1379.99975585,public-waveform-fixed-slice
BD-0006,251,1.00799993,0.41482341,-0.08677721,0.92135131,1379.99975585,public-waveform-fixed-slice
BD-0006,252,1.01199993,0.05920936,0.03225159,0.98900812,1379.99975585,public-waveform-fixed-slice
BD-0006,253,1.01599993,0.15366818,0.00415539,1.01538944,1379.99975585,public-waveform-fixed-slice
BD-0006,254,1.01999993,0.13592809,0.00964331,1.03170394,1379.99975585,public-waveform-fixed-slice
BD-0006,255,1.02399992,0.12850040,0.01319646,0.96304774,1379.99975585,public-waveform-fixed-slice
BD-0006,256,1.02799992,0.00042574,0.04982733,0.95218145,1379.99975585,public-waveform-fixed-slice
BD-0007,1,0.00800000,0.50014245,0.01004409,1.25548052,1799.99975585,public-waveform-fixed-slice
BD-0007,2,0.01199999,0.56754219,-0.00163269,1.20859277,1799.99975585,public-waveform-fixed-slice
BD-0007,3,0.01599999,0.56592464,0.00479698,1.13494169,1799.99975585,public-waveform-fixed-slice
BD-0007,4,0.01999999,0.60448628,0.00189590,1.16299200,1799.99975585,public-waveform-fixed-slice
BD-0007,5,0.02399999,0.60471397,-0.00347900,1.21557641,1799.99975585,public-waveform-fixed-slice
BD-0007,6,0.02799999,0.79243201,-0.05537033,1.25946056,1799.99975585,public-waveform-fixed-slice
BD-0007,7,0.03199999,0.81697320,-0.04413223,1.28877758,1799.99975585,public-waveform-fixed-slice
BD-0007,8,0.03599999,0.62806630,0.01675415,1.24761533,1799.99975585,public-waveform-fixed-slice
BD-0007,9,0.03999999,0.54215532,0.04333496,1.20681774,1799.99975585,public-waveform-fixed-slice
BD-0007,10,0.04399999,0.53828233,0.03382492,1.22976124,1799.99975585,public-waveform-fixed-slice
BD-0007,11,0.04799999,0.71199882,-0.01358222,1.24820387,1799.99975585,public-waveform-fixed-slice
BD-0007,12,0.05199999,0.58445310,0.00859260,1.22133672,1799.99975585,public-waveform-fixed-slice
BD-0007,13,0.05599999,0.53472173,0.03740692,1.19383811,1799.99975585,public-waveform-fixed-slice
BD-0007,14,0.05999999,0.74407142,-0.02658843,1.23329031,1799.99975585,public-waveform-fixed-slice
BD-0007,15,0.06399999,0.72818171,-0.03902435,1.26490545,1799.99975585,public-waveform-fixed-slice
BD-0007,16,0.06799999,0.89170056,-0.06102180,1.18498468,1799.99975585,public-waveform-fixed-slice
BD-0007,17,0.07199999,0.66564446,0.01571655,1.18702948,1799.99975585,public-waveform-fixed-slice
BD-0007,18,0.07599999,0.48672553,0.06153297,1.21682143,1799.99975585,public-waveform-fixed-slice
BD-0007,19,0.07999999,0.50811606,0.06392669,1.25110125,1799.99975585,public-waveform-fixed-slice
BD-0007,20,0.08399999,0.70699399,-0.00959014,1.20678007,1799.99975585,public-waveform-fixed-slice
BD-0007,21,0.08799999,0.75245201,-0.03627586,1.24570095,1799.99975585,public-waveform-fixed-slice
BD-0007,22,0.09199999,0.95248430,-0.08050155,1.21682786,1799.99975585,public-waveform-fixed-slice
BD-0007,23,0.09599999,0.88593262,-0.03852653,1.15630626,1799.99975585,public-waveform-fixed-slice
BD-0007,24,0.09999999,0.77197647,-0.00010299,1.20050883,1799.99975585,public-waveform-fixed-slice
BD-0007,25,0.10399999,0.65141409,0.03575706,1.16399013,1799.99975585,public-waveform-fixed-slice
BD-0007,26,0.10799999,0.51384627,0.07058143,1.17457365,1799.99975585,public-waveform-fixed-slice
BD-0007,27,0.11199999,0.63534176,0.01692104,1.17881703,1799.99975585,public-waveform-fixed-slice
BD-0007,28,0.11599999,0.82553625,-0.04699897,1.09282743,1799.99975585,public-waveform-fixed-slice
BD-0007,29,0.11999999,0.88503897,-0.05146980,1.12420892,1799.99975585,public-waveform-fixed-slice
BD-0007,30,0.12399999,0.76948887,-0.00625228,1.11243736,1799.99975585,public-waveform-fixed-slice
BD-0007,31,0.12799999,0.72210937,0.00469303,1.12975549,1799.99975585,public-waveform-fixed-slice
BD-0007,32,0.13199999,0.52930188,0.05981826,1.18185937,1799.99975585,public-waveform-fixed-slice
BD-0007,33,0.13599999,0.55675518,0.04599380,1.11213397,1799.99975585,public-waveform-fixed-slice
BD-0007,34,0.13999999,0.62785661,-0.00122737,1.09471786,1799.99975585,public-waveform-fixed-slice
BD-0007,35,0.14399999,0.60692614,-0.03059577,1.04840219,1799.99975585,public-waveform-fixed-slice
BD-0007,36,0.14799999,0.64470779,-0.02522754,1.07031798,1799.99975585,public-waveform-fixed-slice
BD-0007,37,0.15199999,0.70091843,-0.03398895,1.09144270,1799.99975585,public-waveform-fixed-slice
BD-0007,38,0.15599998,0.62225270,0.00789451,1.10069024,1799.99975585,public-waveform-fixed-slice
BD-0007,39,0.15999998,0.29568046,0.09724998,1.01485097,1799.99975585,public-waveform-fixed-slice
BD-0007,40,0.16399998,0.50330108,0.01148223,1.01864540,1799.99975585,public-waveform-fixed-slice
BD-0007,41,0.16799998,0.61177241,-0.01100635,1.02292740,1799.99975585,public-waveform-fixed-slice
BD-0007,42,0.17199998,0.52758580,0.00200080,0.99165469,1799.99975585,public-waveform-fixed-slice
BD-0007,43,0.17599998,0.55741173,-0.01114049,1.03760457,1799.99975585,public-waveform-fixed-slice
BD-0007,44,0.17999998,0.27926224,0.04735463,0.92083579,1799.99975585,public-waveform-fixed-slice
BD-0007,45,0.18399998,0.36534923,0.03491318,0.97218447,1799.99975585,public-waveform-fixed-slice
BD-0007,46,0.18799998,0.55156064,-0.03650867,0.92689043,1799.99975585,public-waveform-fixed-slice
BD-0007,47,0.19199998,0.64348769,-0.05187124,0.95911198,1799.99975585,public-waveform-fixed-slice
BD-0007,48,0.19599998,0.55154854,-0.04361808,0.98508924,1799.99975585,public-waveform-fixed-slice
BD-0007,49,0.19999998,0.45479610,0.01063221,1.00099992,1799.99975585,public-waveform-fixed-slice
BD-0007,50,0.20399998,0.41193792,0.02365064,0.98188012,1799.99975585,public-waveform-fixed-slice
BD-0007,51,0.20799998,0.49213802,-0.01102393,0.98692077,1799.99975585,public-waveform-fixed-slice
BD-0007,52,0.21199998,0.41568499,0.00708717,1.00100481,1799.99975585,public-waveform-fixed-slice
BD-0007,53,0.21599998,0.49693688,-0.01941239,1.01812589,1799.99975585,public-waveform-fixed-slice
BD-0007,54,0.21999998,0.59843808,-0.04927599,1.09162235,1799.99975585,public-waveform-fixed-slice
BD-0007,55,0.22399998,0.39099994,0.03129601,1.00404667,1799.99975585,public-waveform-fixed-slice
BD-0007,56,0.22799998,0.31944674,0.05635392,0.97888708,1799.99975585,public-waveform-fixed-slice
BD-0007,57,0.23199998,0.46970281,0.00132215,0.97445988,1799.99975585,public-waveform-fixed-slice
BD-0007,58,0.23599998,0.28501591,0.03093969,1.05902898,1799.99975585,public-waveform-fixed-slice
BD-0007,59,0.23999998,0.37098824,-0.00918412,1.01675558,1799.99975585,public-waveform-fixed-slice
BD-0007,60,0.24399998,0.51035547,-0.05804741,1.06709718,1799.99975585,public-waveform-fixed-slice
BD-0007,61,0.24799998,0.38724768,-0.00386977,0.95737516,1799.99975585,public-waveform-fixed-slice
BD-0007,62,0.25199998,0.23130573,0.05626428,1.00268411,1799.99975585,public-waveform-fixed-slice
BD-0007,63,0.25599998,0.27603513,0.02643036,1.05503904,1799.99975585,public-waveform-fixed-slice
BD-0007,64,0.25999998,0.26931336,0.00155568,1.00169205,1799.99975585,public-waveform-fixed-slice
BD-0007,65,0.26399998,0.22383092,0.00923562,1.05102694,1799.99975585,public-waveform-fixed-slice
BD-0007,66,0.26799998,0.28947940,-0.02199769,1.00935184,1799.99975585,public-waveform-fixed-slice
BD-0007,67,0.27199998,0.36717563,-0.05157804,1.03352034,1799.99975585,public-waveform-fixed-slice
BD-0007,68,0.27599998,0.23654472,-0.00278878,0.99124604,1799.99975585,public-waveform-fixed-slice
BD-0007,69,0.27999998,0.14606271,0.02231502,1.01239430,1799.99975585,public-waveform-fixed-slice
BD-0007,70,0.28399998,0.10596406,0.00664019,1.01844120,1799.99975585,public-waveform-fixed-slice
BD-0007,71,0.28799998,0.13297407,-0.00935482,1.06475698,1799.99975585,public-waveform-fixed-slice
BD-0007,72,0.29199998,0.17912442,-0.00319242,0.98825591,1799.99975585,public-waveform-fixed-slice
BD-0007,73,0.29599998,0.27098119,-0.03624105,0.99832969,1799.99975585,public-waveform-fixed-slice
BD-0007,74,0.29999997,0.14198414,-0.00535655,1.01140749,1799.99975585,public-waveform-fixed-slice
BD-0007,75,0.30399997,0.10127891,0.00896072,1.02933061,1799.99975585,public-waveform-fixed-slice
BD-0007,76,0.30799997,-0.00718106,0.03758692,1.05329501,1799.99975585,public-waveform-fixed-slice
BD-0007,77,0.31199997,0.11478778,-0.00700306,1.00296807,1799.99975585,public-waveform-fixed-slice
BD-0007,78,0.31599997,0.12899513,-0.01275444,0.97861003,1799.99975585,public-waveform-fixed-slice
BD-0007,79,0.31999997,0.15435516,-0.05127596,0.97177499,1799.99975585,public-waveform-fixed-slice
BD-0007,80,0.32399997,0.27983045,-0.05863881,1.01083874,1799.99975585,public-waveform-fixed-slice
BD-0007,81,0.32799997,0.03800645,0.02085876,0.99494355,1799.99975585,public-waveform-fixed-slice
BD-0007,82,0.33199997,0.03405535,0.03400063,1.08132290,1799.99975585,public-waveform-fixed-slice
BD-0007,83,0.33599997,0.01798439,0.02519392,0.95569700,1799.99975585,public-waveform-fixed-slice
BD-0007,84,0.33999997,0.25160819,-0.04484748,0.97261446,1799.99975585,public-waveform-fixed-slice
BD-0007,85,0.34399997,0.23988905,-0.04854607,0.97543722,1799.99975585,public-waveform-fixed-slice
BD-0007,86,0.34799997,0.13169310,-0.01874351,0.98430114,1799.99975585,public-waveform-fixed-slice
BD-0007,87,0.35199997,0.06298317,0.01994013,1.01572048,1799.99975585,public-waveform-fixed-slice
BD-0007,88,0.35599997,0.08636045,0.01771640,0.95612925,1799.99975585,public-waveform-fixed-slice
BD-0007,89,0.35999997,0.09167712,-0.00231575,0.91909241,1799.99975585,public-waveform-fixed-slice
BD-0007,90,0.36399997,0.24744756,-0.03924059,0.94607591,1799.99975585,public-waveform-fixed-slice
BD-0007,91,0.36799997,0.02177265,0.01621484,1.02581667,1799.99975585,public-waveform-fixed-slice
BD-0007,92,0.37199997,-0.11510580,0.06307697,0.99642610,1799.99975585,public-waveform-fixed-slice
BD-0007,93,0.37599997,-0.23382131,0.09093952,1.02784442,1799.99975585,public-waveform-fixed-slice
BD-0007,94,0.37999997,0.01841292,-0.01929759,0.94066423,1799.99975585,public-waveform-fixed-slice
BD-0007,95,0.38399997,0.13012799,-0.05739641,0.96402901,1799.99975585,public-waveform-fixed-slice
BD-0007,96,0.38799997,0.13725863,-0.06580638,0.99401664,1799.99975585,public-waveform-fixed-slice
BD-0007,97,0.39199997,0.07212898,-0.02251243,1.01939582,1799.99975585,public-waveform-fixed-slice
BD-0007,98,0.39599997,0.07965946,-0.01555871,0.94772416,1799.99975585,public-waveform-fixed-slice
BD-0007,99,0.39999997,-0.00018135,0.00832414,0.96001535,1799.99975585,public-waveform-fixed-slice
BD-0007,100,0.40399997,-0.20994402,0.07343196,0.95075780,1799.99975585,public-waveform-fixed-slice
BD-0007,101,0.40799997,-0.22464868,0.05423641,0.97009688,1799.99975585,public-waveform-fixed-slice
BD-0007,102,0.41199997,-0.04080829,-0.01837253,1.01922857,1799.99975585,public-waveform-fixed-slice
BD-0007,103,0.41599997,0.04823864,-0.05309677,0.99024534,1799.99975585,public-waveform-fixed-slice
BD-0007,104,0.41999997,-0.06575669,-0.01128625,1.06816303,1799.99975585,public-waveform-fixed-slice
BD-0007,105,0.42399997,-0.08049000,0.00300788,1.00394546,1799.99975585,public-waveform-fixed-slice
BD-0007,106,0.42799997,-0.02744221,-0.01553583,1.02086293,1799.99975585,public-waveform-fixed-slice
BD-0007,107,0.43199997,-0.20014870,0.02096748,1.01805472,1799.99975585,public-waveform-fixed-slice
BD-0007,108,0.43599997,-0.22540538,0.01899147,1.05711948,1799.99975585,public-waveform-fixed-slice
BD-0007,109,0.43999997,-0.20563542,0.00160169,1.02209603,1799.99975585,public-waveform-fixed-slice
BD-0007,110,0.44399996,-0.17234438,-0.00827503,1.05813968,1799.99975585,public-waveform-fixed-slice
BD-0007,111,0.44799996,-0.17861087,-0.01806259,1.01204359,1799.99975585,public-waveform-fixed-slice
BD-0007,112,0.45199996,-0.27317956,0.01141691,0.98567318,1799.99975585,public-waveform-fixed-slice
BD-0007,113,0.45599996,-0.29130274,0.02293252,1.02675139,1799.99975585,public-waveform-fixed-slice
BD-0007,114,0.45999996,-0.28048476,0.00455141,1.05172145,1799.99975585,public-waveform-fixed-slice
BD-0007,115,0.46399996,-0.17573472,-0.03383922,1.10025370,1799.99975585,public-waveform-fixed-slice
BD-0007,116,0.46799996,-0.18921680,-0.02620077,1.03059542,1799.99975585,public-waveform-fixed-slice
BD-0007,117,0.47199996,-0.26541808,-0.00002145,0.98953282,1799.99975585,public-waveform-fixed-slice
BD-0007,118,0.47599996,-0.35014608,0.02531337,0.94804489,1799.99975585,public-waveform-fixed-slice
BD-0007,119,0.47999996,-0.44745945,0.04538059,1.05597209,1799.99975585,public-waveform-fixed-slice
BD-0007,120,0.48399996,-0.49285224,0.03913831,1.02255392,1799.99975585,public-waveform-fixed-slice
BD-0007,121,0.48799996,-0.60257196,0.05405712,1.01974570,1799.99975585,public-waveform-fixed-slice
BD-0007,122,0.49199996,-0.65390628,0.05231237,0.95873951,1799.99975585,public-waveform-fixed-slice
BD-0007,123,0.49599996,-0.64016491,0.02485418,0.99418568,1799.99975585,public-waveform-fixed-slice
BD-0007,124,0.49999996,-0.63691657,0.01046991,1.05036330,1799.99975585,public-waveform-fixed-slice
BD-0007,125,0.50399996,-0.69747465,0.01212692,1.04252064,1799.99975585,public-waveform-fixed-slice
BD-0007,126,0.50799996,-0.67149353,-0.00992345,1.05037784,1799.99975585,public-waveform-fixed-slice
BD-0007,127,0.51199996,-0.63256752,-0.02004098,1.01736879,1799.99975585,public-waveform-fixed-slice
BD-0007,128,0.51599996,-0.64527642,-0.02255344,1.02119827,1799.99975585,public-waveform-fixed-slice
BD-0007,129,0.51999996,-0.66921383,-0.01784706,1.01839005,1799.99975585,public-waveform-fixed-slice
BD-0007,130,0.52399996,-0.64978581,-0.04339790,1.03530752,1799.99975585,public-waveform-fixed-slice
BD-0007,131,0.52799996,-0.66658103,-0.03422021,0.98678886,1799.99975585,public-waveform-fixed-slice
BD-0007,132,0.53199996,-0.66714501,-0.02361440,1.03491389,1799.99975585,public-waveform-fixed-slice
BD-0007,133,0.53599996,-0.81747347,0.01328039,0.97270959,1799.99975585,public-waveform-fixed-slice
BD-0007,134,0.53999996,-0.70360308,-0.01919698,0.99667388,1799.99975585,public-waveform-fixed-slice
BD-0007,135,0.54399996,-0.77740347,0.00251865,1.02607989,1799.99975585,public-waveform-fixed-slice
BD-0007,136,0.54799996,-0.71409064,-0.02848720,1.06514370,1799.99975585,public-waveform-fixed-slice
BD-0007,137,0.55199996,-0.72385859,-0.02054977,1.06032204,1799.99975585,public-waveform-fixed-slice
BD-0007,138,0.55599996,-0.69128233,-0.03141689,1.02086281,1799.99975585,public-waveform-fixed-slice
BD-0007,139,0.55999996,-0.65284407,-0.04389476,1.03917813,1799.99975585,public-waveform-fixed-slice
BD-0007,140,0.56399996,-0.63374984,-0.03248882,1.01582777,1799.99975585,public-waveform-fixed-slice
BD-0007,141,0.56799996,-0.74646401,0.02704620,1.10623395,1799.99975585,public-waveform-fixed-slice
BD-0007,142,0.57199996,-0.92707067,0.04047060,1.01845514,1799.99975585,public-waveform-fixed-slice
BD-0007,143,0.57599996,-0.96191871,0.04356431,1.01262688,1799.99975585,public-waveform-fixed-slice
BD-0007,144,0.57999996,-0.92048019,0.01484775,1.01746404,1799.99975585,public-waveform-fixed-slice
BD-0007,145,0.58399996,-0.71115654,-0.04592514,1.01968920,1799.99975585,public-waveform-fixed-slice
BD-0007,146,0.58799996,-0.64343953,-0.06437826,1.00237703,1799.99975585,public-waveform-fixed-slice
BD-0007,147,0.59199995,-0.62946170,-0.04931688,1.06802415,1799.99975585,public-waveform-fixed-slice
BD-0007,148,0.59599995,-0.66013997,-0.04079890,1.05071198,1799.99975585,public-waveform-fixed-slice
BD-0007,149,0.59999995,-0.58578187,-0.04193139,1.05394399,1799.99975585,public-waveform-fixed-slice
BD-0007,150,0.60399995,-0.81968963,0.02707481,1.02414536,1799.99975585,public-waveform-fixed-slice
BD-0007,151,0.60799995,-0.98142933,0.04919266,0.97704255,1799.99975585,public-waveform-fixed-slice
BD-0007,152,0.61199995,-0.68882548,-0.03148508,1.06946218,1799.99975585,public-waveform-fixed-slice
BD-0007,153,0.61599995,-0.74402368,-0.03109550,1.04752671,1799.99975585,public-waveform-fixed-slice
BD-0007,154,0.61999995,-0.66964381,-0.05078125,1.02518308,1799.99975585,public-waveform-fixed-slice
BD-0007,155,0.62399995,-0.63923555,-0.03472208,0.95089948,1799.99975585,public-waveform-fixed-slice
BD-0007,156,0.62799995,-0.73498314,0.00607681,1.00204265,1799.99975585,public-waveform-fixed-slice
BD-0007,157,0.63199995,-0.82993274,0.02751970,1.04252231,1799.99975585,public-waveform-fixed-slice
BD-0007,158,0.63599995,-0.66921031,-0.02354860,1.09668564,1799.99975585,public-waveform-fixed-slice
BD-0007,159,0.63999995,-0.79326432,0.01284909,1.01796710,1799.99975585,public-waveform-fixed-slice
BD-0007,160,0.64399995,-0.68902564,-0.02408599,0.97246938,1799.99975585,public-waveform-fixed-slice
BD-0007,161,0.64799995,-0.60442292,-0.03991508,1.00588512,1799.99975585,public-waveform-fixed-slice
BD-0007,162,0.65199995,-0.70226925,-0.00919771,1.01877582,1799.99975585,public-waveform-fixed-slice
BD-0007,163,0.65599995,-0.75771379,0.04567432,1.05623543,1799.99975585,public-waveform-fixed-slice
BD-0007,164,0.65999995,-0.68665271,0.00952172,0.97953027,1799.99975585,public-waveform-fixed-slice
BD-0007,165,0.66399995,-0.60859549,-0.02011394,0.98276215,1799.99975585,public-waveform-fixed-slice
BD-0007,166,0.66799995,-0.59093213,-0.02079749,0.98256397,1799.99975585,public-waveform-fixed-slice
BD-0007,167,0.67199995,-0.55517327,-0.04333519,1.03713726,1799.99975585,public-waveform-fixed-slice
BD-0007,168,0.67599995,-0.68802905,0.00687396,1.00170469,1799.99975585,public-waveform-fixed-slice
BD-0007,169,0.67999995,-0.84419900,0.06664955,1.05888998,1799.99975585,public-waveform-fixed-slice
BD-0007,170,0.68399995,-0.60020875,-0.01468777,0.96406435,1799.99975585,public-waveform-fixed-slice
BD-0007,171,0.68799995,-0.59256231,-0.03150844,1.00655734,1799.99975585,public-waveform-fixed-slice
BD-0007,172,0.69199995,-0.55037492,0.00142955,0.97918033,1799.99975585,public-waveform-fixed-slice
BD-0007,173,0.69599995,-0.50001829,0.01017212,0.97133851,1799.99975585,public-waveform-fixed-slice
BD-0007,174,0.69999995,-0.76551169,0.03505825,1.00134301,1799.99975585,public-waveform-fixed-slice
BD-0007,175,0.70399995,-0.58755308,-0.00747811,0.97034740,1799.99975585,public-waveform-fixed-slice
BD-0007,176,0.70799995,-0.58565926,-0.00327694,0.99330306,1799.99975585,public-waveform-fixed-slice
BD-0007,177,0.71199995,-0.64488410,-0.00219374,0.95928728,1799.99975585,public-waveform-fixed-slice
BD-0007,178,0.71599995,-0.68070262,0.01823198,1.00700414,1799.99975585,public-waveform-fixed-slice
BD-0007,179,0.71999995,-0.63825112,0.01713216,0.93271863,1799.99975585,public-waveform-fixed-slice
BD-0007,180,0.72399995,-0.45653656,-0.05442094,1.01406466,1799.99975585,public-waveform-fixed-slice
BD-0007,181,0.72799995,-0.45144096,-0.04327994,1.01125633,1799.99975585,public-waveform-fixed-slice
BD-0007,182,0.73199995,-0.50135141,-0.01105612,0.99495291,1799.99975585,public-waveform-fixed-slice
BD-0007,183,0.73599994,-0.52442729,0.00521636,0.96696031,1799.99975585,public-waveform-fixed-slice
BD-0007,184,0.73999994,-0.45505997,-0.01073300,0.95468360,1799.99975585,public-waveform-fixed-slice
BD-0007,185,0.74399994,-0.35192182,-0.04234516,1.01026356,1799.99975585,public-waveform-fixed-slice
BD-0007,186,0.74799994,-0.48595368,0.01736879,1.05738008,1799.99975585,public-waveform-fixed-slice
BD-0007,187,0.75199994,-0.46575424,0.03973746,0.97564142,1799.99975585,public-waveform-fixed-slice
BD-0007,188,0.75599994,-0.38377106,-0.03979569,0.92410361,1799.99975585,public-waveform-fixed-slice
BD-0007,189,0.75999994,-0.55458498,0.04893767,0.97278940,1799.99975585,public-waveform-fixed-slice
BD-0007,190,0.76399994,-0.47876295,0.00654196,0.98034489,1799.99975585,public-waveform-fixed-slice
BD-0007,191,0.76799994,-0.50426489,0.02501487,1.08909511,1799.99975585,public-waveform-fixed-slice
BD-0007,192,0.77199994,-0.40613290,-0.01678812,0.95896714,1799.99975585,public-waveform-fixed-slice
BD-0007,193,0.77599994,-0.20160871,-0.05665242,0.94687533,1799.99975585,public-waveform-fixed-slice
BD-0007,194,0.77999994,-0.41615381,-0.00854897,0.95284140,1799.99975585,public-waveform-fixed-slice
BD-0007,195,0.78399994,-0.40824815,0.04598176,0.98054063,1799.99975585,public-waveform-fixed-slice
BD-0007,196,0.78799994,-0.20105993,-0.05780434,0.99312722,1799.99975585,public-waveform-fixed-slice
BD-0007,197,0.79199994,-0.39032992,0.01761591,0.98612165,1799.99975585,public-waveform-fixed-slice
BD-0007,198,0.79599994,-0.38039824,0.03873491,0.91533410,1799.99975585,public-waveform-fixed-slice
BD-0007,199,0.79999994,-0.60939443,0.09428548,0.90001142,1799.99975585,public-waveform-fixed-slice
BD-0007,200,0.80399994,-0.18279892,-0.04624938,0.98707699,1799.99975585,public-waveform-fixed-slice
BD-0007,201,0.80799994,-0.41116440,0.00517153,0.90629005,1799.99975585,public-waveform-fixed-slice
BD-0007,202,0.81199994,-0.26242721,-0.00492310,0.93822860,1799.99975585,public-waveform-fixed-slice
BD-0007,203,0.81599994,-0.29158470,-0.00922107,0.89068222,1799.99975585,public-waveform-fixed-slice
BD-0007,204,0.81999994,-0.04490538,-0.05835771,0.85749816,1799.99975585,public-waveform-fixed-slice
BD-0007,205,0.82399994,-0.41347992,0.05154871,0.90023767,1799.99975585,public-waveform-fixed-slice
BD-0007,206,0.82799994,-0.51820635,0.10313272,0.87590193,1799.99975585,public-waveform-fixed-slice
BD-0007,207,0.83199994,-0.60511720,0.10041761,0.93757355,1799.99975585,public-waveform-fixed-slice
BD-0007,208,0.83599994,-0.20612382,-0.03569412,0.89157265,1799.99975585,public-waveform-fixed-slice
BD-0007,209,0.83999994,-0.46118503,0.00330710,0.85869693,1799.99975585,public-waveform-fixed-slice
BD-0007,210,0.84399994,-0.10626191,-0.07824802,0.90453225,1799.99975585,public-waveform-fixed-slice
BD-0007,211,0.84799994,-0.26415234,0.00949811,0.84190422,1799.99975585,public-waveform-fixed-slice
BD-0007,212,0.85199994,-0.56233716,0.09098243,0.87035435,1799.99975585,public-waveform-fixed-slice
BD-0007,213,0.85599994,-0.37721323,0.03558444,0.85962647,1799.99975585,public-waveform-fixed-slice
BD-0007,214,0.85999994,-0.38558727,0.01736307,0.81854850,1799.99975585,public-waveform-fixed-slice
BD-0007,215,0.86399994,-0.40225148,0.04783725,0.85954105,1799.99975585,public-waveform-fixed-slice
BD-0007,216,0.86799994,-0.27095869,-0.03370809,0.80285620,1799.99975585,public-waveform-fixed-slice
BD-0007,217,0.87199994,-0.64819991,0.09873580,0.73768430,1799.99975585,public-waveform-fixed-slice
BD-0007,218,0.87599994,-0.11748652,-0.08225440,0.76582056,1799.99975585,public-waveform-fixed-slice
BD-0007,219,0.87999993,-0.31843128,-0.03406143,0.87874311,1799.99975585,public-waveform-fixed-slice
BD-0007,220,0.88399993,-0.50391834,0.04449319,0.85669153,1799.99975585,public-waveform-fixed-slice
BD-0007,221,0.88799993,-0.13318322,-0.06008720,0.81500607,1799.99975585,public-waveform-fixed-slice
BD-0007,222,0.89199993,-0.25213345,-0.01818323,0.77015680,1799.99975585,public-waveform-fixed-slice
BD-0007,223,0.89599993,-0.49897617,0.05210065,0.75557965,1799.99975585,public-waveform-fixed-slice
BD-0007,224,0.89999993,-0.75814062,0.14642667,0.81482964,1799.99975585,public-waveform-fixed-slice
BD-0007,225,0.90399993,-0.31122508,-0.02881240,0.86487704,1799.99975585,public-waveform-fixed-slice
BD-0007,226,0.90799993,-0.45035985,-0.01242256,0.82918721,1799.99975585,public-waveform-fixed-slice
BD-0007,227,0.91199993,-0.20675410,-0.07242870,0.75620299,1799.99975585,public-waveform-fixed-slice
BD-0007,228,0.91599993,-0.47756931,0.02339172,0.67036634,1799.99975585,public-waveform-fixed-slice
BD-0007,229,0.91999993,-1.75646770,0.41337347,0.78116506,1799.99975585,public-waveform-fixed-slice
BD-0007,230,0.92399993,-2.37409329,0.53597593,0.75561285,1799.99975585,public-waveform-fixed-slice
BD-0007,231,0.92799993,-1.77687323,0.19907379,0.74213749,1799.99975585,public-waveform-fixed-slice
BD-0007,232,0.93199993,-5.75542736,1.18020820,0.71946460,1799.99975585,public-waveform-fixed-slice
BD-0007,233,0.93599993,-4.97421836,0.87763166,0.77485448,1799.99975585,public-waveform-fixed-slice
BD-0007,234,0.93999993,0.21169355,-1.10604000,0.68811619,1799.99975585,public-waveform-fixed-slice
BD-0007,235,0.94399993,1.21737396,-1.36728906,0.62222450,1799.99975585,public-waveform-fixed-slice
BD-0007,236,0.94799993,1.41466295,-1.06778430,0.24254781,1799.99975585,public-waveform-fixed-slice
BD-0007,237,0.95199993,-0.50290322,-0.17918872,-0.01976245,1799.99975585,public-waveform-fixed-slice
BD-0007,238,0.95599993,-1.23945689,0.21547269,0.18139854,1799.99975585,public-waveform-fixed-slice
BD-0007,239,0.95999993,-1.69923698,0.27911949,0.78618413,1799.99975585,public-waveform-fixed-slice
BD-0007,240,0.96399993,-0.58055323,-0.04368209,1.00121891,1799.99975585,public-waveform-fixed-slice
BD-0007,241,0.96799993,0.14638565,-0.32653045,0.96226996,1799.99975585,public-waveform-fixed-slice
BD-0007,242,0.97199993,-0.27828964,-0.14246177,0.81874203,1799.99975585,public-waveform-fixed-slice
BD-0007,243,0.97599993,-0.16386969,-0.05742263,0.71717411,1799.99975585,public-waveform-fixed-slice
BD-0007,244,0.97999993,0.02177118,-0.12531757,0.64016878,1799.99975585,public-waveform-fixed-slice
BD-0007,245,0.98399993,-0.37031024,0.03497505,0.76533949,1799.99975585,public-waveform-fixed-slice
BD-0007,246,0.98799993,-1.56808102,0.43648719,0.79458826,1799.99975585,public-waveform-fixed-slice
BD-0007,247,0.99199993,-0.21926707,-0.07972717,0.63604700,1799.99975585,public-waveform-fixed-slice
BD-0007,248,0.99599993,-0.51883089,-0.02562904,0.48333185,1799.99975585,public-waveform-fixed-slice
BD-0007,249,0.99999993,-0.06645131,-0.08509063,0.59618961,1799.99975585,public-waveform-fixed-slice
BD-0007,250,1.00399993,-0.43885293,-0.00413227,0.69731837,1799.99975585,public-waveform-fixed-slice
BD-0007,251,1.00799993,-0.57597178,0.09193229,0.62497442,1799.99975585,public-waveform-fixed-slice
BD-0007,252,1.01199993,-0.68254709,0.07767105,0.55425494,1799.99975585,public-waveform-fixed-slice
BD-0007,253,1.01599993,-0.20075850,-0.06671333,0.56477916,1799.99975585,public-waveform-fixed-slice
BD-0007,254,1.01999993,-0.10868304,-0.08995819,0.71215856,1799.99975585,public-waveform-fixed-slice
BD-0007,255,1.02399992,-0.40519014,0.02336025,0.87045609,1799.99975585,public-waveform-fixed-slice
BD-0007,256,1.02799992,-0.59948611,0.09348106,0.85396194,1799.99975585,public-waveform-fixed-slice
BD-0008,1,0.00800000,0.30373463,0.01257896,0.92171519,1799.99975585,public-waveform-fixed-slice
BD-0008,2,0.01199999,0.29840439,0.01500701,0.86444562,1799.99975585,public-waveform-fixed-slice
BD-0008,3,0.01599999,0.31961229,0.01586914,0.89679783,1799.99975585,public-waveform-fixed-slice
BD-0008,4,0.01999999,0.32510355,0.00739669,0.86872243,1799.99975585,public-waveform-fixed-slice
BD-0008,5,0.02399999,0.27353930,0.03266525,0.80845850,1799.99975585,public-waveform-fixed-slice
BD-0008,6,0.02799999,0.23527556,0.03978347,0.87605780,1799.99975585,public-waveform-fixed-slice
BD-0008,7,0.03199999,0.34729117,0.00454139,0.88923114,1799.99975585,public-waveform-fixed-slice
BD-0008,8,0.03599999,0.38189780,-0.00658607,0.89642870,1799.99975585,public-waveform-fixed-slice
BD-0008,9,0.03999999,0.39518764,-0.00568389,0.89451456,1799.99975585,public-waveform-fixed-slice
BD-0008,10,0.04399999,0.32988867,0.01742935,0.90674561,1799.99975585,public-waveform-fixed-slice
BD-0008,11,0.04799999,0.33090728,0.02077102,0.88776904,1799.99975585,public-waveform-fixed-slice
BD-0008,12,0.05199999,0.39143595,-0.00225448,0.88384145,1799.99975585,public-waveform-fixed-slice
BD-0008,13,0.05599999,0.39048922,0.00252151,0.83667755,1799.99975585,public-waveform-fixed-slice
BD-0008,14,0.05999999,0.37930333,0.00849914,0.85426926,1799.99975585,public-waveform-fixed-slice
BD-0008,15,0.06399999,0.46413493,-0.02202415,0.91134548,1799.99975585,public-waveform-fixed-slice
BD-0008,16,0.06799999,0.37034773,0.02614402,0.90805476,1799.99975585,public-waveform-fixed-slice
BD-0008,17,0.07199999,0.25910577,0.05393600,0.88251978,1799.99975585,public-waveform-fixed-slice
BD-0008,18,0.07599999,0.31928142,0.02919197,0.94592201,1799.99975585,public-waveform-fixed-slice
BD-0008,19,0.07999999,0.29467651,0.03044891,0.92943561,1799.99975585,public-waveform-fixed-slice
BD-0008,20,0.08399999,0.29022258,0.01699638,0.93881362,1799.99975585,public-waveform-fixed-slice
BD-0008,21,0.08799999,0.42689731,-0.01988792,0.93348383,1799.99975585,public-waveform-fixed-slice
BD-0008,22,0.09199999,0.31871807,0.01433944,1.00267255,1799.99975585,public-waveform-fixed-slice
BD-0008,23,0.09599999,0.40407657,-0.00479507,1.00964581,1799.99975585,public-waveform-fixed-slice
BD-0008,24,0.09999999,0.26463434,0.02792358,1.00991129,1799.99975585,public-waveform-fixed-slice
BD-0008,25,0.10399999,0.32275789,0.01500701,0.97095847,1799.99975585,public-waveform-fixed-slice
BD-0008,26,0.10799999,0.37458309,-0.00385284,1.00507104,1799.99975585,public-waveform-fixed-slice
BD-0008,27,0.11199999,0.50518250,-0.04500961,1.01094615,1799.99975585,public-waveform-fixed-slice
BD-0008,28,0.11599999,0.45157256,-0.01973342,0.96333235,1799.99975585,public-waveform-fixed-slice
BD-0008,29,0.11999999,0.51743501,-0.02890396,0.95075654,1799.99975585,public-waveform-fixed-slice
BD-0008,30,0.12399999,0.54586058,-0.02790069,0.97364020,1799.99975585,public-waveform-fixed-slice
BD-0008,31,0.12799999,0.50164049,-0.00922775,1.05353808,1799.99975585,public-waveform-fixed-slice
BD-0008,32,0.13199999,0.49224683,0.00141334,1.11991894,1799.99975585,public-waveform-fixed-slice
BD-0008,33,0.13599999,0.59199696,-0.03015899,1.13136732,1799.99975585,public-waveform-fixed-slice
BD-0008,34,0.13999999,0.52763539,-0.00652313,1.11769640,1799.99975585,public-waveform-fixed-slice
BD-0008,35,0.14399999,0.45321229,0.02165603,1.07211160,1799.99975585,public-waveform-fixed-slice
BD-0008,36,0.14799999,0.37630507,0.05321884,1.05004239,1799.99975585,public-waveform-fixed-slice
BD-0008,37,0.15199999,0.42208313,0.03027153,1.06225085,1799.99975585,public-waveform-fixed-slice
BD-0008,38,0.15599998,0.45806363,0.00296783,1.11357760,1799.99975585,public-waveform-fixed-slice
BD-0008,39,0.15999998,0.57725572,-0.02138519,1.14885222,1799.99975585,public-waveform-fixed-slice
BD-0008,40,0.16399998,0.45949465,0.00894165,1.19230580,1799.99975585,public-waveform-fixed-slice
BD-0008,41,0.16799998,0.49280387,0.01396560,1.24677991,1799.99975585,public-waveform-fixed-slice
BD-0008,42,0.17199998,0.47271621,0.01711654,1.20198476,1799.99975585,public-waveform-fixed-slice
BD-0008,43,0.17599998,0.56401562,-0.00276374,1.15917921,1799.99975585,public-waveform-fixed-slice
BD-0008,44,0.17999998,0.35578113,0.04818725,1.13844764,1799.99975585,public-waveform-fixed-slice
BD-0008,45,0.18399998,0.37579983,0.02779388,1.11143290,1799.99975585,public-waveform-fixed-slice
BD-0008,46,0.18799998,0.50423055,-0.00116729,1.19039702,1799.99975585,public-waveform-fixed-slice
BD-0008,47,0.19199998,0.57308644,-0.02412414,1.16735911,1799.99975585,public-waveform-fixed-slice
BD-0008,48,0.19599998,0.65134859,-0.04559326,1.24381816,1799.99975585,public-waveform-fixed-slice
BD-0008,49,0.19999998,0.64455342,-0.02980422,1.24437952,1799.99975585,public-waveform-fixed-slice
BD-0008,50,0.20399998,0.66123640,-0.03785514,1.21695506,1799.99975585,public-waveform-fixed-slice
BD-0008,51,0.20799998,0.72812610,-0.03640556,1.17080628,1799.99975585,public-waveform-fixed-slice
BD-0008,52,0.21199998,0.60327208,0.01044082,1.13048267,1799.99975585,public-waveform-fixed-slice
BD-0008,53,0.21599998,0.58974331,0.01259613,1.16817116,1799.99975585,public-waveform-fixed-slice
BD-0008,54,0.21999998,0.44100373,0.04079818,1.19488179,1799.99975585,public-waveform-fixed-slice
BD-0008,55,0.22399998,0.52471864,0.00318527,1.27841985,1799.99975585,public-waveform-fixed-slice
BD-0008,56,0.22799998,0.61962455,-0.00687789,1.33618867,1799.99975585,public-waveform-fixed-slice
BD-0008,57,0.23199998,0.55624806,0.00118637,1.31198036,1799.99975585,public-waveform-fixed-slice
BD-0008,58,0.23599998,0.59462434,0.00405502,1.20223069,1799.99975585,public-waveform-fixed-slice
BD-0008,59,0.23999998,0.53629988,0.00584411,1.13716852,1799.99975585,public-waveform-fixed-slice
BD-0008,60,0.24399998,0.74027383,-0.03925132,1.19635915,1799.99975585,public-waveform-fixed-slice
BD-0008,61,0.24799998,0.75992137,-0.03828811,1.25188159,1799.99975585,public-waveform-fixed-slice
BD-0008,62,0.25199998,0.61318969,0.01568031,1.26723086,1799.99975585,public-waveform-fixed-slice
BD-0008,63,0.25599998,0.58950114,0.02613067,1.23060321,1799.99975585,public-waveform-fixed-slice
BD-0008,64,0.25999998,0.54385006,0.03209304,1.16527855,1799.99975585,public-waveform-fixed-slice
BD-0008,65,0.26399998,0.66530728,-0.00024414,1.12331092,1799.99975585,public-waveform-fixed-slice
BD-0008,66,0.26799998,0.53885090,0.01997375,1.22849214,1799.99975585,public-waveform-fixed-slice
BD-0008,67,0.27199998,0.53384798,0.03735351,1.26560521,1799.99975585,public-waveform-fixed-slice
BD-0008,68,0.27599998,0.69486278,-0.01252365,1.24585807,1799.99975585,public-waveform-fixed-slice
BD-0008,69,0.27999998,0.76990592,-0.05066299,1.20235788,1799.99975585,public-waveform-fixed-slice
BD-0008,70,0.28399998,0.89231479,-0.06264877,1.24932610,1799.99975585,public-waveform-fixed-slice
BD-0008,71,0.28799998,0.75064277,-0.00974273,1.23248267,1799.99975585,public-waveform-fixed-slice
BD-0008,72,0.29199998,0.55847632,0.04881668,1.23333656,1799.99975585,public-waveform-fixed-slice
BD-0008,73,0.29599998,0.50170195,0.07768630,1.22359561,1799.99975585,public-waveform-fixed-slice
BD-0008,74,0.29999997,0.74411487,-0.00918197,1.19970071,1799.99975585,public-waveform-fixed-slice
BD-0008,75,0.30399997,0.72860080,-0.02268218,1.14430427,1799.99975585,public-waveform-fixed-slice
BD-0008,76,0.30799997,0.95255732,-0.08165359,1.21139955,1799.99975585,public-waveform-fixed-slice
BD-0008,77,0.31199997,0.86145299,-0.02697181,1.29216921,1799.99975585,public-waveform-fixed-slice
BD-0008,78,0.31599997,0.70091265,0.02045440,1.19097042,1799.99975585,public-waveform-fixed-slice
BD-0008,79,0.31999997,0.68160474,0.02092552,1.18888974,1799.99975585,public-waveform-fixed-slice
BD-0008,80,0.32399997,0.49862504,0.07939338,1.16567206,1799.99975585,public-waveform-fixed-slice
BD-0008,81,0.32799997,0.55824524,0.03603553,1.20862150,1799.99975585,public-waveform-fixed-slice
BD-0008,82,0.33199997,0.79339081,-0.02997970,1.25398159,1799.99975585,public-waveform-fixed-slice
BD-0008,83,0.33599997,0.84607934,-0.03834724,1.15519702,1799.99975585,public-waveform-fixed-slice
BD-0008,84,0.33999997,0.76424425,-0.01176357,1.13874864,1799.99975585,public-waveform-fixed-slice
BD-0008,85,0.34399997,0.70495176,-0.00202560,1.12440168,1799.99975585,public-waveform-fixed-slice
BD-0008,86,0.34799997,0.48686614,0.06597709,1.13381528,1799.99975585,public-waveform-fixed-slice
BD-0008,87,0.35199997,0.50783395,0.05774879,1.16035592,1799.99975585,public-waveform-fixed-slice
BD-0008,88,0.35599997,0.67223232,-0.02061653,1.11440896,1799.99975585,public-waveform-fixed-slice
BD-0008,89,0.35999997,0.62066668,-0.03622341,1.10805177,1799.99975585,public-waveform-fixed-slice
BD-0008,90,0.36399997,0.62904495,-0.02775192,1.08036577,1799.99975585,public-waveform-fixed-slice
BD-0008,91,0.36799997,0.67946642,-0.03208065,1.08313214,1799.99975585,public-waveform-fixed-slice
BD-0008,92,0.37199997,0.59137183,0.01418876,1.00077271,1799.99975585,public-waveform-fixed-slice
BD-0008,93,0.37599997,0.27181014,0.10787963,1.11590719,1799.99975585,public-waveform-fixed-slice
BD-0008,94,0.37999997,0.45790672,0.01403999,1.05716395,1799.99975585,public-waveform-fixed-slice
BD-0008,95,0.38399997,0.65033364,-0.04026412,1.00700187,1799.99975585,public-waveform-fixed-slice
BD-0008,96,0.38799997,0.58342713,-0.02408790,0.97065556,1799.99975585,public-waveform-fixed-slice
BD-0008,97,0.39199997,0.49676468,0.00573569,0.91915547,1799.99975585,public-waveform-fixed-slice
BD-0008,98,0.39599997,0.31645643,0.03948289,1.01157510,1799.99975585,public-waveform-fixed-slice
BD-0008,99,0.39999997,0.34532776,0.04069620,0.97030788,1799.99975585,public-waveform-fixed-slice
BD-0008,100,0.40399997,0.45208555,-0.00888049,0.93608754,1799.99975585,public-waveform-fixed-slice
BD-0008,101,0.40799997,0.71752578,-0.08225703,0.89884704,1799.99975585,public-waveform-fixed-slice
BD-0008,102,0.41199997,0.50139194,-0.03973710,0.95401853,1799.99975585,public-waveform-fixed-slice
BD-0008,103,0.41599997,0.42421823,0.01698696,0.94677525,1799.99975585,public-waveform-fixed-slice
BD-0008,104,0.41999997,0.40527608,0.01183247,0.99208384,1799.99975585,public-waveform-fixed-slice
BD-0008,105,0.42399997,0.37700167,0.01524305,0.97195726,1799.99975585,public-waveform-fixed-slice
BD-0008,106,0.42799997,0.37010642,0.00684821,0.94881051,1799.99975585,public-waveform-fixed-slice
BD-0008,107,0.43199997,0.42017257,-0.02423065,0.96692174,1799.99975585,public-waveform-fixed-slice
BD-0008,108,0.43599997,0.49387237,-0.02989530,0.94981473,1799.99975585,public-waveform-fixed-slice
BD-0008,109,0.43999997,0.36539775,0.00483965,0.98103004,1799.99975585,public-waveform-fixed-slice
BD-0008,110,0.44399996,0.28145742,0.04809916,0.99613821,1799.99975585,public-waveform-fixed-slice
BD-0008,111,0.44799996,0.41270902,0.00384616,0.98688060,1799.99975585,public-waveform-fixed-slice
BD-0008,112,0.45199996,0.40403565,-0.01665592,0.90816205,1799.99975585,public-waveform-fixed-slice
BD-0008,113,0.45599996,0.29827579,0.00975716,0.96857059,1799.99975585,public-waveform-fixed-slice
BD-0008,114,0.45999996,0.45472687,-0.04258918,0.91522347,1799.99975585,public-waveform-fixed-slice
BD-0008,115,0.46399996,0.31066894,0.01078021,1.04106807,1799.99975585,public-waveform-fixed-slice
BD-0008,116,0.46799996,0.16775703,0.05767548,1.00382721,1799.99975585,public-waveform-fixed-slice
BD-0008,117,0.47199996,0.21723461,0.02969825,0.93940645,1799.99975585,public-waveform-fixed-slice
BD-0008,118,0.47599996,0.30534431,-0.02354383,0.92531949,1799.99975585,public-waveform-fixed-slice
BD-0008,119,0.47999996,0.26498305,-0.00870847,1.00485610,1799.99975585,public-waveform-fixed-slice
BD-0008,120,0.48399996,0.34091880,-0.02847790,1.05620539,1799.99975585,public-waveform-fixed-slice
BD-0008,121,0.48799996,0.28434884,-0.02620291,1.03667688,1799.99975585,public-waveform-fixed-slice
BD-0008,122,0.49199996,0.18977226,0.01326060,1.02863109,1799.99975585,public-waveform-fixed-slice
BD-0008,123,0.49599996,0.10144103,0.02905583,0.97930979,1799.99975585,public-waveform-fixed-slice
BD-0008,124,0.49999996,0.08755267,0.00672650,1.06287324,1799.99975585,public-waveform-fixed-slice
BD-0008,125,0.50399996,0.09216786,-0.00085353,1.05684077,1799.99975585,public-waveform-fixed-slice
BD-0008,126,0.50799996,0.17270982,-0.01377773,1.10617566,1799.99975585,public-waveform-fixed-slice
BD-0008,127,0.51199996,0.25188168,-0.04540038,1.11121690,1799.99975585,public-waveform-fixed-slice
BD-0008,128,0.51599996,0.10349881,-0.00345993,1.08303618,1799.99975585,public-waveform-fixed-slice
BD-0008,129,0.51999996,0.17593564,-0.02231574,1.03369879,1799.99975585,public-waveform-fixed-slice
BD-0008,130,0.52399996,0.08478755,0.00930762,1.07457292,1799.99975585,public-waveform-fixed-slice
BD-0008,131,0.52799996,0.02783543,0.02241158,1.07860648,1799.99975585,public-waveform-fixed-slice
BD-0008,132,0.53199996,0.04418425,0.01522159,1.08646368,1799.99975585,public-waveform-fixed-slice
BD-0008,133,0.53599996,0.19895602,-0.05640387,1.01419258,1799.99975585,public-waveform-fixed-slice
BD-0008,134,0.53999996,0.23993353,-0.04329609,0.99184894,1799.99975585,public-waveform-fixed-slice
BD-0008,135,0.54399996,0.13819153,-0.00236654,1.09071695,1799.99975585,public-waveform-fixed-slice
BD-0008,136,0.54799996,0.05712237,0.02294301,1.07743251,1799.99975585,public-waveform-fixed-slice
BD-0008,137,0.55199996,-0.11035198,0.07845854,1.13502597,1799.99975585,public-waveform-fixed-slice
BD-0008,138,0.55599996,0.29467374,-0.05246686,1.05731320,1799.99975585,public-waveform-fixed-slice
BD-0008,139,0.55999996,0.18865002,-0.04799914,1.05651831,1799.99975585,public-waveform-fixed-slice
BD-0008,140,0.56399996,0.21908916,-0.04734468,1.05591380,1799.99975585,public-waveform-fixed-slice
BD-0008,141,0.56799996,0.15810275,-0.01044893,1.09236562,1799.99975585,public-waveform-fixed-slice
BD-0008,142,0.57199996,0.04824678,0.03640294,1.03378105,1799.99975585,public-waveform-fixed-slice
BD-0008,143,0.57599996,0.02592529,0.02704048,1.07627308,1799.99975585,public-waveform-fixed-slice
BD-0008,144,0.57999996,0.24657502,-0.03776812,1.05090939,1799.99975585,public-waveform-fixed-slice
BD-0008,145,0.58399996,0.00003862,0.01861667,1.03400743,1799.99975585,public-waveform-fixed-slice
BD-0008,146,0.58799996,-0.04203937,0.04029035,1.05897748,1799.99975585,public-waveform-fixed-slice
BD-0008,147,0.59199995,-0.00139722,0.01952981,1.03301441,1799.99975585,public-waveform-fixed-slice
BD-0008,148,0.59599995,0.06380182,-0.01019859,1.03583812,1799.99975585,public-waveform-fixed-slice
BD-0008,149,0.59999995,-0.15969561,0.05416059,0.99436736,1799.99975585,public-waveform-fixed-slice
BD-0008,150,0.60399995,0.04077322,-0.03308916,1.02739191,1799.99975585,public-waveform-fixed-slice
BD-0008,151,0.60799995,-0.05863791,0.00418138,0.96416395,1799.99975585,public-waveform-fixed-slice
BD-0008,152,0.61199995,0.10420083,-0.05127239,1.02235591,1799.99975585,public-waveform-fixed-slice
BD-0008,153,0.61599995,0.09169267,-0.03351259,0.99538600,1799.99975585,public-waveform-fixed-slice
BD-0008,154,0.61999995,-0.10602868,0.03094434,0.99820977,1799.99975585,public-waveform-fixed-slice
BD-0008,155,0.62399995,-0.07990738,0.01382398,1.00848853,1799.99975585,public-waveform-fixed-slice
BD-0008,156,0.62799995,0.00340487,-0.01003742,0.96903014,1799.99975585,public-waveform-fixed-slice
BD-0008,157,0.63199995,-0.13174492,0.02448701,0.98534816,1799.99975585,public-waveform-fixed-slice
BD-0008,158,0.63599995,-0.19245535,0.02853250,0.99682396,1799.99975585,public-waveform-fixed-slice
BD-0008,159,0.63999995,-0.09811960,-0.01006793,1.04334378,1799.99975585,public-waveform-fixed-slice
BD-0008,160,0.64399995,0.05535179,-0.05821466,1.01294660,1799.99975585,public-waveform-fixed-slice
BD-0008,161,0.64799995,-0.10797299,-0.01150608,0.98497009,1799.99975585,public-waveform-fixed-slice
BD-0008,162,0.65199995,-0.18918606,0.01181364,0.89618456,1799.99975585,public-waveform-fixed-slice
BD-0008,163,0.65599995,-0.21785707,0.01695728,0.98498463,1799.99975585,public-waveform-fixed-slice
BD-0008,164,0.65999995,-0.24780756,0.02135944,1.00391554,1799.99975585,public-waveform-fixed-slice
BD-0008,165,0.66399995,-0.20399120,-0.00574970,1.04338848,1799.99975585,public-waveform-fixed-slice
BD-0008,166,0.66799995,-0.21357345,-0.01425266,0.96265548,1799.99975585,public-waveform-fixed-slice
BD-0008,167,0.67199995,-0.20930010,-0.01042556,0.95078605,1799.99975585,public-waveform-fixed-slice
BD-0008,168,0.67599995,-0.21395654,-0.00908994,1.00957643,1799.99975585,public-waveform-fixed-slice
BD-0008,169,0.67999995,-0.27906212,0.00655698,1.05508959,1799.99975585,public-waveform-fixed-slice
BD-0008,170,0.68399995,-0.24915891,-0.00181722,1.05086648,1799.99975585,public-waveform-fixed-slice
BD-0008,171,0.68799995,-0.26125413,-0.00676679,0.99872928,1799.99975585,public-waveform-fixed-slice
BD-0008,172,0.69199995,-0.27036610,-0.00707912,1.02168691,1799.99975585,public-waveform-fixed-slice
BD-0008,173,0.69599995,-0.40694826,0.03402328,0.99671339,1799.99975585,public-waveform-fixed-slice
BD-0008,174,0.69999995,-0.57186591,0.06803321,1.06799244,1799.99975585,public-waveform-fixed-slice
BD-0008,175,0.70399995,-0.63130450,0.07102012,1.01887619,1799.99975585,public-waveform-fixed-slice
BD-0008,176,0.70799995,-0.63974088,0.04359531,1.02773916,1799.99975585,public-waveform-fixed-slice
BD-0008,177,0.71199995,-0.59938669,0.01378107,0.98928844,1799.99975585,public-waveform-fixed-slice
BD-0008,178,0.71599995,-0.60439884,-0.00432825,1.00821828,1799.99975585,public-waveform-fixed-slice
BD-0008,179,0.71999995,-0.68529766,0.01145076,1.01346361,1799.99975585,public-waveform-fixed-slice
BD-0008,180,0.72399995,-0.69423896,0.00763607,1.06360208,1799.99975585,public-waveform-fixed-slice
BD-0008,181,0.72799995,-0.64013487,-0.01583528,1.03260540,1799.99975585,public-waveform-fixed-slice
BD-0008,182,0.73199995,-0.65107232,-0.02346754,1.02737557,1799.99975585,public-waveform-fixed-slice
BD-0008,183,0.73599994,-0.61016237,-0.03895807,1.03564000,1799.99975585,public-waveform-fixed-slice
BD-0008,184,0.73999994,-0.63276046,-0.04498529,1.00826299,1799.99975585,public-waveform-fixed-slice
BD-0008,185,0.74399994,-0.69406795,-0.01881361,1.04471576,1799.99975585,public-waveform-fixed-slice
BD-0008,186,0.74799994,-0.68593657,-0.01074934,1.00686264,1799.99975585,public-waveform-fixed-slice
BD-0008,187,0.75199994,-0.78623807,0.00187158,1.05539584,1799.99975585,public-waveform-fixed-slice
BD-0008,188,0.75599994,-0.68064546,-0.02209854,1.02499866,1799.99975585,public-waveform-fixed-slice
BD-0008,189,0.75999994,-0.75540971,0.00007343,1.04735684,1799.99975585,public-waveform-fixed-slice
BD-0008,190,0.76399994,-0.70862954,-0.02930307,0.99682569,1799.99975585,public-waveform-fixed-slice
BD-0008,191,0.76799994,-0.69126695,-0.02639102,1.05139815,1799.99975585,public-waveform-fixed-slice
BD-0008,192,0.77199994,-0.68894666,-0.02465057,1.09750878,1799.99975585,public-waveform-fixed-slice
BD-0008,193,0.77599994,-0.67187708,-0.03801822,1.06550645,1799.99975585,public-waveform-fixed-slice
BD-0008,194,0.77999994,-0.66648626,-0.02199411,1.05524301,1799.99975585,public-waveform-fixed-slice
BD-0008,195,0.78399994,-0.73209267,0.02267789,0.95879530,1799.99975585,public-waveform-fixed-slice
BD-0008,196,0.78799994,-0.89804106,0.03633689,1.02664601,1799.99975585,public-waveform-fixed-slice
BD-0008,197,0.79199994,-1.01983797,0.06055212,1.08423948,1799.99975585,public-waveform-fixed-slice
BD-0008,198,0.79599994,-0.92248624,0.01696228,1.04578876,1799.99975585,public-waveform-fixed-slice
BD-0008,199,0.79999994,-0.67025184,-0.05974602,0.95640283,1799.99975585,public-waveform-fixed-slice
BD-0008,200,0.80399994,-0.62052148,-0.06972432,0.99446094,1799.99975585,public-waveform-fixed-slice
BD-0008,201,0.80799994,-0.68459576,-0.03761386,0.96749007,1799.99975585,public-waveform-fixed-slice
BD-0008,202,0.81199994,-0.67733645,-0.03829693,1.07199001,1799.99975585,public-waveform-fixed-slice
BD-0008,203,0.81599994,-0.59578377,-0.04312825,1.03797423,1799.99975585,public-waveform-fixed-slice
BD-0008,204,0.81999994,-0.81917423,0.02356147,1.01160383,1799.99975585,public-waveform-fixed-slice
BD-0008,205,0.82399994,-0.98986667,0.05161190,0.99932706,1799.99975585,public-waveform-fixed-slice
BD-0008,206,0.82799994,-0.64844447,-0.04254698,1.02631151,1799.99975585,public-waveform-fixed-slice
BD-0008,207,0.83199994,-0.73456913,-0.02501916,1.05370402,1799.99975585,public-waveform-fixed-slice
BD-0008,208,0.83599994,-0.67591685,-0.04581594,1.04746758,1799.99975585,public-waveform-fixed-slice
BD-0008,209,0.83999994,-0.63308954,-0.03181076,1.06076467,1799.99975585,public-waveform-fixed-slice
BD-0008,210,0.84399994,-0.77711713,0.01772356,0.96090543,1799.99975585,public-waveform-fixed-slice
BD-0008,211,0.84799994,-0.82405126,0.01907801,1.01749038,1799.99975585,public-waveform-fixed-slice
BD-0008,212,0.85199994,-0.66498243,-0.02872109,0.96494591,1799.99975585,public-waveform-fixed-slice
BD-0008,213,0.85599994,-0.78075236,0.00982403,0.99938535,1799.99975585,public-waveform-fixed-slice
BD-0008,214,0.85999994,-0.68600320,-0.02703571,1.00079417,1799.99975585,public-waveform-fixed-slice
BD-0008,215,0.86399994,-0.55123704,-0.04892063,0.98389220,1799.99975585,public-waveform-fixed-slice
BD-0008,216,0.86799994,-0.65499526,-0.01649689,0.98268914,1799.99975585,public-waveform-fixed-slice
BD-0008,217,0.87199994,-0.76493930,0.04472374,0.99697774,1799.99975585,public-waveform-fixed-slice
BD-0008,218,0.87599994,-0.71834295,0.02841687,0.99476802,1799.99975585,public-waveform-fixed-slice
BD-0008,219,0.87999993,-0.62177705,-0.01431274,1.03021216,1799.99975585,public-waveform-fixed-slice
BD-0008,220,0.88399993,-0.57296168,-0.02807188,0.99981504,1799.99975585,public-waveform-fixed-slice
BD-0008,221,0.88799993,-0.55681914,-0.04059863,0.95975714,1799.99975585,public-waveform-fixed-slice
BD-0008,222,0.89199993,-0.62584090,-0.01522243,0.99177509,1799.99975585,public-waveform-fixed-slice
BD-0008,223,0.89599993,-0.77551716,0.05185592,0.92413020,1799.99975585,public-waveform-fixed-slice
BD-0008,224,0.89999993,-0.46136322,-0.05100691,1.03567695,1799.99975585,public-waveform-fixed-slice
BD-0008,225,0.90399993,-0.58159279,-0.01870596,1.00971472,1799.99975585,public-waveform-fixed-slice
BD-0008,226,0.90799993,-0.50926011,0.00951993,1.02159869,1799.99975585,public-waveform-fixed-slice
BD-0008,227,0.91199993,-0.65811085,0.02182066,0.99764990,1799.99975585,public-waveform-fixed-slice
BD-0008,228,0.91599993,-0.71075284,0.03380680,0.99946707,1799.99975585,public-waveform-fixed-slice
BD-0008,229,0.91999993,-0.61647289,0.01927602,1.02887105,1799.99975585,public-waveform-fixed-slice
BD-0008,230,0.92399993,-0.55983316,-0.00828295,1.07800281,1799.99975585,public-waveform-fixed-slice
BD-0008,231,0.92799993,-0.59777963,-0.01453036,1.06512570,1799.99975585,public-waveform-fixed-slice
BD-0008,232,0.93199993,-0.60733926,0.00133907,0.95721298,1799.99975585,public-waveform-fixed-slice
BD-0008,233,0.93599993,-0.56893706,0.01081663,1.03755223,1799.99975585,public-waveform-fixed-slice
BD-0008,234,0.93999993,-0.38570946,-0.06008398,0.99507474,1799.99975585,public-waveform-fixed-slice
BD-0008,235,0.94399993,-0.33154362,-0.05994442,1.03052091,1799.99975585,public-waveform-fixed-slice
BD-0008,236,0.94799993,-0.49897885,0.00491578,1.05247187,1799.99975585,public-waveform-fixed-slice
BD-0008,237,0.95199993,-0.50872719,0.01917040,1.06476402,1799.99975585,public-waveform-fixed-slice
BD-0008,238,0.95599993,-0.49062889,0.01429598,1.02027308,1799.99975585,public-waveform-fixed-slice
BD-0008,239,0.95999993,-0.38741895,-0.03301191,1.08288109,1799.99975585,public-waveform-fixed-slice
BD-0008,240,0.96399993,-0.46175763,0.00901114,1.02429640,1799.99975585,public-waveform-fixed-slice
BD-0008,241,0.96799993,-0.40677139,0.01784491,1.08994150,1799.99975585,public-waveform-fixed-slice
BD-0008,242,0.97199993,-0.44772866,0.00061392,1.08631694,1799.99975585,public-waveform-fixed-slice
BD-0008,243,0.97599993,-0.55709457,0.05391329,1.00614774,1799.99975585,public-waveform-fixed-slice
BD-0008,244,0.97999993,-0.41023206,-0.01638793,1.03989243,1799.99975585,public-waveform-fixed-slice
BD-0008,245,0.98399993,-0.60825544,0.06285738,1.03534018,1799.99975585,public-waveform-fixed-slice
BD-0008,246,0.98799993,-0.43577393,-0.00640213,1.07904040,1799.99975585,public-waveform-fixed-slice
BD-0008,247,0.99199993,-0.10306221,-0.09938836,1.03040432,1799.99975585,public-waveform-fixed-slice
BD-0008,248,0.99599993,-0.35246762,-0.03196823,1.01174461,1799.99975585,public-waveform-fixed-slice
BD-0008,249,0.99999993,-0.41261824,0.04957079,0.94135427,1799.99975585,public-waveform-fixed-slice
BD-0008,250,1.00399993,-0.29827597,-0.01204836,1.01151120,1799.99975585,public-waveform-fixed-slice
BD-0008,251,1.00799993,-0.34904715,0.01238405,0.99163430,1799.99975585,public-waveform-fixed-slice
BD-0008,252,1.01199993,-0.30506685,0.00670146,0.99618679,1799.99975585,public-waveform-fixed-slice
BD-0008,253,1.01599993,-0.68835222,0.11927008,0.99281084,1799.99975585,public-waveform-fixed-slice
BD-0008,254,1.01999993,-0.21254234,-0.03383088,0.93459796,1799.99975585,public-waveform-fixed-slice
BD-0008,255,1.02399992,-0.50762856,0.04037165,0.98338514,1799.99975585,public-waveform-fixed-slice
BD-0008,256,1.02799992,-0.18737187,-0.03478431,0.92768025,1799.99975585,public-waveform-fixed-slice
